<?xml version="1.0" encoding="utf-8"?>
<COLLADA xmlns="http://www.collada.org/2005/11/COLLADASchema" version="1.4.1" xmlns:xsi="http://www.w3.org/2001/XMLSchema-instance">
  <asset>
    <contributor>
      <author>Blender User</author>
      <authoring_tool>Blender 3.6.19 commit date:2024-12-16, commit time:12:51, hash:56679ff9b2b2</authoring_tool>
    </contributor>
    <created>2026-07-17T08:40:42</created>
    <modified>2026-07-17T08:40:42</modified>
    <unit name="meter" meter="1"/>
    <up_axis>Z_UP</up_axis>
  </asset>
  <library_effects>
    <effect id="Sash-effect">
      <profile_COMMON>
        <technique sid="common">
          <lambert>
            <emission>
              <color sid="emission">0 0 0 1</color>
            </emission>
            <diffuse>
              <color sid="diffuse">0.86 0.74 0.64 1</color>
            </diffuse>
            <reflectivity>
              <float sid="specular">0.5</float>
            </reflectivity>
          </lambert>
        </technique>
      </profile_COMMON>
    </effect>
  </library_effects>
  <library_images/>
  <library_materials>
    <material id="Sash-material" name="Sash">
      <instance_effect url="#Sash-effect"/>
    </material>
  </library_materials>
  <library_geometries>
    <geometry id="GanondorfSash_LOD1-mesh" name="GanondorfSash_LOD1">
      <mesh>
        <source id="GanondorfSash_LOD1-mesh-positions">
          <float_array id="GanondorfSash_LOD1-mesh-positions-array" count="555">0.1512216 0 1.154148 0.02775132 -0.1718457 1.139101 0.1499739 0.04386568 1.11704 -0.1260496 -0.1298407 1.038006 -0.0539202 -0.139691 1.153627 0.1510126 -0.01250612 1.03212 0.002241015 -0.1667116 1.139036 -0.1249614 -0.07311165 1.139005 -0.05751258 0.1377315 1.154145 -0.01164358 0.1575362 1.141183 0.006374239 0.1662774 1.126373 -0.1242589 0.0721848 1.141016 -0.1542668 0.08890473 1.052203 0.009015738 0.1770029 1.056303 -0.1379395 0.1136887 1.037912 0.1225073 -0.1077776 1.136247 0.00314337 -0.187975 1.000647 0.1173804 -0.1124655 1.025923 0.00314337 0.187975 1.000647 -0.1552053 0.02466708 1.032428 -0.1238632 -0.01792865 1.137743 -0.156906 0.03353124 1.071198 -0.1339324 -0.04295665 1.124328 0.1435307 0.003198742 1.076164 -0.121022 0.1329459 1.037204 0.1092335 0.111684 1.089879 0.1456251 0.07089877 1.1042 0.08351856 0.1476297 1.082223 0.1392013 -0.04391175 1.077098 -0.1290439 9.02744e-5 1.110329 0.0178858 0.1735066 1.147653 -0.04952996 -0.1407958 1.122167 0.08045238 -0.1546034 1.114006 -0.1208993 0.09617942 1.125671 -0.1042853 -0.110804 1.140291 -0.09982484 -0.1239733 1.112345 -0.1571493 0.06690078 1.037649 0.115592 -0.1171528 0.9918306 0.07397842 0.1854294 1.00506 -0.1445062 -0.01536571 1.093923 -0.1569689 -0.02075994 1.06722 -0.08305329 -0.1551178 1.029549 -0.1498715 -0.05151849 1.09202 0.07260477 -0.1722518 1.049128 0.1046164 -0.1562904 0.9879861 0.05617344 0.1898906 1.00615 -0.1242472 0.0218715 1.139175 -0.1435051 -2.63559e-4 1.073141 -0.1280537 0.1229039 1.060615 0.08199548 -0.1493925 1.083073 0.04078125 -0.1705043 1.096572 -0.05111306 0.1630047 1.037167 -0.01323252 0.1819614 1.008408 -0.09720891 0.1383314 1.075407 -0.01323252 -0.1819614 1.008408 -0.1530869 0.01169455 1.063097 -0.08307772 0.1551878 1.029567 -0.1535171 -0.01006668 1.036293 0.146337 0.04676157 1.025081 0.145714 -0.04238897 1.013506 0.05651825 -0.1679247 1.089527 -0.1483514 -0.002025365 1.037237 0.1283254 -0.07853788 1.086638 -0.02937918 0.1720327 1.027864 0.1282234 0.09330826 1.11746 -0.05109912 -0.1629679 1.037157 -0.1428896 0.06768614 1.10286 0.121997 0.08871626 0.9794873 0.1189526 0.1025174 0.9872283 -0.1449798 0.01424664 1.091492 0.0135641 -0.1678949 1.128652 0.1511723 -0.03572851 1.12227 -0.1350861 0.1005057 1.09586 -0.1500111 -0.06830364 1.08536 -0.1221786 -0.1296824 1.055634 -0.1044721 0.1106669 1.140304 0.1293924 -0.08427518 1.010044 -0.1221604 -0.09543812 1.124329 -0.03786325 0.14594 1.117759 0.1328024 0.08195954 1.021279 0.1189526 -0.1025174 0.9872283 0.0500555 0.1710141 1.086636 0.005984306 0.165116 1.140104 -0.1467518 -1.95177e-5 1.038977 -0.09845697 0.1234406 1.1144 0.1051206 -0.1458383 1.033155 -0.0946471 -0.1430071 1.062043 0.1216489 -0.0888043 0.9744361 0.1219969 -0.08871632 0.9794873 0.119743 0.08842462 0.9757409 0.0763778 0.1560398 1.107882 -0.06331938 -0.1597105 1.035547 -0.1351435 -0.09988903 1.095741 -0.1483283 0.002014458 1.037244 0.01830142 -0.1782202 1.062149 -0.1535243 0.01005434 1.036292 0.1283579 -0.0807625 1.063006 0.1430058 -0.002112209 0.9946805 -0.09581607 0.1505315 1.030065 -0.09580409 -0.1505095 1.030059 0.1498767 0.06278568 1.077254 0.09708648 -0.1309552 1.086676 -0.1238732 0.05569344 1.154896 0.1055837 0.1458772 1.031536 0.122325 0.08371651 0.9831544 0.1350266 0.05397832 0.9832306 0.1316446 0.06717181 0.9754068 0.1046164 0.1562904 0.987986 -0.1572092 -0.03597784 1.051035 0.1316407 -0.06717175 0.975407 0.1205238 0.1042861 1.022268 0.1223422 -0.08372193 0.9831495 0.1153538 0.1169647 0.9917927 0.1414204 0.01761454 0.9906216 0.1385359 -0.07081407 1.032741 0.1347616 -0.05370038 0.9833533 0.07258903 0.1722434 1.049182 0.05617344 -0.1898906 1.00615 0.1540565 0.00994879 1.131993 0.0736078 -0.1851947 1.005023 -0.1579205 0.06124126 1.067246 -0.1566802 -0.06649398 1.037651 -0.1352623 0.03588217 1.120637 -0.1534602 -0.09171843 1.0522 0.1397816 -0.02601331 0.9882706 -0.1211578 -0.07415241 1.157521 0.08932638 -0.1539197 1.155303 -0.1113823 -0.09388512 1.157268 0.09710055 -0.1462769 1.153806 -0.003316283 -0.1654635 1.148023 0.08682829 0.1563798 1.155359 0.08026015 -0.161063 1.153634 -0.08985042 0.1186716 1.158718 -0.0187993 -0.157788 1.154223 -0.1276946 0.02339917 1.154646 -0.1115062 0.09374248 1.157271 -0.127688 -0.02336716 1.154648 -0.03565943 -0.1484702 1.152528 -0.121405 0.07371836 1.157476 -0.1293133 -0.003110587 1.15903 0.02985256 0.1751419 1.15152 0.1498756 -0.03167414 1.151101 0.1419876 -0.06109023 1.153921 0.060606 0.1697965 1.149024 -0.08575159 -0.1218798 1.158476 0.02602595 0.1718149 1.140317 0.1499804 0.03251236 1.151069 -0.01113051 0.1601908 1.153042 0.1140388 -0.1224976 1.14587 0.127732 0.09903061 1.154834 -0.1229984 -0.05761229 1.154793 0.1410523 0.06367057 1.154051 -0.03477048 0.1486563 1.15202 0.1143166 0.1226831 1.145825 0.0970776 0.1462556 1.15381 0.1277311 -0.09870171 1.15493 0.05837255 -0.1710513 1.148984 0.0178191 -0.1731391 1.147728 -0.02937918 -0.1720327 1.027864 0.008583962 -0.1671547 1.125999 0.02904874 0.1703036 1.10694 0.02210313 -0.1930848 0.9997877 0.02208852 0.193174 0.9998081 0.00788778 0.1660663 1.131126 -0.001360177 0.1643502 1.147598 0.02970254 -0.1752603 1.151633 -0.1288193 0.008595526 1.158136 -0.1259769 -0.04286962 1.155212 -0.01066768 -0.1623196 1.153278 0.1074694 -0.1326063 1.147251 0.02046716 -0.1740177 1.150456 0.1079177 0.1326462 1.147128 0.02060031 0.173984 1.150416 0.1295095 -0.07166951 0.9758509 0.1205695 -0.09259176 0.9796398 0.09697276 -0.1688978 0.9920122 0.1106041 -0.1422199 0.9881301 0.1295095 0.07166951 0.9758509 0.09730952 0.1689091 0.991985 0.1106041 0.1422199 0.9881301 -0.03914165 0.1672633 1.034802 -0.06332737 0.1597375 1.035554 0.1391491 0.0855261 1.078554 -0.1547196 -0.02473217 1.03242 -0.03914165 -0.1672633 1.034802</float_array>
          <technique_common>
            <accessor source="#GanondorfSash_LOD1-mesh-positions-array" count="185" stride="3">
              <param name="X" type="float"/>
              <param name="Y" type="float"/>
              <param name="Z" type="float"/>
            </accessor>
          </technique_common>
        </source>
        <source id="GanondorfSash_LOD1-mesh-normals">
          <float_array id="GanondorfSash_LOD1-mesh-normals-array" count="555">-0.4191453 0.9069371 0.04221832 -0.4370303 0.8727437 -0.2175389 -0.4147509 0.9054828 -0.08990335 -0.4254201 0.8818315 -0.2034477 -0.3695591 0.9259726 -0.0774666 -0.5551844 0.6832391 -0.4742939 -0.6812416 0.6935982 0.2341614 -0.5781872 0.8087882 0.107524 -0.8275439 0.4961265 0.2627353 -0.9434466 0.3026189 0.1353902 -0.9298194 0.2433185 0.2761017 -0.9789442 0.07994019 0.187824 -0.97232 0.06838452 -0.2234222 -0.9934765 -0.07432979 0.0864849 -0.9708926 0.00376904 -0.239486 -0.9961715 0.05754935 0.06580764 -0.9684922 -0.05506366 -0.2428805 -0.9273444 -0.1587509 -0.3388667 -0.9224367 -0.2402692 0.3022935 -0.9419367 -0.2850601 0.1774713 -0.9778848 -0.06858628 0.197579 -0.8152626 -0.5076243 0.2786836 -0.6752797 -0.6920417 0.2550995 -0.5534275 -0.8308767 0.05798268 -0.8015457 -0.4911369 0.3410412 -0.4731051 -0.8644421 -0.1700344 -0.2940312 -0.9555872 0.01997107 -0.5092421 -0.8330688 -0.2160299 -0.4957348 -0.8477817 -0.1884501 0.9926218 -0.01485651 0.1203386 0.999534 0.02451777 -0.0181877 0.9813346 0.1707103 0.08854657 0.9933899 0.114361 0.009911656 0.9765052 -0.1976277 -0.085913 0.9854435 -0.1530412 0.07402318 0.9441975 -0.3292222 0.01019191 0.9113966 -0.4091275 -0.04439353 0.8723951 -0.4780125 -0.1021323 0.8052641 -0.5918074 -0.03624665 0.7142103 -0.6851266 -0.1431967 0.5745799 -0.812128 -0.1015198 0.7821766 -0.6052767 -0.1477843 0.2368519 -0.9315348 -0.2759427 0.03376275 -0.9838353 -0.1758646 0.6583818 -0.7415128 -0.1291984 0.9370502 0.3414741 0.0730232 0.9134362 0.393109 0.105355 0.8277611 0.5610632 -0.004438996 0.6154583 0.6832002 -0.3929995 0.7617358 0.6251613 -0.1700941 0.6129767 0.7747184 -0.155148 0.02707499 0.980229 -0.1960058 -0.03099972 0.9736803 -0.2258002 -0.01262092 0.9883159 -0.1518965 0.0492323 0.9527457 -0.2997531 0.2678474 0.9385227 -0.2177913 0.9035412 -0.4021995 -0.1478139 0.9383187 -0.3397882 -0.06404799 0.9568633 -0.2315865 -0.1754434 0.947676 -0.2087827 -0.2414954 0.9609659 -0.2520874 -0.114003 0.9147496 -0.3990042 0.06347435 0.9371997 -0.339849 -0.0784831 0.9188598 -0.3815634 -0.1005293 0.9571293 -0.2878371 0.03245526 0.983318 -0.1817689 -0.006775975 0.860004 -0.4552659 0.2304909 0.8037479 -0.558296 0.2056578 0.6752902 -0.2437594 0.6961066 0.5180073 -0.8126365 0.2670024 0.4790596 -0.8392612 0.2571823 0.1733869 -0.9535911 0.2461727 0.1115993 -0.9871787 0.1141227 0.385603 -0.9104814 0.1494456 -0.1552699 -0.9644854 0.2136805 -0.1038676 -0.9704465 0.2178192 -0.2654291 -0.9383434 0.221493 -0.2450001 -0.9452711 0.2154938 -0.1638903 -0.9847155 -0.05895352 0.5322458 0.8436749 -0.07019335 0.2839927 0.9444651 0.1653299 -0.06511366 0.9970892 0.03966665 -0.2436118 0.9698191 0.01021546 -0.2480995 0.9640841 0.09480857 0.8636553 0.4518144 0.2235245 0.7270606 0.6803597 0.09216153 0.898537 0.4382976 -0.02294468 0.528407 0.8025671 0.2768974 0.8072941 0.5536585 0.2043005 -0.1827722 0.9589172 0.2169616 -0.2662937 0.9384176 0.2201369 -0.1010345 0.9677035 0.2309591 -0.250631 0.946267 0.2043603 0.162662 0.9535374 0.2535896 0.4768194 0.8379644 0.2654411 0.769427 0.6372157 -0.04402619 0.8918241 0.4201577 -0.1676827 0.9289534 0.3533913 -0.1102738 0.9291491 0.3574579 -0.09437119 0.6761668 0.2360138 0.6979226 0.8435444 0.363026 0.3957843 0.9525789 0.304074 0.01151394 0.7986876 0.5653382 -0.2061333 0.9868394 0.1531215 -0.051979 -0.8280268 -0.5578386 0.0564602 -0.9944843 -0.0188145 0.1031842 -0.9152045 -0.3807972 0.1318871 -0.9436676 -0.3302721 0.02029234 -0.9737914 -0.1004498 0.2040596 -0.9771057 0.09896934 0.1883336 -0.9961182 -0.08460748 -0.02429503 -0.9915246 0.09663659 -0.08683562 -0.8721068 -0.3168781 0.3728512 -0.9654527 0.00187087 0.2605721 -0.8306818 0.5471161 0.1031113 -0.9617071 0.219501 0.1641308 -0.9241005 -0.00837934 0.3820576 -0.9112243 -0.1074408 0.3976517 -0.9039086 0.1642833 0.3949181 -0.9255837 0.3784831 -0.006739854 -0.7849256 0.5090963 0.353147 -0.7955871 0.5015906 0.3397768 -0.675095 0.7108753 0.1972388 -0.8080647 0.5887693 0.01955032 -0.526025 0.8059985 0.2714115 -0.4216371 0.8673954 0.2642866 -0.5986083 0.7849314 0.1598467 -0.3677494 0.9222788 0.1190057 -0.4063622 0.8853859 0.2257468 -0.2909482 0.926901 0.2370736 -0.285 0.9262885 0.2465047 -0.3039555 0.9206829 0.2448552 0.9761831 8.48299e-4 -0.2169469 0.9752866 0.07403016 -0.2081722 0.9991424 -0.04140758 -2.79913e-4 0.9568507 -0.08265382 -0.2785769 0.9709168 -0.1939622 -0.1403542 0.9355386 -0.3522254 0.02654892 0.900618 -0.4184634 0.1173703 0.908439 -0.4121168 -0.06998771 0.7203238 -0.6858713 0.1035101 0.9739724 -0.2253665 -0.0242449 0.9987664 -0.04211556 -0.026304 0.9777026 0.1647675 -0.1301898 0.9643725 0.2064836 -0.1653794 0.8122034 0.583316 -0.008253097 0.8384718 0.5278238 -0.1355257 0.9085752 0.4145316 -0.05152338 0.9804362 0.1912977 -0.04637044 -0.8660528 0.3042662 0.3967049 -0.9999791 -9.32872e-4 0.006409287 -0.9429875 -0.02959734 0.33151 -0.9932685 -0.1099732 -0.03638237 -0.9931146 0.07751601 -0.08783316 -0.9220146 -0.3828938 -0.05728429 -0.6628048 -0.741276 0.1058295 -0.6107149 -0.7666662 0.198117 -0.9095529 0.07573151 0.4086297 -0.7876889 -0.5027701 0.3560457 -0.9414311 -0.1773442 0.2868043 -0.5301908 -0.8020477 0.2749859 -0.3916293 -0.8870348 0.2445318 -0.3567696 -0.9293057 0.09542727 -0.4237377 -0.9053913 0.0267027 -0.2832883 -0.9264349 0.2479236 -0.2827731 -0.9261605 0.2495321 -0.2885121 -0.9268391 0.2402714 -0.4071447 -0.8858429 0.2225209 -0.3026009 -0.9233903 0.2361842 -0.9225205 0.009458959 -0.3858323 -0.4293447 -0.9011539 -0.05987322 -0.4947077 -0.8493825 -0.1838853 0.8361923 -0.5407777 -0.09133499 0.0203498 -0.9638167 -0.2657881 -0.08777135 -0.9665044 -0.241175 -0.07855802 -0.9686519 -0.2356742 0.5403495 -0.8308926 -0.1328157 0.8909968 -0.4012524 0.2124175 0.8201646 -0.3536221 0.4497572 0.6873359 0.6898276 -0.2273923 0.8905528 0.4016656 0.213496 -0.2813854 0.9283296 0.2429535 -0.2838263 0.9243003 0.2551696 -0.937669 0.3471886 0.01538938 -0.2794413 -0.9276355 0.2478004</float_array>
          <technique_common>
            <accessor source="#GanondorfSash_LOD1-mesh-normals-array" count="185" stride="3">
              <param name="X" type="float"/>
              <param name="Y" type="float"/>
              <param name="Z" type="float"/>
            </accessor>
          </technique_common>
        </source>
        <source id="GanondorfSash_LOD1-mesh-map-0">
          <float_array id="GanondorfSash_LOD1-mesh-map-0-array" count="1536">0.3119195 1.014347 0.2866476 1.015079 0.2614643 0.9394274 0.2614643 0.9394274 0.2613863 1.015725 0.2443032 0.9315022 0.2613863 1.015725 0.2513172 0.983433 0.2443032 0.9315022 0.3119195 1.014347 0.3705322 0.9304847 0.3531166 1.057477 0.3705322 0.9304847 0.3887399 1.050647 0.3531166 1.057477 0.4130373 1.050798 0.4146686 0.920231 0.4338732 1.03801 0.471107 1.034486 0.4736634 0.9201357 0.4894146 1.055738 0.5208972 0.9083706 0.5288527 1.034525 0.4894146 1.055738 0.5208972 0.9083706 0.5522037 1.035946 0.5288527 1.034525 0.5845052 0.9268963 0.5873396 1.050307 0.5680785 1.039949 0.5845052 0.9268963 0.6114645 1.050723 0.5873396 1.050307 0.6114645 1.050723 0.6297817 0.9277538 0.6523965 1.054278 0.5845052 0.9268963 0.6089276 0.8235506 0.6114645 1.050723 0.7311268 1.029126 0.7583711 0.8365585 0.7521027 0.9243891 0.7468106 0.9863664 0.7311268 1.029126 0.7521027 0.9243891 0.2169178 1.025424 0.3967896 0.866516 0.0338934 1.010875 0.0338934 1.010875 0.3967896 0.866516 0.04706782 0.7928518 0.9634303 0.8145093 0.9669411 1.010834 0.9356953 1.026338 0.9634303 0.8145093 0.8959119 1.028803 0.8845488 0.8622395 0.8598169 0.5979235 0.8436966 1.025678 0.8239461 0.7743557 0.8845488 0.8622395 0.8580285 0.9810431 0.8598169 0.5979235 0.8239461 0.7743557 0.8022917 0.9945588 0.7749935 0.9244343 0.8239461 0.7743557 0.8436966 1.025678 0.834317 1.036569 0.06692564 1.027549 0.04706782 0.7928518 0.07336115 0.6892625 0.07336115 0.6892625 0.1053392 0.7389405 0.06692564 1.027549 0.1563032 1.025676 0.1419745 0.9805616 0.1688712 1.033331 0.2332566 0.9864799 0.2312294 1.002867 0.2265439 0.93488 0.2265439 0.93488 0.2230949 1.008057 0.1944538 0.994212 0.9075169 0.0338999 0.9266361 -0.2057387 0.9411253 -0.1499431 0.9066988 -0.1557432 0.9266361 -0.2057387 0.9075169 0.0338999 0.901961 -0.1759496 0.9075169 0.0338999 0.8795425 0.1376971 0.8795425 0.1376971 0.9014981 -0.2105194 0.901961 -0.1759496 0.8795425 0.1376971 0.8978348 -0.1748981 0.9014981 -0.2105194 0.8795425 0.1376971 0.8762194 -0.09353762 0.8887295 -0.1225636 0.8762194 -0.09353762 0.8485961 0.2191492 0.8339217 -0.08909219 0.8339217 -0.08909219 0.8570575 -0.1163442 0.8762194 -0.09353762 0.8118782 0.3106297 0.8101063 -0.001597881 0.8339217 -0.08909219 0.7956897 0.007933497 0.8118782 0.3106297 0.7860392 0.6230406 0.7860392 0.6230406 0.8118782 0.3106297 0.8041164 0.5872142 0.7635527 0.3973887 0.7860392 0.6230406 0.7583711 0.8365585 0.7685652 -0.03416216 0.7387911 0.02554476 0.7526811 -0.03002268 0.7860392 0.6230406 0.7635527 0.3973887 0.7685652 -0.03416216 0.7685652 -0.03416216 0.7956897 0.007933497 0.7860392 0.6230406 0.7626952 0.8507489 0.7860392 0.6230406 0.7749935 0.9244343 0.7860392 0.6230406 0.7626952 0.8507489 0.7583711 0.8365585 0.7860392 0.6230406 0.8041164 0.5872142 0.7749935 0.9244343 0.8041164 0.5872142 0.8239461 0.7743557 0.7749935 0.9244343 0.1944538 0.994212 0.1795991 0.7535362 0.2265439 0.93488 0.1688712 1.033331 0.1795991 0.7535362 0.1944538 0.994212 0.1795991 0.7535362 0.1982293 0.5531677 0.2265439 0.93488 0.1982293 0.5531677 0.2173817 0.6911396 0.2265439 0.93488 0.2265439 0.93488 0.2426278 0.8698439 0.2443197 0.9315011 0.2436771 0.8401014 0.2426278 0.8698439 0.2173817 0.6911396 0.1503338 0.2128223 0.1661067 0.5296431 0.1195779 0.1339999 0.1661067 0.5296431 0.188131 0.310927 0.1982293 0.5531677 0.188131 0.310927 0.1503338 0.2128223 0.1660769 -0.08904308 0.2419784 0.3627113 0.2173817 0.6911396 0.1982293 0.5531677 0.2173817 0.6911396 0.2419784 0.3627113 0.2436771 0.8401014 0.261209 0.02554452 0.2314265 -0.03411716 0.2473188 -0.03002268 0.2043103 0.007933497 0.2314265 -0.03411716 0.1982293 0.5531677 0.188131 0.310927 0.2043103 0.007933497 0.1982293 0.5531677 0.1897388 -0.002102136 0.188131 0.310927 0.1660769 -0.08904308 0.1195779 0.1339999 0.1661067 0.5296431 0.126817 0.5990771 0.08745473 0.1039346 0.09330415 -0.1557366 0.1195779 0.1339999 0.0733633 -0.2057357 0.09330415 -0.1557366 0.08745473 0.1039346 0.1660769 -0.08904308 0.1429426 -0.1163442 0.1543359 -0.1173381 0.1195779 0.1339999 0.1236763 -0.09348309 0.1503338 0.2128223 0.1503338 0.2128223 0.1236763 -0.09348309 0.1660769 -0.08904308 0.1195779 0.1339999 0.09912157 -0.2046659 0.1112706 -0.1225632 0.4979139 0.2227665 0.4998169 0.2346066 0.4865056 0.4023381 0.4865056 0.4023381 0.4893444 0.2170351 0.4979139 0.2227665 0.4893444 0.2170351 0.4865056 0.4023381 0.4657342 0.4627642 0.4402143 0.420839 0.4751023 0.1911088 0.4657342 0.4627642 0.4357838 0.2221155 0.4751023 0.1911088 0.4402143 0.420839 0.4839913 0.592688 0.4657342 0.4627642 0.4865056 0.4023381 0.4865056 0.4023381 0.4998169 0.2346066 0.5030619 0.4785895 0.4998169 0.2346066 0.5021053 0.2227532 0.5224599 0.4200724 0.4839913 0.592688 0.5030619 0.4785895 0.4985751 0.7398443 0.4865056 0.4023381 0.5030619 0.4785895 0.4839913 0.592688 0.4736634 0.9201357 0.4608108 0.7788413 0.4985751 0.7398443 0.4608108 0.7788413 0.4657342 0.4627642 0.4839913 0.592688 0.4291633 0.6684373 0.4608108 0.7788413 0.4146686 0.920231 0.4402143 0.420839 0.416057 0.3367777 0.4357838 0.2221155 0.4291633 0.6684373 0.4402143 0.420839 0.4657342 0.4627642 0.3978065 0.6072604 0.4291633 0.6684373 0.3900862 0.8319562 0.4338732 1.03801 0.4146686 0.920231 0.4608108 0.7788413 0.416057 0.3367777 0.3778859 0.4050254 0.3902624 0.2258667 0.3900862 0.8319562 0.3577226 0.7473862 0.3978065 0.6072604 0.3705322 0.9304847 0.3577226 0.7473862 0.3900862 0.8319562 0.3119195 1.014347 0.3577226 0.7473862 0.3705322 0.9304847 0.3778859 0.4050254 0.3485548 0.4907948 0.367533 0.2221 0.3577226 0.7473862 0.3485548 0.4907948 0.3778859 0.4050254 0.3577226 0.7473862 0.2897349 0.7503963 0.3485548 0.4907948 0.3119195 1.014347 0.2897349 0.7503963 0.3577226 0.7473862 0.2897349 0.7503963 0.3119195 1.014347 0.2614643 0.9394274 0.2436771 0.8401014 0.2897349 0.7503963 0.2614643 0.9394274 0.2436771 0.8401014 0.2419784 0.3627113 0.2897349 0.7503963 0.3485548 0.4907948 0.340191 0.1741151 0.367533 0.2221 0.261209 0.02554452 0.2769203 0.1576851 0.2419784 0.3627113 0.2769203 0.1576851 0.2897349 0.7503963 0.2419784 0.3627113 0.2983605 0.2218418 0.3485548 0.4907948 0.2897349 0.7503963 0.3485548 0.4907948 0.3282998 0.1710504 0.340191 0.1741151 0.1590833 -0.0742945 0.01928782 -0.09772264 0.5905336 0.2197899 0.9713928 -0.1153749 0.9539933 0.06770086 0.9411253 -0.1499431 0.9539933 0.06770086 0.1590833 -0.0742945 0.5905336 0.2197899 0.9220284 0.1903239 0.9539933 0.06770086 0.5905336 0.2197899 0.9075169 0.0338999 0.9539933 0.06770086 0.9220284 0.1903239 0.8795425 0.1376971 0.9144466 0.4121587 0.8598169 0.5979235 0.9220284 0.1903239 0.8795425 0.1376971 0.9075169 0.0338999 0.9144466 0.4121587 0.8795425 0.1376971 0.9220284 0.1903239 0.9171681 0.5867276 0.8845488 0.8622395 0.8598169 0.5979235 0.8598169 0.5979235 0.8311434 0.5228904 0.8795425 0.1376971 0.8311434 0.5228904 0.8485961 0.2191492 0.8795425 0.1376971 0.8118782 0.3106297 0.8311434 0.5228904 0.8041164 0.5872142 0.8485961 0.2191492 0.8118782 0.3106297 0.8339217 -0.08909219 0.9553118 0.5020905 0.9144466 0.4121587 0.9220284 0.1903239 0.5905336 0.2197899 0.9553118 0.5020905 0.9220284 0.1903239 0.3590588 0.537679 0.5905336 0.2197899 0.05048137 0.1138594 0.05048137 0.1138594 0.01928782 -0.09772264 0.05912691 -0.1502428 0.08745473 0.1039346 0.05048137 0.1138594 0.05912691 -0.1502428 0.1195779 0.1339999 0.126817 0.5990771 0.08578944 0.4974042 0.1053392 0.7389405 0.1312003 0.9750481 0.1044061 1.028353 0.126817 0.5990771 0.1419745 0.9805616 0.1053392 0.7389405 0.1419745 0.9805616 0.1795991 0.7535362 0.1688712 1.033331 0.1661067 0.5296431 0.1419745 0.9805616 0.126817 0.5990771 0.9634303 0.8145093 0.9171681 0.5867276 0.9553118 0.5020905 0.9553118 0.5020905 0.3590588 0.537679 0.9634303 0.8145093 0.9634303 0.8145093 0.3590588 0.537679 0.3967896 0.866516 0.3967896 0.866516 0.3590588 0.537679 0.04706782 0.7928518 0.06346845 0.466219 0.3590588 0.537679 0.05048137 0.1138594 0.04706782 0.7928518 0.3590588 0.537679 0.06346845 0.466219 0.07336115 0.6892625 0.06346845 0.466219 0.08578944 0.4974042 0.04706782 0.7928518 0.06346845 0.466219 0.07336115 0.6892625 0.08745473 0.1039346 0.06346845 0.466219 0.05048137 0.1138594 0.1053392 0.7389405 0.08578944 0.4974042 0.126817 0.5990771 0.1053392 0.7389405 0.07336115 0.6892625 0.08578944 0.4974042 0.4608108 0.7788413 0.4736634 0.9201357 0.4338732 1.03801 0.5030619 0.4785895 0.5224599 0.4200724 0.5191698 0.6078117 0.5224599 0.4200724 0.5360953 0.3100881 0.5512101 0.6029445 0.5639211 0.2220059 0.5360953 0.3100881 0.5248486 0.1904492 0.5851472 0.3451778 0.5360953 0.3100881 0.5639211 0.2220059 0.6274219 0.2231769 0.5851472 0.3451778 0.5639211 0.2220059 0.6262723 0.3830587 0.5851472 0.3451778 0.6274219 0.2231769 0.5208972 0.9083706 0.4736634 0.9201357 0.4985751 0.7398443 0.4894146 1.055738 0.4736634 0.9201357 0.5208972 0.9083706 0.4985751 0.7398443 0.5191698 0.6078117 0.5445232 0.810037 0.5224599 0.4200724 0.5512101 0.6029445 0.5191698 0.6078117 0.5851472 0.3451778 0.6011772 0.5989113 0.5718005 0.5475623 0.5718005 0.5475623 0.6011772 0.5989113 0.6089276 0.8235506 0.6089276 0.8235506 0.6011772 0.5989113 0.64465 0.7236762 0.6552511 0.403851 0.7007606 0.7470036 0.64465 0.7236762 0.7583711 0.8365585 0.7007606 0.7470036 0.7635527 0.3973887 0.6920064 1.016401 0.64465 0.7236762 0.7007606 0.7470036 0.64465 0.7236762 0.6297817 0.9277538 0.6089276 0.8235506 0.5845052 0.9268963 0.5718005 0.5475623 0.6089276 0.8235506 0.5718005 0.5475623 0.5845052 0.9268963 0.5512101 0.6029445 0.5512101 0.6029445 0.5845052 0.9268963 0.5445232 0.810037 0.5845052 0.9268963 0.5680785 1.039949 0.5445232 0.810037 0.5445232 0.810037 0.5680785 1.039949 0.5208972 0.9083706 0.5445232 0.810037 0.5208972 0.9083706 0.4985751 0.7398443 0.6552511 0.403851 0.6262723 0.3830587 0.6274219 0.2231769 0.7016395 0.221843 0.6552511 0.403851 0.6899287 0.2107188 0.7007606 0.7470036 0.7230798 0.1576851 0.7635527 0.3973887 0.7230798 0.1576851 0.7387911 0.02554476 0.7635527 0.3973887 0.6552511 0.403851 0.6598106 0.1741124 0.6717008 0.1710515 0.6598106 0.1741124 0.6552511 0.403851 0.6274219 0.2231769 0.2614643 0.9394274 0.2866476 1.015079 0.2613863 1.015725 0.3705322 0.9304847 0.3900862 0.8319562 0.3887399 1.050647 0.4146686 0.920231 0.3887399 1.050647 0.3900862 0.8319562 0.4146686 0.920231 0.4130373 1.050798 0.3887399 1.050647 0.4736634 0.9201357 0.471107 1.034486 0.4338732 1.03801 0.4894146 1.055738 0.5288527 1.034525 0.5037791 1.059796 0.5208972 0.9083706 0.5680785 1.039949 0.5522037 1.035946 0.6114645 1.050723 0.6089276 0.8235506 0.6297817 0.9277538 0.6920064 1.016401 0.6523965 1.054278 0.6297817 0.9277538 0.7123696 1.018675 0.6920064 1.016401 0.7007606 0.7470036 0.7311268 1.029126 0.7123696 1.018675 0.7583711 0.8365585 0.7007606 0.7470036 0.7583711 0.8365585 0.7123696 1.018675 0.7468106 0.9863664 0.7395553 1.02261 0.7311268 1.029126 0.2169178 1.025424 0.9669411 1.010834 0.3967896 0.866516 0.9634303 0.8145093 0.3967896 0.866516 0.9669411 1.010834 0.9356953 1.026338 0.8959119 1.028803 0.9634303 0.8145093 0.8598169 0.5979235 0.8580285 0.9810431 0.8436966 1.025678 0.8845488 0.8622395 0.8687989 0.9750539 0.8580285 0.9810431 0.8959119 1.028803 0.8687989 0.9750539 0.8845488 0.8622395 0.7767745 1.008965 0.7686481 1.003146 0.7749935 0.9244343 0.7666395 0.9863138 0.7749935 0.9244343 0.7686481 1.003146 0.7749935 0.9244343 0.8022917 0.9945588 0.7767745 1.008965 0.8239505 1.026312 0.8022917 0.9945588 0.8239461 0.7743557 0.8239461 0.7743557 0.834317 1.036569 0.8239505 1.026312 0.06692564 1.027549 0.0338934 1.010875 0.04706782 0.7928518 0.1044061 1.028353 0.06692564 1.027549 0.1053392 0.7389405 0.2265439 0.93488 0.2312294 1.002867 0.2230949 1.008057 0.9066988 -0.1557432 0.9212708 -0.2010284 0.9266361 -0.2057387 0.901961 -0.1759496 0.9066988 -0.1557432 0.9075169 0.0338999 0.8795425 0.1376971 0.8887295 -0.1225636 0.8978348 -0.1748981 0.8795425 0.1376971 0.8485961 0.2191492 0.8762194 -0.09353762 0.8339217 -0.08909219 0.8456641 -0.1173373 0.8570575 -0.1163442 0.7956897 0.007933497 0.8101063 -0.001597881 0.8118782 0.3106297 0.7685652 -0.03416216 0.7635527 0.3973887 0.7387911 0.02554476 0.8041164 0.5872142 0.8311434 0.5228904 0.8239461 0.7743557 0.1982293 0.5531677 0.1795991 0.7535362 0.1661067 0.5296431 0.2265439 0.93488 0.2173817 0.6911396 0.2426278 0.8698439 0.1661067 0.5296431 0.1503338 0.2128223 0.188131 0.310927 0.261209 0.02554452 0.2419784 0.3627113 0.2314265 -0.03411716 0.1982293 0.5531677 0.2314265 -0.03411716 0.2419784 0.3627113 0.188131 0.310927 0.1897388 -0.002102136 0.2043103 0.007933497 0.1195779 0.1339999 0.09330415 -0.1557366 0.09803891 -0.1759496 0.0733633 -0.2057357 0.07872915 -0.2010284 0.09330415 -0.1557366 0.08745473 0.1039346 0.05912691 -0.1502428 0.0733633 -0.2057357 0.1660769 -0.08904308 0.1236763 -0.09348309 0.1429426 -0.1163442 0.1195779 0.1339999 0.1112706 -0.1225632 0.1236763 -0.09348309 0.1195779 0.1339999 0.09803891 -0.1759496 0.09912157 -0.2046659 0.4751023 0.1911088 0.4893444 0.2170351 0.4657342 0.4627642 0.5224599 0.4200724 0.5030619 0.4785895 0.4998169 0.2346066 0.4985751 0.7398443 0.4608108 0.7788413 0.4839913 0.592688 0.4608108 0.7788413 0.4291633 0.6684373 0.4657342 0.4627642 0.3902624 0.2258667 0.4357838 0.2221155 0.416057 0.3367777 0.4291633 0.6684373 0.3978065 0.6072604 0.4402143 0.420839 0.416057 0.3367777 0.4402143 0.420839 0.3978065 0.6072604 0.4146686 0.920231 0.3900862 0.8319562 0.4291633 0.6684373 0.416057 0.3367777 0.3978065 0.6072604 0.3778859 0.4050254 0.3778859 0.4050254 0.3978065 0.6072604 0.3577226 0.7473862 0.367533 0.2221 0.3902624 0.2258667 0.3778859 0.4050254 0.2897349 0.7503963 0.2865858 0.2055291 0.2983605 0.2218418 0.2769203 0.1576851 0.2865858 0.2055291 0.2897349 0.7503963 0.3485548 0.4907948 0.3100714 0.2107184 0.3282998 0.1710504 0.2983605 0.2218418 0.3100714 0.2107184 0.3485548 0.4907948 0.9713928 -0.1153749 0.1590833 -0.0742945 0.9539933 0.06770086 0.9075169 0.0338999 0.9411253 -0.1499431 0.9539933 0.06770086 0.8598169 0.5979235 0.9144466 0.4121587 0.9171681 0.5867276 0.8311434 0.5228904 0.8598169 0.5979235 0.8239461 0.7743557 0.8118782 0.3106297 0.8485961 0.2191492 0.8311434 0.5228904 0.9553118 0.5020905 0.9171681 0.5867276 0.9144466 0.4121587 0.3590588 0.537679 0.9553118 0.5020905 0.5905336 0.2197899 0.5905336 0.2197899 0.01928782 -0.09772264 0.05048137 0.1138594 0.08578944 0.4974042 0.08745473 0.1039346 0.1195779 0.1339999 0.1053392 0.7389405 0.1419745 0.9805616 0.1312003 0.9750481 0.1661067 0.5296431 0.1795991 0.7535362 0.1419745 0.9805616 0.8845488 0.8622395 0.9171681 0.5867276 0.9634303 0.8145093 0.08745473 0.1039346 0.08578944 0.4974042 0.06346845 0.466219 0.4985751 0.7398443 0.5030619 0.4785895 0.5191698 0.6078117 0.5224599 0.4200724 0.5021053 0.2227532 0.5106641 0.2170111 0.5224599 0.4200724 0.5248486 0.1904492 0.5360953 0.3100881 0.5224599 0.4200724 0.5106641 0.2170111 0.5248486 0.1904492 0.5512101 0.6029445 0.5360953 0.3100881 0.5718005 0.5475623 0.5851472 0.3451778 0.5718005 0.5475623 0.5360953 0.3100881 0.6011772 0.5989113 0.5851472 0.3451778 0.6262723 0.3830587 0.5512101 0.6029445 0.5445232 0.810037 0.5191698 0.6078117 0.6262723 0.3830587 0.64465 0.7236762 0.6011772 0.5989113 0.6920064 1.016401 0.6297817 0.9277538 0.64465 0.7236762 0.64465 0.7236762 0.6262723 0.3830587 0.6552511 0.403851 0.6717008 0.1710515 0.6899287 0.2107188 0.6552511 0.403851 0.7016395 0.221843 0.7007606 0.7470036 0.6552511 0.403851 0.7007606 0.7470036 0.7134142 0.2055291 0.7230798 0.1576851 0.7016395 0.221843 0.7134142 0.2055291 0.7007606 0.7470036</float_array>
          <technique_common>
            <accessor source="#GanondorfSash_LOD1-mesh-map-0-array" count="768" stride="2">
              <param name="S" type="float"/>
              <param name="T" type="float"/>
            </accessor>
          </technique_common>
        </source>
        <vertices id="GanondorfSash_LOD1-mesh-vertices">
          <input semantic="POSITION" source="#GanondorfSash_LOD1-mesh-positions"/>
        </vertices>
        <triangles material="Sash-material" count="256">
          <input semantic="VERTEX" source="#GanondorfSash_LOD1-mesh-vertices" offset="0"/>
          <input semantic="NORMAL" source="#GanondorfSash_LOD1-mesh-normals" offset="1"/>
          <input semantic="TEXCOORD" source="#GanondorfSash_LOD1-mesh-map-0" offset="2" set="0"/>
          <p>8 0 0 152 1 1 9 2 2 9 2 3 147 3 4 82 4 5 147 3 6 164 5 7 82 4 8 8 0 9 75 6 10 132 7 11 75 6 12 135 8 13 132 7 14 138 9 15 11 10 16 102 11 17 134 12 18 46 13 19 166 14 20 20 15 21 136 16 22 166 14 23 20 15 24 167 17 25 136 16 26 7 18 27 125 19 28 150 20 29 7 18 30 127 21 31 125 19 32 127 21 33 34 22 34 144 23 35 7 18 36 77 24 37 127 21 38 133 25 39 159 26 40 6 27 41 129 28 42 133 25 43 6 27 44 0 29 45 118 30 46 146 31 47 146 31 48 118 30 49 2 32 50 71 33 51 141 34 52 142 35 53 71 33 54 155 36 55 15 37 56 101 38 57 128 39 58 32 40 59 15 37 60 169 41 61 101 38 62 32 40 63 156 42 64 1 43 65 32 40 66 128 39 67 126 44 68 151 45 69 2 32 70 26 46 71 26 46 72 64 47 73 151 45 74 154 48 75 171 49 76 130 50 77 30 51 78 172 52 79 145 53 80 145 53 81 140 54 82 143 55 83 76 56 84 109 57 85 115 58 86 111 59 87 109 57 88 76 56 89 88 60 90 76 56 91 17 61 92 17 61 93 87 62 94 88 60 95 17 61 96 174 63 97 87 62 98 17 61 99 37 64 100 80 65 101 37 64 102 85 66 103 175 67 104 175 67 105 176 68 106 37 64 107 43 69 108 119 70 109 175 67 110 117 71 111 43 69 112 50 72 113 50 72 114 43 69 115 60 73 116 94 74 117 50 72 118 159 26 119 161 75 120 54 76 121 16 77 122 50 72 123 94 74 124 161 75 125 161 75 126 117 71 127 50 72 128 70 78 129 50 72 130 1 43 131 50 72 132 70 78 133 159 26 134 50 72 135 60 73 136 1 43 137 60 73 138 32 40 139 1 43 140 143 55 141 90 79 142 145 53 143 130 50 144 90 79 145 143 55 146 90 79 147 81 80 148 145 53 149 81 80 150 160 81 151 145 53 152 145 53 153 163 82 154 82 4 155 10 83 156 163 82 157 160 81 158 103 84 159 27 85 160 110 86 161 27 85 162 116 87 163 81 80 164 116 87 165 103 84 166 178 88 167 13 89 168 160 81 169 81 80 170 160 81 171 13 89 172 10 83 173 52 90 174 162 91 175 18 92 176 45 93 177 162 91 178 81 80 179 116 87 180 45 93 181 81 80 182 38 94 183 116 87 184 178 88 185 110 86 186 27 85 187 25 95 188 79 96 189 104 97 190 110 86 191 106 98 192 104 97 193 79 96 194 178 88 195 179 99 196 107 100 197 110 86 198 112 101 199 103 84 200 103 84 201 112 101 202 178 88 203 110 86 204 89 102 205 68 103 206 93 104 207 83 105 208 55 106 209 55 106 210 95 107 211 93 104 212 95 107 213 55 106 214 21 108 215 120 109 216 19 110 217 21 108 218 36 111 219 19 110 220 120 109 221 69 112 222 21 108 223 55 106 224 55 106 225 83 105 226 47 113 227 83 105 228 61 114 229 40 115 230 69 112 231 47 113 232 29 116 233 55 106 234 47 113 235 69 112 236 46 13 237 122 117 238 29 116 239 122 117 240 21 108 241 69 112 242 66 118 243 122 117 244 11 10 245 120 109 246 12 119 247 36 111 248 66 118 249 120 109 250 21 108 251 72 120 252 66 118 253 33 121 254 102 11 255 11 10 256 122 117 257 12 119 258 48 122 259 14 123 260 33 121 261 84 124 262 72 120 263 75 6 264 84 124 265 33 121 266 8 0 267 84 124 268 75 6 269 48 122 270 53 125 271 24 126 272 84 124 273 53 125 274 48 122 275 84 124 276 78 127 277 53 125 278 8 0 279 78 127 280 84 124 281 78 127 282 8 0 283 9 2 284 10 83 285 78 127 286 9 2 287 10 83 288 13 89 289 78 127 290 53 125 291 98 128 292 24 126 293 52 90 294 63 129 295 13 89 296 63 129 297 78 127 298 13 89 299 51 130 300 53 125 301 78 127 302 53 125 303 56 131 304 98 128 305 97 132 306 113 133 307 5 134 308 124 135 309 59 136 310 115 58 311 59 136 312 97 132 313 5 134 314 114 137 315 59 136 316 5 134 317 76 56 318 59 136 319 114 137 320 17 61 321 96 138 322 101 38 323 114 137 324 17 61 325 76 56 326 96 138 327 17 61 328 114 137 329 62 139 330 15 37 331 101 38 332 101 38 333 49 140 334 17 61 335 49 140 336 85 66 337 17 61 338 43 69 339 49 140 340 60 73 341 85 66 342 43 69 343 175 67 344 28 141 345 96 138 346 114 137 347 5 134 348 28 141 349 114 137 350 23 142 351 5 134 352 58 143 353 58 143 354 113 133 355 105 144 356 79 96 357 58 143 358 105 144 359 110 86 360 25 95 361 182 145 362 64 47 363 153 146 364 149 147 365 25 95 366 171 49 367 64 47 368 171 49 369 90 79 370 130 50 371 27 85 372 171 49 373 25 95 374 71 33 375 62 139 376 28 141 377 28 141 378 23 142 379 71 33 380 71 33 381 23 142 382 118 30 383 118 30 384 23 142 385 2 32 386 100 148 387 23 142 388 58 143 389 2 32 390 23 142 391 100 148 392 26 46 393 100 148 394 182 145 395 2 32 396 100 148 397 26 46 398 79 96 399 100 148 400 58 143 401 64 47 402 182 145 403 25 95 404 64 47 405 26 46 406 182 145 407 122 117 408 46 13 409 102 11 410 47 113 411 40 115 412 39 149 413 40 115 414 108 150 415 42 151 416 121 152 417 108 150 418 183 153 419 123 154 420 108 150 421 121 152 422 3 155 423 123 154 424 121 152 425 74 156 426 123 154 427 3 155 428 20 15 429 46 13 430 29 116 431 166 14 432 46 13 433 20 15 434 29 116 435 39 149 436 22 157 437 40 115 438 42 151 439 39 149 440 123 154 441 92 158 442 73 159 443 73 159 444 92 158 445 77 24 446 77 24 447 92 158 448 35 160 449 86 161 450 31 162 451 35 160 452 159 26 453 31 162 454 94 74 455 4 163 456 35 160 457 31 162 458 35 160 459 34 22 460 77 24 461 7 18 462 73 159 463 77 24 464 73 159 465 7 18 466 42 151 467 42 151 468 7 18 469 22 157 470 7 18 471 150 20 472 22 157 473 22 157 474 150 20 475 20 15 476 22 157 477 20 15 478 29 116 479 86 161 480 74 156 481 3 155 482 65 164 483 86 161 484 91 165 485 31 162 486 158 166 487 94 74 488 158 166 489 54 76 490 94 74 491 86 161 492 99 167 493 41 168 494 99 167 495 86 161 496 3 155 497 9 2 498 152 1 499 147 3 500 75 6 501 33 121 502 135 8 503 11 10 504 135 8 505 33 121 506 11 10 507 138 9 508 135 8 509 46 13 510 134 12 511 102 11 512 166 14 513 136 16 514 139 169 515 20 15 516 150 20 517 167 17 518 127 21 519 77 24 520 34 22 521 4 163 522 144 23 523 34 22 524 137 170 525 4 163 526 31 162 527 133 25 528 137 170 529 159 26 530 31 162 531 159 26 532 137 170 533 129 28 534 168 171 535 133 25 536 0 29 537 141 34 538 118 30 539 71 33 540 118 30 541 141 34 542 142 35 543 155 36 544 71 33 545 101 38 546 169 41 547 128 39 548 15 37 549 148 172 550 169 41 551 155 36 552 148 172 553 15 37 554 165 173 555 170 174 556 1 43 557 157 175 558 1 43 559 170 174 560 1 43 561 156 42 562 165 173 563 131 176 564 156 42 565 32 40 566 32 40 567 126 44 568 131 176 569 151 45 570 146 31 571 2 32 572 149 147 573 151 45 574 64 47 575 145 53 576 172 52 577 140 54 578 111 59 579 173 177 580 109 57 581 88 60 582 111 59 583 76 56 584 17 61 585 80 65 586 174 63 587 17 61 588 85 66 589 37 64 590 175 67 591 44 178 592 176 68 593 117 71 594 119 70 595 43 69 596 161 75 597 94 74 598 54 76 599 60 73 600 49 140 601 32 40 602 81 80 603 90 79 604 27 85 605 145 53 606 160 81 607 163 82 608 27 85 609 103 84 610 116 87 611 52 90 612 13 89 613 162 91 614 81 80 615 162 91 616 13 89 617 116 87 618 38 94 619 45 93 620 110 86 621 104 97 622 67 179 623 106 98 624 177 180 625 104 97 626 79 96 627 105 144 628 106 98 629 178 88 630 112 101 631 179 99 632 110 86 633 68 103 634 112 101 635 110 86 636 67 179 637 89 102 638 19 110 639 95 107 640 21 108 641 40 115 642 47 113 643 83 105 644 29 116 645 122 117 646 69 112 647 122 117 648 66 118 649 21 108 650 14 123 651 36 111 652 12 119 653 66 118 654 72 120 655 120 109 656 12 119 657 120 109 658 72 120 659 11 10 660 33 121 661 66 118 662 12 119 663 72 120 664 48 122 665 48 122 666 72 120 667 84 124 668 24 126 669 14 123 670 48 122 671 78 127 672 180 181 673 51 130 674 63 129 675 180 181 676 78 127 677 53 125 678 181 182 679 56 131 680 51 130 681 181 182 682 53 125 683 124 135 684 97 132 685 59 136 686 76 56 687 115 58 688 59 136 689 101 38 690 96 138 691 62 139 692 49 140 693 101 38 694 32 40 695 43 69 696 85 66 697 49 140 698 28 141 699 62 139 700 96 138 701 23 142 702 28 141 703 5 134 704 5 134 705 113 133 706 58 143 707 182 145 708 79 96 709 110 86 710 64 47 711 171 49 712 153 146 713 27 85 714 90 79 715 171 49 716 15 37 717 62 139 718 71 33 719 79 96 720 182 145 721 100 148 722 29 116 723 47 113 724 39 149 725 40 115 726 61 114 727 57 183 728 40 115 729 183 153 730 108 150 731 40 115 732 57 183 733 183 153 734 42 151 735 108 150 736 73 159 737 123 154 738 73 159 739 108 150 740 92 158 741 123 154 742 74 156 743 42 151 744 22 157 745 39 149 746 74 156 747 35 160 748 92 158 749 4 163 750 34 22 751 35 160 752 35 160 753 74 156 754 86 161 755 41 168 756 91 165 757 86 161 758 65 164 759 31 162 760 86 161 761 31 162 762 184 184 763 158 166 764 65 164 765 184 184 766 31 162 767</p>
        </triangles>
      </mesh>
    </geometry>
  </library_geometries>
  <library_controllers>
    <controller id="GanondorfRig_GanondorfSash_LOD1-skin" name="GanondorfRig">
      <skin source="#GanondorfSash_LOD1-mesh">
        <bind_shape_matrix>1 0 0 0 0 1 0 0 0 0 1 0 0 0 0 1</bind_shape_matrix>
        <source id="GanondorfRig_GanondorfSash_LOD1-skin-joints">
          <Name_array id="GanondorfRig_GanondorfSash_LOD1-skin-joints-array" count="11">BELLY mTorso PELVIS mPelvis BUTT mHipLeft L_UPPER_LEG mHipRight R_UPPER_LEG LEFT_HANDLE RIGHT_HANDLE</Name_array>
          <technique_common>
            <accessor source="#GanondorfRig_GanondorfSash_LOD1-skin-joints-array" count="11" stride="1">
              <param name="JOINT" type="name"/>
            </accessor>
          </technique_common>
        </source>
        <source id="GanondorfRig_GanondorfSash_LOD1-skin-bind_poses">
          <float_array id="GanondorfRig_GanondorfSash_LOD1-skin-bind_poses-array" count="176">1 0 0 -0.02799999 0 1 0 0 0 0 1 -1.191 0 0 0 1 1 0 0 0 0 1 0 0 0 0 1 -1.151 0 0 0 1 1 0 0 0.00999999 0 1 0 0 0 0 1 -1.047 0 0 0 1 1 0 0 0 0 1 0 0 0 0 1 -1.067 0 0 0 1 1 0 0 0.06 0 1 0 0 0 0 1 -0.967 0 0 0 1 1 0 0 -0.03399997 0 1 0 -0.127 0 0 1 -1.026 0 0 0 1 1 0 0 -0.01399999 0 1 0 -0.07699996 0 0 1 -0.806 0 0 0 1 1 0 0 -0.03399997 0 1 0 0.129 0 0 1 -1.026 0 0 0 1 1 0 0 -0.01399999 0 1 0 0.07899999 0 0 1 -0.806 0 0 0 1 1 0 0 0 0 1 0 -0.1 0 0 1 -1.209 0 0 0 1 1 0 0 0 0 1 0 0.09999996 0 0 1 -1.209 0 0 0 1</float_array>
          <technique_common>
            <accessor source="#GanondorfRig_GanondorfSash_LOD1-skin-bind_poses-array" count="11" stride="16">
              <param name="TRANSFORM" type="float4x4"/>
            </accessor>
          </technique_common>
        </source>
        <source id="GanondorfRig_GanondorfSash_LOD1-skin-weights">
          <float_array id="GanondorfRig_GanondorfSash_LOD1-skin-weights-array" count="598">0.7752743 0.2247256 0.00572896 0.004178225 0.4950463 0.4950463 0.5 0.5 0.5 0.3377363 0.1622637 0.1646748 0.1536946 0.3408153 0.3408153 0.5 0.5 0.5 0.5 0.5 0.5 0.1789748 0.1684698 0.3262776 0.3262776 0.5 0.5 0.5 0.5 0.001984894 0.001984894 0.4980151 0.4980151 0.5 0.3681306 0.1318694 0.4413824 0.4413824 0.05861759 0.05861759 0.5 0.3010721 0.1989278 0.5 0.5 0.35 0.35 0.1499999 0.1499999 0.1886734 0.1886734 0.3113266 0.3113266 0.3499999 0.3499999 0.15 0.15 0.5 0.2136656 0.2863343 0.5 0.5 0.5 0.4469017 0.05309832 0.5 0.4995524 4.47626e-4 0.5 0.5 0.5 0.348548 0.151452 0.5 0.5 0.5 0.5 0.4289455 0.4289455 0.07105451 0.07105451 0.5 0.5 0.5 0.4976547 0.002345323 0.5 0.4098578 0.0901423 0.5 0.4993734 6.26594e-4 0.5 0.5 0.004334092 0.004270434 0.4956977 0.4956977 0.04434174 0.0436905 0.4559838 0.4559838 0.5 0.4982571 0.001742839 0.5 0.3397099 0.1602901 0.02916628 0.02916628 0.4708337 0.4708337 0.08014202 0.08014202 0.419858 0.419858 0.5 0.4868723 0.01312774 0.5000001 0.4217915 0.0782085 0.5000001 0.3280513 0.1719487 0.5 0.4831914 0.0168085 0.2431306 0.2431306 0.2568693 0.2568693 0.5 0.5 0.125 0.125 0.375 0.375 0.5 0.5 0.5 0.4442082 0.05579179 0.5 0.407897 0.09210294 0.4109151 0.4109151 0.08908486 0.08908486 0.4719242 0.4719242 0.02807575 0.02807575 0.5 0.4266036 0.07339638 0.4551552 0.3925102 0.07616722 0.07616722 0.5 0.4468389 0.05316102 0.4551551 0.3925103 0.07616728 0.07616728 0.5 0.4093161 0.09068387 0.5 0.3280466 0.1719533 0.5 0.3199995 0.1800005 0.5 0.5 0.5 0.5 0.5 0.5 0.5 0.2891222 0.2108777 0.5 0.5 0.5 0.4383147 0.06168526 0.005315482 0.002655208 0.4960146 0.4960146 0.5000001 0.426604 0.07339602 0.5000001 0.4886387 0.0113613 0.04999995 0.04999995 0.4500001 0.4500001 0.04999995 0.04999995 0.4500001 0.4500001 0.5 0.4851417 0.0148583 0.5 0.5 0.004958808 0.00247699 0.4962821 0.4962821 0.5 0.4802044 0.01979565 0.5000001 0.4601446 0.03985542 0.5 0.3918924 0.1081076 0.03359842 0.03310495 0.4666483 0.4666483 0.4589802 0.4589802 0.04101973 0.04101973 0.5 0.5 0.5 0.4991553 8.44703e-4 0.5 0.5 0.05000001 0.05000001 0.45 0.45 0.4702915 0.4702915 0.02970844 0.02970844 0.5 0.5 0.5 0.3211962 0.1788038 0.5 0.4996114 3.88538e-4 0.1116386 0.1116386 0.3883613 0.3883613 0.5 0.4148422 0.08515781 0.03877228 0.03877228 0.4612277 0.4612277 0.05000001 0.05000001 0.45 0.45 0.0392099 0.0392099 0.4607901 0.4607901 0.5 0.5 0.5 0.416394 0.08360606 0.5 0.4788824 0.02111756 0.5 0.2891786 0.2108214 0.4180203 0.4180203 0.08197969 0.08197969 0.5 0.3200228 0.1799772 0.5 0.5 0.5 0.5 0.5 0.2922605 0.2077395 0.5 0.2922544 0.2077456 0.5 0.5 0.5 0.5 0.193166 0.193166 0.306834 0.306834 0.1137413 0.1137413 0.3862587 0.3862587 0.2030595 0.2030595 0.2969405 0.2969405 0.5 0.5 0.5 0.5 0.5 0.5 0.5 0.3520606 0.1479394 0.5 0.5 0.1970441 0.1970441 0.3029558 0.3029558 0.2030797 0.2030797 0.2969202 0.2969202 0.02950447 0.02950447 0.4704955 0.4704955 0.5 0.5 0.5 0.5 0.5 0.5 0.2433916 0.2433916 0.2566084 0.2566084 0.125 0.125 0.375 0.375 0.126544 0.03455835 0.4194488 0.4194488 0.08116739 0.08116739 0.4188327 0.4188327 0.5 0.4276231 0.0723769 0.5 0.3402757 0.1597243 0.5 0.4985649 0.001435041 0.5 0.373641 0.126359 0.5 0.5 0.4648619 0.4648619 0.03513813 0.03513813 0.2529292 0.2412123 0.2529292 0.2529292 0.3199043 0.3172398 0.1814279 0.1814279 0.3328044 0.320496 0.1733497 0.1733497 0.2546038 0.2361884 0.2546038 0.2546038 0.2811502 0.2662978 0.226276 0.226276 0.3351472 0.313858 0.1754974 0.1754974 0.3706192 0.365176 0.1321024 0.1321024 0.254238 0.2372859 0.254238 0.254238 0.1874127 0.1874127 0.3125872 0.3125872 0.3212034 0.318558 0.1801193 0.1801193 0.1882826 0.1882826 0.3117174 0.3117174 0.2311651 0.2157515 0.2765417 0.2765417 0.4762656 0.4762656 0.02373433 0.02373433 0.2799894 0.2799894 0.2200106 0.2200106 0.2854025 0.2643474 0.225125 0.225125 0.4197693 0.1534681 0.2133813 0.2133813 0.5945068 0.2969689 0.05426216 0.05426216 0.1927379 0.1774796 0.3148912 0.3148912 0.3777623 0.3695312 0.1263532 0.1263532 0.07889389 0.05753856 0.4317838 0.4317838 0.4237404 0.1572868 0.2094863 0.2094863 0.3223827 0.3001316 0.1887428 0.1887428 0.2218424 0.2155439 0.2813068 0.2813068 0.3278028 0.2627609 0.2047181 0.2047181 0.1730587 0.1730587 0.3269413 0.3269413 0.6652403 0.3323019 0.001228928 0.001228928 0.2303962 0.2150338 0.2772849 0.2772849 0.2218201 0.2155222 0.2813288 0.2813288 0.3328012 0.320493 0.1733529 0.1733529 0.3270506 0.2610004 0.2059745 0.2059745 0.1779598 0.1638714 0.3290843 0.3290843 0.5 0.4096878 0.09031224 0.5 0.4383147 0.06168526 0.5 0.5 0.5 0.5 0.178361 0.178361 0.321639 0.321639 0.1784051 0.1784051 0.3215948 0.3215948 0.5 0.5 0.2546038 0.2361884 0.2546038 0.2546038 0.2847831 0.2637811 0.2257178 0.2257178 0.3333333 0.3333333 0.1666666 0.1666666 0.3333333 0.3333333 0.1666666 0.1666666 0.3412391 0.3175218 0.1706196 0.1706196 0.167459 0.1627046 0.3349182 0.3349182 0.3535451 0.2929098 0.1767725 0.1767725 0.1670371 0.1622947 0.3353341 0.3353341 0.3535451 0.2929098 0.1767725 0.1767725 0.3333333 0.3333333 0.1666666 0.1666666 0.0333333 0.0333333 0.4666666 0.4666666 0.5 0.5 0.5 0.5 0.3333333 0.3333333 0.1666666 0.1666666 0.5 0.5 0.5 0.5 0.5 0.4510691 0.04893088 0.5 0.4163939 0.08360612 0.5 0.5 0.5 0.2129077 0.2870922 0.5 0.4510691 0.04893088</float_array>
          <technique_common>
            <accessor source="#GanondorfRig_GanondorfSash_LOD1-skin-weights-array" count="598" stride="1">
              <param name="WEIGHT" type="float"/>
            </accessor>
          </technique_common>
        </source>
        <joints>
          <input semantic="JOINT" source="#GanondorfRig_GanondorfSash_LOD1-skin-joints"/>
          <input semantic="INV_BIND_MATRIX" source="#GanondorfRig_GanondorfSash_LOD1-skin-bind_poses"/>
        </joints>
        <vertex_weights count="185">
          <input semantic="JOINT" source="#GanondorfRig_GanondorfSash_LOD1-skin-joints" offset="0"/>
          <input semantic="WEIGHT" source="#GanondorfRig_GanondorfSash_LOD1-skin-weights" offset="1"/>
          <vcount>2 4 2 3 4 2 2 2 4 2 2 4 3 4 3 2 4 4 4 3 2 3 3 2 3 2 2 4 2 3 3 3 2 4 4 3 3 4 4 3 3 3 3 4 2 4 2 3 3 4 4 3 4 3 4 3 3 3 2 2 2 3 2 3 4 3 3 4 4 3 2 4 3 3 3 4 4 2 3 2 4 4 2 3 3 4 3 4 4 4 2 3 3 3 4 3 2 2 3 3 2 2 4 4 4 2 2 2 3 2 4 4 4 2 2 2 4 4 4 4 3 3 3 3 2 4 4 4 4 4 4 4 4 4 4 4 4 4 4 4 4 4 4 4 4 4 4 4 4 4 4 4 4 4 4 4 4 3 3 2 2 4 4 2 4 4 4 4 4 4 4 4 4 4 4 2 2 4 2 2 3 3 2 3 3 </vcount>
          <v>0 0 1 1 0 2 1 3 2 4 3 5 2 6 3 7 2 8 3 9 4 10 0 11 1 12 2 13 3 14 2 15 3 16 2 17 3 18 2 19 3 20 0 21 1 22 2 23 3 24 2 25 3 26 2 27 3 28 0 29 1 30 2 31 3 32 2 33 3 34 4 35 2 36 3 37 5 38 6 39 2 40 3 41 4 42 2 43 3 44 2 45 3 46 7 47 8 48 2 49 3 50 7 51 8 52 2 53 3 54 5 55 6 56 2 57 3 58 4 59 2 60 3 61 2 62 3 63 4 64 2 65 3 66 4 67 2 68 3 69 2 70 3 71 4 72 2 73 3 74 2 75 3 76 2 77 3 78 5 79 6 80 2 81 3 82 2 83 3 84 4 85 0 86 1 87 9 88 2 89 3 90 4 91 2 92 3 93 0 94 1 95 2 96 3 97 0 98 1 99 2 100 3 101 2 102 3 103 4 104 2 105 3 106 4 107 2 108 3 109 7 110 8 111 2 112 3 113 5 114 6 115 2 116 3 117 4 118 2 119 3 120 4 121 2 122 3 123 4 124 2 125 3 126 4 127 2 128 3 129 7 130 8 131 7 132 8 133 2 134 3 135 5 136 6 137 2 138 3 139 2 140 3 141 4 142 2 143 3 144 4 145 2 146 3 147 7 148 8 149 2 150 3 151 7 152 8 153 2 154 3 155 4 156 2 157 3 158 5 159 6 160 2 161 3 162 4 163 2 164 3 165 7 166 8 167 2 168 3 169 4 170 2 171 3 172 4 173 2 174 3 175 4 176 2 177 3 178 2 179 3 180 2 181 3 182 2 183 3 184 4 185 2 186 3 187 2 188 3 189 4 190 0 191 1 192 2 193 3 194 2 195 3 196 4 197 2 198 3 199 4 200 2 201 3 202 5 203 6 204 2 205 3 206 5 207 6 208 2 209 3 210 4 211 2 212 3 213 0 214 1 215 2 216 3 217 2 218 3 219 4 220 2 221 3 222 4 223 2 224 3 225 4 226 0 227 1 228 2 229 3 230 2 231 3 232 7 233 8 234 2 235 3 236 2 237 3 238 4 239 2 240 3 241 2 242 3 243 7 244 8 245 2 246 3 247 5 248 6 249 2 250 3 251 2 252 3 253 4 254 2 255 3 256 4 257 2 258 3 259 7 260 8 261 2 262 3 263 4 264 2 265 3 266 7 267 8 268 2 269 3 270 7 271 8 272 2 273 3 274 5 275 6 276 2 277 3 278 2 279 3 280 4 281 2 282 3 283 4 284 2 285 3 286 4 287 2 288 3 289 7 290 8 291 2 292 3 293 4 294 2 295 3 296 2 297 3 298 2 299 3 300 4 301 2 302 3 303 4 304 2 305 3 306 2 307 3 308 0 309 1 310 2 311 3 312 2 313 3 314 5 315 6 316 2 317 3 318 5 319 6 320 2 321 3 322 2 323 3 324 5 325 6 326 2 327 3 328 4 329 2 330 3 331 2 332 3 333 5 334 6 335 2 336 3 337 7 338 8 339 2 340 3 341 5 342 6 343 2 344 3 345 2 346 3 347 2 348 3 349 2 350 3 351 5 352 6 353 2 354 3 355 7 356 8 357 0 358 1 359 2 360 3 361 2 362 3 363 7 364 8 365 2 366 3 367 4 368 2 369 3 370 4 371 2 372 3 373 4 374 2 375 3 376 4 377 2 378 3 379 0 380 1 381 2 382 3 383 0 384 1 385 2 386 3 387 0 388 1 389 2 390 3 391 0 392 1 393 2 394 3 395 0 396 1 397 2 398 3 399 0 400 1 401 2 402 3 403 0 404 1 405 2 406 3 407 0 408 1 409 2 410 3 411 0 412 1 413 2 414 3 415 0 416 1 417 2 418 3 419 0 420 1 421 2 422 3 423 0 424 1 425 2 426 3 427 0 428 1 429 2 430 3 431 0 432 1 433 2 434 3 435 0 436 1 437 2 438 3 439 0 440 1 441 2 442 3 443 0 444 1 445 2 446 3 447 0 448 1 449 2 450 3 451 0 452 1 453 2 454 3 455 0 456 1 457 2 458 3 459 0 460 1 461 2 462 3 463 0 464 1 465 2 466 3 467 0 468 1 469 2 470 3 471 0 472 1 473 2 474 3 475 0 476 1 477 2 478 3 479 0 480 1 481 2 482 3 483 0 484 1 485 2 486 3 487 0 488 1 489 2 490 3 491 0 492 1 493 2 494 3 495 0 496 1 497 2 498 3 499 0 500 1 501 2 502 3 503 0 504 1 505 2 506 3 507 0 508 1 509 10 510 2 511 3 512 4 513 2 514 3 515 2 516 3 517 2 518 3 519 7 520 8 521 2 522 3 523 5 524 6 525 2 526 3 527 0 528 1 529 2 530 3 531 0 532 1 533 2 534 3 535 0 536 1 537 2 538 3 539 0 540 1 541 2 542 3 543 0 544 1 545 2 546 3 547 0 548 1 549 2 550 3 551 0 552 1 553 2 554 3 555 0 556 1 557 2 558 3 559 0 560 1 561 2 562 3 563 2 564 3 565 7 566 8 567 2 568 3 569 7 570 8 571 7 572 8 573 7 574 8 575 2 576 3 577 5 578 6 579 5 580 6 581 5 582 6 583 2 584 3 585 4 586 2 587 3 588 4 589 2 590 3 591 2 592 3 593 4 594 2 595 3 596 4 597</v>
        </vertex_weights>
      </skin>
    </controller>
  </library_controllers>
  <library_visual_scenes>
    <visual_scene id="Scene" name="Scene">
      <node id="GanondorfRig" name="GanondorfRig" type="NODE">
        <matrix sid="transform">1 0 0 0 0 1 0 0 0 0 1 0 0 0 0 1</matrix>
        <node id="GanondorfRig_mPelvis" name="mPelvis" sid="mPelvis" type="JOINT">
          <matrix sid="transform">1 0 0 0 0 1 0 0 0 0 1 1.067 0 0 0 1</matrix>
          <node id="GanondorfRig_PELVIS" name="PELVIS" sid="PELVIS" type="JOINT">
            <matrix sid="transform">1 0 0 -0.01 0 1 0 0 0 0 1 -0.01999998 0 0 0 1</matrix>
            <extra>
              <technique profile="blender">
                <layer sid="layer" type="string">0</layer>
                <roll sid="roll" type="float">0.1396263</roll>
                <tip_x sid="tip_x" type="float">0</tip_x>
                <tip_y sid="tip_y" type="float">0.02999997</tip_y>
                <tip_z sid="tip_z" type="float">0</tip_z>
              </technique>
            </extra>
          </node>
          <node id="GanondorfRig_BUTT" name="BUTT" sid="BUTT" type="JOINT">
            <matrix sid="transform">1 0 0 -0.06 0 1 0 0 0 0 1 -0.1 0 0 0 1</matrix>
            <extra>
              <technique profile="blender">
                <layer sid="layer" type="string">0</layer>
                <tip_x sid="tip_x" type="float">0</tip_x>
                <tip_y sid="tip_y" type="float">0.02999997</tip_y>
                <tip_z sid="tip_z" type="float">0</tip_z>
              </technique>
            </extra>
          </node>
          <node id="GanondorfRig_mSpine1" name="mSpine1" sid="mSpine1" type="JOINT">
            <matrix sid="transform">1 0 0 0 0 1 0 0 0 0 1 0.08399999 0 0 0 1</matrix>
            <node id="GanondorfRig_mSpine2" name="mSpine2" sid="mSpine2" type="JOINT">
              <matrix sid="transform">1 0 0 0 0 1 0 0 0 0 1 -0.08399999 0 0 0 1</matrix>
              <node id="GanondorfRig_mTorso" name="mTorso" sid="mTorso" type="JOINT">
                <matrix sid="transform">1 0 0 0 0 1 0 0 0 0 1 0.08399999 0 0 0 1</matrix>
                <node id="GanondorfRig_BELLY" name="BELLY" sid="BELLY" type="JOINT">
                  <matrix sid="transform">1 0 0 0.028 0 1 0 0 0 0 1 0.03999996 0 0 0 1</matrix>
                  <extra>
                    <technique profile="blender">
                      <layer sid="layer" type="string">0</layer>
                      <roll sid="roll" type="float">0.1396263</roll>
                      <tip_x sid="tip_x" type="float">0</tip_x>
                      <tip_y sid="tip_y" type="float">0.02999997</tip_y>
                      <tip_z sid="tip_z" type="float">0</tip_z>
                    </technique>
                  </extra>
                </node>
                <node id="GanondorfRig_LEFT_HANDLE" name="LEFT_HANDLE" sid="LEFT_HANDLE" type="JOINT">
                  <matrix sid="transform">1 0 0 0 0 1 0 0.1 0 0 1 0.05799997 0 0 0 1</matrix>
                  <extra>
                    <technique profile="blender">
                      <layer sid="layer" type="string">0</layer>
                      <tip_x sid="tip_x" type="float">0</tip_x>
                      <tip_y sid="tip_y" type="float">0.02999997</tip_y>
                      <tip_z sid="tip_z" type="float">0</tip_z>
                    </technique>
                  </extra>
                </node>
                <node id="GanondorfRig_RIGHT_HANDLE" name="RIGHT_HANDLE" sid="RIGHT_HANDLE" type="JOINT">
                  <matrix sid="transform">1 0 0 0 0 1 0 -0.09999999 0 0 1 0.05799997 0 0 0 1</matrix>
                  <extra>
                    <technique profile="blender">
                      <layer sid="layer" type="string">0</layer>
                      <tip_x sid="tip_x" type="float">0</tip_x>
                      <tip_y sid="tip_y" type="float">0.02999997</tip_y>
                      <tip_z sid="tip_z" type="float">0</tip_z>
                    </technique>
                  </extra>
                </node>
                <node id="GanondorfRig_LOWER_BACK" name="LOWER_BACK" sid="LOWER_BACK" type="JOINT">
                  <matrix sid="transform">1 0 0 0 0 1 0 0 0 0 1 0.023 0 0 0 1</matrix>
                  <extra>
                    <technique profile="blender">
                      <layer sid="layer" type="string">0</layer>
                      <tip_x sid="tip_x" type="float">0</tip_x>
                      <tip_y sid="tip_y" type="float">0.02999997</tip_y>
                      <tip_z sid="tip_z" type="float">0</tip_z>
                    </technique>
                  </extra>
                </node>
                <node id="GanondorfRig_mSpine3" name="mSpine3" sid="mSpine3" type="JOINT">
                  <matrix sid="transform">1 0 0 -0.015 0 1 0 0 0 0 1 0.2049999 0 0 0 1</matrix>
                  <node id="GanondorfRig_mSpine4" name="mSpine4" sid="mSpine4" type="JOINT">
                    <matrix sid="transform">1 0 0 0.015 0 1 0 0 0 0 1 -0.2049999 0 0 0 1</matrix>
                    <node id="GanondorfRig_mChest" name="mChest" sid="mChest" type="JOINT">
                      <matrix sid="transform">1 0 0 -0.015 0 1 0 0 0 0 1 0.2049999 0 0 0 1</matrix>
                      <node id="GanondorfRig_CHEST" name="CHEST" sid="CHEST" type="JOINT">
                        <matrix sid="transform">1 0 -1.49012e-8 0.028 0 1 0 0 1.49012e-8 0 1 0.07000005 0 0 0 1</matrix>
                        <extra>
                          <technique profile="blender">
                            <layer sid="layer" type="string">0</layer>
                            <roll sid="roll" type="float">-0.1745329</roll>
                            <tip_x sid="tip_x" type="float">0</tip_x>
                            <tip_y sid="tip_y" type="float">0.02999997</tip_y>
                            <tip_z sid="tip_z" type="float">0</tip_z>
                          </technique>
                        </extra>
                      </node>
                      <node id="GanondorfRig_LEFT_PEC" name="LEFT_PEC" sid="LEFT_PEC" type="JOINT">
                        <matrix sid="transform">1 0 0 0.119 0 1 0 0.082 0 0 1 0.04200006 0 0 0 1</matrix>
                        <extra>
                          <technique profile="blender">
                            <layer sid="layer" type="string">0</layer>
                            <roll sid="roll" type="float">0.07487457</roll>
                            <tip_x sid="tip_x" type="float">0</tip_x>
                            <tip_y sid="tip_y" type="float">0.02999997</tip_y>
                            <tip_z sid="tip_z" type="float">0</tip_z>
                          </technique>
                        </extra>
                      </node>
                      <node id="GanondorfRig_RIGHT_PEC" name="RIGHT_PEC" sid="RIGHT_PEC" type="JOINT">
                        <matrix sid="transform">1 0 0 0.119 0 1 0 -0.082 0 0 1 0.04200006 0 0 0 1</matrix>
                        <extra>
                          <technique profile="blender">
                            <layer sid="layer" type="string">0</layer>
                            <roll sid="roll" type="float">0.07487457</roll>
                            <tip_x sid="tip_x" type="float">0</tip_x>
                            <tip_y sid="tip_y" type="float">0.02999997</tip_y>
                            <tip_z sid="tip_z" type="float">0</tip_z>
                          </technique>
                        </extra>
                      </node>
                      <node id="GanondorfRig_UPPER_BACK" name="UPPER_BACK" sid="UPPER_BACK" type="JOINT">
                        <matrix sid="transform">1 0 0 0 0 1 0 0 0 0 1 0.01700008 0 0 0 1</matrix>
                        <extra>
                          <technique profile="blender">
                            <layer sid="layer" type="string">0</layer>
                            <tip_x sid="tip_x" type="float">0</tip_x>
                            <tip_y sid="tip_y" type="float">0.02999997</tip_y>
                            <tip_z sid="tip_z" type="float">0</tip_z>
                          </technique>
                        </extra>
                      </node>
                      <node id="GanondorfRig_mNeck" name="mNeck" sid="mNeck" type="JOINT">
                        <matrix sid="transform">1 0 0 -0.01 0 1 0 0 0 0 1 0.251 0 0 0 1</matrix>
                        <node id="GanondorfRig_NECK" name="NECK" sid="NECK" type="JOINT">
                          <matrix sid="transform">1 0 0 0 0 1 0 0 0 0 1 0.01999998 0 0 0 1</matrix>
                          <extra>
                            <technique profile="blender">
                              <layer sid="layer" type="string">0</layer>
                              <tip_x sid="tip_x" type="float">0</tip_x>
                              <tip_y sid="tip_y" type="float">0.02999997</tip_y>
                              <tip_z sid="tip_z" type="float">0</tip_z>
                            </technique>
                          </extra>
                        </node>
                        <node id="GanondorfRig_mHead" name="mHead" sid="mHead" type="JOINT">
                          <matrix sid="transform">1 0 0 0 0 1 0 0 0 0 1 0.07599998 0 0 0 1</matrix>
                          <node id="GanondorfRig_HEAD" name="HEAD" sid="HEAD" type="JOINT">
                            <matrix sid="transform">1 0 0 0.02 0 1 0 0 0 0 1 0.07000005 0 0 0 1</matrix>
                            <extra>
                              <technique profile="blender">
                                <layer sid="layer" type="string">0</layer>
                                <tip_x sid="tip_x" type="float">0</tip_x>
                                <tip_y sid="tip_y" type="float">0.02999997</tip_y>
                                <tip_z sid="tip_z" type="float">0</tip_z>
                              </technique>
                            </extra>
                          </node>
                          <node id="GanondorfRig_mSkull" name="mSkull" sid="mSkull" type="JOINT">
                            <matrix sid="transform">1 0 0 0 0 1 0 0 0 0 1 0.079 0 0 0 1</matrix>
                            <extra>
                              <technique profile="blender">
                                <layer sid="layer" type="string">0</layer>
                                <tip_x sid="tip_x" type="float">0</tip_x>
                                <tip_y sid="tip_y" type="float">0.02999997</tip_y>
                                <tip_z sid="tip_z" type="float">0</tip_z>
                              </technique>
                            </extra>
                          </node>
                          <node id="GanondorfRig_mEyeRight" name="mEyeRight" sid="mEyeRight" type="JOINT">
                            <matrix sid="transform">1 0 0 0.098 0 1 0 -0.036 0 0 1 0.079 0 0 0 1</matrix>
                            <extra>
                              <technique profile="blender">
                                <layer sid="layer" type="string">0</layer>
                                <tip_x sid="tip_x" type="float">0</tip_x>
                                <tip_y sid="tip_y" type="float">0.02999997</tip_y>
                                <tip_z sid="tip_z" type="float">0</tip_z>
                              </technique>
                            </extra>
                          </node>
                          <node id="GanondorfRig_mEyeLeft" name="mEyeLeft" sid="mEyeLeft" type="JOINT">
                            <matrix sid="transform">1 0 0 0.098 0 1 0 0.036 0 0 1 0.079 0 0 0 1</matrix>
                            <extra>
                              <technique profile="blender">
                                <layer sid="layer" type="string">0</layer>
                                <tip_x sid="tip_x" type="float">0</tip_x>
                                <tip_y sid="tip_y" type="float">0.02999997</tip_y>
                                <tip_z sid="tip_z" type="float">0</tip_z>
                              </technique>
                            </extra>
                          </node>
                          <node id="GanondorfRig_mFaceRoot" name="mFaceRoot" sid="mFaceRoot" type="JOINT">
                            <matrix sid="transform">1 0 0 0.025 0 1 0 0 0 0 1 0.04500008 0 0 0 1</matrix>
                            <node id="GanondorfRig_mFaceEyeAltRight" name="mFaceEyeAltRight" sid="mFaceEyeAltRight" type="JOINT">
                              <matrix sid="transform">1 0 0 0.073 0 1 0 -0.036 0 0 1 0.03399992 0 0 0 1</matrix>
                              <extra>
                                <technique profile="blender">
                                  <layer sid="layer" type="string">0</layer>
                                  <tip_x sid="tip_x" type="float">0</tip_x>
                                  <tip_y sid="tip_y" type="float">0.02999997</tip_y>
                                  <tip_z sid="tip_z" type="float">0</tip_z>
                                </technique>
                              </extra>
                            </node>
                            <node id="GanondorfRig_mFaceEyeAltLeft" name="mFaceEyeAltLeft" sid="mFaceEyeAltLeft" type="JOINT">
                              <matrix sid="transform">1 0 0 0.073 0 1 0 0.036 0 0 1 0.03399992 0 0 0 1</matrix>
                              <extra>
                                <technique profile="blender">
                                  <layer sid="layer" type="string">0</layer>
                                  <tip_x sid="tip_x" type="float">0</tip_x>
                                  <tip_y sid="tip_y" type="float">0.02999997</tip_y>
                                  <tip_z sid="tip_z" type="float">0</tip_z>
                                </technique>
                              </extra>
                            </node>
                            <node id="GanondorfRig_mFaceForeheadLeft" name="mFaceForeheadLeft" sid="mFaceForeheadLeft" type="JOINT">
                              <matrix sid="transform">1 0 0 0.061 0 1 0 0.035 0 0 1 0.08299994 0 0 0 1</matrix>
                              <extra>
                                <technique profile="blender">
                                  <layer sid="layer" type="string">0</layer>
                                  <tip_x sid="tip_x" type="float">0</tip_x>
                                  <tip_y sid="tip_y" type="float">0.02999997</tip_y>
                                  <tip_z sid="tip_z" type="float">0</tip_z>
                                </technique>
                              </extra>
                            </node>
                            <node id="GanondorfRig_mFaceForeheadRight" name="mFaceForeheadRight" sid="mFaceForeheadRight" type="JOINT">
                              <matrix sid="transform">1 0 0 0.061 0 1 0 -0.035 0 0 1 0.08299994 0 0 0 1</matrix>
                              <extra>
                                <technique profile="blender">
                                  <layer sid="layer" type="string">0</layer>
                                  <tip_x sid="tip_x" type="float">0</tip_x>
                                  <tip_y sid="tip_y" type="float">0.02999997</tip_y>
                                  <tip_z sid="tip_z" type="float">0</tip_z>
                                </technique>
                              </extra>
                            </node>
                            <node id="GanondorfRig_mFaceEyebrowOuterLeft" name="mFaceEyebrowOuterLeft" sid="mFaceEyebrowOuterLeft" type="JOINT">
                              <matrix sid="transform">1 0 0 0.064 0 1 0 0.051 0 0 1 0.04799998 0 0 0 1</matrix>
                              <extra>
                                <technique profile="blender">
                                  <layer sid="layer" type="string">0</layer>
                                  <tip_x sid="tip_x" type="float">0</tip_x>
                                  <tip_y sid="tip_y" type="float">0.02999997</tip_y>
                                  <tip_z sid="tip_z" type="float">0</tip_z>
                                </technique>
                              </extra>
                            </node>
                            <node id="GanondorfRig_mFaceEyebrowCenterLeft" name="mFaceEyebrowCenterLeft" sid="mFaceEyebrowCenterLeft" type="JOINT">
                              <matrix sid="transform">1 0 0 0.07 0 1 0 0.043 0 0 1 0.05599999 0 0 0 1</matrix>
                              <extra>
                                <technique profile="blender">
                                  <layer sid="layer" type="string">0</layer>
                                  <tip_x sid="tip_x" type="float">0</tip_x>
                                  <tip_y sid="tip_y" type="float">0.02999997</tip_y>
                                  <tip_z sid="tip_z" type="float">0</tip_z>
                                </technique>
                              </extra>
                            </node>
                            <node id="GanondorfRig_mFaceEyebrowInnerLeft" name="mFaceEyebrowInnerLeft" sid="mFaceEyebrowInnerLeft" type="JOINT">
                              <matrix sid="transform">1 0 0 0.075 0 1 0 0.022 0 0 1 0.051 0 0 0 1</matrix>
                              <extra>
                                <technique profile="blender">
                                  <layer sid="layer" type="string">0</layer>
                                  <tip_x sid="tip_x" type="float">0</tip_x>
                                  <tip_y sid="tip_y" type="float">0.02999997</tip_y>
                                  <tip_z sid="tip_z" type="float">0</tip_z>
                                </technique>
                              </extra>
                            </node>
                            <node id="GanondorfRig_mFaceEyebrowOuterRight" name="mFaceEyebrowOuterRight" sid="mFaceEyebrowOuterRight" type="JOINT">
                              <matrix sid="transform">1 0 0 0.064 0 1 0 -0.051 0 0 1 0.04799998 0 0 0 1</matrix>
                              <extra>
                                <technique profile="blender">
                                  <layer sid="layer" type="string">0</layer>
                                  <tip_x sid="tip_x" type="float">0</tip_x>
                                  <tip_y sid="tip_y" type="float">0.02999997</tip_y>
                                  <tip_z sid="tip_z" type="float">0</tip_z>
                                </technique>
                              </extra>
                            </node>
                            <node id="GanondorfRig_mFaceEyebrowCenterRight" name="mFaceEyebrowCenterRight" sid="mFaceEyebrowCenterRight" type="JOINT">
                              <matrix sid="transform">1 0 0 0.07 0 1 0 -0.043 0 0 1 0.05599999 0 0 0 1</matrix>
                              <extra>
                                <technique profile="blender">
                                  <layer sid="layer" type="string">0</layer>
                                  <tip_x sid="tip_x" type="float">0</tip_x>
                                  <tip_y sid="tip_y" type="float">0.02999997</tip_y>
                                  <tip_z sid="tip_z" type="float">0</tip_z>
                                </technique>
                              </extra>
                            </node>
                            <node id="GanondorfRig_mFaceEyebrowInnerRight" name="mFaceEyebrowInnerRight" sid="mFaceEyebrowInnerRight" type="JOINT">
                              <matrix sid="transform">1 0 0 0.075 0 1 0 -0.022 0 0 1 0.051 0 0 0 1</matrix>
                              <extra>
                                <technique profile="blender">
                                  <layer sid="layer" type="string">0</layer>
                                  <tip_x sid="tip_x" type="float">0</tip_x>
                                  <tip_y sid="tip_y" type="float">0.02999997</tip_y>
                                  <tip_z sid="tip_z" type="float">0</tip_z>
                                </technique>
                              </extra>
                            </node>
                            <node id="GanondorfRig_mFaceEyeLidUpperLeft" name="mFaceEyeLidUpperLeft" sid="mFaceEyeLidUpperLeft" type="JOINT">
                              <matrix sid="transform">1 0 0 0.073 0 1 0 0.036 0 0 1 0.03399992 0 0 0 1</matrix>
                              <extra>
                                <technique profile="blender">
                                  <layer sid="layer" type="string">0</layer>
                                  <tip_x sid="tip_x" type="float">0</tip_x>
                                  <tip_y sid="tip_y" type="float">0.02999997</tip_y>
                                  <tip_z sid="tip_z" type="float">0</tip_z>
                                </technique>
                              </extra>
                            </node>
                            <node id="GanondorfRig_mFaceEyeLidLowerLeft" name="mFaceEyeLidLowerLeft" sid="mFaceEyeLidLowerLeft" type="JOINT">
                              <matrix sid="transform">1 0 0 0.073 0 1 0 0.036 0 0 1 0.03399992 0 0 0 1</matrix>
                              <extra>
                                <technique profile="blender">
                                  <layer sid="layer" type="string">0</layer>
                                  <tip_x sid="tip_x" type="float">0</tip_x>
                                  <tip_y sid="tip_y" type="float">0.02999997</tip_y>
                                  <tip_z sid="tip_z" type="float">0</tip_z>
                                </technique>
                              </extra>
                            </node>
                            <node id="GanondorfRig_mFaceEyeLidUpperRight" name="mFaceEyeLidUpperRight" sid="mFaceEyeLidUpperRight" type="JOINT">
                              <matrix sid="transform">1 0 0 0.073 0 1 0 -0.036 0 0 1 0.03399992 0 0 0 1</matrix>
                              <extra>
                                <technique profile="blender">
                                  <layer sid="layer" type="string">0</layer>
                                  <tip_x sid="tip_x" type="float">0</tip_x>
                                  <tip_y sid="tip_y" type="float">0.02999997</tip_y>
                                  <tip_z sid="tip_z" type="float">0</tip_z>
                                </technique>
                              </extra>
                            </node>
                            <node id="GanondorfRig_mFaceEyeLidLowerRight" name="mFaceEyeLidLowerRight" sid="mFaceEyeLidLowerRight" type="JOINT">
                              <matrix sid="transform">1 0 0 0.073 0 1 0 -0.036 0 0 1 0.03399992 0 0 0 1</matrix>
                              <extra>
                                <technique profile="blender">
                                  <layer sid="layer" type="string">0</layer>
                                  <tip_x sid="tip_x" type="float">0</tip_x>
                                  <tip_y sid="tip_y" type="float">0.02999997</tip_y>
                                  <tip_z sid="tip_z" type="float">0</tip_z>
                                </technique>
                              </extra>
                            </node>
                            <node id="GanondorfRig_mFaceEar1Left" name="mFaceEar1Left" sid="mFaceEar1Left" type="JOINT">
                              <matrix sid="transform">1 0 0 0 0 1 0 0.08 0 0 1 0.001999974 0 0 0 1</matrix>
                              <node id="GanondorfRig_mFaceEar2Left" name="mFaceEar2Left" sid="mFaceEar2Left" type="JOINT">
                                <matrix sid="transform">1 0 0 -0.019 0 1 0 0.018 0 0 1 0.02499998 0 0 0 1</matrix>
                                <extra>
                                  <technique profile="blender">
                                    <layer sid="layer" type="string">0</layer>
                                    <tip_x sid="tip_x" type="float">0</tip_x>
                                    <tip_y sid="tip_y" type="float">0.02999997</tip_y>
                                    <tip_z sid="tip_z" type="float">0</tip_z>
                                  </technique>
                                </extra>
                              </node>
                              <extra>
                                <technique profile="blender">
                                  <layer sid="layer" type="string">0</layer>
                                  <tip_x sid="tip_x" type="float">0</tip_x>
                                  <tip_y sid="tip_y" type="float">0.02999997</tip_y>
                                  <tip_z sid="tip_z" type="float">0</tip_z>
                                </technique>
                              </extra>
                            </node>
                            <node id="GanondorfRig_mFaceEar1Right" name="mFaceEar1Right" sid="mFaceEar1Right" type="JOINT">
                              <matrix sid="transform">1 0 0 0 0 1 0 -0.08 0 0 1 0.001999974 0 0 0 1</matrix>
                              <node id="GanondorfRig_mFaceEar2Right" name="mFaceEar2Right" sid="mFaceEar2Right" type="JOINT">
                                <matrix sid="transform">1 0 0 -0.019 0 1 0 -0.018 0 0 1 0.02499998 0 0 0 1</matrix>
                                <extra>
                                  <technique profile="blender">
                                    <layer sid="layer" type="string">0</layer>
                                    <tip_x sid="tip_x" type="float">0</tip_x>
                                    <tip_y sid="tip_y" type="float">0.02999997</tip_y>
                                    <tip_z sid="tip_z" type="float">0</tip_z>
                                  </technique>
                                </extra>
                              </node>
                              <extra>
                                <technique profile="blender">
                                  <layer sid="layer" type="string">0</layer>
                                  <tip_x sid="tip_x" type="float">0</tip_x>
                                  <tip_y sid="tip_y" type="float">0.02999997</tip_y>
                                  <tip_z sid="tip_z" type="float">0</tip_z>
                                </technique>
                              </extra>
                            </node>
                            <node id="GanondorfRig_mFaceNoseLeft" name="mFaceNoseLeft" sid="mFaceNoseLeft" type="JOINT">
                              <matrix sid="transform">1 0 0 0.086 0 1 0 0.015 0 0 1 -0.004000068 0 0 0 1</matrix>
                              <extra>
                                <technique profile="blender">
                                  <layer sid="layer" type="string">0</layer>
                                  <tip_x sid="tip_x" type="float">0</tip_x>
                                  <tip_y sid="tip_y" type="float">0.02999997</tip_y>
                                  <tip_z sid="tip_z" type="float">0</tip_z>
                                </technique>
                              </extra>
                            </node>
                            <node id="GanondorfRig_mFaceNoseCenter" name="mFaceNoseCenter" sid="mFaceNoseCenter" type="JOINT">
                              <matrix sid="transform">1 0 0 0.102 0 1 0 0 0 0 1 0 0 0 0 1</matrix>
                              <extra>
                                <technique profile="blender">
                                  <layer sid="layer" type="string">0</layer>
                                  <tip_x sid="tip_x" type="float">0</tip_x>
                                  <tip_y sid="tip_y" type="float">0.02999997</tip_y>
                                  <tip_z sid="tip_z" type="float">0</tip_z>
                                </technique>
                              </extra>
                            </node>
                            <node id="GanondorfRig_mFaceNoseRight" name="mFaceNoseRight" sid="mFaceNoseRight" type="JOINT">
                              <matrix sid="transform">1 0 0 0.086 0 1 0 -0.015 0 0 1 -0.004000068 0 0 0 1</matrix>
                              <extra>
                                <technique profile="blender">
                                  <layer sid="layer" type="string">0</layer>
                                  <tip_x sid="tip_x" type="float">0</tip_x>
                                  <tip_y sid="tip_y" type="float">0.02999997</tip_y>
                                  <tip_z sid="tip_z" type="float">0</tip_z>
                                </technique>
                              </extra>
                            </node>
                            <node id="GanondorfRig_mFaceCheekLowerLeft" name="mFaceCheekLowerLeft" sid="mFaceCheekLowerLeft" type="JOINT">
                              <matrix sid="transform">1 0 0 0.05 0 1 0 0.034 0 0 1 -0.03100002 0 0 0 1</matrix>
                              <extra>
                                <technique profile="blender">
                                  <layer sid="layer" type="string">0</layer>
                                  <tip_x sid="tip_x" type="float">0</tip_x>
                                  <tip_y sid="tip_y" type="float">0.02999997</tip_y>
                                  <tip_z sid="tip_z" type="float">0</tip_z>
                                </technique>
                              </extra>
                            </node>
                            <node id="GanondorfRig_mFaceCheekUpperLeft" name="mFaceCheekUpperLeft" sid="mFaceCheekUpperLeft" type="JOINT">
                              <matrix sid="transform">1 0 0 0.07 0 1 0 0.034 0 0 1 -0.004999995 0 0 0 1</matrix>
                              <extra>
                                <technique profile="blender">
                                  <layer sid="layer" type="string">0</layer>
                                  <tip_x sid="tip_x" type="float">0</tip_x>
                                  <tip_y sid="tip_y" type="float">0.02999997</tip_y>
                                  <tip_z sid="tip_z" type="float">0</tip_z>
                                </technique>
                              </extra>
                            </node>
                            <node id="GanondorfRig_mFaceCheekLowerRight" name="mFaceCheekLowerRight" sid="mFaceCheekLowerRight" type="JOINT">
                              <matrix sid="transform">1 0 0 0.05 0 1 0 -0.034 0 0 1 -0.03100002 0 0 0 1</matrix>
                              <extra>
                                <technique profile="blender">
                                  <layer sid="layer" type="string">0</layer>
                                  <tip_x sid="tip_x" type="float">0</tip_x>
                                  <tip_y sid="tip_y" type="float">0.02999997</tip_y>
                                  <tip_z sid="tip_z" type="float">0</tip_z>
                                </technique>
                              </extra>
                            </node>
                            <node id="GanondorfRig_mFaceCheekUpperRight" name="mFaceCheekUpperRight" sid="mFaceCheekUpperRight" type="JOINT">
                              <matrix sid="transform">1 0 0 0.07 0 1 0 -0.034 0 0 1 -0.004999995 0 0 0 1</matrix>
                              <extra>
                                <technique profile="blender">
                                  <layer sid="layer" type="string">0</layer>
                                  <tip_x sid="tip_x" type="float">0</tip_x>
                                  <tip_y sid="tip_y" type="float">0.02999997</tip_y>
                                  <tip_z sid="tip_z" type="float">0</tip_z>
                                </technique>
                              </extra>
                            </node>
                            <node id="GanondorfRig_mFaceJaw" name="mFaceJaw" sid="mFaceJaw" type="JOINT">
                              <matrix sid="transform">1 0 0 -0.001 0 1 0 0 0 0 1 -0.01499999 0 0 0 1</matrix>
                              <node id="GanondorfRig_mFaceChin" name="mFaceChin" sid="mFaceChin" type="JOINT">
                                <matrix sid="transform">1 0 0 0.074 0 1 0 0 0 0 1 -0.05400002 0 0 0 1</matrix>
                                <extra>
                                  <technique profile="blender">
                                    <layer sid="layer" type="string">0</layer>
                                    <tip_x sid="tip_x" type="float">0</tip_x>
                                    <tip_y sid="tip_y" type="float">0.02999997</tip_y>
                                    <tip_z sid="tip_z" type="float">0</tip_z>
                                  </technique>
                                </extra>
                              </node>
                              <node id="GanondorfRig_mFaceTeethLower" name="mFaceTeethLower" sid="mFaceTeethLower" type="JOINT">
                                <matrix sid="transform">1 0 0 0.021 0 1 0 0 0 0 1 -0.03900003 0 0 0 1</matrix>
                                <node id="GanondorfRig_mFaceLipLowerLeft" name="mFaceLipLowerLeft" sid="mFaceLipLowerLeft" type="JOINT">
                                  <matrix sid="transform">1 0 0 0.045 0 1 0 0 0 0 1 0 0 0 0 1</matrix>
                                  <extra>
                                    <technique profile="blender">
                                      <layer sid="layer" type="string">0</layer>
                                      <tip_x sid="tip_x" type="float">0</tip_x>
                                      <tip_y sid="tip_y" type="float">0.02999997</tip_y>
                                      <tip_z sid="tip_z" type="float">0</tip_z>
                                    </technique>
                                  </extra>
                                </node>
                                <node id="GanondorfRig_mFaceLipLowerRight" name="mFaceLipLowerRight" sid="mFaceLipLowerRight" type="JOINT">
                                  <matrix sid="transform">1 0 0 0.045 0 1 0 0 0 0 1 0 0 0 0 1</matrix>
                                  <extra>
                                    <technique profile="blender">
                                      <layer sid="layer" type="string">0</layer>
                                      <tip_x sid="tip_x" type="float">0</tip_x>
                                      <tip_y sid="tip_y" type="float">0.02999997</tip_y>
                                      <tip_z sid="tip_z" type="float">0</tip_z>
                                    </technique>
                                  </extra>
                                </node>
                                <node id="GanondorfRig_mFaceLipLowerCenter" name="mFaceLipLowerCenter" sid="mFaceLipLowerCenter" type="JOINT">
                                  <matrix sid="transform">1 0 0 0.045 0 1 0 0 0 0 1 0 0 0 0 1</matrix>
                                  <extra>
                                    <technique profile="blender">
                                      <layer sid="layer" type="string">0</layer>
                                      <tip_x sid="tip_x" type="float">0</tip_x>
                                      <tip_y sid="tip_y" type="float">0.02999997</tip_y>
                                      <tip_z sid="tip_z" type="float">0</tip_z>
                                    </technique>
                                  </extra>
                                </node>
                                <node id="GanondorfRig_mFaceTongueBase" name="mFaceTongueBase" sid="mFaceTongueBase" type="JOINT">
                                  <matrix sid="transform">1 0 0 0.039 0 1 0 0 0 0 1 0.004999995 0 0 0 1</matrix>
                                  <node id="GanondorfRig_mFaceTongueTip" name="mFaceTongueTip" sid="mFaceTongueTip" type="JOINT">
                                    <matrix sid="transform">1 0 0 0.022 0 1 0 0 0 0 1 0.006999969 0 0 0 1</matrix>
                                    <extra>
                                      <technique profile="blender">
                                        <layer sid="layer" type="string">0</layer>
                                        <tip_x sid="tip_x" type="float">0</tip_x>
                                        <tip_y sid="tip_y" type="float">0.02999997</tip_y>
                                        <tip_z sid="tip_z" type="float">0</tip_z>
                                      </technique>
                                    </extra>
                                  </node>
                                  <extra>
                                    <technique profile="blender">
                                      <layer sid="layer" type="string">0</layer>
                                      <tip_x sid="tip_x" type="float">0</tip_x>
                                      <tip_y sid="tip_y" type="float">0.02999997</tip_y>
                                      <tip_z sid="tip_z" type="float">0</tip_z>
                                    </technique>
                                  </extra>
                                </node>
                                <extra>
                                  <technique profile="blender">
                                    <layer sid="layer" type="string">0</layer>
                                    <tip_x sid="tip_x" type="float">0</tip_x>
                                    <tip_y sid="tip_y" type="float">0.02999997</tip_y>
                                    <tip_z sid="tip_z" type="float">0</tip_z>
                                  </technique>
                                </extra>
                              </node>
                              <extra>
                                <technique profile="blender">
                                  <layer sid="layer" type="string">0</layer>
                                  <tip_x sid="tip_x" type="float">0</tip_x>
                                  <tip_y sid="tip_y" type="float">0.02999997</tip_y>
                                  <tip_z sid="tip_z" type="float">0</tip_z>
                                </technique>
                              </extra>
                            </node>
                            <node id="GanondorfRig_mFaceJawShaper" name="mFaceJawShaper" sid="mFaceJawShaper" type="JOINT">
                              <matrix sid="transform">1 0 0 0 0 1 0 0 0 0 1 0 0 0 0 1</matrix>
                              <extra>
                                <technique profile="blender">
                                  <layer sid="layer" type="string">0</layer>
                                  <tip_x sid="tip_x" type="float">0</tip_x>
                                  <tip_y sid="tip_y" type="float">0.02999997</tip_y>
                                  <tip_z sid="tip_z" type="float">0</tip_z>
                                </technique>
                              </extra>
                            </node>
                            <node id="GanondorfRig_mFaceForeheadCenter" name="mFaceForeheadCenter" sid="mFaceForeheadCenter" type="JOINT">
                              <matrix sid="transform">1 0 0 0.069 0 1 0 0 0 0 1 0.06499994 0 0 0 1</matrix>
                              <extra>
                                <technique profile="blender">
                                  <layer sid="layer" type="string">0</layer>
                                  <tip_x sid="tip_x" type="float">0</tip_x>
                                  <tip_y sid="tip_y" type="float">0.02999997</tip_y>
                                  <tip_z sid="tip_z" type="float">0</tip_z>
                                </technique>
                              </extra>
                            </node>
                            <node id="GanondorfRig_mFaceNoseBase" name="mFaceNoseBase" sid="mFaceNoseBase" type="JOINT">
                              <matrix sid="transform">1 0 0 0.094 0 1 0 0 0 0 1 -0.01600003 0 0 0 1</matrix>
                              <extra>
                                <technique profile="blender">
                                  <layer sid="layer" type="string">0</layer>
                                  <tip_x sid="tip_x" type="float">0</tip_x>
                                  <tip_y sid="tip_y" type="float">0.02999997</tip_y>
                                  <tip_z sid="tip_z" type="float">0</tip_z>
                                </technique>
                              </extra>
                            </node>
                            <node id="GanondorfRig_mFaceTeethUpper" name="mFaceTeethUpper" sid="mFaceTeethUpper" type="JOINT">
                              <matrix sid="transform">1 0 0 0.02 0 1 0 0 0 0 1 -0.03000009 0 0 0 1</matrix>
                              <node id="GanondorfRig_mFaceLipUpperLeft" name="mFaceLipUpperLeft" sid="mFaceLipUpperLeft" type="JOINT">
                                <matrix sid="transform">1 0 0 0.045 0 1 0 0 0 0 1 -0.002999902 0 0 0 1</matrix>
                                <extra>
                                  <technique profile="blender">
                                    <layer sid="layer" type="string">0</layer>
                                    <tip_x sid="tip_x" type="float">0</tip_x>
                                    <tip_y sid="tip_y" type="float">0.02999997</tip_y>
                                    <tip_z sid="tip_z" type="float">0</tip_z>
                                  </technique>
                                </extra>
                              </node>
                              <node id="GanondorfRig_mFaceLipUpperRight" name="mFaceLipUpperRight" sid="mFaceLipUpperRight" type="JOINT">
                                <matrix sid="transform">1 0 0 0.045 0 1 0 0 0 0 1 -0.002999902 0 0 0 1</matrix>
                                <extra>
                                  <technique profile="blender">
                                    <layer sid="layer" type="string">0</layer>
                                    <tip_x sid="tip_x" type="float">0</tip_x>
                                    <tip_y sid="tip_y" type="float">0.02999997</tip_y>
                                    <tip_z sid="tip_z" type="float">0</tip_z>
                                  </technique>
                                </extra>
                              </node>
                              <node id="GanondorfRig_mFaceLipCornerLeft" name="mFaceLipCornerLeft" sid="mFaceLipCornerLeft" type="JOINT">
                                <matrix sid="transform">1 0 0 0.028 0 1 0 -0.019 0 0 1 -0.00999999 0 0 0 1</matrix>
                                <extra>
                                  <technique profile="blender">
                                    <layer sid="layer" type="string">0</layer>
                                    <tip_x sid="tip_x" type="float">0</tip_x>
                                    <tip_y sid="tip_y" type="float">0.02999997</tip_y>
                                    <tip_z sid="tip_z" type="float">0</tip_z>
                                  </technique>
                                </extra>
                              </node>
                              <node id="GanondorfRig_mFaceLipCornerRight" name="mFaceLipCornerRight" sid="mFaceLipCornerRight" type="JOINT">
                                <matrix sid="transform">1 0 0 0.028 0 1 0 0.019 0 0 1 -0.00999999 0 0 0 1</matrix>
                                <extra>
                                  <technique profile="blender">
                                    <layer sid="layer" type="string">0</layer>
                                    <tip_x sid="tip_x" type="float">0</tip_x>
                                    <tip_y sid="tip_y" type="float">0.02999997</tip_y>
                                    <tip_z sid="tip_z" type="float">0</tip_z>
                                  </technique>
                                </extra>
                              </node>
                              <node id="GanondorfRig_mFaceLipUpperCenter" name="mFaceLipUpperCenter" sid="mFaceLipUpperCenter" type="JOINT">
                                <matrix sid="transform">1 0 0 0.045 0 1 0 0 0 0 1 -0.002999902 0 0 0 1</matrix>
                                <extra>
                                  <technique profile="blender">
                                    <layer sid="layer" type="string">0</layer>
                                    <tip_x sid="tip_x" type="float">0</tip_x>
                                    <tip_y sid="tip_y" type="float">0.02999997</tip_y>
                                    <tip_z sid="tip_z" type="float">0</tip_z>
                                  </technique>
                                </extra>
                              </node>
                              <extra>
                                <technique profile="blender">
                                  <layer sid="layer" type="string">0</layer>
                                  <tip_x sid="tip_x" type="float">0</tip_x>
                                  <tip_y sid="tip_y" type="float">0.02999997</tip_y>
                                  <tip_z sid="tip_z" type="float">0</tip_z>
                                </technique>
                              </extra>
                            </node>
                            <node id="GanondorfRig_mFaceEyecornerInnerLeft" name="mFaceEyecornerInnerLeft" sid="mFaceEyecornerInnerLeft" type="JOINT">
                              <matrix sid="transform">1 0 0 0.075 0 1 0 0.017 0 0 1 0.03199995 0 0 0 1</matrix>
                              <extra>
                                <technique profile="blender">
                                  <layer sid="layer" type="string">0</layer>
                                  <tip_x sid="tip_x" type="float">0</tip_x>
                                  <tip_y sid="tip_y" type="float">0.02999997</tip_y>
                                  <tip_z sid="tip_z" type="float">0</tip_z>
                                </technique>
                              </extra>
                            </node>
                            <node id="GanondorfRig_mFaceEyecornerInnerRight" name="mFaceEyecornerInnerRight" sid="mFaceEyecornerInnerRight" type="JOINT">
                              <matrix sid="transform">1 0 0 0.075 0 1 0 -0.017 0 0 1 0.03199995 0 0 0 1</matrix>
                              <extra>
                                <technique profile="blender">
                                  <layer sid="layer" type="string">0</layer>
                                  <tip_x sid="tip_x" type="float">0</tip_x>
                                  <tip_y sid="tip_y" type="float">0.02999997</tip_y>
                                  <tip_z sid="tip_z" type="float">0</tip_z>
                                </technique>
                              </extra>
                            </node>
                            <node id="GanondorfRig_mFaceNoseBridge" name="mFaceNoseBridge" sid="mFaceNoseBridge" type="JOINT">
                              <matrix sid="transform">1 0 0 0.091 0 1 0 0 0 0 1 0.01999998 0 0 0 1</matrix>
                              <extra>
                                <technique profile="blender">
                                  <layer sid="layer" type="string">0</layer>
                                  <tip_x sid="tip_x" type="float">0</tip_x>
                                  <tip_y sid="tip_y" type="float">0.02999997</tip_y>
                                  <tip_z sid="tip_z" type="float">0</tip_z>
                                </technique>
                              </extra>
                            </node>
                            <extra>
                              <technique profile="blender">
                                <layer sid="layer" type="string">0</layer>
                                <tip_x sid="tip_x" type="float">0</tip_x>
                                <tip_y sid="tip_y" type="float">0.02999997</tip_y>
                                <tip_z sid="tip_z" type="float">0</tip_z>
                              </technique>
                            </extra>
                          </node>
                          <extra>
                            <technique profile="blender">
                              <layer sid="layer" type="string">0</layer>
                              <tip_x sid="tip_x" type="float">0</tip_x>
                              <tip_y sid="tip_y" type="float">0.02999997</tip_y>
                              <tip_z sid="tip_z" type="float">0</tip_z>
                            </technique>
                          </extra>
                        </node>
                        <extra>
                          <technique profile="blender">
                            <layer sid="layer" type="string">0</layer>
                            <tip_x sid="tip_x" type="float">0</tip_x>
                            <tip_y sid="tip_y" type="float">0.02999997</tip_y>
                            <tip_z sid="tip_z" type="float">0</tip_z>
                          </technique>
                        </extra>
                      </node>
                      <node id="GanondorfRig_mCollarLeft" name="mCollarLeft" sid="mCollarLeft" type="JOINT">
                        <matrix sid="transform">1 0 0 -0.021 0 1 0 0.085 0 0 1 0.1650001 0 0 0 1</matrix>
                        <node id="GanondorfRig_L_CLAVICLE" name="L_CLAVICLE" sid="L_CLAVICLE" type="JOINT">
                          <matrix sid="transform">1 0 0 0.02 0 1 0 0 0 0 1 0.01999998 0 0 0 1</matrix>
                          <extra>
                            <technique profile="blender">
                              <layer sid="layer" type="string">0</layer>
                              <tip_x sid="tip_x" type="float">0</tip_x>
                              <tip_y sid="tip_y" type="float">0.02999997</tip_y>
                              <tip_z sid="tip_z" type="float">0</tip_z>
                            </technique>
                          </extra>
                        </node>
                        <node id="GanondorfRig_mShoulderLeft" name="mShoulderLeft" sid="mShoulderLeft" type="JOINT">
                          <matrix sid="transform">1 0 0 0 0 1 0 0.079 0 0 1 0 0 0 0 1</matrix>
                          <node id="GanondorfRig_L_UPPER_ARM" name="L_UPPER_ARM" sid="L_UPPER_ARM" type="JOINT">
                            <matrix sid="transform">1 0 0 0 0 1 0 0.12 0 0 1 0.00999999 0 0 0 1</matrix>
                            <extra>
                              <technique profile="blender">
                                <layer sid="layer" type="string">0</layer>
                                <tip_x sid="tip_x" type="float">0</tip_x>
                                <tip_y sid="tip_y" type="float">0.02988582</tip_y>
                                <tip_z sid="tip_z" type="float">-0.002614617</tip_z>
                              </technique>
                            </extra>
                          </node>
                          <node id="GanondorfRig_mElbowLeft" name="mElbowLeft" sid="mElbowLeft" type="JOINT">
                            <matrix sid="transform">1 0 0 0 0 1 0 0.248 0 0 1 0 0 0 0 1</matrix>
                            <node id="GanondorfRig_L_LOWER_ARM" name="L_LOWER_ARM" sid="L_LOWER_ARM" type="JOINT">
                              <matrix sid="transform">1 0 0 0 0 0.9999999 0 0.1 0 0 0.9999999 0 0 0 0 1</matrix>
                              <extra>
                                <technique profile="blender">
                                  <layer sid="layer" type="string">0</layer>
                                  <tip_x sid="tip_x" type="float">0</tip_x>
                                  <tip_y sid="tip_y" type="float">0.0299589</tip_y>
                                  <tip_z sid="tip_z" type="float">-0.001570105</tip_z>
                                </technique>
                              </extra>
                            </node>
                            <node id="GanondorfRig_mWristLeft" name="mWristLeft" sid="mWristLeft" type="JOINT">
                              <matrix sid="transform">1 0 0 0 0 1 0 0.205 0 0 1 0 0 0 0 1</matrix>
                              <node id="GanondorfRig_L_HAND" name="L_HAND" sid="L_HAND" type="JOINT">
                                <matrix sid="transform">0.9999999 -7.567e-10 9.31323e-10 0.009999998 1.41154e-8 0.9999999 3.72529e-9 0.05000001 -9.31323e-10 3.72529e-9 1 0 0 0 0 1</matrix>
                                <extra>
                                  <technique profile="blender">
                                    <layer sid="layer" type="string">0</layer>
                                    <roll sid="roll" type="float">0.004581928</roll>
                                    <tip_x sid="tip_x" type="float">0.005202293</tip_x>
                                    <tip_y sid="tip_y" type="float">0.02950376</tip_y>
                                    <tip_z sid="tip_z" type="float">-0.001570105</tip_z>
                                  </technique>
                                </extra>
                              </node>
                              <node id="GanondorfRig_mHandMiddle1Left" name="mHandMiddle1Left" sid="mHandMiddle1Left" type="JOINT">
                                <matrix sid="transform">1 0 0 0.013 0 1 0 0.101 0 0 1 0.01499999 0 0 0 1</matrix>
                                <node id="GanondorfRig_mHandMiddle2Left" name="mHandMiddle2Left" sid="mHandMiddle2Left" type="JOINT">
                                  <matrix sid="transform">1 0 0 -0.001 0 1 0 0.04000002 0 0 1 -0.006000042 0 0 0 1</matrix>
                                  <node id="GanondorfRig_mHandMiddle3Left" name="mHandMiddle3Left" sid="mHandMiddle3Left" type="JOINT">
                                    <matrix sid="transform">1 0 0 -0.001 0 1 0 0.04899997 0 0 1 -0.008000016 0 0 0 1</matrix>
                                    <extra>
                                      <technique profile="blender">
                                        <layer sid="layer" type="string">0</layer>
                                        <tip_x sid="tip_x" type="float">0</tip_x>
                                        <tip_y sid="tip_y" type="float">0.02999997</tip_y>
                                        <tip_z sid="tip_z" type="float">0</tip_z>
                                      </technique>
                                    </extra>
                                  </node>
                                  <extra>
                                    <technique profile="blender">
                                      <layer sid="layer" type="string">0</layer>
                                      <tip_x sid="tip_x" type="float">0</tip_x>
                                      <tip_y sid="tip_y" type="float">0.02999997</tip_y>
                                      <tip_z sid="tip_z" type="float">0</tip_z>
                                    </technique>
                                  </extra>
                                </node>
                                <extra>
                                  <technique profile="blender">
                                    <layer sid="layer" type="string">0</layer>
                                    <tip_x sid="tip_x" type="float">0</tip_x>
                                    <tip_y sid="tip_y" type="float">0.02999997</tip_y>
                                    <tip_z sid="tip_z" type="float">0</tip_z>
                                  </technique>
                                </extra>
                              </node>
                              <node id="GanondorfRig_mHandIndex1Left" name="mHandIndex1Left" sid="mHandIndex1Left" type="JOINT">
                                <matrix sid="transform">1 0 0 0.038 0 1 0 0.097 0 0 1 0.01499999 0 0 0 1</matrix>
                                <node id="GanondorfRig_mHandIndex2Left" name="mHandIndex2Left" sid="mHandIndex2Left" type="JOINT">
                                  <matrix sid="transform">1 0 0 0.017 0 1 0 0.03600001 0 0 1 -0.006000042 0 0 0 1</matrix>
                                  <node id="GanondorfRig_mHandIndex3Left" name="mHandIndex3Left" sid="mHandIndex3Left" type="JOINT">
                                    <matrix sid="transform">1 0 0 0.014 0 1 0 0.03200001 0 0 1 -0.005999923 0 0 0 1</matrix>
                                    <extra>
                                      <technique profile="blender">
                                        <layer sid="layer" type="string">0</layer>
                                        <tip_x sid="tip_x" type="float">0</tip_x>
                                        <tip_y sid="tip_y" type="float">0.02999997</tip_y>
                                        <tip_z sid="tip_z" type="float">0</tip_z>
                                      </technique>
                                    </extra>
                                  </node>
                                  <extra>
                                    <technique profile="blender">
                                      <layer sid="layer" type="string">0</layer>
                                      <tip_x sid="tip_x" type="float">0</tip_x>
                                      <tip_y sid="tip_y" type="float">0.02999997</tip_y>
                                      <tip_z sid="tip_z" type="float">0</tip_z>
                                    </technique>
                                  </extra>
                                </node>
                                <extra>
                                  <technique profile="blender">
                                    <layer sid="layer" type="string">0</layer>
                                    <tip_x sid="tip_x" type="float">0</tip_x>
                                    <tip_y sid="tip_y" type="float">0.02999997</tip_y>
                                    <tip_z sid="tip_z" type="float">0</tip_z>
                                  </technique>
                                </extra>
                              </node>
                              <node id="GanondorfRig_mHandRing1Left" name="mHandRing1Left" sid="mHandRing1Left" type="JOINT">
                                <matrix sid="transform">1 0 0 -0.01 0 1 0 0.09900004 0 0 1 0.008999944 0 0 0 1</matrix>
                                <node id="GanondorfRig_mHandRing2Left" name="mHandRing2Left" sid="mHandRing2Left" type="JOINT">
                                  <matrix sid="transform">1 0 0 -0.013 0 1 0 0.03799999 0 0 1 -0.008000016 0 0 0 1</matrix>
                                  <node id="GanondorfRig_mHandRing3Left" name="mHandRing3Left" sid="mHandRing3Left" type="JOINT">
                                    <matrix sid="transform">1 0 0 -0.013 0 1 0 0.04000002 0 0 1 -0.008999944 0 0 0 1</matrix>
                                    <extra>
                                      <technique profile="blender">
                                        <layer sid="layer" type="string">0</layer>
                                        <tip_x sid="tip_x" type="float">0</tip_x>
                                        <tip_y sid="tip_y" type="float">0.02999997</tip_y>
                                        <tip_z sid="tip_z" type="float">0</tip_z>
                                      </technique>
                                    </extra>
                                  </node>
                                  <extra>
                                    <technique profile="blender">
                                      <layer sid="layer" type="string">0</layer>
                                      <tip_x sid="tip_x" type="float">0</tip_x>
                                      <tip_y sid="tip_y" type="float">0.02999997</tip_y>
                                      <tip_z sid="tip_z" type="float">0</tip_z>
                                    </technique>
                                  </extra>
                                </node>
                                <extra>
                                  <technique profile="blender">
                                    <layer sid="layer" type="string">0</layer>
                                    <tip_x sid="tip_x" type="float">0</tip_x>
                                    <tip_y sid="tip_y" type="float">0.02999997</tip_y>
                                    <tip_z sid="tip_z" type="float">0</tip_z>
                                  </technique>
                                </extra>
                              </node>
                              <node id="GanondorfRig_mHandPinky1Left" name="mHandPinky1Left" sid="mHandPinky1Left" type="JOINT">
                                <matrix sid="transform">1 0 0 -0.031 0 1 0 0.09500003 0 0 1 0.003000021 0 0 0 1</matrix>
                                <node id="GanondorfRig_mHandPinky2Left" name="mHandPinky2Left" sid="mHandPinky2Left" type="JOINT">
                                  <matrix sid="transform">1 0 0 -0.024 0 1 0 0.02499998 0 0 1 -0.006000042 0 0 0 1</matrix>
                                  <node id="GanondorfRig_mHandPinky3Left" name="mHandPinky3Left" sid="mHandPinky3Left" type="JOINT">
                                    <matrix sid="transform">1 0 0 -0.015 0 1 0 0.01800001 0 0 1 -0.003999949 0 0 0 1</matrix>
                                    <extra>
                                      <technique profile="blender">
                                        <layer sid="layer" type="string">0</layer>
                                        <tip_x sid="tip_x" type="float">0</tip_x>
                                        <tip_y sid="tip_y" type="float">0.02999997</tip_y>
                                        <tip_z sid="tip_z" type="float">0</tip_z>
                                      </technique>
                                    </extra>
                                  </node>
                                  <extra>
                                    <technique profile="blender">
                                      <layer sid="layer" type="string">0</layer>
                                      <tip_x sid="tip_x" type="float">0</tip_x>
                                      <tip_y sid="tip_y" type="float">0.02999997</tip_y>
                                      <tip_z sid="tip_z" type="float">0</tip_z>
                                    </technique>
                                  </extra>
                                </node>
                                <extra>
                                  <technique profile="blender">
                                    <layer sid="layer" type="string">0</layer>
                                    <tip_x sid="tip_x" type="float">0</tip_x>
                                    <tip_y sid="tip_y" type="float">0.02999997</tip_y>
                                    <tip_z sid="tip_z" type="float">0</tip_z>
                                  </technique>
                                </extra>
                              </node>
                              <node id="GanondorfRig_mHandThumb1Left" name="mHandThumb1Left" sid="mHandThumb1Left" type="JOINT">
                                <matrix sid="transform">1 0 0 0.031 0 1 0 0.02600002 0 0 1 0.003999949 0 0 0 1</matrix>
                                <node id="GanondorfRig_mHandThumb2Left" name="mHandThumb2Left" sid="mHandThumb2Left" type="JOINT">
                                  <matrix sid="transform">1 0 0 0.028 0 1 0 0.03200001 0 0 1 -9.99928e-4 0 0 0 1</matrix>
                                  <node id="GanondorfRig_mHandThumb3Left" name="mHandThumb3Left" sid="mHandThumb3Left" type="JOINT">
                                    <matrix sid="transform">1 0 0 0.023 0 1 0 0.03099996 0 0 1 -0.001000047 0 0 0 1</matrix>
                                    <extra>
                                      <technique profile="blender">
                                        <layer sid="layer" type="string">0</layer>
                                        <tip_x sid="tip_x" type="float">0</tip_x>
                                        <tip_y sid="tip_y" type="float">0.02999997</tip_y>
                                        <tip_z sid="tip_z" type="float">0</tip_z>
                                      </technique>
                                    </extra>
                                  </node>
                                  <extra>
                                    <technique profile="blender">
                                      <layer sid="layer" type="string">0</layer>
                                      <tip_x sid="tip_x" type="float">0</tip_x>
                                      <tip_y sid="tip_y" type="float">0.02999997</tip_y>
                                      <tip_z sid="tip_z" type="float">0</tip_z>
                                    </technique>
                                  </extra>
                                </node>
                                <extra>
                                  <technique profile="blender">
                                    <layer sid="layer" type="string">0</layer>
                                    <tip_x sid="tip_x" type="float">0</tip_x>
                                    <tip_y sid="tip_y" type="float">0.02999997</tip_y>
                                    <tip_z sid="tip_z" type="float">0</tip_z>
                                  </technique>
                                </extra>
                              </node>
                              <extra>
                                <technique profile="blender">
                                  <layer sid="layer" type="string">0</layer>
                                  <tip_x sid="tip_x" type="float">0</tip_x>
                                  <tip_y sid="tip_y" type="float">0.02999997</tip_y>
                                  <tip_z sid="tip_z" type="float">0</tip_z>
                                </technique>
                              </extra>
                            </node>
                            <extra>
                              <technique profile="blender">
                                <layer sid="layer" type="string">0</layer>
                                <tip_x sid="tip_x" type="float">0</tip_x>
                                <tip_y sid="tip_y" type="float">0.02999997</tip_y>
                                <tip_z sid="tip_z" type="float">0</tip_z>
                              </technique>
                            </extra>
                          </node>
                          <extra>
                            <technique profile="blender">
                              <layer sid="layer" type="string">0</layer>
                              <tip_x sid="tip_x" type="float">0</tip_x>
                              <tip_y sid="tip_y" type="float">0.02999997</tip_y>
                              <tip_z sid="tip_z" type="float">0</tip_z>
                            </technique>
                          </extra>
                        </node>
                        <extra>
                          <technique profile="blender">
                            <layer sid="layer" type="string">0</layer>
                            <tip_x sid="tip_x" type="float">0</tip_x>
                            <tip_y sid="tip_y" type="float">0.02999997</tip_y>
                            <tip_z sid="tip_z" type="float">0</tip_z>
                          </technique>
                        </extra>
                      </node>
                      <node id="GanondorfRig_mCollarRight" name="mCollarRight" sid="mCollarRight" type="JOINT">
                        <matrix sid="transform">1 0 0 -0.021 0 1 0 -0.085 0 0 1 0.1650001 0 0 0 1</matrix>
                        <node id="GanondorfRig_R_CLAVICLE" name="R_CLAVICLE" sid="R_CLAVICLE" type="JOINT">
                          <matrix sid="transform">1 0 0 0.02 0 1 0 0 0 0 1 0.01999998 0 0 0 1</matrix>
                          <extra>
                            <technique profile="blender">
                              <layer sid="layer" type="string">0</layer>
                              <tip_x sid="tip_x" type="float">0</tip_x>
                              <tip_y sid="tip_y" type="float">0.02999997</tip_y>
                              <tip_z sid="tip_z" type="float">0</tip_z>
                            </technique>
                          </extra>
                        </node>
                        <node id="GanondorfRig_mShoulderRight" name="mShoulderRight" sid="mShoulderRight" type="JOINT">
                          <matrix sid="transform">1 0 0 0 0 1 0 -0.079 0 0 1 0 0 0 0 1</matrix>
                          <node id="GanondorfRig_R_UPPER_ARM" name="R_UPPER_ARM" sid="R_UPPER_ARM" type="JOINT">
                            <matrix sid="transform">1 0 0 0 0 1 0 -0.12 0 0 1 0.00999999 0 0 0 1</matrix>
                            <extra>
                              <technique profile="blender">
                                <layer sid="layer" type="string">0</layer>
                                <tip_x sid="tip_x" type="float">0</tip_x>
                                <tip_y sid="tip_y" type="float">0.02988582</tip_y>
                                <tip_z sid="tip_z" type="float">0.002614617</tip_z>
                              </technique>
                            </extra>
                          </node>
                          <node id="GanondorfRig_mElbowRight" name="mElbowRight" sid="mElbowRight" type="JOINT">
                            <matrix sid="transform">1 0 0 0 0 1 0 -0.248 0 0 1 0 0 0 0 1</matrix>
                            <node id="GanondorfRig_R_LOWER_ARM" name="R_LOWER_ARM" sid="R_LOWER_ARM" type="JOINT">
                              <matrix sid="transform">1 0 0 0 0 1 0 -0.1 0 0 1 0 0 0 0 1</matrix>
                              <extra>
                                <technique profile="blender">
                                  <layer sid="layer" type="string">0</layer>
                                  <tip_x sid="tip_x" type="float">0</tip_x>
                                  <tip_y sid="tip_y" type="float">0.02995884</tip_y>
                                  <tip_z sid="tip_z" type="float">0.001570105</tip_z>
                                </technique>
                              </extra>
                            </node>
                            <node id="GanondorfRig_mWristRight" name="mWristRight" sid="mWristRight" type="JOINT">
                              <matrix sid="transform">1 0 0 0 0 1 0 -0.205 0 0 1 0 0 0 0 1</matrix>
                              <node id="GanondorfRig_R_HAND" name="R_HAND" sid="R_HAND" type="JOINT">
                                <matrix sid="transform">0.9999999 7.567e-10 9.31323e-10 0.009999998 -1.41154e-8 0.9999999 -3.72529e-9 -0.05000001 -9.31323e-10 -3.72529e-9 1 0 0 0 0 1</matrix>
                                <extra>
                                  <technique profile="blender">
                                    <layer sid="layer" type="string">0</layer>
                                    <roll sid="roll" type="float">0.004581928</roll>
                                    <tip_x sid="tip_x" type="float">-0.005202293</tip_x>
                                    <tip_y sid="tip_y" type="float">0.02950376</tip_y>
                                    <tip_z sid="tip_z" type="float">0.001570105</tip_z>
                                  </technique>
                                </extra>
                              </node>
                              <node id="GanondorfRig_mHandMiddle1Right" name="mHandMiddle1Right" sid="mHandMiddle1Right" type="JOINT">
                                <matrix sid="transform">1 0 0 0.013 0 1 0 -0.101 0 0 1 0.01499999 0 0 0 1</matrix>
                                <node id="GanondorfRig_mHandMiddle2Right" name="mHandMiddle2Right" sid="mHandMiddle2Right" type="JOINT">
                                  <matrix sid="transform">1 0 0 -0.001 0 1 0 -0.04000002 0 0 1 -0.006000042 0 0 0 1</matrix>
                                  <node id="GanondorfRig_mHandMiddle3Right" name="mHandMiddle3Right" sid="mHandMiddle3Right" type="JOINT">
                                    <matrix sid="transform">1 0 0 -0.001 0 1 0 -0.04899997 0 0 1 -0.008000016 0 0 0 1</matrix>
                                    <extra>
                                      <technique profile="blender">
                                        <layer sid="layer" type="string">0</layer>
                                        <tip_x sid="tip_x" type="float">0</tip_x>
                                        <tip_y sid="tip_y" type="float">0.02999997</tip_y>
                                        <tip_z sid="tip_z" type="float">0</tip_z>
                                      </technique>
                                    </extra>
                                  </node>
                                  <extra>
                                    <technique profile="blender">
                                      <layer sid="layer" type="string">0</layer>
                                      <tip_x sid="tip_x" type="float">0</tip_x>
                                      <tip_y sid="tip_y" type="float">0.02999997</tip_y>
                                      <tip_z sid="tip_z" type="float">0</tip_z>
                                    </technique>
                                  </extra>
                                </node>
                                <extra>
                                  <technique profile="blender">
                                    <layer sid="layer" type="string">0</layer>
                                    <tip_x sid="tip_x" type="float">0</tip_x>
                                    <tip_y sid="tip_y" type="float">0.02999997</tip_y>
                                    <tip_z sid="tip_z" type="float">0</tip_z>
                                  </technique>
                                </extra>
                              </node>
                              <node id="GanondorfRig_mHandIndex1Right" name="mHandIndex1Right" sid="mHandIndex1Right" type="JOINT">
                                <matrix sid="transform">1 0 0 0.038 0 1 0 -0.097 0 0 1 0.01499999 0 0 0 1</matrix>
                                <node id="GanondorfRig_mHandIndex2Right" name="mHandIndex2Right" sid="mHandIndex2Right" type="JOINT">
                                  <matrix sid="transform">1 0 0 0.017 0 1 0 -0.03600001 0 0 1 -0.006000042 0 0 0 1</matrix>
                                  <node id="GanondorfRig_mHandIndex3Right" name="mHandIndex3Right" sid="mHandIndex3Right" type="JOINT">
                                    <matrix sid="transform">1 0 0 0.014 0 1 0 -0.03200001 0 0 1 -0.005999923 0 0 0 1</matrix>
                                    <extra>
                                      <technique profile="blender">
                                        <layer sid="layer" type="string">0</layer>
                                        <tip_x sid="tip_x" type="float">0</tip_x>
                                        <tip_y sid="tip_y" type="float">0.02999997</tip_y>
                                        <tip_z sid="tip_z" type="float">0</tip_z>
                                      </technique>
                                    </extra>
                                  </node>
                                  <extra>
                                    <technique profile="blender">
                                      <layer sid="layer" type="string">0</layer>
                                      <tip_x sid="tip_x" type="float">0</tip_x>
                                      <tip_y sid="tip_y" type="float">0.02999997</tip_y>
                                      <tip_z sid="tip_z" type="float">0</tip_z>
                                    </technique>
                                  </extra>
                                </node>
                                <extra>
                                  <technique profile="blender">
                                    <layer sid="layer" type="string">0</layer>
                                    <tip_x sid="tip_x" type="float">0</tip_x>
                                    <tip_y sid="tip_y" type="float">0.02999997</tip_y>
                                    <tip_z sid="tip_z" type="float">0</tip_z>
                                  </technique>
                                </extra>
                              </node>
                              <node id="GanondorfRig_mHandRing1Right" name="mHandRing1Right" sid="mHandRing1Right" type="JOINT">
                                <matrix sid="transform">1 0 0 -0.01 0 1 0 -0.09900004 0 0 1 0.008999944 0 0 0 1</matrix>
                                <node id="GanondorfRig_mHandRing2Right" name="mHandRing2Right" sid="mHandRing2Right" type="JOINT">
                                  <matrix sid="transform">1 0 0 -0.013 0 1 0 -0.03799999 0 0 1 -0.008000016 0 0 0 1</matrix>
                                  <node id="GanondorfRig_mHandRing3Right" name="mHandRing3Right" sid="mHandRing3Right" type="JOINT">
                                    <matrix sid="transform">1 0 0 -0.013 0 1 0 -0.04000002 0 0 1 -0.008999944 0 0 0 1</matrix>
                                    <extra>
                                      <technique profile="blender">
                                        <layer sid="layer" type="string">0</layer>
                                        <tip_x sid="tip_x" type="float">0</tip_x>
                                        <tip_y sid="tip_y" type="float">0.02999997</tip_y>
                                        <tip_z sid="tip_z" type="float">0</tip_z>
                                      </technique>
                                    </extra>
                                  </node>
                                  <extra>
                                    <technique profile="blender">
                                      <layer sid="layer" type="string">0</layer>
                                      <tip_x sid="tip_x" type="float">0</tip_x>
                                      <tip_y sid="tip_y" type="float">0.02999997</tip_y>
                                      <tip_z sid="tip_z" type="float">0</tip_z>
                                    </technique>
                                  </extra>
                                </node>
                                <extra>
                                  <technique profile="blender">
                                    <layer sid="layer" type="string">0</layer>
                                    <tip_x sid="tip_x" type="float">0</tip_x>
                                    <tip_y sid="tip_y" type="float">0.02999997</tip_y>
                                    <tip_z sid="tip_z" type="float">0</tip_z>
                                  </technique>
                                </extra>
                              </node>
                              <node id="GanondorfRig_mHandPinky1Right" name="mHandPinky1Right" sid="mHandPinky1Right" type="JOINT">
                                <matrix sid="transform">1 0 0 -0.031 0 1 0 -0.09500003 0 0 1 0.003000021 0 0 0 1</matrix>
                                <node id="GanondorfRig_mHandPinky2Right" name="mHandPinky2Right" sid="mHandPinky2Right" type="JOINT">
                                  <matrix sid="transform">1 0 0 -0.024 0 1 0 -0.02499998 0 0 1 -0.006000042 0 0 0 1</matrix>
                                  <node id="GanondorfRig_mHandPinky3Right" name="mHandPinky3Right" sid="mHandPinky3Right" type="JOINT">
                                    <matrix sid="transform">1 0 0 -0.015 0 1 0 -0.01800001 0 0 1 -0.003999949 0 0 0 1</matrix>
                                    <extra>
                                      <technique profile="blender">
                                        <layer sid="layer" type="string">0</layer>
                                        <tip_x sid="tip_x" type="float">0</tip_x>
                                        <tip_y sid="tip_y" type="float">0.02999997</tip_y>
                                        <tip_z sid="tip_z" type="float">0</tip_z>
                                      </technique>
                                    </extra>
                                  </node>
                                  <extra>
                                    <technique profile="blender">
                                      <layer sid="layer" type="string">0</layer>
                                      <tip_x sid="tip_x" type="float">0</tip_x>
                                      <tip_y sid="tip_y" type="float">0.02999997</tip_y>
                                      <tip_z sid="tip_z" type="float">0</tip_z>
                                    </technique>
                                  </extra>
                                </node>
                                <extra>
                                  <technique profile="blender">
                                    <layer sid="layer" type="string">0</layer>
                                    <tip_x sid="tip_x" type="float">0</tip_x>
                                    <tip_y sid="tip_y" type="float">0.02999997</tip_y>
                                    <tip_z sid="tip_z" type="float">0</tip_z>
                                  </technique>
                                </extra>
                              </node>
                              <node id="GanondorfRig_mHandThumb1Right" name="mHandThumb1Right" sid="mHandThumb1Right" type="JOINT">
                                <matrix sid="transform">1 0 0 0.031 0 1 0 -0.02600002 0 0 1 0.003999949 0 0 0 1</matrix>
                                <node id="GanondorfRig_mHandThumb2Right" name="mHandThumb2Right" sid="mHandThumb2Right" type="JOINT">
                                  <matrix sid="transform">1 0 0 0.028 0 1 0 -0.03200001 0 0 1 -9.99928e-4 0 0 0 1</matrix>
                                  <node id="GanondorfRig_mHandThumb3Right" name="mHandThumb3Right" sid="mHandThumb3Right" type="JOINT">
                                    <matrix sid="transform">1 0 0 0.023 0 1 0 -0.03099996 0 0 1 -0.001000047 0 0 0 1</matrix>
                                    <extra>
                                      <technique profile="blender">
                                        <layer sid="layer" type="string">0</layer>
                                        <tip_x sid="tip_x" type="float">0</tip_x>
                                        <tip_y sid="tip_y" type="float">0.02999997</tip_y>
                                        <tip_z sid="tip_z" type="float">0</tip_z>
                                      </technique>
                                    </extra>
                                  </node>
                                  <extra>
                                    <technique profile="blender">
                                      <layer sid="layer" type="string">0</layer>
                                      <tip_x sid="tip_x" type="float">0</tip_x>
                                      <tip_y sid="tip_y" type="float">0.02999997</tip_y>
                                      <tip_z sid="tip_z" type="float">0</tip_z>
                                    </technique>
                                  </extra>
                                </node>
                                <extra>
                                  <technique profile="blender">
                                    <layer sid="layer" type="string">0</layer>
                                    <tip_x sid="tip_x" type="float">0</tip_x>
                                    <tip_y sid="tip_y" type="float">0.02999997</tip_y>
                                    <tip_z sid="tip_z" type="float">0</tip_z>
                                  </technique>
                                </extra>
                              </node>
                              <extra>
                                <technique profile="blender">
                                  <layer sid="layer" type="string">0</layer>
                                  <tip_x sid="tip_x" type="float">0</tip_x>
                                  <tip_y sid="tip_y" type="float">0.02999997</tip_y>
                                  <tip_z sid="tip_z" type="float">0</tip_z>
                                </technique>
                              </extra>
                            </node>
                            <extra>
                              <technique profile="blender">
                                <layer sid="layer" type="string">0</layer>
                                <tip_x sid="tip_x" type="float">0</tip_x>
                                <tip_y sid="tip_y" type="float">0.02999997</tip_y>
                                <tip_z sid="tip_z" type="float">0</tip_z>
                              </technique>
                            </extra>
                          </node>
                          <extra>
                            <technique profile="blender">
                              <layer sid="layer" type="string">0</layer>
                              <tip_x sid="tip_x" type="float">0</tip_x>
                              <tip_y sid="tip_y" type="float">0.02999997</tip_y>
                              <tip_z sid="tip_z" type="float">0</tip_z>
                            </technique>
                          </extra>
                        </node>
                        <extra>
                          <technique profile="blender">
                            <layer sid="layer" type="string">0</layer>
                            <tip_x sid="tip_x" type="float">0</tip_x>
                            <tip_y sid="tip_y" type="float">0.02999997</tip_y>
                            <tip_z sid="tip_z" type="float">0</tip_z>
                          </technique>
                        </extra>
                      </node>
                      <node id="GanondorfRig_mWingsRoot" name="mWingsRoot" sid="mWingsRoot" type="JOINT">
                        <matrix sid="transform">1 0 0 -0.014 0 1 0 0 0 0 1 0 0 0 0 1</matrix>
                        <node id="GanondorfRig_mWing1Left" name="mWing1Left" sid="mWing1Left" type="JOINT">
                          <matrix sid="transform">1 0 0 -0.09900001 0 1 0 0.105 0 0 1 0.181 0 0 0 1</matrix>
                          <node id="GanondorfRig_mWing2Left" name="mWing2Left" sid="mWing2Left" type="JOINT">
                            <matrix sid="transform">1 0 0 -0.168 0 1 0 0.169 0 0 1 0.06700003 0 0 0 1</matrix>
                            <node id="GanondorfRig_mWing3Left" name="mWing3Left" sid="mWing3Left" type="JOINT">
                              <matrix sid="transform">1 0 0 -0.181 0 1 0 0.183 0 0 1 0 0 0 0 1</matrix>
                              <node id="GanondorfRig_mWing4Left" name="mWing4Left" sid="mWing4Left" type="JOINT">
                                <matrix sid="transform">1 0 0 -0.171 0 1 0 0.173 0 0 1 0 0 0 0 1</matrix>
                                <extra>
                                  <technique profile="blender">
                                    <layer sid="layer" type="string">0</layer>
                                    <tip_x sid="tip_x" type="float">0</tip_x>
                                    <tip_y sid="tip_y" type="float">0.02999997</tip_y>
                                    <tip_z sid="tip_z" type="float">0</tip_z>
                                  </technique>
                                </extra>
                              </node>
                              <node id="GanondorfRig_mWing4FanLeft" name="mWing4FanLeft" sid="mWing4FanLeft" type="JOINT">
                                <matrix sid="transform">1 0 0 -0.171 0 1 0 0.173 0 0 1 0 0 0 0 1</matrix>
                                <extra>
                                  <technique profile="blender">
                                    <layer sid="layer" type="string">0</layer>
                                    <tip_x sid="tip_x" type="float">0</tip_x>
                                    <tip_y sid="tip_y" type="float">0.02999997</tip_y>
                                    <tip_z sid="tip_z" type="float">0</tip_z>
                                  </technique>
                                </extra>
                              </node>
                              <extra>
                                <technique profile="blender">
                                  <layer sid="layer" type="string">0</layer>
                                  <tip_x sid="tip_x" type="float">0</tip_x>
                                  <tip_y sid="tip_y" type="float">0.02999997</tip_y>
                                  <tip_z sid="tip_z" type="float">0</tip_z>
                                </technique>
                              </extra>
                            </node>
                            <extra>
                              <technique profile="blender">
                                <layer sid="layer" type="string">0</layer>
                                <tip_x sid="tip_x" type="float">0</tip_x>
                                <tip_y sid="tip_y" type="float">0.02999997</tip_y>
                                <tip_z sid="tip_z" type="float">0</tip_z>
                              </technique>
                            </extra>
                          </node>
                          <extra>
                            <technique profile="blender">
                              <layer sid="layer" type="string">0</layer>
                              <tip_x sid="tip_x" type="float">0</tip_x>
                              <tip_y sid="tip_y" type="float">0.02999997</tip_y>
                              <tip_z sid="tip_z" type="float">0</tip_z>
                            </technique>
                          </extra>
                        </node>
                        <node id="GanondorfRig_mWing1Right" name="mWing1Right" sid="mWing1Right" type="JOINT">
                          <matrix sid="transform">1 0 0 -0.09900001 0 1 0 -0.105 0 0 1 0.181 0 0 0 1</matrix>
                          <node id="GanondorfRig_mWing2Right" name="mWing2Right" sid="mWing2Right" type="JOINT">
                            <matrix sid="transform">1 0 0 -0.168 0 1 0 -0.169 0 0 1 0.06700003 0 0 0 1</matrix>
                            <node id="GanondorfRig_mWing3Right" name="mWing3Right" sid="mWing3Right" type="JOINT">
                              <matrix sid="transform">1 0 0 -0.181 0 1 0 -0.183 0 0 1 0 0 0 0 1</matrix>
                              <node id="GanondorfRig_mWing4Right" name="mWing4Right" sid="mWing4Right" type="JOINT">
                                <matrix sid="transform">1 0 0 -0.171 0 1 0 -0.173 0 0 1 0 0 0 0 1</matrix>
                                <extra>
                                  <technique profile="blender">
                                    <layer sid="layer" type="string">0</layer>
                                    <tip_x sid="tip_x" type="float">0</tip_x>
                                    <tip_y sid="tip_y" type="float">0.02999997</tip_y>
                                    <tip_z sid="tip_z" type="float">0</tip_z>
                                  </technique>
                                </extra>
                              </node>
                              <node id="GanondorfRig_mWing4FanRight" name="mWing4FanRight" sid="mWing4FanRight" type="JOINT">
                                <matrix sid="transform">1 0 0 -0.171 0 1 0 -0.173 0 0 1 0 0 0 0 1</matrix>
                                <extra>
                                  <technique profile="blender">
                                    <layer sid="layer" type="string">0</layer>
                                    <tip_x sid="tip_x" type="float">0</tip_x>
                                    <tip_y sid="tip_y" type="float">0.02999997</tip_y>
                                    <tip_z sid="tip_z" type="float">0</tip_z>
                                  </technique>
                                </extra>
                              </node>
                              <extra>
                                <technique profile="blender">
                                  <layer sid="layer" type="string">0</layer>
                                  <tip_x sid="tip_x" type="float">0</tip_x>
                                  <tip_y sid="tip_y" type="float">0.02999997</tip_y>
                                  <tip_z sid="tip_z" type="float">0</tip_z>
                                </technique>
                              </extra>
                            </node>
                            <extra>
                              <technique profile="blender">
                                <layer sid="layer" type="string">0</layer>
                                <tip_x sid="tip_x" type="float">0</tip_x>
                                <tip_y sid="tip_y" type="float">0.02999997</tip_y>
                                <tip_z sid="tip_z" type="float">0</tip_z>
                              </technique>
                            </extra>
                          </node>
                          <extra>
                            <technique profile="blender">
                              <layer sid="layer" type="string">0</layer>
                              <tip_x sid="tip_x" type="float">0</tip_x>
                              <tip_y sid="tip_y" type="float">0.02999997</tip_y>
                              <tip_z sid="tip_z" type="float">0</tip_z>
                            </technique>
                          </extra>
                        </node>
                        <extra>
                          <technique profile="blender">
                            <layer sid="layer" type="string">0</layer>
                            <tip_x sid="tip_x" type="float">0</tip_x>
                            <tip_y sid="tip_y" type="float">0.02999997</tip_y>
                            <tip_z sid="tip_z" type="float">0</tip_z>
                          </technique>
                        </extra>
                      </node>
                      <extra>
                        <technique profile="blender">
                          <layer sid="layer" type="string">0</layer>
                          <tip_x sid="tip_x" type="float">0</tip_x>
                          <tip_y sid="tip_y" type="float">0.02999997</tip_y>
                          <tip_z sid="tip_z" type="float">0</tip_z>
                        </technique>
                      </extra>
                    </node>
                    <extra>
                      <technique profile="blender">
                        <layer sid="layer" type="string">0</layer>
                        <tip_x sid="tip_x" type="float">0</tip_x>
                        <tip_y sid="tip_y" type="float">0.02999997</tip_y>
                        <tip_z sid="tip_z" type="float">0</tip_z>
                      </technique>
                    </extra>
                  </node>
                  <extra>
                    <technique profile="blender">
                      <layer sid="layer" type="string">0</layer>
                      <tip_x sid="tip_x" type="float">0</tip_x>
                      <tip_y sid="tip_y" type="float">0.02999997</tip_y>
                      <tip_z sid="tip_z" type="float">0</tip_z>
                    </technique>
                  </extra>
                </node>
                <extra>
                  <technique profile="blender">
                    <layer sid="layer" type="string">0</layer>
                    <tip_x sid="tip_x" type="float">0</tip_x>
                    <tip_y sid="tip_y" type="float">0.02999997</tip_y>
                    <tip_z sid="tip_z" type="float">0</tip_z>
                  </technique>
                </extra>
              </node>
              <extra>
                <technique profile="blender">
                  <layer sid="layer" type="string">0</layer>
                  <tip_x sid="tip_x" type="float">0</tip_x>
                  <tip_y sid="tip_y" type="float">0.02999997</tip_y>
                  <tip_z sid="tip_z" type="float">0</tip_z>
                </technique>
              </extra>
            </node>
            <extra>
              <technique profile="blender">
                <layer sid="layer" type="string">0</layer>
                <tip_x sid="tip_x" type="float">0</tip_x>
                <tip_y sid="tip_y" type="float">0.02999997</tip_y>
                <tip_z sid="tip_z" type="float">0</tip_z>
              </technique>
            </extra>
          </node>
          <node id="GanondorfRig_mHipRight" name="mHipRight" sid="mHipRight" type="JOINT">
            <matrix sid="transform">1 0 0 0.034 0 1 0 -0.129 0 0 1 -0.04100001 0 0 0 1</matrix>
            <node id="GanondorfRig_R_UPPER_LEG" name="R_UPPER_LEG" sid="R_UPPER_LEG" type="JOINT">
              <matrix sid="transform">1 0 0 -0.02 0 1 0 0.04999999 0 0 1 -0.22 0 0 0 1</matrix>
              <extra>
                <technique profile="blender">
                  <layer sid="layer" type="string">0</layer>
                  <tip_x sid="tip_x" type="float">0</tip_x>
                  <tip_y sid="tip_y" type="float">0.02999997</tip_y>
                  <tip_z sid="tip_z" type="float">0</tip_z>
                </technique>
              </extra>
            </node>
            <node id="GanondorfRig_mKneeRight" name="mKneeRight" sid="mKneeRight" type="JOINT">
              <matrix sid="transform">1 0 0 -0.001000002 0 1 0 0.04899999 0 0 1 -0.491 0 0 0 1</matrix>
              <node id="GanondorfRig_R_LOWER_LEG" name="R_LOWER_LEG" sid="R_LOWER_LEG" type="JOINT">
                <matrix sid="transform">1 0 0 -0.02 0 1 0 0 0 0 1 -0.2 0 0 0 1</matrix>
                <extra>
                  <technique profile="blender">
                    <layer sid="layer" type="string">0</layer>
                    <tip_x sid="tip_x" type="float">0</tip_x>
                    <tip_y sid="tip_y" type="float">0.02999997</tip_y>
                    <tip_z sid="tip_z" type="float">0</tip_z>
                  </technique>
                </extra>
              </node>
              <node id="GanondorfRig_mAnkleRight" name="mAnkleRight" sid="mAnkleRight" type="JOINT">
                <matrix sid="transform">1 0 0 -0.029 0 1 0 0 0 0 1 -0.468 0 0 0 1</matrix>
                <node id="GanondorfRig_R_FOOT" name="R_FOOT" sid="R_FOOT" type="JOINT">
                  <matrix sid="transform">1 0 1.49012e-8 0.077 0 1 0 0 -1.49012e-8 0 1 -0.041 0 0 0 1</matrix>
                  <extra>
                    <technique profile="blender">
                      <layer sid="layer" type="string">0</layer>
                      <roll sid="roll" type="float">0.1745329</roll>
                      <tip_x sid="tip_x" type="float">0</tip_x>
                      <tip_y sid="tip_y" type="float">0.02999997</tip_y>
                      <tip_z sid="tip_z" type="float">0</tip_z>
                    </technique>
                  </extra>
                </node>
                <node id="GanondorfRig_mFootRight" name="mFootRight" sid="mFootRight" type="JOINT">
                  <matrix sid="transform">1 0 0 0.112 0 1 0 0 0 0 1 -0.061 0 0 0 1</matrix>
                  <node id="GanondorfRig_mToeRight" name="mToeRight" sid="mToeRight" type="JOINT">
                    <matrix sid="transform">1 0 0 0.109 0 1 0 0 0 0 1 0 0 0 0 1</matrix>
                    <extra>
                      <technique profile="blender">
                        <layer sid="layer" type="string">0</layer>
                        <tip_x sid="tip_x" type="float">0</tip_x>
                        <tip_y sid="tip_y" type="float">0.02999997</tip_y>
                        <tip_z sid="tip_z" type="float">0</tip_z>
                      </technique>
                    </extra>
                  </node>
                  <extra>
                    <technique profile="blender">
                      <layer sid="layer" type="string">0</layer>
                      <tip_x sid="tip_x" type="float">0</tip_x>
                      <tip_y sid="tip_y" type="float">0.02999997</tip_y>
                      <tip_z sid="tip_z" type="float">0</tip_z>
                    </technique>
                  </extra>
                </node>
                <extra>
                  <technique profile="blender">
                    <layer sid="layer" type="string">0</layer>
                    <tip_x sid="tip_x" type="float">0</tip_x>
                    <tip_y sid="tip_y" type="float">0.02999997</tip_y>
                    <tip_z sid="tip_z" type="float">0</tip_z>
                  </technique>
                </extra>
              </node>
              <extra>
                <technique profile="blender">
                  <layer sid="layer" type="string">0</layer>
                  <tip_x sid="tip_x" type="float">0</tip_x>
                  <tip_y sid="tip_y" type="float">0.02999997</tip_y>
                  <tip_z sid="tip_z" type="float">0</tip_z>
                </technique>
              </extra>
            </node>
            <extra>
              <technique profile="blender">
                <layer sid="layer" type="string">0</layer>
                <tip_x sid="tip_x" type="float">0</tip_x>
                <tip_y sid="tip_y" type="float">0.02999997</tip_y>
                <tip_z sid="tip_z" type="float">0</tip_z>
              </technique>
            </extra>
          </node>
          <node id="GanondorfRig_mHipLeft" name="mHipLeft" sid="mHipLeft" type="JOINT">
            <matrix sid="transform">1 0 0 0.034 0 1 0 0.127 0 0 1 -0.04100001 0 0 0 1</matrix>
            <node id="GanondorfRig_L_UPPER_LEG" name="L_UPPER_LEG" sid="L_UPPER_LEG" type="JOINT">
              <matrix sid="transform">1 0 0 -0.02 0 1 0 -0.05 0 0 1 -0.22 0 0 0 1</matrix>
              <extra>
                <technique profile="blender">
                  <layer sid="layer" type="string">0</layer>
                  <tip_x sid="tip_x" type="float">0</tip_x>
                  <tip_y sid="tip_y" type="float">0.02999997</tip_y>
                  <tip_z sid="tip_z" type="float">0</tip_z>
                </technique>
              </extra>
            </node>
            <node id="GanondorfRig_mKneeLeft" name="mKneeLeft" sid="mKneeLeft" type="JOINT">
              <matrix sid="transform">1 0 0 -0.001000002 0 1 0 -0.046 0 0 1 -0.491 0 0 0 1</matrix>
              <node id="GanondorfRig_L_LOWER_LEG" name="L_LOWER_LEG" sid="L_LOWER_LEG" type="JOINT">
                <matrix sid="transform">1 0 0 -0.02 0 1 0 0 0 0 1 -0.2 0 0 0 1</matrix>
                <extra>
                  <technique profile="blender">
                    <layer sid="layer" type="string">0</layer>
                    <tip_x sid="tip_x" type="float">0</tip_x>
                    <tip_y sid="tip_y" type="float">0.02999997</tip_y>
                    <tip_z sid="tip_z" type="float">0</tip_z>
                  </technique>
                </extra>
              </node>
              <node id="GanondorfRig_mAnkleLeft" name="mAnkleLeft" sid="mAnkleLeft" type="JOINT">
                <matrix sid="transform">1 0 0 -0.029 0 1 0 0.001000002 0 0 1 -0.468 0 0 0 1</matrix>
                <node id="GanondorfRig_L_FOOT" name="L_FOOT" sid="L_FOOT" type="JOINT">
                  <matrix sid="transform">1 0 1.49012e-8 0.077 0 1 0 0 -1.49012e-8 0 1 -0.041 0 0 0 1</matrix>
                  <extra>
                    <technique profile="blender">
                      <layer sid="layer" type="string">0</layer>
                      <roll sid="roll" type="float">0.1745329</roll>
                      <tip_x sid="tip_x" type="float">0</tip_x>
                      <tip_y sid="tip_y" type="float">0.02999997</tip_y>
                      <tip_z sid="tip_z" type="float">0</tip_z>
                    </technique>
                  </extra>
                </node>
                <node id="GanondorfRig_mFootLeft" name="mFootLeft" sid="mFootLeft" type="JOINT">
                  <matrix sid="transform">1 0 0 0.112 0 1 0 0 0 0 1 -0.061 0 0 0 1</matrix>
                  <node id="GanondorfRig_mToeLeft" name="mToeLeft" sid="mToeLeft" type="JOINT">
                    <matrix sid="transform">1 0 0 0.109 0 1 0 0 0 0 1 0 0 0 0 1</matrix>
                    <extra>
                      <technique profile="blender">
                        <layer sid="layer" type="string">0</layer>
                        <tip_x sid="tip_x" type="float">0</tip_x>
                        <tip_y sid="tip_y" type="float">0.02999997</tip_y>
                        <tip_z sid="tip_z" type="float">0</tip_z>
                      </technique>
                    </extra>
                  </node>
                  <extra>
                    <technique profile="blender">
                      <layer sid="layer" type="string">0</layer>
                      <tip_x sid="tip_x" type="float">0</tip_x>
                      <tip_y sid="tip_y" type="float">0.02999997</tip_y>
                      <tip_z sid="tip_z" type="float">0</tip_z>
                    </technique>
                  </extra>
                </node>
                <extra>
                  <technique profile="blender">
                    <layer sid="layer" type="string">0</layer>
                    <tip_x sid="tip_x" type="float">0</tip_x>
                    <tip_y sid="tip_y" type="float">0.02999997</tip_y>
                    <tip_z sid="tip_z" type="float">0</tip_z>
                  </technique>
                </extra>
              </node>
              <extra>
                <technique profile="blender">
                  <layer sid="layer" type="string">0</layer>
                  <tip_x sid="tip_x" type="float">0</tip_x>
                  <tip_y sid="tip_y" type="float">0.02999997</tip_y>
                  <tip_z sid="tip_z" type="float">0</tip_z>
                </technique>
              </extra>
            </node>
            <extra>
              <technique profile="blender">
                <layer sid="layer" type="string">0</layer>
                <tip_x sid="tip_x" type="float">0</tip_x>
                <tip_y sid="tip_y" type="float">0.02999997</tip_y>
                <tip_z sid="tip_z" type="float">0</tip_z>
              </technique>
            </extra>
          </node>
          <node id="GanondorfRig_mTail1" name="mTail1" sid="mTail1" type="JOINT">
            <matrix sid="transform">1 0 0 -0.116 0 1 0 0 0 0 1 0.04699993 0 0 0 1</matrix>
            <node id="GanondorfRig_mTail2" name="mTail2" sid="mTail2" type="JOINT">
              <matrix sid="transform">1 0 0 -0.197 0 1 0 0 0 0 1 0 0 0 0 1</matrix>
              <node id="GanondorfRig_mTail3" name="mTail3" sid="mTail3" type="JOINT">
                <matrix sid="transform">1 0 0 -0.168 0 1 0 0 0 0 1 0 0 0 0 1</matrix>
                <node id="GanondorfRig_mTail4" name="mTail4" sid="mTail4" type="JOINT">
                  <matrix sid="transform">1 0 0 -0.142 0 1 0 0 0 0 1 0 0 0 0 1</matrix>
                  <node id="GanondorfRig_mTail5" name="mTail5" sid="mTail5" type="JOINT">
                    <matrix sid="transform">1 0 0 -0.112 0 1 0 0 0 0 1 0 0 0 0 1</matrix>
                    <node id="GanondorfRig_mTail6" name="mTail6" sid="mTail6" type="JOINT">
                      <matrix sid="transform">1 0 0 -0.09399998 0 1 0 0 0 0 1 0 0 0 0 1</matrix>
                      <extra>
                        <technique profile="blender">
                          <layer sid="layer" type="string">0</layer>
                          <tip_x sid="tip_x" type="float">0</tip_x>
                          <tip_y sid="tip_y" type="float">0.02999997</tip_y>
                          <tip_z sid="tip_z" type="float">0</tip_z>
                        </technique>
                      </extra>
                    </node>
                    <extra>
                      <technique profile="blender">
                        <layer sid="layer" type="string">0</layer>
                        <tip_x sid="tip_x" type="float">0</tip_x>
                        <tip_y sid="tip_y" type="float">0.02999997</tip_y>
                        <tip_z sid="tip_z" type="float">0</tip_z>
                      </technique>
                    </extra>
                  </node>
                  <extra>
                    <technique profile="blender">
                      <layer sid="layer" type="string">0</layer>
                      <tip_x sid="tip_x" type="float">0</tip_x>
                      <tip_y sid="tip_y" type="float">0.02999997</tip_y>
                      <tip_z sid="tip_z" type="float">0</tip_z>
                    </technique>
                  </extra>
                </node>
                <extra>
                  <technique profile="blender">
                    <layer sid="layer" type="string">0</layer>
                    <tip_x sid="tip_x" type="float">0</tip_x>
                    <tip_y sid="tip_y" type="float">0.02999997</tip_y>
                    <tip_z sid="tip_z" type="float">0</tip_z>
                  </technique>
                </extra>
              </node>
              <extra>
                <technique profile="blender">
                  <layer sid="layer" type="string">0</layer>
                  <tip_x sid="tip_x" type="float">0</tip_x>
                  <tip_y sid="tip_y" type="float">0.02999997</tip_y>
                  <tip_z sid="tip_z" type="float">0</tip_z>
                </technique>
              </extra>
            </node>
            <extra>
              <technique profile="blender">
                <layer sid="layer" type="string">0</layer>
                <tip_x sid="tip_x" type="float">0</tip_x>
                <tip_y sid="tip_y" type="float">0.02999997</tip_y>
                <tip_z sid="tip_z" type="float">0</tip_z>
              </technique>
            </extra>
          </node>
          <node id="GanondorfRig_mGroin" name="mGroin" sid="mGroin" type="JOINT">
            <matrix sid="transform">1 0 0 0.064 0 1 0 0 0 0 1 -0.097 0 0 0 1</matrix>
            <extra>
              <technique profile="blender">
                <layer sid="layer" type="string">0</layer>
                <tip_x sid="tip_x" type="float">0</tip_x>
                <tip_y sid="tip_y" type="float">0.02999997</tip_y>
                <tip_z sid="tip_z" type="float">0</tip_z>
              </technique>
            </extra>
          </node>
          <node id="GanondorfRig_mHindLimbsRoot" name="mHindLimbsRoot" sid="mHindLimbsRoot" type="JOINT">
            <matrix sid="transform">1 0 0 -0.2 0 1 0 0 0 0 1 0.08399999 0 0 0 1</matrix>
            <node id="GanondorfRig_mHindLimb1Left" name="mHindLimb1Left" sid="mHindLimb1Left" type="JOINT">
              <matrix sid="transform">1 0 0 -0.204 0 1 0 0.129 0 0 1 -0.125 0 0 0 1</matrix>
              <node id="GanondorfRig_mHindLimb2Left" name="mHindLimb2Left" sid="mHindLimb2Left" type="JOINT">
                <matrix sid="transform">1 0 0 0.002000004 0 1 0 -0.046 0 0 1 -0.491 0 0 0 1</matrix>
                <node id="GanondorfRig_mHindLimb3Left" name="mHindLimb3Left" sid="mHindLimb3Left" type="JOINT">
                  <matrix sid="transform">1 0 0 -0.03 0 1 0 -0.002999999 0 0 1 -0.468 0 0 0 1</matrix>
                  <node id="GanondorfRig_mHindLimb4Left" name="mHindLimb4Left" sid="mHindLimb4Left" type="JOINT">
                    <matrix sid="transform">1 0 0 0.112 0 1 0 0 0 0 1 -0.061 0 0 0 1</matrix>
                    <extra>
                      <technique profile="blender">
                        <layer sid="layer" type="string">0</layer>
                        <tip_x sid="tip_x" type="float">0</tip_x>
                        <tip_y sid="tip_y" type="float">0.02999997</tip_y>
                        <tip_z sid="tip_z" type="float">0</tip_z>
                      </technique>
                    </extra>
                  </node>
                  <extra>
                    <technique profile="blender">
                      <layer sid="layer" type="string">0</layer>
                      <tip_x sid="tip_x" type="float">0</tip_x>
                      <tip_y sid="tip_y" type="float">0.02999997</tip_y>
                      <tip_z sid="tip_z" type="float">0</tip_z>
                    </technique>
                  </extra>
                </node>
                <extra>
                  <technique profile="blender">
                    <layer sid="layer" type="string">0</layer>
                    <tip_x sid="tip_x" type="float">0</tip_x>
                    <tip_y sid="tip_y" type="float">0.02999997</tip_y>
                    <tip_z sid="tip_z" type="float">0</tip_z>
                  </technique>
                </extra>
              </node>
              <extra>
                <technique profile="blender">
                  <layer sid="layer" type="string">0</layer>
                  <tip_x sid="tip_x" type="float">0</tip_x>
                  <tip_y sid="tip_y" type="float">0.02999997</tip_y>
                  <tip_z sid="tip_z" type="float">0</tip_z>
                </technique>
              </extra>
            </node>
            <node id="GanondorfRig_mHindLimb1Right" name="mHindLimb1Right" sid="mHindLimb1Right" type="JOINT">
              <matrix sid="transform">1 0 0 -0.204 0 1 0 -0.129 0 0 1 -0.125 0 0 0 1</matrix>
              <node id="GanondorfRig_mHindLimb2Right" name="mHindLimb2Right" sid="mHindLimb2Right" type="JOINT">
                <matrix sid="transform">1 0 0 0.002000004 0 1 0 0.046 0 0 1 -0.491 0 0 0 1</matrix>
                <node id="GanondorfRig_mHindLimb3Right" name="mHindLimb3Right" sid="mHindLimb3Right" type="JOINT">
                  <matrix sid="transform">1 0 0 -0.03 0 1 0 0.002999999 0 0 1 -0.468 0 0 0 1</matrix>
                  <node id="GanondorfRig_mHindLimb4Right" name="mHindLimb4Right" sid="mHindLimb4Right" type="JOINT">
                    <matrix sid="transform">1 0 0 0.112 0 1 0 0 0 0 1 -0.061 0 0 0 1</matrix>
                    <extra>
                      <technique profile="blender">
                        <layer sid="layer" type="string">0</layer>
                        <tip_x sid="tip_x" type="float">0</tip_x>
                        <tip_y sid="tip_y" type="float">0.02999997</tip_y>
                        <tip_z sid="tip_z" type="float">0</tip_z>
                      </technique>
                    </extra>
                  </node>
                  <extra>
                    <technique profile="blender">
                      <layer sid="layer" type="string">0</layer>
                      <tip_x sid="tip_x" type="float">0</tip_x>
                      <tip_y sid="tip_y" type="float">0.02999997</tip_y>
                      <tip_z sid="tip_z" type="float">0</tip_z>
                    </technique>
                  </extra>
                </node>
                <extra>
                  <technique profile="blender">
                    <layer sid="layer" type="string">0</layer>
                    <tip_x sid="tip_x" type="float">0</tip_x>
                    <tip_y sid="tip_y" type="float">0.02999997</tip_y>
                    <tip_z sid="tip_z" type="float">0</tip_z>
                  </technique>
                </extra>
              </node>
              <extra>
                <technique profile="blender">
                  <layer sid="layer" type="string">0</layer>
                  <tip_x sid="tip_x" type="float">0</tip_x>
                  <tip_y sid="tip_y" type="float">0.02999997</tip_y>
                  <tip_z sid="tip_z" type="float">0</tip_z>
                </technique>
              </extra>
            </node>
            <extra>
              <technique profile="blender">
                <layer sid="layer" type="string">0</layer>
                <tip_x sid="tip_x" type="float">0</tip_x>
                <tip_y sid="tip_y" type="float">0.02999997</tip_y>
                <tip_z sid="tip_z" type="float">0</tip_z>
              </technique>
            </extra>
          </node>
          <extra>
            <technique profile="blender">
              <layer sid="layer" type="string">0</layer>
              <tip_x sid="tip_x" type="float">0</tip_x>
              <tip_y sid="tip_y" type="float">0.02999997</tip_y>
              <tip_z sid="tip_z" type="float">0</tip_z>
            </technique>
          </extra>
        </node>
        <node id="GanondorfSash_LOD1" name="GanondorfSash_LOD1" type="NODE">
          <matrix sid="transform">1 0 0 0 0 1 0 0 0 0 1 0 0 0 0 1</matrix>
          <instance_controller url="#GanondorfRig_GanondorfSash_LOD1-skin">
            <skeleton>#GanondorfRig_mPelvis</skeleton>
            <bind_material>
              <technique_common>
                <instance_material symbol="Sash-material" target="#Sash-material">
                  <bind_vertex_input semantic="UVMap" input_semantic="TEXCOORD" input_set="0"/>
                </instance_material>
              </technique_common>
            </bind_material>
          </instance_controller>
        </node>
      </node>
    </visual_scene>
  </library_visual_scenes>
  <scene>
    <instance_visual_scene url="#Scene"/>
  </scene>
</COLLADA>