<?xml version="1.0" encoding="utf-8"?>
<COLLADA xmlns="http://www.collada.org/2005/11/COLLADASchema" version="1.4.1" xmlns:xsi="http://www.w3.org/2001/XMLSchema-instance">
  <asset>
    <contributor>
      <author>Blender User</author>
      <authoring_tool>Blender 3.6.19 commit date:2024-12-16, commit time:12:51, hash:56679ff9b2b2</authoring_tool>
    </contributor>
    <created>2026-07-17T08:06:36</created>
    <modified>2026-07-17T08:06:36</modified>
    <unit name="meter" meter="1"/>
    <up_axis>Z_UP</up_axis>
  </asset>
  <library_effects>
    <effect id="Gold-effect">
      <profile_COMMON>
        <technique sid="common">
          <lambert>
            <emission>
              <color sid="emission">0 0 0 1</color>
            </emission>
            <diffuse>
              <color sid="diffuse">0.85 0.65 0.2 1</color>
            </diffuse>
            <reflectivity>
              <float sid="specular">0.5</float>
            </reflectivity>
          </lambert>
        </technique>
      </profile_COMMON>
    </effect>
  </library_effects>
  <library_images/>
  <library_materials>
    <material id="Gold-material" name="Gold">
      <instance_effect url="#Gold-effect"/>
    </material>
  </library_materials>
  <library_geometries>
    <geometry id="GanondorfEarrings-mesh" name="GanondorfEarrings">
      <mesh>
        <source id="GanondorfEarrings-mesh-positions">
          <float_array id="GanondorfEarrings-mesh-positions-array" count="2304">0.03039997 0.08199995 1.692 0.02994447 0.08029997 1.692 0.02869999 0.07905548 1.692 0.02699995 0.07859998 1.692 0.02529996 0.07905548 1.692 0.02405548 0.08029997 1.692 0.02359998 0.08199995 1.692 0.02405548 0.0837 1.692 0.02529996 0.08494448 1.692 0.02699995 0.08539998 1.692 0.02869999 0.08494448 1.692 0.02994447 0.0837 1.692 0.03008484 0.08199995 1.695199 0.02963811 0.08029997 1.695111 0.02841752 0.07905548 1.694868 0.0267502 0.07859998 1.694536 0.02508282 0.07905548 1.694205 0.0238623 0.08029997 1.693962 0.0234155 0.08199995 1.693873 0.0238623 0.0837 1.693962 0.02508282 0.08494448 1.694205 0.0267502 0.08539998 1.694536 0.02841752 0.08494448 1.694868 0.02963811 0.0837 1.695111 0.02915161 0.08199995 1.698276 0.02873075 0.08029997 1.698102 0.02758097 0.07905548 1.697625 0.02601039 0.07859998 1.696975 0.02443981 0.07905548 1.696324 0.02329003 0.08029997 1.695848 0.02286922 0.08199995 1.695674 0.02329003 0.0837 1.695848 0.02443981 0.08494448 1.696324 0.02601039 0.08539998 1.696975 0.02758097 0.08494448 1.697625 0.02873075 0.0837 1.698102 0.02763605 0.08199995 1.701111 0.02725732 0.08029997 1.700858 0.02622258 0.07905548 1.700167 0.02480906 0.07859998 1.699222 0.02339559 0.07905548 1.698278 0.0223608 0.08029997 1.697587 0.02198207 0.08199995 1.697333 0.0223608 0.0837 1.697587 0.02339559 0.08494448 1.698278 0.02480906 0.08539998 1.699222 0.02622258 0.08494448 1.700167 0.02725732 0.0837 1.700858 0.02559649 0.08199995 1.703597 0.02527445 0.08029997 1.703274 0.02439445 0.07905548 1.702394 0.02319234 0.07859998 1.701192 0.02199029 0.07905548 1.69999 0.02111029 0.08029997 1.69911 0.02078819 0.08199995 1.698788 0.02111029 0.0837 1.69911 0.02199029 0.08494448 1.69999 0.02319234 0.08539998 1.701192 0.02439445 0.08494448 1.702394 0.02527445 0.0837 1.703274 0.02311134 0.08199995 1.705636 0.02285826 0.08029997 1.705257 0.02216684 0.07905548 1.704223 0.02122241 0.07859998 1.702809 0.02027791 0.07905548 1.701396 0.0195865 0.08029997 1.700361 0.01933342 0.08199995 1.699982 0.0195865 0.0837 1.700361 0.02027791 0.08494448 1.701396 0.02122241 0.08539998 1.702809 0.02216684 0.08494448 1.704223 0.02285826 0.0837 1.705257 0.02027601 0.08199995 1.707152 0.02010166 0.08029997 1.706731 0.01962542 0.07905548 1.705581 0.01897484 0.07859998 1.70401 0.01832431 0.07905548 1.70244 0.01784807 0.08029997 1.70129 0.01767373 0.08199995 1.700869 0.01784807 0.0837 1.70129 0.01832431 0.08494448 1.70244 0.01897484 0.08539998 1.70401 0.01962542 0.08494448 1.705581 0.02010166 0.0837 1.706731 0.01719945 0.08199995 1.708085 0.01711058 0.08029997 1.707638 0.01686781 0.07905548 1.706418 0.01653617 0.07859998 1.70475 0.01620447 0.07905548 1.703083 0.0159617 0.08029997 1.701862 0.01587283 0.08199995 1.701416 0.0159617 0.0837 1.701862 0.01620447 0.08494448 1.703083 0.01653617 0.08539998 1.70475 0.01686781 0.08494448 1.706418 0.01711058 0.0837 1.707638 0.01399999 0.08199995 1.7084 0.01399999 0.08029997 1.707944 0.01399999 0.07905548 1.7067 0.01399999 0.07859998 1.705 0.01399999 0.07905548 1.7033 0.01399999 0.08029997 1.702056 0.01399999 0.08199995 1.7016 0.01399999 0.0837 1.702056 0.01399999 0.08494448 1.7033 0.01399999 0.08539998 1.705 0.01399999 0.08494448 1.7067 0.01399999 0.0837 1.707944 0.01080048 0.08199995 1.708085 0.01088935 0.08029997 1.707638 0.01113212 0.07905548 1.706418 0.01146382 0.07859998 1.70475 0.01179546 0.07905548 1.703083 0.01203823 0.08029997 1.701862 0.0121271 0.08199995 1.701416 0.01203823 0.0837 1.701862 0.01179546 0.08494448 1.703083 0.01146382 0.08539998 1.70475 0.01113212 0.08494448 1.706418 0.01088935 0.0837 1.707638 0.007723987 0.08199995 1.707152 0.007898271 0.08029997 1.706731 0.008374512 0.07905548 1.705581 0.009025096 0.07859998 1.70401 0.009675621 0.07905548 1.70244 0.01015192 0.08029997 1.70129 0.0103262 0.08199995 1.700869 0.01015192 0.0837 1.70129 0.009675621 0.08494448 1.70244 0.009025096 0.08539998 1.70401 0.008374512 0.08494448 1.705581 0.007898271 0.0837 1.706731 0.004888594 0.08199995 1.705636 0.005141675 0.08029997 1.705257 0.005833089 0.07905548 1.704223 0.006777584 0.07859998 1.702809 0.00772202 0.07905548 1.701396 0.008413434 0.08029997 1.700361 0.008666515 0.08199995 1.699982 0.008413434 0.0837 1.700361 0.00772202 0.08494448 1.701396 0.006777584 0.08539998 1.702809 0.005833089 0.08494448 1.704223 0.005141675 0.0837 1.705257 0.002403438 0.08199995 1.703597 0.002725541 0.08029997 1.703274 0.003605484 0.07905548 1.702394 0.004807591 0.07859998 1.701192 0.006009638 0.07905548 1.69999 0.006889641 0.08029997 1.69911 0.007211744 0.08199995 1.698788 0.006889641 0.0837 1.69911 0.006009638 0.08494448 1.69999 0.004807591 0.08539998 1.701192 0.003605484 0.08494448 1.702394 0.002725541 0.0837 1.703274 3.63899e-4 0.08199995 1.701111 7.42644e-4 0.08029997 1.700858 0.00177735 0.07905548 1.700167 0.003190875 0.07859998 1.699222 0.004604339 0.07905548 1.698278 0.005639135 0.08029997 1.697587 0.006017863 0.08199995 1.697333 0.005639135 0.0837 1.697587 0.004604339 0.08494448 1.698278 0.003190875 0.08539998 1.699222 0.00177735 0.08494448 1.700167 7.42644e-4 0.0837 1.700858 -0.001151621 0.08199995 1.698276 -7.30784e-4 0.08029997 1.698102 4.18971e-4 0.07905548 1.697625 0.001989543 0.07859998 1.696975 0.003560125 0.07905548 1.696324 0.004709899 0.08029997 1.695848 0.005130708 0.08199995 1.695674 0.004709899 0.0837 1.695848 0.003560125 0.08494448 1.696324 0.001989543 0.08539998 1.696975 4.18971e-4 0.08494448 1.697625 -7.30784e-4 0.0837 1.698102 -0.002084851 0.08199995 1.695199 -0.001638114 0.08029997 1.695111 -4.17543e-4 0.07905548 1.694868 0.00124979 0.07859998 1.694536 0.00291711 0.07905548 1.694205 0.004137694 0.08029997 1.693962 0.004584431 0.08199995 1.693873 0.004137694 0.0837 1.693962 0.00291711 0.08494448 1.694205 0.00124979 0.08539998 1.694536 -4.17543e-4 0.08494448 1.694868 -0.001638114 0.0837 1.695111 -0.002399981 0.08199995 1.692 -0.001944482 0.08029997 1.692 -7e-4 0.07905548 1.692 0.000999987 0.07859998 1.692 0.002699971 0.07905548 1.692 0.003944456 0.08029997 1.692 0.004399955 0.08199995 1.692 0.003944456 0.0837 1.692 0.002699971 0.08494448 1.692 0.000999987 0.08539998 1.692 -7e-4 0.08494448 1.692 -0.001944482 0.0837 1.692 -0.002084851 0.08199995 1.688801 -0.001638114 0.08029997 1.688889 -4.17543e-4 0.07905548 1.689132 0.00124979 0.07859998 1.689464 0.00291711 0.07905548 1.689795 0.004137694 0.08029997 1.690038 0.004584431 0.08199995 1.690127 0.004137694 0.0837 1.690038 0.00291711 0.08494448 1.689795 0.00124979 0.08539998 1.689464 -4.17543e-4 0.08494448 1.689132 -0.001638114 0.0837 1.688889 -0.001151621 0.08199995 1.685724 -7.30784e-4 0.08029997 1.685898 4.18971e-4 0.07905548 1.686375 0.001989543 0.07859998 1.687025 0.003560125 0.07905548 1.687676 0.004709899 0.08029997 1.688152 0.005130708 0.08199995 1.688326 0.004709899 0.0837 1.688152 0.003560125 0.08494448 1.687676 0.001989543 0.08539998 1.687025 4.18971e-4 0.08494448 1.686375 -7.30784e-4 0.0837 1.685898 3.63899e-4 0.08199995 1.682889 7.42644e-4 0.08029997 1.683142 0.00177735 0.07905548 1.683833 0.003190875 0.07859998 1.684778 0.004604339 0.07905548 1.685722 0.005639135 0.08029997 1.686414 0.006017863 0.08199995 1.686667 0.005639135 0.0837 1.686414 0.004604339 0.08494448 1.685722 0.003190875 0.08539998 1.684778 0.00177735 0.08494448 1.683833 7.42644e-4 0.0837 1.683142 0.002403438 0.08199995 1.680403 0.002725541 0.08029997 1.680726 0.003605484 0.07905548 1.681606 0.004807591 0.07859998 1.682808 0.006009638 0.07905548 1.68401 0.006889641 0.08029997 1.68489 0.007211744 0.08199995 1.685212 0.006889641 0.0837 1.68489 0.006009638 0.08494448 1.68401 0.004807591 0.08539998 1.682808 0.003605484 0.08494448 1.681606 0.002725541 0.0837 1.680726 0.004888594 0.08199995 1.678364 0.005141675 0.08029997 1.678743 0.005833089 0.07905548 1.679777 0.006777584 0.07859998 1.681191 0.00772202 0.07905548 1.682604 0.008413434 0.08029997 1.683639 0.008666515 0.08199995 1.684018 0.008413434 0.0837 1.683639 0.00772202 0.08494448 1.682604 0.006777584 0.08539998 1.681191 0.005833089 0.08494448 1.679777 0.005141675 0.0837 1.678743 0.007723987 0.08199995 1.676848 0.007898271 0.08029997 1.677269 0.008374512 0.07905548 1.678419 0.009025096 0.07859998 1.67999 0.009675621 0.07905548 1.68156 0.01015192 0.08029997 1.68271 0.0103262 0.08199995 1.683131 0.01015192 0.0837 1.68271 0.009675621 0.08494448 1.68156 0.009025096 0.08539998 1.67999 0.008374512 0.08494448 1.678419 0.007898271 0.0837 1.677269 0.01080048 0.08199995 1.675915 0.01088935 0.08029997 1.676362 0.01113212 0.07905548 1.677582 0.01146382 0.07859998 1.67925 0.01179546 0.07905548 1.680917 0.01203823 0.08029997 1.682138 0.0121271 0.08199995 1.682585 0.01203823 0.0837 1.682138 0.01179546 0.08494448 1.680917 0.01146382 0.08539998 1.67925 0.01113212 0.08494448 1.677582 0.01088935 0.0837 1.676362 0.01399999 0.08199995 1.6756 0.01399999 0.08029997 1.676056 0.01399999 0.07905548 1.6773 0.01399999 0.07859998 1.679 0.01399999 0.07905548 1.6807 0.01399999 0.08029997 1.681944 0.01399999 0.08199995 1.6824 0.01399999 0.0837 1.681944 0.01399999 0.08494448 1.6807 0.01399999 0.08539998 1.679 0.01399999 0.08494448 1.6773 0.01399999 0.0837 1.676056 0.01719945 0.08199995 1.675915 0.01711058 0.08029997 1.676362 0.01686781 0.07905548 1.677582 0.01653617 0.07859998 1.67925 0.01620447 0.07905548 1.680917 0.0159617 0.08029997 1.682138 0.01587283 0.08199995 1.682585 0.0159617 0.0837 1.682138 0.01620447 0.08494448 1.680917 0.01653617 0.08539998 1.67925 0.01686781 0.08494448 1.677582 0.01711058 0.0837 1.676362 0.02027601 0.08199995 1.676848 0.02010166 0.08029997 1.677269 0.01962542 0.07905548 1.678419 0.01897484 0.07859998 1.67999 0.01832431 0.07905548 1.68156 0.01784807 0.08029997 1.68271 0.01767373 0.08199995 1.683131 0.01784807 0.0837 1.68271 0.01832431 0.08494448 1.68156 0.01897484 0.08539998 1.67999 0.01962542 0.08494448 1.678419 0.02010166 0.0837 1.677269 0.02311134 0.08199995 1.678364 0.02285826 0.08029997 1.678743 0.02216684 0.07905548 1.679777 0.02122241 0.07859998 1.681191 0.02027791 0.07905548 1.682604 0.0195865 0.08029997 1.683639 0.01933342 0.08199995 1.684018 0.0195865 0.0837 1.683639 0.02027791 0.08494448 1.682604 0.02122241 0.08539998 1.681191 0.02216684 0.08494448 1.679777 0.02285826 0.0837 1.678743 0.02559649 0.08199995 1.680403 0.02527445 0.08029997 1.680726 0.02439445 0.07905548 1.681606 0.02319234 0.07859998 1.682808 0.02199029 0.07905548 1.68401 0.02111029 0.08029997 1.68489 0.02078819 0.08199995 1.685212 0.02111029 0.0837 1.68489 0.02199029 0.08494448 1.68401 0.02319234 0.08539998 1.682808 0.02439445 0.08494448 1.681606 0.02527445 0.0837 1.680726 0.02763605 0.08199995 1.682889 0.02725732 0.08029997 1.683142 0.02622258 0.07905548 1.683833 0.02480906 0.07859998 1.684778 0.02339559 0.07905548 1.685722 0.0223608 0.08029997 1.686414 0.02198207 0.08199995 1.686667 0.0223608 0.0837 1.686414 0.02339559 0.08494448 1.685722 0.02480906 0.08539998 1.684778 0.02622258 0.08494448 1.683833 0.02725732 0.0837 1.683142 0.02915161 0.08199995 1.685724 0.02873075 0.08029997 1.685898 0.02758097 0.07905548 1.686375 0.02601039 0.07859998 1.687025 0.02443981 0.07905548 1.687676 0.02329003 0.08029997 1.688152 0.02286922 0.08199995 1.688326 0.02329003 0.0837 1.688152 0.02443981 0.08494448 1.687676 0.02601039 0.08539998 1.687025 0.02758097 0.08494448 1.686375 0.02873075 0.0837 1.685898 0.03008484 0.08199995 1.688801 0.02963811 0.08029997 1.688889 0.02841752 0.07905548 1.689132 0.0267502 0.07859998 1.689464 0.02508282 0.07905548 1.689795 0.0238623 0.08029997 1.690038 0.0234155 0.08199995 1.690127 0.0238623 0.0837 1.690038 0.02508282 0.08494448 1.689795 0.0267502 0.08539998 1.689464 0.02841752 0.08494448 1.689132 0.02963811 0.0837 1.688889 0.03039997 -0.08199995 1.692 0.02994447 -0.0837 1.692 0.02869999 -0.08494448 1.692 0.02699995 -0.08539998 1.692 0.02529996 -0.08494448 1.692 0.02405548 -0.0837 1.692 0.02359998 -0.08199995 1.692 0.02405548 -0.08029997 1.692 0.02529996 -0.07905548 1.692 0.02699995 -0.07859998 1.692 0.02869999 -0.07905548 1.692 0.02994447 -0.08029997 1.692 0.03008484 -0.08199995 1.695199 0.02963811 -0.0837 1.695111 0.02841752 -0.08494448 1.694868 0.0267502 -0.08539998 1.694536 0.02508282 -0.08494448 1.694205 0.0238623 -0.0837 1.693962 0.0234155 -0.08199995 1.693873 0.0238623 -0.08029997 1.693962 0.02508282 -0.07905548 1.694205 0.0267502 -0.07859998 1.694536 0.02841752 -0.07905548 1.694868 0.02963811 -0.08029997 1.695111 0.02915161 -0.08199995 1.698276 0.02873075 -0.0837 1.698102 0.02758097 -0.08494448 1.697625 0.02601039 -0.08539998 1.696975 0.02443981 -0.08494448 1.696324 0.02329003 -0.0837 1.695848 0.02286922 -0.08199995 1.695674 0.02329003 -0.08029997 1.695848 0.02443981 -0.07905548 1.696324 0.02601039 -0.07859998 1.696975 0.02758097 -0.07905548 1.697625 0.02873075 -0.08029997 1.698102 0.02763605 -0.08199995 1.701111 0.02725732 -0.0837 1.700858 0.02622258 -0.08494448 1.700167 0.02480906 -0.08539998 1.699222 0.02339559 -0.08494448 1.698278 0.0223608 -0.0837 1.697587 0.02198207 -0.08199995 1.697333 0.0223608 -0.08029997 1.697587 0.02339559 -0.07905548 1.698278 0.02480906 -0.07859998 1.699222 0.02622258 -0.07905548 1.700167 0.02725732 -0.08029997 1.700858 0.02559649 -0.08199995 1.703597 0.02527445 -0.0837 1.703274 0.02439445 -0.08494448 1.702394 0.02319234 -0.08539998 1.701192 0.02199029 -0.08494448 1.69999 0.02111029 -0.0837 1.69911 0.02078819 -0.08199995 1.698788 0.02111029 -0.08029997 1.69911 0.02199029 -0.07905548 1.69999 0.02319234 -0.07859998 1.701192 0.02439445 -0.07905548 1.702394 0.02527445 -0.08029997 1.703274 0.02311134 -0.08199995 1.705636 0.02285826 -0.0837 1.705257 0.02216684 -0.08494448 1.704223 0.02122241 -0.08539998 1.702809 0.02027791 -0.08494448 1.701396 0.0195865 -0.0837 1.700361 0.01933342 -0.08199995 1.699982 0.0195865 -0.08029997 1.700361 0.02027791 -0.07905548 1.701396 0.02122241 -0.07859998 1.702809 0.02216684 -0.07905548 1.704223 0.02285826 -0.08029997 1.705257 0.02027601 -0.08199995 1.707152 0.02010166 -0.0837 1.706731 0.01962542 -0.08494448 1.705581 0.01897484 -0.08539998 1.70401 0.01832431 -0.08494448 1.70244 0.01784807 -0.0837 1.70129 0.01767373 -0.08199995 1.700869 0.01784807 -0.08029997 1.70129 0.01832431 -0.07905548 1.70244 0.01897484 -0.07859998 1.70401 0.01962542 -0.07905548 1.705581 0.02010166 -0.08029997 1.706731 0.01719945 -0.08199995 1.708085 0.01711058 -0.0837 1.707638 0.01686781 -0.08494448 1.706418 0.01653617 -0.08539998 1.70475 0.01620447 -0.08494448 1.703083 0.0159617 -0.0837 1.701862 0.01587283 -0.08199995 1.701416 0.0159617 -0.08029997 1.701862 0.01620447 -0.07905548 1.703083 0.01653617 -0.07859998 1.70475 0.01686781 -0.07905548 1.706418 0.01711058 -0.08029997 1.707638 0.01399999 -0.08199995 1.7084 0.01399999 -0.0837 1.707944 0.01399999 -0.08494448 1.7067 0.01399999 -0.08539998 1.705 0.01399999 -0.08494448 1.7033 0.01399999 -0.0837 1.702056 0.01399999 -0.08199995 1.7016 0.01399999 -0.08029997 1.702056 0.01399999 -0.07905548 1.7033 0.01399999 -0.07859998 1.705 0.01399999 -0.07905548 1.7067 0.01399999 -0.08029997 1.707944 0.01080048 -0.08199995 1.708085 0.01088935 -0.0837 1.707638 0.01113212 -0.08494448 1.706418 0.01146382 -0.08539998 1.70475 0.01179546 -0.08494448 1.703083 0.01203823 -0.0837 1.701862 0.0121271 -0.08199995 1.701416 0.01203823 -0.08029997 1.701862 0.01179546 -0.07905548 1.703083 0.01146382 -0.07859998 1.70475 0.01113212 -0.07905548 1.706418 0.01088935 -0.08029997 1.707638 0.007723987 -0.08199995 1.707152 0.007898271 -0.0837 1.706731 0.008374512 -0.08494448 1.705581 0.009025096 -0.08539998 1.70401 0.009675621 -0.08494448 1.70244 0.01015192 -0.0837 1.70129 0.0103262 -0.08199995 1.700869 0.01015192 -0.08029997 1.70129 0.009675621 -0.07905548 1.70244 0.009025096 -0.07859998 1.70401 0.008374512 -0.07905548 1.705581 0.007898271 -0.08029997 1.706731 0.004888594 -0.08199995 1.705636 0.005141675 -0.0837 1.705257 0.005833089 -0.08494448 1.704223 0.006777584 -0.08539998 1.702809 0.00772202 -0.08494448 1.701396 0.008413434 -0.0837 1.700361 0.008666515 -0.08199995 1.699982 0.008413434 -0.08029997 1.700361 0.00772202 -0.07905548 1.701396 0.006777584 -0.07859998 1.702809 0.005833089 -0.07905548 1.704223 0.005141675 -0.08029997 1.705257 0.002403438 -0.08199995 1.703597 0.002725541 -0.0837 1.703274 0.003605484 -0.08494448 1.702394 0.004807591 -0.08539998 1.701192 0.006009638 -0.08494448 1.69999 0.006889641 -0.0837 1.69911 0.007211744 -0.08199995 1.698788 0.006889641 -0.08029997 1.69911 0.006009638 -0.07905548 1.69999 0.004807591 -0.07859998 1.701192 0.003605484 -0.07905548 1.702394 0.002725541 -0.08029997 1.703274 3.63899e-4 -0.08199995 1.701111 7.42644e-4 -0.0837 1.700858 0.00177735 -0.08494448 1.700167 0.003190875 -0.08539998 1.699222 0.004604339 -0.08494448 1.698278 0.005639135 -0.0837 1.697587 0.006017863 -0.08199995 1.697333 0.005639135 -0.08029997 1.697587 0.004604339 -0.07905548 1.698278 0.003190875 -0.07859998 1.699222 0.00177735 -0.07905548 1.700167 7.42644e-4 -0.08029997 1.700858 -0.001151621 -0.08199995 1.698276 -7.30784e-4 -0.0837 1.698102 4.18971e-4 -0.08494448 1.697625 0.001989543 -0.08539998 1.696975 0.003560125 -0.08494448 1.696324 0.004709899 -0.0837 1.695848 0.005130708 -0.08199995 1.695674 0.004709899 -0.08029997 1.695848 0.003560125 -0.07905548 1.696324 0.001989543 -0.07859998 1.696975 4.18971e-4 -0.07905548 1.697625 -7.30784e-4 -0.08029997 1.698102 -0.002084851 -0.08199995 1.695199 -0.001638114 -0.0837 1.695111 -4.17543e-4 -0.08494448 1.694868 0.00124979 -0.08539998 1.694536 0.00291711 -0.08494448 1.694205 0.004137694 -0.0837 1.693962 0.004584431 -0.08199995 1.693873 0.004137694 -0.08029997 1.693962 0.00291711 -0.07905548 1.694205 0.00124979 -0.07859998 1.694536 -4.17543e-4 -0.07905548 1.694868 -0.001638114 -0.08029997 1.695111 -0.002399981 -0.08199995 1.692 -0.001944482 -0.0837 1.692 -7e-4 -0.08494448 1.692 0.000999987 -0.08539998 1.692 0.002699971 -0.08494448 1.692 0.003944456 -0.0837 1.692 0.004399955 -0.08199995 1.692 0.003944456 -0.08029997 1.692 0.002699971 -0.07905548 1.692 0.000999987 -0.07859998 1.692 -7e-4 -0.07905548 1.692 -0.001944482 -0.08029997 1.692 -0.002084851 -0.08199995 1.688801 -0.001638114 -0.0837 1.688889 -4.17543e-4 -0.08494448 1.689132 0.00124979 -0.08539998 1.689464 0.00291711 -0.08494448 1.689795 0.004137694 -0.0837 1.690038 0.004584431 -0.08199995 1.690127 0.004137694 -0.08029997 1.690038 0.00291711 -0.07905548 1.689795 0.00124979 -0.07859998 1.689464 -4.17543e-4 -0.07905548 1.689132 -0.001638114 -0.08029997 1.688889 -0.001151621 -0.08199995 1.685724 -7.30784e-4 -0.0837 1.685898 4.18971e-4 -0.08494448 1.686375 0.001989543 -0.08539998 1.687025 0.003560125 -0.08494448 1.687676 0.004709899 -0.0837 1.688152 0.005130708 -0.08199995 1.688326 0.004709899 -0.08029997 1.688152 0.003560125 -0.07905548 1.687676 0.001989543 -0.07859998 1.687025 4.18971e-4 -0.07905548 1.686375 -7.30784e-4 -0.08029997 1.685898 3.63899e-4 -0.08199995 1.682889 7.42644e-4 -0.0837 1.683142 0.00177735 -0.08494448 1.683833 0.003190875 -0.08539998 1.684778 0.004604339 -0.08494448 1.685722 0.005639135 -0.0837 1.686414 0.006017863 -0.08199995 1.686667 0.005639135 -0.08029997 1.686414 0.004604339 -0.07905548 1.685722 0.003190875 -0.07859998 1.684778 0.00177735 -0.07905548 1.683833 7.42644e-4 -0.08029997 1.683142 0.002403438 -0.08199995 1.680403 0.002725541 -0.0837 1.680726 0.003605484 -0.08494448 1.681606 0.004807591 -0.08539998 1.682808 0.006009638 -0.08494448 1.68401 0.006889641 -0.0837 1.68489 0.007211744 -0.08199995 1.685212 0.006889641 -0.08029997 1.68489 0.006009638 -0.07905548 1.68401 0.004807591 -0.07859998 1.682808 0.003605484 -0.07905548 1.681606 0.002725541 -0.08029997 1.680726 0.004888594 -0.08199995 1.678364 0.005141675 -0.0837 1.678743 0.005833089 -0.08494448 1.679777 0.006777584 -0.08539998 1.681191 0.00772202 -0.08494448 1.682604 0.008413434 -0.0837 1.683639 0.008666515 -0.08199995 1.684018 0.008413434 -0.08029997 1.683639 0.00772202 -0.07905548 1.682604 0.006777584 -0.07859998 1.681191 0.005833089 -0.07905548 1.679777 0.005141675 -0.08029997 1.678743 0.007723987 -0.08199995 1.676848 0.007898271 -0.0837 1.677269 0.008374512 -0.08494448 1.678419 0.009025096 -0.08539998 1.67999 0.009675621 -0.08494448 1.68156 0.01015192 -0.0837 1.68271 0.0103262 -0.08199995 1.683131 0.01015192 -0.08029997 1.68271 0.009675621 -0.07905548 1.68156 0.009025096 -0.07859998 1.67999 0.008374512 -0.07905548 1.678419 0.007898271 -0.08029997 1.677269 0.01080048 -0.08199995 1.675915 0.01088935 -0.0837 1.676362 0.01113212 -0.08494448 1.677582 0.01146382 -0.08539998 1.67925 0.01179546 -0.08494448 1.680917 0.01203823 -0.0837 1.682138 0.0121271 -0.08199995 1.682585 0.01203823 -0.08029997 1.682138 0.01179546 -0.07905548 1.680917 0.01146382 -0.07859998 1.67925 0.01113212 -0.07905548 1.677582 0.01088935 -0.08029997 1.676362 0.01399999 -0.08199995 1.6756 0.01399999 -0.0837 1.676056 0.01399999 -0.08494448 1.6773 0.01399999 -0.08539998 1.679 0.01399999 -0.08494448 1.6807 0.01399999 -0.0837 1.681944 0.01399999 -0.08199995 1.6824 0.01399999 -0.08029997 1.681944 0.01399999 -0.07905548 1.6807 0.01399999 -0.07859998 1.679 0.01399999 -0.07905548 1.6773 0.01399999 -0.08029997 1.676056 0.01719945 -0.08199995 1.675915 0.01711058 -0.0837 1.676362 0.01686781 -0.08494448 1.677582 0.01653617 -0.08539998 1.67925 0.01620447 -0.08494448 1.680917 0.0159617 -0.0837 1.682138 0.01587283 -0.08199995 1.682585 0.0159617 -0.08029997 1.682138 0.01620447 -0.07905548 1.680917 0.01653617 -0.07859998 1.67925 0.01686781 -0.07905548 1.677582 0.01711058 -0.08029997 1.676362 0.02027601 -0.08199995 1.676848 0.02010166 -0.0837 1.677269 0.01962542 -0.08494448 1.678419 0.01897484 -0.08539998 1.67999 0.01832431 -0.08494448 1.68156 0.01784807 -0.0837 1.68271 0.01767373 -0.08199995 1.683131 0.01784807 -0.08029997 1.68271 0.01832431 -0.07905548 1.68156 0.01897484 -0.07859998 1.67999 0.01962542 -0.07905548 1.678419 0.02010166 -0.08029997 1.677269 0.02311134 -0.08199995 1.678364 0.02285826 -0.0837 1.678743 0.02216684 -0.08494448 1.679777 0.02122241 -0.08539998 1.681191 0.02027791 -0.08494448 1.682604 0.0195865 -0.0837 1.683639 0.01933342 -0.08199995 1.684018 0.0195865 -0.08029997 1.683639 0.02027791 -0.07905548 1.682604 0.02122241 -0.07859998 1.681191 0.02216684 -0.07905548 1.679777 0.02285826 -0.08029997 1.678743 0.02559649 -0.08199995 1.680403 0.02527445 -0.0837 1.680726 0.02439445 -0.08494448 1.681606 0.02319234 -0.08539998 1.682808 0.02199029 -0.08494448 1.68401 0.02111029 -0.0837 1.68489 0.02078819 -0.08199995 1.685212 0.02111029 -0.08029997 1.68489 0.02199029 -0.07905548 1.68401 0.02319234 -0.07859998 1.682808 0.02439445 -0.07905548 1.681606 0.02527445 -0.08029997 1.680726 0.02763605 -0.08199995 1.682889 0.02725732 -0.0837 1.683142 0.02622258 -0.08494448 1.683833 0.02480906 -0.08539998 1.684778 0.02339559 -0.08494448 1.685722 0.0223608 -0.0837 1.686414 0.02198207 -0.08199995 1.686667 0.0223608 -0.08029997 1.686414 0.02339559 -0.07905548 1.685722 0.02480906 -0.07859998 1.684778 0.02622258 -0.07905548 1.683833 0.02725732 -0.08029997 1.683142 0.02915161 -0.08199995 1.685724 0.02873075 -0.0837 1.685898 0.02758097 -0.08494448 1.686375 0.02601039 -0.08539998 1.687025 0.02443981 -0.08494448 1.687676 0.02329003 -0.0837 1.688152 0.02286922 -0.08199995 1.688326 0.02329003 -0.08029997 1.688152 0.02443981 -0.07905548 1.687676 0.02601039 -0.07859998 1.687025 0.02758097 -0.07905548 1.686375 0.02873075 -0.08029997 1.685898 0.03008484 -0.08199995 1.688801 0.02963811 -0.0837 1.688889 0.02841752 -0.08494448 1.689132 0.0267502 -0.08539998 1.689464 0.02508282 -0.08494448 1.689795 0.0238623 -0.0837 1.690038 0.0234155 -0.08199995 1.690127 0.0238623 -0.08029997 1.690038 0.02508282 -0.07905548 1.689795 0.0267502 -0.07859998 1.689464 0.02841752 -0.07905548 1.689132 0.02963811 -0.08029997 1.688889</float_array>
          <technique_common>
            <accessor source="#GanondorfEarrings-mesh-positions-array" count="768" stride="3">
              <param name="X" type="float"/>
              <param name="Y" type="float"/>
              <param name="Z" type="float"/>
            </accessor>
          </technique_common>
        </source>
        <source id="GanondorfEarrings-mesh-normals">
          <float_array id="GanondorfEarrings-mesh-normals-array" count="2283">0.9807848 1.55423e-7 0.1950925 0.8699552 -0.493131 3.69817e-7 1 0 0 0.5020943 -0.8590269 0.09987068 0.5119436 -0.8590191 1.26719e-6 0.01618087 -0.9998692 0 0.01586025 -0.9998694 0.003154814 -0.4876781 -0.8730235 -8.83952e-7 -0.8453202 -0.5071144 -0.1681339 -0.8618665 -0.5071355 -4.8446e-6 -1 0 -3.41256e-6 -0.84532 0.5071144 -0.1681347 -0.8618664 0.5071355 -4.84582e-6 -0.487678 0.8730236 -8.90048e-7 0.01586037 0.9998694 0.003154814 0.01618087 0.9998691 0 0.5020943 0.8590269 0.09987127 0.5119436 0.8590191 1.26905e-6 0.8699551 0.493131 3.69817e-7 0.9238843 -4.06104e-7 0.3826719 0.8532403 -0.4931284 0.1697218 0.4729656 -0.8590247 0.1959086 0.01492732 -0.9998695 0.006188929 -0.4783103 -0.873022 -0.09514153 -0.7962767 -0.507115 -0.3298152 -0.9807862 0 -0.1950858 -0.7962768 0.5071148 -0.329815 -0.4783101 0.873022 -0.09514296 0.01492738 0.9998695 0.006186604 0.4729656 0.8590249 0.195908 0.8532403 0.4931284 0.169722 0.8314652 0 0.555577 0.8037396 -0.4931234 0.3329144 0.4256553 -0.8590259 0.2844157 0.01345503 -0.9998692 0.008984029 -0.4505313 -0.8730351 -0.1866321 -0.4054965 -0.8730212 -0.2709367 -0.7166348 -0.5071148 -0.4788207 -0.9238782 -1.65045e-7 -0.3826865 -0.7166352 0.5071156 -0.4788193 -0.4054966 0.8730212 -0.2709367 -0.4505313 0.8730351 -0.1866316 0.01345491 0.9998692 0.008986532 0.4256551 0.8590253 0.2844175 0.8037401 0.4931232 0.3329135 0.6151461 -0.4931336 0.6151542 0.7233343 -0.4931347 0.4833278 0.3619891 -0.8590271 0.3619897 0.01143139 -0.9998693 0.01143443 -0.6094419 -0.5071306 -0.6094253 -0.7071114 0 -0.7071021 -0.8314504 2.18443e-7 -0.555599 -0.6094415 0.5071305 -0.6094259 0.01143139 0.9998694 0.01143223 0.3619893 0.8590277 0.3619881 0.7233344 0.4931353 0.483327 0.6151458 0.4931339 0.6151543 0.5555693 0 0.8314703 0.7071178 -2.15586e-7 0.7070958 0.2844191 -0.859025 0.4256545 0.008978843 -0.9998695 0.01343768 -0.3448411 -0.8730236 -0.3448398 -0.2709349 -0.8730223 -0.4054952 -0.4788267 -0.5071236 -0.7166246 -0.4788264 0.5071229 -0.7166252 -0.2709344 0.8730205 -0.4054993 -0.3448408 0.8730232 -0.344841 0.008978843 0.9998694 0.01343601 0.2844191 0.8590248 0.4256553 0.3826858 -1.47902e-7 0.9238786 0.4833097 -0.4931268 0.7233518 0.3329019 -0.4931259 0.8037434 0.006193995 -0.9998693 0.01494139 -0.1866506 -0.8730211 -0.4505505 -0.3298426 -0.50712 -0.796262 -0.5555706 -3.0339e-7 -0.8314694 -0.3298428 0.5071203 -0.7962617 -0.1866509 0.8730218 -0.4505491 0.006193876 0.9998692 0.01494401 0.3329019 0.4931251 0.8037437 0.4833093 0.4931266 0.7233522 0.1697232 -0.4931336 0.853237 0.1959099 -0.8590248 0.4729651 0.09988605 -0.8590246 0.5020952 -0.09513139 -0.8730268 -0.4783034 -0.1681039 -0.5071297 -0.845317 -0.3826909 -6.14064e-7 -0.9238765 -0.1681034 0.5071289 -0.8453174 -0.09513145 0.8730269 -0.4783033 0.09988617 0.859025 0.5020946 0.19591 0.8590244 0.4729655 0.1697229 0.4931335 0.853237 0 0 1 0.1950685 0 0.9807897 0 -0.859021 0.5119404 0 -0.9998693 0.01617199 0.003156304 -0.9998691 0.01587253 0 -0.8730216 -0.4876818 1.29851e-7 -5.36392e-7 -1 -0.1950359 -1.13106e-6 -0.9807962 0 0.87302 -0.4876844 0 0.9998692 0.01617282 0.003156304 0.9998691 0.01587253 0 0.8590198 0.5119425 -0.1697233 -0.4931337 0.8532369 0 -0.4931179 0.8699625 -0.09988611 -0.8590245 0.5020954 0.09513139 -0.8730261 -0.4783048 0.1681039 -0.5071293 -0.8453172 1.60351e-7 -0.5071126 -0.86188 0.1681034 0.5071287 -0.8453176 0 0.5071122 -0.8618801 0.09513145 0.8730263 -0.4783043 -0.09988617 0.8590245 0.5020952 -0.1697233 0.493134 0.8532367 0 0.4931178 0.8699626 -0.3826856 1.7297e-7 0.9238787 -0.1950694 -7.06939e-7 0.9807894 -0.19591 -0.8590254 0.4729638 -0.006193995 -0.9998693 0.01494097 -0.003156304 -0.9998691 0.01587253 0.3298431 -0.5071204 -0.7962617 0.3826909 -7.23285e-7 -0.9238765 0.1950351 -5.58248e-7 -0.9807963 0.3298428 0.5071205 -0.7962616 -0.006193995 0.9998692 0.0149421 -0.003156304 0.9998691 0.01587247 -0.1959102 0.8590254 0.4729636 -0.4833095 -0.4931264 0.7233521 -0.3329012 -0.4931254 0.8037439 -0.2844192 -0.8590252 0.4256542 -0.008978724 -0.9998695 0.01343768 0.1866506 -0.8730211 -0.4505504 0.2709348 -0.8730223 -0.4054955 0.5555707 -2.03878e-7 -0.8314694 0.2709347 0.8730221 -0.4054957 0.1866508 0.873022 -0.4505486 -0.008978724 0.9998694 0.01343834 -0.2844191 0.8590247 0.4256551 -0.3329018 0.4931262 0.8037431 -0.4833083 0.4931254 0.7233536 -0.5555698 -3.33407e-7 0.8314699 -0.6151462 -0.4931337 0.6151539 -0.3619893 -0.8590279 0.3619875 0.3448408 -0.8730235 -0.3448405 0.6094412 -0.5071303 -0.6094262 0.4788266 -0.5071237 -0.7166246 0.7071114 0 -0.7071022 0.4788263 0.5071231 -0.7166251 0.6094408 0.5071303 -0.6094267 0.3448407 0.8730233 -0.3448408 -0.3619897 0.8590284 0.3619858 -0.6151465 0.4931344 0.6151531 -0.8314646 -1.67958e-7 0.5555778 -0.7071177 -2.60709e-7 0.7070959 -0.7233338 -0.4931348 0.4833284 -0.4256549 -0.8590256 0.2844169 -0.01143139 -0.9998694 0.01143258 0.4054965 -0.8730212 -0.2709366 0.7166345 -0.5071154 -0.4788206 0.7166349 0.5071161 -0.4788191 0.4054966 0.8730212 -0.2709366 -0.01143133 0.9998694 0.01143354 -0.4256548 0.8590253 0.2844178 -0.7233337 0.4931351 0.4833284 -0.8037399 -0.4931231 0.332914 -0.4729657 -0.8590245 0.1959089 -0.01345497 -0.9998692 0.008983969 0.4505316 -0.8730349 -0.1866323 0.7962765 -0.5071152 -0.329815 0.9238782 0 -0.3826869 0.8314514 0 -0.5555976 0.7962766 0.507115 -0.329815 0.4505315 0.8730349 -0.1866322 -0.01345497 0.9998692 0.0089854 -0.4729659 0.8590248 0.1959072 -0.80374 0.4931232 0.3329138 -0.9238843 0 0.382672 -0.8532407 -0.4931278 0.1697215 -0.5020945 -0.8590268 0.0998708 -0.01492702 -0.9998695 0.006188869 0.4783109 -0.8730216 -0.09514224 0.9807863 0 -0.1950853 0.4783108 0.8730217 -0.09514254 -0.01492708 0.9998695 0.006186783 -0.5020945 0.8590267 0.09987133 -0.8532407 0.4931278 0.1697211 -0.9807848 0 0.1950926 -0.8699548 -0.4931315 3.66069e-7 -0.01618087 -0.9998691 0 -0.01585996 -0.9998694 0.003154635 0.4876783 -0.8730235 -8.87e-7 0.8453202 -0.5071145 -0.1681333 1 0 -3.40892e-6 0.8453201 0.5071143 -0.168134 0.4876782 0.8730235 -8.87e-7 -0.01585996 0.9998694 0.003155469 -0.01618087 0.9998691 0 -0.8699548 0.4931314 3.67318e-7 -0.9807873 0 -0.1950808 -1 0 0 -0.5021073 -0.8590197 -0.09986776 -0.5119433 -0.8590192 1.26719e-6 -0.01586204 -0.9998692 -0.003154456 0.8453145 -0.5071229 0.168137 0.8618662 -0.5071358 -4.84703e-6 0.8453144 0.5071228 0.1681377 0.8618661 0.5071359 -4.8446e-6 -0.01586204 0.9998693 -0.003155291 -0.5021073 0.8590196 -0.09986835 -0.5119434 0.8590193 1.26905e-6 -0.9238859 0 -0.3826681 -0.8532385 -0.4931327 -0.169718 -0.472961 -0.859027 -0.1959097 -0.014934 -0.9998694 -0.006188631 0.4783141 -0.8730198 0.09514254 0.796261 -0.5071288 0.3298314 0.9807863 0 0.1950853 0.7962613 0.5071287 0.3298315 0.4783141 0.8730198 0.09514284 -0.01493406 0.9998694 -0.006186544 -0.4729612 0.8590273 -0.1959081 -0.8532386 0.4931327 -0.1697177 -0.8314671 -1.70465e-7 -0.5555741 -0.8037289 -0.4931365 -0.3329209 -0.4256702 -0.8590198 -0.2844119 -0.0134446 -0.9998694 -0.008984327 0.4505532 -0.8730243 0.1866291 0.4054912 -0.8730232 0.2709382 0.7166312 -0.5071183 0.4788223 0.9238716 0 0.3827028 0.7166316 0.507119 0.4788209 0.4054912 0.8730231 0.2709381 0.4505532 0.8730243 0.1866291 -0.01344454 0.9998692 -0.008985757 -0.4256702 0.8590194 -0.2844128 -0.803729 0.4931365 -0.3329206 -0.6151408 -0.4931353 -0.6151582 -0.7233443 -0.4931271 -0.4833205 -0.3619955 -0.8590259 -0.3619861 -0.01142638 -0.9998695 -0.01143276 0.6094347 -0.5071289 0.6094339 0.7071281 0 0.7070855 0.8314769 0 0.5555595 0.6094343 0.5071288 0.6094344 -0.01142632 0.9998695 -0.01143372 -0.3619959 0.8590264 -0.3619843 -0.7233442 0.4931273 -0.4833205 -0.6151409 0.4931359 -0.6151574 -0.555592 -3.20871e-7 -0.8314552 -0.7070947 -2.6071e-7 -0.707119 -0.2844141 -0.8590263 -0.4256556 -0.008982777 -0.9998695 -0.01343756 0.3448399 -0.8730241 0.3448398 0.2709262 -0.8730246 0.4054962 0.4788129 -0.5071265 0.7166318 0.4788126 0.5071259 0.7166323 0.2709262 0.8730245 0.4054964 0.3448398 0.873024 0.3448402 -0.008982777 0.9998694 -0.01343816 -0.2844139 0.8590258 -0.4256566 -0.3826847 1.77985e-7 -0.9238791 -0.4833211 -0.4931244 -0.7233458 -0.3329074 -0.4931245 -0.8037418 -0.006192922 -0.9998693 -0.01494097 0.186652 -0.8730207 0.4505509 0.3298302 -0.5071219 0.7962659 0.5555905 -1.96598e-7 0.8314561 0.3298299 0.507122 0.796266 0.1866523 0.8730216 0.450549 -0.006192922 0.9998693 -0.0149421 -0.332908 0.4931253 -0.803741 -0.4833198 0.4931234 -0.7233473 -0.1697094 -0.4931341 -0.8532395 -0.1959075 -0.8590253 -0.472965 -0.09985899 -0.8590267 -0.5020971 0.09514898 -0.8730251 0.4783034 0.1681219 -0.507128 0.8453143 0.3826908 -7.23285e-7 0.9238765 0.1681215 0.5071275 0.8453146 0.09514904 0.8730252 0.478303 -0.09985911 0.8590267 -0.5020968 -0.1959078 0.8590253 -0.4729648 -0.1697095 0.4931344 -0.8532393 0 0 -1 -0.1950709 -7.06933e-7 -0.9807891 0 -0.859021 -0.5119405 0 -0.9998693 -0.01617199 -0.003149986 -0.9998691 -0.01587271 0 -0.8730216 0.4876819 1.32279e-7 -5.4125e-7 1 0.1951061 -5.53389e-7 0.9807822 0 0.8730201 0.4876845 0 0.9998692 -0.01617282 -0.003149986 0.9998691 -0.01587271 0 0.8590196 -0.5119426 0.1697093 -0.4931339 -0.8532397 0 -0.493117 -0.8699631 0.09985893 -0.8590268 -0.5020968 -0.09514904 -0.8730257 0.4783021 -0.1681219 -0.5071285 0.845314 1.60351e-7 -0.5071126 0.86188 -0.1681215 0.5071277 0.8453145 0 0.5071122 0.8618801 -0.09514904 0.8730258 0.4783019 0.09985911 0.8590272 -0.5020962 0.1697091 0.4931339 -0.8532397 0 0.4931169 -0.8699631 0.382685 -1.40382e-7 -0.9238789 0.19507 0 -0.9807893 0.1959075 -0.8590247 -0.4729663 0.006192922 -0.9998693 -0.01494139 0.003149986 -0.9998691 -0.01587271 -0.3298298 -0.5071216 0.7962663 -0.3826909 -6.14064e-7 0.9238765 -0.1951069 -1.14076e-6 0.980782 -0.3298299 0.5071219 0.7962661 0.006192803 0.9998692 -0.01494401 0.003150045 0.9998691 -0.01587271 0.1959076 0.8590243 -0.4729667 0.4833213 -0.4931247 -0.7233455 0.3329081 -0.4931249 -0.8037413 0.2844139 -0.8590261 -0.4256559 0.008982896 -0.9998695 -0.01343756 -0.186652 -0.8730207 0.450551 -0.2709264 -0.8730247 0.4054959 -0.5555905 -3.10674e-7 0.8314561 -0.2709259 0.8730228 0.4055001 -0.1866523 0.8730213 0.4505496 0.008982837 0.9998694 -0.0134359 0.2844139 0.8590258 -0.4256566 0.3329081 0.4931241 -0.8037418 0.4833209 0.4931245 -0.7233459 0.5555914 0 -0.8314555 0.6151406 -0.4931351 -0.6151584 0.3619952 -0.859025 -0.3619883 -0.3448402 -0.8730242 0.3448392 -0.6094354 -0.5071291 0.609433 -0.478813 -0.5071264 0.7166317 -0.7071282 0 0.7070854 -0.4788127 0.5071257 0.7166324 -0.609435 0.507129 0.6094336 -0.3448399 0.8730239 0.3448404 0.3619954 0.8590257 -0.3619865 0.6151401 0.4931354 -0.6151586 0.8314677 1.20328e-7 -0.5555732 0.7070947 -2.20601e-7 -0.7071189 0.7233448 -0.4931269 -0.4833199 0.4256706 -0.8590199 -0.2844107 0.01142638 -0.9998694 -0.01143461 -0.4054912 -0.8730232 0.2709382 -0.7166315 -0.5071177 0.4788224 -0.7166318 0.5071185 0.4788211 -0.4054913 0.8730232 0.2709382 0.01142638 0.9998695 -0.0114324 0.4256704 0.8590194 -0.2844125 0.723345 0.4931275 -0.4833191 0.8037286 -0.4931367 -0.3329212 0.472961 -0.8590272 -0.1959094 0.01344466 -0.9998694 -0.008984386 -0.4505529 -0.8730245 0.1866289 -0.7962611 -0.5071285 0.3298317 -0.9238716 -1.72327e-7 0.3827026 -0.8314759 2.18441e-7 0.555561 -0.7962612 0.5071285 0.3298316 -0.4505529 0.8730245 0.1866285 0.01344454 0.9998693 -0.00898689 0.4729608 0.8590273 -0.1959087 0.8037291 0.4931365 -0.3329203 0.923886 -4.08611e-7 -0.3826681 0.8532381 -0.4931333 -0.1697183 0.5021071 -0.8590199 -0.09986764 0.0149343 -0.9998694 -0.00618869 -0.4783135 -0.8730202 0.09514182 -0.9807862 0 0.1950858 -0.4783132 0.8730202 0.09514331 0.01493436 0.9998694 -0.006186425 0.502107 0.8590198 -0.09986829 0.8532381 0.4931332 -0.1697186 0.9807872 1.50409e-7 -0.1950806 0.01586234 -0.9998692 -0.003154635 -0.8453143 -0.5071227 0.1681376 -0.8453142 0.5071228 0.1681385 0.01586246 0.9998692 -0.003154575 0.980785 2.15587e-7 0.1950922 0.8699551 -0.493131 3.6482e-7 1 0 0 0.5020942 -0.859027 0.09987127 0.5119436 -0.8590191 1.26595e-6 0.01618087 -0.9998691 0 0.01586025 -0.9998694 0.003154814 -0.4876781 -0.8730235 -8.8761e-7 -0.8453201 -0.5071142 -0.1681346 -0.8618664 -0.5071355 -4.84217e-6 -1 0 -3.41014e-6 -0.8453201 0.5071145 -0.1681338 -0.8618664 0.5071354 -4.84582e-6 -0.4876781 0.8730236 -8.89743e-7 0.01586037 0.9998694 0.003153204 0.01618087 0.9998691 0 0.5020944 0.859027 0.09987002 0.5119436 0.8590191 1.26905e-6 0.8699551 0.493131 3.69817e-7 0.9238845 -4.86322e-7 0.3826715 0.8532402 -0.4931283 0.1697223 0.4729657 -0.8590248 0.195908 0.01492738 -0.9998695 0.006186246 -0.4783103 -0.8730219 -0.09514254 -0.7962767 -0.507115 -0.329815 -0.9807862 -1.35919e-7 -0.1950861 -0.7962766 0.5071147 -0.3298155 -0.4783101 0.873022 -0.09514319 0.01492738 0.9998695 0.006187856 0.4729656 0.8590249 0.1959078 0.8532403 0.4931284 0.1697216 0.8314654 2.13082e-7 0.5555768 0.8037399 -0.4931236 0.3329133 0.4256553 -0.8590253 0.2844175 0.01345497 -0.9998692 0.008986532 -0.4505313 -0.8730351 -0.1866316 -0.4054965 -0.8730212 -0.2709366 -0.7166351 -0.5071155 -0.4788195 -0.9238781 0 -0.3826868 -0.7166345 0.5071148 -0.4788212 -0.4054964 0.873021 -0.2709372 -0.4505311 0.8730349 -0.1866331 0.01345497 0.9998692 0.008984088 0.4256551 0.8590255 0.284417 0.8037397 0.4931231 0.3329146 0.6151462 -0.4931339 0.6151537 0.7233346 -0.493135 0.483327 0.3619893 -0.8590276 0.3619881 0.01143145 -0.9998694 0.01143234 -0.6094415 -0.5071305 -0.6094258 -0.707111 0 -0.7071027 -0.8314496 2.47569e-7 -0.5556002 -0.6094411 0.5071302 -0.6094264 0.01143133 0.9998694 0.01143324 0.3619892 0.8590272 0.3619894 0.7233341 0.4931349 0.4833279 0.6151464 0.4931341 0.6151534 0.5555692 -3.55969e-7 0.8314703 0.7071185 0 0.7070951 0.2844191 -0.8590247 0.4256553 0.008978903 -0.9998695 0.01343595 -0.3448411 -0.8730234 -0.3448403 -0.2709344 -0.8730205 -0.4054994 -0.4788258 -0.5071225 -0.7166259 -0.4788267 0.5071235 -0.7166245 -0.2709347 0.8730215 -0.4054972 -0.3448407 0.8730231 -0.3448413 0.008978784 0.9998694 0.0134375 0.2844191 0.8590247 0.4256554 0.3826863 -2.40655e-7 0.9238784 0.4833096 -0.4931268 0.7233519 0.3329024 -0.4931259 0.8037431 0.006193935 -0.9998692 0.01494348 -0.1866508 -0.8730214 -0.4505497 -0.3298425 -0.50712 -0.7962622 -0.5555706 0 -0.8314694 -0.3298424 0.5071197 -0.7962623 -0.1866508 0.8730213 -0.4505503 0.006193935 0.9998692 0.01494222 0.332902 0.4931257 0.8037434 0.4833094 0.4931268 0.7233521 0.1697232 -0.4931339 0.8532369 0.1959101 -0.8590245 0.4729653 0.09988623 -0.8590249 0.5020947 -0.09513133 -0.8730266 -0.478304 -0.1681032 -0.5071282 -0.8453179 -0.3826901 2.86401e-7 -0.9238768 -0.1681036 0.507129 -0.8453174 -0.09513139 0.8730265 -0.478304 0.09988611 0.8590248 0.5020951 0.19591 0.859025 0.4729647 0.1697233 0.4931333 0.8532372 0 0 1 0.1950688 0 0.9807896 0 -0.8590198 0.5119426 0 -0.9998692 0.01617282 0.003156304 -0.9998691 0.01587253 0 -0.8730199 -0.4876846 1.77179e-7 5.21829e-7 -1 -0.195036 1.07281e-6 -0.9807961 0 0.8730213 -0.4876822 0 0.9998692 0.01617193 0.003156304 0.9998691 0.01587253 0 0.8590209 0.5119405 -0.1697232 -0.4931338 0.8532369 -0.09988629 -0.8590247 0.5020951 0.09513151 -0.8730265 -0.478304 0.1681034 -0.5071291 -0.8453173 0 -0.5071121 -0.8618801 0.1681036 0.5071284 -0.8453178 1.59137e-7 0.5071127 -0.8618798 0.09513133 0.8730259 -0.4783054 -0.09988617 0.8590245 0.5020952 -0.1697233 0.4931335 0.853237 -0.3826852 0 0.9238788 -0.1950694 6.06664e-7 0.9807896 -0.1959102 -0.8590254 0.4729637 -0.006193995 -0.9998692 0.01494157 -0.003156304 -0.9998691 0.01587253 0.3298426 -0.5071206 -0.7962616 0.38269 6.16491e-7 -0.9238769 0.195035 5.53393e-7 -0.9807963 0.3298428 0.5071199 -0.7962622 -0.006193995 0.9998692 0.01494187 -0.003156304 0.9998691 0.01587247 -0.1959101 0.8590255 0.4729635 -0.4833089 -0.4931262 0.7233528 -0.3329014 -0.4931256 0.8037436 -0.2844192 -0.8590249 0.4256547 -0.008978724 -0.9998695 0.01343822 0.1866508 -0.8730217 -0.4505493 0.2709348 -0.8730223 -0.4054953 0.5555701 3.5436e-7 -0.8314697 0.1866506 0.8730215 -0.4505497 -0.008978724 0.9998694 0.01343917 -0.2844191 0.8590246 0.4256553 -0.3329012 0.4931253 0.8037439 -0.4833091 0.4931263 0.7233525 -0.5555698 0 0.83147 -0.6151466 -0.4931343 0.6151531 -0.3619896 -0.8590285 0.3619857 0.3448407 -0.8730236 -0.3448404 0.6094408 -0.5071303 -0.6094266 0.4788264 -0.5071236 -0.7166247 0.707111 1.33493e-7 -0.7071026 0.4788264 0.5071231 -0.7166251 0.6094411 0.5071303 -0.6094264 0.3448407 0.8730232 -0.344841 -0.3619893 0.8590279 0.3619876 -0.6151463 0.4931337 0.6151537 -0.831465 1.20328e-7 0.5555773 -0.7071185 0 0.7070951 -0.7233335 -0.493135 0.4833286 -0.4256549 -0.8590254 0.2844176 -0.01143133 -0.9998694 0.01143294 0.4054965 -0.8730212 -0.2709366 0.7166346 -0.507116 -0.4788196 0.7166343 0.5071154 -0.4788206 0.4054965 0.8730211 -0.2709372 -0.01143139 0.9998694 0.01143217 -0.4256551 0.8590257 0.2844165 -0.723334 0.4931351 0.4833279 -0.8037402 -0.4931233 0.3329132 -0.4729659 -0.8590248 0.1959078 -0.01345491 -0.9998692 0.008985698 0.4505315 -0.8730349 -0.1866322 0.7962765 -0.507115 -0.3298157 0.923878 0 -0.382687 0.8314506 0 -0.5555988 0.7962768 0.5071151 -0.3298149 0.4505314 0.8730347 -0.1866332 -0.01345497 0.9998692 0.008984029 -0.4729658 0.8590247 0.1959083 -0.8037399 0.493123 0.3329142 -0.9238848 0 0.382671 -0.8532407 -0.4931278 0.1697214 -0.5020945 -0.8590267 0.09987097 -0.01492708 -0.9998695 0.006187617 0.4783108 -0.8730217 -0.095142 0.9807863 -1.23784e-7 -0.1950856 0.4783109 0.8730216 -0.09514343 -0.01492708 0.9998695 0.006187736 -0.5020946 0.8590269 0.09987002 -0.8532408 0.4931278 0.1697214 -0.980785 0 0.1950922 -0.8699548 -0.4931314 3.67318e-7 -0.01618087 -0.9998691 0 -0.01585996 -0.9998694 0.003154635 0.4876783 -0.8730235 -8.87e-7 0.8453201 -0.5071143 -0.168134 1 0 -3.41014e-6 0.8453202 0.5071145 -0.1681331 -0.01585996 0.9998694 0.003153085 -0.01618087 0.9998691 0 -0.8699548 0.4931314 3.67318e-7 -0.9807873 0 -0.1950803 -1 0 0 -0.5021073 -0.8590198 -0.09986799 -0.5119433 -0.8590193 1.26967e-6 -0.01586204 -0.9998692 -0.003154456 0.8453143 -0.5071228 0.1681378 0.8618661 -0.5071359 -4.84703e-6 0.8453145 0.5071229 0.1681368 0.8618661 0.5071359 -4.84217e-6 -0.01586204 0.9998692 -0.003152906 -0.5021073 0.8590197 -0.09986698 -0.5119433 0.8590192 1.26781e-6 -0.9238863 0 -0.3826673 -0.8532386 -0.4931327 -0.1697179 -0.4729611 -0.8590273 -0.1959086 -0.01493406 -0.9998694 -0.006187379 0.4783141 -0.8730198 0.09514236 0.796261 -0.5071286 0.3298321 0.9807862 -1.26211e-7 0.1950856 0.7962613 0.5071287 0.3298313 0.478314 0.8730196 0.09514373 -0.014934 0.9998694 -0.006187558 -0.472961 0.8590272 -0.195909 -0.8532386 0.4931326 -0.1697179 -0.8314675 0 -0.5555736 -0.8037291 -0.4931367 -0.33292 -0.4256702 -0.8590195 -0.2844126 -0.01344454 -0.9998692 -0.008986055 0.4505532 -0.8730244 0.186629 0.4054912 -0.8730232 0.2709382 0.7166314 -0.5071189 0.4788215 0.9238715 0 0.382703 0.7166311 0.5071183 0.4788225 0.4054911 0.873023 0.2709387 0.4505531 0.8730241 0.18663 -0.0134446 0.9998694 -0.008984446 -0.4256703 0.8590198 -0.2844114 -0.8037289 0.4931364 -0.3329211 -0.6151411 -0.4931358 -0.6151574 -0.7233441 -0.4931272 -0.4833207 -0.3619958 -0.8590266 -0.3619842 -0.01142638 -0.9998695 -0.01143312 0.6094343 -0.5071289 0.6094343 0.7071277 1.3592e-7 0.7070859 0.831476 0 0.5555607 0.6094347 0.5071288 0.609434 -0.01142638 0.9998695 -0.01143234 -0.3619955 0.8590258 -0.3619861 -0.7233445 0.4931273 -0.4833201 -0.6151409 0.4931353 -0.6151581 -0.5555919 0 -0.8314553 -0.7070953 0 -0.7071183 -0.2844141 -0.859026 -0.4256561 -0.008982777 -0.9998694 -0.01343804 0.3448398 -0.8730242 0.3448396 0.2709263 -0.8730247 0.4054961 0.4788127 -0.5071264 0.7166318 0.4788127 0.5071259 0.7166322 0.3448399 0.8730239 0.3448404 -0.008982717 0.9998694 -0.01343905 -0.2844139 0.8590257 -0.4256568 -0.3826843 0 -0.9238792 -0.4833204 -0.4931241 -0.7233465 -0.3329076 -0.4931248 -0.8037416 -0.006192922 -0.9998692 -0.01494151 0.1866522 -0.8730213 0.4505497 0.3298298 -0.5071221 0.796266 0.5555897 3.51935e-7 0.8314566 0.3298298 0.5071213 0.7962664 0.186652 0.873021 0.4505501 -0.006192922 0.9998692 -0.01494187 -0.3329074 0.4931244 -0.8037418 -0.4833207 0.4931243 -0.7233462 -0.1697093 -0.4931342 -0.8532394 -0.1959078 -0.8590253 -0.4729649 -0.09985917 -0.8590269 -0.5020968 0.09514909 -0.8730254 0.4783027 0.1681215 -0.507128 0.8453143 0.3826899 6.18918e-7 0.9238769 0.1681217 0.5071272 0.8453148 0.09514892 0.8730247 0.478304 -0.09985905 0.8590267 -0.5020969 -0.1959077 0.8590254 -0.4729646 -0.1697094 0.4931339 -0.8532395 0 0 -1 -0.1950709 6.16687e-7 -0.9807891 0 -0.8590196 -0.5119428 0 -0.9998692 -0.01617282 -0.003150045 -0.9998691 -0.01587271 0 -0.8730199 0.4876846 1.79608e-7 5.2426e-7 1 0.195106 5.53389e-7 0.9807822 0 0.8730213 0.4876822 0 0.9998692 -0.01617199 -0.003149986 0.9998691 -0.01587271 0 0.8590208 -0.5119407 0.1697093 -0.4931342 -0.8532394 0.09985917 -0.8590271 -0.5020964 -0.09514892 -0.8730254 0.4783027 -0.1681213 -0.5071271 0.845315 0 -0.5071121 0.8618801 -0.1681217 0.5071278 0.8453145 1.60351e-7 0.5071126 0.8618798 -0.09514898 0.8730254 0.4783027 0.09985899 0.8590267 -0.5020967 0.1697095 0.4931336 -0.8532397 0.3826854 -2.43162e-7 -0.9238788 0.1950703 0 -0.9807893 0.1959077 -0.8590244 -0.4729665 0.006192862 -0.9998693 -0.01494348 0.003150045 -0.9998691 -0.01587271 -0.3298296 -0.5071216 0.7962664 -0.3826901 2.88829e-7 0.9238767 -0.195107 1.07765e-6 0.980782 -0.3298295 0.5071213 0.7962667 0.006192862 0.9998692 -0.01494222 0.003149986 0.9998691 -0.01587277 0.1959075 0.8590248 -0.4729658 0.4833211 -0.4931246 -0.7233456 0.3329086 -0.493125 -0.803741 0.2844139 -0.8590258 -0.4256567 0.008982896 -0.9998694 -0.01343584 -0.1866522 -0.873021 0.4505501 -0.2709258 -0.8730228 0.4055001 -0.5555904 0 0.8314563 -0.2709262 0.8730238 0.4054979 -0.1866521 0.8730207 0.4505507 0.008982837 0.9998695 -0.01343739 0.2844139 0.8590258 -0.4256567 0.3329083 0.4931247 -0.8037413 0.483321 0.4931246 -0.7233457 0.5555914 -3.5346e-7 -0.8314556 0.6151407 -0.4931354 -0.615158 0.3619955 -0.8590257 -0.3619866 -0.3448401 -0.873024 0.3448397 -0.6094351 -0.507129 0.6094335 -0.4788122 -0.5071253 0.716633 -0.7071277 0 0.7070859 -0.4788131 0.5071263 0.7166317 -0.6094347 0.5071287 0.6094341 -0.3448398 0.8730237 0.3448407 0.3619953 0.8590251 -0.3619878 0.6151409 0.4931357 -0.6151577 0.8314679 2.08067e-7 -0.5555729 0.7070953 0 -0.7071183 0.7233451 -0.4931272 -0.4833192 0.4256705 -0.8590193 -0.2844125 0.0114265 -0.9998694 -0.01143252 -0.4054912 -0.8730232 0.2709382 -0.7166318 -0.5071184 0.4788213 -0.7166311 0.5071178 0.4788231 -0.4054912 0.8730231 0.2709386 0.01142638 0.9998695 -0.01143342 0.4256704 0.8590196 -0.284412 0.7233446 0.4931272 -0.4833201 0.8037289 -0.4931369 -0.3329201 0.4729609 -0.8590272 -0.1959088 0.0134446 -0.9998693 -0.008986949 -0.4505529 -0.8730245 0.1866285 -0.7962612 -0.5071285 0.3298315 -0.9238716 0 0.3827028 -0.831475 2.47567e-7 0.5555621 -0.7962611 0.5071284 0.329832 -0.4505528 0.8730243 0.1866299 0.0134446 0.9998694 -0.008984446 0.4729608 0.8590273 -0.1959087 0.8037288 0.4931364 -0.3329213 0.9238861 -4.88829e-7 -0.3826677 0.8532381 -0.4931333 -0.1697189 0.502107 -0.8590198 -0.09986823 0.0149343 -0.9998694 -0.006186068 -0.4783135 -0.8730201 0.09514284 -0.9807862 -1.33492e-7 0.1950861 -0.4783132 0.8730201 0.09514349 0.01493436 0.9998694 -0.006187617 0.5021071 0.8590199 -0.09986704 0.8532382 0.4931333 -0.1697182 0.9807873 2.15586e-7 -0.1950802 0.01586234 -0.9998693 -0.003154635 -0.8453143 -0.5071226 0.1681383 -0.8453143 0.5071229 0.1681376 0.01586246 0.9998692 -0.003153026</float_array>
          <technique_common>
            <accessor source="#GanondorfEarrings-mesh-normals-array" count="761" stride="3">
              <param name="X" type="float"/>
              <param name="Y" type="float"/>
              <param name="Z" type="float"/>
            </accessor>
          </technique_common>
        </source>
        <source id="GanondorfEarrings-mesh-map-0">
          <float_array id="GanondorfEarrings-mesh-map-0-array" count="9216">1 0 0 1 0 0 0 0 1 1 0 1 1 0 0 1 0 0 1 0 0 1 0 0 0 0 1 1 0 1 1 0 0 1 0 0 0 0 1 1 0 1 1 0 0 1 0 0 0 0 1 1 0 1 0 0 1 1 0 1 1 0 0 1 0 0 0 0 1 1 0 1 1 0 0 1 0 0 0 0 1 1 0 1 0 0 1 1 0 1 1 0 0 1 0 0 0 0 1 1 0 1 1 0 0 1 0 0 0 0 1 1 0 1 1 0 0 1 0 0 0 0 1 1 0 1 1 0 0 1 0 0 1 0 0 1 0 0 0 0 1 1 0 1 1 0 0 1 0 0 0 0 1 1 0 1 0 0 1 1 0 1 1 0 0 1 0 0 1 0 0 1 0 0 1 0 0 1 0 0 0 0 1 1 0 1 0 0 1 1 0 1 0 0 1 1 0 1 1 0 0 1 0 0 1 0 0 1 0 0 0 0 1 1 0 1 0 0 1 1 0 1 0 0 1 1 0 1 0 0 1 1 0 1 1 0 0 1 0 0 0 0 1 1 0 1 0 0 1 1 0 1 1 0 0 1 0 0 1 0 0 1 0 0 0 0 1 1 0 1 1 0 0 1 0 0 1 0 0 1 0 0 1 0 0 1 0 0 1 0 0 1 0 0 0 0 1 1 0 1 0 0 1 1 0 1 1 0 0 1 0 0 1 0 0 1 0 0 1 0 0 1 0 0 0 0 1 1 0 1 0 0 1 1 0 1 0 0 1 1 0 1 1 0 0 1 0 0 1 0 0 1 0 0 0 0 1 1 0 1 1 0 0 1 0 0 1 0 0 1 0 0 0 0 1 1 0 1 0 0 1 1 0 1 0 0 1 1 0 1 1 0 0 1 0 0 0 0 1 1 0 1 1 0 0 1 0 0 1 0 0 1 0 0 1 0 0 1 0 0 0 0 1 1 0 1 0 0 1 1 0 1 0 0 1 1 0 1 1 0 0 1 0 0 1 0 0 1 0 0 0 0 1 1 0 1 1 0 0 1 0 0 1 0 0 1 0 0 0 0 1 1 0 1 0 0 1 1 0 1 1 0 0 1 0 0 0 0 1 1 0 1 0 0 1 1 0 1 1 0 0 1 0 0 1 0 0 1 0 0 0 0 1 1 0 1 0 0 1 1 0 1 1 0 0 1 0 0 1 0 0 1 0 0 0 0 1 1 0 1 1 0 0 1 0 0 0 0 1 1 0 1 0 0 1 1 0 1 1 0 0 1 0 0 1 0 0 1 0 0 0 0 1 1 0 1 0 0 1 1 0 1 1 0 0 1 0 0 1 0 0 1 0 0 0 0 1 1 0 1 0 0 1 1 0 1 1 0 0 1 0 0 0 0 1 1 0 1 1 0 0 1 0 0 1 0 0 1 0 0 0 0 1 1 0 1 0 0 1 1 0 1 1 0 0 1 0 0 1 0 0 1 0 0 0 0 1 1 0 1 0 0 1 1 0 1 1 0 0 1 0 0 0 0 1 1 0 1 0 0 1 1 0 1 1 0 0 1 0 0 1 0 0 1 0 0 0 0 1 1 0 1 1 0 0 1 0 0 1 0 0 1 0 0 0 0 1 1 0 1 0 0 1 1 0 1 0 0 1 1 0 1 1 0 0 1 0 0 1 0 0 1 0 0 1 0 0 1 0 0 0 0 1 1 0 1 1 0 0 1 0 0 0 0 1 1 0 1 0 0 1 1 0 1 0 0 1 1 0 1 1 0 0 1 0 0 1 0 0 1 0 0 0 0 1 1 0 1 1 0 0 1 0 0 1 0 0 1 0 0 0 0 1 1 0 1 0 0 1 1 0 1 0 0 1 1 0 1 1 0 0 1 0 0 1 0 0 1 0 0 1 0 0 1 0 0 0 0 1 1 0 1 0 0 1 1 0 1 1 0 0 1 0 0 1 0 0 1 0 0 1 0 0 1 0 0 1 0 0 1 0 0 0 0 1 1 0 1 1 0 0 1 0 0 1 0 0 1 0 0 0 0 1 1 0 1 0 0 1 1 0 1 1 0 0 1 0 0 0 0 1 1 0 1 0 0 1 1 0 1 0 0 1 1 0 1 0 0 1 1 0 1 1 0 0 1 0 0 1 0 0 1 0 0 0 0 1 1 0 1 0 0 1 1 0 1 0 0 1 1 0 1 1 0 0 1 0 0 1 0 0 1 0 0 1 0 0 1 0 0 0 0 1 1 0 1 0 0 1 1 0 1 1 0 0 1 0 0 0 0 1 1 0 1 1 0 0 1 0 0 1 0 0 1 0 0 0 0 1 1 0 1 1 0 0 1 0 0 0 0 1 1 0 1 1 0 0 1 0 0 0 0 1 1 0 1 1 0 0 1 0 0 0 0 1 1 0 1 0 0 1 1 0 1 1 0 0 1 0 0 0 0 1 1 0 1 1 0 0 1 0 0 0 0 1 1 0 1 0 0 1 1 0 1 1 0 0 1 0 0 0 0 1 1 0 1 1 0 0 1 0 0 0 0 1 1 0 1 1 0 0 1 0 0 1 0 0 1 0 0 0 0 1 1 0 1 1 0 0 1 0 0 1 0 0 1 0 0 0 0 1 1 0 1 1 0 0 1 0 0 1 0 0 1 0 0 0 0 1 1 0 1 1 0 0 1 0 0 0 0 1 1 0 1 1 0 0 1 0 0 0 0 1 1 0 1 0 0 1 1 0 1 1 0 0 1 0 0 0 0 1 1 0 1 1 0 0 1 0 0 0 0 1 1 0 1 0 0 1 1 0 1 1 0 0 1 0 0 0 0 1 1 0 1 1 0 0 1 0 0 0 0 1 1 0 1 1 0 0 1 0 0 0 0 1 1 0 1 1 0 0 1 0 0 1 0 0 1 0 0 0 0 1 1 0 1 1 0 0 1 0 0 0 0 1 1 0 1 0 0 1 1 0 1 1 0 0 1 0 0 1 0 0 1 0 0 1 0 0 1 0 0 0 0 1 1 0 1 0 0 1 1 0 1 0 0 1 1 0 1 1 0 0 1 0 0 1 0 0 1 0 0 0 0 1 1 0 1 0 0 1 1 0 1 0 0 1 1 0 1 0 0 1 1 0 1 1 0 0 1 0 0 0 0 1 1 0 1 0 0 1 1 0 1 1 0 0 1 0 0 1 0 0 1 0 0 0 0 1 1 0 1 1 0 0 1 0 0 1 0 0 1 0 0 1 0 0 1 0 0 1 0 0 1 0 0 0 0 1 1 0 1 0 0 1 1 0 1 1 0 0 1 0 0 1 0 0 1 0 0 1 0 0 1 0 0 0 0 1 1 0 1 0 0 1 1 0 1 0 0 1 1 0 1 1 0 0 1 0 0 1 0 0 1 0 0 0 0 1 1 0 1 1 0 0 1 0 0 1 0 0 1 0 0 0 0 1 1 0 1 0 0 1 1 0 1 0 0 1 1 0 1 1 0 0 1 0 0 0 0 1 1 0 1 1 0 0 1 0 0 1 0 0 1 0 0 1 0 0 1 0 0 0 0 1 1 0 1 0 0 1 1 0 1 0 0 1 1 0 1 1 0 0 1 0 0 1 0 0 1 0 0 0 0 1 1 0 1 1 0 0 1 0 0 1 0 0 1 0 0 0 0 1 1 0 1 0 0 1 1 0 1 1 0 0 1 0 0 0 0 1 1 0 1 0 0 1 1 0 1 1 0 0 1 0 0 1 0 0 1 0 0 0 0 1 1 0 1 0 0 1 1 0 1 1 0 0 1 0 0 1 0 0 1 0 0 0 0 1 1 0 1 1 0 0 1 0 0 0 0 1 1 0 1 0 0 1 1 0 1 1 0 0 1 0 0 1 0 0 1 0 0 0 0 1 1 0 1 0 0 1 1 0 1 1 0 0 1 0 0 1 0 0 1 0 0 0 0 1 1 0 1 0 0 1 1 0 1 1 0 0 1 0 0 0 0 1 1 0 1 1 0 0 1 0 0 1 0 0 1 0 0 0 0 1 1 0 1 0 0 1 1 0 1 1 0 0 1 0 0 1 0 0 1 0 0 0 0 1 1 0 1 0 0 1 1 0 1 1 0 0 1 0 0 0 0 1 1 0 1 0 0 1 1 0 1 1 0 0 1 0 0 1 0 0 1 0 0 0 0 1 1 0 1 1 0 0 1 0 0 1 0 0 1 0 0 0 0 1 1 0 1 0 0 1 1 0 1 0 0 1 1 0 1 1 0 0 1 0 0 1 0 0 1 0 0 1 0 0 1 0 0 0 0 1 1 0 1 1 0 0 1 0 0 0 0 1 1 0 1 0 0 1 1 0 1 0 0 1 1 0 1 1 0 0 1 0 0 1 0 0 1 0 0 0 0 1 1 0 1 1 0 0 1 0 0 1 0 0 1 0 0 0 0 1 1 0 1 0 0 1 1 0 1 0 0 1 1 0 1 1 0 0 1 0 0 1 0 0 1 0 0 1 0 0 1 0 0 0 0 1 1 0 1 0 0 1 1 0 1 1 0 0 1 0 0 1 0 0 1 0 0 1 0 0 1 0 0 1 0 0 1 0 0 0 0 1 1 0 1 1 0 0 1 0 0 1 0 0 1 0 0 0 0 1 1 0 1 0 0 1 1 0 1 1 0 0 1 0 0 0 0 1 1 0 1 0 0 1 1 0 1 0 0 1 1 0 1 0 0 1 1 0 1 1 0 0 1 0 0 1 0 0 1 0 0 0 0 1 1 0 1 0 0 1 1 0 1 0 0 1 1 0 1 1 0 0 1 0 0 1 0 0 1 0 0 1 0 0 1 0 0 0 0 1 1 0 1 0 0 1 1 0 1 1 0 0 1 0 0 0 0 1 1 0 1 1 0 0 1 0 0 1 0 0 1 0 0 0 0 1 1 0 1 1 0 0 1 0 0 0 0 1 1 0 1 1 0 0 1 0 0 0 0 1 1 0 1 1 0 0 1 0 0 0 0 1 1 0 1 0 0 1 1 0 1 1 0 0 1 0 0 0 0 1 1 0 1 1 0 0 1 0 0 0 0 1 1 0 1 0 0 1 1 0 1 1 0 0 1 0 0 0 0 1 1 0 1 1 0 0 1 0 0 0 0 1 1 0 1 1 0 0 1 0 0 1 0 0 1 0 0 0 0 1 1 0 1 1 0 0 1 0 0 1 0 0 1 0 0 0 0 1 1 0 1 1 0 0 1 0 0 1 0 0 1 0 0 0 0 1 1 0 1 1 0 0 1 0 0 0 0 1 1 0 1 1 0 0 1 0 0 0 0 1 1 0 1 0 0 1 1 0 1 1 0 0 1 0 0 0 0 1 1 0 1 1 0 0 1 0 0 0 0 1 1 0 1 0 0 1 1 0 1 1 0 0 1 0 0 0 0 1 1 0 1 1 0 0 1 0 0 0 0 1 1 0 1 1 0 0 1 0 0 0 0 1 1 0 1 1 0 0 1 0 0 1 0 0 1 0 0 0 0 1 1 0 1 1 0 0 1 0 0 0 0 1 1 0 1 0 0 1 1 0 1 1 0 0 1 0 0 1 0 0 1 0 0 1 0 0 1 0 0 0 0 1 1 0 1 0 0 1 1 0 1 0 0 1 1 0 1 1 0 0 1 0 0 1 0 0 1 0 0 0 0 1 1 0 1 0 0 1 1 0 1 0 0 1 1 0 1 0 0 1 1 0 1 1 0 0 1 0 0 0 0 1 1 0 1 0 0 1 1 0 1 1 0 0 1 0 0 1 0 0 1 0 0 0 0 1 1 0 1 1 0 0 1 0 0 1 0 0 1 0 0 1 0 0 1 0 0 1 0 0 1 0 0 0 0 1 1 0 1 0 0 1 1 0 1 1 0 0 1 0 0 1 0 0 1 0 0 1 0 0 1 0 0 0 0 1 1 0 1 0 0 1 1 0 1 0 0 1 1 0 1 1 0 0 1 0 0 1 0 0 1 0 0 0 0 1 1 0 1 1 0 0 1 0 0 1 0 0 1 0 0 0 0 1 1 0 1 0 0 1 1 0 1 0 0 1 1 0 1 1 0 0 1 0 0 0 0 1 1 0 1 1 0 0 1 0 0 1 0 0 1 0 0 1 0 0 1 0 0 0 0 1 1 0 1 0 0 1 1 0 1 0 0 1 1 0 1 1 0 0 1 0 0 1 0 0 1 0 0 0 0 1 1 0 1 1 0 0 1 0 0 1 0 0 1 0 0 0 0 1 1 0 1 0 0 1 1 0 1 1 0 0 1 0 0 0 0 1 1 0 1 0 0 1 1 0 1 1 0 0 1 0 0 1 0 0 1 0 0 0 0 1 1 0 1 0 0 1 1 0 1 1 0 0 1 0 0 1 0 0 1 0 0 0 0 1 1 0 1 1 0 0 1 0 0 0 0 1 1 0 1 0 0 1 1 0 1 1 0 0 1 0 0 1 0 0 1 0 0 0 0 1 1 0 1 0 0 1 1 0 1 1 0 0 1 0 0 1 0 0 1 0 0 0 0 1 1 0 1 0 0 1 1 0 1 1 0 0 1 0 0 0 0 1 1 0 1 1 0 0 1 0 0 1 0 0 1 0 0 0 0 1 1 0 1 0 0 1 1 0 1 1 0 0 1 0 0 1 0 0 1 0 0 0 0 1 1 0 1 0 0 1 1 0 1 1 0 0 1 0 0 0 0 1 1 0 1 0 0 1 1 0 1 1 0 0 1 0 0 1 0 0 1 0 0 0 0 1 1 0 1 1 0 0 1 0 0 1 0 0 1 0 0 0 0 1 1 0 1 0 0 1 1 0 1 0 0 1 1 0 1 1 0 0 1 0 0 1 0 0 1 0 0 1 0 0 1 0 0 0 0 1 1 0 1 1 0 0 1 0 0 0 0 1 1 0 1 0 0 1 1 0 1 0 0 1 1 0 1 1 0 0 1 0 0 1 0 0 1 0 0 0 0 1 1 0 1 1 0 0 1 0 0 1 0 0 1 0 0 0 0 1 1 0 1 0 0 1 1 0 1 0 0 1 1 0 1 1 0 0 1 0 0 1 0 0 1 0 0 1 0 0 1 0 0 0 0 1 1 0 1 0 0 1 1 0 1 1 0 0 1 0 0 1 0 0 1 0 0 1 0 0 1 0 0 1 0 0 1 0 0 0 0 1 1 0 1 1 0 0 1 0 0 1 0 0 1 0 0 0 0 1 1 0 1 0 0 1 1 0 1 1 0 0 1 0 0 0 0 1 1 0 1 0 0 1 1 0 1 0 0 1 1 0 1 0 0 1 1 0 1 1 0 0 1 0 0 1 0 0 1 0 0 0 0 1 1 0 1 0 0 1 1 0 1 0 0 1 1 0 1 1 0 0 1 0 0 1 0 0 1 0 0 1 0 0 1 0 0 0 0 1 1 0 1 0 0 1 1 0 1 1 0 0 1 0 0 0 0 1 1 0 1 1 0 0 1 0 0 1 0 0 1 0 0 0 0 1 1 0 1 1 0 0 1 0 0 0 0 1 1 0 1 1 0 0 1 0 0 0 0 1 1 0 1 1 0 0 1 0 0 0 0 1 1 0 1 0 0 1 1 0 1 1 0 0 1 0 0 0 0 1 1 0 1 1 0 0 1 0 0 0 0 1 1 0 1 0 0 1 1 0 1 1 0 0 1 0 0 0 0 1 1 0 1 1 0 0 1 0 0 0 0 1 1 0 1 1 0 0 1 0 0 1 0 0 1 0 0 0 0 1 1 0 1 1 0 0 1 0 0 1 0 0 1 0 0 0 0 1 1 0 1 1 0 0 1 0 0 1 0 0 1 0 0 0 0 1 1 0 1 1 0 0 1 0 0 0 0 1 1 0 1 1 0 0 1 0 0 0 0 1 1 0 1 0 0 1 1 0 1 1 0 0 1 0 0 0 0 1 1 0 1 1 0 0 1 0 0 0 0 1 1 0 1 0 0 1 1 0 1 1 0 0 1 0 0 0 0 1 1 0 1 1 0 0 1 0 0 0 0 1 1 0 1 1 0 0 1 0 0 0 0 1 1 0 1 1 0 0 1 0 0 1 0 0 1 0 0 0 0 1 1 0 1 1 0 0 1 0 0 0 0 1 1 0 1 0 0 1 1 0 1 1 0 0 1 0 0 1 0 0 1 0 0 1 0 0 1 0 0 0 0 1 1 0 1 0 0 1 1 0 1 0 0 1 1 0 1 1 0 0 1 0 0 1 0 0 1 0 0 0 0 1 1 0 1 0 0 1 1 0 1 0 0 1 1 0 1 0 0 1 1 0 1 1 0 0 1 0 0 0 0 1 1 0 1 0 0 1 1 0 1 1 0 0 1 0 0 1 0 0 1 0 0 0 0 1 1 0 1 1 0 0 1 0 0 1 0 0 1 0 0 1 0 0 1 0 0 1 0 0 1 0 0 0 0 1 1 0 1 0 0 1 1 0 1 1 0 0 1 0 0 1 0 0 1 0 0 1 0 0 1 0 0 0 0 1 1 0 1 0 0 1 1 0 1 0 0 1 1 0 1 1 0 0 1 0 0 1 0 0 1 0 0 0 0 1 1 0 1 1 0 0 1 0 0 1 0 0 1 0 0 0 0 1 1 0 1 0 0 1 1 0 1 0 0 1 1 0 1 1 0 0 1 0 0 0 0 1 1 0 1 1 0 0 1 0 0 1 0 0 1 0 0 1 0 0 1 0 0 0 0 1 1 0 1 0 0 1 1 0 1 0 0 1 1 0 1 1 0 0 1 0 0 1 0 0 1 0 0 0 0 1 1 0 1 1 0 0 1 0 0 1 0 0 1 0 0 0 0 1 1 0 1 0 0 1 1 0 1 1 0 0 1 0 0 0 0 1 1 0 1 0 0 1 1 0 1 1 0 0 1 0 0 1 0 0 1 0 0 0 0 1 1 0 1 0 0 1 1 0 1 1 0 0 1 0 0 1 0 0 1 0 0 0 0 1 1 0 1 1 0 0 1 0 0 0 0 1 1 0 1 0 0 1 1 0 1 1 0 0 1 0 0 1 0 0 1 0 0 0 0 1 1 0 1 0 0 1 1 0 1 1 0 0 1 0 0 1 0 0 1 0 0 0 0 1 1 0 1 0 0 1 1 0 1 1 0 0 1 0 0 0 0 1 1 0 1 1 0 0 1 0 0 1 0 0 1 0 0 0 0 1 1 0 1 0 0 1 1 0 1 1 0 0 1 0 0 1 0 0 1 0 0 0 0 1 1 0 1 0 0 1 1 0 1 1 0 0 1 0 0 0 0 1 1 0 1 0 0 1 1 0 1 1 0 0 1 0 0 1 0 0 1 0 0 0 0 1 1 0 1 1 0 0 1 0 0 1 0 0 1 0 0 0 0 1 1 0 1 0 0 1 1 0 1 0 0 1 1 0 1 1 0 0 1 0 0 1 0 0 1 0 0 1 0 0 1 0 0 0 0 1 1 0 1 1 0 0 1 0 0 0 0 1 1 0 1 0 0 1 1 0 1 0 0 1 1 0 1 1 0 0 1 0 0 1 0 0 1 0 0 0 0 1 1 0 1 1 0 0 1 0 0 1 0 0 1 0 0 0 0 1 1 0 1 0 0 1 1 0 1 0 0 1 1 0 1 1 0 0 1 0 0 1 0 0 1 0 0 1 0 0 1 0 0 0 0 1 1 0 1 0 0 1 1 0 1 1 0 0 1 0 0 1 0 0 1 0 0 1 0 0 1 0 0 1 0 0 1 0 0 0 0 1 1 0 1 1 0 0 1 0 0 1 0 0 1 0 0 0 0 1 1 0 1 0 0 1 1 0 1 1 0 0 1 0 0 0 0 1 1 0 1 0 0 1 1 0 1 0 0 1 1 0 1 0 0 1 1 0 1 1 0 0 1 0 0 1 0 0 1 0 0 0 0 1 1 0 1 0 0 1 1 0 1 0 0 1 1 0 1 1 0 0 1 0 0 1 0 0 1 0 0 1 0 0 1 0 0 0 0 1 1 0 1 0 0 1 1 0 1 1 0 0 1 0 0 0 0 1 1 0 1 1 0 0 1 0 0 1 0 0 1 0 0 0 0 1 1 0 1 1 0 0 1 0 0 0 0 1 1 0 1 1 0 0 1 0 0 0 0 1 1 0 1 1 0 0 1 0 0 0 0 1 1 0 1 0 0 1 1 0 1 1 0 0 1 0 0 0 0 1 1 0 1 1 0 0 1 0 0 0 0 1 1 0 1 0 0 1 1 0 1 1 0 0 1 0 0 0 0 1 1 0 1 1 0 0 1 0 0 0 0 1 1 0 1 1 0 0 1 0 0 1 0 0 1 0 0 0 0 1 1 0 1 1 0 0 1 0 0 1 0 1 1 0 1 0 0 1 0 1 1 1 0 1 1 0 1 1 0 1 1 0 1 0 0 1 0 1 1 1 0 1 1 0 1 0 0 1 0 1 1 1 0 1 1 0 1 0 0 1 0 1 1 0 0 1 0 1 1 1 0 1 1 0 1 0 0 1 0 1 1 1 0 1 1 0 1 0 0 1 0 1 1 0 0 1 0 1 1 1 0 1 1 0 1 0 0 1 0 1 1 1 0 1 1 0 1 0 0 1 0 1 1 1 0 1 1 0 1 0 0 1 0 1 1 1 0 1 1 0 1 1 0 1 1 0 1 0 0 1 0 1 1 1 0 1 1 0 1 0 0 1 0 1 1 0 0 1 0 1 1 1 0 1 1 0 1 1 0 1 1 0 1 1 0 1 1 0 1 0 0 1 0 1 1 0 0 1 0 1 1 0 0 1 0 1 1 1 0 1 1 0 1 1 0 1 1 0 1 0 0 1 0 1 1 0 0 1 0 1 1 0 0 1 0 1 1 0 0 1 0 1 1 1 0 1 1 0 1 0 0 1 0 1 1 0 0 1 0 1 1 1 0 1 1 0 1 1 0 1 1 0 1 0 0 1 0 1 1 1 0 1 1 0 1 1 0 1 1 0 1 1 0 1 1 0 1 1 0 1 1 0 1 0 0 1 0 1 1 0 0 1 0 1 1 1 0 1 1 0 1 1 0 1 1 0 1 1 0 1 1 0 1 0 0 1 0 1 1 0 0 1 0 1 1 0 0 1 0 1 1 1 0 1 1 0 1 1 0 1 1 0 1 0 0 1 0 1 1 1 0 1 1 0 1 1 0 1 1 0 1 0 0 1 0 1 1 0 0 1 0 1 1 0 0 1 0 1 1 1 0 1 1 0 1 0 0 1 0 1 1 1 0 1 1 0 1 1 0 1 1 0 1 1 0 1 1 0 1 0 0 1 0 1 1 0 0 1 0 1 1 0 0 1 0 1 1 1 0 1 1 0 1 1 0 1 1 0 1 0 0 1 0 1 1 1 0 1 1 0 1 1 0 1 1 0 1 0 0 1 0 1 1 0 0 1 0 1 1 1 0 1 1 0 1 0 0 1 0 1 1 0 0 1 0 1 1 1 0 1 1 0 1 1 0 1 1 0 1 0 0 1 0 1 1 0 0 1 0 1 1 1 0 1 1 0 1 1 0 1 1 0 1 0 0 1 0 1 1 1 0 1 1 0 1 0 0 1 0 1 1 0 0 1 0 1 1 1 0 1 1 0 1 1 0 1 1 0 1 0 0 1 0 1 1 0 0 1 0 1 1 1 0 1 1 0 1 1 0 1 1 0 1 0 0 1 0 1 1 0 0 1 0 1 1 1 0 1 1 0 1 0 0 1 0 1 1 1 0 1 1 0 1 1 0 1 1 0 1 0 0 1 0 1 1 0 0 1 0 1 1 1 0 1 1 0 1 1 0 1 1 0 1 0 0 1 0 1 1 0 0 1 0 1 1 1 0 1 1 0 1 0 0 1 0 1 1 0 0 1 0 1 1 1 0 1 1 0 1 1 0 1 1 0 1 0 0 1 0 1 1 1 0 1 1 0 1 1 0 1 1 0 1 0 0 1 0 1 1 0 0 1 0 1 1 0 0 1 0 1 1 1 0 1 1 0 1 1 0 1 1 0 1 1 0 1 1 0 1 0 0 1 0 1 1 1 0 1 1 0 1 0 0 1 0 1 1 0 0 1 0 1 1 0 0 1 0 1 1 1 0 1 1 0 1 1 0 1 1 0 1 0 0 1 0 1 1 1 0 1 1 0 1 1 0 1 1 0 1 0 0 1 0 1 1 0 0 1 0 1 1 0 0 1 0 1 1 1 0 1 1 0 1 1 0 1 1 0 1 1 0 1 1 0 1 0 0 1 0 1 1 0 0 1 0 1 1 1 0 1 1 0 1 1 0 1 1 0 1 1 0 1 1 0 1 1 0 1 1 0 1 0 0 1 0 1 1 1 0 1 1 0 1 1 0 1 1 0 1 0 0 1 0 1 1 0 0 1 0 1 1 1 0 1 1 0 1 0 0 1 0 1 1 0 0 1 0 1 1 0 0 1 0 1 1 0 0 1 0 1 1 1 0 1 1 0 1 1 0 1 1 0 1 0 0 1 0 1 1 0 0 1 0 1 1 0 0 1 0 1 1 1 0 1 1 0 1 1 0 1 1 0 1 1 0 1 1 0 1 0 0 1 0 1 1 0 0 1 0 1 1 1 0 1 1 0 1 0 0 1 0 1 1 1 0 1 1 0 1 1 0 1 1 0 1 0 0 1 0 1 1 1 0 1 1 0 1 0 0 1 0 1 1 1 0 1 1 0 1 0 0 1 0 1 1 1 0 1 1 0 1 0 0 1 0 1 1 0 0 1 0 1 1 1 0 1 1 0 1 0 0 1 0 1 1 1 0 1 1 0 1 0 0 1 0 1 1 0 0 1 0 1 1 1 0 1 1 0 1 0 0 1 0 1 1 1 0 1 1 0 1 0 0 1 0 1 1 1 0 1 1 0 1 1 0 1 1 0 1 0 0 1 0 1 1 1 0 1 1 0 1 1 0 1 1 0 1 0 0 1 0 1 1 1 0 1 1 0 1 1 0 1 1 0 1 0 0 1 0 1 1 1 0 1 1 0 1 0 0 1 0 1 1 1 0 1 1 0 1 0 0 1 0 1 1 0 0 1 0 1 1 1 0 1 1 0 1 0 0 1 0 1 1 1 0 1 1 0 1 0 0 1 0 1 1 0 0 1 0 1 1 1 0 1 1 0 1 0 0 1 0 1 1 1 0 1 1 0 1 0 0 1 0 1 1 1 0 1 1 0 1 0 0 1 0 1 1 1 0 1 1 0 1 1 0 1 1 0 1 0 0 1 0 1 1 1 0 1 1 0 1 0 0 1 0 1 1 0 0 1 0 1 1 1 0 1 1 0 1 1 0 1 1 0 1 1 0 1 1 0 1 0 0 1 0 1 1 0 0 1 0 1 1 0 0 1 0 1 1 1 0 1 1 0 1 1 0 1 1 0 1 0 0 1 0 1 1 0 0 1 0 1 1 0 0 1 0 1 1 0 0 1 0 1 1 1 0 1 1 0 1 0 0 1 0 1 1 0 0 1 0 1 1 1 0 1 1 0 1 1 0 1 1 0 1 0 0 1 0 1 1 1 0 1 1 0 1 1 0 1 1 0 1 1 0 1 1 0 1 1 0 1 1 0 1 0 0 1 0 1 1 0 0 1 0 1 1 1 0 1 1 0 1 1 0 1 1 0 1 1 0 1 1 0 1 0 0 1 0 1 1 0 0 1 0 1 1 0 0 1 0 1 1 1 0 1 1 0 1 1 0 1 1 0 1 0 0 1 0 1 1 1 0 1 1 0 1 1 0 1 1 0 1 0 0 1 0 1 1 0 0 1 0 1 1 0 0 1 0 1 1 1 0 1 1 0 1 0 0 1 0 1 1 1 0 1 1 0 1 1 0 1 1 0 1 1 0 1 1 0 1 0 0 1 0 1 1 0 0 1 0 1 1 0 0 1 0 1 1 1 0 1 1 0 1 1 0 1 1 0 1 0 0 1 0 1 1 1 0 1 1 0 1 1 0 1 1 0 1 0 0 1 0 1 1 0 0 1 0 1 1 1 0 1 1 0 1 0 0 1 0 1 1 0 0 1 0 1 1 1 0 1 1 0 1 1 0 1 1 0 1 0 0 1 0 1 1 0 0 1 0 1 1 1 0 1 1 0 1 1 0 1 1 0 1 0 0 1 0 1 1 1 0 1 1 0 1 0 0 1 0 1 1 0 0 1 0 1 1 1 0 1 1 0 1 1 0 1 1 0 1 0 0 1 0 1 1 0 0 1 0 1 1 1 0 1 1 0 1 1 0 1 1 0 1 0 0 1 0 1 1 0 0 1 0 1 1 1 0 1 1 0 1 0 0 1 0 1 1 1 0 1 1 0 1 1 0 1 1 0 1 0 0 1 0 1 1 0 0 1 0 1 1 1 0 1 1 0 1 1 0 1 1 0 1 0 0 1 0 1 1 0 0 1 0 1 1 1 0 1 1 0 1 0 0 1 0 1 1 0 0 1 0 1 1 1 0 1 1 0 1 1 0 1 1 0 1 0 0 1 0 1 1 1 0 1 1 0 1 1 0 1 1 0 1 0 0 1 0 1 1 0 0 1 0 1 1 0 0 1 0 1 1 1 0 1 1 0 1 1 0 1 1 0 1 1 0 1 1 0 1 0 0 1 0 1 1 1 0 1 1 0 1 0 0 1 0 1 1 0 0 1 0 1 1 0 0 1 0 1 1 1 0 1 1 0 1 1 0 1 1 0 1 0 0 1 0 1 1 1 0 1 1 0 1 1 0 1 1 0 1 0 0 1 0 1 1 0 0 1 0 1 1 0 0 1 0 1 1 1 0 1 1 0 1 1 0 1 1 0 1 1 0 1 1 0 1 0 0 1 0 1 1 0 0 1 0 1 1 1 0 1 1 0 1 1 0 1 1 0 1 1 0 1 1 0 1 1 0 1 1 0 1 0 0 1 0 1 1 1 0 1 1 0 1 1 0 1 1 0 1 0 0 1 0 1 1 0 0 1 0 1 1 1 0 1 1 0 1 0 0 1 0 1 1 0 0 1 0 1 1 0 0 1 0 1 1 0 0 1 0 1 1 1 0 1 1 0 1 1 0 1 1 0 1 0 0 1 0 1 1 0 0 1 0 1 1 0 0 1 0 1 1 1 0 1 1 0 1 1 0 1 1 0 1 1 0 1 1 0 1 0 0 1 0 1 1 0 0 1 0 1 1 1 0 1 1 0 1 0 0 1 0 1 1 1 0 1 1 0 1 1 0 1 1 0 1 0 0 1 0 1 1 1 0 1 1 0 1 0 0 1 0 1 1 1 0 1 1 0 1 0 0 1 0 1 1 1 0 1 1 0 1 0 0 1 0 1 1 0 0 1 0 1 1 1 0 1 1 0 1 0 0 1 0 1 1 1 0 1 1 0 1 0 0 1 0 1 1 0 0 1 0 1 1 1 0 1 1 0 1 0 0 1 0 1 1 1 0 1 1 0 1 0 0 1 0 1 1 1 0 1 1 0 1 1 0 1 1 0 1 0 0 1 0 1 1 1 0 1 1 0 1 1 0 1 1 0 1 0 0 1 0 1 1 1 0 1 1 0 1 1 0 1 1 0 1 0 0 1 0 1 1 1 0 1 1 0 1 0 0 1 0 1 1 1 0 1 1 0 1 0 0 1 0 1 1 0 0 1 0 1 1 1 0 1 1 0 1 0 0 1 0 1 1 1 0 1 1 0 1 0 0 1 0 1 1 0 0 1 0 1 1 1 0 1 1 0 1 0 0 1 0 1 1 1 0 1 1 0 1 0 0 1 0 1 1 1 0 1 1 0 1 0 0 1 0 1 1 1 0 1 1 0 1 1 0 1 1 0 1 0 0 1 0 1 1 1 0 1 1 0 1 0 0 1 0 1 1 0 0 1 0 1 1 1 0 1 1 0 1 1 0 1 1 0 1 1 0 1 1 0 1 0 0 1 0 1 1 0 0 1 0 1 1 0 0 1 0 1 1 1 0 1 1 0 1 1 0 1 1 0 1 0 0 1 0 1 1 0 0 1 0 1 1 0 0 1 0 1 1 0 0 1 0 1 1 1 0 1 1 0 1 0 0 1 0 1 1 0 0 1 0 1 1 1 0 1 1 0 1 1 0 1 1 0 1 0 0 1 0 1 1 1 0 1 1 0 1 1 0 1 1 0 1 1 0 1 1 0 1 1 0 1 1 0 1 0 0 1 0 1 1 0 0 1 0 1 1 1 0 1 1 0 1 1 0 1 1 0 1 1 0 1 1 0 1 0 0 1 0 1 1 0 0 1 0 1 1 0 0 1 0 1 1 1 0 1 1 0 1 1 0 1 1 0 1 0 0 1 0 1 1 1 0 1 1 0 1 1 0 1 1 0 1 0 0 1 0 1 1 0 0 1 0 1 1 0 0 1 0 1 1 1 0 1 1 0 1 0 0 1 0 1 1 1 0 1 1 0 1 1 0 1 1 0 1 1 0 1 1 0 1 0 0 1 0 1 1 0 0 1 0 1 1 0 0 1 0 1 1 1 0 1 1 0 1 1 0 1 1 0 1 0 0 1 0 1 1 1 0 1 1 0 1 1 0 1 1 0 1 0 0 1 0 1 1 0 0 1 0 1 1 1 0 1 1 0 1 0 0 1 0 1 1 0 0 1 0 1 1 1 0 1 1 0 1 1 0 1 1 0 1 0 0 1 0 1 1 0 0 1 0 1 1 1 0 1 1 0 1 1 0 1 1 0 1 0 0 1 0 1 1 1 0 1 1 0 1 0 0 1 0 1 1 0 0 1 0 1 1 1 0 1 1 0 1 1 0 1 1 0 1 0 0 1 0 1 1 0 0 1 0 1 1 1 0 1 1 0 1 1 0 1 1 0 1 0 0 1 0 1 1 0 0 1 0 1 1 1 0 1 1 0 1 0 0 1 0 1 1 1 0 1 1 0 1 1 0 1 1 0 1 0 0 1 0 1 1 0 0 1 0 1 1 1 0 1 1 0 1 1 0 1 1 0 1 0 0 1 0 1 1 0 0 1 0 1 1 1 0 1 1 0 1 0 0 1 0 1 1 0 0 1 0 1 1 1 0 1 1 0 1 1 0 1 1 0 1 0 0 1 0 1 1 1 0 1 1 0 1 1 0 1 1 0 1 0 0 1 0 1 1 0 0 1 0 1 1 0 0 1 0 1 1 1 0 1 1 0 1 1 0 1 1 0 1 1 0 1 1 0 1 0 0 1 0 1 1 1 0 1 1 0 1 0 0 1 0 1 1 0 0 1 0 1 1 0 0 1 0 1 1 1 0 1 1 0 1 1 0 1 1 0 1 0 0 1 0 1 1 1 0 1 1 0 1 1 0 1 1 0 1 0 0 1 0 1 1 0 0 1 0 1 1 0 0 1 0 1 1 1 0 1 1 0 1 1 0 1 1 0 1 1 0 1 1 0 1 0 0 1 0 1 1 0 0 1 0 1 1 1 0 1 1 0 1 1 0 1 1 0 1 1 0 1 1 0 1 1 0 1 1 0 1 0 0 1 0 1 1 1 0 1 1 0 1 1 0 1 1 0 1 0 0 1 0 1 1 0 0 1 0 1 1 1 0 1 1 0 1 0 0 1 0 1 1 0 0 1 0 1 1 0 0 1 0 1 1 0 0 1 0 1 1 1 0 1 1 0 1 1 0 1 1 0 1 0 0 1 0 1 1 0 0 1 0 1 1 0 0 1 0 1 1 1 0 1 1 0 1 1 0 1 1 0 1 1 0 1 1 0 1 0 0 1 0 1 1 0 0 1 0 1 1 1 0 1 1 0 1 0 0 1 0 1 1 1 0 1 1 0 1 1 0 1 1 0 1 0 0 1 0 1 1 1 0 1 1 0 1 0 0 1 0 1 1 1 0 1 1 0 1 0 0 1 0 1 1 1 0 1 1 0 1 0 0 1 0 1 1 0 0 1 0 1 1 1 0 1 1 0 1 0 0 1 0 1 1 1 0 1 1 0 1 0 0 1 0 1 1 0 0 1 0 1 1 1 0 1 1 0 1 0 0 1 0 1 1 1 0 1 1 0 1 0 0 1 0 1 1 1 0 1 1 0 1 1 0 1 1 0 1 0 0 1 0 1 1 1 0 1 1 0 1 1 0 1 1 0 1 0 0 1 0 1 1 1 0 1 1 0 1 1 0 1 1 0 1 0 0 1 0 1 1 1 0 1 1 0 1 0 0 1 0 1 1 1 0 1 1 0 1 0 0 1 0 1 1 0 0 1 0 1 1 1 0 1 1 0 1 0 0 1 0 1 1 1 0 1 1 0 1 0 0 1 0 1 1 0 0 1 0 1 1 1 0 1 1 0 1 0 0 1 0 1 1 1 0 1 1 0 1 0 0 1 0 1 1 1 0 1 1 0 1 0 0 1 0 1 1 1 0 1 1 0 1 1 0 1 1 0 1 0 0 1 0 1 1 1 0 1 1 0 1 0 0 1 0 1 1 0 0 1 0 1 1 1 0 1 1 0 1 1 0 1 1 0 1 1 0 1 1 0 1 0 0 1 0 1 1 0 0 1 0 1 1 0 0 1 0 1 1 1 0 1 1 0 1 1 0 1 1 0 1 0 0 1 0 1 1 0 0 1 0 1 1 0 0 1 0 1 1 0 0 1 0 1 1 1 0 1 1 0 1 0 0 1 0 1 1 0 0 1 0 1 1 1 0 1 1 0 1 1 0 1 1 0 1 0 0 1 0 1 1 1 0 1 1 0 1 1 0 1 1 0 1 1 0 1 1 0 1 1 0 1 1 0 1 0 0 1 0 1 1 0 0 1 0 1 1 1 0 1 1 0 1 1 0 1 1 0 1 1 0 1 1 0 1 0 0 1 0 1 1 0 0 1 0 1 1 0 0 1 0 1 1 1 0 1 1 0 1 1 0 1 1 0 1 0 0 1 0 1 1 1 0 1 1 0 1 1 0 1 1 0 1 0 0 1 0 1 1 0 0 1 0 1 1 0 0 1 0 1 1 1 0 1 1 0 1 0 0 1 0 1 1 1 0 1 1 0 1 1 0 1 1 0 1 1 0 1 1 0 1 0 0 1 0 1 1 0 0 1 0 1 1 0 0 1 0 1 1 1 0 1 1 0 1 1 0 1 1 0 1 0 0 1 0 1 1 1 0 1 1 0 1 1 0 1 1 0 1 0 0 1 0 1 1 0 0 1 0 1 1 1 0 1 1 0 1 0 0 1 0 1 1 0 0 1 0 1 1 1 0 1 1 0 1 1 0 1 1 0 1 0 0 1 0 1 1 0 0 1 0 1 1 1 0 1 1 0 1 1 0 1 1 0 1 0 0 1 0 1 1 1 0 1 1 0 1 0 0 1 0 1 1 0 0 1 0 1 1 1 0 1 1 0 1 1 0 1 1 0 1 0 0 1 0 1 1 0 0 1 0 1 1 1 0 1 1 0 1 1 0 1 1 0 1 0 0 1 0 1 1 0 0 1 0 1 1 1 0 1 1 0 1 0 0 1 0 1 1 1 0 1 1 0 1 1 0 1 1 0 1 0 0 1 0 1 1 0 0 1 0 1 1 1 0 1 1 0 1 1 0 1 1 0 1 0 0 1 0 1 1 0 0 1 0 1 1 1 0 1 1 0 1 0 0 1 0 1 1 0 0 1 0 1 1 1 0 1 1 0 1 1 0 1 1 0 1 0 0 1 0 1 1 1 0 1 1 0 1 1 0 1 1 0 1 0 0 1 0 1 1 0 0 1 0 1 1 0 0 1 0 1 1 1 0 1 1 0 1 1 0 1 1 0 1 1 0 1 1 0 1 0 0 1 0 1 1 1 0 1 1 0 1 0 0 1 0 1 1 0 0 1 0 1 1 0 0 1 0 1 1 1 0 1 1 0 1 1 0 1 1 0 1 0 0 1 0 1 1 1 0 1 1 0 1 1 0 1 1 0 1 0 0 1 0 1 1 0 0 1 0 1 1 0 0 1 0 1 1 1 0 1 1 0 1 1 0 1 1 0 1 1 0 1 1 0 1 0 0 1 0 1 1 0 0 1 0 1 1 1 0 1 1 0 1 1 0 1 1 0 1 1 0 1 1 0 1 1 0 1 1 0 1 0 0 1 0 1 1 1 0 1 1 0 1 1 0 1 1 0 1 0 0 1 0 1 1 0 0 1 0 1 1 1 0 1 1 0 1 0 0 1 0 1 1 0 0 1 0 1 1 0 0 1 0 1 1 0 0 1 0 1 1 1 0 1 1 0 1 1 0 1 1 0 1 0 0 1 0 1 1 0 0 1 0 1 1 0 0 1 0 1 1 1 0 1 1 0 1 1 0 1 1 0 1 1 0 1 1 0 1 0 0 1 0 1 1 0 0 1 0 1 1 1 0 1 1 0 1 0 0 1 0 1 1 1 0 1 1 0 1 1 0 1 1 0 1 0 0 1 0 1 1 1 0 1 1 0 1 0 0 1 0 1 1 1 0 1 1 0 1 0 0 1 0 1 1 1 0 1 1 0 1 0 0 1 0 1 1 0 0 1 0 1 1 1 0 1 1 0 1 0 0 1 0 1 1 1 0 1 1 0 1 0 0 1 0 1 1 0 0 1 0 1 1 1 0 1 1 0 1 0 0 1 0 1 1 1 0 1 1 0 1 0 0 1 0 1 1 1 0 1 1 0 1 1 0 1 1 0 1 0 0 1 0 1 1 1 0 1 1 0 1</float_array>
          <technique_common>
            <accessor source="#GanondorfEarrings-mesh-map-0-array" count="4608" stride="2">
              <param name="S" type="float"/>
              <param name="T" type="float"/>
            </accessor>
          </technique_common>
        </source>
        <vertices id="GanondorfEarrings-mesh-vertices">
          <input semantic="POSITION" source="#GanondorfEarrings-mesh-positions"/>
        </vertices>
        <triangles material="Gold-material" count="1536">
          <input semantic="VERTEX" source="#GanondorfEarrings-mesh-vertices" offset="0"/>
          <input semantic="NORMAL" source="#GanondorfEarrings-mesh-normals" offset="1"/>
          <input semantic="TEXCOORD" source="#GanondorfEarrings-mesh-map-0" offset="2" set="0"/>
          <p>12 0 0 1 1 1 0 2 2 1 1 3 14 3 4 2 4 5 14 3 6 3 5 7 2 4 8 15 6 9 4 7 10 3 5 11 4 7 12 17 8 13 5 9 14 17 8 15 6 10 16 5 9 17 6 10 18 19 11 19 7 12 20 19 11 21 8 13 22 7 12 23 8 13 24 21 14 25 9 15 26 9 15 27 22 16 28 10 17 29 22 16 30 11 18 31 10 17 32 11 18 33 12 0 34 0 2 35 24 19 36 13 20 37 12 0 38 13 20 39 26 21 40 14 3 41 14 3 42 27 22 43 15 6 44 27 22 45 16 23 46 15 6 47 16 23 48 29 24 49 17 8 50 29 24 51 18 25 52 17 8 53 18 25 54 31 26 55 19 11 56 31 26 57 20 27 58 19 11 59 20 27 60 33 28 61 21 14 62 33 28 63 22 16 64 21 14 65 34 29 66 23 30 67 22 16 68 23 30 69 24 19 70 12 0 71 36 31 72 25 32 73 24 19 74 25 32 75 38 33 76 26 21 77 26 21 78 39 34 79 27 22 80 39 34 81 28 35 82 27 22 83 40 36 84 29 24 85 28 35 86 41 37 87 30 38 88 29 24 89 30 38 90 43 39 91 31 26 92 31 26 93 44 40 94 32 41 95 32 41 96 45 42 97 33 28 98 45 42 99 34 29 100 33 28 101 46 43 102 35 44 103 34 29 104 35 44 105 36 31 106 24 19 107 36 31 108 49 45 109 37 46 110 37 46 111 50 47 112 38 33 113 38 33 114 51 48 115 39 34 116 51 48 117 40 36 118 39 34 119 40 36 120 53 49 121 41 37 122 41 37 123 54 50 124 42 51 125 54 50 126 43 39 127 42 51 128 55 52 129 44 40 130 43 39 131 44 40 132 57 53 133 45 42 134 57 53 135 46 43 136 45 42 137 58 54 138 47 55 139 46 43 140 59 56 141 36 31 142 47 55 143 60 57 144 49 45 145 48 58 146 49 45 147 62 59 148 50 47 149 50 47 150 63 60 151 51 48 152 63 60 153 52 61 154 51 48 155 64 62 156 53 49 157 52 61 158 65 63 159 54 50 160 53 49 161 54 50 162 67 64 163 55 52 164 55 52 165 68 65 166 56 66 167 56 66 168 69 67 169 57 53 170 69 67 171 58 54 172 57 53 173 70 68 174 59 56 175 58 54 176 59 56 177 60 57 178 48 58 179 72 69 180 61 70 181 60 57 182 73 71 183 62 59 184 61 70 185 62 59 186 75 72 187 63 60 188 63 60 189 76 73 190 64 62 191 64 62 192 77 74 193 65 63 194 77 74 195 66 75 196 65 63 197 66 75 198 79 76 199 67 64 200 79 76 201 68 65 202 67 64 203 80 77 204 69 67 205 68 65 206 81 78 207 70 68 208 69 67 209 70 68 210 83 79 211 71 80 212 71 80 213 72 69 214 60 57 215 72 69 216 85 81 217 73 71 218 85 81 219 74 82 220 73 71 221 86 83 222 75 72 223 74 82 224 75 72 225 88 84 226 76 73 227 88 84 228 77 74 229 76 73 230 89 85 231 78 86 232 77 74 233 78 86 234 91 87 235 79 76 236 79 76 237 92 88 238 80 77 239 92 88 240 81 78 241 80 77 242 81 78 243 94 89 244 82 90 245 82 90 246 95 91 247 83 79 248 95 91 249 72 69 250 83 79 251 96 92 252 85 81 253 84 93 254 85 81 255 98 94 256 86 83 257 86 83 258 99 95 259 87 96 260 99 95 261 88 84 262 87 96 263 100 97 264 89 85 265 88 84 266 89 85 267 102 98 268 90 99 269 102 98 270 91 87 271 90 99 272 91 87 273 104 100 274 92 88 275 92 88 276 105 101 277 93 102 278 105 101 279 94 89 280 93 102 281 106 103 282 95 91 283 94 89 284 95 91 285 96 92 286 84 93 287 96 92 288 109 104 289 97 105 290 109 104 291 98 94 292 97 105 293 110 106 294 99 95 295 98 94 296 99 95 297 112 107 298 100 97 299 100 97 300 113 108 301 101 109 302 113 108 303 102 98 304 101 109 305 102 98 306 115 110 307 103 111 308 115 110 309 104 100 310 103 111 311 116 112 312 105 101 313 104 100 314 105 101 315 118 113 316 106 103 317 106 103 318 119 114 319 107 115 320 119 114 321 96 92 322 107 115 323 120 116 324 109 104 325 108 117 326 109 104 327 122 118 328 110 106 329 110 106 330 123 119 331 111 120 332 123 119 333 112 107 334 111 120 335 112 107 336 125 121 337 113 108 338 113 108 339 126 122 340 114 123 341 126 122 342 115 110 343 114 123 344 127 124 345 116 112 346 115 110 347 116 112 348 129 125 349 117 126 350 129 125 351 118 113 352 117 126 353 130 127 354 119 114 355 118 113 356 119 114 357 120 116 358 108 117 359 120 116 360 133 128 361 121 129 362 121 129 363 134 130 364 122 118 365 134 130 366 123 119 367 122 118 368 135 131 369 124 132 370 123 119 371 136 133 372 125 121 373 124 132 374 125 121 375 138 134 376 126 122 377 138 134 378 127 124 379 126 122 380 127 124 381 140 135 382 128 136 383 128 136 384 141 137 385 129 125 386 129 125 387 142 138 388 130 127 389 142 138 390 131 139 391 130 127 392 143 140 393 120 116 394 131 139 395 132 141 396 145 142 397 133 128 398 145 142 399 134 130 400 133 128 401 146 143 402 135 131 403 134 130 404 135 131 405 148 144 406 136 133 407 136 133 408 149 145 409 137 146 410 137 146 411 150 147 412 138 134 413 150 147 414 139 148 415 138 134 416 151 149 417 140 135 418 139 148 419 152 150 420 141 137 421 140 135 422 141 137 423 154 151 424 142 138 425 142 138 426 155 152 427 143 140 428 155 152 429 132 141 430 143 140 431 156 153 432 145 142 433 144 154 434 157 155 435 146 143 436 145 142 437 158 156 438 147 157 439 146 143 440 147 157 441 160 158 442 148 144 443 160 158 444 149 145 445 148 144 446 161 159 447 150 147 448 149 145 449 150 147 450 163 160 451 151 149 452 151 149 453 164 161 454 152 150 455 164 161 456 153 162 457 152 150 458 153 162 459 166 163 460 154 151 461 154 151 462 167 164 463 155 152 464 155 152 465 156 153 466 144 154 467 156 153 468 169 165 469 157 155 470 169 165 471 158 156 472 157 155 473 170 166 474 159 167 475 158 156 476 159 167 477 172 168 478 160 158 479 160 158 480 173 169 481 161 159 482 161 159 483 174 170 484 162 171 485 174 170 486 163 160 487 162 171 488 175 172 489 164 161 490 163 160 491 176 173 492 165 174 493 164 161 494 165 174 495 178 175 496 166 163 497 166 163 498 179 176 499 167 164 500 179 176 501 156 153 502 167 164 503 168 177 504 181 178 505 169 165 506 181 178 507 170 166 508 169 165 509 182 179 510 171 180 511 170 166 512 171 180 513 184 181 514 172 168 515 184 181 516 173 169 517 172 168 518 173 169 519 186 182 520 174 170 521 186 182 522 175 172 523 174 170 524 175 172 525 188 183 526 176 173 527 188 183 528 177 184 529 176 173 530 177 184 531 190 185 532 178 175 533 178 175 534 191 186 535 179 176 536 191 186 537 168 177 538 179 176 539 180 187 540 193 188 541 181 178 542 193 188 543 182 179 544 181 178 545 182 179 546 195 189 547 183 190 548 183 190 549 196 191 550 184 181 551 196 191 552 185 192 553 184 181 554 185 192 555 198 193 556 186 182 557 198 193 558 187 194 559 186 182 560 187 194 561 200 195 562 188 183 563 200 195 564 189 196 565 188 183 566 201 197 567 190 185 568 189 196 569 190 185 570 203 198 571 191 186 572 203 198 573 180 187 574 191 186 575 204 199 576 193 188 577 192 200 578 193 188 579 206 201 580 194 202 581 206 201 582 195 189 583 194 202 584 207 203 585 196 191 586 195 189 587 196 191 588 209 204 589 197 205 590 209 204 591 198 193 592 197 205 593 198 193 594 211 206 595 199 207 596 211 206 597 200 195 598 199 207 599 200 195 600 213 208 601 201 197 602 201 197 603 214 209 604 202 210 605 214 209 606 203 198 607 202 210 608 203 198 609 204 199 610 192 200 611 216 211 612 205 212 613 204 199 614 205 212 615 218 213 616 206 201 617 206 201 618 219 214 619 207 203 620 219 214 621 208 215 622 207 203 623 208 215 624 221 216 625 209 204 626 221 216 627 210 217 628 209 204 629 210 217 630 223 218 631 211 206 632 223 218 633 212 219 634 211 206 635 212 219 636 225 220 637 213 208 638 225 220 639 214 209 640 213 208 641 226 221 642 215 222 643 214 209 644 215 222 645 216 211 646 204 199 647 228 223 648 217 224 649 216 211 650 217 224 651 230 225 652 218 213 653 218 213 654 231 226 655 219 214 656 231 226 657 220 227 658 219 214 659 232 228 660 221 216 661 220 227 662 233 229 663 222 230 664 221 216 665 222 230 666 235 231 667 223 218 668 223 218 669 236 232 670 224 233 671 224 233 672 237 234 673 225 220 674 237 234 675 226 221 676 225 220 677 238 235 678 227 236 679 226 221 680 227 236 681 228 223 682 216 211 683 228 223 684 241 237 685 229 238 686 229 238 687 242 239 688 230 225 689 230 225 690 243 240 691 231 226 692 243 240 693 232 228 694 231 226 695 232 228 696 245 241 697 233 229 698 233 229 699 246 242 700 234 243 701 246 242 702 235 231 703 234 243 704 247 244 705 236 232 706 235 231 707 236 232 708 249 245 709 237 234 710 249 245 711 238 235 712 237 234 713 250 246 714 239 247 715 238 235 716 251 248 717 228 223 718 239 247 719 252 249 720 241 237 721 240 250 722 241 237 723 254 251 724 242 239 725 242 239 726 255 252 727 243 240 728 255 252 729 244 253 730 243 240 731 256 254 732 245 241 733 244 253 734 257 255 735 246 242 736 245 241 737 246 242 738 259 256 739 247 244 740 247 244 741 260 257 742 248 258 743 248 258 744 261 259 745 249 245 746 261 259 747 250 246 748 249 245 749 262 260 750 251 248 751 250 246 752 251 248 753 252 249 754 240 250 755 264 261 756 253 262 757 252 249 758 265 263 759 254 251 760 253 262 761 254 251 762 267 264 763 255 252 764 255 252 765 268 265 766 256 254 767 256 254 768 269 266 769 257 255 770 269 266 771 258 267 772 257 255 773 258 267 774 271 268 775 259 256 776 271 268 777 260 257 778 259 256 779 272 269 780 261 259 781 260 257 782 273 270 783 262 260 784 261 259 785 262 260 786 275 271 787 263 272 788 263 272 789 264 261 790 252 249 791 264 261 792 277 273 793 265 263 794 277 273 795 266 274 796 265 263 797 278 275 798 267 264 799 266 274 800 267 264 801 280 276 802 268 265 803 280 276 804 269 266 805 268 265 806 281 277 807 270 278 808 269 266 809 270 278 810 283 279 811 271 268 812 271 268 813 284 280 814 272 269 815 284 280 816 273 270 817 272 269 818 273 270 819 286 281 820 274 282 821 274 282 822 287 283 823 275 271 824 287 283 825 264 261 826 275 271 827 288 284 828 277 273 829 276 285 830 277 273 831 290 286 832 278 275 833 278 275 834 291 287 835 279 288 836 291 287 837 280 276 838 279 288 839 292 289 840 281 277 841 280 276 842 281 277 843 294 290 844 282 291 845 294 290 846 283 279 847 282 291 848 283 279 849 296 292 850 284 280 851 284 280 852 297 293 853 285 294 854 297 293 855 286 281 856 285 294 857 298 295 858 287 283 859 286 281 860 287 283 861 288 284 862 276 285 863 288 284 864 301 296 865 289 297 866 301 296 867 290 286 868 289 297 869 302 298 870 291 287 871 290 286 872 291 287 873 304 299 874 292 289 875 292 289 876 305 300 877 293 301 878 305 300 879 294 290 880 293 301 881 294 290 882 307 302 883 295 303 884 307 302 885 296 292 886 295 303 887 308 304 888 297 293 889 296 292 890 297 293 891 310 305 892 298 295 893 298 295 894 311 306 895 299 307 896 311 306 897 288 284 898 299 307 899 312 308 900 301 296 901 300 309 902 301 296 903 314 310 904 302 298 905 302 298 906 315 311 907 303 312 908 315 311 909 304 299 910 303 312 911 304 299 912 317 313 913 305 300 914 305 300 915 318 314 916 306 315 917 318 314 918 307 302 919 306 315 920 319 316 921 308 304 922 307 302 923 308 304 924 321 317 925 309 318 926 321 317 927 310 305 928 309 318 929 322 319 930 311 306 931 310 305 932 311 306 933 312 308 934 300 309 935 312 308 936 325 320 937 313 321 938 313 321 939 326 322 940 314 310 941 326 322 942 315 311 943 314 310 944 327 323 945 316 324 946 315 311 947 328 325 948 317 313 949 316 324 950 317 313 951 330 326 952 318 314 953 330 326 954 319 316 955 318 314 956 319 316 957 332 327 958 320 328 959 320 328 960 333 329 961 321 317 962 321 317 963 334 330 964 322 319 965 334 330 966 323 331 967 322 319 968 335 332 969 312 308 970 323 331 971 324 333 972 337 334 973 325 320 974 337 334 975 326 322 976 325 320 977 338 335 978 327 323 979 326 322 980 327 323 981 340 336 982 328 325 983 328 325 984 341 337 985 329 338 986 329 338 987 342 339 988 330 326 989 342 339 990 331 340 991 330 326 992 343 341 993 332 327 994 331 340 995 344 342 996 333 329 997 332 327 998 333 329 999 346 343 1000 334 330 1001 334 330 1002 347 344 1003 335 332 1004 347 344 1005 324 333 1006 335 332 1007 348 345 1008 337 334 1009 336 346 1010 349 347 1011 338 335 1012 337 334 1013 350 348 1014 339 349 1015 338 335 1016 339 349 1017 352 350 1018 340 336 1019 352 350 1020 341 337 1021 340 336 1022 353 351 1023 342 339 1024 341 337 1025 342 339 1026 355 352 1027 343 341 1028 343 341 1029 356 353 1030 344 342 1031 356 353 1032 345 354 1033 344 342 1034 345 354 1035 358 355 1036 346 343 1037 346 343 1038 359 356 1039 347 344 1040 347 344 1041 348 345 1042 336 346 1043 348 345 1044 361 357 1045 349 347 1046 361 357 1047 350 348 1048 349 347 1049 362 358 1050 351 359 1051 350 348 1052 351 359 1053 364 360 1054 352 350 1055 352 350 1056 365 361 1057 353 351 1058 353 351 1059 366 362 1060 354 363 1061 366 362 1062 355 352 1063 354 363 1064 367 364 1065 356 353 1066 355 352 1067 368 365 1068 357 366 1069 356 353 1070 357 366 1071 370 367 1072 358 355 1073 358 355 1074 371 368 1075 359 356 1076 371 368 1077 348 345 1078 359 356 1079 360 369 1080 373 370 1081 361 357 1082 373 370 1083 362 358 1084 361 357 1085 374 371 1086 363 372 1087 362 358 1088 363 372 1089 376 373 1090 364 360 1091 376 373 1092 365 361 1093 364 360 1094 365 361 1095 378 374 1096 366 362 1097 378 374 1098 367 364 1099 366 362 1100 367 364 1101 380 375 1102 368 365 1103 380 375 1104 369 376 1105 368 365 1106 369 376 1107 382 377 1108 370 367 1109 370 367 1110 383 378 1111 371 368 1112 383 378 1113 360 369 1114 371 368 1115 372 379 1116 1 1 1117 373 370 1118 1 1 1119 374 371 1120 373 370 1121 374 371 1122 3 5 1123 375 380 1124 375 380 1125 4 7 1126 376 373 1127 4 7 1128 377 381 1129 376 373 1130 377 381 1131 6 10 1132 378 374 1133 6 10 1134 379 382 1135 378 374 1136 379 382 1137 8 13 1138 380 375 1139 8 13 1140 381 383 1141 380 375 1142 9 15 1143 382 377 1144 381 383 1145 382 377 1146 11 18 1147 383 378 1148 11 18 1149 372 379 1150 383 378 1151 396 384 1152 385 385 1153 384 386 1154 385 385 1155 398 387 1156 386 388 1157 398 387 1158 387 389 1159 386 388 1160 399 390 1161 388 391 1162 387 389 1163 388 391 1164 401 392 1165 389 393 1166 401 392 1167 390 394 1168 389 393 1169 390 394 1170 403 395 1171 391 396 1172 403 395 1173 392 397 1174 391 396 1175 392 397 1176 405 398 1177 393 399 1178 393 399 1179 406 400 1180 394 401 1181 406 400 1182 395 402 1183 394 401 1184 395 402 1185 396 384 1186 384 386 1187 408 403 1188 397 404 1189 396 384 1190 397 404 1191 410 405 1192 398 387 1193 398 387 1194 411 406 1195 399 390 1196 411 406 1197 400 407 1198 399 390 1199 400 407 1200 413 408 1201 401 392 1202 413 408 1203 402 409 1204 401 392 1205 402 409 1206 415 410 1207 403 395 1208 415 410 1209 404 411 1210 403 395 1211 404 411 1212 417 412 1213 405 398 1214 417 412 1215 406 400 1216 405 398 1217 418 413 1218 407 414 1219 406 400 1220 407 414 1221 408 403 1222 396 384 1223 420 415 1224 409 416 1225 408 403 1226 409 416 1227 422 417 1228 410 405 1229 410 405 1230 423 418 1231 411 406 1232 423 418 1233 412 419 1234 411 406 1235 424 420 1236 413 408 1237 412 419 1238 425 421 1239 414 422 1240 413 408 1241 414 422 1242 427 423 1243 415 410 1244 415 410 1245 428 424 1246 416 425 1247 416 425 1248 429 426 1249 417 412 1250 429 426 1251 418 413 1252 417 412 1253 430 427 1254 419 428 1255 418 413 1256 419 428 1257 420 415 1258 408 403 1259 420 415 1260 433 429 1261 421 430 1262 421 430 1263 434 431 1264 422 417 1265 422 417 1266 435 432 1267 423 418 1268 435 432 1269 424 420 1270 423 418 1271 424 420 1272 437 433 1273 425 421 1274 425 421 1275 438 434 1276 426 435 1277 438 434 1278 427 423 1279 426 435 1280 439 436 1281 428 424 1282 427 423 1283 428 424 1284 441 437 1285 429 426 1286 441 437 1287 430 427 1288 429 426 1289 442 438 1290 431 439 1291 430 427 1292 443 440 1293 420 415 1294 431 439 1295 444 441 1296 433 429 1297 432 442 1298 433 429 1299 446 443 1300 434 431 1301 434 431 1302 447 444 1303 435 432 1304 447 444 1305 436 445 1306 435 432 1307 448 446 1308 437 433 1309 436 445 1310 449 447 1311 438 434 1312 437 433 1313 438 434 1314 451 448 1315 439 436 1316 439 436 1317 452 449 1318 440 450 1319 440 450 1320 453 451 1321 441 437 1322 453 451 1323 442 438 1324 441 437 1325 454 452 1326 443 440 1327 442 438 1328 443 440 1329 444 441 1330 432 442 1331 456 453 1332 445 454 1333 444 441 1334 457 455 1335 446 443 1336 445 454 1337 446 443 1338 459 456 1339 447 444 1340 447 444 1341 460 457 1342 448 446 1343 448 446 1344 461 458 1345 449 447 1346 461 458 1347 450 459 1348 449 447 1349 450 459 1350 463 460 1351 451 448 1352 463 460 1353 452 449 1354 451 448 1355 464 461 1356 453 451 1357 452 449 1358 465 462 1359 454 452 1360 453 451 1361 454 452 1362 467 463 1363 455 464 1364 455 464 1365 456 453 1366 444 441 1367 456 453 1368 469 465 1369 457 455 1370 469 465 1371 458 466 1372 457 455 1373 470 467 1374 459 456 1375 458 466 1376 459 456 1377 472 468 1378 460 457 1379 472 468 1380 461 458 1381 460 457 1382 473 469 1383 462 470 1384 461 458 1385 462 470 1386 475 471 1387 463 460 1388 463 460 1389 476 472 1390 464 461 1391 476 472 1392 465 462 1393 464 461 1394 465 462 1395 478 473 1396 466 474 1397 466 474 1398 479 475 1399 467 463 1400 479 475 1401 456 453 1402 467 463 1403 480 476 1404 469 465 1405 468 477 1406 469 465 1407 482 478 1408 470 467 1409 470 467 1410 483 479 1411 471 480 1412 483 479 1413 472 468 1414 471 480 1415 484 481 1416 473 469 1417 472 468 1418 473 469 1419 486 482 1420 474 483 1421 486 482 1422 475 471 1423 474 483 1424 475 471 1425 488 484 1426 476 472 1427 476 472 1428 489 485 1429 477 486 1430 489 485 1431 478 473 1432 477 486 1433 490 487 1434 479 475 1435 478 473 1436 479 475 1437 480 476 1438 468 477 1439 480 476 1440 493 488 1441 481 105 1442 493 488 1443 482 478 1444 481 105 1445 494 489 1446 483 479 1447 482 478 1448 483 479 1449 496 490 1450 484 481 1451 484 481 1452 497 491 1453 485 492 1454 497 491 1455 486 482 1456 485 492 1457 486 482 1458 499 493 1459 487 494 1460 499 493 1461 488 484 1462 487 494 1463 500 495 1464 489 485 1465 488 484 1466 489 485 1467 502 496 1468 490 487 1469 490 487 1470 503 497 1471 491 115 1472 503 497 1473 480 476 1474 491 115 1475 504 498 1476 493 488 1477 492 499 1478 493 488 1479 506 500 1480 494 489 1481 494 489 1482 507 501 1483 495 502 1484 507 501 1485 496 490 1486 495 502 1487 496 490 1488 509 503 1489 497 491 1490 497 491 1491 510 504 1492 498 505 1493 510 504 1494 499 493 1495 498 505 1496 511 506 1497 500 495 1498 499 493 1499 500 495 1500 513 507 1501 501 508 1502 513 507 1503 502 496 1504 501 508 1505 514 509 1506 503 497 1507 502 496 1508 503 497 1509 504 498 1510 492 499 1511 504 498 1512 517 510 1513 505 511 1514 505 511 1515 518 512 1516 506 500 1517 518 512 1518 507 501 1519 506 500 1520 519 513 1521 508 514 1522 507 501 1523 520 515 1524 509 503 1525 508 514 1526 509 503 1527 522 516 1528 510 504 1529 522 516 1530 511 506 1531 510 504 1532 511 506 1533 524 135 1534 512 517 1535 512 517 1536 525 518 1537 513 507 1538 513 507 1539 526 519 1540 514 509 1541 526 519 1542 515 520 1543 514 509 1544 527 521 1545 504 498 1546 515 520 1547 516 522 1548 529 523 1549 517 510 1550 529 523 1551 518 512 1552 517 510 1553 530 524 1554 519 513 1555 518 512 1556 519 513 1557 532 525 1558 520 515 1559 520 515 1560 533 526 1561 521 527 1562 521 527 1563 534 528 1564 522 516 1565 534 528 1566 523 529 1567 522 516 1568 535 530 1569 524 135 1570 523 529 1571 536 531 1572 525 518 1573 524 135 1574 525 518 1575 538 532 1576 526 519 1577 526 519 1578 539 533 1579 527 521 1580 539 533 1581 516 522 1582 527 521 1583 540 534 1584 529 523 1585 528 535 1586 541 536 1587 530 524 1588 529 523 1589 542 537 1590 531 538 1591 530 524 1592 531 538 1593 544 539 1594 532 525 1595 544 539 1596 533 526 1597 532 525 1598 545 540 1599 534 528 1600 533 526 1601 534 528 1602 547 541 1603 535 530 1604 535 530 1605 548 542 1606 536 531 1607 548 542 1608 537 543 1609 536 531 1610 537 543 1611 550 544 1612 538 532 1613 538 532 1614 551 545 1615 539 533 1616 539 533 1617 540 534 1618 528 535 1619 540 534 1620 553 546 1621 541 536 1622 553 546 1623 542 537 1624 541 536 1625 554 547 1626 543 548 1627 542 537 1628 543 548 1629 556 549 1630 544 539 1631 544 539 1632 557 550 1633 545 540 1634 545 540 1635 558 551 1636 546 552 1637 558 551 1638 547 541 1639 546 552 1640 559 553 1641 548 542 1642 547 541 1643 560 554 1644 549 555 1645 548 542 1646 549 555 1647 562 556 1648 550 544 1649 550 544 1650 563 557 1651 551 545 1652 563 557 1653 540 534 1654 551 545 1655 552 558 1656 565 559 1657 553 546 1658 565 559 1659 554 547 1660 553 546 1661 566 560 1662 555 561 1663 554 547 1664 555 561 1665 568 562 1666 556 549 1667 568 562 1668 557 550 1669 556 549 1670 557 550 1671 570 563 1672 558 551 1673 570 563 1674 559 553 1675 558 551 1676 559 553 1677 572 564 1678 560 554 1679 572 564 1680 561 565 1681 560 554 1682 561 565 1683 574 566 1684 562 556 1685 562 556 1686 575 567 1687 563 557 1688 575 567 1689 552 558 1690 563 557 1691 564 568 1692 577 569 1693 565 559 1694 577 569 1695 566 560 1696 565 559 1697 566 560 1698 579 570 1699 567 571 1700 567 571 1701 580 572 1702 568 562 1703 580 572 1704 569 573 1705 568 562 1706 569 573 1707 582 574 1708 570 563 1709 582 574 1710 571 575 1711 570 563 1712 571 575 1713 584 195 1714 572 564 1715 584 195 1716 573 576 1717 572 564 1718 585 577 1719 574 566 1720 573 576 1721 574 566 1722 587 578 1723 575 567 1724 587 578 1725 564 568 1726 575 567 1727 588 579 1728 577 569 1729 576 580 1730 577 569 1731 590 581 1732 578 582 1733 590 581 1734 579 570 1735 578 582 1736 591 583 1737 580 572 1738 579 570 1739 580 572 1740 593 584 1741 581 585 1742 593 584 1743 582 574 1744 581 585 1745 582 574 1746 595 586 1747 583 587 1748 595 586 1749 584 195 1750 583 587 1751 584 195 1752 597 588 1753 585 577 1754 585 577 1755 598 589 1756 586 590 1757 598 589 1758 587 578 1759 586 590 1760 587 578 1761 588 579 1762 576 580 1763 600 591 1764 589 592 1765 588 579 1766 589 592 1767 602 593 1768 590 581 1769 590 581 1770 603 594 1771 591 583 1772 603 594 1773 592 595 1774 591 583 1775 592 595 1776 605 596 1777 593 584 1778 605 596 1779 594 597 1780 593 584 1781 594 597 1782 607 598 1783 595 586 1784 607 598 1785 596 599 1786 595 586 1787 596 599 1788 609 600 1789 597 588 1790 609 600 1791 598 589 1792 597 588 1793 610 601 1794 599 602 1795 598 589 1796 599 602 1797 600 591 1798 588 579 1799 612 603 1800 601 604 1801 600 591 1802 601 604 1803 614 605 1804 602 593 1805 602 593 1806 615 606 1807 603 594 1808 615 606 1809 604 607 1810 603 594 1811 616 608 1812 605 596 1813 604 607 1814 617 609 1815 606 610 1816 605 596 1817 606 610 1818 619 611 1819 607 598 1820 607 598 1821 620 612 1822 608 613 1823 608 613 1824 621 614 1825 609 600 1826 621 614 1827 610 601 1828 609 600 1829 622 615 1830 611 616 1831 610 601 1832 611 616 1833 612 603 1834 600 591 1835 612 603 1836 625 617 1837 613 618 1838 613 618 1839 626 619 1840 614 605 1841 614 605 1842 627 620 1843 615 606 1844 627 620 1845 616 608 1846 615 606 1847 616 608 1848 629 621 1849 617 609 1850 617 609 1851 630 622 1852 618 623 1853 630 622 1854 619 611 1855 618 623 1856 631 624 1857 620 612 1858 619 611 1859 620 612 1860 633 625 1861 621 614 1862 633 625 1863 622 615 1864 621 614 1865 634 626 1866 623 627 1867 622 615 1868 635 628 1869 612 603 1870 623 627 1871 636 629 1872 625 617 1873 624 630 1874 625 617 1875 638 631 1876 626 619 1877 626 619 1878 639 632 1879 627 620 1880 639 632 1881 628 633 1882 627 620 1883 640 634 1884 629 621 1885 628 633 1886 641 635 1887 630 622 1888 629 621 1889 630 622 1890 643 636 1891 631 624 1892 631 624 1893 644 257 1894 632 637 1895 632 637 1896 645 638 1897 633 625 1898 645 638 1899 634 626 1900 633 625 1901 646 639 1902 635 628 1903 634 626 1904 635 628 1905 636 629 1906 624 630 1907 648 640 1908 637 641 1909 636 629 1910 649 642 1911 638 631 1912 637 641 1913 638 631 1914 651 643 1915 639 632 1916 639 632 1917 652 644 1918 640 634 1919 640 634 1920 653 645 1921 641 635 1922 653 645 1923 642 646 1924 641 635 1925 642 646 1926 655 647 1927 643 636 1928 655 647 1929 644 257 1930 643 636 1931 656 648 1932 645 638 1933 644 257 1934 657 649 1935 646 639 1936 645 638 1937 646 639 1938 659 650 1939 647 651 1940 647 651 1941 648 640 1942 636 629 1943 648 640 1944 661 652 1945 649 642 1946 661 652 1947 650 653 1948 649 642 1949 662 654 1950 651 643 1951 650 653 1952 651 643 1953 664 655 1954 652 644 1955 664 655 1956 653 645 1957 652 644 1958 665 656 1959 654 657 1960 653 645 1961 654 657 1962 667 658 1963 655 647 1964 655 647 1965 668 659 1966 656 648 1967 668 659 1968 657 649 1969 656 648 1970 657 649 1971 670 660 1972 658 661 1973 658 661 1974 671 662 1975 659 650 1976 671 662 1977 648 640 1978 659 650 1979 672 663 1980 661 652 1981 660 664 1982 661 652 1983 674 665 1984 662 654 1985 662 654 1986 675 666 1987 663 667 1988 675 666 1989 664 655 1990 663 667 1991 676 668 1992 665 656 1993 664 655 1994 665 656 1995 678 669 1996 666 670 1997 678 669 1998 667 658 1999 666 670 2000 667 658 2001 680 671 2002 668 659 2003 668 659 2004 681 672 2005 669 673 2006 681 672 2007 670 660 2008 669 673 2009 682 674 2010 671 662 2011 670 660 2012 671 662 2013 672 663 2014 660 664 2015 672 663 2016 685 675 2017 673 297 2018 685 675 2019 674 665 2020 673 297 2021 686 676 2022 675 666 2023 674 665 2024 675 666 2025 688 677 2026 676 668 2027 676 668 2028 689 678 2029 677 679 2030 689 678 2031 678 669 2032 677 679 2033 678 669 2034 691 680 2035 679 681 2036 691 680 2037 680 671 2038 679 681 2039 692 682 2040 681 672 2041 680 671 2042 681 672 2043 694 683 2044 682 674 2045 682 674 2046 695 684 2047 683 307 2048 695 684 2049 672 663 2050 683 307 2051 696 685 2052 685 675 2053 684 686 2054 685 675 2055 698 687 2056 686 676 2057 686 676 2058 699 688 2059 687 689 2060 699 688 2061 688 677 2062 687 689 2063 688 677 2064 701 690 2065 689 678 2066 689 678 2067 702 691 2068 690 692 2069 702 691 2070 691 680 2071 690 692 2072 703 693 2073 692 682 2074 691 680 2075 692 682 2076 705 694 2077 693 695 2078 705 694 2079 694 683 2080 693 695 2081 706 696 2082 695 684 2083 694 683 2084 695 684 2085 696 685 2086 684 686 2087 696 685 2088 709 697 2089 697 698 2090 697 698 2091 710 699 2092 698 687 2093 710 699 2094 699 688 2095 698 687 2096 711 700 2097 700 701 2098 699 688 2099 712 702 2100 701 690 2101 700 701 2102 701 690 2103 714 703 2104 702 691 2105 714 703 2106 703 693 2107 702 691 2108 703 693 2109 716 704 2110 704 705 2111 704 705 2112 717 706 2113 705 694 2114 705 694 2115 718 707 2116 706 696 2117 718 707 2118 707 708 2119 706 696 2120 719 709 2121 696 685 2122 707 708 2123 708 710 2124 721 711 2125 709 697 2126 721 711 2127 710 699 2128 709 697 2129 722 712 2130 711 700 2131 710 699 2132 711 700 2133 724 713 2134 712 702 2135 712 702 2136 725 714 2137 713 715 2138 713 715 2139 726 716 2140 714 703 2141 726 716 2142 715 717 2143 714 703 2144 727 718 2145 716 704 2146 715 717 2147 728 719 2148 717 706 2149 716 704 2150 717 706 2151 730 720 2152 718 707 2153 718 707 2154 731 721 2155 719 709 2156 731 721 2157 708 710 2158 719 709 2159 732 722 2160 721 711 2161 720 723 2162 733 724 2163 722 712 2164 721 711 2165 734 725 2166 723 726 2167 722 712 2168 723 726 2169 736 727 2170 724 713 2171 736 727 2172 725 714 2173 724 713 2174 737 728 2175 726 716 2176 725 714 2177 726 716 2178 739 729 2179 727 718 2180 727 718 2181 740 730 2182 728 719 2183 740 730 2184 729 731 2185 728 719 2186 729 731 2187 742 732 2188 730 720 2189 730 720 2190 743 733 2191 731 721 2192 731 721 2193 732 722 2194 720 723 2195 732 722 2196 745 734 2197 733 724 2198 745 734 2199 734 725 2200 733 724 2201 746 735 2202 735 736 2203 734 725 2204 735 736 2205 748 737 2206 736 727 2207 736 727 2208 749 738 2209 737 728 2210 737 728 2211 750 739 2212 738 740 2213 750 739 2214 739 729 2215 738 740 2216 751 741 2217 740 730 2218 739 729 2219 752 742 2220 741 743 2221 740 730 2222 741 743 2223 754 744 2224 742 732 2225 742 732 2226 755 745 2227 743 733 2228 755 745 2229 732 722 2230 743 733 2231 744 746 2232 757 747 2233 745 734 2234 757 747 2235 746 735 2236 745 734 2237 758 748 2238 747 749 2239 746 735 2240 747 749 2241 760 750 2242 748 737 2243 760 750 2244 749 738 2245 748 737 2246 749 738 2247 762 751 2248 750 739 2249 762 751 2250 751 741 2251 750 739 2252 751 741 2253 764 752 2254 752 742 2255 764 752 2256 753 753 2257 752 742 2258 753 753 2259 766 754 2260 754 744 2261 754 744 2262 767 755 2263 755 745 2264 767 755 2265 744 746 2266 755 745 2267 756 756 2268 385 385 2269 757 747 2270 385 385 2271 758 748 2272 757 747 2273 758 748 2274 387 389 2275 759 757 2276 759 757 2277 388 391 2278 760 750 2279 388 391 2280 761 758 2281 760 750 2282 761 758 2283 390 394 2284 762 751 2285 390 394 2286 763 759 2287 762 751 2288 763 759 2289 392 397 2290 764 752 2291 392 397 2292 765 760 2293 764 752 2294 393 399 2295 766 754 2296 765 760 2297 766 754 2298 395 402 2299 767 755 2300 395 402 2301 756 756 2302 767 755 2303 12 0 2304 13 20 2305 1 1 2306 1 1 2307 13 20 2308 14 3 2309 14 3 2310 15 6 2311 3 5 2312 15 6 2313 16 23 2314 4 7 2315 4 7 2316 16 23 2317 17 8 2318 17 8 2319 18 25 2320 6 10 2321 6 10 2322 18 25 2323 19 11 2324 19 11 2325 20 27 2326 8 13 2327 8 13 2328 20 27 2329 21 14 2330 9 15 2331 21 14 2332 22 16 2333 22 16 2334 23 30 2335 11 18 2336 11 18 2337 23 30 2338 12 0 2339 24 19 2340 25 32 2341 13 20 2342 13 20 2343 25 32 2344 26 21 2345 14 3 2346 26 21 2347 27 22 2348 27 22 2349 28 35 2350 16 23 2351 16 23 2352 28 35 2353 29 24 2354 29 24 2355 30 38 2356 18 25 2357 18 25 2358 30 38 2359 31 26 2360 31 26 2361 32 41 2362 20 27 2363 20 27 2364 32 41 2365 33 28 2366 33 28 2367 34 29 2368 22 16 2369 34 29 2370 35 44 2371 23 30 2372 23 30 2373 35 44 2374 24 19 2375 36 31 2376 37 46 2377 25 32 2378 25 32 2379 37 46 2380 38 33 2381 26 21 2382 38 33 2383 39 34 2384 39 34 2385 40 36 2386 28 35 2387 40 36 2388 41 37 2389 29 24 2390 41 37 2391 42 51 2392 30 38 2393 30 38 2394 42 51 2395 43 39 2396 31 26 2397 43 39 2398 44 40 2399 32 41 2400 44 40 2401 45 42 2402 45 42 2403 46 43 2404 34 29 2405 46 43 2406 47 55 2407 35 44 2408 35 44 2409 47 55 2410 36 31 2411 36 31 2412 48 58 2413 49 45 2414 37 46 2415 49 45 2416 50 47 2417 38 33 2418 50 47 2419 51 48 2420 51 48 2421 52 61 2422 40 36 2423 40 36 2424 52 61 2425 53 49 2426 41 37 2427 53 49 2428 54 50 2429 54 50 2430 55 52 2431 43 39 2432 55 52 2433 56 66 2434 44 40 2435 44 40 2436 56 66 2437 57 53 2438 57 53 2439 58 54 2440 46 43 2441 58 54 2442 59 56 2443 47 55 2444 59 56 2445 48 58 2446 36 31 2447 60 57 2448 61 70 2449 49 45 2450 49 45 2451 61 70 2452 62 59 2453 50 47 2454 62 59 2455 63 60 2456 63 60 2457 64 62 2458 52 61 2459 64 62 2460 65 63 2461 53 49 2462 65 63 2463 66 75 2464 54 50 2465 54 50 2466 66 75 2467 67 64 2468 55 52 2469 67 64 2470 68 65 2471 56 66 2472 68 65 2473 69 67 2474 69 67 2475 70 68 2476 58 54 2477 70 68 2478 71 80 2479 59 56 2480 59 56 2481 71 80 2482 60 57 2483 72 69 2484 73 71 2485 61 70 2486 73 71 2487 74 82 2488 62 59 2489 62 59 2490 74 82 2491 75 72 2492 63 60 2493 75 72 2494 76 73 2495 64 62 2496 76 73 2497 77 74 2498 77 74 2499 78 86 2500 66 75 2501 66 75 2502 78 86 2503 79 76 2504 79 76 2505 80 77 2506 68 65 2507 80 77 2508 81 78 2509 69 67 2510 81 78 2511 82 90 2512 70 68 2513 70 68 2514 82 90 2515 83 79 2516 71 80 2517 83 79 2518 72 69 2519 72 69 2520 84 93 2521 85 81 2522 85 81 2523 86 83 2524 74 82 2525 86 83 2526 87 96 2527 75 72 2528 75 72 2529 87 96 2530 88 84 2531 88 84 2532 89 85 2533 77 74 2534 89 85 2535 90 99 2536 78 86 2537 78 86 2538 90 99 2539 91 87 2540 79 76 2541 91 87 2542 92 88 2543 92 88 2544 93 102 2545 81 78 2546 81 78 2547 93 102 2548 94 89 2549 82 90 2550 94 89 2551 95 91 2552 95 91 2553 84 93 2554 72 69 2555 96 92 2556 97 105 2557 85 81 2558 85 81 2559 97 105 2560 98 94 2561 86 83 2562 98 94 2563 99 95 2564 99 95 2565 100 97 2566 88 84 2567 100 97 2568 101 109 2569 89 85 2570 89 85 2571 101 109 2572 102 98 2573 102 98 2574 103 111 2575 91 87 2576 91 87 2577 103 111 2578 104 100 2579 92 88 2580 104 100 2581 105 101 2582 105 101 2583 106 103 2584 94 89 2585 106 103 2586 107 115 2587 95 91 2588 95 91 2589 107 115 2590 96 92 2591 96 92 2592 108 117 2593 109 104 2594 109 104 2595 110 106 2596 98 94 2597 110 106 2598 111 120 2599 99 95 2600 99 95 2601 111 120 2602 112 107 2603 100 97 2604 112 107 2605 113 108 2606 113 108 2607 114 123 2608 102 98 2609 102 98 2610 114 123 2611 115 110 2612 115 110 2613 116 112 2614 104 100 2615 116 112 2616 117 126 2617 105 101 2618 105 101 2619 117 126 2620 118 113 2621 106 103 2622 118 113 2623 119 114 2624 119 114 2625 108 117 2626 96 92 2627 120 116 2628 121 129 2629 109 104 2630 109 104 2631 121 129 2632 122 118 2633 110 106 2634 122 118 2635 123 119 2636 123 119 2637 124 132 2638 112 107 2639 112 107 2640 124 132 2641 125 121 2642 113 108 2643 125 121 2644 126 122 2645 126 122 2646 127 124 2647 115 110 2648 127 124 2649 128 136 2650 116 112 2651 116 112 2652 128 136 2653 129 125 2654 129 125 2655 130 127 2656 118 113 2657 130 127 2658 131 139 2659 119 114 2660 119 114 2661 131 139 2662 120 116 2663 120 116 2664 132 141 2665 133 128 2666 121 129 2667 133 128 2668 134 130 2669 134 130 2670 135 131 2671 123 119 2672 135 131 2673 136 133 2674 124 132 2675 136 133 2676 137 146 2677 125 121 2678 125 121 2679 137 146 2680 138 134 2681 138 134 2682 139 148 2683 127 124 2684 127 124 2685 139 148 2686 140 135 2687 128 136 2688 140 135 2689 141 137 2690 129 125 2691 141 137 2692 142 138 2693 142 138 2694 143 140 2695 131 139 2696 143 140 2697 132 141 2698 120 116 2699 132 141 2700 144 154 2701 145 142 2702 145 142 2703 146 143 2704 134 130 2705 146 143 2706 147 157 2707 135 131 2708 135 131 2709 147 157 2710 148 144 2711 136 133 2712 148 144 2713 149 145 2714 137 146 2715 149 145 2716 150 147 2717 150 147 2718 151 149 2719 139 148 2720 151 149 2721 152 150 2722 140 135 2723 152 150 2724 153 162 2725 141 137 2726 141 137 2727 153 162 2728 154 151 2729 142 138 2730 154 151 2731 155 152 2732 155 152 2733 144 154 2734 132 141 2735 156 153 2736 157 155 2737 145 142 2738 157 155 2739 158 156 2740 146 143 2741 158 156 2742 159 167 2743 147 157 2744 147 157 2745 159 167 2746 160 158 2747 160 158 2748 161 159 2749 149 145 2750 161 159 2751 162 171 2752 150 147 2753 150 147 2754 162 171 2755 163 160 2756 151 149 2757 163 160 2758 164 161 2759 164 161 2760 165 174 2761 153 162 2762 153 162 2763 165 174 2764 166 163 2765 154 151 2766 166 163 2767 167 164 2768 155 152 2769 167 164 2770 156 153 2771 156 153 2772 168 177 2773 169 165 2774 169 165 2775 170 166 2776 158 156 2777 170 166 2778 171 180 2779 159 167 2780 159 167 2781 171 180 2782 172 168 2783 160 158 2784 172 168 2785 173 169 2786 161 159 2787 173 169 2788 174 170 2789 174 170 2790 175 172 2791 163 160 2792 175 172 2793 176 173 2794 164 161 2795 176 173 2796 177 184 2797 165 174 2798 165 174 2799 177 184 2800 178 175 2801 166 163 2802 178 175 2803 179 176 2804 179 176 2805 168 177 2806 156 153 2807 168 177 2808 180 187 2809 181 178 2810 181 178 2811 182 179 2812 170 166 2813 182 179 2814 183 190 2815 171 180 2816 171 180 2817 183 190 2818 184 181 2819 184 181 2820 185 192 2821 173 169 2822 173 169 2823 185 192 2824 186 182 2825 186 182 2826 187 194 2827 175 172 2828 175 172 2829 187 194 2830 188 183 2831 188 183 2832 189 196 2833 177 184 2834 177 184 2835 189 196 2836 190 185 2837 178 175 2838 190 185 2839 191 186 2840 191 186 2841 180 187 2842 168 177 2843 180 187 2844 192 200 2845 193 188 2846 193 188 2847 194 202 2848 182 179 2849 182 179 2850 194 202 2851 195 189 2852 183 190 2853 195 189 2854 196 191 2855 196 191 2856 197 205 2857 185 192 2858 185 192 2859 197 205 2860 198 193 2861 198 193 2862 199 207 2863 187 194 2864 187 194 2865 199 207 2866 200 195 2867 200 195 2868 201 197 2869 189 196 2870 201 197 2871 202 210 2872 190 185 2873 190 185 2874 202 210 2875 203 198 2876 203 198 2877 192 200 2878 180 187 2879 204 199 2880 205 212 2881 193 188 2882 193 188 2883 205 212 2884 206 201 2885 206 201 2886 207 203 2887 195 189 2888 207 203 2889 208 215 2890 196 191 2891 196 191 2892 208 215 2893 209 204 2894 209 204 2895 210 217 2896 198 193 2897 198 193 2898 210 217 2899 211 206 2900 211 206 2901 212 219 2902 200 195 2903 200 195 2904 212 219 2905 213 208 2906 201 197 2907 213 208 2908 214 209 2909 214 209 2910 215 222 2911 203 198 2912 203 198 2913 215 222 2914 204 199 2915 216 211 2916 217 224 2917 205 212 2918 205 212 2919 217 224 2920 218 213 2921 206 201 2922 218 213 2923 219 214 2924 219 214 2925 220 227 2926 208 215 2927 208 215 2928 220 227 2929 221 216 2930 221 216 2931 222 230 2932 210 217 2933 210 217 2934 222 230 2935 223 218 2936 223 218 2937 224 233 2938 212 219 2939 212 219 2940 224 233 2941 225 220 2942 225 220 2943 226 221 2944 214 209 2945 226 221 2946 227 236 2947 215 222 2948 215 222 2949 227 236 2950 216 211 2951 228 223 2952 229 238 2953 217 224 2954 217 224 2955 229 238 2956 230 225 2957 218 213 2958 230 225 2959 231 226 2960 231 226 2961 232 228 2962 220 227 2963 232 228 2964 233 229 2965 221 216 2966 233 229 2967 234 243 2968 222 230 2969 222 230 2970 234 243 2971 235 231 2972 223 218 2973 235 231 2974 236 232 2975 224 233 2976 236 232 2977 237 234 2978 237 234 2979 238 235 2980 226 221 2981 238 235 2982 239 247 2983 227 236 2984 227 236 2985 239 247 2986 228 223 2987 228 223 2988 240 250 2989 241 237 2990 229 238 2991 241 237 2992 242 239 2993 230 225 2994 242 239 2995 243 240 2996 243 240 2997 244 253 2998 232 228 2999 232 228 3000 244 253 3001 245 241 3002 233 229 3003 245 241 3004 246 242 3005 246 242 3006 247 244 3007 235 231 3008 247 244 3009 248 258 3010 236 232 3011 236 232 3012 248 258 3013 249 245 3014 249 245 3015 250 246 3016 238 235 3017 250 246 3018 251 248 3019 239 247 3020 251 248 3021 240 250 3022 228 223 3023 252 249 3024 253 262 3025 241 237 3026 241 237 3027 253 262 3028 254 251 3029 242 239 3030 254 251 3031 255 252 3032 255 252 3033 256 254 3034 244 253 3035 256 254 3036 257 255 3037 245 241 3038 257 255 3039 258 267 3040 246 242 3041 246 242 3042 258 267 3043 259 256 3044 247 244 3045 259 256 3046 260 257 3047 248 258 3048 260 257 3049 261 259 3050 261 259 3051 262 260 3052 250 246 3053 262 260 3054 263 272 3055 251 248 3056 251 248 3057 263 272 3058 252 249 3059 264 261 3060 265 263 3061 253 262 3062 265 263 3063 266 274 3064 254 251 3065 254 251 3066 266 274 3067 267 264 3068 255 252 3069 267 264 3070 268 265 3071 256 254 3072 268 265 3073 269 266 3074 269 266 3075 270 278 3076 258 267 3077 258 267 3078 270 278 3079 271 268 3080 271 268 3081 272 269 3082 260 257 3083 272 269 3084 273 270 3085 261 259 3086 273 270 3087 274 282 3088 262 260 3089 262 260 3090 274 282 3091 275 271 3092 263 272 3093 275 271 3094 264 261 3095 264 261 3096 276 285 3097 277 273 3098 277 273 3099 278 275 3100 266 274 3101 278 275 3102 279 288 3103 267 264 3104 267 264 3105 279 288 3106 280 276 3107 280 276 3108 281 277 3109 269 266 3110 281 277 3111 282 291 3112 270 278 3113 270 278 3114 282 291 3115 283 279 3116 271 268 3117 283 279 3118 284 280 3119 284 280 3120 285 294 3121 273 270 3122 273 270 3123 285 294 3124 286 281 3125 274 282 3126 286 281 3127 287 283 3128 287 283 3129 276 285 3130 264 261 3131 288 284 3132 289 297 3133 277 273 3134 277 273 3135 289 297 3136 290 286 3137 278 275 3138 290 286 3139 291 287 3140 291 287 3141 292 289 3142 280 276 3143 292 289 3144 293 301 3145 281 277 3146 281 277 3147 293 301 3148 294 290 3149 294 290 3150 295 303 3151 283 279 3152 283 279 3153 295 303 3154 296 292 3155 284 280 3156 296 292 3157 297 293 3158 297 293 3159 298 295 3160 286 281 3161 298 295 3162 299 307 3163 287 283 3164 287 283 3165 299 307 3166 288 284 3167 288 284 3168 300 309 3169 301 296 3170 301 296 3171 302 298 3172 290 286 3173 302 298 3174 303 312 3175 291 287 3176 291 287 3177 303 312 3178 304 299 3179 292 289 3180 304 299 3181 305 300 3182 305 300 3183 306 315 3184 294 290 3185 294 290 3186 306 315 3187 307 302 3188 307 302 3189 308 304 3190 296 292 3191 308 304 3192 309 318 3193 297 293 3194 297 293 3195 309 318 3196 310 305 3197 298 295 3198 310 305 3199 311 306 3200 311 306 3201 300 309 3202 288 284 3203 312 308 3204 313 321 3205 301 296 3206 301 296 3207 313 321 3208 314 310 3209 302 298 3210 314 310 3211 315 311 3212 315 311 3213 316 324 3214 304 299 3215 304 299 3216 316 324 3217 317 313 3218 305 300 3219 317 313 3220 318 314 3221 318 314 3222 319 316 3223 307 302 3224 319 316 3225 320 328 3226 308 304 3227 308 304 3228 320 328 3229 321 317 3230 321 317 3231 322 319 3232 310 305 3233 322 319 3234 323 331 3235 311 306 3236 311 306 3237 323 331 3238 312 308 3239 312 308 3240 324 333 3241 325 320 3242 313 321 3243 325 320 3244 326 322 3245 326 322 3246 327 323 3247 315 311 3248 327 323 3249 328 325 3250 316 324 3251 328 325 3252 329 338 3253 317 313 3254 317 313 3255 329 338 3256 330 326 3257 330 326 3258 331 340 3259 319 316 3260 319 316 3261 331 340 3262 332 327 3263 320 328 3264 332 327 3265 333 329 3266 321 317 3267 333 329 3268 334 330 3269 334 330 3270 335 332 3271 323 331 3272 335 332 3273 324 333 3274 312 308 3275 324 333 3276 336 346 3277 337 334 3278 337 334 3279 338 335 3280 326 322 3281 338 335 3282 339 349 3283 327 323 3284 327 323 3285 339 349 3286 340 336 3287 328 325 3288 340 336 3289 341 337 3290 329 338 3291 341 337 3292 342 339 3293 342 339 3294 343 341 3295 331 340 3296 343 341 3297 344 342 3298 332 327 3299 344 342 3300 345 354 3301 333 329 3302 333 329 3303 345 354 3304 346 343 3305 334 330 3306 346 343 3307 347 344 3308 347 344 3309 336 346 3310 324 333 3311 348 345 3312 349 347 3313 337 334 3314 349 347 3315 350 348 3316 338 335 3317 350 348 3318 351 359 3319 339 349 3320 339 349 3321 351 359 3322 352 350 3323 352 350 3324 353 351 3325 341 337 3326 353 351 3327 354 363 3328 342 339 3329 342 339 3330 354 363 3331 355 352 3332 343 341 3333 355 352 3334 356 353 3335 356 353 3336 357 366 3337 345 354 3338 345 354 3339 357 366 3340 358 355 3341 346 343 3342 358 355 3343 359 356 3344 347 344 3345 359 356 3346 348 345 3347 348 345 3348 360 369 3349 361 357 3350 361 357 3351 362 358 3352 350 348 3353 362 358 3354 363 372 3355 351 359 3356 351 359 3357 363 372 3358 364 360 3359 352 350 3360 364 360 3361 365 361 3362 353 351 3363 365 361 3364 366 362 3365 366 362 3366 367 364 3367 355 352 3368 367 364 3369 368 365 3370 356 353 3371 368 365 3372 369 376 3373 357 366 3374 357 366 3375 369 376 3376 370 367 3377 358 355 3378 370 367 3379 371 368 3380 371 368 3381 360 369 3382 348 345 3383 360 369 3384 372 379 3385 373 370 3386 373 370 3387 374 371 3388 362 358 3389 374 371 3390 375 380 3391 363 372 3392 363 372 3393 375 380 3394 376 373 3395 376 373 3396 377 381 3397 365 361 3398 365 361 3399 377 381 3400 378 374 3401 378 374 3402 379 382 3403 367 364 3404 367 364 3405 379 382 3406 380 375 3407 380 375 3408 381 383 3409 369 376 3410 369 376 3411 381 383 3412 382 377 3413 370 367 3414 382 377 3415 383 378 3416 383 378 3417 372 379 3418 360 369 3419 372 379 3420 0 2 3421 1 1 3422 1 1 3423 2 4 3424 374 371 3425 374 371 3426 2 4 3427 3 5 3428 375 380 3429 3 5 3430 4 7 3431 4 7 3432 5 9 3433 377 381 3434 377 381 3435 5 9 3436 6 10 3437 6 10 3438 7 12 3439 379 382 3440 379 382 3441 7 12 3442 8 13 3443 8 13 3444 9 15 3445 381 383 3446 9 15 3447 10 17 3448 382 377 3449 382 377 3450 10 17 3451 11 18 3452 11 18 3453 0 2 3454 372 379 3455 396 384 3456 397 404 3457 385 385 3458 385 385 3459 397 404 3460 398 387 3461 398 387 3462 399 390 3463 387 389 3464 399 390 3465 400 407 3466 388 391 3467 388 391 3468 400 407 3469 401 392 3470 401 392 3471 402 409 3472 390 394 3473 390 394 3474 402 409 3475 403 395 3476 403 395 3477 404 411 3478 392 397 3479 392 397 3480 404 411 3481 405 398 3482 393 399 3483 405 398 3484 406 400 3485 406 400 3486 407 414 3487 395 402 3488 395 402 3489 407 414 3490 396 384 3491 408 403 3492 409 416 3493 397 404 3494 397 404 3495 409 416 3496 410 405 3497 398 387 3498 410 405 3499 411 406 3500 411 406 3501 412 419 3502 400 407 3503 400 407 3504 412 419 3505 413 408 3506 413 408 3507 414 422 3508 402 409 3509 402 409 3510 414 422 3511 415 410 3512 415 410 3513 416 425 3514 404 411 3515 404 411 3516 416 425 3517 417 412 3518 417 412 3519 418 413 3520 406 400 3521 418 413 3522 419 428 3523 407 414 3524 407 414 3525 419 428 3526 408 403 3527 420 415 3528 421 430 3529 409 416 3530 409 416 3531 421 430 3532 422 417 3533 410 405 3534 422 417 3535 423 418 3536 423 418 3537 424 420 3538 412 419 3539 424 420 3540 425 421 3541 413 408 3542 425 421 3543 426 435 3544 414 422 3545 414 422 3546 426 435 3547 427 423 3548 415 410 3549 427 423 3550 428 424 3551 416 425 3552 428 424 3553 429 426 3554 429 426 3555 430 427 3556 418 413 3557 430 427 3558 431 439 3559 419 428 3560 419 428 3561 431 439 3562 420 415 3563 420 415 3564 432 442 3565 433 429 3566 421 430 3567 433 429 3568 434 431 3569 422 417 3570 434 431 3571 435 432 3572 435 432 3573 436 445 3574 424 420 3575 424 420 3576 436 445 3577 437 433 3578 425 421 3579 437 433 3580 438 434 3581 438 434 3582 439 436 3583 427 423 3584 439 436 3585 440 450 3586 428 424 3587 428 424 3588 440 450 3589 441 437 3590 441 437 3591 442 438 3592 430 427 3593 442 438 3594 443 440 3595 431 439 3596 443 440 3597 432 442 3598 420 415 3599 444 441 3600 445 454 3601 433 429 3602 433 429 3603 445 454 3604 446 443 3605 434 431 3606 446 443 3607 447 444 3608 447 444 3609 448 446 3610 436 445 3611 448 446 3612 449 447 3613 437 433 3614 449 447 3615 450 459 3616 438 434 3617 438 434 3618 450 459 3619 451 448 3620 439 436 3621 451 448 3622 452 449 3623 440 450 3624 452 449 3625 453 451 3626 453 451 3627 454 452 3628 442 438 3629 454 452 3630 455 464 3631 443 440 3632 443 440 3633 455 464 3634 444 441 3635 456 453 3636 457 455 3637 445 454 3638 457 455 3639 458 466 3640 446 443 3641 446 443 3642 458 466 3643 459 456 3644 447 444 3645 459 456 3646 460 457 3647 448 446 3648 460 457 3649 461 458 3650 461 458 3651 462 470 3652 450 459 3653 450 459 3654 462 470 3655 463 460 3656 463 460 3657 464 461 3658 452 449 3659 464 461 3660 465 462 3661 453 451 3662 465 462 3663 466 474 3664 454 452 3665 454 452 3666 466 474 3667 467 463 3668 455 464 3669 467 463 3670 456 453 3671 456 453 3672 468 477 3673 469 465 3674 469 465 3675 470 467 3676 458 466 3677 470 467 3678 471 480 3679 459 456 3680 459 456 3681 471 480 3682 472 468 3683 472 468 3684 473 469 3685 461 458 3686 473 469 3687 474 483 3688 462 470 3689 462 470 3690 474 483 3691 475 471 3692 463 460 3693 475 471 3694 476 472 3695 476 472 3696 477 486 3697 465 462 3698 465 462 3699 477 486 3700 478 473 3701 466 474 3702 478 473 3703 479 475 3704 479 475 3705 468 477 3706 456 453 3707 480 476 3708 481 105 3709 469 465 3710 469 465 3711 481 105 3712 482 478 3713 470 467 3714 482 478 3715 483 479 3716 483 479 3717 484 481 3718 472 468 3719 484 481 3720 485 492 3721 473 469 3722 473 469 3723 485 492 3724 486 482 3725 486 482 3726 487 494 3727 475 471 3728 475 471 3729 487 494 3730 488 484 3731 476 472 3732 488 484 3733 489 485 3734 489 485 3735 490 487 3736 478 473 3737 490 487 3738 491 115 3739 479 475 3740 479 475 3741 491 115 3742 480 476 3743 480 476 3744 492 499 3745 493 488 3746 493 488 3747 494 489 3748 482 478 3749 494 489 3750 495 502 3751 483 479 3752 483 479 3753 495 502 3754 496 490 3755 484 481 3756 496 490 3757 497 491 3758 497 491 3759 498 505 3760 486 482 3761 486 482 3762 498 505 3763 499 493 3764 499 493 3765 500 495 3766 488 484 3767 500 495 3768 501 508 3769 489 485 3770 489 485 3771 501 508 3772 502 496 3773 490 487 3774 502 496 3775 503 497 3776 503 497 3777 492 499 3778 480 476 3779 504 498 3780 505 511 3781 493 488 3782 493 488 3783 505 511 3784 506 500 3785 494 489 3786 506 500 3787 507 501 3788 507 501 3789 508 514 3790 496 490 3791 496 490 3792 508 514 3793 509 503 3794 497 491 3795 509 503 3796 510 504 3797 510 504 3798 511 506 3799 499 493 3800 511 506 3801 512 517 3802 500 495 3803 500 495 3804 512 517 3805 513 507 3806 513 507 3807 514 509 3808 502 496 3809 514 509 3810 515 520 3811 503 497 3812 503 497 3813 515 520 3814 504 498 3815 504 498 3816 516 522 3817 517 510 3818 505 511 3819 517 510 3820 518 512 3821 518 512 3822 519 513 3823 507 501 3824 519 513 3825 520 515 3826 508 514 3827 520 515 3828 521 527 3829 509 503 3830 509 503 3831 521 527 3832 522 516 3833 522 516 3834 523 529 3835 511 506 3836 511 506 3837 523 529 3838 524 135 3839 512 517 3840 524 135 3841 525 518 3842 513 507 3843 525 518 3844 526 519 3845 526 519 3846 527 521 3847 515 520 3848 527 521 3849 516 522 3850 504 498 3851 516 522 3852 528 535 3853 529 523 3854 529 523 3855 530 524 3856 518 512 3857 530 524 3858 531 538 3859 519 513 3860 519 513 3861 531 538 3862 532 525 3863 520 515 3864 532 525 3865 533 526 3866 521 527 3867 533 526 3868 534 528 3869 534 528 3870 535 530 3871 523 529 3872 535 530 3873 536 531 3874 524 135 3875 536 531 3876 537 543 3877 525 518 3878 525 518 3879 537 543 3880 538 532 3881 526 519 3882 538 532 3883 539 533 3884 539 533 3885 528 535 3886 516 522 3887 540 534 3888 541 536 3889 529 523 3890 541 536 3891 542 537 3892 530 524 3893 542 537 3894 543 548 3895 531 538 3896 531 538 3897 543 548 3898 544 539 3899 544 539 3900 545 540 3901 533 526 3902 545 540 3903 546 552 3904 534 528 3905 534 528 3906 546 552 3907 547 541 3908 535 530 3909 547 541 3910 548 542 3911 548 542 3912 549 555 3913 537 543 3914 537 543 3915 549 555 3916 550 544 3917 538 532 3918 550 544 3919 551 545 3920 539 533 3921 551 545 3922 540 534 3923 540 534 3924 552 558 3925 553 546 3926 553 546 3927 554 547 3928 542 537 3929 554 547 3930 555 561 3931 543 548 3932 543 548 3933 555 561 3934 556 549 3935 544 539 3936 556 549 3937 557 550 3938 545 540 3939 557 550 3940 558 551 3941 558 551 3942 559 553 3943 547 541 3944 559 553 3945 560 554 3946 548 542 3947 560 554 3948 561 565 3949 549 555 3950 549 555 3951 561 565 3952 562 556 3953 550 544 3954 562 556 3955 563 557 3956 563 557 3957 552 558 3958 540 534 3959 552 558 3960 564 568 3961 565 559 3962 565 559 3963 566 560 3964 554 547 3965 566 560 3966 567 571 3967 555 561 3968 555 561 3969 567 571 3970 568 562 3971 568 562 3972 569 573 3973 557 550 3974 557 550 3975 569 573 3976 570 563 3977 570 563 3978 571 575 3979 559 553 3980 559 553 3981 571 575 3982 572 564 3983 572 564 3984 573 576 3985 561 565 3986 561 565 3987 573 576 3988 574 566 3989 562 556 3990 574 566 3991 575 567 3992 575 567 3993 564 568 3994 552 558 3995 564 568 3996 576 580 3997 577 569 3998 577 569 3999 578 582 4000 566 560 4001 566 560 4002 578 582 4003 579 570 4004 567 571 4005 579 570 4006 580 572 4007 580 572 4008 581 585 4009 569 573 4010 569 573 4011 581 585 4012 582 574 4013 582 574 4014 583 587 4015 571 575 4016 571 575 4017 583 587 4018 584 195 4019 584 195 4020 585 577 4021 573 576 4022 585 577 4023 586 590 4024 574 566 4025 574 566 4026 586 590 4027 587 578 4028 587 578 4029 576 580 4030 564 568 4031 588 579 4032 589 592 4033 577 569 4034 577 569 4035 589 592 4036 590 581 4037 590 581 4038 591 583 4039 579 570 4040 591 583 4041 592 595 4042 580 572 4043 580 572 4044 592 595 4045 593 584 4046 593 584 4047 594 597 4048 582 574 4049 582 574 4050 594 597 4051 595 586 4052 595 586 4053 596 599 4054 584 195 4055 584 195 4056 596 599 4057 597 588 4058 585 577 4059 597 588 4060 598 589 4061 598 589 4062 599 602 4063 587 578 4064 587 578 4065 599 602 4066 588 579 4067 600 591 4068 601 604 4069 589 592 4070 589 592 4071 601 604 4072 602 593 4073 590 581 4074 602 593 4075 603 594 4076 603 594 4077 604 607 4078 592 595 4079 592 595 4080 604 607 4081 605 596 4082 605 596 4083 606 610 4084 594 597 4085 594 597 4086 606 610 4087 607 598 4088 607 598 4089 608 613 4090 596 599 4091 596 599 4092 608 613 4093 609 600 4094 609 600 4095 610 601 4096 598 589 4097 610 601 4098 611 616 4099 599 602 4100 599 602 4101 611 616 4102 600 591 4103 612 603 4104 613 618 4105 601 604 4106 601 604 4107 613 618 4108 614 605 4109 602 593 4110 614 605 4111 615 606 4112 615 606 4113 616 608 4114 604 607 4115 616 608 4116 617 609 4117 605 596 4118 617 609 4119 618 623 4120 606 610 4121 606 610 4122 618 623 4123 619 611 4124 607 598 4125 619 611 4126 620 612 4127 608 613 4128 620 612 4129 621 614 4130 621 614 4131 622 615 4132 610 601 4133 622 615 4134 623 627 4135 611 616 4136 611 616 4137 623 627 4138 612 603 4139 612 603 4140 624 630 4141 625 617 4142 613 618 4143 625 617 4144 626 619 4145 614 605 4146 626 619 4147 627 620 4148 627 620 4149 628 633 4150 616 608 4151 616 608 4152 628 633 4153 629 621 4154 617 609 4155 629 621 4156 630 622 4157 630 622 4158 631 624 4159 619 611 4160 631 624 4161 632 637 4162 620 612 4163 620 612 4164 632 637 4165 633 625 4166 633 625 4167 634 626 4168 622 615 4169 634 626 4170 635 628 4171 623 627 4172 635 628 4173 624 630 4174 612 603 4175 636 629 4176 637 641 4177 625 617 4178 625 617 4179 637 641 4180 638 631 4181 626 619 4182 638 631 4183 639 632 4184 639 632 4185 640 634 4186 628 633 4187 640 634 4188 641 635 4189 629 621 4190 641 635 4191 642 646 4192 630 622 4193 630 622 4194 642 646 4195 643 636 4196 631 624 4197 643 636 4198 644 257 4199 632 637 4200 644 257 4201 645 638 4202 645 638 4203 646 639 4204 634 626 4205 646 639 4206 647 651 4207 635 628 4208 635 628 4209 647 651 4210 636 629 4211 648 640 4212 649 642 4213 637 641 4214 649 642 4215 650 653 4216 638 631 4217 638 631 4218 650 653 4219 651 643 4220 639 632 4221 651 643 4222 652 644 4223 640 634 4224 652 644 4225 653 645 4226 653 645 4227 654 657 4228 642 646 4229 642 646 4230 654 657 4231 655 647 4232 655 647 4233 656 648 4234 644 257 4235 656 648 4236 657 649 4237 645 638 4238 657 649 4239 658 661 4240 646 639 4241 646 639 4242 658 661 4243 659 650 4244 647 651 4245 659 650 4246 648 640 4247 648 640 4248 660 664 4249 661 652 4250 661 652 4251 662 654 4252 650 653 4253 662 654 4254 663 667 4255 651 643 4256 651 643 4257 663 667 4258 664 655 4259 664 655 4260 665 656 4261 653 645 4262 665 656 4263 666 670 4264 654 657 4265 654 657 4266 666 670 4267 667 658 4268 655 647 4269 667 658 4270 668 659 4271 668 659 4272 669 673 4273 657 649 4274 657 649 4275 669 673 4276 670 660 4277 658 661 4278 670 660 4279 671 662 4280 671 662 4281 660 664 4282 648 640 4283 672 663 4284 673 297 4285 661 652 4286 661 652 4287 673 297 4288 674 665 4289 662 654 4290 674 665 4291 675 666 4292 675 666 4293 676 668 4294 664 655 4295 676 668 4296 677 679 4297 665 656 4298 665 656 4299 677 679 4300 678 669 4301 678 669 4302 679 681 4303 667 658 4304 667 658 4305 679 681 4306 680 671 4307 668 659 4308 680 671 4309 681 672 4310 681 672 4311 682 674 4312 670 660 4313 682 674 4314 683 307 4315 671 662 4316 671 662 4317 683 307 4318 672 663 4319 672 663 4320 684 686 4321 685 675 4322 685 675 4323 686 676 4324 674 665 4325 686 676 4326 687 689 4327 675 666 4328 675 666 4329 687 689 4330 688 677 4331 676 668 4332 688 677 4333 689 678 4334 689 678 4335 690 692 4336 678 669 4337 678 669 4338 690 692 4339 691 680 4340 691 680 4341 692 682 4342 680 671 4343 692 682 4344 693 695 4345 681 672 4346 681 672 4347 693 695 4348 694 683 4349 682 674 4350 694 683 4351 695 684 4352 695 684 4353 684 686 4354 672 663 4355 696 685 4356 697 698 4357 685 675 4358 685 675 4359 697 698 4360 698 687 4361 686 676 4362 698 687 4363 699 688 4364 699 688 4365 700 701 4366 688 677 4367 688 677 4368 700 701 4369 701 690 4370 689 678 4371 701 690 4372 702 691 4373 702 691 4374 703 693 4375 691 680 4376 703 693 4377 704 705 4378 692 682 4379 692 682 4380 704 705 4381 705 694 4382 705 694 4383 706 696 4384 694 683 4385 706 696 4386 707 708 4387 695 684 4388 695 684 4389 707 708 4390 696 685 4391 696 685 4392 708 710 4393 709 697 4394 697 698 4395 709 697 4396 710 699 4397 710 699 4398 711 700 4399 699 688 4400 711 700 4401 712 702 4402 700 701 4403 712 702 4404 713 715 4405 701 690 4406 701 690 4407 713 715 4408 714 703 4409 714 703 4410 715 717 4411 703 693 4412 703 693 4413 715 717 4414 716 704 4415 704 705 4416 716 704 4417 717 706 4418 705 694 4419 717 706 4420 718 707 4421 718 707 4422 719 709 4423 707 708 4424 719 709 4425 708 710 4426 696 685 4427 708 710 4428 720 723 4429 721 711 4430 721 711 4431 722 712 4432 710 699 4433 722 712 4434 723 726 4435 711 700 4436 711 700 4437 723 726 4438 724 713 4439 712 702 4440 724 713 4441 725 714 4442 713 715 4443 725 714 4444 726 716 4445 726 716 4446 727 718 4447 715 717 4448 727 718 4449 728 719 4450 716 704 4451 728 719 4452 729 731 4453 717 706 4454 717 706 4455 729 731 4456 730 720 4457 718 707 4458 730 720 4459 731 721 4460 731 721 4461 720 723 4462 708 710 4463 732 722 4464 733 724 4465 721 711 4466 733 724 4467 734 725 4468 722 712 4469 734 725 4470 735 736 4471 723 726 4472 723 726 4473 735 736 4474 736 727 4475 736 727 4476 737 728 4477 725 714 4478 737 728 4479 738 740 4480 726 716 4481 726 716 4482 738 740 4483 739 729 4484 727 718 4485 739 729 4486 740 730 4487 740 730 4488 741 743 4489 729 731 4490 729 731 4491 741 743 4492 742 732 4493 730 720 4494 742 732 4495 743 733 4496 731 721 4497 743 733 4498 732 722 4499 732 722 4500 744 746 4501 745 734 4502 745 734 4503 746 735 4504 734 725 4505 746 735 4506 747 749 4507 735 736 4508 735 736 4509 747 749 4510 748 737 4511 736 727 4512 748 737 4513 749 738 4514 737 728 4515 749 738 4516 750 739 4517 750 739 4518 751 741 4519 739 729 4520 751 741 4521 752 742 4522 740 730 4523 752 742 4524 753 753 4525 741 743 4526 741 743 4527 753 753 4528 754 744 4529 742 732 4530 754 744 4531 755 745 4532 755 745 4533 744 746 4534 732 722 4535 744 746 4536 756 756 4537 757 747 4538 757 747 4539 758 748 4540 746 735 4541 758 748 4542 759 757 4543 747 749 4544 747 749 4545 759 757 4546 760 750 4547 760 750 4548 761 758 4549 749 738 4550 749 738 4551 761 758 4552 762 751 4553 762 751 4554 763 759 4555 751 741 4556 751 741 4557 763 759 4558 764 752 4559 764 752 4560 765 760 4561 753 753 4562 753 753 4563 765 760 4564 766 754 4565 754 744 4566 766 754 4567 767 755 4568 767 755 4569 756 756 4570 744 746 4571 756 756 4572 384 386 4573 385 385 4574 385 385 4575 386 388 4576 758 748 4577 758 748 4578 386 388 4579 387 389 4580 759 757 4581 387 389 4582 388 391 4583 388 391 4584 389 393 4585 761 758 4586 761 758 4587 389 393 4588 390 394 4589 390 394 4590 391 396 4591 763 759 4592 763 759 4593 391 396 4594 392 397 4595 392 397 4596 393 399 4597 765 760 4598 393 399 4599 394 401 4600 766 754 4601 766 754 4602 394 401 4603 395 402 4604 395 402 4605 384 386 4606 756 756 4607</p>
        </triangles>
      </mesh>
    </geometry>
  </library_geometries>
  <library_controllers>
    <controller id="GanondorfRig_GanondorfEarrings-skin" name="GanondorfRig">
      <skin source="#GanondorfEarrings-mesh">
        <bind_shape_matrix>1 0 0 0 0 1 0 0 0 0 1 0 0 0 0 1</bind_shape_matrix>
        <source id="GanondorfRig_GanondorfEarrings-skin-joints">
          <Name_array id="GanondorfRig_GanondorfEarrings-skin-joints-array" count="1">mHead</Name_array>
          <technique_common>
            <accessor source="#GanondorfRig_GanondorfEarrings-skin-joints-array" count="1" stride="1">
              <param name="JOINT" type="name"/>
            </accessor>
          </technique_common>
        </source>
        <source id="GanondorfRig_GanondorfEarrings-skin-bind_poses">
          <float_array id="GanondorfRig_GanondorfEarrings-skin-bind_poses-array" count="16">1 0 0 0.02499997 0 1 0 0 0 0 1 -1.683 0 0 0 1</float_array>
          <technique_common>
            <accessor source="#GanondorfRig_GanondorfEarrings-skin-bind_poses-array" count="1" stride="16">
              <param name="TRANSFORM" type="float4x4"/>
            </accessor>
          </technique_common>
        </source>
        <source id="GanondorfRig_GanondorfEarrings-skin-weights">
          <float_array id="GanondorfRig_GanondorfEarrings-skin-weights-array" count="768">1 1 1 1 1 1 1 1 1 1 1 1 1 1 1 1 1 1 1 1 1 1 1 1 1 1 1 1 1 1 1 1 1 1 1 1 1 1 1 1 1 1 1 1 1 1 1 1 1 1 1 1 1 1 1 1 1 1 1 1 1 1 1 1 1 1 1 1 1 1 1 1 1 1 1 1 1 1 1 1 1 1 1 1 1 1 1 1 1 1 1 1 1 1 1 1 1 1 1 1 1 1 1 1 1 1 1 1 1 1 1 1 1 1 1 1 1 1 1 1 1 1 1 1 1 1 1 1 1 1 1 1 1 1 1 1 1 1 1 1 1 1 1 1 1 1 1 1 1 1 1 1 1 1 1 1 1 1 1 1 1 1 1 1 1 1 1 1 1 1 1 1 1 1 1 1 1 1 1 1 1 1 1 1 1 1 1 1 1 1 1 1 1 1 1 1 1 1 1 1 1 1 1 1 1 1 1 1 1 1 1 1 1 1 1 1 1 1 1 1 1 1 1 1 1 1 1 1 1 1 1 1 1 1 1 1 1 1 1 1 1 1 1 1 1 1 1 1 1 1 1 1 1 1 1 1 1 1 1 1 1 1 1 1 1 1 1 1 1 1 1 1 1 1 1 1 1 1 1 1 1 1 1 1 1 1 1 1 1 1 1 1 1 1 1 1 1 1 1 1 1 1 1 1 1 1 1 1 1 1 1 1 1 1 1 1 1 1 1 1 1 1 1 1 1 1 1 1 1 1 1 1 1 1 1 1 1 1 1 1 1 1 1 1 1 1 1 1 1 1 1 1 1 1 1 1 1 1 1 1 1 1 1 1 1 1 1 1 1 1 1 1 1 1 1 1 1 1 1 1 1 1 1 1 1 1 1 1 1 1 1 1 1 1 1 1 1 1 1 1 1 1 1 1 1 1 1 1 1 1 1 1 1 1 1 1 1 1 1 1 1 1 1 1 1 1 1 1 1 1 1 1 1 1 1 1 1 1 1 1 1 1 1 1 1 1 1 1 1 1 1 1 1 1 1 1 1 1 1 1 1 1 1 1 1 1 1 1 1 1 1 1 1 1 1 1 1 1 1 1 1 1 1 1 1 1 1 1 1 1 1 1 1 1 1 1 1 1 1 1 1 1 1 1 1 1 1 1 1 1 1 1 1 1 1 1 1 1 1 1 1 1 1 1 1 1 1 1 1 1 1 1 1 1 1 1 1 1 1 1 1 1 1 1 1 1 1 1 1 1 1 1 1 1 1 1 1 1 1 1 1 1 1 1 1 1 1 1 1 1 1 1 1 1 1 1 1 1 1 1 1 1 1 1 1 1 1 1 1 1 1 1 1 1 1 1 1 1 1 1 1 1 1 1 1 1 1 1 1 1 1 1 1 1 1 1 1 1 1 1 1 1 1 1 1 1 1 1 1 1 1 1 1 1 1 1 1 1 1 1 1 1 1 1 1 1 1 1 1 1 1 1 1 1 1 1 1 1 1 1 1 1 1 1 1 1 1 1 1 1 1 1 1 1 1 1 1 1 1 1 1 1 1 1 1 1 1 1 1 1 1 1 1 1 1 1 1 1 1 1 1 1 1 1 1 1 1 1 1 1 1 1 1 1 1 1 1 1 1 1 1 1 1 1 1 1 1 1 1 1 1 1 1 1 1 1 1 1 1 1 1 1 1 1 1 1 1 1 1 1 1 1 1 1 1 1 1 1 1 1 1 1 1 1 1 1 1 1</float_array>
          <technique_common>
            <accessor source="#GanondorfRig_GanondorfEarrings-skin-weights-array" count="768" stride="1">
              <param name="WEIGHT" type="float"/>
            </accessor>
          </technique_common>
        </source>
        <joints>
          <input semantic="JOINT" source="#GanondorfRig_GanondorfEarrings-skin-joints"/>
          <input semantic="INV_BIND_MATRIX" source="#GanondorfRig_GanondorfEarrings-skin-bind_poses"/>
        </joints>
        <vertex_weights count="768">
          <input semantic="JOINT" source="#GanondorfRig_GanondorfEarrings-skin-joints" offset="0"/>
          <input semantic="WEIGHT" source="#GanondorfRig_GanondorfEarrings-skin-weights" offset="1"/>
          <vcount>1 1 1 1 1 1 1 1 1 1 1 1 1 1 1 1 1 1 1 1 1 1 1 1 1 1 1 1 1 1 1 1 1 1 1 1 1 1 1 1 1 1 1 1 1 1 1 1 1 1 1 1 1 1 1 1 1 1 1 1 1 1 1 1 1 1 1 1 1 1 1 1 1 1 1 1 1 1 1 1 1 1 1 1 1 1 1 1 1 1 1 1 1 1 1 1 1 1 1 1 1 1 1 1 1 1 1 1 1 1 1 1 1 1 1 1 1 1 1 1 1 1 1 1 1 1 1 1 1 1 1 1 1 1 1 1 1 1 1 1 1 1 1 1 1 1 1 1 1 1 1 1 1 1 1 1 1 1 1 1 1 1 1 1 1 1 1 1 1 1 1 1 1 1 1 1 1 1 1 1 1 1 1 1 1 1 1 1 1 1 1 1 1 1 1 1 1 1 1 1 1 1 1 1 1 1 1 1 1 1 1 1 1 1 1 1 1 1 1 1 1 1 1 1 1 1 1 1 1 1 1 1 1 1 1 1 1 1 1 1 1 1 1 1 1 1 1 1 1 1 1 1 1 1 1 1 1 1 1 1 1 1 1 1 1 1 1 1 1 1 1 1 1 1 1 1 1 1 1 1 1 1 1 1 1 1 1 1 1 1 1 1 1 1 1 1 1 1 1 1 1 1 1 1 1 1 1 1 1 1 1 1 1 1 1 1 1 1 1 1 1 1 1 1 1 1 1 1 1 1 1 1 1 1 1 1 1 1 1 1 1 1 1 1 1 1 1 1 1 1 1 1 1 1 1 1 1 1 1 1 1 1 1 1 1 1 1 1 1 1 1 1 1 1 1 1 1 1 1 1 1 1 1 1 1 1 1 1 1 1 1 1 1 1 1 1 1 1 1 1 1 1 1 1 1 1 1 1 1 1 1 1 1 1 1 1 1 1 1 1 1 1 1 1 1 1 1 1 1 1 1 1 1 1 1 1 1 1 1 1 1 1 1 1 1 1 1 1 1 1 1 1 1 1 1 1 1 1 1 1 1 1 1 1 1 1 1 1 1 1 1 1 1 1 1 1 1 1 1 1 1 1 1 1 1 1 1 1 1 1 1 1 1 1 1 1 1 1 1 1 1 1 1 1 1 1 1 1 1 1 1 1 1 1 1 1 1 1 1 1 1 1 1 1 1 1 1 1 1 1 1 1 1 1 1 1 1 1 1 1 1 1 1 1 1 1 1 1 1 1 1 1 1 1 1 1 1 1 1 1 1 1 1 1 1 1 1 1 1 1 1 1 1 1 1 1 1 1 1 1 1 1 1 1 1 1 1 1 1 1 1 1 1 1 1 1 1 1 1 1 1 1 1 1 1 1 1 1 1 1 1 1 1 1 1 1 1 1 1 1 1 1 1 1 1 1 1 1 1 1 1 1 1 1 1 1 1 1 1 1 1 1 1 1 1 1 1 1 1 1 1 1 1 1 1 1 1 1 1 1 1 1 1 1 1 1 1 1 1 1 1 1 1 1 1 1 1 1 1 1 1 1 1 1 1 1 1 1 1 1 1 1 1 1 1 1 1 1 1 1 1 1 1 1 1 1 1 1 1 1 1 1 1 1 1 1 1 1 1 1 1 1 1 1 1 1 1 1 1 1 1 1 1 1 1 1 1 1 1 1 1 1 1 1 1 1 1 1 1 1 1 1 1 1 1 1 1 1 1 1 1 1 1 1 1 1 1 1 </vcount>
          <v>0 0 0 1 0 2 0 3 0 4 0 5 0 6 0 7 0 8 0 9 0 10 0 11 0 12 0 13 0 14 0 15 0 16 0 17 0 18 0 19 0 20 0 21 0 22 0 23 0 24 0 25 0 26 0 27 0 28 0 29 0 30 0 31 0 32 0 33 0 34 0 35 0 36 0 37 0 38 0 39 0 40 0 41 0 42 0 43 0 44 0 45 0 46 0 47 0 48 0 49 0 50 0 51 0 52 0 53 0 54 0 55 0 56 0 57 0 58 0 59 0 60 0 61 0 62 0 63 0 64 0 65 0 66 0 67 0 68 0 69 0 70 0 71 0 72 0 73 0 74 0 75 0 76 0 77 0 78 0 79 0 80 0 81 0 82 0 83 0 84 0 85 0 86 0 87 0 88 0 89 0 90 0 91 0 92 0 93 0 94 0 95 0 96 0 97 0 98 0 99 0 100 0 101 0 102 0 103 0 104 0 105 0 106 0 107 0 108 0 109 0 110 0 111 0 112 0 113 0 114 0 115 0 116 0 117 0 118 0 119 0 120 0 121 0 122 0 123 0 124 0 125 0 126 0 127 0 128 0 129 0 130 0 131 0 132 0 133 0 134 0 135 0 136 0 137 0 138 0 139 0 140 0 141 0 142 0 143 0 144 0 145 0 146 0 147 0 148 0 149 0 150 0 151 0 152 0 153 0 154 0 155 0 156 0 157 0 158 0 159 0 160 0 161 0 162 0 163 0 164 0 165 0 166 0 167 0 168 0 169 0 170 0 171 0 172 0 173 0 174 0 175 0 176 0 177 0 178 0 179 0 180 0 181 0 182 0 183 0 184 0 185 0 186 0 187 0 188 0 189 0 190 0 191 0 192 0 193 0 194 0 195 0 196 0 197 0 198 0 199 0 200 0 201 0 202 0 203 0 204 0 205 0 206 0 207 0 208 0 209 0 210 0 211 0 212 0 213 0 214 0 215 0 216 0 217 0 218 0 219 0 220 0 221 0 222 0 223 0 224 0 225 0 226 0 227 0 228 0 229 0 230 0 231 0 232 0 233 0 234 0 235 0 236 0 237 0 238 0 239 0 240 0 241 0 242 0 243 0 244 0 245 0 246 0 247 0 248 0 249 0 250 0 251 0 252 0 253 0 254 0 255 0 256 0 257 0 258 0 259 0 260 0 261 0 262 0 263 0 264 0 265 0 266 0 267 0 268 0 269 0 270 0 271 0 272 0 273 0 274 0 275 0 276 0 277 0 278 0 279 0 280 0 281 0 282 0 283 0 284 0 285 0 286 0 287 0 288 0 289 0 290 0 291 0 292 0 293 0 294 0 295 0 296 0 297 0 298 0 299 0 300 0 301 0 302 0 303 0 304 0 305 0 306 0 307 0 308 0 309 0 310 0 311 0 312 0 313 0 314 0 315 0 316 0 317 0 318 0 319 0 320 0 321 0 322 0 323 0 324 0 325 0 326 0 327 0 328 0 329 0 330 0 331 0 332 0 333 0 334 0 335 0 336 0 337 0 338 0 339 0 340 0 341 0 342 0 343 0 344 0 345 0 346 0 347 0 348 0 349 0 350 0 351 0 352 0 353 0 354 0 355 0 356 0 357 0 358 0 359 0 360 0 361 0 362 0 363 0 364 0 365 0 366 0 367 0 368 0 369 0 370 0 371 0 372 0 373 0 374 0 375 0 376 0 377 0 378 0 379 0 380 0 381 0 382 0 383 0 384 0 385 0 386 0 387 0 388 0 389 0 390 0 391 0 392 0 393 0 394 0 395 0 396 0 397 0 398 0 399 0 400 0 401 0 402 0 403 0 404 0 405 0 406 0 407 0 408 0 409 0 410 0 411 0 412 0 413 0 414 0 415 0 416 0 417 0 418 0 419 0 420 0 421 0 422 0 423 0 424 0 425 0 426 0 427 0 428 0 429 0 430 0 431 0 432 0 433 0 434 0 435 0 436 0 437 0 438 0 439 0 440 0 441 0 442 0 443 0 444 0 445 0 446 0 447 0 448 0 449 0 450 0 451 0 452 0 453 0 454 0 455 0 456 0 457 0 458 0 459 0 460 0 461 0 462 0 463 0 464 0 465 0 466 0 467 0 468 0 469 0 470 0 471 0 472 0 473 0 474 0 475 0 476 0 477 0 478 0 479 0 480 0 481 0 482 0 483 0 484 0 485 0 486 0 487 0 488 0 489 0 490 0 491 0 492 0 493 0 494 0 495 0 496 0 497 0 498 0 499 0 500 0 501 0 502 0 503 0 504 0 505 0 506 0 507 0 508 0 509 0 510 0 511 0 512 0 513 0 514 0 515 0 516 0 517 0 518 0 519 0 520 0 521 0 522 0 523 0 524 0 525 0 526 0 527 0 528 0 529 0 530 0 531 0 532 0 533 0 534 0 535 0 536 0 537 0 538 0 539 0 540 0 541 0 542 0 543 0 544 0 545 0 546 0 547 0 548 0 549 0 550 0 551 0 552 0 553 0 554 0 555 0 556 0 557 0 558 0 559 0 560 0 561 0 562 0 563 0 564 0 565 0 566 0 567 0 568 0 569 0 570 0 571 0 572 0 573 0 574 0 575 0 576 0 577 0 578 0 579 0 580 0 581 0 582 0 583 0 584 0 585 0 586 0 587 0 588 0 589 0 590 0 591 0 592 0 593 0 594 0 595 0 596 0 597 0 598 0 599 0 600 0 601 0 602 0 603 0 604 0 605 0 606 0 607 0 608 0 609 0 610 0 611 0 612 0 613 0 614 0 615 0 616 0 617 0 618 0 619 0 620 0 621 0 622 0 623 0 624 0 625 0 626 0 627 0 628 0 629 0 630 0 631 0 632 0 633 0 634 0 635 0 636 0 637 0 638 0 639 0 640 0 641 0 642 0 643 0 644 0 645 0 646 0 647 0 648 0 649 0 650 0 651 0 652 0 653 0 654 0 655 0 656 0 657 0 658 0 659 0 660 0 661 0 662 0 663 0 664 0 665 0 666 0 667 0 668 0 669 0 670 0 671 0 672 0 673 0 674 0 675 0 676 0 677 0 678 0 679 0 680 0 681 0 682 0 683 0 684 0 685 0 686 0 687 0 688 0 689 0 690 0 691 0 692 0 693 0 694 0 695 0 696 0 697 0 698 0 699 0 700 0 701 0 702 0 703 0 704 0 705 0 706 0 707 0 708 0 709 0 710 0 711 0 712 0 713 0 714 0 715 0 716 0 717 0 718 0 719 0 720 0 721 0 722 0 723 0 724 0 725 0 726 0 727 0 728 0 729 0 730 0 731 0 732 0 733 0 734 0 735 0 736 0 737 0 738 0 739 0 740 0 741 0 742 0 743 0 744 0 745 0 746 0 747 0 748 0 749 0 750 0 751 0 752 0 753 0 754 0 755 0 756 0 757 0 758 0 759 0 760 0 761 0 762 0 763 0 764 0 765 0 766 0 767</v>
        </vertex_weights>
      </skin>
    </controller>
  </library_controllers>
  <library_visual_scenes>
    <visual_scene id="Scene" name="Scene">
      <node id="GanondorfRig" name="GanondorfRig" type="NODE">
        <matrix sid="transform">1 0 0 0 0 1 0 0 0 0 1 0 0 0 0 1</matrix>
        <node id="GanondorfRig_mPelvis" name="mPelvis" sid="mPelvis" type="JOINT">
          <matrix sid="transform">1 0 0 0 0 1 0 0 0 0 1 1.067 0 0 0 1</matrix>
          <node id="GanondorfRig_PELVIS" name="PELVIS" sid="PELVIS" type="JOINT">
            <matrix sid="transform">1 0 0 -0.01 0 1 0 0 0 0 1 -0.01999998 0 0 0 1</matrix>
            <extra>
              <technique profile="blender">
                <layer sid="layer" type="string">0</layer>
                <roll sid="roll" type="float">0.1396263</roll>
                <tip_x sid="tip_x" type="float">0</tip_x>
                <tip_y sid="tip_y" type="float">0.02999997</tip_y>
                <tip_z sid="tip_z" type="float">0</tip_z>
              </technique>
            </extra>
          </node>
          <node id="GanondorfRig_BUTT" name="BUTT" sid="BUTT" type="JOINT">
            <matrix sid="transform">1 0 0 -0.06 0 1 0 0 0 0 1 -0.1 0 0 0 1</matrix>
            <extra>
              <technique profile="blender">
                <layer sid="layer" type="string">0</layer>
                <tip_x sid="tip_x" type="float">0</tip_x>
                <tip_y sid="tip_y" type="float">0.02999997</tip_y>
                <tip_z sid="tip_z" type="float">0</tip_z>
              </technique>
            </extra>
          </node>
          <node id="GanondorfRig_mSpine1" name="mSpine1" sid="mSpine1" type="JOINT">
            <matrix sid="transform">1 0 0 0 0 1 0 0 0 0 1 0.08399999 0 0 0 1</matrix>
            <node id="GanondorfRig_mSpine2" name="mSpine2" sid="mSpine2" type="JOINT">
              <matrix sid="transform">1 0 0 0 0 1 0 0 0 0 1 -0.08399999 0 0 0 1</matrix>
              <node id="GanondorfRig_mTorso" name="mTorso" sid="mTorso" type="JOINT">
                <matrix sid="transform">1 0 0 0 0 1 0 0 0 0 1 0.08399999 0 0 0 1</matrix>
                <node id="GanondorfRig_BELLY" name="BELLY" sid="BELLY" type="JOINT">
                  <matrix sid="transform">1 0 0 0.028 0 1 0 0 0 0 1 0.03999996 0 0 0 1</matrix>
                  <extra>
                    <technique profile="blender">
                      <layer sid="layer" type="string">0</layer>
                      <roll sid="roll" type="float">0.1396263</roll>
                      <tip_x sid="tip_x" type="float">0</tip_x>
                      <tip_y sid="tip_y" type="float">0.02999997</tip_y>
                      <tip_z sid="tip_z" type="float">0</tip_z>
                    </technique>
                  </extra>
                </node>
                <node id="GanondorfRig_LEFT_HANDLE" name="LEFT_HANDLE" sid="LEFT_HANDLE" type="JOINT">
                  <matrix sid="transform">1 0 0 0 0 1 0 0.1 0 0 1 0.05799997 0 0 0 1</matrix>
                  <extra>
                    <technique profile="blender">
                      <layer sid="layer" type="string">0</layer>
                      <tip_x sid="tip_x" type="float">0</tip_x>
                      <tip_y sid="tip_y" type="float">0.02999997</tip_y>
                      <tip_z sid="tip_z" type="float">0</tip_z>
                    </technique>
                  </extra>
                </node>
                <node id="GanondorfRig_RIGHT_HANDLE" name="RIGHT_HANDLE" sid="RIGHT_HANDLE" type="JOINT">
                  <matrix sid="transform">1 0 0 0 0 1 0 -0.09999999 0 0 1 0.05799997 0 0 0 1</matrix>
                  <extra>
                    <technique profile="blender">
                      <layer sid="layer" type="string">0</layer>
                      <tip_x sid="tip_x" type="float">0</tip_x>
                      <tip_y sid="tip_y" type="float">0.02999997</tip_y>
                      <tip_z sid="tip_z" type="float">0</tip_z>
                    </technique>
                  </extra>
                </node>
                <node id="GanondorfRig_LOWER_BACK" name="LOWER_BACK" sid="LOWER_BACK" type="JOINT">
                  <matrix sid="transform">1 0 0 0 0 1 0 0 0 0 1 0.023 0 0 0 1</matrix>
                  <extra>
                    <technique profile="blender">
                      <layer sid="layer" type="string">0</layer>
                      <tip_x sid="tip_x" type="float">0</tip_x>
                      <tip_y sid="tip_y" type="float">0.02999997</tip_y>
                      <tip_z sid="tip_z" type="float">0</tip_z>
                    </technique>
                  </extra>
                </node>
                <node id="GanondorfRig_mSpine3" name="mSpine3" sid="mSpine3" type="JOINT">
                  <matrix sid="transform">1 0 0 -0.015 0 1 0 0 0 0 1 0.2049999 0 0 0 1</matrix>
                  <node id="GanondorfRig_mSpine4" name="mSpine4" sid="mSpine4" type="JOINT">
                    <matrix sid="transform">1 0 0 0.015 0 1 0 0 0 0 1 -0.2049999 0 0 0 1</matrix>
                    <node id="GanondorfRig_mChest" name="mChest" sid="mChest" type="JOINT">
                      <matrix sid="transform">1 0 0 -0.015 0 1 0 0 0 0 1 0.2049999 0 0 0 1</matrix>
                      <node id="GanondorfRig_CHEST" name="CHEST" sid="CHEST" type="JOINT">
                        <matrix sid="transform">1 0 -1.49012e-8 0.028 0 1 0 0 1.49012e-8 0 1 0.07000005 0 0 0 1</matrix>
                        <extra>
                          <technique profile="blender">
                            <layer sid="layer" type="string">0</layer>
                            <roll sid="roll" type="float">-0.1745329</roll>
                            <tip_x sid="tip_x" type="float">0</tip_x>
                            <tip_y sid="tip_y" type="float">0.02999997</tip_y>
                            <tip_z sid="tip_z" type="float">0</tip_z>
                          </technique>
                        </extra>
                      </node>
                      <node id="GanondorfRig_LEFT_PEC" name="LEFT_PEC" sid="LEFT_PEC" type="JOINT">
                        <matrix sid="transform">1 0 0 0.119 0 1 0 0.082 0 0 1 0.04200006 0 0 0 1</matrix>
                        <extra>
                          <technique profile="blender">
                            <layer sid="layer" type="string">0</layer>
                            <roll sid="roll" type="float">0.07487457</roll>
                            <tip_x sid="tip_x" type="float">0</tip_x>
                            <tip_y sid="tip_y" type="float">0.02999997</tip_y>
                            <tip_z sid="tip_z" type="float">0</tip_z>
                          </technique>
                        </extra>
                      </node>
                      <node id="GanondorfRig_RIGHT_PEC" name="RIGHT_PEC" sid="RIGHT_PEC" type="JOINT">
                        <matrix sid="transform">1 0 0 0.119 0 1 0 -0.082 0 0 1 0.04200006 0 0 0 1</matrix>
                        <extra>
                          <technique profile="blender">
                            <layer sid="layer" type="string">0</layer>
                            <roll sid="roll" type="float">0.07487457</roll>
                            <tip_x sid="tip_x" type="float">0</tip_x>
                            <tip_y sid="tip_y" type="float">0.02999997</tip_y>
                            <tip_z sid="tip_z" type="float">0</tip_z>
                          </technique>
                        </extra>
                      </node>
                      <node id="GanondorfRig_UPPER_BACK" name="UPPER_BACK" sid="UPPER_BACK" type="JOINT">
                        <matrix sid="transform">1 0 0 0 0 1 0 0 0 0 1 0.01700008 0 0 0 1</matrix>
                        <extra>
                          <technique profile="blender">
                            <layer sid="layer" type="string">0</layer>
                            <tip_x sid="tip_x" type="float">0</tip_x>
                            <tip_y sid="tip_y" type="float">0.02999997</tip_y>
                            <tip_z sid="tip_z" type="float">0</tip_z>
                          </technique>
                        </extra>
                      </node>
                      <node id="GanondorfRig_mNeck" name="mNeck" sid="mNeck" type="JOINT">
                        <matrix sid="transform">1 0 0 -0.01 0 1 0 0 0 0 1 0.251 0 0 0 1</matrix>
                        <node id="GanondorfRig_NECK" name="NECK" sid="NECK" type="JOINT">
                          <matrix sid="transform">1 0 0 0 0 1 0 0 0 0 1 0.01999998 0 0 0 1</matrix>
                          <extra>
                            <technique profile="blender">
                              <layer sid="layer" type="string">0</layer>
                              <tip_x sid="tip_x" type="float">0</tip_x>
                              <tip_y sid="tip_y" type="float">0.02999997</tip_y>
                              <tip_z sid="tip_z" type="float">0</tip_z>
                            </technique>
                          </extra>
                        </node>
                        <node id="GanondorfRig_mHead" name="mHead" sid="mHead" type="JOINT">
                          <matrix sid="transform">1 0 0 0 0 1 0 0 0 0 1 0.07599998 0 0 0 1</matrix>
                          <node id="GanondorfRig_HEAD" name="HEAD" sid="HEAD" type="JOINT">
                            <matrix sid="transform">1 0 0 0.02 0 1 0 0 0 0 1 0.07000005 0 0 0 1</matrix>
                            <extra>
                              <technique profile="blender">
                                <layer sid="layer" type="string">0</layer>
                                <tip_x sid="tip_x" type="float">0</tip_x>
                                <tip_y sid="tip_y" type="float">0.02999997</tip_y>
                                <tip_z sid="tip_z" type="float">0</tip_z>
                              </technique>
                            </extra>
                          </node>
                          <node id="GanondorfRig_mSkull" name="mSkull" sid="mSkull" type="JOINT">
                            <matrix sid="transform">1 0 0 0 0 1 0 0 0 0 1 0.079 0 0 0 1</matrix>
                            <extra>
                              <technique profile="blender">
                                <layer sid="layer" type="string">0</layer>
                                <tip_x sid="tip_x" type="float">0</tip_x>
                                <tip_y sid="tip_y" type="float">0.02999997</tip_y>
                                <tip_z sid="tip_z" type="float">0</tip_z>
                              </technique>
                            </extra>
                          </node>
                          <node id="GanondorfRig_mEyeRight" name="mEyeRight" sid="mEyeRight" type="JOINT">
                            <matrix sid="transform">1 0 0 0.098 0 1 0 -0.036 0 0 1 0.079 0 0 0 1</matrix>
                            <extra>
                              <technique profile="blender">
                                <layer sid="layer" type="string">0</layer>
                                <tip_x sid="tip_x" type="float">0</tip_x>
                                <tip_y sid="tip_y" type="float">0.02999997</tip_y>
                                <tip_z sid="tip_z" type="float">0</tip_z>
                              </technique>
                            </extra>
                          </node>
                          <node id="GanondorfRig_mEyeLeft" name="mEyeLeft" sid="mEyeLeft" type="JOINT">
                            <matrix sid="transform">1 0 0 0.098 0 1 0 0.036 0 0 1 0.079 0 0 0 1</matrix>
                            <extra>
                              <technique profile="blender">
                                <layer sid="layer" type="string">0</layer>
                                <tip_x sid="tip_x" type="float">0</tip_x>
                                <tip_y sid="tip_y" type="float">0.02999997</tip_y>
                                <tip_z sid="tip_z" type="float">0</tip_z>
                              </technique>
                            </extra>
                          </node>
                          <node id="GanondorfRig_mFaceRoot" name="mFaceRoot" sid="mFaceRoot" type="JOINT">
                            <matrix sid="transform">1 0 0 0.025 0 1 0 0 0 0 1 0.04500008 0 0 0 1</matrix>
                            <node id="GanondorfRig_mFaceEyeAltRight" name="mFaceEyeAltRight" sid="mFaceEyeAltRight" type="JOINT">
                              <matrix sid="transform">1 0 0 0.073 0 1 0 -0.036 0 0 1 0.03399992 0 0 0 1</matrix>
                              <extra>
                                <technique profile="blender">
                                  <layer sid="layer" type="string">0</layer>
                                  <tip_x sid="tip_x" type="float">0</tip_x>
                                  <tip_y sid="tip_y" type="float">0.02999997</tip_y>
                                  <tip_z sid="tip_z" type="float">0</tip_z>
                                </technique>
                              </extra>
                            </node>
                            <node id="GanondorfRig_mFaceEyeAltLeft" name="mFaceEyeAltLeft" sid="mFaceEyeAltLeft" type="JOINT">
                              <matrix sid="transform">1 0 0 0.073 0 1 0 0.036 0 0 1 0.03399992 0 0 0 1</matrix>
                              <extra>
                                <technique profile="blender">
                                  <layer sid="layer" type="string">0</layer>
                                  <tip_x sid="tip_x" type="float">0</tip_x>
                                  <tip_y sid="tip_y" type="float">0.02999997</tip_y>
                                  <tip_z sid="tip_z" type="float">0</tip_z>
                                </technique>
                              </extra>
                            </node>
                            <node id="GanondorfRig_mFaceForeheadLeft" name="mFaceForeheadLeft" sid="mFaceForeheadLeft" type="JOINT">
                              <matrix sid="transform">1 0 0 0.061 0 1 0 0.035 0 0 1 0.08299994 0 0 0 1</matrix>
                              <extra>
                                <technique profile="blender">
                                  <layer sid="layer" type="string">0</layer>
                                  <tip_x sid="tip_x" type="float">0</tip_x>
                                  <tip_y sid="tip_y" type="float">0.02999997</tip_y>
                                  <tip_z sid="tip_z" type="float">0</tip_z>
                                </technique>
                              </extra>
                            </node>
                            <node id="GanondorfRig_mFaceForeheadRight" name="mFaceForeheadRight" sid="mFaceForeheadRight" type="JOINT">
                              <matrix sid="transform">1 0 0 0.061 0 1 0 -0.035 0 0 1 0.08299994 0 0 0 1</matrix>
                              <extra>
                                <technique profile="blender">
                                  <layer sid="layer" type="string">0</layer>
                                  <tip_x sid="tip_x" type="float">0</tip_x>
                                  <tip_y sid="tip_y" type="float">0.02999997</tip_y>
                                  <tip_z sid="tip_z" type="float">0</tip_z>
                                </technique>
                              </extra>
                            </node>
                            <node id="GanondorfRig_mFaceEyebrowOuterLeft" name="mFaceEyebrowOuterLeft" sid="mFaceEyebrowOuterLeft" type="JOINT">
                              <matrix sid="transform">1 0 0 0.064 0 1 0 0.051 0 0 1 0.04799998 0 0 0 1</matrix>
                              <extra>
                                <technique profile="blender">
                                  <layer sid="layer" type="string">0</layer>
                                  <tip_x sid="tip_x" type="float">0</tip_x>
                                  <tip_y sid="tip_y" type="float">0.02999997</tip_y>
                                  <tip_z sid="tip_z" type="float">0</tip_z>
                                </technique>
                              </extra>
                            </node>
                            <node id="GanondorfRig_mFaceEyebrowCenterLeft" name="mFaceEyebrowCenterLeft" sid="mFaceEyebrowCenterLeft" type="JOINT">
                              <matrix sid="transform">1 0 0 0.07 0 1 0 0.043 0 0 1 0.05599999 0 0 0 1</matrix>
                              <extra>
                                <technique profile="blender">
                                  <layer sid="layer" type="string">0</layer>
                                  <tip_x sid="tip_x" type="float">0</tip_x>
                                  <tip_y sid="tip_y" type="float">0.02999997</tip_y>
                                  <tip_z sid="tip_z" type="float">0</tip_z>
                                </technique>
                              </extra>
                            </node>
                            <node id="GanondorfRig_mFaceEyebrowInnerLeft" name="mFaceEyebrowInnerLeft" sid="mFaceEyebrowInnerLeft" type="JOINT">
                              <matrix sid="transform">1 0 0 0.075 0 1 0 0.022 0 0 1 0.051 0 0 0 1</matrix>
                              <extra>
                                <technique profile="blender">
                                  <layer sid="layer" type="string">0</layer>
                                  <tip_x sid="tip_x" type="float">0</tip_x>
                                  <tip_y sid="tip_y" type="float">0.02999997</tip_y>
                                  <tip_z sid="tip_z" type="float">0</tip_z>
                                </technique>
                              </extra>
                            </node>
                            <node id="GanondorfRig_mFaceEyebrowOuterRight" name="mFaceEyebrowOuterRight" sid="mFaceEyebrowOuterRight" type="JOINT">
                              <matrix sid="transform">1 0 0 0.064 0 1 0 -0.051 0 0 1 0.04799998 0 0 0 1</matrix>
                              <extra>
                                <technique profile="blender">
                                  <layer sid="layer" type="string">0</layer>
                                  <tip_x sid="tip_x" type="float">0</tip_x>
                                  <tip_y sid="tip_y" type="float">0.02999997</tip_y>
                                  <tip_z sid="tip_z" type="float">0</tip_z>
                                </technique>
                              </extra>
                            </node>
                            <node id="GanondorfRig_mFaceEyebrowCenterRight" name="mFaceEyebrowCenterRight" sid="mFaceEyebrowCenterRight" type="JOINT">
                              <matrix sid="transform">1 0 0 0.07 0 1 0 -0.043 0 0 1 0.05599999 0 0 0 1</matrix>
                              <extra>
                                <technique profile="blender">
                                  <layer sid="layer" type="string">0</layer>
                                  <tip_x sid="tip_x" type="float">0</tip_x>
                                  <tip_y sid="tip_y" type="float">0.02999997</tip_y>
                                  <tip_z sid="tip_z" type="float">0</tip_z>
                                </technique>
                              </extra>
                            </node>
                            <node id="GanondorfRig_mFaceEyebrowInnerRight" name="mFaceEyebrowInnerRight" sid="mFaceEyebrowInnerRight" type="JOINT">
                              <matrix sid="transform">1 0 0 0.075 0 1 0 -0.022 0 0 1 0.051 0 0 0 1</matrix>
                              <extra>
                                <technique profile="blender">
                                  <layer sid="layer" type="string">0</layer>
                                  <tip_x sid="tip_x" type="float">0</tip_x>
                                  <tip_y sid="tip_y" type="float">0.02999997</tip_y>
                                  <tip_z sid="tip_z" type="float">0</tip_z>
                                </technique>
                              </extra>
                            </node>
                            <node id="GanondorfRig_mFaceEyeLidUpperLeft" name="mFaceEyeLidUpperLeft" sid="mFaceEyeLidUpperLeft" type="JOINT">
                              <matrix sid="transform">1 0 0 0.073 0 1 0 0.036 0 0 1 0.03399992 0 0 0 1</matrix>
                              <extra>
                                <technique profile="blender">
                                  <layer sid="layer" type="string">0</layer>
                                  <tip_x sid="tip_x" type="float">0</tip_x>
                                  <tip_y sid="tip_y" type="float">0.02999997</tip_y>
                                  <tip_z sid="tip_z" type="float">0</tip_z>
                                </technique>
                              </extra>
                            </node>
                            <node id="GanondorfRig_mFaceEyeLidLowerLeft" name="mFaceEyeLidLowerLeft" sid="mFaceEyeLidLowerLeft" type="JOINT">
                              <matrix sid="transform">1 0 0 0.073 0 1 0 0.036 0 0 1 0.03399992 0 0 0 1</matrix>
                              <extra>
                                <technique profile="blender">
                                  <layer sid="layer" type="string">0</layer>
                                  <tip_x sid="tip_x" type="float">0</tip_x>
                                  <tip_y sid="tip_y" type="float">0.02999997</tip_y>
                                  <tip_z sid="tip_z" type="float">0</tip_z>
                                </technique>
                              </extra>
                            </node>
                            <node id="GanondorfRig_mFaceEyeLidUpperRight" name="mFaceEyeLidUpperRight" sid="mFaceEyeLidUpperRight" type="JOINT">
                              <matrix sid="transform">1 0 0 0.073 0 1 0 -0.036 0 0 1 0.03399992 0 0 0 1</matrix>
                              <extra>
                                <technique profile="blender">
                                  <layer sid="layer" type="string">0</layer>
                                  <tip_x sid="tip_x" type="float">0</tip_x>
                                  <tip_y sid="tip_y" type="float">0.02999997</tip_y>
                                  <tip_z sid="tip_z" type="float">0</tip_z>
                                </technique>
                              </extra>
                            </node>
                            <node id="GanondorfRig_mFaceEyeLidLowerRight" name="mFaceEyeLidLowerRight" sid="mFaceEyeLidLowerRight" type="JOINT">
                              <matrix sid="transform">1 0 0 0.073 0 1 0 -0.036 0 0 1 0.03399992 0 0 0 1</matrix>
                              <extra>
                                <technique profile="blender">
                                  <layer sid="layer" type="string">0</layer>
                                  <tip_x sid="tip_x" type="float">0</tip_x>
                                  <tip_y sid="tip_y" type="float">0.02999997</tip_y>
                                  <tip_z sid="tip_z" type="float">0</tip_z>
                                </technique>
                              </extra>
                            </node>
                            <node id="GanondorfRig_mFaceEar1Left" name="mFaceEar1Left" sid="mFaceEar1Left" type="JOINT">
                              <matrix sid="transform">1 0 0 0 0 1 0 0.08 0 0 1 0.001999974 0 0 0 1</matrix>
                              <node id="GanondorfRig_mFaceEar2Left" name="mFaceEar2Left" sid="mFaceEar2Left" type="JOINT">
                                <matrix sid="transform">1 0 0 -0.019 0 1 0 0.018 0 0 1 0.02499998 0 0 0 1</matrix>
                                <extra>
                                  <technique profile="blender">
                                    <layer sid="layer" type="string">0</layer>
                                    <tip_x sid="tip_x" type="float">0</tip_x>
                                    <tip_y sid="tip_y" type="float">0.02999997</tip_y>
                                    <tip_z sid="tip_z" type="float">0</tip_z>
                                  </technique>
                                </extra>
                              </node>
                              <extra>
                                <technique profile="blender">
                                  <layer sid="layer" type="string">0</layer>
                                  <tip_x sid="tip_x" type="float">0</tip_x>
                                  <tip_y sid="tip_y" type="float">0.02999997</tip_y>
                                  <tip_z sid="tip_z" type="float">0</tip_z>
                                </technique>
                              </extra>
                            </node>
                            <node id="GanondorfRig_mFaceEar1Right" name="mFaceEar1Right" sid="mFaceEar1Right" type="JOINT">
                              <matrix sid="transform">1 0 0 0 0 1 0 -0.08 0 0 1 0.001999974 0 0 0 1</matrix>
                              <node id="GanondorfRig_mFaceEar2Right" name="mFaceEar2Right" sid="mFaceEar2Right" type="JOINT">
                                <matrix sid="transform">1 0 0 -0.019 0 1 0 -0.018 0 0 1 0.02499998 0 0 0 1</matrix>
                                <extra>
                                  <technique profile="blender">
                                    <layer sid="layer" type="string">0</layer>
                                    <tip_x sid="tip_x" type="float">0</tip_x>
                                    <tip_y sid="tip_y" type="float">0.02999997</tip_y>
                                    <tip_z sid="tip_z" type="float">0</tip_z>
                                  </technique>
                                </extra>
                              </node>
                              <extra>
                                <technique profile="blender">
                                  <layer sid="layer" type="string">0</layer>
                                  <tip_x sid="tip_x" type="float">0</tip_x>
                                  <tip_y sid="tip_y" type="float">0.02999997</tip_y>
                                  <tip_z sid="tip_z" type="float">0</tip_z>
                                </technique>
                              </extra>
                            </node>
                            <node id="GanondorfRig_mFaceNoseLeft" name="mFaceNoseLeft" sid="mFaceNoseLeft" type="JOINT">
                              <matrix sid="transform">1 0 0 0.086 0 1 0 0.015 0 0 1 -0.004000068 0 0 0 1</matrix>
                              <extra>
                                <technique profile="blender">
                                  <layer sid="layer" type="string">0</layer>
                                  <tip_x sid="tip_x" type="float">0</tip_x>
                                  <tip_y sid="tip_y" type="float">0.02999997</tip_y>
                                  <tip_z sid="tip_z" type="float">0</tip_z>
                                </technique>
                              </extra>
                            </node>
                            <node id="GanondorfRig_mFaceNoseCenter" name="mFaceNoseCenter" sid="mFaceNoseCenter" type="JOINT">
                              <matrix sid="transform">1 0 0 0.102 0 1 0 0 0 0 1 0 0 0 0 1</matrix>
                              <extra>
                                <technique profile="blender">
                                  <layer sid="layer" type="string">0</layer>
                                  <tip_x sid="tip_x" type="float">0</tip_x>
                                  <tip_y sid="tip_y" type="float">0.02999997</tip_y>
                                  <tip_z sid="tip_z" type="float">0</tip_z>
                                </technique>
                              </extra>
                            </node>
                            <node id="GanondorfRig_mFaceNoseRight" name="mFaceNoseRight" sid="mFaceNoseRight" type="JOINT">
                              <matrix sid="transform">1 0 0 0.086 0 1 0 -0.015 0 0 1 -0.004000068 0 0 0 1</matrix>
                              <extra>
                                <technique profile="blender">
                                  <layer sid="layer" type="string">0</layer>
                                  <tip_x sid="tip_x" type="float">0</tip_x>
                                  <tip_y sid="tip_y" type="float">0.02999997</tip_y>
                                  <tip_z sid="tip_z" type="float">0</tip_z>
                                </technique>
                              </extra>
                            </node>
                            <node id="GanondorfRig_mFaceCheekLowerLeft" name="mFaceCheekLowerLeft" sid="mFaceCheekLowerLeft" type="JOINT">
                              <matrix sid="transform">1 0 0 0.05 0 1 0 0.034 0 0 1 -0.03100002 0 0 0 1</matrix>
                              <extra>
                                <technique profile="blender">
                                  <layer sid="layer" type="string">0</layer>
                                  <tip_x sid="tip_x" type="float">0</tip_x>
                                  <tip_y sid="tip_y" type="float">0.02999997</tip_y>
                                  <tip_z sid="tip_z" type="float">0</tip_z>
                                </technique>
                              </extra>
                            </node>
                            <node id="GanondorfRig_mFaceCheekUpperLeft" name="mFaceCheekUpperLeft" sid="mFaceCheekUpperLeft" type="JOINT">
                              <matrix sid="transform">1 0 0 0.07 0 1 0 0.034 0 0 1 -0.004999995 0 0 0 1</matrix>
                              <extra>
                                <technique profile="blender">
                                  <layer sid="layer" type="string">0</layer>
                                  <tip_x sid="tip_x" type="float">0</tip_x>
                                  <tip_y sid="tip_y" type="float">0.02999997</tip_y>
                                  <tip_z sid="tip_z" type="float">0</tip_z>
                                </technique>
                              </extra>
                            </node>
                            <node id="GanondorfRig_mFaceCheekLowerRight" name="mFaceCheekLowerRight" sid="mFaceCheekLowerRight" type="JOINT">
                              <matrix sid="transform">1 0 0 0.05 0 1 0 -0.034 0 0 1 -0.03100002 0 0 0 1</matrix>
                              <extra>
                                <technique profile="blender">
                                  <layer sid="layer" type="string">0</layer>
                                  <tip_x sid="tip_x" type="float">0</tip_x>
                                  <tip_y sid="tip_y" type="float">0.02999997</tip_y>
                                  <tip_z sid="tip_z" type="float">0</tip_z>
                                </technique>
                              </extra>
                            </node>
                            <node id="GanondorfRig_mFaceCheekUpperRight" name="mFaceCheekUpperRight" sid="mFaceCheekUpperRight" type="JOINT">
                              <matrix sid="transform">1 0 0 0.07 0 1 0 -0.034 0 0 1 -0.004999995 0 0 0 1</matrix>
                              <extra>
                                <technique profile="blender">
                                  <layer sid="layer" type="string">0</layer>
                                  <tip_x sid="tip_x" type="float">0</tip_x>
                                  <tip_y sid="tip_y" type="float">0.02999997</tip_y>
                                  <tip_z sid="tip_z" type="float">0</tip_z>
                                </technique>
                              </extra>
                            </node>
                            <node id="GanondorfRig_mFaceJaw" name="mFaceJaw" sid="mFaceJaw" type="JOINT">
                              <matrix sid="transform">1 0 0 -0.001 0 1 0 0 0 0 1 -0.01499999 0 0 0 1</matrix>
                              <node id="GanondorfRig_mFaceChin" name="mFaceChin" sid="mFaceChin" type="JOINT">
                                <matrix sid="transform">1 0 0 0.074 0 1 0 0 0 0 1 -0.05400002 0 0 0 1</matrix>
                                <extra>
                                  <technique profile="blender">
                                    <layer sid="layer" type="string">0</layer>
                                    <tip_x sid="tip_x" type="float">0</tip_x>
                                    <tip_y sid="tip_y" type="float">0.02999997</tip_y>
                                    <tip_z sid="tip_z" type="float">0</tip_z>
                                  </technique>
                                </extra>
                              </node>
                              <node id="GanondorfRig_mFaceTeethLower" name="mFaceTeethLower" sid="mFaceTeethLower" type="JOINT">
                                <matrix sid="transform">1 0 0 0.021 0 1 0 0 0 0 1 -0.03900003 0 0 0 1</matrix>
                                <node id="GanondorfRig_mFaceLipLowerLeft" name="mFaceLipLowerLeft" sid="mFaceLipLowerLeft" type="JOINT">
                                  <matrix sid="transform">1 0 0 0.045 0 1 0 0 0 0 1 0 0 0 0 1</matrix>
                                  <extra>
                                    <technique profile="blender">
                                      <layer sid="layer" type="string">0</layer>
                                      <tip_x sid="tip_x" type="float">0</tip_x>
                                      <tip_y sid="tip_y" type="float">0.02999997</tip_y>
                                      <tip_z sid="tip_z" type="float">0</tip_z>
                                    </technique>
                                  </extra>
                                </node>
                                <node id="GanondorfRig_mFaceLipLowerRight" name="mFaceLipLowerRight" sid="mFaceLipLowerRight" type="JOINT">
                                  <matrix sid="transform">1 0 0 0.045 0 1 0 0 0 0 1 0 0 0 0 1</matrix>
                                  <extra>
                                    <technique profile="blender">
                                      <layer sid="layer" type="string">0</layer>
                                      <tip_x sid="tip_x" type="float">0</tip_x>
                                      <tip_y sid="tip_y" type="float">0.02999997</tip_y>
                                      <tip_z sid="tip_z" type="float">0</tip_z>
                                    </technique>
                                  </extra>
                                </node>
                                <node id="GanondorfRig_mFaceLipLowerCenter" name="mFaceLipLowerCenter" sid="mFaceLipLowerCenter" type="JOINT">
                                  <matrix sid="transform">1 0 0 0.045 0 1 0 0 0 0 1 0 0 0 0 1</matrix>
                                  <extra>
                                    <technique profile="blender">
                                      <layer sid="layer" type="string">0</layer>
                                      <tip_x sid="tip_x" type="float">0</tip_x>
                                      <tip_y sid="tip_y" type="float">0.02999997</tip_y>
                                      <tip_z sid="tip_z" type="float">0</tip_z>
                                    </technique>
                                  </extra>
                                </node>
                                <node id="GanondorfRig_mFaceTongueBase" name="mFaceTongueBase" sid="mFaceTongueBase" type="JOINT">
                                  <matrix sid="transform">1 0 0 0.039 0 1 0 0 0 0 1 0.004999995 0 0 0 1</matrix>
                                  <node id="GanondorfRig_mFaceTongueTip" name="mFaceTongueTip" sid="mFaceTongueTip" type="JOINT">
                                    <matrix sid="transform">1 0 0 0.022 0 1 0 0 0 0 1 0.006999969 0 0 0 1</matrix>
                                    <extra>
                                      <technique profile="blender">
                                        <layer sid="layer" type="string">0</layer>
                                        <tip_x sid="tip_x" type="float">0</tip_x>
                                        <tip_y sid="tip_y" type="float">0.02999997</tip_y>
                                        <tip_z sid="tip_z" type="float">0</tip_z>
                                      </technique>
                                    </extra>
                                  </node>
                                  <extra>
                                    <technique profile="blender">
                                      <layer sid="layer" type="string">0</layer>
                                      <tip_x sid="tip_x" type="float">0</tip_x>
                                      <tip_y sid="tip_y" type="float">0.02999997</tip_y>
                                      <tip_z sid="tip_z" type="float">0</tip_z>
                                    </technique>
                                  </extra>
                                </node>
                                <extra>
                                  <technique profile="blender">
                                    <layer sid="layer" type="string">0</layer>
                                    <tip_x sid="tip_x" type="float">0</tip_x>
                                    <tip_y sid="tip_y" type="float">0.02999997</tip_y>
                                    <tip_z sid="tip_z" type="float">0</tip_z>
                                  </technique>
                                </extra>
                              </node>
                              <extra>
                                <technique profile="blender">
                                  <layer sid="layer" type="string">0</layer>
                                  <tip_x sid="tip_x" type="float">0</tip_x>
                                  <tip_y sid="tip_y" type="float">0.02999997</tip_y>
                                  <tip_z sid="tip_z" type="float">0</tip_z>
                                </technique>
                              </extra>
                            </node>
                            <node id="GanondorfRig_mFaceJawShaper" name="mFaceJawShaper" sid="mFaceJawShaper" type="JOINT">
                              <matrix sid="transform">1 0 0 0 0 1 0 0 0 0 1 0 0 0 0 1</matrix>
                              <extra>
                                <technique profile="blender">
                                  <layer sid="layer" type="string">0</layer>
                                  <tip_x sid="tip_x" type="float">0</tip_x>
                                  <tip_y sid="tip_y" type="float">0.02999997</tip_y>
                                  <tip_z sid="tip_z" type="float">0</tip_z>
                                </technique>
                              </extra>
                            </node>
                            <node id="GanondorfRig_mFaceForeheadCenter" name="mFaceForeheadCenter" sid="mFaceForeheadCenter" type="JOINT">
                              <matrix sid="transform">1 0 0 0.069 0 1 0 0 0 0 1 0.06499994 0 0 0 1</matrix>
                              <extra>
                                <technique profile="blender">
                                  <layer sid="layer" type="string">0</layer>
                                  <tip_x sid="tip_x" type="float">0</tip_x>
                                  <tip_y sid="tip_y" type="float">0.02999997</tip_y>
                                  <tip_z sid="tip_z" type="float">0</tip_z>
                                </technique>
                              </extra>
                            </node>
                            <node id="GanondorfRig_mFaceNoseBase" name="mFaceNoseBase" sid="mFaceNoseBase" type="JOINT">
                              <matrix sid="transform">1 0 0 0.094 0 1 0 0 0 0 1 -0.01600003 0 0 0 1</matrix>
                              <extra>
                                <technique profile="blender">
                                  <layer sid="layer" type="string">0</layer>
                                  <tip_x sid="tip_x" type="float">0</tip_x>
                                  <tip_y sid="tip_y" type="float">0.02999997</tip_y>
                                  <tip_z sid="tip_z" type="float">0</tip_z>
                                </technique>
                              </extra>
                            </node>
                            <node id="GanondorfRig_mFaceTeethUpper" name="mFaceTeethUpper" sid="mFaceTeethUpper" type="JOINT">
                              <matrix sid="transform">1 0 0 0.02 0 1 0 0 0 0 1 -0.03000009 0 0 0 1</matrix>
                              <node id="GanondorfRig_mFaceLipUpperLeft" name="mFaceLipUpperLeft" sid="mFaceLipUpperLeft" type="JOINT">
                                <matrix sid="transform">1 0 0 0.045 0 1 0 0 0 0 1 -0.002999902 0 0 0 1</matrix>
                                <extra>
                                  <technique profile="blender">
                                    <layer sid="layer" type="string">0</layer>
                                    <tip_x sid="tip_x" type="float">0</tip_x>
                                    <tip_y sid="tip_y" type="float">0.02999997</tip_y>
                                    <tip_z sid="tip_z" type="float">0</tip_z>
                                  </technique>
                                </extra>
                              </node>
                              <node id="GanondorfRig_mFaceLipUpperRight" name="mFaceLipUpperRight" sid="mFaceLipUpperRight" type="JOINT">
                                <matrix sid="transform">1 0 0 0.045 0 1 0 0 0 0 1 -0.002999902 0 0 0 1</matrix>
                                <extra>
                                  <technique profile="blender">
                                    <layer sid="layer" type="string">0</layer>
                                    <tip_x sid="tip_x" type="float">0</tip_x>
                                    <tip_y sid="tip_y" type="float">0.02999997</tip_y>
                                    <tip_z sid="tip_z" type="float">0</tip_z>
                                  </technique>
                                </extra>
                              </node>
                              <node id="GanondorfRig_mFaceLipCornerLeft" name="mFaceLipCornerLeft" sid="mFaceLipCornerLeft" type="JOINT">
                                <matrix sid="transform">1 0 0 0.028 0 1 0 -0.019 0 0 1 -0.00999999 0 0 0 1</matrix>
                                <extra>
                                  <technique profile="blender">
                                    <layer sid="layer" type="string">0</layer>
                                    <tip_x sid="tip_x" type="float">0</tip_x>
                                    <tip_y sid="tip_y" type="float">0.02999997</tip_y>
                                    <tip_z sid="tip_z" type="float">0</tip_z>
                                  </technique>
                                </extra>
                              </node>
                              <node id="GanondorfRig_mFaceLipCornerRight" name="mFaceLipCornerRight" sid="mFaceLipCornerRight" type="JOINT">
                                <matrix sid="transform">1 0 0 0.028 0 1 0 0.019 0 0 1 -0.00999999 0 0 0 1</matrix>
                                <extra>
                                  <technique profile="blender">
                                    <layer sid="layer" type="string">0</layer>
                                    <tip_x sid="tip_x" type="float">0</tip_x>
                                    <tip_y sid="tip_y" type="float">0.02999997</tip_y>
                                    <tip_z sid="tip_z" type="float">0</tip_z>
                                  </technique>
                                </extra>
                              </node>
                              <node id="GanondorfRig_mFaceLipUpperCenter" name="mFaceLipUpperCenter" sid="mFaceLipUpperCenter" type="JOINT">
                                <matrix sid="transform">1 0 0 0.045 0 1 0 0 0 0 1 -0.002999902 0 0 0 1</matrix>
                                <extra>
                                  <technique profile="blender">
                                    <layer sid="layer" type="string">0</layer>
                                    <tip_x sid="tip_x" type="float">0</tip_x>
                                    <tip_y sid="tip_y" type="float">0.02999997</tip_y>
                                    <tip_z sid="tip_z" type="float">0</tip_z>
                                  </technique>
                                </extra>
                              </node>
                              <extra>
                                <technique profile="blender">
                                  <layer sid="layer" type="string">0</layer>
                                  <tip_x sid="tip_x" type="float">0</tip_x>
                                  <tip_y sid="tip_y" type="float">0.02999997</tip_y>
                                  <tip_z sid="tip_z" type="float">0</tip_z>
                                </technique>
                              </extra>
                            </node>
                            <node id="GanondorfRig_mFaceEyecornerInnerLeft" name="mFaceEyecornerInnerLeft" sid="mFaceEyecornerInnerLeft" type="JOINT">
                              <matrix sid="transform">1 0 0 0.075 0 1 0 0.017 0 0 1 0.03199995 0 0 0 1</matrix>
                              <extra>
                                <technique profile="blender">
                                  <layer sid="layer" type="string">0</layer>
                                  <tip_x sid="tip_x" type="float">0</tip_x>
                                  <tip_y sid="tip_y" type="float">0.02999997</tip_y>
                                  <tip_z sid="tip_z" type="float">0</tip_z>
                                </technique>
                              </extra>
                            </node>
                            <node id="GanondorfRig_mFaceEyecornerInnerRight" name="mFaceEyecornerInnerRight" sid="mFaceEyecornerInnerRight" type="JOINT">
                              <matrix sid="transform">1 0 0 0.075 0 1 0 -0.017 0 0 1 0.03199995 0 0 0 1</matrix>
                              <extra>
                                <technique profile="blender">
                                  <layer sid="layer" type="string">0</layer>
                                  <tip_x sid="tip_x" type="float">0</tip_x>
                                  <tip_y sid="tip_y" type="float">0.02999997</tip_y>
                                  <tip_z sid="tip_z" type="float">0</tip_z>
                                </technique>
                              </extra>
                            </node>
                            <node id="GanondorfRig_mFaceNoseBridge" name="mFaceNoseBridge" sid="mFaceNoseBridge" type="JOINT">
                              <matrix sid="transform">1 0 0 0.091 0 1 0 0 0 0 1 0.01999998 0 0 0 1</matrix>
                              <extra>
                                <technique profile="blender">
                                  <layer sid="layer" type="string">0</layer>
                                  <tip_x sid="tip_x" type="float">0</tip_x>
                                  <tip_y sid="tip_y" type="float">0.02999997</tip_y>
                                  <tip_z sid="tip_z" type="float">0</tip_z>
                                </technique>
                              </extra>
                            </node>
                            <extra>
                              <technique profile="blender">
                                <layer sid="layer" type="string">0</layer>
                                <tip_x sid="tip_x" type="float">0</tip_x>
                                <tip_y sid="tip_y" type="float">0.02999997</tip_y>
                                <tip_z sid="tip_z" type="float">0</tip_z>
                              </technique>
                            </extra>
                          </node>
                          <extra>
                            <technique profile="blender">
                              <layer sid="layer" type="string">0</layer>
                              <tip_x sid="tip_x" type="float">0</tip_x>
                              <tip_y sid="tip_y" type="float">0.02999997</tip_y>
                              <tip_z sid="tip_z" type="float">0</tip_z>
                            </technique>
                          </extra>
                        </node>
                        <extra>
                          <technique profile="blender">
                            <layer sid="layer" type="string">0</layer>
                            <tip_x sid="tip_x" type="float">0</tip_x>
                            <tip_y sid="tip_y" type="float">0.02999997</tip_y>
                            <tip_z sid="tip_z" type="float">0</tip_z>
                          </technique>
                        </extra>
                      </node>
                      <node id="GanondorfRig_mCollarLeft" name="mCollarLeft" sid="mCollarLeft" type="JOINT">
                        <matrix sid="transform">1 0 0 -0.021 0 1 0 0.085 0 0 1 0.1650001 0 0 0 1</matrix>
                        <node id="GanondorfRig_L_CLAVICLE" name="L_CLAVICLE" sid="L_CLAVICLE" type="JOINT">
                          <matrix sid="transform">1 0 0 0.02 0 1 0 0 0 0 1 0.01999998 0 0 0 1</matrix>
                          <extra>
                            <technique profile="blender">
                              <layer sid="layer" type="string">0</layer>
                              <tip_x sid="tip_x" type="float">0</tip_x>
                              <tip_y sid="tip_y" type="float">0.02999997</tip_y>
                              <tip_z sid="tip_z" type="float">0</tip_z>
                            </technique>
                          </extra>
                        </node>
                        <node id="GanondorfRig_mShoulderLeft" name="mShoulderLeft" sid="mShoulderLeft" type="JOINT">
                          <matrix sid="transform">1 0 0 0 0 1 0 0.079 0 0 1 0 0 0 0 1</matrix>
                          <node id="GanondorfRig_L_UPPER_ARM" name="L_UPPER_ARM" sid="L_UPPER_ARM" type="JOINT">
                            <matrix sid="transform">1 0 0 0 0 1 0 0.12 0 0 1 0.00999999 0 0 0 1</matrix>
                            <extra>
                              <technique profile="blender">
                                <layer sid="layer" type="string">0</layer>
                                <tip_x sid="tip_x" type="float">0</tip_x>
                                <tip_y sid="tip_y" type="float">0.02988582</tip_y>
                                <tip_z sid="tip_z" type="float">-0.002614617</tip_z>
                              </technique>
                            </extra>
                          </node>
                          <node id="GanondorfRig_mElbowLeft" name="mElbowLeft" sid="mElbowLeft" type="JOINT">
                            <matrix sid="transform">1 0 0 0 0 1 0 0.248 0 0 1 0 0 0 0 1</matrix>
                            <node id="GanondorfRig_L_LOWER_ARM" name="L_LOWER_ARM" sid="L_LOWER_ARM" type="JOINT">
                              <matrix sid="transform">1 0 0 0 0 0.9999999 0 0.1 0 0 0.9999999 0 0 0 0 1</matrix>
                              <extra>
                                <technique profile="blender">
                                  <layer sid="layer" type="string">0</layer>
                                  <tip_x sid="tip_x" type="float">0</tip_x>
                                  <tip_y sid="tip_y" type="float">0.0299589</tip_y>
                                  <tip_z sid="tip_z" type="float">-0.001570105</tip_z>
                                </technique>
                              </extra>
                            </node>
                            <node id="GanondorfRig_mWristLeft" name="mWristLeft" sid="mWristLeft" type="JOINT">
                              <matrix sid="transform">1 0 0 0 0 1 0 0.205 0 0 1 0 0 0 0 1</matrix>
                              <node id="GanondorfRig_L_HAND" name="L_HAND" sid="L_HAND" type="JOINT">
                                <matrix sid="transform">0.9999999 -7.567e-10 9.31323e-10 0.009999998 1.41154e-8 0.9999999 3.72529e-9 0.05000001 -9.31323e-10 3.72529e-9 1 0 0 0 0 1</matrix>
                                <extra>
                                  <technique profile="blender">
                                    <layer sid="layer" type="string">0</layer>
                                    <roll sid="roll" type="float">0.004581928</roll>
                                    <tip_x sid="tip_x" type="float">0.005202293</tip_x>
                                    <tip_y sid="tip_y" type="float">0.02950376</tip_y>
                                    <tip_z sid="tip_z" type="float">-0.001570105</tip_z>
                                  </technique>
                                </extra>
                              </node>
                              <node id="GanondorfRig_mHandMiddle1Left" name="mHandMiddle1Left" sid="mHandMiddle1Left" type="JOINT">
                                <matrix sid="transform">1 0 0 0.013 0 1 0 0.101 0 0 1 0.01499999 0 0 0 1</matrix>
                                <node id="GanondorfRig_mHandMiddle2Left" name="mHandMiddle2Left" sid="mHandMiddle2Left" type="JOINT">
                                  <matrix sid="transform">1 0 0 -0.001 0 1 0 0.04000002 0 0 1 -0.006000042 0 0 0 1</matrix>
                                  <node id="GanondorfRig_mHandMiddle3Left" name="mHandMiddle3Left" sid="mHandMiddle3Left" type="JOINT">
                                    <matrix sid="transform">1 0 0 -0.001 0 1 0 0.04899997 0 0 1 -0.008000016 0 0 0 1</matrix>
                                    <extra>
                                      <technique profile="blender">
                                        <layer sid="layer" type="string">0</layer>
                                        <tip_x sid="tip_x" type="float">0</tip_x>
                                        <tip_y sid="tip_y" type="float">0.02999997</tip_y>
                                        <tip_z sid="tip_z" type="float">0</tip_z>
                                      </technique>
                                    </extra>
                                  </node>
                                  <extra>
                                    <technique profile="blender">
                                      <layer sid="layer" type="string">0</layer>
                                      <tip_x sid="tip_x" type="float">0</tip_x>
                                      <tip_y sid="tip_y" type="float">0.02999997</tip_y>
                                      <tip_z sid="tip_z" type="float">0</tip_z>
                                    </technique>
                                  </extra>
                                </node>
                                <extra>
                                  <technique profile="blender">
                                    <layer sid="layer" type="string">0</layer>
                                    <tip_x sid="tip_x" type="float">0</tip_x>
                                    <tip_y sid="tip_y" type="float">0.02999997</tip_y>
                                    <tip_z sid="tip_z" type="float">0</tip_z>
                                  </technique>
                                </extra>
                              </node>
                              <node id="GanondorfRig_mHandIndex1Left" name="mHandIndex1Left" sid="mHandIndex1Left" type="JOINT">
                                <matrix sid="transform">1 0 0 0.038 0 1 0 0.097 0 0 1 0.01499999 0 0 0 1</matrix>
                                <node id="GanondorfRig_mHandIndex2Left" name="mHandIndex2Left" sid="mHandIndex2Left" type="JOINT">
                                  <matrix sid="transform">1 0 0 0.017 0 1 0 0.03600001 0 0 1 -0.006000042 0 0 0 1</matrix>
                                  <node id="GanondorfRig_mHandIndex3Left" name="mHandIndex3Left" sid="mHandIndex3Left" type="JOINT">
                                    <matrix sid="transform">1 0 0 0.014 0 1 0 0.03200001 0 0 1 -0.005999923 0 0 0 1</matrix>
                                    <extra>
                                      <technique profile="blender">
                                        <layer sid="layer" type="string">0</layer>
                                        <tip_x sid="tip_x" type="float">0</tip_x>
                                        <tip_y sid="tip_y" type="float">0.02999997</tip_y>
                                        <tip_z sid="tip_z" type="float">0</tip_z>
                                      </technique>
                                    </extra>
                                  </node>
                                  <extra>
                                    <technique profile="blender">
                                      <layer sid="layer" type="string">0</layer>
                                      <tip_x sid="tip_x" type="float">0</tip_x>
                                      <tip_y sid="tip_y" type="float">0.02999997</tip_y>
                                      <tip_z sid="tip_z" type="float">0</tip_z>
                                    </technique>
                                  </extra>
                                </node>
                                <extra>
                                  <technique profile="blender">
                                    <layer sid="layer" type="string">0</layer>
                                    <tip_x sid="tip_x" type="float">0</tip_x>
                                    <tip_y sid="tip_y" type="float">0.02999997</tip_y>
                                    <tip_z sid="tip_z" type="float">0</tip_z>
                                  </technique>
                                </extra>
                              </node>
                              <node id="GanondorfRig_mHandRing1Left" name="mHandRing1Left" sid="mHandRing1Left" type="JOINT">
                                <matrix sid="transform">1 0 0 -0.01 0 1 0 0.09900004 0 0 1 0.008999944 0 0 0 1</matrix>
                                <node id="GanondorfRig_mHandRing2Left" name="mHandRing2Left" sid="mHandRing2Left" type="JOINT">
                                  <matrix sid="transform">1 0 0 -0.013 0 1 0 0.03799999 0 0 1 -0.008000016 0 0 0 1</matrix>
                                  <node id="GanondorfRig_mHandRing3Left" name="mHandRing3Left" sid="mHandRing3Left" type="JOINT">
                                    <matrix sid="transform">1 0 0 -0.013 0 1 0 0.04000002 0 0 1 -0.008999944 0 0 0 1</matrix>
                                    <extra>
                                      <technique profile="blender">
                                        <layer sid="layer" type="string">0</layer>
                                        <tip_x sid="tip_x" type="float">0</tip_x>
                                        <tip_y sid="tip_y" type="float">0.02999997</tip_y>
                                        <tip_z sid="tip_z" type="float">0</tip_z>
                                      </technique>
                                    </extra>
                                  </node>
                                  <extra>
                                    <technique profile="blender">
                                      <layer sid="layer" type="string">0</layer>
                                      <tip_x sid="tip_x" type="float">0</tip_x>
                                      <tip_y sid="tip_y" type="float">0.02999997</tip_y>
                                      <tip_z sid="tip_z" type="float">0</tip_z>
                                    </technique>
                                  </extra>
                                </node>
                                <extra>
                                  <technique profile="blender">
                                    <layer sid="layer" type="string">0</layer>
                                    <tip_x sid="tip_x" type="float">0</tip_x>
                                    <tip_y sid="tip_y" type="float">0.02999997</tip_y>
                                    <tip_z sid="tip_z" type="float">0</tip_z>
                                  </technique>
                                </extra>
                              </node>
                              <node id="GanondorfRig_mHandPinky1Left" name="mHandPinky1Left" sid="mHandPinky1Left" type="JOINT">
                                <matrix sid="transform">1 0 0 -0.031 0 1 0 0.09500003 0 0 1 0.003000021 0 0 0 1</matrix>
                                <node id="GanondorfRig_mHandPinky2Left" name="mHandPinky2Left" sid="mHandPinky2Left" type="JOINT">
                                  <matrix sid="transform">1 0 0 -0.024 0 1 0 0.02499998 0 0 1 -0.006000042 0 0 0 1</matrix>
                                  <node id="GanondorfRig_mHandPinky3Left" name="mHandPinky3Left" sid="mHandPinky3Left" type="JOINT">
                                    <matrix sid="transform">1 0 0 -0.015 0 1 0 0.01800001 0 0 1 -0.003999949 0 0 0 1</matrix>
                                    <extra>
                                      <technique profile="blender">
                                        <layer sid="layer" type="string">0</layer>
                                        <tip_x sid="tip_x" type="float">0</tip_x>
                                        <tip_y sid="tip_y" type="float">0.02999997</tip_y>
                                        <tip_z sid="tip_z" type="float">0</tip_z>
                                      </technique>
                                    </extra>
                                  </node>
                                  <extra>
                                    <technique profile="blender">
                                      <layer sid="layer" type="string">0</layer>
                                      <tip_x sid="tip_x" type="float">0</tip_x>
                                      <tip_y sid="tip_y" type="float">0.02999997</tip_y>
                                      <tip_z sid="tip_z" type="float">0</tip_z>
                                    </technique>
                                  </extra>
                                </node>
                                <extra>
                                  <technique profile="blender">
                                    <layer sid="layer" type="string">0</layer>
                                    <tip_x sid="tip_x" type="float">0</tip_x>
                                    <tip_y sid="tip_y" type="float">0.02999997</tip_y>
                                    <tip_z sid="tip_z" type="float">0</tip_z>
                                  </technique>
                                </extra>
                              </node>
                              <node id="GanondorfRig_mHandThumb1Left" name="mHandThumb1Left" sid="mHandThumb1Left" type="JOINT">
                                <matrix sid="transform">1 0 0 0.031 0 1 0 0.02600002 0 0 1 0.003999949 0 0 0 1</matrix>
                                <node id="GanondorfRig_mHandThumb2Left" name="mHandThumb2Left" sid="mHandThumb2Left" type="JOINT">
                                  <matrix sid="transform">1 0 0 0.028 0 1 0 0.03200001 0 0 1 -9.99928e-4 0 0 0 1</matrix>
                                  <node id="GanondorfRig_mHandThumb3Left" name="mHandThumb3Left" sid="mHandThumb3Left" type="JOINT">
                                    <matrix sid="transform">1 0 0 0.023 0 1 0 0.03099996 0 0 1 -0.001000047 0 0 0 1</matrix>
                                    <extra>
                                      <technique profile="blender">
                                        <layer sid="layer" type="string">0</layer>
                                        <tip_x sid="tip_x" type="float">0</tip_x>
                                        <tip_y sid="tip_y" type="float">0.02999997</tip_y>
                                        <tip_z sid="tip_z" type="float">0</tip_z>
                                      </technique>
                                    </extra>
                                  </node>
                                  <extra>
                                    <technique profile="blender">
                                      <layer sid="layer" type="string">0</layer>
                                      <tip_x sid="tip_x" type="float">0</tip_x>
                                      <tip_y sid="tip_y" type="float">0.02999997</tip_y>
                                      <tip_z sid="tip_z" type="float">0</tip_z>
                                    </technique>
                                  </extra>
                                </node>
                                <extra>
                                  <technique profile="blender">
                                    <layer sid="layer" type="string">0</layer>
                                    <tip_x sid="tip_x" type="float">0</tip_x>
                                    <tip_y sid="tip_y" type="float">0.02999997</tip_y>
                                    <tip_z sid="tip_z" type="float">0</tip_z>
                                  </technique>
                                </extra>
                              </node>
                              <extra>
                                <technique profile="blender">
                                  <layer sid="layer" type="string">0</layer>
                                  <tip_x sid="tip_x" type="float">0</tip_x>
                                  <tip_y sid="tip_y" type="float">0.02999997</tip_y>
                                  <tip_z sid="tip_z" type="float">0</tip_z>
                                </technique>
                              </extra>
                            </node>
                            <extra>
                              <technique profile="blender">
                                <layer sid="layer" type="string">0</layer>
                                <tip_x sid="tip_x" type="float">0</tip_x>
                                <tip_y sid="tip_y" type="float">0.02999997</tip_y>
                                <tip_z sid="tip_z" type="float">0</tip_z>
                              </technique>
                            </extra>
                          </node>
                          <extra>
                            <technique profile="blender">
                              <layer sid="layer" type="string">0</layer>
                              <tip_x sid="tip_x" type="float">0</tip_x>
                              <tip_y sid="tip_y" type="float">0.02999997</tip_y>
                              <tip_z sid="tip_z" type="float">0</tip_z>
                            </technique>
                          </extra>
                        </node>
                        <extra>
                          <technique profile="blender">
                            <layer sid="layer" type="string">0</layer>
                            <tip_x sid="tip_x" type="float">0</tip_x>
                            <tip_y sid="tip_y" type="float">0.02999997</tip_y>
                            <tip_z sid="tip_z" type="float">0</tip_z>
                          </technique>
                        </extra>
                      </node>
                      <node id="GanondorfRig_mCollarRight" name="mCollarRight" sid="mCollarRight" type="JOINT">
                        <matrix sid="transform">1 0 0 -0.021 0 1 0 -0.085 0 0 1 0.1650001 0 0 0 1</matrix>
                        <node id="GanondorfRig_R_CLAVICLE" name="R_CLAVICLE" sid="R_CLAVICLE" type="JOINT">
                          <matrix sid="transform">1 0 0 0.02 0 1 0 0 0 0 1 0.01999998 0 0 0 1</matrix>
                          <extra>
                            <technique profile="blender">
                              <layer sid="layer" type="string">0</layer>
                              <tip_x sid="tip_x" type="float">0</tip_x>
                              <tip_y sid="tip_y" type="float">0.02999997</tip_y>
                              <tip_z sid="tip_z" type="float">0</tip_z>
                            </technique>
                          </extra>
                        </node>
                        <node id="GanondorfRig_mShoulderRight" name="mShoulderRight" sid="mShoulderRight" type="JOINT">
                          <matrix sid="transform">1 0 0 0 0 1 0 -0.079 0 0 1 0 0 0 0 1</matrix>
                          <node id="GanondorfRig_R_UPPER_ARM" name="R_UPPER_ARM" sid="R_UPPER_ARM" type="JOINT">
                            <matrix sid="transform">1 0 0 0 0 1 0 -0.12 0 0 1 0.00999999 0 0 0 1</matrix>
                            <extra>
                              <technique profile="blender">
                                <layer sid="layer" type="string">0</layer>
                                <tip_x sid="tip_x" type="float">0</tip_x>
                                <tip_y sid="tip_y" type="float">0.02988582</tip_y>
                                <tip_z sid="tip_z" type="float">0.002614617</tip_z>
                              </technique>
                            </extra>
                          </node>
                          <node id="GanondorfRig_mElbowRight" name="mElbowRight" sid="mElbowRight" type="JOINT">
                            <matrix sid="transform">1 0 0 0 0 1 0 -0.248 0 0 1 0 0 0 0 1</matrix>
                            <node id="GanondorfRig_R_LOWER_ARM" name="R_LOWER_ARM" sid="R_LOWER_ARM" type="JOINT">
                              <matrix sid="transform">1 0 0 0 0 1 0 -0.1 0 0 1 0 0 0 0 1</matrix>
                              <extra>
                                <technique profile="blender">
                                  <layer sid="layer" type="string">0</layer>
                                  <tip_x sid="tip_x" type="float">0</tip_x>
                                  <tip_y sid="tip_y" type="float">0.02995884</tip_y>
                                  <tip_z sid="tip_z" type="float">0.001570105</tip_z>
                                </technique>
                              </extra>
                            </node>
                            <node id="GanondorfRig_mWristRight" name="mWristRight" sid="mWristRight" type="JOINT">
                              <matrix sid="transform">1 0 0 0 0 1 0 -0.205 0 0 1 0 0 0 0 1</matrix>
                              <node id="GanondorfRig_R_HAND" name="R_HAND" sid="R_HAND" type="JOINT">
                                <matrix sid="transform">0.9999999 7.567e-10 9.31323e-10 0.009999998 -1.41154e-8 0.9999999 -3.72529e-9 -0.05000001 -9.31323e-10 -3.72529e-9 1 0 0 0 0 1</matrix>
                                <extra>
                                  <technique profile="blender">
                                    <layer sid="layer" type="string">0</layer>
                                    <roll sid="roll" type="float">0.004581928</roll>
                                    <tip_x sid="tip_x" type="float">-0.005202293</tip_x>
                                    <tip_y sid="tip_y" type="float">0.02950376</tip_y>
                                    <tip_z sid="tip_z" type="float">0.001570105</tip_z>
                                  </technique>
                                </extra>
                              </node>
                              <node id="GanondorfRig_mHandMiddle1Right" name="mHandMiddle1Right" sid="mHandMiddle1Right" type="JOINT">
                                <matrix sid="transform">1 0 0 0.013 0 1 0 -0.101 0 0 1 0.01499999 0 0 0 1</matrix>
                                <node id="GanondorfRig_mHandMiddle2Right" name="mHandMiddle2Right" sid="mHandMiddle2Right" type="JOINT">
                                  <matrix sid="transform">1 0 0 -0.001 0 1 0 -0.04000002 0 0 1 -0.006000042 0 0 0 1</matrix>
                                  <node id="GanondorfRig_mHandMiddle3Right" name="mHandMiddle3Right" sid="mHandMiddle3Right" type="JOINT">
                                    <matrix sid="transform">1 0 0 -0.001 0 1 0 -0.04899997 0 0 1 -0.008000016 0 0 0 1</matrix>
                                    <extra>
                                      <technique profile="blender">
                                        <layer sid="layer" type="string">0</layer>
                                        <tip_x sid="tip_x" type="float">0</tip_x>
                                        <tip_y sid="tip_y" type="float">0.02999997</tip_y>
                                        <tip_z sid="tip_z" type="float">0</tip_z>
                                      </technique>
                                    </extra>
                                  </node>
                                  <extra>
                                    <technique profile="blender">
                                      <layer sid="layer" type="string">0</layer>
                                      <tip_x sid="tip_x" type="float">0</tip_x>
                                      <tip_y sid="tip_y" type="float">0.02999997</tip_y>
                                      <tip_z sid="tip_z" type="float">0</tip_z>
                                    </technique>
                                  </extra>
                                </node>
                                <extra>
                                  <technique profile="blender">
                                    <layer sid="layer" type="string">0</layer>
                                    <tip_x sid="tip_x" type="float">0</tip_x>
                                    <tip_y sid="tip_y" type="float">0.02999997</tip_y>
                                    <tip_z sid="tip_z" type="float">0</tip_z>
                                  </technique>
                                </extra>
                              </node>
                              <node id="GanondorfRig_mHandIndex1Right" name="mHandIndex1Right" sid="mHandIndex1Right" type="JOINT">
                                <matrix sid="transform">1 0 0 0.038 0 1 0 -0.097 0 0 1 0.01499999 0 0 0 1</matrix>
                                <node id="GanondorfRig_mHandIndex2Right" name="mHandIndex2Right" sid="mHandIndex2Right" type="JOINT">
                                  <matrix sid="transform">1 0 0 0.017 0 1 0 -0.03600001 0 0 1 -0.006000042 0 0 0 1</matrix>
                                  <node id="GanondorfRig_mHandIndex3Right" name="mHandIndex3Right" sid="mHandIndex3Right" type="JOINT">
                                    <matrix sid="transform">1 0 0 0.014 0 1 0 -0.03200001 0 0 1 -0.005999923 0 0 0 1</matrix>
                                    <extra>
                                      <technique profile="blender">
                                        <layer sid="layer" type="string">0</layer>
                                        <tip_x sid="tip_x" type="float">0</tip_x>
                                        <tip_y sid="tip_y" type="float">0.02999997</tip_y>
                                        <tip_z sid="tip_z" type="float">0</tip_z>
                                      </technique>
                                    </extra>
                                  </node>
                                  <extra>
                                    <technique profile="blender">
                                      <layer sid="layer" type="string">0</layer>
                                      <tip_x sid="tip_x" type="float">0</tip_x>
                                      <tip_y sid="tip_y" type="float">0.02999997</tip_y>
                                      <tip_z sid="tip_z" type="float">0</tip_z>
                                    </technique>
                                  </extra>
                                </node>
                                <extra>
                                  <technique profile="blender">
                                    <layer sid="layer" type="string">0</layer>
                                    <tip_x sid="tip_x" type="float">0</tip_x>
                                    <tip_y sid="tip_y" type="float">0.02999997</tip_y>
                                    <tip_z sid="tip_z" type="float">0</tip_z>
                                  </technique>
                                </extra>
                              </node>
                              <node id="GanondorfRig_mHandRing1Right" name="mHandRing1Right" sid="mHandRing1Right" type="JOINT">
                                <matrix sid="transform">1 0 0 -0.01 0 1 0 -0.09900004 0 0 1 0.008999944 0 0 0 1</matrix>
                                <node id="GanondorfRig_mHandRing2Right" name="mHandRing2Right" sid="mHandRing2Right" type="JOINT">
                                  <matrix sid="transform">1 0 0 -0.013 0 1 0 -0.03799999 0 0 1 -0.008000016 0 0 0 1</matrix>
                                  <node id="GanondorfRig_mHandRing3Right" name="mHandRing3Right" sid="mHandRing3Right" type="JOINT">
                                    <matrix sid="transform">1 0 0 -0.013 0 1 0 -0.04000002 0 0 1 -0.008999944 0 0 0 1</matrix>
                                    <extra>
                                      <technique profile="blender">
                                        <layer sid="layer" type="string">0</layer>
                                        <tip_x sid="tip_x" type="float">0</tip_x>
                                        <tip_y sid="tip_y" type="float">0.02999997</tip_y>
                                        <tip_z sid="tip_z" type="float">0</tip_z>
                                      </technique>
                                    </extra>
                                  </node>
                                  <extra>
                                    <technique profile="blender">
                                      <layer sid="layer" type="string">0</layer>
                                      <tip_x sid="tip_x" type="float">0</tip_x>
                                      <tip_y sid="tip_y" type="float">0.02999997</tip_y>
                                      <tip_z sid="tip_z" type="float">0</tip_z>
                                    </technique>
                                  </extra>
                                </node>
                                <extra>
                                  <technique profile="blender">
                                    <layer sid="layer" type="string">0</layer>
                                    <tip_x sid="tip_x" type="float">0</tip_x>
                                    <tip_y sid="tip_y" type="float">0.02999997</tip_y>
                                    <tip_z sid="tip_z" type="float">0</tip_z>
                                  </technique>
                                </extra>
                              </node>
                              <node id="GanondorfRig_mHandPinky1Right" name="mHandPinky1Right" sid="mHandPinky1Right" type="JOINT">
                                <matrix sid="transform">1 0 0 -0.031 0 1 0 -0.09500003 0 0 1 0.003000021 0 0 0 1</matrix>
                                <node id="GanondorfRig_mHandPinky2Right" name="mHandPinky2Right" sid="mHandPinky2Right" type="JOINT">
                                  <matrix sid="transform">1 0 0 -0.024 0 1 0 -0.02499998 0 0 1 -0.006000042 0 0 0 1</matrix>
                                  <node id="GanondorfRig_mHandPinky3Right" name="mHandPinky3Right" sid="mHandPinky3Right" type="JOINT">
                                    <matrix sid="transform">1 0 0 -0.015 0 1 0 -0.01800001 0 0 1 -0.003999949 0 0 0 1</matrix>
                                    <extra>
                                      <technique profile="blender">
                                        <layer sid="layer" type="string">0</layer>
                                        <tip_x sid="tip_x" type="float">0</tip_x>
                                        <tip_y sid="tip_y" type="float">0.02999997</tip_y>
                                        <tip_z sid="tip_z" type="float">0</tip_z>
                                      </technique>
                                    </extra>
                                  </node>
                                  <extra>
                                    <technique profile="blender">
                                      <layer sid="layer" type="string">0</layer>
                                      <tip_x sid="tip_x" type="float">0</tip_x>
                                      <tip_y sid="tip_y" type="float">0.02999997</tip_y>
                                      <tip_z sid="tip_z" type="float">0</tip_z>
                                    </technique>
                                  </extra>
                                </node>
                                <extra>
                                  <technique profile="blender">
                                    <layer sid="layer" type="string">0</layer>
                                    <tip_x sid="tip_x" type="float">0</tip_x>
                                    <tip_y sid="tip_y" type="float">0.02999997</tip_y>
                                    <tip_z sid="tip_z" type="float">0</tip_z>
                                  </technique>
                                </extra>
                              </node>
                              <node id="GanondorfRig_mHandThumb1Right" name="mHandThumb1Right" sid="mHandThumb1Right" type="JOINT">
                                <matrix sid="transform">1 0 0 0.031 0 1 0 -0.02600002 0 0 1 0.003999949 0 0 0 1</matrix>
                                <node id="GanondorfRig_mHandThumb2Right" name="mHandThumb2Right" sid="mHandThumb2Right" type="JOINT">
                                  <matrix sid="transform">1 0 0 0.028 0 1 0 -0.03200001 0 0 1 -9.99928e-4 0 0 0 1</matrix>
                                  <node id="GanondorfRig_mHandThumb3Right" name="mHandThumb3Right" sid="mHandThumb3Right" type="JOINT">
                                    <matrix sid="transform">1 0 0 0.023 0 1 0 -0.03099996 0 0 1 -0.001000047 0 0 0 1</matrix>
                                    <extra>
                                      <technique profile="blender">
                                        <layer sid="layer" type="string">0</layer>
                                        <tip_x sid="tip_x" type="float">0</tip_x>
                                        <tip_y sid="tip_y" type="float">0.02999997</tip_y>
                                        <tip_z sid="tip_z" type="float">0</tip_z>
                                      </technique>
                                    </extra>
                                  </node>
                                  <extra>
                                    <technique profile="blender">
                                      <layer sid="layer" type="string">0</layer>
                                      <tip_x sid="tip_x" type="float">0</tip_x>
                                      <tip_y sid="tip_y" type="float">0.02999997</tip_y>
                                      <tip_z sid="tip_z" type="float">0</tip_z>
                                    </technique>
                                  </extra>
                                </node>
                                <extra>
                                  <technique profile="blender">
                                    <layer sid="layer" type="string">0</layer>
                                    <tip_x sid="tip_x" type="float">0</tip_x>
                                    <tip_y sid="tip_y" type="float">0.02999997</tip_y>
                                    <tip_z sid="tip_z" type="float">0</tip_z>
                                  </technique>
                                </extra>
                              </node>
                              <extra>
                                <technique profile="blender">
                                  <layer sid="layer" type="string">0</layer>
                                  <tip_x sid="tip_x" type="float">0</tip_x>
                                  <tip_y sid="tip_y" type="float">0.02999997</tip_y>
                                  <tip_z sid="tip_z" type="float">0</tip_z>
                                </technique>
                              </extra>
                            </node>
                            <extra>
                              <technique profile="blender">
                                <layer sid="layer" type="string">0</layer>
                                <tip_x sid="tip_x" type="float">0</tip_x>
                                <tip_y sid="tip_y" type="float">0.02999997</tip_y>
                                <tip_z sid="tip_z" type="float">0</tip_z>
                              </technique>
                            </extra>
                          </node>
                          <extra>
                            <technique profile="blender">
                              <layer sid="layer" type="string">0</layer>
                              <tip_x sid="tip_x" type="float">0</tip_x>
                              <tip_y sid="tip_y" type="float">0.02999997</tip_y>
                              <tip_z sid="tip_z" type="float">0</tip_z>
                            </technique>
                          </extra>
                        </node>
                        <extra>
                          <technique profile="blender">
                            <layer sid="layer" type="string">0</layer>
                            <tip_x sid="tip_x" type="float">0</tip_x>
                            <tip_y sid="tip_y" type="float">0.02999997</tip_y>
                            <tip_z sid="tip_z" type="float">0</tip_z>
                          </technique>
                        </extra>
                      </node>
                      <node id="GanondorfRig_mWingsRoot" name="mWingsRoot" sid="mWingsRoot" type="JOINT">
                        <matrix sid="transform">1 0 0 -0.014 0 1 0 0 0 0 1 0 0 0 0 1</matrix>
                        <node id="GanondorfRig_mWing1Left" name="mWing1Left" sid="mWing1Left" type="JOINT">
                          <matrix sid="transform">1 0 0 -0.09900001 0 1 0 0.105 0 0 1 0.181 0 0 0 1</matrix>
                          <node id="GanondorfRig_mWing2Left" name="mWing2Left" sid="mWing2Left" type="JOINT">
                            <matrix sid="transform">1 0 0 -0.168 0 1 0 0.169 0 0 1 0.06700003 0 0 0 1</matrix>
                            <node id="GanondorfRig_mWing3Left" name="mWing3Left" sid="mWing3Left" type="JOINT">
                              <matrix sid="transform">1 0 0 -0.181 0 1 0 0.183 0 0 1 0 0 0 0 1</matrix>
                              <node id="GanondorfRig_mWing4Left" name="mWing4Left" sid="mWing4Left" type="JOINT">
                                <matrix sid="transform">1 0 0 -0.171 0 1 0 0.173 0 0 1 0 0 0 0 1</matrix>
                                <extra>
                                  <technique profile="blender">
                                    <layer sid="layer" type="string">0</layer>
                                    <tip_x sid="tip_x" type="float">0</tip_x>
                                    <tip_y sid="tip_y" type="float">0.02999997</tip_y>
                                    <tip_z sid="tip_z" type="float">0</tip_z>
                                  </technique>
                                </extra>
                              </node>
                              <node id="GanondorfRig_mWing4FanLeft" name="mWing4FanLeft" sid="mWing4FanLeft" type="JOINT">
                                <matrix sid="transform">1 0 0 -0.171 0 1 0 0.173 0 0 1 0 0 0 0 1</matrix>
                                <extra>
                                  <technique profile="blender">
                                    <layer sid="layer" type="string">0</layer>
                                    <tip_x sid="tip_x" type="float">0</tip_x>
                                    <tip_y sid="tip_y" type="float">0.02999997</tip_y>
                                    <tip_z sid="tip_z" type="float">0</tip_z>
                                  </technique>
                                </extra>
                              </node>
                              <extra>
                                <technique profile="blender">
                                  <layer sid="layer" type="string">0</layer>
                                  <tip_x sid="tip_x" type="float">0</tip_x>
                                  <tip_y sid="tip_y" type="float">0.02999997</tip_y>
                                  <tip_z sid="tip_z" type="float">0</tip_z>
                                </technique>
                              </extra>
                            </node>
                            <extra>
                              <technique profile="blender">
                                <layer sid="layer" type="string">0</layer>
                                <tip_x sid="tip_x" type="float">0</tip_x>
                                <tip_y sid="tip_y" type="float">0.02999997</tip_y>
                                <tip_z sid="tip_z" type="float">0</tip_z>
                              </technique>
                            </extra>
                          </node>
                          <extra>
                            <technique profile="blender">
                              <layer sid="layer" type="string">0</layer>
                              <tip_x sid="tip_x" type="float">0</tip_x>
                              <tip_y sid="tip_y" type="float">0.02999997</tip_y>
                              <tip_z sid="tip_z" type="float">0</tip_z>
                            </technique>
                          </extra>
                        </node>
                        <node id="GanondorfRig_mWing1Right" name="mWing1Right" sid="mWing1Right" type="JOINT">
                          <matrix sid="transform">1 0 0 -0.09900001 0 1 0 -0.105 0 0 1 0.181 0 0 0 1</matrix>
                          <node id="GanondorfRig_mWing2Right" name="mWing2Right" sid="mWing2Right" type="JOINT">
                            <matrix sid="transform">1 0 0 -0.168 0 1 0 -0.169 0 0 1 0.06700003 0 0 0 1</matrix>
                            <node id="GanondorfRig_mWing3Right" name="mWing3Right" sid="mWing3Right" type="JOINT">
                              <matrix sid="transform">1 0 0 -0.181 0 1 0 -0.183 0 0 1 0 0 0 0 1</matrix>
                              <node id="GanondorfRig_mWing4Right" name="mWing4Right" sid="mWing4Right" type="JOINT">
                                <matrix sid="transform">1 0 0 -0.171 0 1 0 -0.173 0 0 1 0 0 0 0 1</matrix>
                                <extra>
                                  <technique profile="blender">
                                    <layer sid="layer" type="string">0</layer>
                                    <tip_x sid="tip_x" type="float">0</tip_x>
                                    <tip_y sid="tip_y" type="float">0.02999997</tip_y>
                                    <tip_z sid="tip_z" type="float">0</tip_z>
                                  </technique>
                                </extra>
                              </node>
                              <node id="GanondorfRig_mWing4FanRight" name="mWing4FanRight" sid="mWing4FanRight" type="JOINT">
                                <matrix sid="transform">1 0 0 -0.171 0 1 0 -0.173 0 0 1 0 0 0 0 1</matrix>
                                <extra>
                                  <technique profile="blender">
                                    <layer sid="layer" type="string">0</layer>
                                    <tip_x sid="tip_x" type="float">0</tip_x>
                                    <tip_y sid="tip_y" type="float">0.02999997</tip_y>
                                    <tip_z sid="tip_z" type="float">0</tip_z>
                                  </technique>
                                </extra>
                              </node>
                              <extra>
                                <technique profile="blender">
                                  <layer sid="layer" type="string">0</layer>
                                  <tip_x sid="tip_x" type="float">0</tip_x>
                                  <tip_y sid="tip_y" type="float">0.02999997</tip_y>
                                  <tip_z sid="tip_z" type="float">0</tip_z>
                                </technique>
                              </extra>
                            </node>
                            <extra>
                              <technique profile="blender">
                                <layer sid="layer" type="string">0</layer>
                                <tip_x sid="tip_x" type="float">0</tip_x>
                                <tip_y sid="tip_y" type="float">0.02999997</tip_y>
                                <tip_z sid="tip_z" type="float">0</tip_z>
                              </technique>
                            </extra>
                          </node>
                          <extra>
                            <technique profile="blender">
                              <layer sid="layer" type="string">0</layer>
                              <tip_x sid="tip_x" type="float">0</tip_x>
                              <tip_y sid="tip_y" type="float">0.02999997</tip_y>
                              <tip_z sid="tip_z" type="float">0</tip_z>
                            </technique>
                          </extra>
                        </node>
                        <extra>
                          <technique profile="blender">
                            <layer sid="layer" type="string">0</layer>
                            <tip_x sid="tip_x" type="float">0</tip_x>
                            <tip_y sid="tip_y" type="float">0.02999997</tip_y>
                            <tip_z sid="tip_z" type="float">0</tip_z>
                          </technique>
                        </extra>
                      </node>
                      <extra>
                        <technique profile="blender">
                          <layer sid="layer" type="string">0</layer>
                          <tip_x sid="tip_x" type="float">0</tip_x>
                          <tip_y sid="tip_y" type="float">0.02999997</tip_y>
                          <tip_z sid="tip_z" type="float">0</tip_z>
                        </technique>
                      </extra>
                    </node>
                    <extra>
                      <technique profile="blender">
                        <layer sid="layer" type="string">0</layer>
                        <tip_x sid="tip_x" type="float">0</tip_x>
                        <tip_y sid="tip_y" type="float">0.02999997</tip_y>
                        <tip_z sid="tip_z" type="float">0</tip_z>
                      </technique>
                    </extra>
                  </node>
                  <extra>
                    <technique profile="blender">
                      <layer sid="layer" type="string">0</layer>
                      <tip_x sid="tip_x" type="float">0</tip_x>
                      <tip_y sid="tip_y" type="float">0.02999997</tip_y>
                      <tip_z sid="tip_z" type="float">0</tip_z>
                    </technique>
                  </extra>
                </node>
                <extra>
                  <technique profile="blender">
                    <layer sid="layer" type="string">0</layer>
                    <tip_x sid="tip_x" type="float">0</tip_x>
                    <tip_y sid="tip_y" type="float">0.02999997</tip_y>
                    <tip_z sid="tip_z" type="float">0</tip_z>
                  </technique>
                </extra>
              </node>
              <extra>
                <technique profile="blender">
                  <layer sid="layer" type="string">0</layer>
                  <tip_x sid="tip_x" type="float">0</tip_x>
                  <tip_y sid="tip_y" type="float">0.02999997</tip_y>
                  <tip_z sid="tip_z" type="float">0</tip_z>
                </technique>
              </extra>
            </node>
            <extra>
              <technique profile="blender">
                <layer sid="layer" type="string">0</layer>
                <tip_x sid="tip_x" type="float">0</tip_x>
                <tip_y sid="tip_y" type="float">0.02999997</tip_y>
                <tip_z sid="tip_z" type="float">0</tip_z>
              </technique>
            </extra>
          </node>
          <node id="GanondorfRig_mHipRight" name="mHipRight" sid="mHipRight" type="JOINT">
            <matrix sid="transform">1 0 0 0.034 0 1 0 -0.129 0 0 1 -0.04100001 0 0 0 1</matrix>
            <node id="GanondorfRig_R_UPPER_LEG" name="R_UPPER_LEG" sid="R_UPPER_LEG" type="JOINT">
              <matrix sid="transform">1 0 0 -0.02 0 1 0 0.04999999 0 0 1 -0.22 0 0 0 1</matrix>
              <extra>
                <technique profile="blender">
                  <layer sid="layer" type="string">0</layer>
                  <tip_x sid="tip_x" type="float">0</tip_x>
                  <tip_y sid="tip_y" type="float">0.02999997</tip_y>
                  <tip_z sid="tip_z" type="float">0</tip_z>
                </technique>
              </extra>
            </node>
            <node id="GanondorfRig_mKneeRight" name="mKneeRight" sid="mKneeRight" type="JOINT">
              <matrix sid="transform">1 0 0 -0.001000002 0 1 0 0.04899999 0 0 1 -0.491 0 0 0 1</matrix>
              <node id="GanondorfRig_R_LOWER_LEG" name="R_LOWER_LEG" sid="R_LOWER_LEG" type="JOINT">
                <matrix sid="transform">1 0 0 -0.02 0 1 0 0 0 0 1 -0.2 0 0 0 1</matrix>
                <extra>
                  <technique profile="blender">
                    <layer sid="layer" type="string">0</layer>
                    <tip_x sid="tip_x" type="float">0</tip_x>
                    <tip_y sid="tip_y" type="float">0.02999997</tip_y>
                    <tip_z sid="tip_z" type="float">0</tip_z>
                  </technique>
                </extra>
              </node>
              <node id="GanondorfRig_mAnkleRight" name="mAnkleRight" sid="mAnkleRight" type="JOINT">
                <matrix sid="transform">1 0 0 -0.029 0 1 0 0 0 0 1 -0.468 0 0 0 1</matrix>
                <node id="GanondorfRig_R_FOOT" name="R_FOOT" sid="R_FOOT" type="JOINT">
                  <matrix sid="transform">1 0 1.49012e-8 0.077 0 1 0 0 -1.49012e-8 0 1 -0.041 0 0 0 1</matrix>
                  <extra>
                    <technique profile="blender">
                      <layer sid="layer" type="string">0</layer>
                      <roll sid="roll" type="float">0.1745329</roll>
                      <tip_x sid="tip_x" type="float">0</tip_x>
                      <tip_y sid="tip_y" type="float">0.02999997</tip_y>
                      <tip_z sid="tip_z" type="float">0</tip_z>
                    </technique>
                  </extra>
                </node>
                <node id="GanondorfRig_mFootRight" name="mFootRight" sid="mFootRight" type="JOINT">
                  <matrix sid="transform">1 0 0 0.112 0 1 0 0 0 0 1 -0.061 0 0 0 1</matrix>
                  <node id="GanondorfRig_mToeRight" name="mToeRight" sid="mToeRight" type="JOINT">
                    <matrix sid="transform">1 0 0 0.109 0 1 0 0 0 0 1 0 0 0 0 1</matrix>
                    <extra>
                      <technique profile="blender">
                        <layer sid="layer" type="string">0</layer>
                        <tip_x sid="tip_x" type="float">0</tip_x>
                        <tip_y sid="tip_y" type="float">0.02999997</tip_y>
                        <tip_z sid="tip_z" type="float">0</tip_z>
                      </technique>
                    </extra>
                  </node>
                  <extra>
                    <technique profile="blender">
                      <layer sid="layer" type="string">0</layer>
                      <tip_x sid="tip_x" type="float">0</tip_x>
                      <tip_y sid="tip_y" type="float">0.02999997</tip_y>
                      <tip_z sid="tip_z" type="float">0</tip_z>
                    </technique>
                  </extra>
                </node>
                <extra>
                  <technique profile="blender">
                    <layer sid="layer" type="string">0</layer>
                    <tip_x sid="tip_x" type="float">0</tip_x>
                    <tip_y sid="tip_y" type="float">0.02999997</tip_y>
                    <tip_z sid="tip_z" type="float">0</tip_z>
                  </technique>
                </extra>
              </node>
              <extra>
                <technique profile="blender">
                  <layer sid="layer" type="string">0</layer>
                  <tip_x sid="tip_x" type="float">0</tip_x>
                  <tip_y sid="tip_y" type="float">0.02999997</tip_y>
                  <tip_z sid="tip_z" type="float">0</tip_z>
                </technique>
              </extra>
            </node>
            <extra>
              <technique profile="blender">
                <layer sid="layer" type="string">0</layer>
                <tip_x sid="tip_x" type="float">0</tip_x>
                <tip_y sid="tip_y" type="float">0.02999997</tip_y>
                <tip_z sid="tip_z" type="float">0</tip_z>
              </technique>
            </extra>
          </node>
          <node id="GanondorfRig_mHipLeft" name="mHipLeft" sid="mHipLeft" type="JOINT">
            <matrix sid="transform">1 0 0 0.034 0 1 0 0.127 0 0 1 -0.04100001 0 0 0 1</matrix>
            <node id="GanondorfRig_L_UPPER_LEG" name="L_UPPER_LEG" sid="L_UPPER_LEG" type="JOINT">
              <matrix sid="transform">1 0 0 -0.02 0 1 0 -0.05 0 0 1 -0.22 0 0 0 1</matrix>
              <extra>
                <technique profile="blender">
                  <layer sid="layer" type="string">0</layer>
                  <tip_x sid="tip_x" type="float">0</tip_x>
                  <tip_y sid="tip_y" type="float">0.02999997</tip_y>
                  <tip_z sid="tip_z" type="float">0</tip_z>
                </technique>
              </extra>
            </node>
            <node id="GanondorfRig_mKneeLeft" name="mKneeLeft" sid="mKneeLeft" type="JOINT">
              <matrix sid="transform">1 0 0 -0.001000002 0 1 0 -0.046 0 0 1 -0.491 0 0 0 1</matrix>
              <node id="GanondorfRig_L_LOWER_LEG" name="L_LOWER_LEG" sid="L_LOWER_LEG" type="JOINT">
                <matrix sid="transform">1 0 0 -0.02 0 1 0 0 0 0 1 -0.2 0 0 0 1</matrix>
                <extra>
                  <technique profile="blender">
                    <layer sid="layer" type="string">0</layer>
                    <tip_x sid="tip_x" type="float">0</tip_x>
                    <tip_y sid="tip_y" type="float">0.02999997</tip_y>
                    <tip_z sid="tip_z" type="float">0</tip_z>
                  </technique>
                </extra>
              </node>
              <node id="GanondorfRig_mAnkleLeft" name="mAnkleLeft" sid="mAnkleLeft" type="JOINT">
                <matrix sid="transform">1 0 0 -0.029 0 1 0 0.001000002 0 0 1 -0.468 0 0 0 1</matrix>
                <node id="GanondorfRig_L_FOOT" name="L_FOOT" sid="L_FOOT" type="JOINT">
                  <matrix sid="transform">1 0 1.49012e-8 0.077 0 1 0 0 -1.49012e-8 0 1 -0.041 0 0 0 1</matrix>
                  <extra>
                    <technique profile="blender">
                      <layer sid="layer" type="string">0</layer>
                      <roll sid="roll" type="float">0.1745329</roll>
                      <tip_x sid="tip_x" type="float">0</tip_x>
                      <tip_y sid="tip_y" type="float">0.02999997</tip_y>
                      <tip_z sid="tip_z" type="float">0</tip_z>
                    </technique>
                  </extra>
                </node>
                <node id="GanondorfRig_mFootLeft" name="mFootLeft" sid="mFootLeft" type="JOINT">
                  <matrix sid="transform">1 0 0 0.112 0 1 0 0 0 0 1 -0.061 0 0 0 1</matrix>
                  <node id="GanondorfRig_mToeLeft" name="mToeLeft" sid="mToeLeft" type="JOINT">
                    <matrix sid="transform">1 0 0 0.109 0 1 0 0 0 0 1 0 0 0 0 1</matrix>
                    <extra>
                      <technique profile="blender">
                        <layer sid="layer" type="string">0</layer>
                        <tip_x sid="tip_x" type="float">0</tip_x>
                        <tip_y sid="tip_y" type="float">0.02999997</tip_y>
                        <tip_z sid="tip_z" type="float">0</tip_z>
                      </technique>
                    </extra>
                  </node>
                  <extra>
                    <technique profile="blender">
                      <layer sid="layer" type="string">0</layer>
                      <tip_x sid="tip_x" type="float">0</tip_x>
                      <tip_y sid="tip_y" type="float">0.02999997</tip_y>
                      <tip_z sid="tip_z" type="float">0</tip_z>
                    </technique>
                  </extra>
                </node>
                <extra>
                  <technique profile="blender">
                    <layer sid="layer" type="string">0</layer>
                    <tip_x sid="tip_x" type="float">0</tip_x>
                    <tip_y sid="tip_y" type="float">0.02999997</tip_y>
                    <tip_z sid="tip_z" type="float">0</tip_z>
                  </technique>
                </extra>
              </node>
              <extra>
                <technique profile="blender">
                  <layer sid="layer" type="string">0</layer>
                  <tip_x sid="tip_x" type="float">0</tip_x>
                  <tip_y sid="tip_y" type="float">0.02999997</tip_y>
                  <tip_z sid="tip_z" type="float">0</tip_z>
                </technique>
              </extra>
            </node>
            <extra>
              <technique profile="blender">
                <layer sid="layer" type="string">0</layer>
                <tip_x sid="tip_x" type="float">0</tip_x>
                <tip_y sid="tip_y" type="float">0.02999997</tip_y>
                <tip_z sid="tip_z" type="float">0</tip_z>
              </technique>
            </extra>
          </node>
          <node id="GanondorfRig_mTail1" name="mTail1" sid="mTail1" type="JOINT">
            <matrix sid="transform">1 0 0 -0.116 0 1 0 0 0 0 1 0.04699993 0 0 0 1</matrix>
            <node id="GanondorfRig_mTail2" name="mTail2" sid="mTail2" type="JOINT">
              <matrix sid="transform">1 0 0 -0.197 0 1 0 0 0 0 1 0 0 0 0 1</matrix>
              <node id="GanondorfRig_mTail3" name="mTail3" sid="mTail3" type="JOINT">
                <matrix sid="transform">1 0 0 -0.168 0 1 0 0 0 0 1 0 0 0 0 1</matrix>
                <node id="GanondorfRig_mTail4" name="mTail4" sid="mTail4" type="JOINT">
                  <matrix sid="transform">1 0 0 -0.142 0 1 0 0 0 0 1 0 0 0 0 1</matrix>
                  <node id="GanondorfRig_mTail5" name="mTail5" sid="mTail5" type="JOINT">
                    <matrix sid="transform">1 0 0 -0.112 0 1 0 0 0 0 1 0 0 0 0 1</matrix>
                    <node id="GanondorfRig_mTail6" name="mTail6" sid="mTail6" type="JOINT">
                      <matrix sid="transform">1 0 0 -0.09399998 0 1 0 0 0 0 1 0 0 0 0 1</matrix>
                      <extra>
                        <technique profile="blender">
                          <layer sid="layer" type="string">0</layer>
                          <tip_x sid="tip_x" type="float">0</tip_x>
                          <tip_y sid="tip_y" type="float">0.02999997</tip_y>
                          <tip_z sid="tip_z" type="float">0</tip_z>
                        </technique>
                      </extra>
                    </node>
                    <extra>
                      <technique profile="blender">
                        <layer sid="layer" type="string">0</layer>
                        <tip_x sid="tip_x" type="float">0</tip_x>
                        <tip_y sid="tip_y" type="float">0.02999997</tip_y>
                        <tip_z sid="tip_z" type="float">0</tip_z>
                      </technique>
                    </extra>
                  </node>
                  <extra>
                    <technique profile="blender">
                      <layer sid="layer" type="string">0</layer>
                      <tip_x sid="tip_x" type="float">0</tip_x>
                      <tip_y sid="tip_y" type="float">0.02999997</tip_y>
                      <tip_z sid="tip_z" type="float">0</tip_z>
                    </technique>
                  </extra>
                </node>
                <extra>
                  <technique profile="blender">
                    <layer sid="layer" type="string">0</layer>
                    <tip_x sid="tip_x" type="float">0</tip_x>
                    <tip_y sid="tip_y" type="float">0.02999997</tip_y>
                    <tip_z sid="tip_z" type="float">0</tip_z>
                  </technique>
                </extra>
              </node>
              <extra>
                <technique profile="blender">
                  <layer sid="layer" type="string">0</layer>
                  <tip_x sid="tip_x" type="float">0</tip_x>
                  <tip_y sid="tip_y" type="float">0.02999997</tip_y>
                  <tip_z sid="tip_z" type="float">0</tip_z>
                </technique>
              </extra>
            </node>
            <extra>
              <technique profile="blender">
                <layer sid="layer" type="string">0</layer>
                <tip_x sid="tip_x" type="float">0</tip_x>
                <tip_y sid="tip_y" type="float">0.02999997</tip_y>
                <tip_z sid="tip_z" type="float">0</tip_z>
              </technique>
            </extra>
          </node>
          <node id="GanondorfRig_mGroin" name="mGroin" sid="mGroin" type="JOINT">
            <matrix sid="transform">1 0 0 0.064 0 1 0 0 0 0 1 -0.097 0 0 0 1</matrix>
            <extra>
              <technique profile="blender">
                <layer sid="layer" type="string">0</layer>
                <tip_x sid="tip_x" type="float">0</tip_x>
                <tip_y sid="tip_y" type="float">0.02999997</tip_y>
                <tip_z sid="tip_z" type="float">0</tip_z>
              </technique>
            </extra>
          </node>
          <node id="GanondorfRig_mHindLimbsRoot" name="mHindLimbsRoot" sid="mHindLimbsRoot" type="JOINT">
            <matrix sid="transform">1 0 0 -0.2 0 1 0 0 0 0 1 0.08399999 0 0 0 1</matrix>
            <node id="GanondorfRig_mHindLimb1Left" name="mHindLimb1Left" sid="mHindLimb1Left" type="JOINT">
              <matrix sid="transform">1 0 0 -0.204 0 1 0 0.129 0 0 1 -0.125 0 0 0 1</matrix>
              <node id="GanondorfRig_mHindLimb2Left" name="mHindLimb2Left" sid="mHindLimb2Left" type="JOINT">
                <matrix sid="transform">1 0 0 0.002000004 0 1 0 -0.046 0 0 1 -0.491 0 0 0 1</matrix>
                <node id="GanondorfRig_mHindLimb3Left" name="mHindLimb3Left" sid="mHindLimb3Left" type="JOINT">
                  <matrix sid="transform">1 0 0 -0.03 0 1 0 -0.002999999 0 0 1 -0.468 0 0 0 1</matrix>
                  <node id="GanondorfRig_mHindLimb4Left" name="mHindLimb4Left" sid="mHindLimb4Left" type="JOINT">
                    <matrix sid="transform">1 0 0 0.112 0 1 0 0 0 0 1 -0.061 0 0 0 1</matrix>
                    <extra>
                      <technique profile="blender">
                        <layer sid="layer" type="string">0</layer>
                        <tip_x sid="tip_x" type="float">0</tip_x>
                        <tip_y sid="tip_y" type="float">0.02999997</tip_y>
                        <tip_z sid="tip_z" type="float">0</tip_z>
                      </technique>
                    </extra>
                  </node>
                  <extra>
                    <technique profile="blender">
                      <layer sid="layer" type="string">0</layer>
                      <tip_x sid="tip_x" type="float">0</tip_x>
                      <tip_y sid="tip_y" type="float">0.02999997</tip_y>
                      <tip_z sid="tip_z" type="float">0</tip_z>
                    </technique>
                  </extra>
                </node>
                <extra>
                  <technique profile="blender">
                    <layer sid="layer" type="string">0</layer>
                    <tip_x sid="tip_x" type="float">0</tip_x>
                    <tip_y sid="tip_y" type="float">0.02999997</tip_y>
                    <tip_z sid="tip_z" type="float">0</tip_z>
                  </technique>
                </extra>
              </node>
              <extra>
                <technique profile="blender">
                  <layer sid="layer" type="string">0</layer>
                  <tip_x sid="tip_x" type="float">0</tip_x>
                  <tip_y sid="tip_y" type="float">0.02999997</tip_y>
                  <tip_z sid="tip_z" type="float">0</tip_z>
                </technique>
              </extra>
            </node>
            <node id="GanondorfRig_mHindLimb1Right" name="mHindLimb1Right" sid="mHindLimb1Right" type="JOINT">
              <matrix sid="transform">1 0 0 -0.204 0 1 0 -0.129 0 0 1 -0.125 0 0 0 1</matrix>
              <node id="GanondorfRig_mHindLimb2Right" name="mHindLimb2Right" sid="mHindLimb2Right" type="JOINT">
                <matrix sid="transform">1 0 0 0.002000004 0 1 0 0.046 0 0 1 -0.491 0 0 0 1</matrix>
                <node id="GanondorfRig_mHindLimb3Right" name="mHindLimb3Right" sid="mHindLimb3Right" type="JOINT">
                  <matrix sid="transform">1 0 0 -0.03 0 1 0 0.002999999 0 0 1 -0.468 0 0 0 1</matrix>
                  <node id="GanondorfRig_mHindLimb4Right" name="mHindLimb4Right" sid="mHindLimb4Right" type="JOINT">
                    <matrix sid="transform">1 0 0 0.112 0 1 0 0 0 0 1 -0.061 0 0 0 1</matrix>
                    <extra>
                      <technique profile="blender">
                        <layer sid="layer" type="string">0</layer>
                        <tip_x sid="tip_x" type="float">0</tip_x>
                        <tip_y sid="tip_y" type="float">0.02999997</tip_y>
                        <tip_z sid="tip_z" type="float">0</tip_z>
                      </technique>
                    </extra>
                  </node>
                  <extra>
                    <technique profile="blender">
                      <layer sid="layer" type="string">0</layer>
                      <tip_x sid="tip_x" type="float">0</tip_x>
                      <tip_y sid="tip_y" type="float">0.02999997</tip_y>
                      <tip_z sid="tip_z" type="float">0</tip_z>
                    </technique>
                  </extra>
                </node>
                <extra>
                  <technique profile="blender">
                    <layer sid="layer" type="string">0</layer>
                    <tip_x sid="tip_x" type="float">0</tip_x>
                    <tip_y sid="tip_y" type="float">0.02999997</tip_y>
                    <tip_z sid="tip_z" type="float">0</tip_z>
                  </technique>
                </extra>
              </node>
              <extra>
                <technique profile="blender">
                  <layer sid="layer" type="string">0</layer>
                  <tip_x sid="tip_x" type="float">0</tip_x>
                  <tip_y sid="tip_y" type="float">0.02999997</tip_y>
                  <tip_z sid="tip_z" type="float">0</tip_z>
                </technique>
              </extra>
            </node>
            <extra>
              <technique profile="blender">
                <layer sid="layer" type="string">0</layer>
                <tip_x sid="tip_x" type="float">0</tip_x>
                <tip_y sid="tip_y" type="float">0.02999997</tip_y>
                <tip_z sid="tip_z" type="float">0</tip_z>
              </technique>
            </extra>
          </node>
          <extra>
            <technique profile="blender">
              <layer sid="layer" type="string">0</layer>
              <tip_x sid="tip_x" type="float">0</tip_x>
              <tip_y sid="tip_y" type="float">0.02999997</tip_y>
              <tip_z sid="tip_z" type="float">0</tip_z>
            </technique>
          </extra>
        </node>
        <node id="GanondorfEarrings" name="GanondorfEarrings" type="NODE">
          <matrix sid="transform">1 0 0 0 0 1 0 0 0 0 1 0 0 0 0 1</matrix>
          <instance_controller url="#GanondorfRig_GanondorfEarrings-skin">
            <skeleton>#GanondorfRig_mPelvis</skeleton>
            <bind_material>
              <technique_common>
                <instance_material symbol="Gold-material" target="#Gold-material">
                  <bind_vertex_input semantic="UVMap" input_semantic="TEXCOORD" input_set="0"/>
                </instance_material>
              </technique_common>
            </bind_material>
          </instance_controller>
        </node>
      </node>
    </visual_scene>
  </library_visual_scenes>
  <scene>
    <instance_visual_scene url="#Scene"/>
  </scene>
</COLLADA>