<?xml version="1.0" encoding="utf-8"?>
<COLLADA xmlns="http://www.collada.org/2005/11/COLLADASchema" version="1.4.1" xmlns:xsi="http://www.w3.org/2001/XMLSchema-instance">
  <asset>
    <contributor>
      <author>Blender User</author>
      <authoring_tool>Blender 3.6.19 commit date:2024-12-16, commit time:12:51, hash:56679ff9b2b2</authoring_tool>
    </contributor>
    <created>2026-07-17T17:34:59</created>
    <modified>2026-07-17T17:34:59</modified>
    <unit name="meter" meter="1"/>
    <up_axis>Z_UP</up_axis>
  </asset>
  <library_effects>
    <effect id="LegWrap-effect">
      <profile_COMMON>
        <technique sid="common">
          <lambert>
            <emission>
              <color sid="emission">0 0 0 1</color>
            </emission>
            <diffuse>
              <color sid="diffuse">0.32 0.3 0.24 1</color>
            </diffuse>
            <reflectivity>
              <float sid="specular">0.5</float>
            </reflectivity>
          </lambert>
        </technique>
      </profile_COMMON>
    </effect>
  </library_effects>
  <library_images/>
  <library_materials>
    <material id="LegWrap-material" name="LegWrap">
      <instance_effect url="#LegWrap-effect"/>
    </material>
  </library_materials>
  <library_geometries>
    <geometry id="GanondorfAnkletLeft-mesh" name="GanondorfAnkletLeft">
      <mesh>
        <source id="GanondorfAnkletLeft-mesh-positions">
          <float_array id="GanondorfAnkletLeft-mesh-positions-array" count="1575">-0.01090216 0.1748321 0.2949146 0.01163941 0.03974986 0.1436009 -0.01450628 0.04233753 0.1478872 -0.04123675 0.08416473 0.1525829 -0.008424639 0.1219483 0.1425281 0.04594051 0.1166939 0.1466474 0.01004511 0.130151 0.2021142 -0.01686072 0.03713923 0.2048038 0.00200361 0.1336987 0.07999908 0.06934863 0.0833773 0.09509974 -0.0565558 0.08341419 0.05306518 0.04316419 0.05381786 0.151412 0.001367807 0.03062671 0.07991832 0.06738251 0.04438096 0.07357954 0.06561464 0.1227434 0.0731191 0.006589055 0.1289252 0.116238 -0.03149878 0.1049372 0.1423698 -0.04153388 0.08370167 0.1248714 0.02669149 0.03987926 0.09394741 -0.004524886 0.01092994 0.3254829 0.05809932 0.08685314 0.146237 -0.03121882 0.1701614 0.3113648 0.04327273 0.1456874 0.2626677 -0.003283858 0.1735912 0.3136511 0.05138707 0.10901 0.1201738 -0.01233953 0.01820778 0.2623898 -0.05831217 0.04215526 0.2586858 0.06040382 0.08353769 0.123493 -0.01573187 0.1214919 0.1183237 -0.04399323 0.1169888 0.05403262 -0.04406988 0.04987406 0.0537371 0.08075654 0.08345675 0.08200722 -0.0460723 0.0832296 0.08660119 -0.02170723 0.1336175 0.04792797 0.0905947 0.1199053 0.06177747 0.06312376 0.05658745 0.09079515 0.03859961 0.1285114 0.076415 0.01995193 0.1275035 0.1450198 -0.01774555 0.04138898 0.1712436 0.06240725 0.1286411 0.3229859 -0.03318369 0.06071573 0.1149083 0.006328284 0.03703153 0.1140046 0.05068385 0.0577929 0.120836 -0.01288461 0.04309207 0.1227058 0.0617181 0.07917648 0.2191227 0.02991968 0.123739 0.1231862 0.05182158 0.05137699 0.1000202 -0.05867344 0.03042942 0.3219417 0.06242328 0.05435234 0.268879 -0.05036735 0.1333277 0.2563703 -0.07516211 0.08820945 0.2579314 0.02815586 0.1261684 0.09340667 0.02869164 0.1571312 0.3252333 0.05020743 0.115224 0.09898871 -0.08710646 0.08253782 0.3216292 -0.06931674 0.1394825 0.3221094 -0.02858132 0.1168234 0.2025544 0.04139381 0.02370232 0.3267941 0.06272286 0.1116141 0.2183038 -0.04246079 0.1038786 0.0748251 0.06138139 0.1104642 0.09033644 0.09096616 0.04741919 0.06191813 0.008113563 0.1364527 0.05012422 -0.02145695 0.1230115 0.0836721 -0.02145338 0.04312247 0.08375591 -0.02186667 0.03302621 0.04749637 -0.04248982 0.06262975 0.07475823 0.04318064 0.03835791 0.07860755 -0.0356673 0.05977541 0.1479654 0.04763823 0.05115276 0.2243884 -0.04108852 0.08441233 0.1759621 -0.04965251 0.09068858 0.2088376 0.02757143 0.04291534 0.1246029 0.04264414 0.05538922 0.1845939 -0.02381765 0.1107551 0.1679936 0.04390013 0.1315696 0.2133756 0.004182815 0.1248731 0.1682639 0.0288797 0.1277257 0.1739893 0.06749641 0.05783164 0.3245692 0.07522326 0.09570205 0.3221936 -0.03172612 0.1054983 0.1144684 -0.04484659 0.05937105 0.2052689 0.06311964 0.08331584 0.1054712 -0.03568089 0.05756866 0.1729669 0.01275211 0.03947925 0.1728033 0.02022588 0.03591549 0.2143191 0.05185878 0.1136488 0.178211 0.06893265 0.1220184 0.2660455 0.03387337 0.02548646 0.2679596 0.07468771 0.09077394 0.2676398 0.05648964 0.08440786 0.1798281 0.05196255 0.0325402 0.05660057 0.1018044 0.08352726 0.07039421 0.008662283 0.0301215 0.04964661 0.05126184 0.1344004 0.05679446 -0.04116028 0.07243973 0.09968078 -0.006768405 0.1261015 0.1182567 -0.04082971 0.09396588 0.09966772 0.01416212 0.0336247 0.08630943 0.005041837 0.03292125 0.09814751 0.05830842 0.07166892 0.1230679 -0.03233867 0.01612514 0.3235397 0.02915018 0.124427 0.109623 0.03909951 0.1536199 0.2936064 0.0407775 0.1211717 0.09644645 -0.04555612 0.09417998 0.0793603 0.01694542 0.1310156 0.07124751 -0.009116232 0.03417748 0.08236992 -0.01084583 0.02987408 0.06414115 -0.0455709 0.0722692 0.07932507 0.07095444 0.07289564 0.2679044 -0.01572889 0.1176717 0.1561485 0.04400449 0.1390937 0.2358121 -0.04851979 0.07385873 0.2044698 0.06214791 0.08329397 0.1156943 -0.0378977 0.05665969 0.1864851 0.05904835 0.1356056 0.2642204 0.07498466 0.107563 0.266715 0.02956426 0.03039956 0.05292916 -0.008792102 0.03091204 0.0476011 -0.006892442 0.1276219 0.1006177 -0.0300396 0.130402 0.04978156 0.05684167 0.1399427 0.2928815 0.01944118 0.1271426 0.1201252 -0.03967875 0.1586007 0.2888664 0.03113609 0.127413 0.08218038 0.04328161 0.1227755 0.08899515 -0.04999452 0.159132 0.3195033 -0.009659767 0.1244717 0.200973 0.05627131 0.0362088 0.2971985 -0.04834812 0.1105654 0.05476421 0.04955458 0.1225224 0.08414775 0.01869863 0.1284127 0.1050624 0.02234917 0.1324267 0.06431633 -0.03939896 0.1221675 0.05374741 -0.0833441 0.1127774 0.3220827 0.05607461 0.05328524 0.244099 -0.008636653 0.1197279 0.1836909 0.01178139 0.127265 0.1575794 0.02494978 0.1279691 0.1587853 0.06751459 0.05595231 0.2962493 0.07367116 0.07722318 0.323156 -0.02701121 0.1136385 0.09933531 0.01657378 0.03844356 0.1920033 0.05113881 0.03807908 0.2683907 0.07440471 0.07531481 0.2953345 0.04612487 0.03321272 0.06668496 0.003426432 0.03003728 0.06483757 0.02544891 0.03429239 0.06569826 0.04241973 0.1337109 0.06534874 0.02372473 0.1564438 0.2636846 -0.00840336 0.1751087 0.3013244 0.07387828 0.08338826 0.09103494 0.06770366 0.07027029 0.09412324 -0.03523647 0.06078839 0.1334212 0.05486178 0.1245523 0.2158799 0.05663669 0.100318 0.162534 0.01534229 0.1274095 0.1718057 -0.0233401 0.1148775 0.1180945 0.05968803 0.06405991 0.1037366 0.06690955 0.1187413 0.2411196 0.07073432 0.103874 0.241989 0.05978757 0.1000325 0.1979033 0.05770635 0.08477491 0.1633015 0.1101424 0.08357816 0.06439882 0.05641156 0.1146233 0.1969898 0.06713044 0.08334159 0.09882372 -0.02345567 0.05053097 0.1190431 0.009701311 0.1677019 0.3225602 0.06729459 0.09658044 0.09407228 -0.00894469 0.135618 0.04812407 -0.02328968 0.1297717 0.06395179 -0.02700203 0.05254346 0.09940415 -0.03658849 0.06228178 0.0937305 0.04706239 0.04397022 0.09110015 -0.03797179 0.09556943 0.1338246 -0.03585869 0.03659403 0.2306335 0.0584836 0.09524708 0.122768 0.07559484 0.05920296 0.07824063 0.06464904 0.04889941 0.08160758 -0.03954041 0.0447207 0.0534864 -0.01795107 0.1218641 0.1040142 -0.03237831 0.04597908 0.2045769 0.05918371 0.0979672 0.1128427 -0.02679979 0.04598921 0.1873826 -0.003671169 0.03786867 0.1734107 0.02738618 0.03014516 0.2398845 0.06241589 0.03562051 0.06569254 0.09998369 0.06671816 0.06888437 0.07325822 0.03810709 0.0597884 0.03969323 0.1188122 0.1210616 0.04038178 0.119282 0.107312 0.05140411 0.1124282 0.1083055 -0.03114432 0.1056572 0.1313015 0.01617825 0.1651602 0.2964862 0.07824492 0.0445398 0.06889909 0.1029402 0.05896919 0.06317532 -0.01678472 0.04399263 0.104947 -0.03030377 0.03640466 0.04948908 -0.04838913 0.05626648 0.05450588 0.0558018 0.03922826 0.07554686 -0.004321277 0.03948521 0.1193765 0.06944137 0.1258828 0.293455 0.0155161 0.1312192 0.08622002 -0.07838839 0.05351781 0.3213916 0.003606617 0.1349188 0.06525808 0.1026741 0.1083703 0.06297862 -0.03270852 0.1134459 0.07903593 -0.006920635 0.03830051 0.100483 0.06980627 0.08683919 0.242272 0.0389328 0.1233543 0.1599009 0.01755559 0.03935408 0.1207286 -0.03633892 0.1040562 0.09374386 0.02940982 0.04544681 0.1767011 0.03153115 0.04497569 0.1958552 0.04158967 0.1232745 0.1759437 0.05131155 0.06887918 0.1797905 0.09988862 0.1004793 0.06878501 0.07274627 0.1290511 0.05980938 0.006209611 0.02553033 0.2365373 -0.008609175 0.1307553 0.08226633 0.01285272 0.01821595 0.2651664 0.005748212 0.1318539 0.09830063 0.0435732 0.05429595 0.1668938 -0.01040929 0.1350951 0.06444436 0.05247092 0.06851971 0.164429 0.03400468 0.1237759 0.1453084 -0.03977704 0.07235616 0.1193821 0.06425082 0.06895387 0.2428078 -0.06788009 0.1121165 0.2563662 0.04766249 0.1435876 0.3244413 -0.03879857 0.1248632 0.2264675 0.06435871 0.09704899 0.2184361 0.06263858 0.1182963 0.08103519 0.08782702 0.06279498 0.07428532 0.08770233 0.104292 0.07421213 0.06069684 0.1313871 0.0654329 -0.04071104 0.07174032 0.1354959 0.0556429 0.06460684 0.2200059 -0.05272054 0.109003 0.2284055 0.05304068 0.06797003 0.1983911 0.07161068 0.1127669 0.3221033 -0.0386995 0.09456735 0.1191871 0.01378625 0.03946375 0.1576651 0.03555047 0.0430327 0.217853 0.05051594 0.1145735 0.1617852 0.07622003 0.1105219 0.2935022 0.04328984 0.03919339 0.2433853 0.07815355 0.09424507 0.2941183 0.05881857 0.08354383 0.1978165 0.09337013 0.08348822 0.07611769 0.07160401 0.1006656 0.08719348 -0.001067519 0.03912431 0.1474123 0.05437809 0.06905257 0.1490854 0.02977222 0.04499083 0.1615743 0.02772694 0.04424655 0.1483051 -0.06386464 0.1407055 0.2880488 0.04495674 0.05412232 0.2028307 0.05533581 0.1034206 0.1470469 0.07508116 0.1078107 0.07815408 -0.0436989 0.08335584 0.1054982 0.07764816 0.1226261 0.06877213 0.0720877 0.06627738 0.0872721 0.05162674 0.1278522 0.07399046 -0.04180848 0.08422529 0.163132 0.03820025 0.0477252 0.1218732 -0.03592401 0.09765237 0.1592863 0.05866724 0.1025967 0.1033976 -0.04099029 0.07055598 0.1612128 0.06321704 0.0994876 0.0983169 0.0639953 0.0673595 0.09833717 0.05151671 0.0539813 0.108944 -0.05525821 0.09374022 0.05401426 -0.05526959 0.07307851 0.05393421 0.05392211 0.04453867 0.08588969 -0.06308114 0.03134161 0.2884731 -0.08195167 0.05776065 0.2890319 -0.04401725 0.08567333 0.1895294 -0.04265004 0.07010573 0.1864747 -0.05416399 0.08332175 0.06461024 0.03442347 0.1302493 0.1917415 -0.06222403 0.08821463 0.2296943 -0.02607303 0.1122794 0.1831185 -6.38265e-4 0.038387 0.1606478 -0.03688961 0.09990918 0.1848223 -0.04121416 0.1029599 0.2027944 0.02698016 0.04190373 0.1100535 -0.03556293 0.09821915 0.1704662 0.05685794 0.03915196 0.3259352 -0.06079304 0.06920516 0.229475 -0.04073888 0.0700882 0.17245 0.04708629 0.1248738 0.1946115 0.05738478 0.1298218 0.2387859 0.04080492 0.02097278 0.2972331 0.05622965 0.09995549 0.1790729 -0.05120337 0.04954397 0.2299854 0.02879685 0.1363371 0.05327373 0.01664847 0.03504312 0.0715512 0.0171439 0.03747516 0.1049429 0.03862351 0.04700613 0.1076682 0.04063826 0.04518318 0.09753322 -0.0724768 0.06288695 0.2580402 -0.08942043 0.08538365 0.2891361 -0.07994049 0.1162209 0.288805 -0.02364945 0.03647178 0.06383955 -0.03270906 0.05296605 0.07900077 0.03298175 0.0391218 0.08401465 0.05486261 0.1143119 0.09515994 0.0573523 0.05263787 0.09596496 -0.01559001 0.04041659 0.1607911 0.05923289 0.06856536 0.1131569 4.13832e-4 0.127219 0.1316685 -0.0209437 0.1143376 0.1433691 -0.01250708 0.1220579 0.1299468 -0.00709474 0.01000559 0.2939089 0.006998658 0.1269994 0.1444669 0.02555352 0.1260077 0.1330405 -0.02088046 0.1143302 0.1313022 -0.001406729 0.1241235 0.1568117 0.05692523 0.09897971 0.1337754 0.05986988 0.08435207 0.1323921 0.05645555 0.06985133 0.1344986 0.01366806 0.1288189 0.1320203 -0.0365439 0.05838596 0.160542 0.005560874 0.1253139 0.1823397 -0.03762137 0.09629195 0.1470991 -0.0423035 0.08414071 0.1389007 0.006362974 0.1450376 0.2318558 -0.01446372 0.02686733 0.2326483 -0.04112476 0.07140672 0.1492203 -0.01540619 0.03886979 0.185256 -0.02573329 0.05094057 0.1334495 0.04830878 0.05504328 0.1357105 -0.02680289 0.0495665 0.1480256 -0.02858364 0.1084134 0.1542611 -0.01450908 0.04266804 0.1349736 0.02801638 0.132915 0.2077735 0.01935708 0.128963 0.1873943 0.03538548 0.04658222 0.1365001 0.02756524 0.1405701 0.2308854 -0.008775591 0.1195317 0.1696919 0.008565425 0.03820347 0.1309947 -0.02804332 0.1514061 0.2599069 -0.0162751 0.1397655 0.2309595 -0.017609 0.1740612 0.3001157 -0.02720838 0.04743725 0.1730822 -0.02754408 0.04855185 0.1606551 -1.81571e-4 0.03696882 0.1888412 0.002540826 0.03411501 0.2094751 0.01849514 0.01302623 0.2966625 0.02093267 0.04101151 0.1352415 -0.001931428 0.03987997 0.1346417 0.03807139 0.1208648 0.133687 0.02076041 0.01381886 0.3267164 0.04979133 0.112789 0.1335931 -0.03707319 0.02572613 0.2595045 -0.03725457 0.01626336 0.2902758 0.0745359 0.1169523 0.3026266 0.07770568 0.1045435 0.2845172 0.07705199 0.08283114 0.3039023 0.07192957 0.06831002 0.2861759 0.06938892 0.07675564 0.2505856 0.05938029 0.06285846 0.2349507 0.07207077 0.1109001 0.2497236 0.06913137 0.0971173 0.2338087 0.06129431 0.09454041 0.2043012 0.05462026 0.07357484 0.1908066 0.0515688 0.06262308 0.2056022 0.03729885 0.04728126 0.2040101 0.0360499 0.0373755 0.2329789 0.05128294 0.04348123 0.2513921 0.05071735 0.03096079 0.2872383 0.06201863 0.04274719 0.3064147 0.02857655 0.01321071 0.3071751 -0.05235826 0.1559792 0.299458 -0.04483771 0.1117047 0.2176622 -0.06237614 0.1026036 0.2371969 -0.07287436 0.1237936 0.2771266 -0.08898067 0.106144 0.2996165 -0.07891768 0.0448054 0.2988303 -0.0840286 0.06755721 0.2783423 -0.06243777 0.05923593 0.2386614 -0.05737733 0.07576185 0.2199206 -0.04464131 0.07539331 0.1915329 -0.04093962 0.09570467 0.1903995 -0.03383773 0.1034962 0.1782522 -0.02752602 0.1619105 0.2786149 -0.0278961 0.1382243 0.2365625 -0.005731225 0.1353061 0.2184743 -0.01499807 0.1184996 0.1882114 -0.004318177 0.1212035 0.1787686 -0.008791506 0.1208204 0.1613761 -0.02169764 0.1143041 0.1515046 -0.03489208 0.1011649 0.1538083 -0.03878468 0.0935797 0.1635719 -0.04212313 0.07474488 0.1647658 -0.04061186 0.06501328 0.1805483 -0.03180348 0.04865032 0.1918874 -0.03931528 0.04304355 0.2209088 -0.02913451 0.0285145 0.2405089 -0.04652643 0.0223639 0.2786701 -0.02570807 0.01023012 0.3021024 -0.04054635 0.06664508 0.1567389 -0.03092652 0.05085736 0.1649661 -0.02317833 0.04337978 0.1820309 -0.02383583 0.04532957 0.1568291 -0.0057711 0.03711438 0.1826678 -0.006169021 0.03775709 0.1653012 0.004258692 0.03825497 0.1557905 0.02447617 0.04238533 0.1561033 0.005429387 0.1705921 0.3047537 0.02797019 0.1589846 0.2829698 0.02075773 0.1470719 0.2397679 0.03307956 0.1380722 0.2240482 0.02661728 0.131003 0.1950528 0.04081088 0.1270261 0.1869378 0.04429054 0.1210217 0.165751 0.05543231 0.1059398 0.1570988 0.05741101 0.0949952 0.1683476 0.05588555 0.07377594 0.1588547 0.04992169 0.06349569 0.1694102 0.03485572 0.04743081 0.1673929 0.02593177 0.04259312 0.1870874 0.006588041 0.03634542 0.1962758 -0.001414179 0.02822226 0.2255195 0.01623094 0.02368825 0.2467402 0.009084224 0.01225256 0.2851126 0.03338068 0.1255564 0.1542647 0.01702415 0.1280922 0.1629072 0.01312106 0.127162 0.1805949 0.006178557 0.1266978 0.1531398 0.0497837 0.1467207 0.3037003 0.06307989 0.1345636 0.2833878 0.05436038 0.1358738 0.2459192 0.06006741 0.1256283 0.2315639 0.05268883 0.1227048 0.202081 0.05764973 0.1055591 0.190954 -0.02268534 0.0493316 0.1075971 -0.003446757 0.034352 0.09458786 -0.01461142 0.03273999 0.07009071 -0.03535234 0.04038637 0.05217427 -0.03813534 0.05126339 0.06675487 -0.05218327 0.06395757 0.05497878 -0.006377458 0.0289303 0.05762439 0.01184952 0.03264915 0.07358944 0.01315104 0.03405922 0.09751498 0.02058833 0.03958433 0.1119071 0.01578199 0.03917706 0.1299974 0.02833539 0.04351782 0.1402713 0.04090845 0.04884898 0.1310495 0.05423551 0.06397223 0.1398644 0.05887895 0.07458007 0.1301165 0.05906003 0.09328955 0.1297314 0.06068021 0.09261107 0.1170807 0.05736255 0.1046361 0.1084165 0.03424817 0.04510998 0.1125571 0.04353767 0.04809665 0.1047575 0.04013854 0.04250431 0.09119141 0.02404743 0.03624618 0.07323616 0.03234404 0.03228223 0.06190931 0.05497139 0.03526484 0.06928831 0.05781054 0.04293769 0.08095633 0.05279922 0.04604399 0.09156209 0.06094717 0.0607329 0.09961199 0.0578829 0.06185406 0.1088408 0.06067717 0.07395362 0.1172735 0.05526858 0.1051231 0.1382076 0.04260271 0.118106 0.1292832 0.0328592 0.123772 0.1369584 0.08063298 0.05480486 0.07406568 0.07170891 0.03739708 0.06489324 0.02921074 0.1345696 0.06077694 0.05129975 0.1317434 0.06811088 0.0710293 0.1296465 0.06487226 0.08038836 0.1122331 0.07403552 0.09402054 0.09663808 0.07388991 0.0940569 0.07040518 0.07392311 0.1087165 0.07118886 0.06405144 0.1085772 0.09603869 0.06392347 0.05382138 0.1242383 0.07949906 0.07034742 0.1099075 0.08218455 0.07136154 0.09433335 0.0915088 -0.03143185 0.05594748 0.09108972 -0.04107201 0.06908488 0.09099268 -0.05176287 0.07505762 0.06732439 -0.05175554 0.09153038 0.06735837 -0.05215996 0.1028546 0.05514854 -0.03809899 0.1153716 0.06686514 -0.03512889 0.1265019 0.05240428 -0.01408714 0.1324874 0.07017219 -0.006201207 0.136228 0.0582329 0.01263839 0.1324815 0.07369947 0.02238684 0.1302493 0.07184326 0.03819638 0.1240519 0.08922964 0.04859602 0.1209195 0.08980131 0.05946451 0.106137 0.09940165 0.06635421 0.09392642 0.09726256 0.06662893 0.07284218 0.09722679 0.07152688 0.07249081 0.09151673 0.07111114 0.05715608 0.08233761 0.01447546 0.1309287 0.09738308 -0.002914428 0.1307043 0.09439736 -0.01061427 0.1256375 0.1076424 0.04453003 0.1181721 0.1041447 0.03622502 0.1212235 0.1122916 0.02251386 0.1267141 0.111593 0.01953732 0.1277172 0.1284309 0.007483541 0.1284193 0.1365628 -0.006202816 0.125842 0.1275635 -0.01939052 0.1170096 0.1277154 -0.02326995 0.1165709 0.1073253 -0.03146606 0.1103569 0.0911163 -0.04097735 0.09728968 0.09103572 -0.04177069 0.09063661 0.1076019 -0.04213494 0.07599568 0.1076177 -0.03929936 0.06839609 0.129606 -0.02997368 0.05357587 0.1387363 -0.02211534 0.04796248 0.1295008 -0.005930602 0.03983408 0.1394234 4.10264e-4 0.03881353 0.1295837 -0.009480178 0.04038894 0.1081596 -0.02404218 0.1120382 0.1359419 -0.0364775 0.09881824 0.1285933 -0.03995937 0.09255254 0.1396554 -0.04237896 0.07559603 0.140788</float_array>
          <technique_common>
            <accessor source="#GanondorfAnkletLeft-mesh-positions-array" count="525" stride="3">
              <param name="X" type="float"/>
              <param name="Y" type="float"/>
              <param name="Z" type="float"/>
            </accessor>
          </technique_common>
        </source>
        <source id="GanondorfAnkletLeft-mesh-normals">
          <float_array id="GanondorfAnkletLeft-mesh-normals-array" count="1575">0.8365986 0.5475677 0.01650458 0.9661203 0.2580908 9.6533e-4 0.8678237 0.4828987 -0.1170085 0.7769853 0.6082222 0.1623567 0.9235573 0.3738988 0.08509796 0.9888446 0.05668359 0.1377432 0.9184841 0.3351178 0.2099596 0.9866229 0.1480713 -0.06819283 0.9756507 0.1813864 -0.1233072 0.9993124 -0.03645288 -0.006787061 0.983008 -0.1186019 -0.1401031 0.961144 -0.2731728 -0.0397343 0.9803145 -0.1942999 0.03508716 0.9703747 -0.2251352 0.08767735 0.9242689 -0.3762378 0.06459337 0.9392713 -0.3128046 -0.1411478 0.9094104 -0.4113441 -0.06139212 0.8574367 -0.4866293 -0.1673147 0.9401208 -0.3276949 -0.09374958 0.9614238 -0.1700693 -0.2161962 0.8949813 -0.3882696 -0.219671 0.9357151 -0.2738555 -0.2223522 0.9346019 -0.2930834 -0.2015478 0.8506709 -0.4652768 -0.2446969 0.8573972 -0.4684924 -0.2130376 0.8035712 -0.546206 -0.2365 0.7234534 -0.6480107 -0.2381123 0.9705678 0.07293486 -0.2295184 0.8702247 0.4457153 -0.2098738 0.9236057 0.2867805 -0.2543805 0.9542971 0.2281342 -0.1930597 0.9671917 -0.02684426 -0.2526256 0.9687578 -0.02037811 -0.2471702 0.9764456 0.07921004 -0.2006984 0.9660333 -0.2037526 -0.158948 0.9861481 -0.1610115 -0.03984045 0.9748531 -0.05885308 -0.2149369 0.8800961 -0.4509324 -0.1486303 0.9060614 -0.4231399 0.002298772 0.7289708 -0.6836849 -0.03429949 0.9312096 -0.347661 -0.1094563 0.8280051 -0.5257082 -0.1950346 0.728068 -0.6636181 -0.1718374 0.5273243 -0.8396916 -0.1297966 0.54952 -0.8013801 -0.2362579 0.3134987 -0.9198397 -0.235825 0.5389386 -0.791866 -0.2872169 0.3997389 -0.8723314 -0.2815085 0.6157618 -0.7420383 -0.2649845 0.4559031 -0.8585442 -0.2346369 0.7281628 -0.6378084 -0.250957 0.7089429 -0.672126 -0.213651 0.7799566 -0.6227006 -0.06254422 0.5469524 -0.8307233 -0.1036438 0.6052963 -0.789882 0.09850382 0.7023023 -0.6903318 -0.1738203 0.8399488 -0.5426639 -0.001385629 0.776345 -0.6237583 0.09063231 0.2125183 -0.9704873 -0.1139761 0.2222309 -0.9706631 0.09179651 0.01340579 -0.9975919 0.06804996 0.3054462 -0.9518876 -0.02475666 -0.4723588 0.8549777 -0.2142208 -0.5995993 0.7688978 -0.2219839 -0.6283934 0.7764125 -0.04801607 -0.7071058 0.6529436 -0.2714151 -0.4902023 0.7999777 -0.3460308 -0.6105733 0.6653925 -0.4294801 -0.811239 0.5805551 -0.06962198 -0.8794796 0.2334271 -0.4147619 -0.7251861 0.5171983 -0.4545449 -0.779122 0.5097877 -0.3648086 -0.5774099 0.6815233 -0.4495818 -0.7524949 0.467428 -0.4639639 -0.5365628 0.7517119 -0.3834445 -0.8794186 0.1255435 -0.4591968 -0.9083471 0.09087818 -0.4082239 -0.8117715 0.3380767 -0.4761631 -0.8102647 0.4076117 -0.4210986 -0.8736598 0.4245984 -0.2375601 -0.8063955 0.4811484 -0.3438352 -0.9823338 -0.009661376 -0.1868876 -0.9877306 -0.12046 0.09938657 -0.9398428 0.3268377 -0.09936106 -0.9257697 0.3727444 0.06334185 -0.9058279 -0.3943992 -0.1546777 -0.8959828 -0.4171139 0.1524178 -0.6467961 -0.7447859 -0.1641609 -0.6862022 -0.6447203 -0.3368417 -0.5869898 -0.8025392 0.1066481 -0.852799 -0.5184628 -0.06269115 -0.9127734 -0.2757844 -0.3013101 -0.8588964 -0.3383635 -0.3844569 -0.7115108 -0.5915274 -0.3792726 -0.8754907 -0.2172635 -0.4316396 -0.8242681 -0.4525567 -0.340257 -0.8122924 -0.4104235 -0.4144076 -0.8813107 -0.0818997 -0.4653857 -0.9208385 -0.1101861 -0.3740527 -0.9626536 -0.1705202 -0.2102879 -0.9457437 0.1534431 -0.2863988 -0.9823921 0.1730645 -0.07038742 -0.843176 0.4971539 -0.2046762 -0.8671934 0.3673455 -0.3362038 -0.8445693 0.5318492 -0.06196051 -0.5735561 0.795127 -0.1969939 -0.6160246 0.7875452 -0.01692128 -0.7786574 0.6135066 -0.1315388 -0.4131778 0.8616092 -0.2948116 0.004553973 0.9486721 -0.3162288 -0.3827766 0.8313847 -0.402842 -0.4025371 0.805208 -0.4354354 -0.2808213 0.8276485 -0.4859399 -0.4237784 0.7673075 -0.4813016 -0.01630932 0.8938103 -0.4481487 -0.1510426 0.9417024 -0.3006371 -0.2358633 0.8459136 -0.4783291 -0.3140123 0.8800548 -0.3562299 -0.3718414 0.9162076 -0.1493234 -0.371858 0.8890869 -0.2669202 -0.3041064 0.9494291 -0.07812637 -0.2917416 0.9554978 0.04371476 -0.3638982 0.9313498 -0.01287883 -0.4386721 0.8960893 0.06775557 -0.5026758 0.8616976 0.06924092 -0.421104 0.9027774 0.08754682 -0.3293527 0.9422304 0.06106323 -0.436712 0.8957931 0.0826891 -0.7025575 0.7083964 0.06773072 -0.5828347 0.8124872 -0.01297509 -0.753606 0.6572502 -0.01001757 -0.8488715 0.5271201 0.03951817 -0.8972149 0.4400838 0.03649204 -0.9870859 0.1585161 0.02311164 -0.8230322 0.5591064 0.1000916 -0.9001805 0.4352799 -0.01437312 -0.988315 0.1515142 -0.01664048 -0.9795246 -0.2012689 0.004723787 -0.9756483 -0.2145509 -0.04559117 -0.8474012 -0.52765 -0.05913412 -0.9942283 -0.08635127 -0.06366753 -0.9340084 -0.3309452 -0.1345495 -0.8107722 -0.5517991 -0.1953615 -0.6085267 -0.783846 -0.1236156 -0.5944173 -0.7548544 -0.2772419 -0.3005683 -0.925189 -0.2316979 -0.6574667 -0.7204163 -0.2207671 -0.4986924 -0.7997413 -0.334245 -0.5934909 -0.7209327 -0.3578055 -0.1790173 -0.9358059 -0.303678 -0.1107019 -0.9589897 -0.2609286 -0.3584111 -0.8718508 -0.3337931 -0.4076756 -0.8572856 -0.3144236 -0.3654557 -0.923154 -0.1192845 -0.4583475 -0.8509852 -0.256402 -0.01187711 -0.9930194 -0.1173514 -0.2548606 -0.9661863 -0.03911805 -0.3747612 -0.9185685 0.1256422 -0.9748837 -0.2222068 -0.01502913 -0.8325002 -0.5470946 -0.08735519 -0.9471003 -0.3209124 0.004043936 -0.8501905 -0.5250359 -0.03890353 -0.6589385 -0.7486102 -0.07336819 -0.6598645 -0.7500255 -0.04517483 -0.4202167 -0.9056609 -0.05653613 -0.722329 -0.6890672 -0.05854433 -0.5542173 -0.8315396 -0.03721863 -0.330352 -0.9405686 -0.07872974 -0.6417436 -0.7578802 -0.1174012 -0.3702188 -0.9242151 -0.09361976 -0.5757797 -0.8155024 -0.05859798 -0.3528568 -0.9317851 -0.0852558 0.005177557 -0.9962235 -0.08667224 -0.04605066 -0.997991 -0.04351145 0.2072192 -0.9775434 -0.03833067 -0.02424138 -0.9981063 -0.05653756 -0.1107445 -0.9912522 -0.07179641 0.2073597 -0.9782594 -0.003252089 -0.09938853 -0.9938866 -0.04807752 0.133762 -0.9909509 0.0111438 0.04077875 -0.9991675 0.00122404 0.4417082 -0.8971449 0.005022406 0.3963598 -0.9174603 0.03414082 0.674958 -0.7322486 0.09079575 0.3843165 0.9221444 -0.04416698 0.4035493 0.9126387 -0.06510591 0.3477929 0.9372467 0.02467328 0.3359391 0.9334648 -0.1256521 0.4521528 0.891022 0.04046952 0.5013818 0.8615742 0.07941251 0.311371 0.8967015 -0.314602 0.5267355 0.8490345 -0.04111427 0.4825257 0.8536135 -0.1962473 0.4156982 0.8992253 -0.1363416 0.1720606 0.9244539 -0.340265 0.225958 0.8877584 -0.4010335 0.03254258 0.9725273 -0.2305036 0.3730287 0.8898183 -0.2628174 0.4010742 0.8815306 -0.2490851 0.1469541 0.942389 -0.3005125 -0.1136468 0.983708 -0.1392949 0.1918991 0.9655722 -0.1756279 0.1539492 0.9830289 -0.09976929 -0.03891056 0.9832323 -0.1781581 0.8427129 0.5222317 -0.1308019 0.4692761 0.8575872 -0.2105329 0.5915299 0.7677538 -0.2462653 0.534507 0.834776 -0.1321045 0.4637711 0.8811543 -0.09210586 0.7896767 0.6088947 -0.07522124 0.6644606 0.7438578 -0.07188779 0.6035368 0.7904743 -0.1043734 0.9333068 0.3589441 -0.009881079 0.9760206 0.2175469 0.007565021 0.99859 -0.00530225 0.0528205 0.9218505 0.3874375 -0.009164929 0.9928622 -0.1069136 0.0528599 0.9842208 0.1584392 -0.07878267 0.9968727 0.07621252 0.0208953 0.8977723 -0.4339529 0.07543218 0.915418 -0.3860217 0.1140052 0.945432 -0.3046457 0.1155408 0.8648958 -0.5015362 0.02041161 0.7182859 -0.6951795 0.02812641 0.4712967 -0.8819061 -0.0110054 0.2637466 -0.9570363 -0.1204966 0.4145749 -0.906808 -0.07633364 0.04328238 -0.9719159 -0.2313141 0.1117263 -0.9816445 -0.1545687 0.02691328 -0.9512926 -0.3071126 0.1097095 -0.9492086 -0.2949013 0.2420727 -0.9249232 -0.2931179 0.1934198 -0.9506846 -0.2424616 0.1594728 -0.9702392 -0.1822205 0.3977342 0.9125903 -0.09479695 0.1051971 0.9943819 -0.01176249 0.3484117 0.9341359 -0.07745647 0.1289131 0.9909829 -0.03652936 -0.1401606 0.9897853 0.02607762 -0.06897854 0.9975076 0.01485538 -0.1347658 0.9908481 -0.007638633 -0.1758239 0.9811715 0.07992869 0.6758179 0.7370604 0.003489494 0.638675 0.7670674 0.06084513 0.6441125 0.7438741 0.1782428 0.6881013 0.7129182 -0.1351457 0.7336781 0.6780398 -0.04448062 0.6884189 0.6924985 -0.2156972 0.6239028 0.7478241 -0.2269461 0.7137862 0.6586062 -0.2382166 0.7398823 0.6300811 -0.2357374 0.8768011 0.4184992 -0.2368083 0.7112313 0.6582531 -0.2466839 0.95604 0.2212257 -0.1924754 -0.5618374 -0.82128 0.09918731 -0.7138477 -0.691169 0.1127247 -0.6165616 -0.7419447 0.2633815 -0.6595692 -0.7511415 -0.02747946 -0.4409931 -0.8974828 0.007070839 -0.8000253 -0.5999633 -0.001909673 -0.6809254 -0.7305919 0.05075401 -0.4091991 -0.8871136 0.213508 -0.05329608 -0.9745886 0.2175698 -0.02234864 -0.9923068 0.12177 -0.4146863 -0.8760448 0.2461318 -0.01889556 -0.9926682 0.1193854 -0.3594682 -0.8962315 0.2599072 -0.2454915 -0.9637647 0.1043635 -0.4419069 -0.8617627 0.2491654 -0.5177859 -0.8196225 0.2451869 -0.3131019 -0.9467796 0.07467037 -0.4330585 -0.8777639 0.2049171 -0.6522155 -0.6631121 0.3672838 -0.7149147 -0.581683 0.3879974 -0.7109616 -0.5869446 0.3873367 -0.7896863 -0.4567378 0.4096171 -0.8085047 -0.4964567 0.3159921 -0.7113417 -0.6286745 0.3142633 -0.9136641 -0.2614263 0.3112466 0.1610847 -0.9851131 0.06003409 -0.1283715 -0.9835127 -0.1273722 0.08976507 -0.9928587 0.07857328 -0.1149303 -0.9926909 -0.03682494 0.2533299 -0.9625481 0.09656637 0.3247696 -0.9450034 0.03864318 0.3236119 -0.933923 0.1518657 0.3425884 -0.9392989 -0.01873123 0.2619413 -0.9487082 0.1770297 0.2998982 -0.9360448 0.1840688 0.3779909 -0.9223489 0.07997274 0.2457645 -0.9682916 0.04484748 0.363673 -0.9305198 0.04329884 0.3024751 -0.9470368 0.1078431 0.0319007 -0.9948283 0.09643173 0.2734516 -0.9594869 0.06789237 0.2059234 -0.9753094 0.07979553 0.456521 -0.885716 0.08423614 0.7285591 -0.6803686 0.07937413 0.5171942 -0.8557052 0.01669657 0.7495887 -0.6481431 0.1342662 0.5341573 -0.8442622 0.0435605 0.9357599 -0.3394395 0.0955742 0.8835946 -0.4624186 0.07368648 0.9922881 -0.01363366 0.1232022 0.919788 -0.362159 0.1510996 0.9904479 -0.00512892 0.1377924 0.9606792 -0.2333596 0.1504622 0.9495743 0.3132141 0.01434069 0.9721997 0.2110392 0.1014412 0.9363189 0.3370227 0.09860342 0.7740153 0.6297765 0.06543803 0.9450792 0.009588003 0.326701 0.9575182 0.2477126 0.1476395 0.9901759 -0.01753193 0.1387245 0.9276649 0.3494893 0.1315115 0.8534771 0.4179461 0.3112844 0.6766451 0.7171815 0.1667402 0.5695697 0.7640475 0.3030212 0.8617747 0.49419 0.1145457 0.4269891 -0.888189 0.1697074 0.4184173 -0.9073268 0.04105216 0.630324 -0.7343778 0.2517561 0.3093813 -0.8976356 0.3139008 0.5427792 -0.736061 0.4044811 0.4133657 -0.8682529 0.2743462 0.1118937 -0.9249877 0.3631497 0.2018297 -0.9204348 0.3347606 0.1221167 -0.9665277 0.2256365 0.2702019 -0.8779072 0.3953097 -0.005664408 -0.9619441 0.2731878 0.08532279 -0.9723361 0.2174458 0.1302282 -0.9828002 0.1309365 -0.04611414 -0.9638327 0.2624886 -0.01994615 -0.9700199 0.2422054 0.06043452 -0.9596003 0.2748003 0.2695901 -0.8367557 0.4766142 0.2556806 -0.9146196 0.3132067 0.4241375 -0.6481211 0.6324924 0.1541413 -0.9081485 0.3892387 0.4082562 -0.756778 0.5105037 0.4135726 -0.8004085 0.43394 0.5762621 -0.5963481 0.55883 0.6987341 -0.5112678 0.5003759 0.6417063 -0.6126236 0.4614167 0.4543861 -0.7936077 0.4046236 0.7456262 -0.4367816 0.5032531 0.8576771 -0.3749895 0.3518136 0.8195482 -0.2870416 0.4959315 0.9247224 -0.3293428 0.190845 0.8474247 -0.4985532 0.182527 0.9652066 -0.2355306 0.1135857 0.742959 0.6671532 -0.05402481 0.897931 0.4368342 -0.05381327 0.4767556 0.8768169 -0.06242042 0.5622087 0.8248212 -0.05992817 0.5396328 0.841489 -0.02632379 0.3780051 0.92559 -0.01987993 0.3009047 0.9528996 -0.03793179 0.4668014 -0.5685617 0.6773729 0.4141837 -0.4443542 0.794356 0.4321808 -0.6516003 0.6234075 0.552929 -0.3911386 0.7357175 0.4263359 -0.3574417 0.8309472 0.6198055 0.006299376 0.7847302 0.4302372 -0.893907 0.1258025 0.3869621 -0.8717671 0.3004707 -0.04134744 0.9678543 0.2480896 0.04331976 0.9471735 0.3177825 0.1249127 0.9763038 0.1767143 -0.01236534 0.9560368 0.292986 0.04682219 0.9876674 0.1494018 0.08859068 0.9243402 0.3711429 -0.09169137 0.9509868 0.2953253 0.2121608 0.9048876 0.3690072 0.1933013 0.8403083 0.5064747 0.3532567 0.6674259 0.6555551 0.1064062 0.900313 0.4220362 0.4141305 0.8972168 0.1532905 0.3579058 0.872868 0.3316701 0.4021472 0.6505442 0.6442592 0.460688 0.5719507 0.6787039 0.3808162 0.4579843 0.8032618 0.4208 0.3615437 0.8319936 0.533113 0.4119822 0.7389597 0.5259953 0.3150812 0.7899701 0.4713928 0.2208883 0.8538133 0.569754 0.003864169 0.8218063 0.4883444 0.001437902 0.8726498 0.5233332 -0.3083541 0.7943805 0.4715989 -0.2160174 0.854945 0.5608524 -0.1782841 0.8084921 0.5837528 0.007310092 0.8118987 0.4336727 -0.4213552 0.7964848 0.4371129 0.4278312 0.7911339 0.5643685 0.1877464 0.8038903 0.30604 0.7988785 0.5178153 0.4696305 0.6623961 0.5836768 0.3318469 0.8383219 0.4325436 0.6319929 0.5833821 0.5101475 0.7198926 0.3682605 0.5883358 0.637126 0.5172562 0.5714163 0.7097903 0.2600578 0.6546509 0.7420591 0.005136191 0.6703147 0.7293627 0.3426964 0.5921057 0.7697523 0.008814811 0.6382819 -0.7237201 -0.6656045 0.1822089 -0.8024786 -0.5726513 0.1676263 -0.9198895 -0.3779015 0.1048517 -0.9682793 0.003503203 0.2498461 -0.8966273 -0.391667 0.2065348 -0.8946375 -0.3242487 0.3073868 -0.9524658 -3.41845e-4 0.3046457 -0.9792068 -4.9298e-6 0.202865 -0.8951678 -0.2807953 0.3461628 -0.9123255 0.2600816 0.3162592 -0.8926564 0.3252175 0.3120868 -0.8056867 0.4952399 0.3249715 -0.8939756 0.2792021 0.3505054 -0.7864587 0.454147 0.4186088 -0.7089632 0.581569 0.3989344 -0.7046247 0.5876627 0.3976892 -0.6373078 0.6697895 0.3810787 -0.5870654 0.7680047 0.2559745 -0.7061034 0.6302675 0.3227709 -0.4668048 0.8436663 0.2651802 -0.4115927 0.8804885 0.2352267 -0.2826201 0.9500025 0.1327454 -0.2038514 0.9674714 0.1498131 -0.3549712 0.9076047 0.2241632 -0.02134555 0.9921005 0.1236165 -0.3762797 0.8887531 0.2617856 0.1106414 0.9870749 0.1159384 -0.09015619 0.9941871 0.05885612 -0.1229535 0.99237 -0.009190142 0.2006046 0.9712602 0.1281077 0.2537438 0.9669396 0.02533572 0.2589626 0.9648055 0.04570472 0.3142071 0.9413494 0.1230255 0.1298691 0.9671875 0.2183631 0.08030122 0.9694719 0.231681 0.2492663 0.9286483 0.2747339 0.2823478 0.8999329 0.332266 0.373768 0.8993508 0.2268602 0.376986 0.8444697 0.3804637 0.5899162 0.6966543 0.4082548 0.701972 0.5061197 0.501077 0.7889275 0.3507265 0.5045635 0.8150522 0.2386659 0.5279475 0.8575283 0.009485542 0.5143494 0.7521113 -0.293235 0.5902051 0.8279175 -0.1991927 0.5242854 0.7196806 -0.2353406 0.6532035 0.7442818 -0.3332582 0.5787777 0.6819857 -0.4899918 0.5429582 0.2133122 0.9692821 0.1224341 0.2568629 0.9601007 0.1105813 -0.04278212 0.9873321 0.1527913 -0.04646599 0.9964029 0.07086747 -0.3604838 0.9212622 0.1460398 -0.2857593 0.9377456 0.1974201 -0.3318544 0.9402329 0.07638692 -0.5769509 0.8098518 0.1061501 -0.5619788 0.8198643 0.1095562 -0.4255838 0.9020285 0.07227051 0.459684 0.8773158 0.1378684 0.4786849 0.8538012 0.204657 0.3750025 0.9258942 0.0457521 0.4390381 0.8980016 0.02896124 0.2264662 0.9740189 -5.01152e-4 0.3209818 0.9456947 0.05130624 0.06007909 0.9979028 0.02409505 0.2332896 0.9720227 -0.02734935 -0.2531863 0.9617359 0.1046951 -0.5359205 0.8278391 0.1657459 -0.6504052 0.7539293 0.09254038 -0.6719533 0.7165575 0.1871476 -0.7201012 0.682017 0.1276991 -0.7892407 0.6089864 0.07896173 -0.7319328 0.6694781 0.1267817 -0.7061488 0.7013368 0.09736955 -0.7270826 0.6592509 0.1916749 -0.7989981 0.5685834 0.195742 -0.9062288 0.4034116 0.1265245 -0.8905872 0.3962895 0.2231792 -0.9335363 0.344496 0.09915959 -0.9077922 0.4176175 0.03884726 -0.9950556 0.02492189 0.09614318 -0.9969873 0.07588464 0.01606583 -0.9508748 -0.3011382 0.07178443 -0.9432465 -0.3319171 -0.01082575 -0.955922 -0.2868677 -0.06261163 -0.8193362 -0.5682225 -0.07623296 -0.9115381 -0.4078526 -0.05248582 -0.6483317 -0.7563712 -0.08699846 -0.7112286 -0.6928192 -0.1189771 -0.4211688 -0.9053825 -0.05384701 -0.6053768 -0.7939893 -0.05567717 -0.1537248 -0.9880953 0.006032466 -0.1888769 -0.9798733 -0.06460559 -0.2826598 -0.9576329 0.0551604 -0.1790775 -0.9793251 0.09409385 -0.3752484 -0.9224644 0.09081983 -0.7363412 0.6762773 0.02123022 -0.6392867 0.7689602 -0.003579437 -0.8933832 0.4492355 -0.007354259 -0.845249 0.5327295 0.04187434 -0.9907643 0.1346607 -0.01589483 -0.9888916 -0.1354546 -0.06120002 0.6132478 -0.7676334 -0.1861885 -0.949154 -0.03117084 -0.3132652 -0.5789885 0.8144419 0.03816705 -0.1004089 -0.9945128 -0.02936559 0.3265304 -0.9451007 0.01275217 0.5570617 -0.8304503 0.005883753 -0.2440142 0.9691851 -0.03372329 -0.2263367 0.9717531 0.0668419 -0.5772539 -0.7477026 0.3282054 0.7128466 0.3130758 0.6275615 0.3568491 -0.932889 0.04875439 0.3826607 0.9182469 -0.1019483 0.7093216 -0.3193266 0.6284056 -0.5549936 0.7517588 0.3561474 -0.1015675 0.9901892 0.0959658 -0.3713224 0.9157963 0.1530907 -0.9320558 0.3623139 7.66471e-4</float_array>
          <technique_common>
            <accessor source="#GanondorfAnkletLeft-mesh-normals-array" count="525" stride="3">
              <param name="X" type="float"/>
              <param name="Y" type="float"/>
              <param name="Z" type="float"/>
            </accessor>
          </technique_common>
        </source>
        <source id="GanondorfAnkletLeft-mesh-map-0">
          <float_array id="GanondorfAnkletLeft-mesh-map-0-array" count="5952">0.6800122 0.1686798 0.6721588 0.1692804 0.6793537 0.1430707 0.6807174 0.1957778 0.6749122 0.1776871 0.6800122 0.1686798 0.6632325 0.1959192 0.6749122 0.1776871 0.6722351 0.1951605 0.6793537 0.1430707 0.6697667 0.1611497 0.672247 0.1444318 0.6640048 0.1703176 0.6721588 0.1692804 0.6632325 0.1959192 0.6639497 0.1454243 0.6697667 0.1611497 0.6640048 0.1703176 0.6640048 0.1703176 0.6528984 0.1717147 0.6639497 0.1454243 0.6632325 0.1959192 0.6567254 0.1797661 0.6640048 0.1703176 0.6528984 0.1717147 0.6522246 0.1976373 0.6398587 0.1997778 0.6528984 0.1717147 0.6532197 0.145722 0.6639497 0.1454243 0.6409674 0.1723681 0.6528984 0.1717147 0.6398587 0.1997778 0.641788 0.1461313 0.6491982 0.1631191 0.6409674 0.1723681 0.6629135 0.1211553 0.6521351 0.1212947 0.6594547 0.09820204 0.6639497 0.1454243 0.6564105 0.1291724 0.6629135 0.1211553 0.6521351 0.1212947 0.6532197 0.145722 0.641788 0.1461313 0.6594547 0.09820204 0.6483582 0.1135776 0.6497969 0.09838604 0.6419389 0.1218832 0.6521351 0.1212947 0.641788 0.1461313 0.6406934 0.1017333 0.6483582 0.1135776 0.6419389 0.1218832 0.6717475 0.1209022 0.672247 0.1444318 0.6639497 0.1454243 0.6789364 0.1194067 0.6717475 0.1209022 0.6768789 0.09777778 0.6793537 0.1430707 0.674507 0.1282986 0.6789364 0.1194067 0.6629135 0.1211553 0.6717475 0.1209022 0.6639497 0.1454243 0.6594547 0.09820204 0.6685112 0.1131905 0.6629135 0.1211553 0.6768789 0.09777778 0.6685112 0.1131905 0.6690031 0.09824585 0.671147 0.07864993 0.662299 0.07813221 0.663081 0.0610606 0.6690031 0.09824585 0.671147 0.07864993 0.6768789 0.09777778 0.6594547 0.09820204 0.6679587 0.08481907 0.6690031 0.09824585 0.6523646 0.07692873 0.662299 0.07813221 0.6594547 0.09820204 0.6527721 0.05926799 0.6523646 0.07692873 0.6431416 0.06114143 0.663081 0.0610606 0.6561038 0.07082599 0.6527721 0.05926799 0.6497969 0.09838604 0.6523646 0.07692873 0.6594547 0.09820204 0.6406934 0.1017333 0.6486873 0.08394986 0.6497969 0.09838604 0.6523646 0.07692873 0.6426683 0.08024638 0.6431416 0.06114143 0.6426683 0.08024638 0.6345881 0.07233279 0.6431416 0.06114143 0.6336986 0.09495908 0.6426683 0.08024638 0.6406934 0.1017333 0.6345881 0.07233279 0.6336986 0.09495908 0.6258588 0.09033334 0.6406934 0.1017333 0.6302892 0.1108974 0.6336986 0.09495908 0.624437 0.1173421 0.6326423 0.1211954 0.6224344 0.1455051 0.6258588 0.09033334 0.6302892 0.1108974 0.624437 0.1173421 0.6419389 0.1218832 0.6326423 0.1211954 0.6406934 0.1017333 0.641788 0.1461313 0.6355651 0.1297535 0.6419389 0.1218832 0.6326423 0.1211954 0.6317514 0.1463264 0.6224344 0.1455051 0.6294965 0.1730507 0.6317514 0.1463264 0.641788 0.1461313 0.6194824 0.1732009 0.6294965 0.1730507 0.6163537 0.2014243 0.6224344 0.1455051 0.6269608 0.1640844 0.6194824 0.1732009 0.6409674 0.1723681 0.6294965 0.1730507 0.641788 0.1461313 0.6398587 0.1997778 0.6326945 0.181883 0.6409674 0.1723681 0.6294965 0.1730507 0.6277308 0.2010666 0.6163537 0.2014243 0.6102437 0.1718621 0.6063383 0.200429 0.597 0.199 0.6194824 0.1732009 0.6102437 0.1718621 0.6224344 0.1455051 0.6163537 0.2014243 0.6120082 0.1819286 0.6194824 0.1732009 0.03099995 0.2 0.05320906 0.1829028 0.0456106 0.2037624 0.06433308 0.1736041 0.05054652 0.1710085 0.06908082 0.1409394 0.06047475 0.2055152 0.05320906 0.1829028 0.06433308 0.1736041 0.0955733 0.08593332 0.08145171 0.09867364 0.08637785 0.08011651 0.07278364 0.1081412 0.08448123 0.1102099 0.06908082 0.1409394 0.07523232 0.07887881 0.08145171 0.09867364 0.07278364 0.1081412 0.09750235 0.11058 0.08448123 0.1102099 0.0955733 0.08593332 0.09716165 0.1418586 0.08869975 0.1208145 0.09750235 0.11058 0.08448123 0.1102099 0.08300769 0.1419751 0.06908082 0.1409394 0.07951158 0.1738724 0.08300769 0.1419751 0.09716165 0.1418586 0.06433308 0.1736041 0.07951158 0.1738724 0.06047475 0.2055152 0.06908082 0.1409394 0.07564502 0.1634406 0.06433308 0.1736041 0.09638398 0.1726896 0.07951158 0.1738724 0.09716165 0.1418586 0.09593939 0.2024243 0.08462727 0.1836477 0.09638398 0.1726896 0.07951158 0.1738724 0.07783436 0.204321 0.06047475 0.2055152 0.1105846 0.172305 0.1113042 0.200651 0.09593939 0.2024243 0.1246612 0.1710818 0.1105846 0.172305 0.1236464 0.1422323 0.1264747 0.1995556 0.1152234 0.1813392 0.1246612 0.1710818 0.09638398 0.1726896 0.1105846 0.172305 0.09593939 0.2024243 0.09716165 0.1418586 0.1063418 0.1625428 0.09638398 0.1726896 0.1105846 0.172305 0.1107988 0.1421574 0.1236464 0.1422323 0.1217899 0.1107664 0.1097351 0.1101787 0.1176061 0.08166664 0.1236464 0.1422323 0.114417 0.1210197 0.1217899 0.1107664 0.1097351 0.1101787 0.1107988 0.1421574 0.09716165 0.1418586 0.1176061 0.08166664 0.10541 0.09976232 0.1067109 0.08131402 0.09750235 0.11058 0.1097351 0.1101787 0.09716165 0.1418586 0.0955733 0.08593332 0.10541 0.09976232 0.09750235 0.11058 0.1085283 0.06006687 0.09755712 0.06361854 0.09728282 0.04643434 0.1067109 0.08131402 0.1085283 0.06006687 0.1176061 0.08166664 0.09755712 0.06361854 0.1067109 0.08131402 0.0955733 0.08593332 0.09755712 0.06361854 0.08687114 0.05859386 0.09728282 0.04643434 0.0955733 0.08593332 0.09048449 0.06550306 0.09755712 0.06361854 0.08687114 0.05859386 0.08637785 0.08011651 0.07523232 0.07887881 0.08687114 0.05859386 0.08638513 0.0422182 0.09728282 0.04643434 0.07581466 0.05832028 0.08687114 0.05859386 0.07523232 0.07887881 0.0741111 0.04138886 0.08318907 0.05245971 0.07581466 0.05832028 0.03749996 0.168 0.05054652 0.1710085 0.03099995 0.2 0.04399996 0.136 0.04823881 0.1592627 0.03749996 0.168 0.05054652 0.1710085 0.05631506 0.1385293 0.06908082 0.1409394 0.06042695 0.1061211 0.05631506 0.1385293 0.04399996 0.136 0.07278364 0.1081412 0.06042695 0.1061211 0.07523232 0.07887881 0.06908082 0.1409394 0.06345444 0.1174514 0.07278364 0.1081412 0.04799997 0.1055 0.06042695 0.1061211 0.04399996 0.136 0.05199998 0.07499998 0.05750733 0.09563308 0.04799997 0.1055 0.07523232 0.07887881 0.05750733 0.09563308 0.06344777 0.07783406 0.06378352 0.05903708 0.06344777 0.07783406 0.05199998 0.07499998 0.07581466 0.05832028 0.06378352 0.05903708 0.0741111 0.04138886 0.07523232 0.07887881 0.06805634 0.06424248 0.07581466 0.05832028 0.05149996 0.06150001 0.06378352 0.05903708 0.05199998 0.07499998 0.05099999 0.04799997 0.05927121 0.0550816 0.05149996 0.06150001 0.06378352 0.05903708 0.06082516 0.04518061 0.0741111 0.04138886 0.06082516 0.04518061 0.06280207 0.02971303 0.0741111 0.04138886 0.05099999 0.04799997 0.05860459 0.03572052 0.06082516 0.04518061 0.06280207 0.02971303 0.05049997 0.03249996 0.04999995 0.01699995 0.06280207 0.02971303 0.07486224 0.02551394 0.0741111 0.04138886 0.0625 0.01549994 0.06280207 0.02971303 0.04999995 0.01699995 0.07486224 0.02551394 0.0625 0.01549994 0.07499998 0.01399999 0.08586221 0.02818757 0.0855 0.01449996 0.09599995 0.01499998 0.07486224 0.02551394 0.08586221 0.02818757 0.0741111 0.04138886 0.07499998 0.01399999 0.08221566 0.02327603 0.07486224 0.02551394 0.09599995 0.01499998 0.08964008 0.03299325 0.08586221 0.02818757 0.09728282 0.04643434 0.08964008 0.03299325 0.0966224 0.03124356 0.08586221 0.02818757 0.08638513 0.0422182 0.0741111 0.04138886 0.1068256 0.02972811 0.0966224 0.03124356 0.09599995 0.01499998 0.1077327 0.04378879 0.1068256 0.02972811 0.1182121 0.04549491 0.09728282 0.04643434 0.103694 0.03400844 0.1077327 0.04378879 0.1077327 0.04378879 0.1085283 0.06006687 0.09728282 0.04643434 0.1182121 0.04549491 0.1119209 0.05445522 0.1077327 0.04378879 0.1085283 0.06006687 0.1192222 0.06118339 0.1176061 0.08166664 0.1300663 0.06241101 0.1192222 0.06118339 0.1182121 0.04549491 0.1291327 0.08168905 0.1300663 0.06241101 0.142 0.07899999 0.1176061 0.08166664 0.1266354 0.06759911 0.1291327 0.08168905 0.1340044 0.11092 0.1291327 0.08168905 0.142 0.07899999 0.1217899 0.1107664 0.1340044 0.11092 0.1236464 0.1422323 0.1176061 0.08166664 0.1287033 0.100468 0.1217899 0.1107664 0.149 0.11 0.1340044 0.11092 0.142 0.07899999 0.156 0.141 0.1406154 0.1211045 0.149 0.11 0.1340044 0.11092 0.1385946 0.1415635 0.1236464 0.1422323 0.1405897 0.1703122 0.1385946 0.1415635 0.156 0.141 0.1246612 0.1710818 0.1405897 0.1703122 0.1264747 0.1995556 0.1236464 0.1422323 0.1346551 0.1609942 0.1246612 0.1710818 0.158 0.1715 0.1405897 0.1703122 0.156 0.141 0.16 0.202 0.1469286 0.1804869 0.158 0.1715 0.1405897 0.1703122 0.1432078 0.2002359 0.1264747 0.1995556 0.1055 0.01549994 0.1068256 0.02972811 0.09599995 0.01499998 0.115 0.01599997 0.1096863 0.02534681 0.1055 0.01549994 0.1068256 0.02972811 0.1168164 0.03093415 0.1182121 0.04549491 0.1276065 0.03300923 0.1168164 0.03093415 0.115 0.01599997 0.1289252 0.04755216 0.1276065 0.03300923 0.14 0.04999995 0.1182121 0.04549491 0.1243808 0.03706902 0.1289252 0.04755216 0.1289252 0.04755216 0.1300663 0.06241101 0.1182121 0.04549491 0.14 0.04999995 0.1333391 0.05805516 0.1289252 0.04755216 0.1300663 0.06241101 0.141 0.06449997 0.142 0.07899999 0.1265 0.01849997 0.1276065 0.03300923 0.115 0.01599997 0.138 0.02099996 0.1310139 0.02899998 0.1265 0.01849997 0.1276065 0.03300923 0.139 0.03549998 0.14 0.04999995 0.6115001 0.06149995 0.6192696 0.06353956 0.611 0.07599997 0.6182835 0.04781734 0.6115001 0.06149995 0.612 0.04699999 0.6192696 0.06353956 0.6182835 0.04781734 0.6267223 0.04883331 0.6182835 0.04781734 0.6204618 0.03384047 0.6267223 0.04883331 0.612 0.04699999 0.6174258 0.03802353 0.6182835 0.04781734 0.6204618 0.03384047 0.6125 0.03249996 0.613 0.01799994 0.6204618 0.03384047 0.6282187 0.03424787 0.6267223 0.04883331 0.6215001 0.02099996 0.6204618 0.03384047 0.613 0.01799994 0.63 0.02399998 0.6235508 0.03007906 0.6215001 0.02099996 0.6336192 0.04062288 0.6340001 0.02849996 0.638 0.03299999 0.6282187 0.03424787 0.6336192 0.04062288 0.6267223 0.04883331 0.6340001 0.02849996 0.6282187 0.03424787 0.63 0.02399998 0.715 0.133 0.7149175 0.1768649 0.7093193 0.1665149 0.727 0.198 0.7149175 0.1768649 0.7210001 0.1655 0.7093193 0.1665149 0.7141039 0.1993876 0.7020102 0.1991414 0.7093193 0.1665149 0.7053738 0.1358891 0.715 0.133 0.6987878 0.1680059 0.7093193 0.1665149 0.7020102 0.1991414 0.695778 0.1387172 0.7043971 0.1569128 0.6987878 0.1680059 0.7125001 0.1025 0.7028391 0.1065396 0.71 0.07199996 0.7053738 0.1358891 0.7125001 0.1025 0.715 0.133 0.695778 0.1387172 0.7067713 0.114784 0.7053738 0.1358891 0.7028391 0.1065396 0.6999754 0.0833351 0.71 0.07199996 0.6940298 0.112546 0.7028391 0.1065396 0.695778 0.1387172 0.6915153 0.09047472 0.6991753 0.1001292 0.6940298 0.112546 0.7016615 0.06298118 0.6936531 0.0694946 0.6939294 0.05228281 0.71 0.07199996 0.6987632 0.0711863 0.7016615 0.06298118 0.6936531 0.0694946 0.6999754 0.0833351 0.6915153 0.09047472 0.6800001 0.06007069 0.6889992 0.0667299 0.6863642 0.0743032 0.6939294 0.05228281 0.6889992 0.0667299 0.6869972 0.05660903 0.6863642 0.0743032 0.6936531 0.0694946 0.6915153 0.09047472 0.6871014 0.04092794 0.6806853 0.0446 0.681 0.02999997 0.6869972 0.05660903 0.6871014 0.04092794 0.6939294 0.05228281 0.6800001 0.06007069 0.6849703 0.04735684 0.6869972 0.05660903 0.6750001 0.032 0.6740719 0.0466116 0.669 0.03399997 0.681 0.02999997 0.676639 0.04122412 0.6750001 0.032 0.6740719 0.0466116 0.6806853 0.0446 0.6800001 0.06007069 0.6740719 0.0466116 0.6649286 0.0469799 0.669 0.03399997 0.6722897 0.06117027 0.6740719 0.0466116 0.6800001 0.06007069 0.663081 0.0610606 0.6707667 0.05144751 0.6722897 0.06117027 0.6519262 0.04615354 0.6649286 0.0469799 0.663081 0.0610606 0.6535001 0.03349995 0.6519262 0.04615354 0.638 0.03299999 0.669 0.03399997 0.6569055 0.04227888 0.6535001 0.03349995 0.6527721 0.05926799 0.6519262 0.04615354 0.663081 0.0610606 0.6431416 0.06114143 0.6485066 0.04968208 0.6527721 0.05926799 0.6519262 0.04615354 0.6416377 0.04631811 0.638 0.03299999 0.6416377 0.04631811 0.6336192 0.04062288 0.638 0.03299999 0.6347544 0.05387854 0.6416377 0.04631811 0.6431416 0.06114143 0.6336192 0.04062288 0.6347544 0.05387854 0.6267223 0.04883331 0.6345881 0.07233279 0.6347544 0.05387854 0.6431416 0.06114143 0.626882 0.06807506 0.6345881 0.07233279 0.6258588 0.09033334 0.6267223 0.04883331 0.6322175 0.06414312 0.626882 0.06807506 0.6192696 0.06353956 0.6182861 0.08451002 0.611 0.07599997 0.626882 0.06807506 0.6192696 0.06353956 0.6267223 0.04883331 0.6258588 0.09033334 0.6215885 0.07142049 0.626882 0.06807506 0.6258588 0.09033334 0.6146489 0.1009942 0.6182861 0.08451002 0.609 0.107 0.6165708 0.1128271 0.607 0.138 0.611 0.07599997 0.6146489 0.1009942 0.609 0.107 0.624437 0.1173421 0.6165708 0.1128271 0.6258588 0.09033334 0.6224344 0.1455051 0.618564 0.124064 0.624437 0.1173421 0.6165708 0.1128271 0.6142552 0.142251 0.607 0.138 0.6020001 0.1685 0.6102437 0.1718621 0.597 0.199 0.607 0.138 0.608929 0.1609448 0.6020001 0.1685 0.6102437 0.1718621 0.6142552 0.142251 0.6224344 0.1455051 0.6860001 0.02549999 0.6871014 0.04092794 0.681 0.02999997 0.691 0.02099996 0.6886648 0.03435492 0.6860001 0.02549999 0.6871014 0.04092794 0.6928931 0.0367127 0.6939294 0.05228281 0.6996089 0.03299534 0.6928931 0.0367127 0.691 0.02099996 0.708 0.04499995 0.6977204 0.03931325 0.6996089 0.03299534 0.6928931 0.0367127 0.7008978 0.04813861 0.6939294 0.05228281 0.7008978 0.04813861 0.7016615 0.06298118 0.6939294 0.05228281 0.7090001 0.05849999 0.7008978 0.04813861 0.708 0.04499995 0.7016615 0.06298118 0.7090001 0.05849999 0.71 0.07199996 0.6985001 0.01749998 0.6996089 0.03299534 0.691 0.02099996 0.7070001 0.0295 0.6985001 0.01749998 0.706 0.01399999 0.6996089 0.03299534 0.7070001 0.0295 0.708 0.04499995 0.6987878 0.1680059 0.6886194 0.1678277 0.695778 0.1387172 0.7020102 0.1991414 0.6929032 0.1776979 0.6987878 0.1680059 0.6807174 0.1957778 0.6929032 0.1776979 0.6909214 0.197377 0.6886194 0.1678277 0.6871033 0.1410794 0.695778 0.1387172 0.6800122 0.1686798 0.6886194 0.1678277 0.6807174 0.1957778 0.6793537 0.1430707 0.6851065 0.1590849 0.6800122 0.1686798 0.6940298 0.112546 0.6860961 0.1161944 0.6915153 0.09047472 0.695778 0.1387172 0.6890321 0.1233117 0.6940298 0.112546 0.6860961 0.1161944 0.6871033 0.1410794 0.6793537 0.1430707 0.6860961 0.1161944 0.684416 0.09454679 0.6915153 0.09047472 0.6789364 0.1194067 0.6860961 0.1161944 0.6793537 0.1430707 0.6768789 0.09777778 0.6834391 0.1096462 0.6789364 0.1194067 0.6863642 0.0743032 0.6791189 0.0777145 0.6800001 0.06007069 0.6915153 0.09047472 0.6836934 0.08189618 0.6863642 0.0743032 0.6791189 0.0777145 0.684416 0.09454679 0.6768789 0.09777778 0.6722897 0.06117027 0.671147 0.07864993 0.663081 0.0610606 0.6800001 0.06007069 0.6742643 0.0724132 0.6722897 0.06117027 0.671147 0.07864993 0.6791189 0.0777145 0.6768789 0.09777778 0.9123945 0.5302413 0.9085101 0.5398172 0.9195557 0.534389 0.9028152 0.5362936 0.9123945 0.5302413 0.9054134 0.5267333 0.8972779 0.5446112 0.9083421 0.5359584 0.9028152 0.5362936 0.9167689 0.5205382 0.9189476 0.5089895 0.9124244 0.5077981 0.9236245 0.5228112 0.9167689 0.5205382 0.9195557 0.534389 0.9262667 0.51296 0.919521 0.517392 0.9236245 0.5228112 0.9236245 0.5228112 0.9328541 0.526808 0.9262667 0.51296 0.9195557 0.534389 0.9285789 0.5292276 0.9236245 0.5228112 0.9328541 0.526808 0.928995 0.5389098 0.9390667 0.5425067 0.928995 0.5389098 0.93282 0.5572732 0.9390667 0.5425067 0.9205256 0.5520057 0.928995 0.5389098 0.9195557 0.534389 0.9221618 0.5715253 0.9143502 0.5529268 0.9094877 0.5617488 0.9195557 0.534389 0.9143502 0.5529268 0.9205256 0.5520057 0.9027867 0.5548934 0.9143502 0.5529268 0.9117251 0.5460913 0.8956191 0.5664293 0.9094877 0.5617488 0.9027867 0.5548934 0.9328541 0.526808 0.9363147 0.5120819 0.9262667 0.51296 0.9461411 0.5310394 0.9328541 0.526808 0.9390667 0.5425067 0.948389 0.5071112 0.9383941 0.5232849 0.9461411 0.5310394 0.9345167 0.493104 0.9363147 0.5120819 0.948389 0.5071112 0.9249174 0.4976596 0.9345167 0.493104 0.9214445 0.4802778 0.9262667 0.51296 0.9323545 0.5007718 0.9249174 0.4976596 0.9214445 0.4802778 0.9197638 0.4993569 0.9249174 0.4976596 0.9189476 0.5089895 0.9171335 0.4942662 0.9124244 0.5077981 0.9249174 0.4976596 0.9189476 0.5089895 0.9262667 0.51296 0.9138554 0.4839957 0.9171335 0.4942662 0.9214445 0.4802778 0.9098231 0.496564 0.9138554 0.4839957 0.90676 0.4877867 0.9124244 0.5077981 0.9142109 0.491443 0.9098231 0.496564 0.903649 0.5049797 0.9009265 0.493876 0.893 0.499 0.9098231 0.496564 0.903649 0.5049797 0.9124244 0.5077981 0.90676 0.4877867 0.9047088 0.4987644 0.9098231 0.496564 0.8920001 0.4890001 0.89932 0.4839408 0.891 0.479 0.9009265 0.493876 0.8920001 0.4890001 0.893 0.499 0.89932 0.4839408 0.9009265 0.493876 0.90676 0.4877867 0.89932 0.4839408 0.8962731 0.4759281 0.891 0.479 0.9054542 0.478686 0.89932 0.4839408 0.90676 0.4877867 0.9005001 0.4691668 0.9005202 0.4791903 0.9054542 0.478686 0.8870001 0.4785 0.8915463 0.4730229 0.883 0.478 0.891 0.479 0.8918368 0.4755321 0.8870001 0.4785 0.8915463 0.4730229 0.8962731 0.4759281 0.9005001 0.4691668 0.8915463 0.4730229 0.8848727 0.470544 0.883 0.478 0.8919489 0.4652035 0.8915463 0.4730229 0.9005001 0.4691668 0.8857408 0.4644259 0.889967 0.4698436 0.8919489 0.4652035 0.8848727 0.470544 0.8781086 0.4741379 0.883 0.478 0.8857408 0.4644259 0.8803723 0.4707348 0.8848727 0.470544 0.8781086 0.4741379 0.8797683 0.4663184 0.8717779 0.4711667 0.8860002 0.448577 0.8810807 0.460165 0.8860603 0.45736 0.8797683 0.4663184 0.8777244 0.4588218 0.8717779 0.4711667 0.8857408 0.4644259 0.8810807 0.460165 0.8797683 0.4663184 0.8723789 0.4534609 0.8777244 0.4588218 0.8860002 0.448577 0.8670175 0.4642202 0.8723789 0.4534609 0.86188 0.45968 0.8717779 0.4711667 0.8729448 0.4583617 0.8670175 0.4642202 0.9054542 0.478686 0.9115306 0.4729019 0.9005001 0.4691668 0.90676 0.4877867 0.9108833 0.4782301 0.9054542 0.478686 0.9115306 0.4729019 0.9138554 0.4839957 0.9214445 0.4802778 0.9115306 0.4729019 0.9052685 0.4625257 0.9005001 0.4691668 0.9155331 0.4664559 0.9115306 0.4729019 0.9214445 0.4802778 0.9094668 0.4580267 0.9110888 0.4673385 0.9155331 0.4664559 0.9269194 0.4582223 0.9194577 0.464674 0.9255908 0.4712923 0.9155331 0.4664559 0.9176965 0.4588444 0.9094668 0.4580267 0.9214445 0.4802778 0.9194577 0.464674 0.9155331 0.4664559 0.937687 0.4791198 0.9345167 0.493104 0.948389 0.5071112 0.9269194 0.4582223 0.9332128 0.4824284 0.937687 0.4791198 0.9345167 0.493104 0.9255908 0.4712923 0.9214445 0.4802778 0.9446668 0.4288334 0.940575 0.4658615 0.9476239 0.4691941 0.937687 0.4791198 0.9360638 0.4474102 0.9269194 0.4582223 0.9476239 0.4691941 0.937687 0.4791198 0.948389 0.5071112 0.9269443 0.439949 0.9337514 0.4244701 0.9238001 0.4249867 0.9360638 0.4474102 0.9269443 0.439949 0.9269194 0.4582223 0.9446668 0.4288334 0.9325004 0.4361655 0.9360638 0.4474102 0.9238001 0.4249867 0.9217188 0.4425824 0.9269443 0.439949 0.9189816 0.4503483 0.9169147 0.4356882 0.9088992 0.4444648 0.9269443 0.439949 0.9189816 0.4503483 0.9269194 0.4582223 0.9189816 0.4503483 0.9176965 0.4588444 0.9269194 0.4582223 0.909755 0.452116 0.9189816 0.4503483 0.9088992 0.4444648 0.9094668 0.4580267 0.9157744 0.4542741 0.909755 0.452116 0.9088992 0.4444648 0.902652 0.4499337 0.909755 0.452116 0.8995534 0.4525086 0.8987503 0.4462625 0.8860002 0.448577 0.9094668 0.4580267 0.902652 0.4499337 0.8995534 0.4525086 0.894611 0.4575982 0.8995534 0.4525086 0.8860002 0.448577 0.9005001 0.4691668 0.8993229 0.4570483 0.894611 0.4575982 0.8995534 0.4525086 0.9052685 0.4625257 0.9094668 0.4580267 0.8860603 0.45736 0.894611 0.4575982 0.8860002 0.448577 0.8857408 0.4644259 0.8911337 0.4592599 0.8860603 0.45736 0.894611 0.4575982 0.8919489 0.4652035 0.9005001 0.4691668 0.8781086 0.4741379 0.8805001 0.4785 0.883 0.478 0.8745647 0.4771355 0.8781086 0.4741379 0.8717779 0.4711667 0.878 0.479 0.8774922 0.476437 0.8745647 0.4771355 0.8745647 0.4771355 0.872546 0.4840787 0.878 0.479 0.8717779 0.4711667 0.8716421 0.4803676 0.8745647 0.4771355 0.872546 0.4840787 0.8676776 0.4802443 0.8668401 0.4881334 0.872546 0.4840787 0.8780001 0.4865 0.878 0.479 0.8717774 0.4920787 0.872546 0.4840787 0.8668401 0.4881334 0.8780001 0.4865 0.8717774 0.4920787 0.878 0.494 0.9236797 0.3902372 0.9131408 0.4111849 0.9243277 0.4098453 0.9088214 0.4206207 0.9056789 0.4052558 0.8849554 0.4191347 0.9238001 0.4249867 0.9131408 0.4111849 0.9088214 0.4206207 0.9354981 0.4078019 0.9337514 0.4244701 0.9446668 0.4288334 0.9243277 0.4098453 0.9354981 0.4078019 0.9236797 0.3902372 0.9238001 0.4249867 0.9322145 0.4132516 0.9243277 0.4098453 0.8203983 0.4700798 0.831486 0.4504428 0.8238335 0.4307222 0.8294505 0.4812523 0.8203983 0.4700798 0.8193334 0.5062778 0.8403436 0.4621011 0.8266731 0.468055 0.8294505 0.4812523 0.8353314 0.4264912 0.8415222 0.4430271 0.8459867 0.42664 0.8238335 0.4307222 0.8358458 0.4390408 0.8353314 0.4264912 0.8415222 0.4430271 0.831486 0.4504428 0.8403436 0.4621011 0.8353314 0.4264912 0.8327478 0.4095918 0.8238335 0.4307222 0.8459867 0.42664 0.8366844 0.4149562 0.8353314 0.4264912 0.8327478 0.4095918 0.8446729 0.4112896 0.8434553 0.391968 0.8434553 0.391968 0.8561574 0.4122117 0.8630117 0.4061366 0.8612667 0.4214782 0.8446729 0.4112896 0.8459867 0.42664 0.8630117 0.4061366 0.8612667 0.4214782 0.8849554 0.4191347 0.8630117 0.4061366 0.8665794 0.390989 0.8434553 0.391968 0.8849554 0.4191347 0.8703377 0.4004983 0.8630117 0.4061366 0.8837409 0.3903518 0.8703377 0.4004983 0.8842726 0.4022772 0.9007883 0.3902078 0.9056789 0.4052558 0.9236797 0.3902372 0.8837409 0.3903518 0.8979378 0.3998798 0.9007883 0.3902078 0.8849554 0.4191347 0.8979378 0.3998798 0.8842726 0.4022772 0.8837409 0.3903518 0.8971113 0.379743 0.8832837 0.3773315 0.9048336 0.3734096 0.9007883 0.3902078 0.9236797 0.3902372 0.8665794 0.390989 0.8614788 0.3745774 0.8434553 0.391968 0.8837409 0.3903518 0.8694139 0.3804032 0.8665794 0.390989 0.8459867 0.42664 0.8473548 0.4454529 0.8532788 0.4375088 0.8498687 0.4535599 0.8415222 0.4430271 0.8403436 0.4621011 0.8532788 0.4375088 0.8498687 0.4535599 0.8618183 0.4461819 0.8612667 0.4214782 0.8703953 0.4333837 0.8849554 0.4191347 0.8459867 0.42664 0.8619004 0.4307158 0.8612667 0.4214782 0.8618183 0.4461819 0.8619004 0.4307158 0.8532788 0.4375088 0.8849554 0.4191347 0.8766083 0.4354138 0.8854764 0.4322911 0.8749815 0.4410463 0.8703953 0.4333837 0.8618183 0.4461819 0.8857408 0.4386852 0.8766083 0.4354138 0.8749815 0.4410463 0.9195557 0.534389 0.9074088 0.5441834 0.9117251 0.5460913 0.9009491 0.5487732 0.9085101 0.5398172 0.8972779 0.5446112 0.9117251 0.5460913 0.9009491 0.5487732 0.9027867 0.5548934 0.8922468 0.5517882 0.9009491 0.5487732 0.8972779 0.5446112 0.8863639 0.5563032 0.8957292 0.5523678 0.8922468 0.5517882 0.9027867 0.5548934 0.8957292 0.5523678 0.8943136 0.5567266 0.8956191 0.5664293 0.8854747 0.565604 0.8843591 0.5832757 0.9027867 0.5548934 0.8916914 0.5632025 0.8956191 0.5664293 0.8854747 0.565604 0.8943136 0.5567266 0.8863639 0.5563032 0.8854747 0.565604 0.8743324 0.5661483 0.8843591 0.5832757 0.8775942 0.5561586 0.8854747 0.565604 0.8863639 0.5563032 0.8682134 0.5541734 0.8792776 0.5628913 0.8775942 0.5561586 0.8605247 0.5615919 0.8743324 0.5661483 0.8682134 0.5541734 0.8469093 0.5714648 0.8562405 0.5525423 0.8496562 0.5516964 0.8682134 0.5541734 0.8562405 0.5525423 0.8605247 0.5615919 0.8521112 0.5332779 0.8562405 0.5525423 0.8595488 0.5452079 0.8406659 0.5377393 0.8496562 0.5516964 0.8521112 0.5332779 0.8355746 0.5563549 0.8406659 0.5377393 0.8289601 0.5408534 0.836326 0.524683 0.8477293 0.5207444 0.8445467 0.5105468 0.8406659 0.5377393 0.836326 0.524683 0.8289601 0.5408534 0.8521112 0.5332779 0.8414517 0.5273221 0.8406659 0.5377393 0.8328241 0.5102216 0.836326 0.524683 0.8445467 0.5105468 0.8193334 0.5062778 0.8300661 0.5213031 0.8328241 0.5102216 0.836326 0.524683 0.8214157 0.5291331 0.8289601 0.5408534 0.8328241 0.5102216 0.8347299 0.4933045 0.8193334 0.5062778 0.8445467 0.5105468 0.8376085 0.4995983 0.8328241 0.5102216 0.8347299 0.4933045 0.8464319 0.4964007 0.8502223 0.4811667 0.8347299 0.4933045 0.8294505 0.4812523 0.8193334 0.5062778 0.843269 0.4739245 0.8347299 0.4933045 0.8502223 0.4811667 0.8403436 0.4621011 0.83497 0.4842746 0.843269 0.4739245 0.8403436 0.4621011 0.8502706 0.4672439 0.8515206 0.4618276 0.8502223 0.4811667 0.8502706 0.4672439 0.843269 0.4739245 0.8515206 0.4618276 0.8558023 0.4681761 0.86188 0.45968 0.8515206 0.4618276 0.8498687 0.4535599 0.8403436 0.4621011 0.86188 0.45968 0.853691 0.4571307 0.8515206 0.4618276 0.8498687 0.4535599 0.8610941 0.4539366 0.8618183 0.4461819 0.8618183 0.4461819 0.868918 0.4510288 0.8728104 0.4471516 0.86188 0.45968 0.868918 0.4510288 0.8610941 0.4539366 0.8728104 0.4471516 0.8723789 0.4534609 0.8860002 0.448577 0.8728104 0.4471516 0.8749815 0.4410463 0.8618183 0.4461819 0.8860002 0.448577 0.8771927 0.4436463 0.8728104 0.4471516 0.8857408 0.4386852 0.8771927 0.4436463 0.8858751 0.4425776 0.8963523 0.4402753 0.8987503 0.4462625 0.9088992 0.4444648 0.8857408 0.4386852 0.8944211 0.443029 0.8963523 0.4402753 0.8860002 0.448577 0.8944211 0.443029 0.8858751 0.4425776 0.8849554 0.4191347 0.8943784 0.4347966 0.9002568 0.4324969 0.8857408 0.4386852 0.8943784 0.4347966 0.8854764 0.4322911 0.9002568 0.4324969 0.8963523 0.4402753 0.9088992 0.4444648 0.9002568 0.4324969 0.9088214 0.4206207 0.8849554 0.4191347 0.9088992 0.4444648 0.9086092 0.4296346 0.9002568 0.4324969 0.9088214 0.4206207 0.9169147 0.4356882 0.9238001 0.4249867 0.8502223 0.4811667 0.8528367 0.4981141 0.8562294 0.4939696 0.8538283 0.5071319 0.8464319 0.4964007 0.8445467 0.5105468 0.8562294 0.4939696 0.8538283 0.5071319 0.8626668 0.506889 0.8538283 0.5071319 0.8563996 0.5192762 0.8626668 0.506889 0.8445467 0.5105468 0.8530515 0.5155104 0.8538283 0.5071319 0.8563996 0.5192762 0.8477293 0.5207444 0.8521112 0.5332779 0.8563996 0.5192762 0.8644612 0.5183804 0.8626668 0.506889 0.8601793 0.5290902 0.8563996 0.5192762 0.8521112 0.5332779 0.866389 0.5258889 0.8597645 0.5224812 0.8601793 0.5290902 0.8670175 0.4642202 0.8610714 0.4746249 0.8717779 0.4711667 0.86188 0.45968 0.8611289 0.469024 0.8670175 0.4642202 0.8610714 0.4746249 0.8558023 0.4681761 0.8502223 0.4811667 0.8610714 0.4746249 0.8676776 0.4802443 0.8717779 0.4711667 0.8595828 0.4849085 0.8610714 0.4746249 0.8502223 0.4811667 0.8668401 0.4881334 0.8623261 0.4797795 0.8595828 0.4849085 0.8562294 0.4939696 0.8595828 0.4849085 0.8502223 0.4811667 0.8643912 0.496082 0.8562294 0.4939696 0.8626668 0.506889 0.8668401 0.4881334 0.859645 0.4916613 0.8643912 0.496082 0.8717774 0.4920787 0.8708778 0.5004777 0.878 0.494 0.8668401 0.4881334 0.8690026 0.4968605 0.8717774 0.4920787 0.8708778 0.5004777 0.8643912 0.496082 0.8626668 0.506889 0.8708778 0.5004777 0.8785001 0.5010001 0.878 0.494 0.8711742 0.5086699 0.8708778 0.5004777 0.8626668 0.506889 0.8785001 0.5010001 0.8711742 0.5086699 0.879 0.508 0.8711742 0.5086699 0.8718682 0.5198218 0.879 0.508 0.8644612 0.5183804 0.8711742 0.5086699 0.8626668 0.506889 0.8718682 0.5198218 0.8644612 0.5183804 0.866389 0.5258889 0.8718682 0.5198218 0.8762833 0.5275259 0.879 0.508 0.866389 0.5258889 0.8732208 0.5270721 0.8718682 0.5198218 0.8762833 0.5275259 0.869568 0.5330212 0.874889 0.5421112 0.8634856 0.5383405 0.8601793 0.5290902 0.8521112 0.5332779 0.874889 0.5421112 0.8639807 0.5343526 0.8634856 0.5383405 0.866389 0.5258889 0.8639807 0.5343526 0.869568 0.5330212 0.8521112 0.5332779 0.8642677 0.5428984 0.8634856 0.5383405 0.870845 0.5474698 0.8595488 0.5452079 0.8682134 0.5541734 0.8634856 0.5383405 0.870845 0.5474698 0.874889 0.5421112 0.870845 0.5474698 0.880362 0.550863 0.874889 0.5421112 0.8682134 0.5541734 0.8765044 0.5513913 0.870845 0.5474698 0.8863639 0.5563032 0.8765044 0.5513913 0.8775942 0.5561586 0.874889 0.5421112 0.8828412 0.550247 0.8812156 0.5466269 0.8863445 0.5516629 0.880362 0.550863 0.8863639 0.5563032 0.8812156 0.5466269 0.8863445 0.5516629 0.8859295 0.5466669 0.8972779 0.5446112 0.8897494 0.5508847 0.8922468 0.5517882 0.8863445 0.5516629 0.8909708 0.5475011 0.8859295 0.5466669 0.8922468 0.5517882 0.8863445 0.5516629 0.8863639 0.5563032 0.8899742 0.5425803 0.8940917 0.5410991 0.894 0.537 0.8909708 0.5475011 0.8899742 0.5425803 0.8859295 0.5466669 0.8972779 0.5446112 0.8918779 0.5440698 0.8909708 0.5475011 0.8940002 0.5325 0.8961889 0.5364394 0.894 0.528 0.894 0.537 0.8947131 0.537064 0.8940002 0.5325 0.8961889 0.5364394 0.8940917 0.5410991 0.8972779 0.5446112 0.8961889 0.5364394 0.8992237 0.5274792 0.894 0.528 0.9028152 0.5362936 0.8961889 0.5364394 0.8972779 0.5446112 0.9054134 0.5267333 0.8991661 0.534328 0.9028152 0.5362936 0.8935 0.5135 0.9004761 0.5150348 0.893 0.499 0.894 0.528 0.8978695 0.5188472 0.8935 0.5135 0.9004761 0.5150348 0.8992237 0.5274792 0.9054134 0.5267333 0.9004761 0.5150348 0.903649 0.5049797 0.893 0.499 0.9090763 0.5183687 0.9004761 0.5150348 0.9054134 0.5267333 0.9124244 0.5077981 0.9041588 0.5126895 0.9090763 0.5183687 0.9124244 0.5077981 0.9134598 0.5234032 0.9167689 0.5205382 0.9054134 0.5267333 0.9134598 0.5234032 0.9090763 0.5183687 0.9167689 0.5205382 0.9123945 0.5302413 0.9195557 0.534389 0.8762833 0.5275259 0.8785001 0.5225 0.879 0.508 0.878017 0.5382804 0.8762833 0.5275259 0.874889 0.5421112 0.878 0.537 0.8776383 0.5297597 0.878017 0.5382804 0.878017 0.5382804 0.8816245 0.5423396 0.878 0.537 0.874889 0.5421112 0.8801087 0.5431404 0.878017 0.5382804 0.8816245 0.5423396 0.8812156 0.5466269 0.8859295 0.5466669 0.8816245 0.5423396 0.8810002 0.5370001 0.878 0.537 0.8851894 0.5415942 0.8816245 0.5423396 0.8859295 0.5466669 0.8810002 0.5370001 0.8851894 0.5415942 0.884 0.537 0.8890001 0.5370001 0.8899742 0.5425803 0.894 0.537 0.884 0.537 0.8880259 0.5407419 0.8890001 0.5370001 0.8899742 0.5425803 0.8851894 0.5415942 0.8859295 0.5466669 0.6800122 0.1686798 0.6749122 0.1776871 0.6721588 0.1692804 0.6807174 0.1957778 0.6722351 0.1951605 0.6749122 0.1776871 0.6632325 0.1959192 0.6721588 0.1692804 0.6749122 0.1776871 0.6793537 0.1430707 0.6721588 0.1692804 0.6697667 0.1611497 0.6640048 0.1703176 0.6697667 0.1611497 0.6721588 0.1692804 0.6639497 0.1454243 0.672247 0.1444318 0.6697667 0.1611497 0.6640048 0.1703176 0.6567254 0.1797661 0.6528984 0.1717147 0.6632325 0.1959192 0.6522246 0.1976373 0.6567254 0.1797661 0.6528984 0.1717147 0.6567254 0.1797661 0.6522246 0.1976373 0.6528984 0.1717147 0.6491982 0.1631191 0.6532197 0.145722 0.6409674 0.1723681 0.6491982 0.1631191 0.6528984 0.1717147 0.641788 0.1461313 0.6532197 0.145722 0.6491982 0.1631191 0.6629135 0.1211553 0.6564105 0.1291724 0.6521351 0.1212947 0.6639497 0.1454243 0.6532197 0.145722 0.6564105 0.1291724 0.6521351 0.1212947 0.6564105 0.1291724 0.6532197 0.145722 0.6594547 0.09820204 0.6521351 0.1212947 0.6483582 0.1135776 0.6419389 0.1218832 0.6483582 0.1135776 0.6521351 0.1212947 0.6406934 0.1017333 0.6497969 0.09838604 0.6483582 0.1135776 0.6717475 0.1209022 0.674507 0.1282986 0.672247 0.1444318 0.6789364 0.1194067 0.674507 0.1282986 0.6717475 0.1209022 0.6793537 0.1430707 0.672247 0.1444318 0.674507 0.1282986 0.6629135 0.1211553 0.6685112 0.1131905 0.6717475 0.1209022 0.6594547 0.09820204 0.6690031 0.09824585 0.6685112 0.1131905 0.6768789 0.09777778 0.6717475 0.1209022 0.6685112 0.1131905 0.671147 0.07864993 0.6679587 0.08481907 0.662299 0.07813221 0.6690031 0.09824585 0.6679587 0.08481907 0.671147 0.07864993 0.6594547 0.09820204 0.662299 0.07813221 0.6679587 0.08481907 0.6523646 0.07692873 0.6561038 0.07082599 0.662299 0.07813221 0.6527721 0.05926799 0.6561038 0.07082599 0.6523646 0.07692873 0.663081 0.0610606 0.662299 0.07813221 0.6561038 0.07082599 0.6497969 0.09838604 0.6486873 0.08394986 0.6523646 0.07692873 0.6406934 0.1017333 0.6426683 0.08024638 0.6486873 0.08394986 0.6523646 0.07692873 0.6486873 0.08394986 0.6426683 0.08024638 0.6426683 0.08024638 0.6369889 0.08109182 0.6345881 0.07233279 0.6336986 0.09495908 0.6369889 0.08109182 0.6426683 0.08024638 0.6345881 0.07233279 0.6369889 0.08109182 0.6336986 0.09495908 0.6406934 0.1017333 0.6326423 0.1211954 0.6302892 0.1108974 0.624437 0.1173421 0.6302892 0.1108974 0.6326423 0.1211954 0.6258588 0.09033334 0.6336986 0.09495908 0.6302892 0.1108974 0.6419389 0.1218832 0.6355651 0.1297535 0.6326423 0.1211954 0.641788 0.1461313 0.6317514 0.1463264 0.6355651 0.1297535 0.6326423 0.1211954 0.6355651 0.1297535 0.6317514 0.1463264 0.6294965 0.1730507 0.6269608 0.1640844 0.6317514 0.1463264 0.6194824 0.1732009 0.6269608 0.1640844 0.6294965 0.1730507 0.6224344 0.1455051 0.6317514 0.1463264 0.6269608 0.1640844 0.6409674 0.1723681 0.6326945 0.181883 0.6294965 0.1730507 0.6398587 0.1997778 0.6277308 0.2010666 0.6326945 0.181883 0.6294965 0.1730507 0.6326945 0.181883 0.6277308 0.2010666 0.6102437 0.1718621 0.6120082 0.1819286 0.6063383 0.200429 0.6194824 0.1732009 0.6120082 0.1819286 0.6102437 0.1718621 0.6163537 0.2014243 0.6063383 0.200429 0.6120082 0.1819286 0.03099995 0.2 0.05054652 0.1710085 0.05320906 0.1829028 0.06433308 0.1736041 0.05320906 0.1829028 0.05054652 0.1710085 0.06047475 0.2055152 0.0456106 0.2037624 0.05320906 0.1829028 0.0955733 0.08593332 0.08448123 0.1102099 0.08145171 0.09867364 0.07278364 0.1081412 0.08145171 0.09867364 0.08448123 0.1102099 0.07523232 0.07887881 0.08637785 0.08011651 0.08145171 0.09867364 0.09750235 0.11058 0.08869975 0.1208145 0.08448123 0.1102099 0.09716165 0.1418586 0.08300769 0.1419751 0.08869975 0.1208145 0.08448123 0.1102099 0.08869975 0.1208145 0.08300769 0.1419751 0.07951158 0.1738724 0.07564502 0.1634406 0.08300769 0.1419751 0.06433308 0.1736041 0.07564502 0.1634406 0.07951158 0.1738724 0.06908082 0.1409394 0.08300769 0.1419751 0.07564502 0.1634406 0.09638398 0.1726896 0.08462727 0.1836477 0.07951158 0.1738724 0.09593939 0.2024243 0.07783436 0.204321 0.08462727 0.1836477 0.07951158 0.1738724 0.08462727 0.1836477 0.07783436 0.204321 0.1105846 0.172305 0.1152234 0.1813392 0.1113042 0.200651 0.1246612 0.1710818 0.1152234 0.1813392 0.1105846 0.172305 0.1264747 0.1995556 0.1113042 0.200651 0.1152234 0.1813392 0.09638398 0.1726896 0.1063418 0.1625428 0.1105846 0.172305 0.09716165 0.1418586 0.1107988 0.1421574 0.1063418 0.1625428 0.1105846 0.172305 0.1063418 0.1625428 0.1107988 0.1421574 0.1217899 0.1107664 0.114417 0.1210197 0.1097351 0.1101787 0.1236464 0.1422323 0.1107988 0.1421574 0.114417 0.1210197 0.1097351 0.1101787 0.114417 0.1210197 0.1107988 0.1421574 0.1176061 0.08166664 0.1097351 0.1101787 0.10541 0.09976232 0.09750235 0.11058 0.10541 0.09976232 0.1097351 0.1101787 0.0955733 0.08593332 0.1067109 0.08131402 0.10541 0.09976232 0.1085283 0.06006687 0.1048707 0.0664556 0.09755712 0.06361854 0.1067109 0.08131402 0.1048707 0.0664556 0.1085283 0.06006687 0.09755712 0.06361854 0.1048707 0.0664556 0.1067109 0.08131402 0.09755712 0.06361854 0.09048449 0.06550306 0.08687114 0.05859386 0.0955733 0.08593332 0.08637785 0.08011651 0.09048449 0.06550306 0.08687114 0.05859386 0.09048449 0.06550306 0.08637785 0.08011651 0.08687114 0.05859386 0.08318907 0.05245971 0.08638513 0.0422182 0.07581466 0.05832028 0.08318907 0.05245971 0.08687114 0.05859386 0.0741111 0.04138886 0.08638513 0.0422182 0.08318907 0.05245971 0.03749996 0.168 0.04823881 0.1592627 0.05054652 0.1710085 0.04399996 0.136 0.05631506 0.1385293 0.04823881 0.1592627 0.05054652 0.1710085 0.04823881 0.1592627 0.05631506 0.1385293 0.06042695 0.1061211 0.06345444 0.1174514 0.05631506 0.1385293 0.07278364 0.1081412 0.06345444 0.1174514 0.06042695 0.1061211 0.06908082 0.1409394 0.05631506 0.1385293 0.06345444 0.1174514 0.04799997 0.1055 0.05750733 0.09563308 0.06042695 0.1061211 0.05199998 0.07499998 0.06344777 0.07783406 0.05750733 0.09563308 0.07523232 0.07887881 0.06042695 0.1061211 0.05750733 0.09563308 0.06378352 0.05903708 0.06805634 0.06424248 0.06344777 0.07783406 0.07581466 0.05832028 0.06805634 0.06424248 0.06378352 0.05903708 0.07523232 0.07887881 0.06344777 0.07783406 0.06805634 0.06424248 0.05149996 0.06150001 0.05927121 0.0550816 0.06378352 0.05903708 0.05099999 0.04799997 0.06082516 0.04518061 0.05927121 0.0550816 0.06378352 0.05903708 0.05927121 0.0550816 0.06082516 0.04518061 0.06082516 0.04518061 0.05860459 0.03572052 0.06280207 0.02971303 0.05099999 0.04799997 0.05049997 0.03249996 0.05860459 0.03572052 0.06280207 0.02971303 0.05860459 0.03572052 0.05049997 0.03249996 0.06280207 0.02971303 0.06688237 0.02402603 0.07486224 0.02551394 0.0625 0.01549994 0.06688237 0.02402603 0.06280207 0.02971303 0.07486224 0.02551394 0.06688237 0.02402603 0.0625 0.01549994 0.08586221 0.02818757 0.08221566 0.02327603 0.0855 0.01449996 0.07486224 0.02551394 0.08221566 0.02327603 0.08586221 0.02818757 0.07499998 0.01399999 0.0855 0.01449996 0.08221566 0.02327603 0.09599995 0.01499998 0.0966224 0.03124356 0.08964008 0.03299325 0.09728282 0.04643434 0.08638513 0.0422182 0.08964008 0.03299325 0.08586221 0.02818757 0.08964008 0.03299325 0.08638513 0.0422182 0.1068256 0.02972811 0.103694 0.03400844 0.0966224 0.03124356 0.1077327 0.04378879 0.103694 0.03400844 0.1068256 0.02972811 0.09728282 0.04643434 0.0966224 0.03124356 0.103694 0.03400844 0.1077327 0.04378879 0.1119209 0.05445522 0.1085283 0.06006687 0.1182121 0.04549491 0.1192222 0.06118339 0.1119209 0.05445522 0.1085283 0.06006687 0.1119209 0.05445522 0.1192222 0.06118339 0.1300663 0.06241101 0.1266354 0.06759911 0.1192222 0.06118339 0.1291327 0.08168905 0.1266354 0.06759911 0.1300663 0.06241101 0.1176061 0.08166664 0.1192222 0.06118339 0.1266354 0.06759911 0.1340044 0.11092 0.1287033 0.100468 0.1291327 0.08168905 0.1217899 0.1107664 0.1287033 0.100468 0.1340044 0.11092 0.1176061 0.08166664 0.1291327 0.08168905 0.1287033 0.100468 0.149 0.11 0.1406154 0.1211045 0.1340044 0.11092 0.156 0.141 0.1385946 0.1415635 0.1406154 0.1211045 0.1340044 0.11092 0.1406154 0.1211045 0.1385946 0.1415635 0.1405897 0.1703122 0.1346551 0.1609942 0.1385946 0.1415635 0.1246612 0.1710818 0.1346551 0.1609942 0.1405897 0.1703122 0.1236464 0.1422323 0.1385946 0.1415635 0.1346551 0.1609942 0.158 0.1715 0.1469286 0.1804869 0.1405897 0.1703122 0.16 0.202 0.1432078 0.2002359 0.1469286 0.1804869 0.1405897 0.1703122 0.1469286 0.1804869 0.1432078 0.2002359 0.1055 0.01549994 0.1096863 0.02534681 0.1068256 0.02972811 0.115 0.01599997 0.1168164 0.03093415 0.1096863 0.02534681 0.1068256 0.02972811 0.1096863 0.02534681 0.1168164 0.03093415 0.1276065 0.03300923 0.1243808 0.03706902 0.1168164 0.03093415 0.1289252 0.04755216 0.1243808 0.03706902 0.1276065 0.03300923 0.1182121 0.04549491 0.1168164 0.03093415 0.1243808 0.03706902 0.1289252 0.04755216 0.1333391 0.05805516 0.1300663 0.06241101 0.14 0.04999995 0.141 0.06449997 0.1333391 0.05805516 0.1300663 0.06241101 0.1333391 0.05805516 0.141 0.06449997 0.1265 0.01849997 0.1310139 0.02899998 0.1276065 0.03300923 0.138 0.02099996 0.139 0.03549998 0.1310139 0.02899998 0.1276065 0.03300923 0.1310139 0.02899998 0.139 0.03549998 0.6115001 0.06149995 0.6167314 0.05744016 0.6192696 0.06353956 0.6182835 0.04781734 0.6167314 0.05744016 0.6115001 0.06149995 0.6192696 0.06353956 0.6167314 0.05744016 0.6182835 0.04781734 0.6182835 0.04781734 0.6174258 0.03802353 0.6204618 0.03384047 0.612 0.04699999 0.6125 0.03249996 0.6174258 0.03802353 0.6204618 0.03384047 0.6174258 0.03802353 0.6125 0.03249996 0.6204618 0.03384047 0.6235508 0.03007906 0.6282187 0.03424787 0.6215001 0.02099996 0.6235508 0.03007906 0.6204618 0.03384047 0.63 0.02399998 0.6282187 0.03424787 0.6235508 0.03007906 0.6336192 0.04062288 0.6319675 0.03496795 0.6340001 0.02849996 0.6282187 0.03424787 0.6319675 0.03496795 0.6336192 0.04062288 0.6340001 0.02849996 0.6319675 0.03496795 0.6282187 0.03424787 0.715 0.133 0.7210001 0.1655 0.7149175 0.1768649 0.727 0.198 0.7141039 0.1993876 0.7149175 0.1768649 0.7093193 0.1665149 0.7149175 0.1768649 0.7141039 0.1993876 0.7093193 0.1665149 0.7043971 0.1569128 0.7053738 0.1358891 0.6987878 0.1680059 0.7043971 0.1569128 0.7093193 0.1665149 0.695778 0.1387172 0.7053738 0.1358891 0.7043971 0.1569128 0.7125001 0.1025 0.7067713 0.114784 0.7028391 0.1065396 0.7053738 0.1358891 0.7067713 0.114784 0.7125001 0.1025 0.695778 0.1387172 0.7028391 0.1065396 0.7067713 0.114784 0.7028391 0.1065396 0.6991753 0.1001292 0.6999754 0.0833351 0.6940298 0.112546 0.6991753 0.1001292 0.7028391 0.1065396 0.6915153 0.09047472 0.6999754 0.0833351 0.6991753 0.1001292 0.7016615 0.06298118 0.6987632 0.0711863 0.6936531 0.0694946 0.71 0.07199996 0.6999754 0.0833351 0.6987632 0.0711863 0.6936531 0.0694946 0.6987632 0.0711863 0.6999754 0.0833351 0.6800001 0.06007069 0.6869972 0.05660903 0.6889992 0.0667299 0.6939294 0.05228281 0.6936531 0.0694946 0.6889992 0.0667299 0.6863642 0.0743032 0.6889992 0.0667299 0.6936531 0.0694946 0.6871014 0.04092794 0.6849703 0.04735684 0.6806853 0.0446 0.6869972 0.05660903 0.6849703 0.04735684 0.6871014 0.04092794 0.6800001 0.06007069 0.6806853 0.0446 0.6849703 0.04735684 0.6750001 0.032 0.676639 0.04122412 0.6740719 0.0466116 0.681 0.02999997 0.6806853 0.0446 0.676639 0.04122412 0.6740719 0.0466116 0.676639 0.04122412 0.6806853 0.0446 0.6740719 0.0466116 0.6707667 0.05144751 0.6649286 0.0469799 0.6722897 0.06117027 0.6707667 0.05144751 0.6740719 0.0466116 0.663081 0.0610606 0.6649286 0.0469799 0.6707667 0.05144751 0.6519262 0.04615354 0.6569055 0.04227888 0.6649286 0.0469799 0.6535001 0.03349995 0.6569055 0.04227888 0.6519262 0.04615354 0.669 0.03399997 0.6649286 0.0469799 0.6569055 0.04227888 0.6527721 0.05926799 0.6485066 0.04968208 0.6519262 0.04615354 0.6431416 0.06114143 0.6416377 0.04631811 0.6485066 0.04968208 0.6519262 0.04615354 0.6485066 0.04968208 0.6416377 0.04631811 0.6416377 0.04631811 0.6364575 0.0460239 0.6336192 0.04062288 0.6347544 0.05387854 0.6364575 0.0460239 0.6416377 0.04631811 0.6336192 0.04062288 0.6364575 0.0460239 0.6347544 0.05387854 0.6345881 0.07233279 0.6322175 0.06414312 0.6347544 0.05387854 0.626882 0.06807506 0.6322175 0.06414312 0.6345881 0.07233279 0.6267223 0.04883331 0.6347544 0.05387854 0.6322175 0.06414312 0.6192696 0.06353956 0.6215885 0.07142049 0.6182861 0.08451002 0.626882 0.06807506 0.6215885 0.07142049 0.6192696 0.06353956 0.6258588 0.09033334 0.6182861 0.08451002 0.6215885 0.07142049 0.6258588 0.09033334 0.6165708 0.1128271 0.6146489 0.1009942 0.609 0.107 0.6146489 0.1009942 0.6165708 0.1128271 0.611 0.07599997 0.6182861 0.08451002 0.6146489 0.1009942 0.624437 0.1173421 0.618564 0.124064 0.6165708 0.1128271 0.6224344 0.1455051 0.6142552 0.142251 0.618564 0.124064 0.6165708 0.1128271 0.618564 0.124064 0.6142552 0.142251 0.6020001 0.1685 0.608929 0.1609448 0.6102437 0.1718621 0.607 0.138 0.6142552 0.142251 0.608929 0.1609448 0.6102437 0.1718621 0.608929 0.1609448 0.6142552 0.142251 0.6860001 0.02549999 0.6886648 0.03435492 0.6871014 0.04092794 0.691 0.02099996 0.6928931 0.0367127 0.6886648 0.03435492 0.6871014 0.04092794 0.6886648 0.03435492 0.6928931 0.0367127 0.6996089 0.03299534 0.6977204 0.03931325 0.6928931 0.0367127 0.708 0.04499995 0.7008978 0.04813861 0.6977204 0.03931325 0.6928931 0.0367127 0.6977204 0.03931325 0.7008978 0.04813861 0.7008978 0.04813861 0.7039425 0.05641049 0.7016615 0.06298118 0.7090001 0.05849999 0.7039425 0.05641049 0.7008978 0.04813861 0.7016615 0.06298118 0.7039425 0.05641049 0.7090001 0.05849999 0.6985001 0.01749998 0.7016806 0.02666664 0.6996089 0.03299534 0.7070001 0.0295 0.7016806 0.02666664 0.6985001 0.01749998 0.6996089 0.03299534 0.7016806 0.02666664 0.7070001 0.0295 0.6987878 0.1680059 0.6929032 0.1776979 0.6886194 0.1678277 0.7020102 0.1991414 0.6909214 0.197377 0.6929032 0.1776979 0.6807174 0.1957778 0.6886194 0.1678277 0.6929032 0.1776979 0.6886194 0.1678277 0.6851065 0.1590849 0.6871033 0.1410794 0.6800122 0.1686798 0.6851065 0.1590849 0.6886194 0.1678277 0.6793537 0.1430707 0.6871033 0.1410794 0.6851065 0.1590849 0.6940298 0.112546 0.6890321 0.1233117 0.6860961 0.1161944 0.695778 0.1387172 0.6871033 0.1410794 0.6890321 0.1233117 0.6860961 0.1161944 0.6890321 0.1233117 0.6871033 0.1410794 0.6860961 0.1161944 0.6834391 0.1096462 0.684416 0.09454679 0.6789364 0.1194067 0.6834391 0.1096462 0.6860961 0.1161944 0.6768789 0.09777778 0.684416 0.09454679 0.6834391 0.1096462 0.6863642 0.0743032 0.6836934 0.08189618 0.6791189 0.0777145 0.6915153 0.09047472 0.684416 0.09454679 0.6836934 0.08189618 0.6791189 0.0777145 0.6836934 0.08189618 0.684416 0.09454679 0.6722897 0.06117027 0.6742643 0.0724132 0.671147 0.07864993 0.6800001 0.06007069 0.6791189 0.0777145 0.6742643 0.0724132 0.671147 0.07864993 0.6742643 0.0724132 0.6791189 0.0777145 0.9123945 0.5302413 0.9083421 0.5359584 0.9085101 0.5398172 0.9028152 0.5362936 0.9083421 0.5359584 0.9123945 0.5302413 0.8972779 0.5446112 0.9085101 0.5398172 0.9083421 0.5359584 0.9167689 0.5205382 0.919521 0.517392 0.9189476 0.5089895 0.9236245 0.5228112 0.919521 0.517392 0.9167689 0.5205382 0.9262667 0.51296 0.9189476 0.5089895 0.919521 0.517392 0.9236245 0.5228112 0.9285789 0.5292276 0.9328541 0.526808 0.9195557 0.534389 0.928995 0.5389098 0.9285789 0.5292276 0.9328541 0.526808 0.9285789 0.5292276 0.928995 0.5389098 0.928995 0.5389098 0.9269974 0.5497408 0.93282 0.5572732 0.9205256 0.5520057 0.9269974 0.5497408 0.928995 0.5389098 0.9221618 0.5715253 0.9205256 0.5520057 0.9143502 0.5529268 0.9195557 0.534389 0.9117251 0.5460913 0.9143502 0.5529268 0.9027867 0.5548934 0.9094877 0.5617488 0.9143502 0.5529268 0.8956191 0.5664293 0.9025301 0.5689452 0.9094877 0.5617488 0.9328541 0.526808 0.9383941 0.5232849 0.9363147 0.5120819 0.9461411 0.5310394 0.9383941 0.5232849 0.9328541 0.526808 0.948389 0.5071112 0.9363147 0.5120819 0.9383941 0.5232849 0.9345167 0.493104 0.9323545 0.5007718 0.9363147 0.5120819 0.9249174 0.4976596 0.9323545 0.5007718 0.9345167 0.493104 0.9262667 0.51296 0.9363147 0.5120819 0.9323545 0.5007718 0.9214445 0.4802778 0.9171335 0.4942662 0.9197638 0.4993569 0.9189476 0.5089895 0.9197638 0.4993569 0.9171335 0.4942662 0.9249174 0.4976596 0.9197638 0.4993569 0.9189476 0.5089895 0.9138554 0.4839957 0.9142109 0.491443 0.9171335 0.4942662 0.9098231 0.496564 0.9142109 0.491443 0.9138554 0.4839957 0.9124244 0.5077981 0.9171335 0.4942662 0.9142109 0.491443 0.903649 0.5049797 0.9047088 0.4987644 0.9009265 0.493876 0.9098231 0.496564 0.9047088 0.4987644 0.903649 0.5049797 0.90676 0.4877867 0.9009265 0.493876 0.9047088 0.4987644 0.8920001 0.4890001 0.8975445 0.4889639 0.89932 0.4839408 0.9009265 0.493876 0.8975445 0.4889639 0.8920001 0.4890001 0.89932 0.4839408 0.8975445 0.4889639 0.9009265 0.493876 0.89932 0.4839408 0.9005202 0.4791903 0.8962731 0.4759281 0.9054542 0.478686 0.9005202 0.4791903 0.89932 0.4839408 0.9005001 0.4691668 0.8962731 0.4759281 0.9005202 0.4791903 0.8870001 0.4785 0.8918368 0.4755321 0.8915463 0.4730229 0.891 0.479 0.8962731 0.4759281 0.8918368 0.4755321 0.8915463 0.4730229 0.8918368 0.4755321 0.8962731 0.4759281 0.8915463 0.4730229 0.889967 0.4698436 0.8848727 0.470544 0.8919489 0.4652035 0.889967 0.4698436 0.8915463 0.4730229 0.8857408 0.4644259 0.8848727 0.470544 0.889967 0.4698436 0.8848727 0.470544 0.8803723 0.4707348 0.8781086 0.4741379 0.8857408 0.4644259 0.8797683 0.4663184 0.8803723 0.4707348 0.8781086 0.4741379 0.8803723 0.4707348 0.8797683 0.4663184 0.8860002 0.448577 0.8777244 0.4588218 0.8810807 0.460165 0.8797683 0.4663184 0.8810807 0.460165 0.8777244 0.4588218 0.8857408 0.4644259 0.8860603 0.45736 0.8810807 0.460165 0.8723789 0.4534609 0.8729448 0.4583617 0.8777244 0.4588218 0.8670175 0.4642202 0.8729448 0.4583617 0.8723789 0.4534609 0.8717779 0.4711667 0.8777244 0.4588218 0.8729448 0.4583617 0.9054542 0.478686 0.9108833 0.4782301 0.9115306 0.4729019 0.90676 0.4877867 0.9138554 0.4839957 0.9108833 0.4782301 0.9115306 0.4729019 0.9108833 0.4782301 0.9138554 0.4839957 0.9115306 0.4729019 0.9110888 0.4673385 0.9052685 0.4625257 0.9155331 0.4664559 0.9110888 0.4673385 0.9115306 0.4729019 0.9094668 0.4580267 0.9052685 0.4625257 0.9110888 0.4673385 0.9269194 0.4582223 0.9176965 0.4588444 0.9194577 0.464674 0.9155331 0.4664559 0.9194577 0.464674 0.9176965 0.4588444 0.9214445 0.4802778 0.9255908 0.4712923 0.9194577 0.464674 0.937687 0.4791198 0.9332128 0.4824284 0.9345167 0.493104 0.9269194 0.4582223 0.9255908 0.4712923 0.9332128 0.4824284 0.9345167 0.493104 0.9332128 0.4824284 0.9255908 0.4712923 0.9446668 0.4288334 0.9360638 0.4474102 0.940575 0.4658615 0.937687 0.4791198 0.940575 0.4658615 0.9360638 0.4474102 0.9476239 0.4691941 0.940575 0.4658615 0.937687 0.4791198 0.9269443 0.439949 0.9325004 0.4361655 0.9337514 0.4244701 0.9360638 0.4474102 0.9325004 0.4361655 0.9269443 0.439949 0.9446668 0.4288334 0.9337514 0.4244701 0.9325004 0.4361655 0.9238001 0.4249867 0.9169147 0.4356882 0.9217188 0.4425824 0.9189816 0.4503483 0.9217188 0.4425824 0.9169147 0.4356882 0.9269443 0.439949 0.9217188 0.4425824 0.9189816 0.4503483 0.9189816 0.4503483 0.9157744 0.4542741 0.9176965 0.4588444 0.909755 0.452116 0.9157744 0.4542741 0.9189816 0.4503483 0.9094668 0.4580267 0.9176965 0.4588444 0.9157744 0.4542741 0.9088992 0.4444648 0.8987503 0.4462625 0.902652 0.4499337 0.8995534 0.4525086 0.902652 0.4499337 0.8987503 0.4462625 0.9094668 0.4580267 0.909755 0.452116 0.902652 0.4499337 0.894611 0.4575982 0.8993229 0.4570483 0.8995534 0.4525086 0.9005001 0.4691668 0.9052685 0.4625257 0.8993229 0.4570483 0.8995534 0.4525086 0.8993229 0.4570483 0.9052685 0.4625257 0.8860603 0.45736 0.8911337 0.4592599 0.894611 0.4575982 0.8857408 0.4644259 0.8919489 0.4652035 0.8911337 0.4592599 0.894611 0.4575982 0.8911337 0.4592599 0.8919489 0.4652035 0.8781086 0.4741379 0.8774922 0.476437 0.8805001 0.4785 0.8745647 0.4771355 0.8774922 0.476437 0.8781086 0.4741379 0.878 0.479 0.8805001 0.4785 0.8774922 0.476437 0.8745647 0.4771355 0.8716421 0.4803676 0.872546 0.4840787 0.8717779 0.4711667 0.8676776 0.4802443 0.8716421 0.4803676 0.872546 0.4840787 0.8716421 0.4803676 0.8676776 0.4802443 0.872546 0.4840787 0.8740527 0.4876111 0.8780001 0.4865 0.8717774 0.4920787 0.8740527 0.4876111 0.872546 0.4840787 0.8780001 0.4865 0.8740527 0.4876111 0.8717774 0.4920787 0.9236797 0.3902372 0.9056789 0.4052558 0.9131408 0.4111849 0.9088214 0.4206207 0.9131408 0.4111849 0.9056789 0.4052558 0.9238001 0.4249867 0.9243277 0.4098453 0.9131408 0.4111849 0.9354981 0.4078019 0.9322145 0.4132516 0.9337514 0.4244701 0.9243277 0.4098453 0.9322145 0.4132516 0.9354981 0.4078019 0.9238001 0.4249867 0.9337514 0.4244701 0.9322145 0.4132516 0.8203983 0.4700798 0.8266731 0.468055 0.831486 0.4504428 0.8294505 0.4812523 0.8266731 0.468055 0.8203983 0.4700798 0.8403436 0.4621011 0.831486 0.4504428 0.8266731 0.468055 0.8353314 0.4264912 0.8358458 0.4390408 0.8415222 0.4430271 0.8238335 0.4307222 0.831486 0.4504428 0.8358458 0.4390408 0.8415222 0.4430271 0.8358458 0.4390408 0.831486 0.4504428 0.8353314 0.4264912 0.8366844 0.4149562 0.8327478 0.4095918 0.8459867 0.42664 0.8446729 0.4112896 0.8366844 0.4149562 0.8327478 0.4095918 0.8366844 0.4149562 0.8446729 0.4112896 0.8434553 0.391968 0.8446729 0.4112896 0.8561574 0.4122117 0.8612667 0.4214782 0.8561574 0.4122117 0.8446729 0.4112896 0.8630117 0.4061366 0.8561574 0.4122117 0.8612667 0.4214782 0.8630117 0.4061366 0.8703377 0.4004983 0.8665794 0.390989 0.8849554 0.4191347 0.8842726 0.4022772 0.8703377 0.4004983 0.8837409 0.3903518 0.8665794 0.390989 0.8703377 0.4004983 0.9007883 0.3902078 0.8979378 0.3998798 0.9056789 0.4052558 0.8837409 0.3903518 0.8842726 0.4022772 0.8979378 0.3998798 0.8849554 0.4191347 0.9056789 0.4052558 0.8979378 0.3998798 0.8837409 0.3903518 0.9007883 0.3902078 0.8971113 0.379743 0.9048336 0.3734096 0.8971113 0.379743 0.9007883 0.3902078 0.8665794 0.390989 0.8694139 0.3804032 0.8614788 0.3745774 0.8837409 0.3903518 0.8832837 0.3773315 0.8694139 0.3804032 0.8459867 0.42664 0.8415222 0.4430271 0.8473548 0.4454529 0.8498687 0.4535599 0.8473548 0.4454529 0.8415222 0.4430271 0.8532788 0.4375088 0.8473548 0.4454529 0.8498687 0.4535599 0.8612667 0.4214782 0.8619004 0.4307158 0.8703953 0.4333837 0.8459867 0.42664 0.8532788 0.4375088 0.8619004 0.4307158 0.8618183 0.4461819 0.8703953 0.4333837 0.8619004 0.4307158 0.8849554 0.4191347 0.8703953 0.4333837 0.8766083 0.4354138 0.8749815 0.4410463 0.8766083 0.4354138 0.8703953 0.4333837 0.8857408 0.4386852 0.8854764 0.4322911 0.8766083 0.4354138 0.9195557 0.534389 0.9085101 0.5398172 0.9074088 0.5441834 0.9009491 0.5487732 0.9074088 0.5441834 0.9085101 0.5398172 0.9117251 0.5460913 0.9074088 0.5441834 0.9009491 0.5487732 0.8922468 0.5517882 0.8957292 0.5523678 0.9009491 0.5487732 0.8863639 0.5563032 0.8943136 0.5567266 0.8957292 0.5523678 0.9027867 0.5548934 0.9009491 0.5487732 0.8957292 0.5523678 0.8956191 0.5664293 0.8916914 0.5632025 0.8854747 0.565604 0.9027867 0.5548934 0.8943136 0.5567266 0.8916914 0.5632025 0.8854747 0.565604 0.8916914 0.5632025 0.8943136 0.5567266 0.8854747 0.565604 0.8792776 0.5628913 0.8743324 0.5661483 0.8775942 0.5561586 0.8792776 0.5628913 0.8854747 0.565604 0.8682134 0.5541734 0.8743324 0.5661483 0.8792776 0.5628913 0.8605247 0.5615919 0.8669338 0.5689244 0.8743324 0.5661483 0.8469093 0.5714648 0.8605247 0.5615919 0.8562405 0.5525423 0.8682134 0.5541734 0.8595488 0.5452079 0.8562405 0.5525423 0.8521112 0.5332779 0.8496562 0.5516964 0.8562405 0.5525423 0.8406659 0.5377393 0.8423739 0.5492034 0.8496562 0.5516964 0.8355746 0.5563549 0.8423739 0.5492034 0.8406659 0.5377393 0.836326 0.524683 0.8414517 0.5273221 0.8477293 0.5207444 0.8406659 0.5377393 0.8414517 0.5273221 0.836326 0.524683 0.8521112 0.5332779 0.8477293 0.5207444 0.8414517 0.5273221 0.8328241 0.5102216 0.8300661 0.5213031 0.836326 0.524683 0.8193334 0.5062778 0.8214157 0.5291331 0.8300661 0.5213031 0.836326 0.524683 0.8300661 0.5213031 0.8214157 0.5291331 0.8328241 0.5102216 0.8376085 0.4995983 0.8347299 0.4933045 0.8445467 0.5105468 0.8464319 0.4964007 0.8376085 0.4995983 0.8347299 0.4933045 0.8376085 0.4995983 0.8464319 0.4964007 0.8347299 0.4933045 0.83497 0.4842746 0.8294505 0.4812523 0.843269 0.4739245 0.83497 0.4842746 0.8347299 0.4933045 0.8403436 0.4621011 0.8294505 0.4812523 0.83497 0.4842746 0.8403436 0.4621011 0.843269 0.4739245 0.8502706 0.4672439 0.8502223 0.4811667 0.8558023 0.4681761 0.8502706 0.4672439 0.8515206 0.4618276 0.8502706 0.4672439 0.8558023 0.4681761 0.8515206 0.4618276 0.853691 0.4571307 0.8498687 0.4535599 0.86188 0.45968 0.8610941 0.4539366 0.853691 0.4571307 0.8498687 0.4535599 0.853691 0.4571307 0.8610941 0.4539366 0.8618183 0.4461819 0.8610941 0.4539366 0.868918 0.4510288 0.86188 0.45968 0.8723789 0.4534609 0.868918 0.4510288 0.8728104 0.4471516 0.868918 0.4510288 0.8723789 0.4534609 0.8728104 0.4471516 0.8771927 0.4436463 0.8749815 0.4410463 0.8860002 0.448577 0.8858751 0.4425776 0.8771927 0.4436463 0.8857408 0.4386852 0.8749815 0.4410463 0.8771927 0.4436463 0.8963523 0.4402753 0.8944211 0.443029 0.8987503 0.4462625 0.8857408 0.4386852 0.8858751 0.4425776 0.8944211 0.443029 0.8860002 0.448577 0.8987503 0.4462625 0.8944211 0.443029 0.8849554 0.4191347 0.8854764 0.4322911 0.8943784 0.4347966 0.8857408 0.4386852 0.8963523 0.4402753 0.8943784 0.4347966 0.9002568 0.4324969 0.8943784 0.4347966 0.8963523 0.4402753 0.9002568 0.4324969 0.9086092 0.4296346 0.9088214 0.4206207 0.9088992 0.4444648 0.9169147 0.4356882 0.9086092 0.4296346 0.9088214 0.4206207 0.9086092 0.4296346 0.9169147 0.4356882 0.8502223 0.4811667 0.8464319 0.4964007 0.8528367 0.4981141 0.8538283 0.5071319 0.8528367 0.4981141 0.8464319 0.4964007 0.8562294 0.4939696 0.8528367 0.4981141 0.8538283 0.5071319 0.8538283 0.5071319 0.8530515 0.5155104 0.8563996 0.5192762 0.8445467 0.5105468 0.8477293 0.5207444 0.8530515 0.5155104 0.8563996 0.5192762 0.8530515 0.5155104 0.8477293 0.5207444 0.8563996 0.5192762 0.8597645 0.5224812 0.8644612 0.5183804 0.8601793 0.5290902 0.8597645 0.5224812 0.8563996 0.5192762 0.866389 0.5258889 0.8644612 0.5183804 0.8597645 0.5224812 0.8670175 0.4642202 0.8611289 0.469024 0.8610714 0.4746249 0.86188 0.45968 0.8558023 0.4681761 0.8611289 0.469024 0.8610714 0.4746249 0.8611289 0.469024 0.8558023 0.4681761 0.8610714 0.4746249 0.8623261 0.4797795 0.8676776 0.4802443 0.8595828 0.4849085 0.8623261 0.4797795 0.8610714 0.4746249 0.8668401 0.4881334 0.8676776 0.4802443 0.8623261 0.4797795 0.8562294 0.4939696 0.859645 0.4916613 0.8595828 0.4849085 0.8643912 0.496082 0.859645 0.4916613 0.8562294 0.4939696 0.8668401 0.4881334 0.8595828 0.4849085 0.859645 0.4916613 0.8717774 0.4920787 0.8690026 0.4968605 0.8708778 0.5004777 0.8668401 0.4881334 0.8643912 0.496082 0.8690026 0.4968605 0.8708778 0.5004777 0.8690026 0.4968605 0.8643912 0.496082 0.8708778 0.5004777 0.8734083 0.5033466 0.8785001 0.5010001 0.8711742 0.5086699 0.8734083 0.5033466 0.8708778 0.5004777 0.8785001 0.5010001 0.8734083 0.5033466 0.8711742 0.5086699 0.8711742 0.5086699 0.8692684 0.5152148 0.8718682 0.5198218 0.8644612 0.5183804 0.8692684 0.5152148 0.8711742 0.5086699 0.8718682 0.5198218 0.8692684 0.5152148 0.8644612 0.5183804 0.8718682 0.5198218 0.8732208 0.5270721 0.8762833 0.5275259 0.866389 0.5258889 0.869568 0.5330212 0.8732208 0.5270721 0.8762833 0.5275259 0.8732208 0.5270721 0.869568 0.5330212 0.8634856 0.5383405 0.8639807 0.5343526 0.8601793 0.5290902 0.874889 0.5421112 0.869568 0.5330212 0.8639807 0.5343526 0.866389 0.5258889 0.8601793 0.5290902 0.8639807 0.5343526 0.8521112 0.5332779 0.8595488 0.5452079 0.8642677 0.5428984 0.870845 0.5474698 0.8642677 0.5428984 0.8595488 0.5452079 0.8634856 0.5383405 0.8642677 0.5428984 0.870845 0.5474698 0.870845 0.5474698 0.8765044 0.5513913 0.880362 0.550863 0.8682134 0.5541734 0.8775942 0.5561586 0.8765044 0.5513913 0.8863639 0.5563032 0.880362 0.550863 0.8765044 0.5513913 0.874889 0.5421112 0.880362 0.550863 0.8828412 0.550247 0.8863445 0.5516629 0.8828412 0.550247 0.880362 0.550863 0.8812156 0.5466269 0.8828412 0.550247 0.8863445 0.5516629 0.8972779 0.5446112 0.8909708 0.5475011 0.8897494 0.5508847 0.8863445 0.5516629 0.8897494 0.5508847 0.8909708 0.5475011 0.8922468 0.5517882 0.8897494 0.5508847 0.8863445 0.5516629 0.8899742 0.5425803 0.8918779 0.5440698 0.8940917 0.5410991 0.8909708 0.5475011 0.8918779 0.5440698 0.8899742 0.5425803 0.8972779 0.5446112 0.8940917 0.5410991 0.8918779 0.5440698 0.8940002 0.5325 0.8947131 0.537064 0.8961889 0.5364394 0.894 0.537 0.8940917 0.5410991 0.8947131 0.537064 0.8961889 0.5364394 0.8947131 0.537064 0.8940917 0.5410991 0.8961889 0.5364394 0.8991661 0.534328 0.8992237 0.5274792 0.9028152 0.5362936 0.8991661 0.534328 0.8961889 0.5364394 0.9054134 0.5267333 0.8992237 0.5274792 0.8991661 0.534328 0.8935 0.5135 0.8978695 0.5188472 0.9004761 0.5150348 0.894 0.528 0.8992237 0.5274792 0.8978695 0.5188472 0.9004761 0.5150348 0.8978695 0.5188472 0.8992237 0.5274792 0.9004761 0.5150348 0.9041588 0.5126895 0.903649 0.5049797 0.9090763 0.5183687 0.9041588 0.5126895 0.9004761 0.5150348 0.9124244 0.5077981 0.903649 0.5049797 0.9041588 0.5126895 0.9124244 0.5077981 0.9090763 0.5183687 0.9134598 0.5234032 0.9054134 0.5267333 0.9123945 0.5302413 0.9134598 0.5234032 0.9167689 0.5205382 0.9134598 0.5234032 0.9123945 0.5302413 0.8762833 0.5275259 0.8776383 0.5297597 0.8785001 0.5225 0.878017 0.5382804 0.8776383 0.5297597 0.8762833 0.5275259 0.878 0.537 0.8785001 0.5225 0.8776383 0.5297597 0.878017 0.5382804 0.8801087 0.5431404 0.8816245 0.5423396 0.874889 0.5421112 0.8812156 0.5466269 0.8801087 0.5431404 0.8816245 0.5423396 0.8801087 0.5431404 0.8812156 0.5466269 0.8816245 0.5423396 0.882637 0.5407142 0.8810002 0.5370001 0.8851894 0.5415942 0.882637 0.5407142 0.8816245 0.5423396 0.8810002 0.5370001 0.882637 0.5407142 0.8851894 0.5415942 0.8890001 0.5370001 0.8880259 0.5407419 0.8899742 0.5425803 0.884 0.537 0.8851894 0.5415942 0.8880259 0.5407419 0.8899742 0.5425803 0.8880259 0.5407419 0.8851894 0.5415942</float_array>
          <technique_common>
            <accessor source="#GanondorfAnkletLeft-mesh-map-0-array" count="2976" stride="2">
              <param name="S" type="float"/>
              <param name="T" type="float"/>
            </accessor>
          </technique_common>
        </source>
        <vertices id="GanondorfAnkletLeft-mesh-vertices">
          <input semantic="POSITION" source="#GanondorfAnkletLeft-mesh-positions"/>
        </vertices>
        <triangles material="LegWrap-material" count="992">
          <input semantic="VERTEX" source="#GanondorfAnkletLeft-mesh-vertices" offset="0"/>
          <input semantic="NORMAL" source="#GanondorfAnkletLeft-mesh-normals" offset="1"/>
          <input semantic="TEXCOORD" source="#GanondorfAnkletLeft-mesh-map-0" offset="2" set="0"/>
          <p>202 0 0 246 1 1 87 2 2 39 3 3 357 4 4 202 0 5 79 5 6 357 4 7 241 6 8 87 2 9 358 7 10 117 8 11 248 9 12 246 1 13 79 5 14 89 10 15 358 7 16 248 9 17 248 9 18 145 11 19 89 10 20 79 5 21 359 12 22 248 9 23 145 11 24 141 13 25 78 14 26 145 11 27 110 15 28 89 10 29 140 16 30 145 11 31 78 14 32 48 17 33 360 18 34 140 16 35 209 19 36 228 20 37 44 21 38 89 10 39 361 22 40 209 19 41 228 20 42 110 15 43 48 17 44 44 21 45 362 23 46 238 24 47 136 25 48 228 20 49 48 17 50 69 26 51 362 23 52 136 25 53 161 27 54 117 8 55 89 10 56 160 28 57 161 27 58 58 29 59 87 2 60 363 30 61 160 28 62 209 19 63 161 27 64 89 10 65 44 21 66 364 31 67 209 19 68 58 29 69 364 31 70 232 32 71 162 33 72 249 34 73 90 35 74 232 32 75 162 33 76 58 29 77 44 21 78 365 36 79 232 32 80 240 37 81 249 34 82 44 21 83 216 38 84 240 37 85 73 39 86 90 35 87 366 40 88 216 38 89 238 24 90 240 37 91 44 21 92 69 26 93 367 41 94 238 24 95 240 37 96 257 42 97 73 39 98 257 42 99 214 43 100 73 39 101 244 44 102 257 42 103 69 26 104 214 43 105 244 44 106 85 45 107 69 26 108 369 46 109 244 44 110 186 47 111 247 48 112 88 49 113 85 45 114 369 46 115 186 47 116 136 25 117 247 48 118 69 26 119 48 17 120 370 50 121 136 25 122 247 48 123 144 51 124 88 49 125 129 52 126 144 51 127 48 17 128 293 53 129 129 52 130 57 54 131 88 49 132 371 55 133 293 53 134 140 16 135 129 52 136 48 17 137 78 14 138 372 56 139 140 16 140 129 52 141 288 57 142 57 54 143 349 58 144 353 59 145 19 60 146 293 53 147 349 58 148 88 49 149 57 54 150 373 61 151 293 53 152 21 62 153 374 63 154 127 64 155 256 65 156 124 66 157 49 67 158 55 68 159 374 63 160 256 65 161 71 69 162 375 70 163 285 71 164 231 72 165 239 73 166 49 67 167 56 74 168 375 70 169 231 72 170 281 75 171 239 73 172 71 69 173 50 76 174 376 77 175 281 75 176 239 73 177 229 78 178 49 67 179 303 79 180 229 78 181 50 76 182 256 65 183 303 79 184 55 68 185 49 67 186 377 80 187 256 65 188 302 81 189 303 79 190 50 76 191 54 82 192 378 83 193 302 81 194 303 79 195 135 84 196 55 68 197 276 85 198 204 86 199 54 82 200 275 87 201 276 85 202 26 88 203 47 89 204 379 90 205 275 87 206 302 81 207 276 85 208 54 82 209 50 76 210 380 91 211 302 81 212 276 85 213 301 92 214 26 88 215 295 93 216 289 94 217 81 95 218 26 88 219 381 96 220 295 93 221 289 94 222 301 92 223 50 76 224 81 95 225 382 97 226 113 98 227 281 75 228 289 94 229 50 76 230 71 69 231 382 97 232 281 75 233 278 99 234 277 100 235 70 101 236 113 98 237 278 99 238 81 95 239 277 100 240 113 98 241 71 69 242 277 100 243 284 102 244 70 101 245 71 69 246 384 103 247 277 100 248 284 102 249 285 71 250 56 74 251 284 102 252 287 104 253 70 101 254 282 105 255 284 102 256 56 74 257 74 106 258 385 107 259 282 105 260 344 108 261 124 66 262 21 62 263 0 109 264 386 110 265 344 108 266 124 66 267 342 111 268 49 67 269 343 112 270 342 111 271 0 109 272 231 72 273 343 112 274 56 74 275 49 67 276 387 113 277 231 72 278 327 114 279 343 112 280 0 109 281 6 115 282 388 116 283 327 114 284 56 74 285 388 116 286 128 117 287 137 118 288 128 117 289 6 115 290 282 105 291 137 118 292 74 106 293 56 74 294 389 119 295 282 105 296 324 120 297 137 118 298 6 115 299 76 121 300 390 122 301 324 120 302 137 118 303 340 123 304 74 106 305 340 123 306 111 124 307 74 106 308 76 121 309 391 125 310 340 123 311 111 124 312 318 126 313 4 127 314 111 124 315 334 128 316 74 106 317 312 129 318 111 124 319 4 127 320 334 128 321 312 129 322 16 130 323 266 131 324 325 132 325 3 133 326 334 128 327 266 131 328 74 106 329 16 130 330 393 134 331 334 128 332 3 133 333 394 135 334 266 131 335 70 101 336 394 135 337 264 136 338 266 131 339 287 104 340 74 106 341 268 137 342 264 136 343 3 133 344 290 138 345 268 137 346 83 139 347 70 101 348 395 140 349 290 138 350 290 138 351 278 99 352 70 101 353 83 139 354 396 141 355 290 138 356 278 99 357 115 142 358 81 95 359 184 143 360 115 142 361 83 139 362 182 144 363 184 143 364 7 145 365 81 95 366 397 146 367 182 144 368 176 147 369 182 144 370 7 145 371 295 93 372 176 147 373 26 88 374 81 95 375 398 148 376 295 93 377 328 149 378 176 147 379 7 145 380 25 150 381 399 151 382 328 149 383 176 147 384 355 152 385 26 88 386 356 153 387 355 152 388 25 150 389 275 87 390 356 153 391 47 89 392 26 88 393 400 154 394 275 87 395 314 155 396 356 153 397 25 150 398 19 60 399 401 156 400 314 155 401 356 153 402 101 157 403 47 89 404 329 158 405 268 137 406 3 133 407 68 159 408 402 160 409 329 158 410 268 137 411 323 161 412 83 139 413 346 162 414 323 161 415 68 159 416 345 163 417 346 162 418 38 164 419 83 139 420 403 165 421 345 163 422 345 163 423 184 143 424 83 139 425 38 164 426 404 166 427 345 163 428 184 143 429 330 167 430 7 145 431 333 168 432 346 162 433 68 159 434 2 169 435 405 170 436 333 168 437 346 162 438 309 171 439 38 164 440 330 167 441 347 172 442 7 145 443 185 173 444 330 167 445 38 164 446 347 172 447 185 173 448 84 174 449 185 173 450 283 175 451 84 174 452 38 164 453 407 176 454 185 173 455 283 175 456 309 171 457 2 169 458 283 175 459 243 177 460 84 174 461 252 178 462 283 175 463 2 169 464 1 179 465 408 180 466 252 178 467 254 181 468 255 182 469 11 183 470 243 177 471 254 181 472 84 174 473 255 182 474 243 177 475 1 179 476 0 109 477 410 184 478 194 185 479 23 186 480 410 184 481 151 187 482 194 185 483 168 188 484 52 189 485 194 185 486 150 190 487 0 109 488 103 191 489 194 185 490 52 189 491 22 192 492 411 193 493 103 191 494 327 114 495 339 194 496 6 115 497 150 190 498 327 114 499 0 109 500 22 192 501 412 195 502 150 190 503 339 194 504 336 196 505 6 115 506 112 197 507 339 194 508 22 192 509 75 198 510 413 199 511 112 197 512 337 200 513 280 201 514 77 202 515 6 115 516 414 203 517 337 200 518 280 201 519 336 196 520 75 198 521 86 204 522 415 205 523 291 206 524 77 202 525 415 205 526 215 207 527 291 206 528 280 201 529 75 198 530 210 208 531 245 209 532 5 210 533 215 207 534 210 208 535 77 202 536 86 204 537 416 211 538 215 207 539 258 212 540 156 213 541 20 214 542 5 210 543 417 215 544 258 212 545 156 213 546 245 209 547 86 204 548 156 213 549 163 216 550 20 214 551 294 217 552 156 213 553 86 204 554 90 35 555 418 218 556 294 217 557 225 219 558 163 216 559 90 35 560 253 220 561 225 219 562 11 183 563 20 214 564 419 221 565 253 220 566 216 38 567 225 219 568 90 35 569 73 39 570 420 222 571 216 38 572 225 219 573 223 223 574 11 183 575 223 223 576 254 181 577 11 183 578 213 224 579 223 223 580 73 39 581 254 181 582 213 224 583 84 174 584 214 43 585 213 224 586 73 39 587 143 225 588 214 43 589 85 45 590 84 174 591 422 226 592 143 225 593 347 172 594 348 227 595 7 145 596 143 225 597 347 172 598 84 174 599 85 45 600 423 228 601 143 225 602 85 45 603 424 229 604 348 227 605 328 149 606 219 230 607 25 150 608 7 145 609 424 229 610 328 149 611 186 47 612 219 230 613 85 45 614 88 49 615 425 231 616 186 47 617 219 230 618 221 232 619 25 150 620 314 155 621 349 58 622 19 60 623 25 150 624 426 233 625 314 155 626 349 58 627 221 232 628 88 49 629 226 234 630 210 208 631 5 210 632 37 235 633 427 236 634 226 234 635 210 208 636 139 237 637 77 202 638 138 238 639 139 237 640 37 235 641 76 121 642 428 239 643 138 238 644 139 237 645 157 240 646 77 202 647 157 240 648 337 200 649 77 202 650 324 120 651 157 240 652 76 121 653 337 200 654 324 120 655 6 115 656 315 241 657 138 238 658 37 235 659 318 126 660 315 241 661 4 127 662 138 238 663 318 126 664 76 121 665 103 191 666 122 242 667 22 192 668 52 189 669 431 243 670 103 191 671 39 3 672 431 243 673 230 244 674 122 242 675 116 245 676 22 192 677 202 0 678 122 242 679 39 3 680 87 2 681 432 246 682 202 0 683 112 197 684 292 247 685 75 198 686 22 192 687 433 248 688 112 197 689 292 247 690 116 245 691 87 2 692 292 247 693 155 249 694 75 198 695 160 28 696 292 247 697 87 2 698 58 29 699 434 250 700 160 28 701 291 206 702 165 251 703 86 204 704 75 198 705 435 252 706 291 206 707 165 251 708 155 249 709 58 29 710 294 217 711 162 33 712 90 35 713 86 204 714 436 253 715 294 217 716 162 33 717 165 251 718 58 29 719 197 254 720 172 255 721 64 256 722 167 257 723 197 254 724 43 258 725 40 259 726 437 260 727 167 257 728 208 261 729 99 262 730 41 263 731 107 264 732 208 261 733 64 256 734 12 265 735 438 266 736 107 264 737 107 264 738 108 267 739 12 265 740 64 256 741 439 268 742 107 264 743 108 267 744 304 269 745 65 270 746 304 269 747 198 271 748 65 270 749 180 272 750 304 269 751 64 256 752 30 273 753 441 274 754 199 275 755 64 256 756 441 274 757 180 272 758 66 276 759 441 274 760 305 277 761 273 278 762 199 275 763 66 276 764 108 267 765 147 279 766 12 265 767 119 280 768 108 267 769 65 270 770 93 281 771 443 282 772 119 280 773 297 283 774 147 279 775 93 281 776 98 284 777 297 283 778 18 285 779 12 265 780 444 286 781 98 284 782 18 285 783 445 287 784 98 284 785 99 262 786 298 288 787 41 263 788 98 284 789 99 262 790 12 265 791 286 289 792 298 288 793 18 285 794 211 290 795 286 289 796 72 291 797 41 263 798 446 292 799 211 290 800 341 293 801 350 294 802 1 179 803 211 290 804 341 293 805 41 263 806 72 291 807 447 295 808 211 290 809 255 182 810 338 296 811 11 183 812 350 294 813 255 182 814 1 179 815 338 296 816 350 294 817 72 291 818 338 296 819 332 297 820 11 183 821 265 298 822 338 296 823 72 291 824 42 299 825 449 300 826 265 298 827 253 220 828 321 301 829 20 214 830 11 183 831 450 302 832 253 220 833 321 301 834 332 297 835 42 299 836 321 301 837 320 303 838 20 214 839 100 304 840 321 301 841 42 299 842 27 305 843 451 306 844 100 304 845 320 303 846 319 307 847 20 214 848 27 305 849 452 308 850 320 303 851 319 307 852 177 309 853 24 310 854 82 311 855 453 312 856 114 313 857 177 309 858 183 314 859 24 310 860 27 305 861 453 312 862 177 309 863 267 315 864 183 314 865 82 311 866 192 316 867 267 315 868 53 317 869 24 310 870 454 318 871 192 316 872 265 298 873 299 319 874 42 299 875 72 291 876 455 320 877 265 298 878 299 319 879 286 289 880 18 285 881 299 319 882 271 321 883 42 299 884 300 322 885 299 319 886 18 285 887 46 323 888 456 324 889 300 322 890 67 325 891 457 326 892 306 327 893 300 322 894 174 328 895 46 323 896 18 285 897 457 326 898 300 322 899 148 329 900 297 283 901 93 281 902 67 325 903 458 330 904 148 329 905 297 283 906 306 327 907 18 285 908 91 331 909 459 332 910 118 333 911 148 329 912 146 334 913 67 325 914 118 333 915 148 329 916 93 281 917 200 335 918 187 336 919 13 337 920 146 334 921 200 335 922 67 325 923 91 331 924 460 338 925 146 334 926 13 337 927 461 339 928 200 335 929 274 340 930 179 341 931 35 342 932 200 335 933 274 340 934 67 325 935 274 340 936 174 328 937 67 325 938 308 343 939 274 340 940 35 342 941 46 323 942 462 344 943 308 343 944 35 342 945 463 345 946 308 343 947 159 346 948 270 347 949 82 311 950 46 323 951 463 345 952 159 346 953 310 348 954 159 346 955 82 311 956 42 299 957 464 349 958 310 348 959 159 346 960 271 321 961 46 323 962 114 313 963 310 348 964 82 311 965 27 305 966 465 350 967 114 313 968 310 348 969 100 304 970 42 299 971 319 307 972 258 212 973 20 214 974 354 351 975 319 307 976 24 310 977 5 210 978 466 352 979 354 351 980 354 351 981 352 353 982 5 210 983 24 310 984 467 354 985 354 351 986 352 353 987 190 355 988 45 356 989 352 353 990 226 234 991 5 210 992 316 357 993 352 353 994 45 356 995 226 234 996 316 357 997 37 235 998 61 358 999 469 359 1000 195 360 1001 178 361 1002 234 362 1003 31 363 1004 13 337 1005 469 359 1006 178 361 1007 189 364 1008 187 336 1009 91 331 1010 195 360 1011 189 364 1012 61 358 1013 13 337 1014 470 365 1015 195 360 1016 296 366 1017 149 367 1018 94 368 1019 133 369 1020 296 366 1021 62 370 1022 36 371 1023 471 372 1024 133 369 1025 236 373 1026 263 374 1027 14 375 1028 94 368 1029 472 376 1030 236 373 1031 263 374 1032 149 367 1033 36 371 1034 236 373 1035 218 377 1036 94 368 1037 14 375 1038 473 378 1039 236 373 1040 218 377 1041 261 379 1042 34 380 1043 34 380 1044 474 381 1045 235 382 1046 259 383 1047 261 379 1048 14 375 1049 235 382 1050 259 383 1051 31 363 1052 235 382 1053 217 384 1054 34 380 1055 31 363 1056 475 385 1057 235 382 1058 92 386 1059 475 385 1060 250 387 1061 188 388 1062 234 362 1063 61 358 1064 92 386 1065 476 389 1066 188 388 1067 31 363 1068 476 389 1069 250 387 1070 92 386 1071 477 390 1072 164 391 1073 196 392 1074 188 388 1075 61 358 1076 217 384 1077 206 393 1078 34 380 1079 92 386 1080 478 394 1081 217 384 1082 14 375 1083 479 395 1084 233 396 1085 131 397 1086 263 374 1087 36 371 1088 233 396 1089 131 397 1090 60 398 1091 259 383 1092 251 399 1093 31 363 1094 14 375 1095 480 400 1096 259 383 1097 60 398 1098 480 400 1099 233 396 1100 31 363 1101 481 401 1102 152 402 1103 169 403 1104 251 399 1105 60 398 1106 9 404 1107 481 401 1108 169 403 1109 64 256 1110 482 405 1111 305 277 1112 173 406 1113 172 255 1114 40 259 1115 305 277 1116 173 406 1117 66 276 1118 95 407 1119 173 406 1120 40 259 1121 32 408 1122 483 409 1123 95 407 1124 66 276 1125 483 409 1126 109 410 1127 273 278 1128 279 411 1129 10 412 1130 66 276 1131 484 413 1132 273 278 1133 279 411 1134 109 410 1135 32 408 1136 279 411 1137 272 414 1138 10 412 1139 105 415 1140 279 411 1141 32 408 1142 59 416 1143 485 417 1144 105 415 1145 130 418 1146 272 414 1147 59 416 1148 29 419 1149 487 420 1150 134 421 1151 59 416 1152 487 420 1153 130 418 1154 63 422 1155 487 420 1156 207 423 1157 171 424 1158 134 421 1159 63 422 1160 121 425 1161 171 424 1162 33 426 1163 224 427 1164 220 428 1165 8 429 1166 171 424 1167 224 427 1168 33 426 1169 63 422 1170 489 430 1171 171 424 1172 205 431 1173 224 427 1174 8 429 1175 62 370 1176 490 432 1177 205 431 1178 224 427 1179 170 433 1180 33 426 1181 205 431 1182 106 434 1183 62 370 1184 8 429 1185 491 435 1186 205 431 1187 106 434 1188 203 436 1189 51 437 1190 106 434 1191 133 369 1192 62 370 1193 125 438 1194 106 434 1195 51 437 1196 36 371 1197 492 439 1198 125 438 1199 36 371 1200 493 440 1201 126 441 1202 51 437 1203 493 440 1204 125 438 1205 126 441 1206 104 442 1207 53 317 1208 126 441 1209 131 397 1210 36 371 1211 53 317 1212 494 443 1213 126 441 1214 131 397 1215 307 444 1216 60 398 1217 60 398 1218 495 445 1219 269 446 1220 53 317 1221 495 445 1222 307 444 1223 269 446 1224 267 315 1225 82 311 1226 269 446 1227 169 403 1228 60 398 1229 82 311 1230 496 447 1231 269 446 1232 9 404 1233 496 447 1234 166 448 1235 153 449 1236 270 347 1237 35 342 1238 9 404 1239 497 450 1240 153 449 1241 82 311 1242 497 450 1243 166 448 1244 31 363 1245 498 451 1246 262 452 1247 9 404 1248 498 451 1249 152 402 1250 262 452 1251 153 449 1252 35 342 1253 262 452 1254 178 361 1255 31 363 1256 35 342 1257 499 453 1258 262 452 1259 178 361 1260 179 341 1261 13 337 1262 51 437 1263 500 454 1264 132 455 1265 222 456 1266 203 436 1267 8 429 1268 132 455 1269 222 456 1270 15 457 1271 222 456 1272 120 458 1273 15 457 1274 8 429 1275 501 459 1276 222 456 1277 120 458 1278 220 428 1279 63 422 1280 120 458 1281 96 460 1282 15 457 1283 181 461 1284 120 458 1285 63 422 1286 28 462 1287 502 463 1288 181 461 1289 192 316 1290 191 464 1291 24 310 1292 53 317 1293 503 465 1294 192 316 1295 191 464 1296 104 442 1297 51 437 1298 191 464 1299 190 355 1300 24 310 1301 102 466 1302 191 464 1303 51 437 1304 45 356 1305 504 467 1306 102 466 1307 132 455 1308 102 466 1309 51 437 1310 123 468 1311 132 455 1312 15 457 1313 45 356 1314 505 469 1315 123 468 1316 316 357 1317 322 470 1318 37 235 1319 45 356 1320 506 471 1321 316 357 1322 322 470 1323 123 468 1324 15 457 1325 322 470 1326 315 241 1327 37 235 1328 311 472 1329 322 470 1330 15 457 1331 315 241 1332 311 472 1333 4 127 1334 311 472 1335 313 473 1336 4 127 1337 96 460 1338 311 472 1339 15 457 1340 313 473 1341 96 460 1342 28 462 1343 313 473 1344 317 474 1345 4 127 1346 28 462 1347 509 475 1348 313 473 1349 317 474 1350 158 476 1351 80 477 1352 142 478 1353 181 461 1354 63 422 1355 80 477 1356 510 479 1357 142 478 1358 28 462 1359 510 479 1360 158 476 1361 63 422 1362 511 480 1363 142 478 1364 212 481 1365 207 423 1366 59 416 1367 142 478 1368 212 481 1369 80 477 1370 212 481 1371 97 482 1372 80 477 1373 59 416 1374 512 483 1375 212 481 1376 32 408 1377 512 483 1378 105 415 1379 80 477 1380 513 484 1381 242 485 1382 260 486 1383 97 482 1384 32 408 1385 242 485 1386 260 486 1387 17 487 1388 40 259 1389 514 488 1390 95 407 1391 260 486 1392 227 489 1393 17 487 1394 95 407 1395 260 486 1396 32 408 1397 237 490 1398 154 491 1399 68 159 1400 227 489 1401 237 490 1402 17 487 1403 40 259 1404 515 492 1405 227 489 1406 333 168 1407 331 493 1408 2 169 1409 68 159 1410 516 494 1411 333 168 1412 331 493 1413 154 491 1414 40 259 1415 331 493 1416 335 495 1417 2 169 1418 167 257 1419 331 493 1420 40 259 1421 43 258 1422 517 496 1423 167 257 1424 252 178 1425 351 497 1426 1 179 1427 2 169 1428 518 498 1429 252 178 1430 351 497 1431 335 495 1432 43 258 1433 351 497 1434 341 293 1435 1 179 1436 201 499 1437 351 497 1438 43 258 1439 41 263 1440 519 500 1441 201 499 1442 41 263 1443 520 501 1444 208 261 1445 43 258 1446 520 501 1447 201 499 1448 208 261 1449 197 254 1450 64 256 1451 317 474 1452 312 129 1453 4 127 1454 193 502 1455 317 474 1456 80 477 1457 16 130 1458 521 503 1459 193 502 1460 193 502 1461 175 504 1462 16 130 1463 80 477 1464 522 505 1465 193 502 1466 175 504 1467 242 485 1468 17 487 1469 175 504 1470 325 132 1471 16 130 1472 326 506 1473 175 504 1474 17 487 1475 325 132 1476 326 506 1477 3 133 1478 329 158 1479 237 490 1480 68 159 1481 3 133 1482 524 507 1483 329 158 1484 237 490 1485 326 506 1486 17 487 1487 202 0 1488 357 4 1489 246 1 1490 39 3 1491 241 6 1492 357 4 1493 79 5 1494 246 1 1495 357 4 1496 87 2 1497 246 1 1498 358 7 1499 248 9 1500 358 7 1501 246 1 1502 89 10 1503 117 8 1504 358 7 1505 248 9 1506 359 12 1507 145 11 1508 79 5 1509 141 13 1510 359 12 1511 145 11 1512 359 12 1513 141 13 1514 145 11 1515 360 18 1516 110 15 1517 140 16 1518 360 18 1519 145 11 1520 48 17 1521 110 15 1522 360 18 1523 209 19 1524 361 22 1525 228 20 1526 89 10 1527 110 15 1528 361 22 1529 228 20 1530 361 22 1531 110 15 1532 44 21 1533 228 20 1534 362 23 1535 136 25 1536 362 23 1537 228 20 1538 69 26 1539 238 24 1540 362 23 1541 161 27 1542 363 30 1543 117 8 1544 160 28 1545 363 30 1546 161 27 1547 87 2 1548 117 8 1549 363 30 1550 209 19 1551 364 31 1552 161 27 1553 44 21 1554 232 32 1555 364 31 1556 58 29 1557 161 27 1558 364 31 1559 162 33 1560 365 36 1561 249 34 1562 232 32 1563 365 36 1564 162 33 1565 44 21 1566 249 34 1567 365 36 1568 240 37 1569 366 40 1570 249 34 1571 216 38 1572 366 40 1573 240 37 1574 90 35 1575 249 34 1576 366 40 1577 238 24 1578 367 41 1579 240 37 1580 69 26 1581 257 42 1582 367 41 1583 240 37 1584 367 41 1585 257 42 1586 257 42 1587 368 508 1588 214 43 1589 244 44 1590 368 508 1591 257 42 1592 214 43 1593 368 508 1594 244 44 1595 69 26 1596 247 48 1597 369 46 1598 186 47 1599 369 46 1600 247 48 1601 85 45 1602 244 44 1603 369 46 1604 136 25 1605 370 50 1606 247 48 1607 48 17 1608 144 51 1609 370 50 1610 247 48 1611 370 50 1612 144 51 1613 129 52 1614 371 55 1615 144 51 1616 293 53 1617 371 55 1618 129 52 1619 88 49 1620 144 51 1621 371 55 1622 140 16 1623 372 56 1624 129 52 1625 78 14 1626 288 57 1627 372 56 1628 129 52 1629 372 56 1630 288 57 1631 349 58 1632 373 61 1633 353 59 1634 293 53 1635 373 61 1636 349 58 1637 57 54 1638 353 59 1639 373 61 1640 21 62 1641 124 66 1642 374 63 1643 256 65 1644 374 63 1645 124 66 1646 55 68 1647 127 64 1648 374 63 1649 71 69 1650 239 73 1651 375 70 1652 231 72 1653 375 70 1654 239 73 1655 56 74 1656 285 71 1657 375 70 1658 281 75 1659 376 77 1660 239 73 1661 50 76 1662 229 78 1663 376 77 1664 239 73 1665 376 77 1666 229 78 1667 303 79 1668 377 80 1669 229 78 1670 256 65 1671 377 80 1672 303 79 1673 49 67 1674 229 78 1675 377 80 1676 302 81 1677 378 83 1678 303 79 1679 54 82 1680 135 84 1681 378 83 1682 303 79 1683 378 83 1684 135 84 1685 276 85 1686 379 90 1687 204 86 1688 275 87 1689 379 90 1690 276 85 1691 47 89 1692 204 86 1693 379 90 1694 302 81 1695 380 91 1696 276 85 1697 50 76 1698 301 92 1699 380 91 1700 276 85 1701 380 91 1702 301 92 1703 295 93 1704 381 96 1705 289 94 1706 26 88 1707 301 92 1708 381 96 1709 289 94 1710 381 96 1711 301 92 1712 81 95 1713 289 94 1714 382 97 1715 281 75 1716 382 97 1717 289 94 1718 71 69 1719 113 98 1720 382 97 1721 278 99 1722 383 509 1723 277 100 1724 113 98 1725 383 509 1726 278 99 1727 277 100 1728 383 509 1729 113 98 1730 277 100 1731 384 103 1732 284 102 1733 71 69 1734 285 71 1735 384 103 1736 284 102 1737 384 103 1738 285 71 1739 284 102 1740 385 107 1741 287 104 1742 282 105 1743 385 107 1744 284 102 1745 74 106 1746 287 104 1747 385 107 1748 344 108 1749 386 110 1750 124 66 1751 0 109 1752 342 111 1753 386 110 1754 124 66 1755 386 110 1756 342 111 1757 343 112 1758 387 113 1759 342 111 1760 231 72 1761 387 113 1762 343 112 1763 49 67 1764 342 111 1765 387 113 1766 327 114 1767 388 116 1768 343 112 1769 6 115 1770 128 117 1771 388 116 1772 56 74 1773 343 112 1774 388 116 1775 137 118 1776 389 119 1777 128 117 1778 282 105 1779 389 119 1780 137 118 1781 56 74 1782 128 117 1783 389 119 1784 324 120 1785 390 122 1786 137 118 1787 76 121 1788 340 123 1789 390 122 1790 137 118 1791 390 122 1792 340 123 1793 340 123 1794 391 125 1795 111 124 1796 76 121 1797 318 126 1798 391 125 1799 111 124 1800 391 125 1801 318 126 1802 111 124 1803 392 510 1804 334 128 1805 312 129 1806 392 510 1807 111 124 1808 334 128 1809 392 510 1810 312 129 1811 266 131 1812 393 134 1813 325 132 1814 334 128 1815 393 134 1816 266 131 1817 16 130 1818 325 132 1819 393 134 1820 3 133 1821 264 136 1822 394 135 1823 70 101 1824 287 104 1825 394 135 1826 266 131 1827 394 135 1828 287 104 1829 268 137 1830 395 140 1831 264 136 1832 290 138 1833 395 140 1834 268 137 1835 70 101 1836 264 136 1837 395 140 1838 290 138 1839 396 141 1840 278 99 1841 83 139 1842 115 142 1843 396 141 1844 278 99 1845 396 141 1846 115 142 1847 184 143 1848 397 146 1849 115 142 1850 182 144 1851 397 146 1852 184 143 1853 81 95 1854 115 142 1855 397 146 1856 176 147 1857 398 148 1858 182 144 1859 295 93 1860 398 148 1861 176 147 1862 81 95 1863 182 144 1864 398 148 1865 328 149 1866 399 151 1867 176 147 1868 25 150 1869 355 152 1870 399 151 1871 176 147 1872 399 151 1873 355 152 1874 356 153 1875 400 154 1876 355 152 1877 275 87 1878 400 154 1879 356 153 1880 26 88 1881 355 152 1882 400 154 1883 314 155 1884 401 156 1885 356 153 1886 19 60 1887 101 157 1888 401 156 1889 356 153 1890 401 156 1891 101 157 1892 329 158 1893 402 160 1894 268 137 1895 68 159 1896 323 161 1897 402 160 1898 268 137 1899 402 160 1900 323 161 1901 346 162 1902 403 165 1903 323 161 1904 345 163 1905 403 165 1906 346 162 1907 83 139 1908 323 161 1909 403 165 1910 345 163 1911 404 166 1912 184 143 1913 38 164 1914 330 167 1915 404 166 1916 184 143 1917 404 166 1918 330 167 1919 333 168 1920 405 170 1921 346 162 1922 2 169 1923 309 171 1924 405 170 1925 346 162 1926 405 170 1927 309 171 1928 330 167 1929 406 511 1930 347 172 1931 185 173 1932 406 511 1933 330 167 1934 347 172 1935 406 511 1936 185 173 1937 185 173 1938 407 176 1939 283 175 1940 38 164 1941 309 171 1942 407 176 1943 283 175 1944 407 176 1945 309 171 1946 283 175 1947 408 180 1948 243 177 1949 252 178 1950 408 180 1951 283 175 1952 1 179 1953 243 177 1954 408 180 1955 254 181 1956 409 512 1957 255 182 1958 243 177 1959 409 512 1960 254 181 1961 255 182 1962 409 512 1963 243 177 1964 0 109 1965 151 187 1966 410 184 1967 23 186 1968 168 188 1969 410 184 1970 194 185 1971 410 184 1972 168 188 1973 194 185 1974 411 193 1975 150 190 1976 103 191 1977 411 193 1978 194 185 1979 22 192 1980 150 190 1981 411 193 1982 327 114 1983 412 195 1984 339 194 1985 150 190 1986 412 195 1987 327 114 1988 22 192 1989 339 194 1990 412 195 1991 339 194 1992 413 199 1993 336 196 1994 112 197 1995 413 199 1996 339 194 1997 75 198 1998 336 196 1999 413 199 2000 337 200 2001 414 203 2002 280 201 2003 6 115 2004 336 196 2005 414 203 2006 280 201 2007 414 203 2008 336 196 2009 86 204 2010 215 207 2011 415 205 2012 77 202 2013 280 201 2014 415 205 2015 291 206 2016 415 205 2017 280 201 2018 210 208 2019 416 211 2020 245 209 2021 215 207 2022 416 211 2023 210 208 2024 86 204 2025 245 209 2026 416 211 2027 258 212 2028 417 215 2029 156 213 2030 5 210 2031 245 209 2032 417 215 2033 156 213 2034 417 215 2035 245 209 2036 156 213 2037 418 218 2038 163 216 2039 294 217 2040 418 218 2041 156 213 2042 90 35 2043 163 216 2044 418 218 2045 225 219 2046 419 221 2047 163 216 2048 253 220 2049 419 221 2050 225 219 2051 20 214 2052 163 216 2053 419 221 2054 216 38 2055 420 222 2056 225 219 2057 73 39 2058 223 223 2059 420 222 2060 225 219 2061 420 222 2062 223 223 2063 223 223 2064 421 513 2065 254 181 2066 213 224 2067 421 513 2068 223 223 2069 254 181 2070 421 513 2071 213 224 2072 214 43 2073 422 226 2074 213 224 2075 143 225 2076 422 226 2077 214 43 2078 84 174 2079 213 224 2080 422 226 2081 347 172 2082 423 228 2083 348 227 2084 143 225 2085 423 228 2086 347 172 2087 85 45 2088 348 227 2089 423 228 2090 85 45 2091 219 230 2092 424 229 2093 328 149 2094 424 229 2095 219 230 2096 7 145 2097 348 227 2098 424 229 2099 186 47 2100 425 231 2101 219 230 2102 88 49 2103 221 232 2104 425 231 2105 219 230 2106 425 231 2107 221 232 2108 314 155 2109 426 233 2110 349 58 2111 25 150 2112 221 232 2113 426 233 2114 349 58 2115 426 233 2116 221 232 2117 226 234 2118 427 236 2119 210 208 2120 37 235 2121 139 237 2122 427 236 2123 210 208 2124 427 236 2125 139 237 2126 138 238 2127 428 239 2128 139 237 2129 76 121 2130 157 240 2131 428 239 2132 139 237 2133 428 239 2134 157 240 2135 157 240 2136 429 514 2137 337 200 2138 324 120 2139 429 514 2140 157 240 2141 337 200 2142 429 514 2143 324 120 2144 315 241 2145 430 515 2146 138 238 2147 318 126 2148 430 515 2149 315 241 2150 138 238 2151 430 515 2152 318 126 2153 103 191 2154 431 243 2155 122 242 2156 52 189 2157 230 244 2158 431 243 2159 39 3 2160 122 242 2161 431 243 2162 122 242 2163 432 246 2164 116 245 2165 202 0 2166 432 246 2167 122 242 2168 87 2 2169 116 245 2170 432 246 2171 112 197 2172 433 248 2173 292 247 2174 22 192 2175 116 245 2176 433 248 2177 292 247 2178 433 248 2179 116 245 2180 292 247 2181 434 250 2182 155 249 2183 160 28 2184 434 250 2185 292 247 2186 58 29 2187 155 249 2188 434 250 2189 291 206 2190 435 252 2191 165 251 2192 75 198 2193 155 249 2194 435 252 2195 165 251 2196 435 252 2197 155 249 2198 294 217 2199 436 253 2200 162 33 2201 86 204 2202 165 251 2203 436 253 2204 162 33 2205 436 253 2206 165 251 2207 197 254 2208 437 260 2209 172 255 2210 167 257 2211 437 260 2212 197 254 2213 40 259 2214 172 255 2215 437 260 2216 208 261 2217 438 266 2218 99 262 2219 107 264 2220 438 266 2221 208 261 2222 12 265 2223 99 262 2224 438 266 2225 107 264 2226 439 268 2227 108 267 2228 64 256 2229 304 269 2230 439 268 2231 108 267 2232 439 268 2233 304 269 2234 304 269 2235 440 516 2236 198 271 2237 180 272 2238 440 516 2239 304 269 2240 30 273 2241 180 272 2242 441 274 2243 64 256 2244 305 277 2245 441 274 2246 66 276 2247 199 275 2248 441 274 2249 273 278 2250 442 517 2251 199 275 2252 108 267 2253 443 282 2254 147 279 2255 119 280 2256 443 282 2257 108 267 2258 93 281 2259 147 279 2260 443 282 2261 297 283 2262 444 286 2263 147 279 2264 98 284 2265 444 286 2266 297 283 2267 12 265 2268 147 279 2269 444 286 2270 18 285 2271 298 288 2272 445 287 2273 99 262 2274 445 287 2275 298 288 2276 98 284 2277 445 287 2278 99 262 2279 286 289 2280 446 292 2281 298 288 2282 211 290 2283 446 292 2284 286 289 2285 41 263 2286 298 288 2287 446 292 2288 341 293 2289 447 295 2290 350 294 2291 211 290 2292 447 295 2293 341 293 2294 72 291 2295 350 294 2296 447 295 2297 255 182 2298 448 518 2299 338 296 2300 350 294 2301 448 518 2302 255 182 2303 338 296 2304 448 518 2305 350 294 2306 338 296 2307 449 300 2308 332 297 2309 265 298 2310 449 300 2311 338 296 2312 42 299 2313 332 297 2314 449 300 2315 253 220 2316 450 302 2317 321 301 2318 11 183 2319 332 297 2320 450 302 2321 321 301 2322 450 302 2323 332 297 2324 321 301 2325 451 306 2326 320 303 2327 100 304 2328 451 306 2329 321 301 2330 27 305 2331 320 303 2332 451 306 2333 320 303 2334 452 308 2335 319 307 2336 27 305 2337 177 309 2338 452 308 2339 319 307 2340 452 308 2341 177 309 2342 82 311 2343 183 314 2344 453 312 2345 177 309 2346 453 312 2347 183 314 2348 27 305 2349 114 313 2350 453 312 2351 267 315 2352 454 318 2353 183 314 2354 192 316 2355 454 318 2356 267 315 2357 24 310 2358 183 314 2359 454 318 2360 265 298 2361 455 320 2362 299 319 2363 72 291 2364 286 289 2365 455 320 2366 299 319 2367 455 320 2368 286 289 2369 299 319 2370 456 324 2371 271 321 2372 300 322 2373 456 324 2374 299 319 2375 46 323 2376 271 321 2377 456 324 2378 67 325 2379 174 328 2380 457 326 2381 300 322 2382 457 326 2383 174 328 2384 18 285 2385 306 327 2386 457 326 2387 148 329 2388 458 330 2389 297 283 2390 67 325 2391 306 327 2392 458 330 2393 297 283 2394 458 330 2395 306 327 2396 91 331 2397 146 334 2398 459 332 2399 148 329 2400 459 332 2401 146 334 2402 118 333 2403 459 332 2404 148 329 2405 200 335 2406 460 338 2407 187 336 2408 146 334 2409 460 338 2410 200 335 2411 91 331 2412 187 336 2413 460 338 2414 13 337 2415 179 341 2416 461 339 2417 274 340 2418 461 339 2419 179 341 2420 200 335 2421 461 339 2422 274 340 2423 274 340 2424 462 344 2425 174 328 2426 308 343 2427 462 344 2428 274 340 2429 46 323 2430 174 328 2431 462 344 2432 35 342 2433 270 347 2434 463 345 2435 159 346 2436 463 345 2437 270 347 2438 46 323 2439 308 343 2440 463 345 2441 310 348 2442 464 349 2443 159 346 2444 42 299 2445 271 321 2446 464 349 2447 159 346 2448 464 349 2449 271 321 2450 114 313 2451 465 350 2452 310 348 2453 27 305 2454 100 304 2455 465 350 2456 310 348 2457 465 350 2458 100 304 2459 319 307 2460 466 352 2461 258 212 2462 354 351 2463 466 352 2464 319 307 2465 5 210 2466 258 212 2467 466 352 2468 354 351 2469 467 354 2470 352 353 2471 24 310 2472 190 355 2473 467 354 2474 352 353 2475 467 354 2476 190 355 2477 352 353 2478 468 519 2479 226 234 2480 316 357 2481 468 519 2482 352 353 2483 226 234 2484 468 519 2485 316 357 2486 61 358 2487 234 362 2488 469 359 2489 178 361 2490 469 359 2491 234 362 2492 13 337 2493 195 360 2494 469 359 2495 189 364 2496 470 365 2497 187 336 2498 195 360 2499 470 365 2500 189 364 2501 13 337 2502 187 336 2503 470 365 2504 296 366 2505 471 372 2506 149 367 2507 133 369 2508 471 372 2509 296 366 2510 36 371 2511 149 367 2512 471 372 2513 236 373 2514 472 376 2515 263 374 2516 94 368 2517 149 367 2518 472 376 2519 263 374 2520 472 376 2521 149 367 2522 236 373 2523 473 378 2524 218 377 2525 14 375 2526 261 379 2527 473 378 2528 218 377 2529 473 378 2530 261 379 2531 34 380 2532 261 379 2533 474 381 2534 259 383 2535 474 381 2536 261 379 2537 235 382 2538 474 381 2539 259 383 2540 235 382 2541 475 385 2542 217 384 2543 31 363 2544 250 387 2545 475 385 2546 92 386 2547 217 384 2548 475 385 2549 188 388 2550 476 389 2551 234 362 2552 92 386 2553 250 387 2554 476 389 2555 31 363 2556 234 362 2557 476 389 2558 92 386 2559 188 388 2560 477 390 2561 196 392 2562 477 390 2563 188 388 2564 217 384 2565 478 394 2566 206 393 2567 92 386 2568 164 391 2569 478 394 2570 14 375 2571 263 374 2572 479 395 2573 131 397 2574 479 395 2575 263 374 2576 233 396 2577 479 395 2578 131 397 2579 259 383 2580 480 400 2581 251 399 2582 14 375 2583 233 396 2584 480 400 2585 60 398 2586 251 399 2587 480 400 2588 31 363 2589 251 399 2590 481 401 2591 169 403 2592 481 401 2593 251 399 2594 9 404 2595 152 402 2596 481 401 2597 64 256 2598 172 255 2599 482 405 2600 173 406 2601 482 405 2602 172 255 2603 305 277 2604 482 405 2605 173 406 2606 95 407 2607 483 409 2608 173 406 2609 32 408 2610 109 410 2611 483 409 2612 66 276 2613 173 406 2614 483 409 2615 273 278 2616 484 413 2617 279 411 2618 66 276 2619 109 410 2620 484 413 2621 279 411 2622 484 413 2623 109 410 2624 279 411 2625 485 417 2626 272 414 2627 105 415 2628 485 417 2629 279 411 2630 59 416 2631 272 414 2632 485 417 2633 130 418 2634 486 520 2635 272 414 2636 29 419 2637 130 418 2638 487 420 2639 59 416 2640 207 423 2641 487 420 2642 63 422 2643 134 421 2644 487 420 2645 171 424 2646 488 521 2647 134 421 2648 121 425 2649 488 521 2650 171 424 2651 224 427 2652 489 430 2653 220 428 2654 171 424 2655 489 430 2656 224 427 2657 63 422 2658 220 428 2659 489 430 2660 205 431 2661 490 432 2662 224 427 2663 62 370 2664 170 433 2665 490 432 2666 224 427 2667 490 432 2668 170 433 2669 205 431 2670 491 435 2671 106 434 2672 8 429 2673 203 436 2674 491 435 2675 106 434 2676 491 435 2677 203 436 2678 106 434 2679 492 439 2680 133 369 2681 125 438 2682 492 439 2683 106 434 2684 36 371 2685 133 369 2686 492 439 2687 36 371 2688 125 438 2689 493 440 2690 51 437 2691 104 442 2692 493 440 2693 126 441 2694 493 440 2695 104 442 2696 126 441 2697 494 443 2698 131 397 2699 53 317 2700 307 444 2701 494 443 2702 131 397 2703 494 443 2704 307 444 2705 60 398 2706 307 444 2707 495 445 2708 53 317 2709 267 315 2710 495 445 2711 269 446 2712 495 445 2713 267 315 2714 269 446 2715 496 447 2716 169 403 2717 82 311 2718 166 448 2719 496 447 2720 9 404 2721 169 403 2722 496 447 2723 153 449 2724 497 450 2725 270 347 2726 9 404 2727 166 448 2728 497 450 2729 82 311 2730 270 347 2731 497 450 2732 31 363 2733 152 402 2734 498 451 2735 9 404 2736 153 449 2737 498 451 2738 262 452 2739 498 451 2740 153 449 2741 262 452 2742 499 453 2743 178 361 2744 35 342 2745 179 341 2746 499 453 2747 178 361 2748 499 453 2749 179 341 2750 51 437 2751 203 436 2752 500 454 2753 222 456 2754 500 454 2755 203 436 2756 132 455 2757 500 454 2758 222 456 2759 222 456 2760 501 459 2761 120 458 2762 8 429 2763 220 428 2764 501 459 2765 120 458 2766 501 459 2767 220 428 2768 120 458 2769 502 463 2770 96 460 2771 181 461 2772 502 463 2773 120 458 2774 28 462 2775 96 460 2776 502 463 2777 192 316 2778 503 465 2779 191 464 2780 53 317 2781 104 442 2782 503 465 2783 191 464 2784 503 465 2785 104 442 2786 191 464 2787 504 467 2788 190 355 2789 102 466 2790 504 467 2791 191 464 2792 45 356 2793 190 355 2794 504 467 2795 132 455 2796 505 469 2797 102 466 2798 123 468 2799 505 469 2800 132 455 2801 45 356 2802 102 466 2803 505 469 2804 316 357 2805 506 471 2806 322 470 2807 45 356 2808 123 468 2809 506 471 2810 322 470 2811 506 471 2812 123 468 2813 322 470 2814 507 522 2815 315 241 2816 311 472 2817 507 522 2818 322 470 2819 315 241 2820 507 522 2821 311 472 2822 311 472 2823 508 523 2824 313 473 2825 96 460 2826 508 523 2827 311 472 2828 313 473 2829 508 523 2830 96 460 2831 313 473 2832 509 475 2833 317 474 2834 28 462 2835 158 476 2836 509 475 2837 317 474 2838 509 475 2839 158 476 2840 142 478 2841 510 479 2842 181 461 2843 80 477 2844 158 476 2845 510 479 2846 28 462 2847 181 461 2848 510 479 2849 63 422 2850 207 423 2851 511 480 2852 212 481 2853 511 480 2854 207 423 2855 142 478 2856 511 480 2857 212 481 2858 212 481 2859 512 483 2860 97 482 2861 59 416 2862 105 415 2863 512 483 2864 32 408 2865 97 482 2866 512 483 2867 80 477 2868 97 482 2869 513 484 2870 260 486 2871 513 484 2872 97 482 2873 242 485 2874 513 484 2875 260 486 2876 40 259 2877 227 489 2878 514 488 2879 260 486 2880 514 488 2881 227 489 2882 95 407 2883 514 488 2884 260 486 2885 237 490 2886 515 492 2887 154 491 2888 227 489 2889 515 492 2890 237 490 2891 40 259 2892 154 491 2893 515 492 2894 333 168 2895 516 494 2896 331 493 2897 68 159 2898 154 491 2899 516 494 2900 331 493 2901 516 494 2902 154 491 2903 331 493 2904 517 496 2905 335 495 2906 167 257 2907 517 496 2908 331 493 2909 43 258 2910 335 495 2911 517 496 2912 252 178 2913 518 498 2914 351 497 2915 2 169 2916 335 495 2917 518 498 2918 351 497 2919 518 498 2920 335 495 2921 351 497 2922 519 500 2923 341 293 2924 201 499 2925 519 500 2926 351 497 2927 41 263 2928 341 293 2929 519 500 2930 41 263 2931 201 499 2932 520 501 2933 43 258 2934 197 254 2935 520 501 2936 208 261 2937 520 501 2938 197 254 2939 317 474 2940 521 503 2941 312 129 2942 193 502 2943 521 503 2944 317 474 2945 16 130 2946 312 129 2947 521 503 2948 193 502 2949 522 505 2950 175 504 2951 80 477 2952 242 485 2953 522 505 2954 175 504 2955 522 505 2956 242 485 2957 175 504 2958 523 524 2959 325 132 2960 326 506 2961 523 524 2962 175 504 2963 325 132 2964 523 524 2965 326 506 2966 329 158 2967 524 507 2968 237 490 2969 3 133 2970 326 506 2971 524 507 2972 237 490 2973 524 507 2974 326 506 2975</p>
        </triangles>
      </mesh>
    </geometry>
  </library_geometries>
  <library_controllers>
    <controller id="GanondorfRig_GanondorfAnkletLeft-skin" name="GanondorfRig">
      <skin source="#GanondorfAnkletLeft-mesh">
        <bind_shape_matrix>1 0 0 0 0 1 0 0 0 0 1 0 0 0 0 1</bind_shape_matrix>
        <source id="GanondorfRig_GanondorfAnkletLeft-skin-joints">
          <Name_array id="GanondorfRig_GanondorfAnkletLeft-skin-joints-array" count="102">mNeck NECK mHead HEAD mFaceJaw mFaceEar1Right mFaceEar1Left mFaceLipLowerLeft mFaceLipLowerRight mFaceLipLowerCenter mFaceChin mFaceEyeLidUpperRight mFaceForeheadLeft mFaceLipUpperLeft mFaceLipUpperRight mFaceLipUpperCenter mFaceEyebrowInnerRight mFaceEyebrowCenterRight mFaceCheekLowerLeft mFaceForeheadRight mFaceEyebrowOuterLeft mFaceEyebrowCenterLeft mFaceEyebrowOuterRight mFaceEyeLidUpperLeft mFaceNoseCenter mFaceEyebrowInnerLeft mFaceNoseRight mFaceCheekLowerRight mFaceEyeLidLowerLeft mFaceNoseLeft mFaceLipCornerLeft mFaceEyeLidLowerRight mFaceLipCornerRight BELLY mTorso RIGHT_HANDLE LEFT_HANDLE mChest CHEST RIGHT_PEC LEFT_PEC mCollarLeft L_CLAVICLE mShoulderLeft L_UPPER_ARM mElbowLeft L_LOWER_ARM mWristLeft L_HAND mHandThumb1Left mHandIndex3Left mHandIndex2Left mHandRing3Left mHandRing2Left mHandRing1Left mHandMiddle1Left mHandMiddle2Left mHandMiddle3Left mHandIndex1Left mHandThumb2Left mHandThumb3Left mHandPinky3Left mHandPinky2Left mCollarRight R_CLAVICLE mShoulderRight R_UPPER_ARM mElbowRight R_LOWER_ARM R_HAND mHandThumb1Right mWristRight mHandPinky3Right mHandRing3Right mHandIndex3Right mHandIndex2Right mHandPinky1Right mHandPinky2Right mHandIndex1Right mHandRing2Right mHandRing1Right mHandThumb2Right mHandThumb3Right mHandMiddle1Right mHandMiddle2Right mHandMiddle3Right mHandPinky1Left mPelvis PELVIS BUTT mHipRight R_UPPER_LEG mKneeRight R_LOWER_LEG mAnkleRight R_FOOT mHipLeft L_UPPER_LEG mKneeLeft L_LOWER_LEG mAnkleLeft L_FOOT</Name_array>
          <technique_common>
            <accessor source="#GanondorfRig_GanondorfAnkletLeft-skin-joints-array" count="102" stride="1">
              <param name="JOINT" type="name"/>
            </accessor>
          </technique_common>
        </source>
        <source id="GanondorfRig_GanondorfAnkletLeft-skin-bind_poses">
          <float_array id="GanondorfRig_GanondorfAnkletLeft-skin-bind_poses-array" count="1632">1 0 0 0.02499997 0 1 0 0 0 0 1 -1.607 0 0 0 1 1 0 0 0.02499997 0 1 0 0 0 0 1 -1.627 0 0 0 1 1 0 0 0.02499997 0 1 0 0 0 0 1 -1.683 0 0 0 1 1 0 0 0.004999995 0 1 0 0 0 0 1 -1.753 0 0 0 1 1 0 0 0.000999987 0 1 0 0 0 0 1 -1.713 0 0 0 1 1 0 0 0 0 1 0 0.07999998 0 0 1 -1.73 0 0 0 1 1 0 0 0 0 1 0 -0.07999998 0 0 1 -1.73 0 0 0 1 1 0 0 -0.06499999 0 1 0 0 0 0 1 -1.674 0 0 0 1 1 0 0 -0.06499999 0 1 0 0 0 0 1 -1.674 0 0 0 1 1 0 0 -0.06499999 0 1 0 0 0 0 1 -1.674 0 0 0 1 1 0 0 -0.07299995 0 1 0 0 0 0 1 -1.659 0 0 0 1 1 0 0 -0.07299995 0 1 0 0.03599995 0 0 1 -1.762 0 0 0 1 1 0 0 -0.06099998 0 1 0 -0.03499996 0 0 1 -1.811 0 0 0 1 1 0 0 -0.06499999 0 1 0 0 0 0 1 -1.695 0 0 0 1 1 0 0 -0.06499999 0 1 0 0 0 0 1 -1.695 0 0 0 1 1 0 0 -0.06499999 0 1 0 0 0 0 1 -1.695 0 0 0 1 1 0 0 -0.07499998 0 1 0 0.02199995 0 0 1 -1.779 0 0 0 1 1 0 0 -0.06999999 0 1 0 0.04299998 0 0 1 -1.784 0 0 0 1 1 0 0 -0.04999995 0 1 0 -0.03399997 0 0 1 -1.697 0 0 0 1 1 0 0 -0.06099998 0 1 0 0.03499996 0 0 1 -1.811 0 0 0 1 1 0 0 -0.06400001 0 1 0 -0.05099999 0 0 1 -1.776 0 0 0 1 1 0 0 -0.06999999 0 1 0 -0.04299998 0 0 1 -1.784 0 0 0 1 1 0 0 -0.06400001 0 1 0 0.05099999 0 0 1 -1.776 0 0 0 1 1 0 0 -0.07299995 0 1 0 -0.03599995 0 0 1 -1.762 0 0 0 1 1 0 0 -0.1019999 0 1 0 0 0 0 1 -1.728 0 0 0 1 1 0 0 -0.07499998 0 1 0 -0.02199995 0 0 1 -1.779 0 0 0 1 1 0 0 -0.08599996 0 1 0 0.01499998 0 0 1 -1.724 0 0 0 1 1 0 0 -0.04999995 0 1 0 0.03399997 0 0 1 -1.697 0 0 0 1 1 0 0 -0.07299995 0 1 0 -0.03599995 0 0 1 -1.762 0 0 0 1 1 0 0 -0.08599996 0 1 0 -0.01499998 0 0 1 -1.724 0 0 0 1 1 0 0 -0.04799997 0 1 0 0.01899999 0 0 1 -1.688 0 0 0 1 1 0 0 -0.07299995 0 1 0 0.03599995 0 0 1 -1.762 0 0 0 1 1 0 0 -0.04799997 0 1 0 -0.01899999 0 0 1 -1.688 0 0 0 1 1 0 0 -0.02799999 0 1 0 0 0 0 1 -1.191 0 0 0 1 1 0 0 0 0 1 0 0 0 0 1 -1.151 0 0 0 1 1 0 0 0 0 1 0 0.09999996 0 0 1 -1.209 0 0 0 1 1 0 0 0 0 1 0 -0.1 0 0 1 -1.209 0 0 0 1 1 0 0 0.01499998 0 1 0 0 0 0 1 -1.356 0 0 0 1 1 0 0 -0.01299995 0 1 0 0 0 0 1 -1.426 0 0 0 1 1 0 0 -0.104 0 1 0 0.08199995 0 0 1 -1.398 0 0 0 1 1 0 0 -0.104 0 1 0 -0.08199995 0 0 1 -1.398 0 0 0 1 1 0 0 0.03599995 0 1 0 -0.08499997 0 0 1 -1.521 0 0 0 1 1 0 0 0.01599997 0 1 0 -0.08499997 0 0 1 -1.541 0 0 0 1 1 0 0 0.03599995 0 1 0 -0.164 0 0 1 -1.521 0 0 0 1 1 0 0 0.03599995 0 1 0 -0.284 0 0 1 -1.531 0 0 0 1 1 0 0 0.03599995 0 1 0 -0.412 0 0 1 -1.521 0 0 0 1 1 0 0 0.03599995 0 1 0 -0.512 0 0 1 -1.521 0 0 0 1 1 0 0 0.03599995 0 1 0 -0.617 0 0 1 -1.521 0 0 0 1 1 0 0 0.02599996 0 1 0 -0.6669999 0 0 1 -1.521 0 0 0 1 1 0 0 0.004999995 0 1 0 -0.643 0 0 1 -1.525 0 0 0 1 1 0 0 -0.03299999 0 1 0 -0.782 0 0 1 -1.524 0 0 0 1 1 0 0 -0.01899999 0 1 0 -0.75 0 0 1 -1.53 0 0 0 1 1 0 0 0.07199996 0 1 0 -0.794 0 0 1 -1.513 0 0 0 1 1 0 0 0.05899995 0 1 0 -0.754 0 0 1 -1.522 0 0 0 1 1 0 0 0.046 0 1 0 -0.716 0 0 1 -1.53 0 0 0 1 1 0 0 0.023 0 1 0 -0.718 0 0 1 -1.536 0 0 0 1 1 0 0 0.02399998 0 1 0 -0.758 0 0 1 -1.53 0 0 0 1 1 0 0 0.02499997 0 1 0 -0.807 0 0 1 -1.522 0 0 0 1 1 0 0 -0.001999974 0 1 0 -0.714 0 0 1 -1.536 0 0 0 1 1 0 0 -0.023 0 1 0 -0.675 0 0 1 -1.524 0 0 0 1 1 0 0 -0.046 0 1 0 -0.706 0 0 1 -1.523 0 0 0 1 1 0 0 0.106 0 1 0 -0.755 0 0 1 -1.514 0 0 0 1 1 0 0 0.09099996 0 1 0 -0.737 0 0 1 -1.518 0 0 0 1 1 0 0 0.03599995 0 1 0 0.08499997 0 0 1 -1.521 0 0 0 1 1 0 0 0.01599997 0 1 0 0.08499997 0 0 1 -1.541 0 0 0 1 1 0 0 0.03599995 0 1 0 0.164 0 0 1 -1.521 0 0 0 1 1 0 0 0.03599995 0 1 0 0.284 0 0 1 -1.531 0 0 0 1 1 0 0 0.03599995 0 1 0 0.412 0 0 1 -1.521 0 0 0 1 1 0 0 0.03599995 0 0.9999999 0 0.512 0 0 1 -1.521 0 0 0 1 1 0 0 0.02599996 0 1 0 0.6669999 0 0 1 -1.521 0 0 0 1 1 0 0 0.004999995 0 1 0 0.643 0 0 1 -1.525 0 0 0 1 1 0 0 0.03599995 0 1 0 0.617 0 0 1 -1.521 0 0 0 1 1 0 0 0.106 0 1 0 0.755 0 0 1 -1.514 0 0 0 1 1 0 0 0.07199996 0 1 0 0.794 0 0 1 -1.513 0 0 0 1 1 0 0 -0.03299999 0 1 0 0.782 0 0 1 -1.524 0 0 0 1 1 0 0 -0.01899999 0 1 0 0.75 0 0 1 -1.53 0 0 0 1 1 0 0 0.06699997 0 1 0 0.712 0 0 1 -1.524 0 0 0 1 1 0 0 0.09099996 0 1 0 0.737 0 0 1 -1.518 0 0 0 1 1 0 0 -0.001999974 0 1 0 0.714 0 0 1 -1.536 0 0 0 1 1 0 0 0.05899995 0 1 0 0.754 0 0 1 -1.522 0 0 0 1 1 0 0 0.046 0 1 0 0.716 0 0 1 -1.53 0 0 0 1 1 0 0 -0.023 0 1 0 0.675 0 0 1 -1.524 0 0 0 1 1 0 0 -0.046 0 1 0 0.706 0 0 1 -1.523 0 0 0 1 1 0 0 0.023 0 1 0 0.718 0 0 1 -1.536 0 0 0 1 1 0 0 0.02399998 0 1 0 0.758 0 0 1 -1.53 0 0 0 1 1 0 0 0.02499997 0 1 0 0.807 0 0 1 -1.522 0 0 0 1 1 0 0 0.06699997 0 1 0 -0.712 0 0 1 -1.524 0 0 0 1 1 0 0 0 0 1 0 0 0 0 1 -1.067 0 0 0 1 1 0 0 0.00999999 0 1 0 0 0 0 1 -1.047 0 0 0 1 1 0 0 0.06 0 1 0 0 0 0 1 -0.967 0 0 0 1 1 0 0 -0.03399997 0 1 0 0.129 0 0 1 -1.026 0 0 0 1 1 0 0 -0.01399999 0 1 0 0.07899999 0 0 1 -0.806 0 0 0 1 1 0 0 -0.03299999 0 1 0 0.07999998 0 0 1 -0.535 0 0 0 1 1 0 0 -0.01299995 0 1 0 0.07999998 0 0 1 -0.335 0 0 0 1 1 0 0 -0.003999948 0 1 0 0.07999998 0 0 1 -0.06699997 0 0 0 1 1 0 0 -0.08099997 0 1 0 0.07999998 0 0 1 -0.02599996 0 0 0 1 1 0 0 -0.03399997 0 1 0 -0.127 0 0 1 -1.026 0 0 0 1 1 0 0 -0.01399999 0 1 0 -0.07699996 0 0 1 -0.806 0 0 0 1 1 0 0 -0.03299999 0 1 0 -0.08099997 0 0 1 -0.535 0 0 0 1 1 0 0 -0.01299995 0 1 0 -0.08099997 0 0 1 -0.335 0 0 0 1 1 0 0 -0.003999948 0 1 0 -0.08199995 0 0 1 -0.06699997 0 0 0 1 1 0 0 -0.08099997 0 1 0 -0.08199995 0 0 1 -0.02599996 0 0 0 1</float_array>
          <technique_common>
            <accessor source="#GanondorfRig_GanondorfAnkletLeft-skin-bind_poses-array" count="102" stride="16">
              <param name="TRANSFORM" type="float4x4"/>
            </accessor>
          </technique_common>
        </source>
        <source id="GanondorfRig_GanondorfAnkletLeft-skin-weights">
          <float_array id="GanondorfRig_GanondorfAnkletLeft-skin-weights-array" count="1162">0.5 0.5 0.5 0.5 0.5 0.5 0.5 0.5 0.5 0.5 0.5 0.5 0.5 0.5 0.5 0.5 0.5 0.5 0.5 0.5 0.5 0.5 0.5 0.5 0.5 0.5 0.5 0.5 0.5 0.5 0.5 0.5 0.5 0.5 0.5 0.5 0.5 0.5 0.5 0.5 0.5 0.5 0.5 0.5 0.5 0.5 0.5 0.5 0.5 0.5 0.5 0.5 0.5 0.5 0.5 0.5 0.5 0.5 0.5 0.5 0.5 0.5 0.5 0.5 0.5 0.5 0.5 0.5 0.5 0.5 0.5 0.5 0.5 0.5 0.5 0.5 0.5 0.5 0.5 0.5 0.5 0.5 0.5 0.5 0.5 0.5 0.5 0.5 0.5 0.5 0.5 0.5 0.5 0.5 0.5 0.5 0.5 0.5 0.5 0.5 0.5 0.5 0.5 0.5 0.5 0.5 0.5 0.5 0.5 0.5 0.5 0.5 0.5 0.5 0.5 0.5 0.5 0.5 0.5 0.5 0.5 0.5 0.5 0.5 0.5 0.5 0.5 0.5 0.5 0.5 0.5 0.5 0.5 0.5 0.5 0.5 0.5 0.5 0.5 0.5 0.5 0.5 0.5 0.5 0.5 0.5 0.5 0.5 0.5 0.5 0.5 0.5 0.5 0.5 0.5 0.5 0.5 0.5 0.5 0.5 0.5 0.5 0.5 0.5 0.5 0.5 0.5 0.5 0.5 0.5 0.5 0.5 0.5 0.5 0.5 0.5 0.5 0.5 0.5 0.5 0.5 0.5 0.5 0.5 0.5 0.5 0.5 0.5 0.5 0.5 0.25 0.25 0.25 0.25 0.5 0.5 0.25 0.25 0.25 0.25 0.5 0.5 0.5 0.5 0.5 0.5 0.5 0.5 0.5 0.5 0.5 0.5 0.5 0.5 0.5 0.5 0.25 0.25 0.25 0.25 0.25 0.25 0.25 0.25 0.25 0.25 0.25 0.25 0.5 0.5 0.5 0.5 0.5 0.5 0.5 0.5 0.5 0.5 0.5 0.5 0.5 0.5 0.5 0.5 0.5 0.5 0.5 0.5 0.5 0.5 0.25 0.25 0.25 0.25 0.5 0.5 0.5 0.5 0.5 0.5 0.5 0.5 0.25 0.25 0.25 0.25 0.25 0.25 0.25 0.25 0.5 0.5 0.5 0.5 0.5 0.5 0.5 0.5 0.5 0.5 0.5 0.5 0.5 0.5 0.5 0.5 0.5 0.5 0.5 0.5 0.5 0.5 0.5 0.5 0.5 0.5 0.5 0.5 0.5 0.5 0.25 0.25 0.25 0.25 0.5 0.5 0.5 0.5 0.5 0.5 0.5 0.5 0.25 0.25 0.25 0.25 0.5 0.5 0.5 0.5 0.5 0.5 0.5 0.5 0.5 0.5 0.5 0.5 0.5 0.5 0.5 0.5 0.5 0.5 0.5 0.5 0.5 0.5 0.5 0.5 0.5 0.5 0.5 0.5 0.5 0.5 0.5 0.5 0.5 0.5 0.5 0.5 0.25 0.25 0.25 0.25 0.5 0.5 0.5 0.5 0.5 0.5 0.5 0.5 0.5 0.5 0.25 0.25 0.25 0.25 0.25 0.25 0.25 0.25 0.25 0.25 0.25 0.25 0.5 0.5 0.5 0.5 0.5 0.5 0.5 0.5 0.5 0.5 0.5 0.5 0.25 0.25 0.25 0.25 0.5 0.5 0.5 0.5 0.5 0.5 0.5 0.5 0.5 0.5 0.5 0.5 0.5 0.5 0.5 0.5 0.5 0.5 0.5 0.5 0.5 0.5 0.5 0.5 0.5 0.5 0.5 0.5 0.5 0.5 0.25 0.25 0.25 0.25 0.5 0.5 0.5 0.5 0.5 0.5 0.5 0.5 0.5 0.5 0.5 0.5 0.5 0.5 0.25 0.25 0.25 0.25 0.5 0.5 0.5 0.5 0.25 0.25 0.25 0.25 0.5 0.5 0.5 0.5 0.5 0.5 0.25 0.25 0.25 0.25 0.5 0.5 0.5 0.5 0.5 0.5 0.5 0.5 0.5 0.5 0.5 0.5 0.5 0.5 0.25 0.25 0.25 0.25 0.5 0.5 0.5 0.5 0.5 0.5 0.25 0.25 0.25 0.25 0.5 0.5 0.5 0.5 0.5 0.5 0.5 0.5 0.5 0.5 0.5 0.5 0.5 0.5 0.5 0.5 0.5 0.5 0.5 0.5 0.5 0.5 0.5 0.5 0.5 0.5 0.5 0.5 0.5 0.5 0.5 0.5 0.5 0.5 0.5 0.5 0.5 0.5 0.5 0.5 0.5 0.5 0.5 0.5 0.5 0.5 0.5 0.5 0.5 0.5 0.5 0.5 0.5 0.5 0.5 0.5 0.5 0.5 0.5 0.5 0.5 0.5 0.5 0.5 0.5 0.5 0.5 0.5 0.5 0.5 0.25 0.25 0.25 0.25 0.5 0.5 0.5 0.5 0.5 0.5 0.5 0.5 0.5 0.5 0.5 0.5 0.5 0.5 0.5 0.5 0.25 0.25 0.25 0.25 0.25 0.25 0.25 0.25 0.5 0.5 0.5 0.5 0.5 0.5 0.5 0.5 0.5 0.5 0.5 0.5 0.5 0.5 0.5 0.5 0.5 0.5 0.5 0.5 0.5 0.5 0.5 0.5 0.5 0.5 0.5 0.5 0.5 0.5 0.5 0.5 0.5 0.5 0.5 0.5 0.5 0.5 0.5 0.5 0.5 0.5 0.5 0.5 0.5 0.5 0.5 0.5 0.5 0.5 0.5 0.5 0.25 0.25 0.25 0.25 0.5 0.5 0.5 0.5 0.5 0.5 0.5 0.5 0.5 0.5 0.5 0.5 0.5 0.5 0.5 0.5 0.25 0.25 0.25 0.25 0.25 0.25 0.25 0.25 0.25 0.25 0.25 0.25 0.5 0.5 0.5 0.5 0.5 0.5 0.5 0.5 0.5 0.5 0.5 0.5 0.5 0.5 0.5 0.5 0.5 0.5 0.5 0.5 0.5 0.5 0.5 0.5 0.5 0.5 0.5 0.5 0.5 0.5 0.5 0.5 0.5 0.5 0.5 0.5 0.5 0.5 0.5 0.5 0.5 0.5 0.5 0.5 0.5 0.5 0.5 0.5 0.5 0.5 0.5 0.5 0.5 0.5 0.5 0.5 0.5 0.5 0.5 0.5 0.5 0.5 0.5 0.5 0.5 0.5 0.5 0.5 0.5 0.5 0.5 0.5 0.5 0.5 0.5 0.5 0.5 0.5 0.5 0.5 0.5 0.5 0.5 0.5 0.5 0.5 0.5 0.5 0.5 0.5 0.5 0.5 0.5 0.5 0.5 0.5 0.5 0.5 0.5 0.5 0.5 0.5 0.5 0.5 0.5 0.5 0.5 0.5 0.5 0.5 0.5 0.5 0.5 0.5 0.5 0.5 0.5 0.5 0.5 0.5 0.5 0.5 0.5 0.5 0.5 0.5 0.5 0.5 0.5 0.5 0.5 0.5 0.5 0.5 0.5 0.5 0.5 0.5 0.5 0.5 0.5 0.5 0.5 0.5 0.5 0.5 0.5 0.5 0.5 0.5 0.5 0.5 0.5 0.5 0.5 0.5 0.5 0.5 0.5 0.5 0.5 0.5 0.5 0.5 0.5 0.5 0.5 0.5 0.5 0.5 0.5 0.5 0.5 0.5 0.5 0.5 0.5 0.5 0.5 0.5 0.5 0.5 0.5 0.5 0.5 0.5 0.5 0.5 0.5 0.5 0.5 0.5 0.5 0.5 0.5 0.5 0.5 0.5 0.5 0.5 0.5 0.5 0.5 0.5 0.5 0.5 0.5 0.5 0.5 0.5 0.5 0.5 0.5 0.5 0.5 0.5 0.5 0.5 0.5 0.5 0.5 0.5 0.5 0.5 0.5 0.5 0.5 0.5 0.5 0.5 0.5 0.5 0.5 0.5 0.5 0.5 0.5 0.5 0.5 0.5 0.5 0.5 0.5 0.5 0.5 0.5 0.5 0.5 0.5 0.5 0.5 0.5 0.5 0.5 0.5 0.5 0.3333333 0.3333333 0.1666666 0.1666666 0.3333333 0.3333333 0.1666666 0.1666666 0.1666666 0.1666666 0.3333333 0.3333333 0.5 0.5 0.5 0.5 0.5 0.5 0.1666666 0.1666666 0.3333333 0.3333333 0.3333333 0.3333333 0.1666666 0.1666666 0.5 0.5 0.5 0.5 0.5 0.5 0.5 0.5 0.5 0.5 0.5 0.5 0.5 0.5 0.5 0.5 0.5 0.5 0.5 0.5 0.5 0.5 0.5 0.5 0.3333333 0.3333333 0.1666666 0.1666666 0.1666666 0.1666666 0.3333333 0.3333333 0.5 0.5 0.5 0.5 0.5 0.5 0.1666666 0.1666666 0.3333333 0.3333333 0.3333333 0.3333333 0.1666666 0.1666666 0.5 0.5 0.5 0.5 0.5 0.5 0.5 0.5 0.5 0.5 0.5 0.5 0.5 0.5 0.5 0.5 0.5 0.5 0.5 0.5 0.5 0.5 0.5 0.5 0.5 0.5 0.5 0.5 0.5 0.5 0.5 0.5 0.5 0.5 0.5 0.5 0.1666666 0.1666666 0.3333333 0.3333333 0.1666666 0.1666666 0.3333333 0.3333333 0.5 0.5 0.5 0.5 0.5 0.5 0.5 0.5 0.5 0.5 0.1666666 0.1666666 0.3333333 0.3333333 0.1666666 0.1666666 0.3333333 0.3333333 0.3333333 0.3333333 0.1666666 0.1666666 0.1666666 0.1666666 0.3333333 0.3333333 0.3333333 0.3333333 0.1666666 0.1666666 0.1666666 0.1666666 0.3333333 0.3333333 0.3333333 0.3333333 0.1666666 0.1666666 0.1666666 0.1666666 0.3333333 0.3333333 0.1666666 0.1666666 0.3333333 0.3333333 0.5 0.5 0.5 0.5 0.5 0.5 0.3333333 0.3333333 0.1666666 0.1666666 0.3333333 0.3333333 0.1666666 0.1666666 0.5 0.5 0.5 0.5 0.5 0.5 0.5 0.5 0.5 0.5 0.5 0.5 0.5 0.5 0.3333333 0.3333333 0.1666666 0.1666666 0.1666666 0.1666666 0.3333333 0.3333333 0.1666666 0.1666666 0.3333333 0.3333333 0.3333333 0.3333333 0.1666666 0.1666666 0.3333333 0.3333333 0.1666666 0.1666666 0.5 0.5 0.5 0.5 0.5 0.5 0.5 0.5 0.5 0.5 0.3333333 0.3333333 0.1666666 0.1666666 0.5 0.5 0.5 0.5 0.5 0.5 0.5 0.5</float_array>
          <technique_common>
            <accessor source="#GanondorfRig_GanondorfAnkletLeft-skin-weights-array" count="1162" stride="1">
              <param name="WEIGHT" type="float"/>
            </accessor>
          </technique_common>
        </source>
        <joints>
          <input semantic="JOINT" source="#GanondorfRig_GanondorfAnkletLeft-skin-joints"/>
          <input semantic="INV_BIND_MATRIX" source="#GanondorfRig_GanondorfAnkletLeft-skin-bind_poses"/>
        </joints>
        <vertex_weights count="525">
          <input semantic="JOINT" source="#GanondorfRig_GanondorfAnkletLeft-skin-joints" offset="0"/>
          <input semantic="WEIGHT" source="#GanondorfRig_GanondorfAnkletLeft-skin-weights" offset="1"/>
          <vcount>2 2 2 2 2 2 2 2 2 2 2 2 2 2 2 2 2 2 2 2 2 2 2 2 2 2 2 2 2 2 2 2 2 2 2 2 2 2 2 2 2 2 2 2 2 2 2 2 2 2 2 2 2 2 2 2 2 2 2 2 2 2 2 2 2 2 2 2 2 2 2 2 2 2 2 2 2 2 2 2 2 2 2 2 2 2 2 2 2 2 2 2 2 2 2 4 2 4 2 2 2 2 2 2 2 2 4 4 4 2 2 2 2 2 2 2 2 2 2 2 4 2 2 2 2 4 4 2 2 2 2 2 2 2 2 2 2 2 2 2 2 2 4 2 2 2 2 4 2 2 2 2 2 2 2 2 2 2 2 2 2 2 2 2 2 2 4 2 2 2 2 2 4 4 4 2 2 2 2 2 2 4 2 2 2 2 2 2 2 2 2 2 2 2 2 2 2 4 2 2 2 2 2 2 2 4 2 2 4 2 2 2 4 2 2 2 2 2 2 2 4 2 2 2 4 2 2 2 2 2 2 2 2 2 2 2 2 2 2 2 2 2 2 2 2 2 2 2 2 2 2 2 2 2 2 2 2 2 2 2 4 2 2 2 2 2 2 2 2 4 4 2 2 2 2 2 2 2 2 2 2 2 2 2 2 2 2 2 2 2 2 2 2 2 2 2 2 4 2 2 2 2 2 2 2 2 4 4 4 2 2 2 2 2 2 2 2 2 2 2 2 2 2 2 2 2 2 2 2 2 2 2 2 2 2 2 2 2 2 2 2 2 2 2 2 2 2 2 2 2 2 2 2 2 2 2 2 2 2 2 2 2 2 2 2 2 2 2 2 2 2 2 2 2 2 2 2 2 2 2 2 2 2 2 2 2 2 2 2 2 2 2 2 2 2 2 2 2 2 2 2 2 2 2 2 2 2 2 2 2 2 2 2 2 2 2 2 2 2 2 2 2 2 2 2 2 2 2 2 2 2 2 2 2 2 2 2 4 4 4 2 2 2 4 4 2 2 2 2 2 2 2 2 2 2 2 2 4 4 2 2 2 4 4 2 2 2 2 2 2 2 2 2 2 2 2 2 2 2 2 2 2 4 4 2 2 2 2 2 4 4 4 4 4 4 4 4 4 2 2 2 4 4 2 2 2 2 2 2 2 4 4 4 4 4 2 2 2 2 2 4 2 2 2 2 </vcount>
          <v>98 0 99 1 98 2 99 3 98 4 99 5 98 6 99 7 98 8 99 9 98 10 99 11 98 12 99 13 98 14 99 15 98 16 99 17 100 18 101 19 100 20 101 21 98 22 99 23 98 24 99 25 100 26 101 27 100 28 101 29 98 30 99 31 98 32 99 33 98 34 99 35 98 36 99 37 98 38 99 39 98 40 99 41 98 42 99 43 98 44 99 45 98 46 99 47 98 48 99 49 98 50 99 51 98 52 99 53 98 54 99 55 98 56 99 57 100 58 101 59 100 60 101 61 100 62 101 63 100 64 101 65 100 66 101 67 100 68 101 69 100 70 101 71 100 72 101 73 98 74 99 75 98 76 99 77 98 78 99 79 98 80 99 81 98 82 99 83 98 84 99 85 98 86 99 87 98 88 99 89 98 90 99 91 98 92 99 93 98 94 99 95 98 96 99 97 98 98 99 99 98 100 99 101 98 102 99 103 98 104 99 105 98 106 99 107 98 108 99 109 98 110 99 111 98 112 99 113 98 114 99 115 98 116 99 117 100 118 101 119 100 120 101 121 100 122 101 123 100 124 101 125 100 126 101 127 100 128 101 129 100 130 101 131 100 132 101 133 100 134 101 135 98 136 99 137 98 138 99 139 98 140 99 141 98 142 99 143 98 144 99 145 98 146 99 147 98 148 99 149 98 150 99 151 98 152 99 153 98 154 99 155 98 156 99 157 98 158 99 159 98 160 99 161 98 162 99 163 98 164 99 165 98 166 99 167 98 168 99 169 98 170 99 171 98 172 99 173 98 174 99 175 98 176 99 177 98 178 99 179 98 180 99 181 100 182 101 183 100 184 101 185 100 186 101 187 100 188 101 189 98 190 99 191 100 192 101 193 98 194 99 195 98 196 99 197 100 198 101 199 98 200 99 201 98 202 99 203 98 204 99 205 98 206 99 207 98 208 99 209 98 210 99 211 98 212 99 213 100 214 101 215 98 216 99 217 100 218 101 219 98 220 99 221 100 222 101 223 98 224 99 225 100 226 101 227 100 228 101 229 98 230 99 231 98 232 99 233 98 234 99 235 98 236 99 237 98 238 99 239 98 240 99 241 98 242 99 243 98 244 99 245 100 246 101 247 100 248 101 249 98 250 99 251 100 252 101 253 100 254 101 255 98 256 99 257 98 258 99 259 98 260 99 261 98 262 99 263 100 264 101 265 98 266 99 267 100 268 101 269 98 270 99 271 98 272 99 273 98 274 99 275 100 276 101 277 100 278 101 279 98 280 99 281 100 282 101 283 100 284 101 285 98 286 99 287 98 288 99 289 98 290 99 291 98 292 99 293 98 294 99 295 98 296 99 297 98 298 99 299 98 300 99 301 100 302 101 303 98 304 99 305 98 306 99 307 98 308 99 309 100 310 101 311 98 312 99 313 100 314 101 315 100 316 101 317 100 318 101 319 98 320 99 321 98 322 99 323 100 324 101 325 100 326 101 327 98 328 99 329 98 330 99 331 98 332 99 333 98 334 99 335 98 336 99 337 98 338 99 339 98 340 99 341 98 342 99 343 98 344 99 345 98 346 99 347 100 348 101 349 98 350 99 351 98 352 99 353 100 354 101 355 98 356 99 357 98 358 99 359 100 360 101 361 100 362 101 363 100 364 101 365 98 366 99 367 100 368 101 369 98 370 99 371 100 372 101 373 98 374 99 375 100 376 101 377 98 378 99 379 98 380 99 381 98 382 99 383 100 384 101 385 100 386 101 387 100 388 101 389 98 390 99 391 100 392 101 393 98 394 99 395 98 396 99 397 98 398 99 399 98 400 99 401 98 402 99 403 100 404 101 405 100 406 101 407 100 408 101 409 98 410 99 411 98 412 99 413 98 414 99 415 98 416 99 417 98 418 99 419 100 420 101 421 100 422 101 423 98 424 99 425 100 426 101 427 100 428 101 429 100 430 101 431 100 432 101 433 98 434 99 435 98 436 99 437 98 438 99 439 98 440 99 441 98 442 99 443 100 444 101 445 100 446 101 447 100 448 101 449 98 450 99 451 100 452 101 453 98 454 99 455 98 456 99 457 98 458 99 459 98 460 99 461 100 462 101 463 98 464 99 465 98 466 99 467 98 468 99 469 98 470 99 471 100 472 101 473 100 474 101 475 98 476 99 477 98 478 99 479 100 480 101 481 98 482 99 483 98 484 99 485 98 486 99 487 98 488 99 489 100 490 101 491 98 492 99 493 98 494 99 495 98 496 99 497 98 498 99 499 98 500 99 501 98 502 99 503 98 504 99 505 98 506 99 507 100 508 101 509 100 510 101 511 100 512 101 513 100 514 101 515 98 516 99 517 98 518 99 519 98 520 99 521 98 522 99 523 98 524 99 525 98 526 99 527 98 528 99 529 98 530 99 531 98 532 99 533 98 534 99 535 98 536 99 537 98 538 99 539 98 540 99 541 100 542 101 543 100 544 101 545 98 546 99 547 98 548 99 549 98 550 99 551 98 552 99 553 98 554 99 555 98 556 99 557 98 558 99 559 100 560 101 561 98 562 99 563 100 564 101 565 100 566 101 567 100 568 101 569 100 570 101 571 98 572 99 573 98 574 99 575 98 576 99 577 98 578 99 579 98 580 99 581 98 582 99 583 100 584 101 585 98 586 99 587 100 588 101 589 98 590 99 591 100 592 101 593 100 594 101 595 100 596 101 597 98 598 99 599 98 600 99 601 98 602 99 603 98 604 99 605 100 606 101 607 98 608 99 609 98 610 99 611 98 612 99 613 98 614 99 615 98 616 99 617 98 618 99 619 98 620 99 621 98 622 99 623 98 624 99 625 98 626 99 627 98 628 99 629 98 630 99 631 98 632 99 633 98 634 99 635 98 636 99 637 98 638 99 639 100 640 101 641 98 642 99 643 100 644 101 645 98 646 99 647 98 648 99 649 98 650 99 651 98 652 99 653 98 654 99 655 98 656 99 657 100 658 101 659 100 660 101 661 98 662 99 663 100 664 101 665 98 666 99 667 100 668 101 669 98 670 99 671 100 672 101 673 98 674 99 675 98 676 99 677 98 678 99 679 98 680 99 681 98 682 99 683 98 684 99 685 98 686 99 687 98 688 99 689 98 690 99 691 98 692 99 693 98 694 99 695 98 696 99 697 98 698 99 699 98 700 99 701 98 702 99 703 98 704 99 705 98 706 99 707 98 708 99 709 98 710 99 711 98 712 99 713 98 714 99 715 98 716 99 717 98 718 99 719 98 720 99 721 98 722 99 723 98 724 99 725 98 726 99 727 98 728 99 729 98 730 99 731 98 732 99 733 98 734 99 735 98 736 99 737 98 738 99 739 98 740 99 741 98 742 99 743 98 744 99 745 98 746 99 747 98 748 99 749 98 750 99 751 98 752 99 753 98 754 99 755 98 756 99 757 98 758 99 759 98 760 99 761 98 762 99 763 98 764 99 765 98 766 99 767 98 768 99 769 98 770 99 771 98 772 99 773 98 774 99 775 98 776 99 777 98 778 99 779 98 780 99 781 98 782 99 783 98 784 99 785 98 786 99 787 98 788 99 789 98 790 99 791 98 792 99 793 98 794 99 795 98 796 99 797 98 798 99 799 98 800 99 801 98 802 99 803 98 804 99 805 98 806 99 807 98 808 99 809 98 810 99 811 98 812 99 813 98 814 99 815 98 816 99 817 98 818 99 819 98 820 99 821 98 822 99 823 98 824 99 825 98 826 99 827 98 828 99 829 98 830 99 831 98 832 99 833 98 834 99 835 98 836 99 837 98 838 99 839 98 840 99 841 98 842 99 843 98 844 99 845 98 846 99 847 98 848 99 849 98 850 99 851 98 852 99 853 98 854 99 855 98 856 99 857 98 858 99 859 98 860 99 861 98 862 99 863 98 864 99 865 98 866 99 867 98 868 99 869 98 870 99 871 98 872 99 873 98 874 99 875 98 876 99 877 98 878 99 879 98 880 99 881 98 882 99 883 98 884 99 885 98 886 99 887 98 888 99 889 98 890 99 891 98 892 99 893 98 894 99 895 98 896 99 897 98 898 99 899 98 900 99 901 98 902 99 903 98 904 99 905 98 906 99 907 98 908 99 909 98 910 99 911 98 912 99 913 98 914 99 915 98 916 99 917 98 918 99 919 98 920 99 921 98 922 99 923 98 924 99 925 98 926 99 927 98 928 99 929 98 930 99 931 100 932 101 933 98 934 99 935 100 936 101 937 98 938 99 939 100 940 101 941 100 942 101 943 100 944 101 945 100 946 101 947 98 948 99 949 100 950 101 951 98 952 99 953 100 954 101 955 98 956 99 957 98 958 99 959 98 960 99 961 98 962 99 963 98 964 99 965 98 966 99 967 98 968 99 969 98 970 99 971 98 972 99 973 98 974 99 975 98 976 99 977 98 978 99 979 98 980 99 981 100 982 101 983 98 984 99 985 100 986 101 987 100 988 101 989 100 990 101 991 100 992 101 993 98 994 99 995 100 996 101 997 98 998 99 999 100 1000 101 1001 98 1002 99 1003 98 1004 99 1005 98 1006 99 1007 98 1008 99 1009 98 1010 99 1011 100 1012 101 1013 100 1014 101 1015 100 1016 101 1017 100 1018 101 1019 100 1020 101 1021 100 1022 101 1023 100 1024 101 1025 100 1026 101 1027 100 1028 101 1029 100 1030 101 1031 100 1032 101 1033 100 1034 101 1035 100 1036 101 1037 98 1038 99 1039 100 1040 101 1041 98 1042 99 1043 100 1044 101 1045 100 1046 101 1047 100 1048 101 1049 100 1050 101 1051 100 1052 101 1053 100 1054 101 1055 98 1056 99 1057 100 1058 101 1059 98 1060 99 1061 100 1062 101 1063 98 1064 99 1065 100 1066 101 1067 98 1068 99 1069 100 1070 101 1071 98 1072 99 1073 100 1074 101 1075 98 1076 99 1077 100 1078 101 1079 98 1080 99 1081 100 1082 101 1083 98 1084 99 1085 100 1086 101 1087 98 1088 99 1089 100 1090 101 1091 100 1092 101 1093 100 1094 101 1095 98 1096 99 1097 98 1098 99 1099 100 1100 101 1101 98 1102 99 1103 100 1104 101 1105 98 1106 99 1107 98 1108 99 1109 98 1110 99 1111 98 1112 99 1113 98 1114 99 1115 98 1116 99 1117 98 1118 99 1119 98 1120 99 1121 100 1122 101 1123 98 1124 99 1125 100 1126 101 1127 98 1128 99 1129 100 1130 101 1131 98 1132 99 1133 100 1134 101 1135 98 1136 99 1137 100 1138 101 1139 98 1140 99 1141 98 1142 99 1143 98 1144 99 1145 98 1146 99 1147 98 1148 99 1149 98 1150 99 1151 100 1152 101 1153 98 1154 99 1155 98 1156 99 1157 98 1158 99 1159 98 1160 99 1161</v>
        </vertex_weights>
      </skin>
    </controller>
  </library_controllers>
  <library_visual_scenes>
    <visual_scene id="Scene" name="Scene">
      <node id="GanondorfRig" name="GanondorfRig" type="NODE">
        <matrix sid="transform">1 0 0 0 0 1 0 0 0 0 1 0 0 0 0 1</matrix>
        <node id="GanondorfRig_mPelvis" name="mPelvis" sid="mPelvis" type="JOINT">
          <matrix sid="transform">1 0 0 0 0 1 0 0 0 0 1 1.067 0 0 0 1</matrix>
          <node id="GanondorfRig_PELVIS" name="PELVIS" sid="PELVIS" type="JOINT">
            <matrix sid="transform">1 0 0 -0.01 0 1 0 0 0 0 1 -0.01999998 0 0 0 1</matrix>
            <extra>
              <technique profile="blender">
                <layer sid="layer" type="string">0</layer>
                <roll sid="roll" type="float">0.1396263</roll>
                <tip_x sid="tip_x" type="float">0</tip_x>
                <tip_y sid="tip_y" type="float">0.02999997</tip_y>
                <tip_z sid="tip_z" type="float">0</tip_z>
              </technique>
            </extra>
          </node>
          <node id="GanondorfRig_BUTT" name="BUTT" sid="BUTT" type="JOINT">
            <matrix sid="transform">1 0 0 -0.06 0 1 0 0 0 0 1 -0.1 0 0 0 1</matrix>
            <extra>
              <technique profile="blender">
                <layer sid="layer" type="string">0</layer>
                <tip_x sid="tip_x" type="float">0</tip_x>
                <tip_y sid="tip_y" type="float">0.02999997</tip_y>
                <tip_z sid="tip_z" type="float">0</tip_z>
              </technique>
            </extra>
          </node>
          <node id="GanondorfRig_mSpine1" name="mSpine1" sid="mSpine1" type="JOINT">
            <matrix sid="transform">1 0 0 0 0 1 0 0 0 0 1 0.08399999 0 0 0 1</matrix>
            <node id="GanondorfRig_mSpine2" name="mSpine2" sid="mSpine2" type="JOINT">
              <matrix sid="transform">1 0 0 0 0 1 0 0 0 0 1 -0.08399999 0 0 0 1</matrix>
              <node id="GanondorfRig_mTorso" name="mTorso" sid="mTorso" type="JOINT">
                <matrix sid="transform">1 0 0 0 0 1 0 0 0 0 1 0.08399999 0 0 0 1</matrix>
                <node id="GanondorfRig_BELLY" name="BELLY" sid="BELLY" type="JOINT">
                  <matrix sid="transform">1 0 0 0.028 0 1 0 0 0 0 1 0.03999996 0 0 0 1</matrix>
                  <extra>
                    <technique profile="blender">
                      <layer sid="layer" type="string">0</layer>
                      <roll sid="roll" type="float">0.1396263</roll>
                      <tip_x sid="tip_x" type="float">0</tip_x>
                      <tip_y sid="tip_y" type="float">0.02999997</tip_y>
                      <tip_z sid="tip_z" type="float">0</tip_z>
                    </technique>
                  </extra>
                </node>
                <node id="GanondorfRig_LEFT_HANDLE" name="LEFT_HANDLE" sid="LEFT_HANDLE" type="JOINT">
                  <matrix sid="transform">1 0 0 0 0 1 0 0.1 0 0 1 0.05799997 0 0 0 1</matrix>
                  <extra>
                    <technique profile="blender">
                      <layer sid="layer" type="string">0</layer>
                      <tip_x sid="tip_x" type="float">0</tip_x>
                      <tip_y sid="tip_y" type="float">0.02999997</tip_y>
                      <tip_z sid="tip_z" type="float">0</tip_z>
                    </technique>
                  </extra>
                </node>
                <node id="GanondorfRig_RIGHT_HANDLE" name="RIGHT_HANDLE" sid="RIGHT_HANDLE" type="JOINT">
                  <matrix sid="transform">1 0 0 0 0 1 0 -0.09999999 0 0 1 0.05799997 0 0 0 1</matrix>
                  <extra>
                    <technique profile="blender">
                      <layer sid="layer" type="string">0</layer>
                      <tip_x sid="tip_x" type="float">0</tip_x>
                      <tip_y sid="tip_y" type="float">0.02999997</tip_y>
                      <tip_z sid="tip_z" type="float">0</tip_z>
                    </technique>
                  </extra>
                </node>
                <node id="GanondorfRig_LOWER_BACK" name="LOWER_BACK" sid="LOWER_BACK" type="JOINT">
                  <matrix sid="transform">1 0 0 0 0 1 0 0 0 0 1 0.023 0 0 0 1</matrix>
                  <extra>
                    <technique profile="blender">
                      <layer sid="layer" type="string">0</layer>
                      <tip_x sid="tip_x" type="float">0</tip_x>
                      <tip_y sid="tip_y" type="float">0.02999997</tip_y>
                      <tip_z sid="tip_z" type="float">0</tip_z>
                    </technique>
                  </extra>
                </node>
                <node id="GanondorfRig_mSpine3" name="mSpine3" sid="mSpine3" type="JOINT">
                  <matrix sid="transform">1 0 0 -0.015 0 1 0 0 0 0 1 0.2049999 0 0 0 1</matrix>
                  <node id="GanondorfRig_mSpine4" name="mSpine4" sid="mSpine4" type="JOINT">
                    <matrix sid="transform">1 0 0 0.015 0 1 0 0 0 0 1 -0.2049999 0 0 0 1</matrix>
                    <node id="GanondorfRig_mChest" name="mChest" sid="mChest" type="JOINT">
                      <matrix sid="transform">1 0 0 -0.015 0 1 0 0 0 0 1 0.2049999 0 0 0 1</matrix>
                      <node id="GanondorfRig_CHEST" name="CHEST" sid="CHEST" type="JOINT">
                        <matrix sid="transform">1 0 -1.49012e-8 0.028 0 1 0 0 1.49012e-8 0 1 0.07000005 0 0 0 1</matrix>
                        <extra>
                          <technique profile="blender">
                            <layer sid="layer" type="string">0</layer>
                            <roll sid="roll" type="float">-0.1745329</roll>
                            <tip_x sid="tip_x" type="float">0</tip_x>
                            <tip_y sid="tip_y" type="float">0.02999997</tip_y>
                            <tip_z sid="tip_z" type="float">0</tip_z>
                          </technique>
                        </extra>
                      </node>
                      <node id="GanondorfRig_LEFT_PEC" name="LEFT_PEC" sid="LEFT_PEC" type="JOINT">
                        <matrix sid="transform">1 0 0 0.119 0 1 0 0.082 0 0 1 0.04200006 0 0 0 1</matrix>
                        <extra>
                          <technique profile="blender">
                            <layer sid="layer" type="string">0</layer>
                            <roll sid="roll" type="float">0.07487457</roll>
                            <tip_x sid="tip_x" type="float">0</tip_x>
                            <tip_y sid="tip_y" type="float">0.02999997</tip_y>
                            <tip_z sid="tip_z" type="float">0</tip_z>
                          </technique>
                        </extra>
                      </node>
                      <node id="GanondorfRig_RIGHT_PEC" name="RIGHT_PEC" sid="RIGHT_PEC" type="JOINT">
                        <matrix sid="transform">1 0 0 0.119 0 1 0 -0.082 0 0 1 0.04200006 0 0 0 1</matrix>
                        <extra>
                          <technique profile="blender">
                            <layer sid="layer" type="string">0</layer>
                            <roll sid="roll" type="float">0.07487457</roll>
                            <tip_x sid="tip_x" type="float">0</tip_x>
                            <tip_y sid="tip_y" type="float">0.02999997</tip_y>
                            <tip_z sid="tip_z" type="float">0</tip_z>
                          </technique>
                        </extra>
                      </node>
                      <node id="GanondorfRig_UPPER_BACK" name="UPPER_BACK" sid="UPPER_BACK" type="JOINT">
                        <matrix sid="transform">1 0 0 0 0 1 0 0 0 0 1 0.01700008 0 0 0 1</matrix>
                        <extra>
                          <technique profile="blender">
                            <layer sid="layer" type="string">0</layer>
                            <tip_x sid="tip_x" type="float">0</tip_x>
                            <tip_y sid="tip_y" type="float">0.02999997</tip_y>
                            <tip_z sid="tip_z" type="float">0</tip_z>
                          </technique>
                        </extra>
                      </node>
                      <node id="GanondorfRig_mNeck" name="mNeck" sid="mNeck" type="JOINT">
                        <matrix sid="transform">1 0 0 -0.01 0 1 0 0 0 0 1 0.251 0 0 0 1</matrix>
                        <node id="GanondorfRig_NECK" name="NECK" sid="NECK" type="JOINT">
                          <matrix sid="transform">1 0 0 0 0 1 0 0 0 0 1 0.01999998 0 0 0 1</matrix>
                          <extra>
                            <technique profile="blender">
                              <layer sid="layer" type="string">0</layer>
                              <tip_x sid="tip_x" type="float">0</tip_x>
                              <tip_y sid="tip_y" type="float">0.02999997</tip_y>
                              <tip_z sid="tip_z" type="float">0</tip_z>
                            </technique>
                          </extra>
                        </node>
                        <node id="GanondorfRig_mHead" name="mHead" sid="mHead" type="JOINT">
                          <matrix sid="transform">1 0 0 0 0 1 0 0 0 0 1 0.07599998 0 0 0 1</matrix>
                          <node id="GanondorfRig_HEAD" name="HEAD" sid="HEAD" type="JOINT">
                            <matrix sid="transform">1 0 0 0.02 0 1 0 0 0 0 1 0.07000005 0 0 0 1</matrix>
                            <extra>
                              <technique profile="blender">
                                <layer sid="layer" type="string">0</layer>
                                <tip_x sid="tip_x" type="float">0</tip_x>
                                <tip_y sid="tip_y" type="float">0.02999997</tip_y>
                                <tip_z sid="tip_z" type="float">0</tip_z>
                              </technique>
                            </extra>
                          </node>
                          <node id="GanondorfRig_mSkull" name="mSkull" sid="mSkull" type="JOINT">
                            <matrix sid="transform">1 0 0 0 0 1 0 0 0 0 1 0.079 0 0 0 1</matrix>
                            <extra>
                              <technique profile="blender">
                                <layer sid="layer" type="string">0</layer>
                                <tip_x sid="tip_x" type="float">0</tip_x>
                                <tip_y sid="tip_y" type="float">0.02999997</tip_y>
                                <tip_z sid="tip_z" type="float">0</tip_z>
                              </technique>
                            </extra>
                          </node>
                          <node id="GanondorfRig_mEyeRight" name="mEyeRight" sid="mEyeRight" type="JOINT">
                            <matrix sid="transform">1 0 0 0.098 0 1 0 -0.036 0 0 1 0.079 0 0 0 1</matrix>
                            <extra>
                              <technique profile="blender">
                                <layer sid="layer" type="string">0</layer>
                                <tip_x sid="tip_x" type="float">0</tip_x>
                                <tip_y sid="tip_y" type="float">0.02999997</tip_y>
                                <tip_z sid="tip_z" type="float">0</tip_z>
                              </technique>
                            </extra>
                          </node>
                          <node id="GanondorfRig_mEyeLeft" name="mEyeLeft" sid="mEyeLeft" type="JOINT">
                            <matrix sid="transform">1 0 0 0.098 0 1 0 0.036 0 0 1 0.079 0 0 0 1</matrix>
                            <extra>
                              <technique profile="blender">
                                <layer sid="layer" type="string">0</layer>
                                <tip_x sid="tip_x" type="float">0</tip_x>
                                <tip_y sid="tip_y" type="float">0.02999997</tip_y>
                                <tip_z sid="tip_z" type="float">0</tip_z>
                              </technique>
                            </extra>
                          </node>
                          <node id="GanondorfRig_mFaceRoot" name="mFaceRoot" sid="mFaceRoot" type="JOINT">
                            <matrix sid="transform">1 0 0 0.025 0 1 0 0 0 0 1 0.04500008 0 0 0 1</matrix>
                            <node id="GanondorfRig_mFaceEyeAltRight" name="mFaceEyeAltRight" sid="mFaceEyeAltRight" type="JOINT">
                              <matrix sid="transform">1 0 0 0.073 0 1 0 -0.036 0 0 1 0.03399992 0 0 0 1</matrix>
                              <extra>
                                <technique profile="blender">
                                  <layer sid="layer" type="string">0</layer>
                                  <tip_x sid="tip_x" type="float">0</tip_x>
                                  <tip_y sid="tip_y" type="float">0.02999997</tip_y>
                                  <tip_z sid="tip_z" type="float">0</tip_z>
                                </technique>
                              </extra>
                            </node>
                            <node id="GanondorfRig_mFaceEyeAltLeft" name="mFaceEyeAltLeft" sid="mFaceEyeAltLeft" type="JOINT">
                              <matrix sid="transform">1 0 0 0.073 0 1 0 0.036 0 0 1 0.03399992 0 0 0 1</matrix>
                              <extra>
                                <technique profile="blender">
                                  <layer sid="layer" type="string">0</layer>
                                  <tip_x sid="tip_x" type="float">0</tip_x>
                                  <tip_y sid="tip_y" type="float">0.02999997</tip_y>
                                  <tip_z sid="tip_z" type="float">0</tip_z>
                                </technique>
                              </extra>
                            </node>
                            <node id="GanondorfRig_mFaceForeheadLeft" name="mFaceForeheadLeft" sid="mFaceForeheadLeft" type="JOINT">
                              <matrix sid="transform">1 0 0 0.061 0 1 0 0.035 0 0 1 0.08299994 0 0 0 1</matrix>
                              <extra>
                                <technique profile="blender">
                                  <layer sid="layer" type="string">0</layer>
                                  <tip_x sid="tip_x" type="float">0</tip_x>
                                  <tip_y sid="tip_y" type="float">0.02999997</tip_y>
                                  <tip_z sid="tip_z" type="float">0</tip_z>
                                </technique>
                              </extra>
                            </node>
                            <node id="GanondorfRig_mFaceForeheadRight" name="mFaceForeheadRight" sid="mFaceForeheadRight" type="JOINT">
                              <matrix sid="transform">1 0 0 0.061 0 1 0 -0.035 0 0 1 0.08299994 0 0 0 1</matrix>
                              <extra>
                                <technique profile="blender">
                                  <layer sid="layer" type="string">0</layer>
                                  <tip_x sid="tip_x" type="float">0</tip_x>
                                  <tip_y sid="tip_y" type="float">0.02999997</tip_y>
                                  <tip_z sid="tip_z" type="float">0</tip_z>
                                </technique>
                              </extra>
                            </node>
                            <node id="GanondorfRig_mFaceEyebrowOuterLeft" name="mFaceEyebrowOuterLeft" sid="mFaceEyebrowOuterLeft" type="JOINT">
                              <matrix sid="transform">1 0 0 0.064 0 1 0 0.051 0 0 1 0.04799998 0 0 0 1</matrix>
                              <extra>
                                <technique profile="blender">
                                  <layer sid="layer" type="string">0</layer>
                                  <tip_x sid="tip_x" type="float">0</tip_x>
                                  <tip_y sid="tip_y" type="float">0.02999997</tip_y>
                                  <tip_z sid="tip_z" type="float">0</tip_z>
                                </technique>
                              </extra>
                            </node>
                            <node id="GanondorfRig_mFaceEyebrowCenterLeft" name="mFaceEyebrowCenterLeft" sid="mFaceEyebrowCenterLeft" type="JOINT">
                              <matrix sid="transform">1 0 0 0.07 0 1 0 0.043 0 0 1 0.05599999 0 0 0 1</matrix>
                              <extra>
                                <technique profile="blender">
                                  <layer sid="layer" type="string">0</layer>
                                  <tip_x sid="tip_x" type="float">0</tip_x>
                                  <tip_y sid="tip_y" type="float">0.02999997</tip_y>
                                  <tip_z sid="tip_z" type="float">0</tip_z>
                                </technique>
                              </extra>
                            </node>
                            <node id="GanondorfRig_mFaceEyebrowInnerLeft" name="mFaceEyebrowInnerLeft" sid="mFaceEyebrowInnerLeft" type="JOINT">
                              <matrix sid="transform">1 0 0 0.075 0 1 0 0.022 0 0 1 0.051 0 0 0 1</matrix>
                              <extra>
                                <technique profile="blender">
                                  <layer sid="layer" type="string">0</layer>
                                  <tip_x sid="tip_x" type="float">0</tip_x>
                                  <tip_y sid="tip_y" type="float">0.02999997</tip_y>
                                  <tip_z sid="tip_z" type="float">0</tip_z>
                                </technique>
                              </extra>
                            </node>
                            <node id="GanondorfRig_mFaceEyebrowOuterRight" name="mFaceEyebrowOuterRight" sid="mFaceEyebrowOuterRight" type="JOINT">
                              <matrix sid="transform">1 0 0 0.064 0 1 0 -0.051 0 0 1 0.04799998 0 0 0 1</matrix>
                              <extra>
                                <technique profile="blender">
                                  <layer sid="layer" type="string">0</layer>
                                  <tip_x sid="tip_x" type="float">0</tip_x>
                                  <tip_y sid="tip_y" type="float">0.02999997</tip_y>
                                  <tip_z sid="tip_z" type="float">0</tip_z>
                                </technique>
                              </extra>
                            </node>
                            <node id="GanondorfRig_mFaceEyebrowCenterRight" name="mFaceEyebrowCenterRight" sid="mFaceEyebrowCenterRight" type="JOINT">
                              <matrix sid="transform">1 0 0 0.07 0 1 0 -0.043 0 0 1 0.05599999 0 0 0 1</matrix>
                              <extra>
                                <technique profile="blender">
                                  <layer sid="layer" type="string">0</layer>
                                  <tip_x sid="tip_x" type="float">0</tip_x>
                                  <tip_y sid="tip_y" type="float">0.02999997</tip_y>
                                  <tip_z sid="tip_z" type="float">0</tip_z>
                                </technique>
                              </extra>
                            </node>
                            <node id="GanondorfRig_mFaceEyebrowInnerRight" name="mFaceEyebrowInnerRight" sid="mFaceEyebrowInnerRight" type="JOINT">
                              <matrix sid="transform">1 0 0 0.075 0 1 0 -0.022 0 0 1 0.051 0 0 0 1</matrix>
                              <extra>
                                <technique profile="blender">
                                  <layer sid="layer" type="string">0</layer>
                                  <tip_x sid="tip_x" type="float">0</tip_x>
                                  <tip_y sid="tip_y" type="float">0.02999997</tip_y>
                                  <tip_z sid="tip_z" type="float">0</tip_z>
                                </technique>
                              </extra>
                            </node>
                            <node id="GanondorfRig_mFaceEyeLidUpperLeft" name="mFaceEyeLidUpperLeft" sid="mFaceEyeLidUpperLeft" type="JOINT">
                              <matrix sid="transform">1 0 0 0.073 0 1 0 0.036 0 0 1 0.03399992 0 0 0 1</matrix>
                              <extra>
                                <technique profile="blender">
                                  <layer sid="layer" type="string">0</layer>
                                  <tip_x sid="tip_x" type="float">0</tip_x>
                                  <tip_y sid="tip_y" type="float">0.02999997</tip_y>
                                  <tip_z sid="tip_z" type="float">0</tip_z>
                                </technique>
                              </extra>
                            </node>
                            <node id="GanondorfRig_mFaceEyeLidLowerLeft" name="mFaceEyeLidLowerLeft" sid="mFaceEyeLidLowerLeft" type="JOINT">
                              <matrix sid="transform">1 0 0 0.073 0 1 0 0.036 0 0 1 0.03399992 0 0 0 1</matrix>
                              <extra>
                                <technique profile="blender">
                                  <layer sid="layer" type="string">0</layer>
                                  <tip_x sid="tip_x" type="float">0</tip_x>
                                  <tip_y sid="tip_y" type="float">0.02999997</tip_y>
                                  <tip_z sid="tip_z" type="float">0</tip_z>
                                </technique>
                              </extra>
                            </node>
                            <node id="GanondorfRig_mFaceEyeLidUpperRight" name="mFaceEyeLidUpperRight" sid="mFaceEyeLidUpperRight" type="JOINT">
                              <matrix sid="transform">1 0 0 0.073 0 1 0 -0.036 0 0 1 0.03399992 0 0 0 1</matrix>
                              <extra>
                                <technique profile="blender">
                                  <layer sid="layer" type="string">0</layer>
                                  <tip_x sid="tip_x" type="float">0</tip_x>
                                  <tip_y sid="tip_y" type="float">0.02999997</tip_y>
                                  <tip_z sid="tip_z" type="float">0</tip_z>
                                </technique>
                              </extra>
                            </node>
                            <node id="GanondorfRig_mFaceEyeLidLowerRight" name="mFaceEyeLidLowerRight" sid="mFaceEyeLidLowerRight" type="JOINT">
                              <matrix sid="transform">1 0 0 0.073 0 1 0 -0.036 0 0 1 0.03399992 0 0 0 1</matrix>
                              <extra>
                                <technique profile="blender">
                                  <layer sid="layer" type="string">0</layer>
                                  <tip_x sid="tip_x" type="float">0</tip_x>
                                  <tip_y sid="tip_y" type="float">0.02999997</tip_y>
                                  <tip_z sid="tip_z" type="float">0</tip_z>
                                </technique>
                              </extra>
                            </node>
                            <node id="GanondorfRig_mFaceEar1Left" name="mFaceEar1Left" sid="mFaceEar1Left" type="JOINT">
                              <matrix sid="transform">1 0 0 0 0 1 0 0.08 0 0 1 0.001999974 0 0 0 1</matrix>
                              <node id="GanondorfRig_mFaceEar2Left" name="mFaceEar2Left" sid="mFaceEar2Left" type="JOINT">
                                <matrix sid="transform">1 0 0 -0.019 0 1 0 0.018 0 0 1 0.02499998 0 0 0 1</matrix>
                                <extra>
                                  <technique profile="blender">
                                    <layer sid="layer" type="string">0</layer>
                                    <tip_x sid="tip_x" type="float">0</tip_x>
                                    <tip_y sid="tip_y" type="float">0.02999997</tip_y>
                                    <tip_z sid="tip_z" type="float">0</tip_z>
                                  </technique>
                                </extra>
                              </node>
                              <extra>
                                <technique profile="blender">
                                  <layer sid="layer" type="string">0</layer>
                                  <tip_x sid="tip_x" type="float">0</tip_x>
                                  <tip_y sid="tip_y" type="float">0.02999997</tip_y>
                                  <tip_z sid="tip_z" type="float">0</tip_z>
                                </technique>
                              </extra>
                            </node>
                            <node id="GanondorfRig_mFaceEar1Right" name="mFaceEar1Right" sid="mFaceEar1Right" type="JOINT">
                              <matrix sid="transform">1 0 0 0 0 1 0 -0.08 0 0 1 0.001999974 0 0 0 1</matrix>
                              <node id="GanondorfRig_mFaceEar2Right" name="mFaceEar2Right" sid="mFaceEar2Right" type="JOINT">
                                <matrix sid="transform">1 0 0 -0.019 0 1 0 -0.018 0 0 1 0.02499998 0 0 0 1</matrix>
                                <extra>
                                  <technique profile="blender">
                                    <layer sid="layer" type="string">0</layer>
                                    <tip_x sid="tip_x" type="float">0</tip_x>
                                    <tip_y sid="tip_y" type="float">0.02999997</tip_y>
                                    <tip_z sid="tip_z" type="float">0</tip_z>
                                  </technique>
                                </extra>
                              </node>
                              <extra>
                                <technique profile="blender">
                                  <layer sid="layer" type="string">0</layer>
                                  <tip_x sid="tip_x" type="float">0</tip_x>
                                  <tip_y sid="tip_y" type="float">0.02999997</tip_y>
                                  <tip_z sid="tip_z" type="float">0</tip_z>
                                </technique>
                              </extra>
                            </node>
                            <node id="GanondorfRig_mFaceNoseLeft" name="mFaceNoseLeft" sid="mFaceNoseLeft" type="JOINT">
                              <matrix sid="transform">1 0 0 0.086 0 1 0 0.015 0 0 1 -0.004000068 0 0 0 1</matrix>
                              <extra>
                                <technique profile="blender">
                                  <layer sid="layer" type="string">0</layer>
                                  <tip_x sid="tip_x" type="float">0</tip_x>
                                  <tip_y sid="tip_y" type="float">0.02999997</tip_y>
                                  <tip_z sid="tip_z" type="float">0</tip_z>
                                </technique>
                              </extra>
                            </node>
                            <node id="GanondorfRig_mFaceNoseCenter" name="mFaceNoseCenter" sid="mFaceNoseCenter" type="JOINT">
                              <matrix sid="transform">1 0 0 0.102 0 1 0 0 0 0 1 0 0 0 0 1</matrix>
                              <extra>
                                <technique profile="blender">
                                  <layer sid="layer" type="string">0</layer>
                                  <tip_x sid="tip_x" type="float">0</tip_x>
                                  <tip_y sid="tip_y" type="float">0.02999997</tip_y>
                                  <tip_z sid="tip_z" type="float">0</tip_z>
                                </technique>
                              </extra>
                            </node>
                            <node id="GanondorfRig_mFaceNoseRight" name="mFaceNoseRight" sid="mFaceNoseRight" type="JOINT">
                              <matrix sid="transform">1 0 0 0.086 0 1 0 -0.015 0 0 1 -0.004000068 0 0 0 1</matrix>
                              <extra>
                                <technique profile="blender">
                                  <layer sid="layer" type="string">0</layer>
                                  <tip_x sid="tip_x" type="float">0</tip_x>
                                  <tip_y sid="tip_y" type="float">0.02999997</tip_y>
                                  <tip_z sid="tip_z" type="float">0</tip_z>
                                </technique>
                              </extra>
                            </node>
                            <node id="GanondorfRig_mFaceCheekLowerLeft" name="mFaceCheekLowerLeft" sid="mFaceCheekLowerLeft" type="JOINT">
                              <matrix sid="transform">1 0 0 0.05 0 1 0 0.034 0 0 1 -0.03100002 0 0 0 1</matrix>
                              <extra>
                                <technique profile="blender">
                                  <layer sid="layer" type="string">0</layer>
                                  <tip_x sid="tip_x" type="float">0</tip_x>
                                  <tip_y sid="tip_y" type="float">0.02999997</tip_y>
                                  <tip_z sid="tip_z" type="float">0</tip_z>
                                </technique>
                              </extra>
                            </node>
                            <node id="GanondorfRig_mFaceCheekUpperLeft" name="mFaceCheekUpperLeft" sid="mFaceCheekUpperLeft" type="JOINT">
                              <matrix sid="transform">1 0 0 0.07 0 1 0 0.034 0 0 1 -0.004999995 0 0 0 1</matrix>
                              <extra>
                                <technique profile="blender">
                                  <layer sid="layer" type="string">0</layer>
                                  <tip_x sid="tip_x" type="float">0</tip_x>
                                  <tip_y sid="tip_y" type="float">0.02999997</tip_y>
                                  <tip_z sid="tip_z" type="float">0</tip_z>
                                </technique>
                              </extra>
                            </node>
                            <node id="GanondorfRig_mFaceCheekLowerRight" name="mFaceCheekLowerRight" sid="mFaceCheekLowerRight" type="JOINT">
                              <matrix sid="transform">1 0 0 0.05 0 1 0 -0.034 0 0 1 -0.03100002 0 0 0 1</matrix>
                              <extra>
                                <technique profile="blender">
                                  <layer sid="layer" type="string">0</layer>
                                  <tip_x sid="tip_x" type="float">0</tip_x>
                                  <tip_y sid="tip_y" type="float">0.02999997</tip_y>
                                  <tip_z sid="tip_z" type="float">0</tip_z>
                                </technique>
                              </extra>
                            </node>
                            <node id="GanondorfRig_mFaceCheekUpperRight" name="mFaceCheekUpperRight" sid="mFaceCheekUpperRight" type="JOINT">
                              <matrix sid="transform">1 0 0 0.07 0 1 0 -0.034 0 0 1 -0.004999995 0 0 0 1</matrix>
                              <extra>
                                <technique profile="blender">
                                  <layer sid="layer" type="string">0</layer>
                                  <tip_x sid="tip_x" type="float">0</tip_x>
                                  <tip_y sid="tip_y" type="float">0.02999997</tip_y>
                                  <tip_z sid="tip_z" type="float">0</tip_z>
                                </technique>
                              </extra>
                            </node>
                            <node id="GanondorfRig_mFaceJaw" name="mFaceJaw" sid="mFaceJaw" type="JOINT">
                              <matrix sid="transform">1 0 0 -0.001 0 1 0 0 0 0 1 -0.01499999 0 0 0 1</matrix>
                              <node id="GanondorfRig_mFaceChin" name="mFaceChin" sid="mFaceChin" type="JOINT">
                                <matrix sid="transform">1 0 0 0.074 0 1 0 0 0 0 1 -0.05400002 0 0 0 1</matrix>
                                <extra>
                                  <technique profile="blender">
                                    <layer sid="layer" type="string">0</layer>
                                    <tip_x sid="tip_x" type="float">0</tip_x>
                                    <tip_y sid="tip_y" type="float">0.02999997</tip_y>
                                    <tip_z sid="tip_z" type="float">0</tip_z>
                                  </technique>
                                </extra>
                              </node>
                              <node id="GanondorfRig_mFaceTeethLower" name="mFaceTeethLower" sid="mFaceTeethLower" type="JOINT">
                                <matrix sid="transform">1 0 0 0.021 0 1 0 0 0 0 1 -0.03900003 0 0 0 1</matrix>
                                <node id="GanondorfRig_mFaceLipLowerLeft" name="mFaceLipLowerLeft" sid="mFaceLipLowerLeft" type="JOINT">
                                  <matrix sid="transform">1 0 0 0.045 0 1 0 0 0 0 1 0 0 0 0 1</matrix>
                                  <extra>
                                    <technique profile="blender">
                                      <layer sid="layer" type="string">0</layer>
                                      <tip_x sid="tip_x" type="float">0</tip_x>
                                      <tip_y sid="tip_y" type="float">0.02999997</tip_y>
                                      <tip_z sid="tip_z" type="float">0</tip_z>
                                    </technique>
                                  </extra>
                                </node>
                                <node id="GanondorfRig_mFaceLipLowerRight" name="mFaceLipLowerRight" sid="mFaceLipLowerRight" type="JOINT">
                                  <matrix sid="transform">1 0 0 0.045 0 1 0 0 0 0 1 0 0 0 0 1</matrix>
                                  <extra>
                                    <technique profile="blender">
                                      <layer sid="layer" type="string">0</layer>
                                      <tip_x sid="tip_x" type="float">0</tip_x>
                                      <tip_y sid="tip_y" type="float">0.02999997</tip_y>
                                      <tip_z sid="tip_z" type="float">0</tip_z>
                                    </technique>
                                  </extra>
                                </node>
                                <node id="GanondorfRig_mFaceLipLowerCenter" name="mFaceLipLowerCenter" sid="mFaceLipLowerCenter" type="JOINT">
                                  <matrix sid="transform">1 0 0 0.045 0 1 0 0 0 0 1 0 0 0 0 1</matrix>
                                  <extra>
                                    <technique profile="blender">
                                      <layer sid="layer" type="string">0</layer>
                                      <tip_x sid="tip_x" type="float">0</tip_x>
                                      <tip_y sid="tip_y" type="float">0.02999997</tip_y>
                                      <tip_z sid="tip_z" type="float">0</tip_z>
                                    </technique>
                                  </extra>
                                </node>
                                <node id="GanondorfRig_mFaceTongueBase" name="mFaceTongueBase" sid="mFaceTongueBase" type="JOINT">
                                  <matrix sid="transform">1 0 0 0.039 0 1 0 0 0 0 1 0.004999995 0 0 0 1</matrix>
                                  <node id="GanondorfRig_mFaceTongueTip" name="mFaceTongueTip" sid="mFaceTongueTip" type="JOINT">
                                    <matrix sid="transform">1 0 0 0.022 0 1 0 0 0 0 1 0.006999969 0 0 0 1</matrix>
                                    <extra>
                                      <technique profile="blender">
                                        <layer sid="layer" type="string">0</layer>
                                        <tip_x sid="tip_x" type="float">0</tip_x>
                                        <tip_y sid="tip_y" type="float">0.02999997</tip_y>
                                        <tip_z sid="tip_z" type="float">0</tip_z>
                                      </technique>
                                    </extra>
                                  </node>
                                  <extra>
                                    <technique profile="blender">
                                      <layer sid="layer" type="string">0</layer>
                                      <tip_x sid="tip_x" type="float">0</tip_x>
                                      <tip_y sid="tip_y" type="float">0.02999997</tip_y>
                                      <tip_z sid="tip_z" type="float">0</tip_z>
                                    </technique>
                                  </extra>
                                </node>
                                <extra>
                                  <technique profile="blender">
                                    <layer sid="layer" type="string">0</layer>
                                    <tip_x sid="tip_x" type="float">0</tip_x>
                                    <tip_y sid="tip_y" type="float">0.02999997</tip_y>
                                    <tip_z sid="tip_z" type="float">0</tip_z>
                                  </technique>
                                </extra>
                              </node>
                              <extra>
                                <technique profile="blender">
                                  <layer sid="layer" type="string">0</layer>
                                  <tip_x sid="tip_x" type="float">0</tip_x>
                                  <tip_y sid="tip_y" type="float">0.02999997</tip_y>
                                  <tip_z sid="tip_z" type="float">0</tip_z>
                                </technique>
                              </extra>
                            </node>
                            <node id="GanondorfRig_mFaceJawShaper" name="mFaceJawShaper" sid="mFaceJawShaper" type="JOINT">
                              <matrix sid="transform">1 0 0 0 0 1 0 0 0 0 1 0 0 0 0 1</matrix>
                              <extra>
                                <technique profile="blender">
                                  <layer sid="layer" type="string">0</layer>
                                  <tip_x sid="tip_x" type="float">0</tip_x>
                                  <tip_y sid="tip_y" type="float">0.02999997</tip_y>
                                  <tip_z sid="tip_z" type="float">0</tip_z>
                                </technique>
                              </extra>
                            </node>
                            <node id="GanondorfRig_mFaceForeheadCenter" name="mFaceForeheadCenter" sid="mFaceForeheadCenter" type="JOINT">
                              <matrix sid="transform">1 0 0 0.069 0 1 0 0 0 0 1 0.06499994 0 0 0 1</matrix>
                              <extra>
                                <technique profile="blender">
                                  <layer sid="layer" type="string">0</layer>
                                  <tip_x sid="tip_x" type="float">0</tip_x>
                                  <tip_y sid="tip_y" type="float">0.02999997</tip_y>
                                  <tip_z sid="tip_z" type="float">0</tip_z>
                                </technique>
                              </extra>
                            </node>
                            <node id="GanondorfRig_mFaceNoseBase" name="mFaceNoseBase" sid="mFaceNoseBase" type="JOINT">
                              <matrix sid="transform">1 0 0 0.094 0 1 0 0 0 0 1 -0.01600003 0 0 0 1</matrix>
                              <extra>
                                <technique profile="blender">
                                  <layer sid="layer" type="string">0</layer>
                                  <tip_x sid="tip_x" type="float">0</tip_x>
                                  <tip_y sid="tip_y" type="float">0.02999997</tip_y>
                                  <tip_z sid="tip_z" type="float">0</tip_z>
                                </technique>
                              </extra>
                            </node>
                            <node id="GanondorfRig_mFaceTeethUpper" name="mFaceTeethUpper" sid="mFaceTeethUpper" type="JOINT">
                              <matrix sid="transform">1 0 0 0.02 0 1 0 0 0 0 1 -0.03000009 0 0 0 1</matrix>
                              <node id="GanondorfRig_mFaceLipUpperLeft" name="mFaceLipUpperLeft" sid="mFaceLipUpperLeft" type="JOINT">
                                <matrix sid="transform">1 0 0 0.045 0 1 0 0 0 0 1 -0.002999902 0 0 0 1</matrix>
                                <extra>
                                  <technique profile="blender">
                                    <layer sid="layer" type="string">0</layer>
                                    <tip_x sid="tip_x" type="float">0</tip_x>
                                    <tip_y sid="tip_y" type="float">0.02999997</tip_y>
                                    <tip_z sid="tip_z" type="float">0</tip_z>
                                  </technique>
                                </extra>
                              </node>
                              <node id="GanondorfRig_mFaceLipUpperRight" name="mFaceLipUpperRight" sid="mFaceLipUpperRight" type="JOINT">
                                <matrix sid="transform">1 0 0 0.045 0 1 0 0 0 0 1 -0.002999902 0 0 0 1</matrix>
                                <extra>
                                  <technique profile="blender">
                                    <layer sid="layer" type="string">0</layer>
                                    <tip_x sid="tip_x" type="float">0</tip_x>
                                    <tip_y sid="tip_y" type="float">0.02999997</tip_y>
                                    <tip_z sid="tip_z" type="float">0</tip_z>
                                  </technique>
                                </extra>
                              </node>
                              <node id="GanondorfRig_mFaceLipCornerLeft" name="mFaceLipCornerLeft" sid="mFaceLipCornerLeft" type="JOINT">
                                <matrix sid="transform">1 0 0 0.028 0 1 0 -0.019 0 0 1 -0.00999999 0 0 0 1</matrix>
                                <extra>
                                  <technique profile="blender">
                                    <layer sid="layer" type="string">0</layer>
                                    <tip_x sid="tip_x" type="float">0</tip_x>
                                    <tip_y sid="tip_y" type="float">0.02999997</tip_y>
                                    <tip_z sid="tip_z" type="float">0</tip_z>
                                  </technique>
                                </extra>
                              </node>
                              <node id="GanondorfRig_mFaceLipCornerRight" name="mFaceLipCornerRight" sid="mFaceLipCornerRight" type="JOINT">
                                <matrix sid="transform">1 0 0 0.028 0 1 0 0.019 0 0 1 -0.00999999 0 0 0 1</matrix>
                                <extra>
                                  <technique profile="blender">
                                    <layer sid="layer" type="string">0</layer>
                                    <tip_x sid="tip_x" type="float">0</tip_x>
                                    <tip_y sid="tip_y" type="float">0.02999997</tip_y>
                                    <tip_z sid="tip_z" type="float">0</tip_z>
                                  </technique>
                                </extra>
                              </node>
                              <node id="GanondorfRig_mFaceLipUpperCenter" name="mFaceLipUpperCenter" sid="mFaceLipUpperCenter" type="JOINT">
                                <matrix sid="transform">1 0 0 0.045 0 1 0 0 0 0 1 -0.002999902 0 0 0 1</matrix>
                                <extra>
                                  <technique profile="blender">
                                    <layer sid="layer" type="string">0</layer>
                                    <tip_x sid="tip_x" type="float">0</tip_x>
                                    <tip_y sid="tip_y" type="float">0.02999997</tip_y>
                                    <tip_z sid="tip_z" type="float">0</tip_z>
                                  </technique>
                                </extra>
                              </node>
                              <extra>
                                <technique profile="blender">
                                  <layer sid="layer" type="string">0</layer>
                                  <tip_x sid="tip_x" type="float">0</tip_x>
                                  <tip_y sid="tip_y" type="float">0.02999997</tip_y>
                                  <tip_z sid="tip_z" type="float">0</tip_z>
                                </technique>
                              </extra>
                            </node>
                            <node id="GanondorfRig_mFaceEyecornerInnerLeft" name="mFaceEyecornerInnerLeft" sid="mFaceEyecornerInnerLeft" type="JOINT">
                              <matrix sid="transform">1 0 0 0.075 0 1 0 0.017 0 0 1 0.03199995 0 0 0 1</matrix>
                              <extra>
                                <technique profile="blender">
                                  <layer sid="layer" type="string">0</layer>
                                  <tip_x sid="tip_x" type="float">0</tip_x>
                                  <tip_y sid="tip_y" type="float">0.02999997</tip_y>
                                  <tip_z sid="tip_z" type="float">0</tip_z>
                                </technique>
                              </extra>
                            </node>
                            <node id="GanondorfRig_mFaceEyecornerInnerRight" name="mFaceEyecornerInnerRight" sid="mFaceEyecornerInnerRight" type="JOINT">
                              <matrix sid="transform">1 0 0 0.075 0 1 0 -0.017 0 0 1 0.03199995 0 0 0 1</matrix>
                              <extra>
                                <technique profile="blender">
                                  <layer sid="layer" type="string">0</layer>
                                  <tip_x sid="tip_x" type="float">0</tip_x>
                                  <tip_y sid="tip_y" type="float">0.02999997</tip_y>
                                  <tip_z sid="tip_z" type="float">0</tip_z>
                                </technique>
                              </extra>
                            </node>
                            <node id="GanondorfRig_mFaceNoseBridge" name="mFaceNoseBridge" sid="mFaceNoseBridge" type="JOINT">
                              <matrix sid="transform">1 0 0 0.091 0 1 0 0 0 0 1 0.01999998 0 0 0 1</matrix>
                              <extra>
                                <technique profile="blender">
                                  <layer sid="layer" type="string">0</layer>
                                  <tip_x sid="tip_x" type="float">0</tip_x>
                                  <tip_y sid="tip_y" type="float">0.02999997</tip_y>
                                  <tip_z sid="tip_z" type="float">0</tip_z>
                                </technique>
                              </extra>
                            </node>
                            <extra>
                              <technique profile="blender">
                                <layer sid="layer" type="string">0</layer>
                                <tip_x sid="tip_x" type="float">0</tip_x>
                                <tip_y sid="tip_y" type="float">0.02999997</tip_y>
                                <tip_z sid="tip_z" type="float">0</tip_z>
                              </technique>
                            </extra>
                          </node>
                          <extra>
                            <technique profile="blender">
                              <layer sid="layer" type="string">0</layer>
                              <tip_x sid="tip_x" type="float">0</tip_x>
                              <tip_y sid="tip_y" type="float">0.02999997</tip_y>
                              <tip_z sid="tip_z" type="float">0</tip_z>
                            </technique>
                          </extra>
                        </node>
                        <extra>
                          <technique profile="blender">
                            <layer sid="layer" type="string">0</layer>
                            <tip_x sid="tip_x" type="float">0</tip_x>
                            <tip_y sid="tip_y" type="float">0.02999997</tip_y>
                            <tip_z sid="tip_z" type="float">0</tip_z>
                          </technique>
                        </extra>
                      </node>
                      <node id="GanondorfRig_mCollarLeft" name="mCollarLeft" sid="mCollarLeft" type="JOINT">
                        <matrix sid="transform">1 0 0 -0.021 0 1 0 0.085 0 0 1 0.1650001 0 0 0 1</matrix>
                        <node id="GanondorfRig_L_CLAVICLE" name="L_CLAVICLE" sid="L_CLAVICLE" type="JOINT">
                          <matrix sid="transform">1 0 0 0.02 0 1 0 0 0 0 1 0.01999998 0 0 0 1</matrix>
                          <extra>
                            <technique profile="blender">
                              <layer sid="layer" type="string">0</layer>
                              <tip_x sid="tip_x" type="float">0</tip_x>
                              <tip_y sid="tip_y" type="float">0.02999997</tip_y>
                              <tip_z sid="tip_z" type="float">0</tip_z>
                            </technique>
                          </extra>
                        </node>
                        <node id="GanondorfRig_mShoulderLeft" name="mShoulderLeft" sid="mShoulderLeft" type="JOINT">
                          <matrix sid="transform">1 0 0 0 0 1 0 0.079 0 0 1 0 0 0 0 1</matrix>
                          <node id="GanondorfRig_L_UPPER_ARM" name="L_UPPER_ARM" sid="L_UPPER_ARM" type="JOINT">
                            <matrix sid="transform">1 0 0 0 0 1 0 0.12 0 0 1 0.00999999 0 0 0 1</matrix>
                            <extra>
                              <technique profile="blender">
                                <layer sid="layer" type="string">0</layer>
                                <tip_x sid="tip_x" type="float">0</tip_x>
                                <tip_y sid="tip_y" type="float">0.02988582</tip_y>
                                <tip_z sid="tip_z" type="float">-0.002614617</tip_z>
                              </technique>
                            </extra>
                          </node>
                          <node id="GanondorfRig_mElbowLeft" name="mElbowLeft" sid="mElbowLeft" type="JOINT">
                            <matrix sid="transform">1 0 0 0 0 1 0 0.248 0 0 1 0 0 0 0 1</matrix>
                            <node id="GanondorfRig_L_LOWER_ARM" name="L_LOWER_ARM" sid="L_LOWER_ARM" type="JOINT">
                              <matrix sid="transform">1 0 0 0 0 0.9999999 0 0.1 0 0 0.9999999 0 0 0 0 1</matrix>
                              <extra>
                                <technique profile="blender">
                                  <layer sid="layer" type="string">0</layer>
                                  <tip_x sid="tip_x" type="float">0</tip_x>
                                  <tip_y sid="tip_y" type="float">0.0299589</tip_y>
                                  <tip_z sid="tip_z" type="float">-0.001570105</tip_z>
                                </technique>
                              </extra>
                            </node>
                            <node id="GanondorfRig_mWristLeft" name="mWristLeft" sid="mWristLeft" type="JOINT">
                              <matrix sid="transform">1 0 0 0 0 1 0 0.205 0 0 1 0 0 0 0 1</matrix>
                              <node id="GanondorfRig_L_HAND" name="L_HAND" sid="L_HAND" type="JOINT">
                                <matrix sid="transform">0.9999999 -7.567e-10 9.31323e-10 0.009999998 1.41154e-8 0.9999999 3.72529e-9 0.05000001 -9.31323e-10 3.72529e-9 1 0 0 0 0 1</matrix>
                                <extra>
                                  <technique profile="blender">
                                    <layer sid="layer" type="string">0</layer>
                                    <roll sid="roll" type="float">0.004581928</roll>
                                    <tip_x sid="tip_x" type="float">0.005202293</tip_x>
                                    <tip_y sid="tip_y" type="float">0.02950376</tip_y>
                                    <tip_z sid="tip_z" type="float">-0.001570105</tip_z>
                                  </technique>
                                </extra>
                              </node>
                              <node id="GanondorfRig_mHandMiddle1Left" name="mHandMiddle1Left" sid="mHandMiddle1Left" type="JOINT">
                                <matrix sid="transform">1 0 0 0.013 0 1 0 0.101 0 0 1 0.01499999 0 0 0 1</matrix>
                                <node id="GanondorfRig_mHandMiddle2Left" name="mHandMiddle2Left" sid="mHandMiddle2Left" type="JOINT">
                                  <matrix sid="transform">1 0 0 -0.001 0 1 0 0.04000002 0 0 1 -0.006000042 0 0 0 1</matrix>
                                  <node id="GanondorfRig_mHandMiddle3Left" name="mHandMiddle3Left" sid="mHandMiddle3Left" type="JOINT">
                                    <matrix sid="transform">1 0 0 -0.001 0 1 0 0.04899997 0 0 1 -0.008000016 0 0 0 1</matrix>
                                    <extra>
                                      <technique profile="blender">
                                        <layer sid="layer" type="string">0</layer>
                                        <tip_x sid="tip_x" type="float">0</tip_x>
                                        <tip_y sid="tip_y" type="float">0.02999997</tip_y>
                                        <tip_z sid="tip_z" type="float">0</tip_z>
                                      </technique>
                                    </extra>
                                  </node>
                                  <extra>
                                    <technique profile="blender">
                                      <layer sid="layer" type="string">0</layer>
                                      <tip_x sid="tip_x" type="float">0</tip_x>
                                      <tip_y sid="tip_y" type="float">0.02999997</tip_y>
                                      <tip_z sid="tip_z" type="float">0</tip_z>
                                    </technique>
                                  </extra>
                                </node>
                                <extra>
                                  <technique profile="blender">
                                    <layer sid="layer" type="string">0</layer>
                                    <tip_x sid="tip_x" type="float">0</tip_x>
                                    <tip_y sid="tip_y" type="float">0.02999997</tip_y>
                                    <tip_z sid="tip_z" type="float">0</tip_z>
                                  </technique>
                                </extra>
                              </node>
                              <node id="GanondorfRig_mHandIndex1Left" name="mHandIndex1Left" sid="mHandIndex1Left" type="JOINT">
                                <matrix sid="transform">1 0 0 0.038 0 1 0 0.097 0 0 1 0.01499999 0 0 0 1</matrix>
                                <node id="GanondorfRig_mHandIndex2Left" name="mHandIndex2Left" sid="mHandIndex2Left" type="JOINT">
                                  <matrix sid="transform">1 0 0 0.017 0 1 0 0.03600001 0 0 1 -0.006000042 0 0 0 1</matrix>
                                  <node id="GanondorfRig_mHandIndex3Left" name="mHandIndex3Left" sid="mHandIndex3Left" type="JOINT">
                                    <matrix sid="transform">1 0 0 0.014 0 1 0 0.03200001 0 0 1 -0.005999923 0 0 0 1</matrix>
                                    <extra>
                                      <technique profile="blender">
                                        <layer sid="layer" type="string">0</layer>
                                        <tip_x sid="tip_x" type="float">0</tip_x>
                                        <tip_y sid="tip_y" type="float">0.02999997</tip_y>
                                        <tip_z sid="tip_z" type="float">0</tip_z>
                                      </technique>
                                    </extra>
                                  </node>
                                  <extra>
                                    <technique profile="blender">
                                      <layer sid="layer" type="string">0</layer>
                                      <tip_x sid="tip_x" type="float">0</tip_x>
                                      <tip_y sid="tip_y" type="float">0.02999997</tip_y>
                                      <tip_z sid="tip_z" type="float">0</tip_z>
                                    </technique>
                                  </extra>
                                </node>
                                <extra>
                                  <technique profile="blender">
                                    <layer sid="layer" type="string">0</layer>
                                    <tip_x sid="tip_x" type="float">0</tip_x>
                                    <tip_y sid="tip_y" type="float">0.02999997</tip_y>
                                    <tip_z sid="tip_z" type="float">0</tip_z>
                                  </technique>
                                </extra>
                              </node>
                              <node id="GanondorfRig_mHandRing1Left" name="mHandRing1Left" sid="mHandRing1Left" type="JOINT">
                                <matrix sid="transform">1 0 0 -0.01 0 1 0 0.09900004 0 0 1 0.008999944 0 0 0 1</matrix>
                                <node id="GanondorfRig_mHandRing2Left" name="mHandRing2Left" sid="mHandRing2Left" type="JOINT">
                                  <matrix sid="transform">1 0 0 -0.013 0 1 0 0.03799999 0 0 1 -0.008000016 0 0 0 1</matrix>
                                  <node id="GanondorfRig_mHandRing3Left" name="mHandRing3Left" sid="mHandRing3Left" type="JOINT">
                                    <matrix sid="transform">1 0 0 -0.013 0 1 0 0.04000002 0 0 1 -0.008999944 0 0 0 1</matrix>
                                    <extra>
                                      <technique profile="blender">
                                        <layer sid="layer" type="string">0</layer>
                                        <tip_x sid="tip_x" type="float">0</tip_x>
                                        <tip_y sid="tip_y" type="float">0.02999997</tip_y>
                                        <tip_z sid="tip_z" type="float">0</tip_z>
                                      </technique>
                                    </extra>
                                  </node>
                                  <extra>
                                    <technique profile="blender">
                                      <layer sid="layer" type="string">0</layer>
                                      <tip_x sid="tip_x" type="float">0</tip_x>
                                      <tip_y sid="tip_y" type="float">0.02999997</tip_y>
                                      <tip_z sid="tip_z" type="float">0</tip_z>
                                    </technique>
                                  </extra>
                                </node>
                                <extra>
                                  <technique profile="blender">
                                    <layer sid="layer" type="string">0</layer>
                                    <tip_x sid="tip_x" type="float">0</tip_x>
                                    <tip_y sid="tip_y" type="float">0.02999997</tip_y>
                                    <tip_z sid="tip_z" type="float">0</tip_z>
                                  </technique>
                                </extra>
                              </node>
                              <node id="GanondorfRig_mHandPinky1Left" name="mHandPinky1Left" sid="mHandPinky1Left" type="JOINT">
                                <matrix sid="transform">1 0 0 -0.031 0 1 0 0.09500003 0 0 1 0.003000021 0 0 0 1</matrix>
                                <node id="GanondorfRig_mHandPinky2Left" name="mHandPinky2Left" sid="mHandPinky2Left" type="JOINT">
                                  <matrix sid="transform">1 0 0 -0.024 0 1 0 0.02499998 0 0 1 -0.006000042 0 0 0 1</matrix>
                                  <node id="GanondorfRig_mHandPinky3Left" name="mHandPinky3Left" sid="mHandPinky3Left" type="JOINT">
                                    <matrix sid="transform">1 0 0 -0.015 0 1 0 0.01800001 0 0 1 -0.003999949 0 0 0 1</matrix>
                                    <extra>
                                      <technique profile="blender">
                                        <layer sid="layer" type="string">0</layer>
                                        <tip_x sid="tip_x" type="float">0</tip_x>
                                        <tip_y sid="tip_y" type="float">0.02999997</tip_y>
                                        <tip_z sid="tip_z" type="float">0</tip_z>
                                      </technique>
                                    </extra>
                                  </node>
                                  <extra>
                                    <technique profile="blender">
                                      <layer sid="layer" type="string">0</layer>
                                      <tip_x sid="tip_x" type="float">0</tip_x>
                                      <tip_y sid="tip_y" type="float">0.02999997</tip_y>
                                      <tip_z sid="tip_z" type="float">0</tip_z>
                                    </technique>
                                  </extra>
                                </node>
                                <extra>
                                  <technique profile="blender">
                                    <layer sid="layer" type="string">0</layer>
                                    <tip_x sid="tip_x" type="float">0</tip_x>
                                    <tip_y sid="tip_y" type="float">0.02999997</tip_y>
                                    <tip_z sid="tip_z" type="float">0</tip_z>
                                  </technique>
                                </extra>
                              </node>
                              <node id="GanondorfRig_mHandThumb1Left" name="mHandThumb1Left" sid="mHandThumb1Left" type="JOINT">
                                <matrix sid="transform">1 0 0 0.031 0 1 0 0.02600002 0 0 1 0.003999949 0 0 0 1</matrix>
                                <node id="GanondorfRig_mHandThumb2Left" name="mHandThumb2Left" sid="mHandThumb2Left" type="JOINT">
                                  <matrix sid="transform">1 0 0 0.028 0 1 0 0.03200001 0 0 1 -9.99928e-4 0 0 0 1</matrix>
                                  <node id="GanondorfRig_mHandThumb3Left" name="mHandThumb3Left" sid="mHandThumb3Left" type="JOINT">
                                    <matrix sid="transform">1 0 0 0.023 0 1 0 0.03099996 0 0 1 -0.001000047 0 0 0 1</matrix>
                                    <extra>
                                      <technique profile="blender">
                                        <layer sid="layer" type="string">0</layer>
                                        <tip_x sid="tip_x" type="float">0</tip_x>
                                        <tip_y sid="tip_y" type="float">0.02999997</tip_y>
                                        <tip_z sid="tip_z" type="float">0</tip_z>
                                      </technique>
                                    </extra>
                                  </node>
                                  <extra>
                                    <technique profile="blender">
                                      <layer sid="layer" type="string">0</layer>
                                      <tip_x sid="tip_x" type="float">0</tip_x>
                                      <tip_y sid="tip_y" type="float">0.02999997</tip_y>
                                      <tip_z sid="tip_z" type="float">0</tip_z>
                                    </technique>
                                  </extra>
                                </node>
                                <extra>
                                  <technique profile="blender">
                                    <layer sid="layer" type="string">0</layer>
                                    <tip_x sid="tip_x" type="float">0</tip_x>
                                    <tip_y sid="tip_y" type="float">0.02999997</tip_y>
                                    <tip_z sid="tip_z" type="float">0</tip_z>
                                  </technique>
                                </extra>
                              </node>
                              <extra>
                                <technique profile="blender">
                                  <layer sid="layer" type="string">0</layer>
                                  <tip_x sid="tip_x" type="float">0</tip_x>
                                  <tip_y sid="tip_y" type="float">0.02999997</tip_y>
                                  <tip_z sid="tip_z" type="float">0</tip_z>
                                </technique>
                              </extra>
                            </node>
                            <extra>
                              <technique profile="blender">
                                <layer sid="layer" type="string">0</layer>
                                <tip_x sid="tip_x" type="float">0</tip_x>
                                <tip_y sid="tip_y" type="float">0.02999997</tip_y>
                                <tip_z sid="tip_z" type="float">0</tip_z>
                              </technique>
                            </extra>
                          </node>
                          <extra>
                            <technique profile="blender">
                              <layer sid="layer" type="string">0</layer>
                              <tip_x sid="tip_x" type="float">0</tip_x>
                              <tip_y sid="tip_y" type="float">0.02999997</tip_y>
                              <tip_z sid="tip_z" type="float">0</tip_z>
                            </technique>
                          </extra>
                        </node>
                        <extra>
                          <technique profile="blender">
                            <layer sid="layer" type="string">0</layer>
                            <tip_x sid="tip_x" type="float">0</tip_x>
                            <tip_y sid="tip_y" type="float">0.02999997</tip_y>
                            <tip_z sid="tip_z" type="float">0</tip_z>
                          </technique>
                        </extra>
                      </node>
                      <node id="GanondorfRig_mCollarRight" name="mCollarRight" sid="mCollarRight" type="JOINT">
                        <matrix sid="transform">1 0 0 -0.021 0 1 0 -0.085 0 0 1 0.1650001 0 0 0 1</matrix>
                        <node id="GanondorfRig_R_CLAVICLE" name="R_CLAVICLE" sid="R_CLAVICLE" type="JOINT">
                          <matrix sid="transform">1 0 0 0.02 0 1 0 0 0 0 1 0.01999998 0 0 0 1</matrix>
                          <extra>
                            <technique profile="blender">
                              <layer sid="layer" type="string">0</layer>
                              <tip_x sid="tip_x" type="float">0</tip_x>
                              <tip_y sid="tip_y" type="float">0.02999997</tip_y>
                              <tip_z sid="tip_z" type="float">0</tip_z>
                            </technique>
                          </extra>
                        </node>
                        <node id="GanondorfRig_mShoulderRight" name="mShoulderRight" sid="mShoulderRight" type="JOINT">
                          <matrix sid="transform">1 0 0 0 0 1 0 -0.079 0 0 1 0 0 0 0 1</matrix>
                          <node id="GanondorfRig_R_UPPER_ARM" name="R_UPPER_ARM" sid="R_UPPER_ARM" type="JOINT">
                            <matrix sid="transform">1 0 0 0 0 1 0 -0.12 0 0 1 0.00999999 0 0 0 1</matrix>
                            <extra>
                              <technique profile="blender">
                                <layer sid="layer" type="string">0</layer>
                                <tip_x sid="tip_x" type="float">0</tip_x>
                                <tip_y sid="tip_y" type="float">0.02988582</tip_y>
                                <tip_z sid="tip_z" type="float">0.002614617</tip_z>
                              </technique>
                            </extra>
                          </node>
                          <node id="GanondorfRig_mElbowRight" name="mElbowRight" sid="mElbowRight" type="JOINT">
                            <matrix sid="transform">1 0 0 0 0 1 0 -0.248 0 0 1 0 0 0 0 1</matrix>
                            <node id="GanondorfRig_R_LOWER_ARM" name="R_LOWER_ARM" sid="R_LOWER_ARM" type="JOINT">
                              <matrix sid="transform">1 0 0 0 0 1 0 -0.1 0 0 1 0 0 0 0 1</matrix>
                              <extra>
                                <technique profile="blender">
                                  <layer sid="layer" type="string">0</layer>
                                  <tip_x sid="tip_x" type="float">0</tip_x>
                                  <tip_y sid="tip_y" type="float">0.02995884</tip_y>
                                  <tip_z sid="tip_z" type="float">0.001570105</tip_z>
                                </technique>
                              </extra>
                            </node>
                            <node id="GanondorfRig_mWristRight" name="mWristRight" sid="mWristRight" type="JOINT">
                              <matrix sid="transform">1 0 0 0 0 1 0 -0.205 0 0 1 0 0 0 0 1</matrix>
                              <node id="GanondorfRig_R_HAND" name="R_HAND" sid="R_HAND" type="JOINT">
                                <matrix sid="transform">0.9999999 7.567e-10 9.31323e-10 0.009999998 -1.41154e-8 0.9999999 -3.72529e-9 -0.05000001 -9.31323e-10 -3.72529e-9 1 0 0 0 0 1</matrix>
                                <extra>
                                  <technique profile="blender">
                                    <layer sid="layer" type="string">0</layer>
                                    <roll sid="roll" type="float">0.004581928</roll>
                                    <tip_x sid="tip_x" type="float">-0.005202293</tip_x>
                                    <tip_y sid="tip_y" type="float">0.02950376</tip_y>
                                    <tip_z sid="tip_z" type="float">0.001570105</tip_z>
                                  </technique>
                                </extra>
                              </node>
                              <node id="GanondorfRig_mHandMiddle1Right" name="mHandMiddle1Right" sid="mHandMiddle1Right" type="JOINT">
                                <matrix sid="transform">1 0 0 0.013 0 1 0 -0.101 0 0 1 0.01499999 0 0 0 1</matrix>
                                <node id="GanondorfRig_mHandMiddle2Right" name="mHandMiddle2Right" sid="mHandMiddle2Right" type="JOINT">
                                  <matrix sid="transform">1 0 0 -0.001 0 1 0 -0.04000002 0 0 1 -0.006000042 0 0 0 1</matrix>
                                  <node id="GanondorfRig_mHandMiddle3Right" name="mHandMiddle3Right" sid="mHandMiddle3Right" type="JOINT">
                                    <matrix sid="transform">1 0 0 -0.001 0 1 0 -0.04899997 0 0 1 -0.008000016 0 0 0 1</matrix>
                                    <extra>
                                      <technique profile="blender">
                                        <layer sid="layer" type="string">0</layer>
                                        <tip_x sid="tip_x" type="float">0</tip_x>
                                        <tip_y sid="tip_y" type="float">0.02999997</tip_y>
                                        <tip_z sid="tip_z" type="float">0</tip_z>
                                      </technique>
                                    </extra>
                                  </node>
                                  <extra>
                                    <technique profile="blender">
                                      <layer sid="layer" type="string">0</layer>
                                      <tip_x sid="tip_x" type="float">0</tip_x>
                                      <tip_y sid="tip_y" type="float">0.02999997</tip_y>
                                      <tip_z sid="tip_z" type="float">0</tip_z>
                                    </technique>
                                  </extra>
                                </node>
                                <extra>
                                  <technique profile="blender">
                                    <layer sid="layer" type="string">0</layer>
                                    <tip_x sid="tip_x" type="float">0</tip_x>
                                    <tip_y sid="tip_y" type="float">0.02999997</tip_y>
                                    <tip_z sid="tip_z" type="float">0</tip_z>
                                  </technique>
                                </extra>
                              </node>
                              <node id="GanondorfRig_mHandIndex1Right" name="mHandIndex1Right" sid="mHandIndex1Right" type="JOINT">
                                <matrix sid="transform">1 0 0 0.038 0 1 0 -0.097 0 0 1 0.01499999 0 0 0 1</matrix>
                                <node id="GanondorfRig_mHandIndex2Right" name="mHandIndex2Right" sid="mHandIndex2Right" type="JOINT">
                                  <matrix sid="transform">1 0 0 0.017 0 1 0 -0.03600001 0 0 1 -0.006000042 0 0 0 1</matrix>
                                  <node id="GanondorfRig_mHandIndex3Right" name="mHandIndex3Right" sid="mHandIndex3Right" type="JOINT">
                                    <matrix sid="transform">1 0 0 0.014 0 1 0 -0.03200001 0 0 1 -0.005999923 0 0 0 1</matrix>
                                    <extra>
                                      <technique profile="blender">
                                        <layer sid="layer" type="string">0</layer>
                                        <tip_x sid="tip_x" type="float">0</tip_x>
                                        <tip_y sid="tip_y" type="float">0.02999997</tip_y>
                                        <tip_z sid="tip_z" type="float">0</tip_z>
                                      </technique>
                                    </extra>
                                  </node>
                                  <extra>
                                    <technique profile="blender">
                                      <layer sid="layer" type="string">0</layer>
                                      <tip_x sid="tip_x" type="float">0</tip_x>
                                      <tip_y sid="tip_y" type="float">0.02999997</tip_y>
                                      <tip_z sid="tip_z" type="float">0</tip_z>
                                    </technique>
                                  </extra>
                                </node>
                                <extra>
                                  <technique profile="blender">
                                    <layer sid="layer" type="string">0</layer>
                                    <tip_x sid="tip_x" type="float">0</tip_x>
                                    <tip_y sid="tip_y" type="float">0.02999997</tip_y>
                                    <tip_z sid="tip_z" type="float">0</tip_z>
                                  </technique>
                                </extra>
                              </node>
                              <node id="GanondorfRig_mHandRing1Right" name="mHandRing1Right" sid="mHandRing1Right" type="JOINT">
                                <matrix sid="transform">1 0 0 -0.01 0 1 0 -0.09900004 0 0 1 0.008999944 0 0 0 1</matrix>
                                <node id="GanondorfRig_mHandRing2Right" name="mHandRing2Right" sid="mHandRing2Right" type="JOINT">
                                  <matrix sid="transform">1 0 0 -0.013 0 1 0 -0.03799999 0 0 1 -0.008000016 0 0 0 1</matrix>
                                  <node id="GanondorfRig_mHandRing3Right" name="mHandRing3Right" sid="mHandRing3Right" type="JOINT">
                                    <matrix sid="transform">1 0 0 -0.013 0 1 0 -0.04000002 0 0 1 -0.008999944 0 0 0 1</matrix>
                                    <extra>
                                      <technique profile="blender">
                                        <layer sid="layer" type="string">0</layer>
                                        <tip_x sid="tip_x" type="float">0</tip_x>
                                        <tip_y sid="tip_y" type="float">0.02999997</tip_y>
                                        <tip_z sid="tip_z" type="float">0</tip_z>
                                      </technique>
                                    </extra>
                                  </node>
                                  <extra>
                                    <technique profile="blender">
                                      <layer sid="layer" type="string">0</layer>
                                      <tip_x sid="tip_x" type="float">0</tip_x>
                                      <tip_y sid="tip_y" type="float">0.02999997</tip_y>
                                      <tip_z sid="tip_z" type="float">0</tip_z>
                                    </technique>
                                  </extra>
                                </node>
                                <extra>
                                  <technique profile="blender">
                                    <layer sid="layer" type="string">0</layer>
                                    <tip_x sid="tip_x" type="float">0</tip_x>
                                    <tip_y sid="tip_y" type="float">0.02999997</tip_y>
                                    <tip_z sid="tip_z" type="float">0</tip_z>
                                  </technique>
                                </extra>
                              </node>
                              <node id="GanondorfRig_mHandPinky1Right" name="mHandPinky1Right" sid="mHandPinky1Right" type="JOINT">
                                <matrix sid="transform">1 0 0 -0.031 0 1 0 -0.09500003 0 0 1 0.003000021 0 0 0 1</matrix>
                                <node id="GanondorfRig_mHandPinky2Right" name="mHandPinky2Right" sid="mHandPinky2Right" type="JOINT">
                                  <matrix sid="transform">1 0 0 -0.024 0 1 0 -0.02499998 0 0 1 -0.006000042 0 0 0 1</matrix>
                                  <node id="GanondorfRig_mHandPinky3Right" name="mHandPinky3Right" sid="mHandPinky3Right" type="JOINT">
                                    <matrix sid="transform">1 0 0 -0.015 0 1 0 -0.01800001 0 0 1 -0.003999949 0 0 0 1</matrix>
                                    <extra>
                                      <technique profile="blender">
                                        <layer sid="layer" type="string">0</layer>
                                        <tip_x sid="tip_x" type="float">0</tip_x>
                                        <tip_y sid="tip_y" type="float">0.02999997</tip_y>
                                        <tip_z sid="tip_z" type="float">0</tip_z>
                                      </technique>
                                    </extra>
                                  </node>
                                  <extra>
                                    <technique profile="blender">
                                      <layer sid="layer" type="string">0</layer>
                                      <tip_x sid="tip_x" type="float">0</tip_x>
                                      <tip_y sid="tip_y" type="float">0.02999997</tip_y>
                                      <tip_z sid="tip_z" type="float">0</tip_z>
                                    </technique>
                                  </extra>
                                </node>
                                <extra>
                                  <technique profile="blender">
                                    <layer sid="layer" type="string">0</layer>
                                    <tip_x sid="tip_x" type="float">0</tip_x>
                                    <tip_y sid="tip_y" type="float">0.02999997</tip_y>
                                    <tip_z sid="tip_z" type="float">0</tip_z>
                                  </technique>
                                </extra>
                              </node>
                              <node id="GanondorfRig_mHandThumb1Right" name="mHandThumb1Right" sid="mHandThumb1Right" type="JOINT">
                                <matrix sid="transform">1 0 0 0.031 0 1 0 -0.02600002 0 0 1 0.003999949 0 0 0 1</matrix>
                                <node id="GanondorfRig_mHandThumb2Right" name="mHandThumb2Right" sid="mHandThumb2Right" type="JOINT">
                                  <matrix sid="transform">1 0 0 0.028 0 1 0 -0.03200001 0 0 1 -9.99928e-4 0 0 0 1</matrix>
                                  <node id="GanondorfRig_mHandThumb3Right" name="mHandThumb3Right" sid="mHandThumb3Right" type="JOINT">
                                    <matrix sid="transform">1 0 0 0.023 0 1 0 -0.03099996 0 0 1 -0.001000047 0 0 0 1</matrix>
                                    <extra>
                                      <technique profile="blender">
                                        <layer sid="layer" type="string">0</layer>
                                        <tip_x sid="tip_x" type="float">0</tip_x>
                                        <tip_y sid="tip_y" type="float">0.02999997</tip_y>
                                        <tip_z sid="tip_z" type="float">0</tip_z>
                                      </technique>
                                    </extra>
                                  </node>
                                  <extra>
                                    <technique profile="blender">
                                      <layer sid="layer" type="string">0</layer>
                                      <tip_x sid="tip_x" type="float">0</tip_x>
                                      <tip_y sid="tip_y" type="float">0.02999997</tip_y>
                                      <tip_z sid="tip_z" type="float">0</tip_z>
                                    </technique>
                                  </extra>
                                </node>
                                <extra>
                                  <technique profile="blender">
                                    <layer sid="layer" type="string">0</layer>
                                    <tip_x sid="tip_x" type="float">0</tip_x>
                                    <tip_y sid="tip_y" type="float">0.02999997</tip_y>
                                    <tip_z sid="tip_z" type="float">0</tip_z>
                                  </technique>
                                </extra>
                              </node>
                              <extra>
                                <technique profile="blender">
                                  <layer sid="layer" type="string">0</layer>
                                  <tip_x sid="tip_x" type="float">0</tip_x>
                                  <tip_y sid="tip_y" type="float">0.02999997</tip_y>
                                  <tip_z sid="tip_z" type="float">0</tip_z>
                                </technique>
                              </extra>
                            </node>
                            <extra>
                              <technique profile="blender">
                                <layer sid="layer" type="string">0</layer>
                                <tip_x sid="tip_x" type="float">0</tip_x>
                                <tip_y sid="tip_y" type="float">0.02999997</tip_y>
                                <tip_z sid="tip_z" type="float">0</tip_z>
                              </technique>
                            </extra>
                          </node>
                          <extra>
                            <technique profile="blender">
                              <layer sid="layer" type="string">0</layer>
                              <tip_x sid="tip_x" type="float">0</tip_x>
                              <tip_y sid="tip_y" type="float">0.02999997</tip_y>
                              <tip_z sid="tip_z" type="float">0</tip_z>
                            </technique>
                          </extra>
                        </node>
                        <extra>
                          <technique profile="blender">
                            <layer sid="layer" type="string">0</layer>
                            <tip_x sid="tip_x" type="float">0</tip_x>
                            <tip_y sid="tip_y" type="float">0.02999997</tip_y>
                            <tip_z sid="tip_z" type="float">0</tip_z>
                          </technique>
                        </extra>
                      </node>
                      <node id="GanondorfRig_mWingsRoot" name="mWingsRoot" sid="mWingsRoot" type="JOINT">
                        <matrix sid="transform">1 0 0 -0.014 0 1 0 0 0 0 1 0 0 0 0 1</matrix>
                        <node id="GanondorfRig_mWing1Left" name="mWing1Left" sid="mWing1Left" type="JOINT">
                          <matrix sid="transform">1 0 0 -0.09900001 0 1 0 0.105 0 0 1 0.181 0 0 0 1</matrix>
                          <node id="GanondorfRig_mWing2Left" name="mWing2Left" sid="mWing2Left" type="JOINT">
                            <matrix sid="transform">1 0 0 -0.168 0 1 0 0.169 0 0 1 0.06700003 0 0 0 1</matrix>
                            <node id="GanondorfRig_mWing3Left" name="mWing3Left" sid="mWing3Left" type="JOINT">
                              <matrix sid="transform">1 0 0 -0.181 0 1 0 0.183 0 0 1 0 0 0 0 1</matrix>
                              <node id="GanondorfRig_mWing4Left" name="mWing4Left" sid="mWing4Left" type="JOINT">
                                <matrix sid="transform">1 0 0 -0.171 0 1 0 0.173 0 0 1 0 0 0 0 1</matrix>
                                <extra>
                                  <technique profile="blender">
                                    <layer sid="layer" type="string">0</layer>
                                    <tip_x sid="tip_x" type="float">0</tip_x>
                                    <tip_y sid="tip_y" type="float">0.02999997</tip_y>
                                    <tip_z sid="tip_z" type="float">0</tip_z>
                                  </technique>
                                </extra>
                              </node>
                              <node id="GanondorfRig_mWing4FanLeft" name="mWing4FanLeft" sid="mWing4FanLeft" type="JOINT">
                                <matrix sid="transform">1 0 0 -0.171 0 1 0 0.173 0 0 1 0 0 0 0 1</matrix>
                                <extra>
                                  <technique profile="blender">
                                    <layer sid="layer" type="string">0</layer>
                                    <tip_x sid="tip_x" type="float">0</tip_x>
                                    <tip_y sid="tip_y" type="float">0.02999997</tip_y>
                                    <tip_z sid="tip_z" type="float">0</tip_z>
                                  </technique>
                                </extra>
                              </node>
                              <extra>
                                <technique profile="blender">
                                  <layer sid="layer" type="string">0</layer>
                                  <tip_x sid="tip_x" type="float">0</tip_x>
                                  <tip_y sid="tip_y" type="float">0.02999997</tip_y>
                                  <tip_z sid="tip_z" type="float">0</tip_z>
                                </technique>
                              </extra>
                            </node>
                            <extra>
                              <technique profile="blender">
                                <layer sid="layer" type="string">0</layer>
                                <tip_x sid="tip_x" type="float">0</tip_x>
                                <tip_y sid="tip_y" type="float">0.02999997</tip_y>
                                <tip_z sid="tip_z" type="float">0</tip_z>
                              </technique>
                            </extra>
                          </node>
                          <extra>
                            <technique profile="blender">
                              <layer sid="layer" type="string">0</layer>
                              <tip_x sid="tip_x" type="float">0</tip_x>
                              <tip_y sid="tip_y" type="float">0.02999997</tip_y>
                              <tip_z sid="tip_z" type="float">0</tip_z>
                            </technique>
                          </extra>
                        </node>
                        <node id="GanondorfRig_mWing1Right" name="mWing1Right" sid="mWing1Right" type="JOINT">
                          <matrix sid="transform">1 0 0 -0.09900001 0 1 0 -0.105 0 0 1 0.181 0 0 0 1</matrix>
                          <node id="GanondorfRig_mWing2Right" name="mWing2Right" sid="mWing2Right" type="JOINT">
                            <matrix sid="transform">1 0 0 -0.168 0 1 0 -0.169 0 0 1 0.06700003 0 0 0 1</matrix>
                            <node id="GanondorfRig_mWing3Right" name="mWing3Right" sid="mWing3Right" type="JOINT">
                              <matrix sid="transform">1 0 0 -0.181 0 1 0 -0.183 0 0 1 0 0 0 0 1</matrix>
                              <node id="GanondorfRig_mWing4Right" name="mWing4Right" sid="mWing4Right" type="JOINT">
                                <matrix sid="transform">1 0 0 -0.171 0 1 0 -0.173 0 0 1 0 0 0 0 1</matrix>
                                <extra>
                                  <technique profile="blender">
                                    <layer sid="layer" type="string">0</layer>
                                    <tip_x sid="tip_x" type="float">0</tip_x>
                                    <tip_y sid="tip_y" type="float">0.02999997</tip_y>
                                    <tip_z sid="tip_z" type="float">0</tip_z>
                                  </technique>
                                </extra>
                              </node>
                              <node id="GanondorfRig_mWing4FanRight" name="mWing4FanRight" sid="mWing4FanRight" type="JOINT">
                                <matrix sid="transform">1 0 0 -0.171 0 1 0 -0.173 0 0 1 0 0 0 0 1</matrix>
                                <extra>
                                  <technique profile="blender">
                                    <layer sid="layer" type="string">0</layer>
                                    <tip_x sid="tip_x" type="float">0</tip_x>
                                    <tip_y sid="tip_y" type="float">0.02999997</tip_y>
                                    <tip_z sid="tip_z" type="float">0</tip_z>
                                  </technique>
                                </extra>
                              </node>
                              <extra>
                                <technique profile="blender">
                                  <layer sid="layer" type="string">0</layer>
                                  <tip_x sid="tip_x" type="float">0</tip_x>
                                  <tip_y sid="tip_y" type="float">0.02999997</tip_y>
                                  <tip_z sid="tip_z" type="float">0</tip_z>
                                </technique>
                              </extra>
                            </node>
                            <extra>
                              <technique profile="blender">
                                <layer sid="layer" type="string">0</layer>
                                <tip_x sid="tip_x" type="float">0</tip_x>
                                <tip_y sid="tip_y" type="float">0.02999997</tip_y>
                                <tip_z sid="tip_z" type="float">0</tip_z>
                              </technique>
                            </extra>
                          </node>
                          <extra>
                            <technique profile="blender">
                              <layer sid="layer" type="string">0</layer>
                              <tip_x sid="tip_x" type="float">0</tip_x>
                              <tip_y sid="tip_y" type="float">0.02999997</tip_y>
                              <tip_z sid="tip_z" type="float">0</tip_z>
                            </technique>
                          </extra>
                        </node>
                        <extra>
                          <technique profile="blender">
                            <layer sid="layer" type="string">0</layer>
                            <tip_x sid="tip_x" type="float">0</tip_x>
                            <tip_y sid="tip_y" type="float">0.02999997</tip_y>
                            <tip_z sid="tip_z" type="float">0</tip_z>
                          </technique>
                        </extra>
                      </node>
                      <extra>
                        <technique profile="blender">
                          <layer sid="layer" type="string">0</layer>
                          <tip_x sid="tip_x" type="float">0</tip_x>
                          <tip_y sid="tip_y" type="float">0.02999997</tip_y>
                          <tip_z sid="tip_z" type="float">0</tip_z>
                        </technique>
                      </extra>
                    </node>
                    <extra>
                      <technique profile="blender">
                        <layer sid="layer" type="string">0</layer>
                        <tip_x sid="tip_x" type="float">0</tip_x>
                        <tip_y sid="tip_y" type="float">0.02999997</tip_y>
                        <tip_z sid="tip_z" type="float">0</tip_z>
                      </technique>
                    </extra>
                  </node>
                  <extra>
                    <technique profile="blender">
                      <layer sid="layer" type="string">0</layer>
                      <tip_x sid="tip_x" type="float">0</tip_x>
                      <tip_y sid="tip_y" type="float">0.02999997</tip_y>
                      <tip_z sid="tip_z" type="float">0</tip_z>
                    </technique>
                  </extra>
                </node>
                <extra>
                  <technique profile="blender">
                    <layer sid="layer" type="string">0</layer>
                    <tip_x sid="tip_x" type="float">0</tip_x>
                    <tip_y sid="tip_y" type="float">0.02999997</tip_y>
                    <tip_z sid="tip_z" type="float">0</tip_z>
                  </technique>
                </extra>
              </node>
              <extra>
                <technique profile="blender">
                  <layer sid="layer" type="string">0</layer>
                  <tip_x sid="tip_x" type="float">0</tip_x>
                  <tip_y sid="tip_y" type="float">0.02999997</tip_y>
                  <tip_z sid="tip_z" type="float">0</tip_z>
                </technique>
              </extra>
            </node>
            <extra>
              <technique profile="blender">
                <layer sid="layer" type="string">0</layer>
                <tip_x sid="tip_x" type="float">0</tip_x>
                <tip_y sid="tip_y" type="float">0.02999997</tip_y>
                <tip_z sid="tip_z" type="float">0</tip_z>
              </technique>
            </extra>
          </node>
          <node id="GanondorfRig_mHipRight" name="mHipRight" sid="mHipRight" type="JOINT">
            <matrix sid="transform">1 0 0 0.034 0 1 0 -0.129 0 0 1 -0.04100001 0 0 0 1</matrix>
            <node id="GanondorfRig_R_UPPER_LEG" name="R_UPPER_LEG" sid="R_UPPER_LEG" type="JOINT">
              <matrix sid="transform">1 0 0 -0.02 0 1 0 0.04999999 0 0 1 -0.22 0 0 0 1</matrix>
              <extra>
                <technique profile="blender">
                  <layer sid="layer" type="string">0</layer>
                  <tip_x sid="tip_x" type="float">0</tip_x>
                  <tip_y sid="tip_y" type="float">0.02999997</tip_y>
                  <tip_z sid="tip_z" type="float">0</tip_z>
                </technique>
              </extra>
            </node>
            <node id="GanondorfRig_mKneeRight" name="mKneeRight" sid="mKneeRight" type="JOINT">
              <matrix sid="transform">1 0 0 -0.001000002 0 1 0 0.04899999 0 0 1 -0.491 0 0 0 1</matrix>
              <node id="GanondorfRig_R_LOWER_LEG" name="R_LOWER_LEG" sid="R_LOWER_LEG" type="JOINT">
                <matrix sid="transform">1 0 0 -0.02 0 1 0 0 0 0 1 -0.2 0 0 0 1</matrix>
                <extra>
                  <technique profile="blender">
                    <layer sid="layer" type="string">0</layer>
                    <tip_x sid="tip_x" type="float">0</tip_x>
                    <tip_y sid="tip_y" type="float">0.02999997</tip_y>
                    <tip_z sid="tip_z" type="float">0</tip_z>
                  </technique>
                </extra>
              </node>
              <node id="GanondorfRig_mAnkleRight" name="mAnkleRight" sid="mAnkleRight" type="JOINT">
                <matrix sid="transform">1 0 0 -0.029 0 1 0 0 0 0 1 -0.468 0 0 0 1</matrix>
                <node id="GanondorfRig_R_FOOT" name="R_FOOT" sid="R_FOOT" type="JOINT">
                  <matrix sid="transform">1 0 1.49012e-8 0.077 0 1 0 0 -1.49012e-8 0 1 -0.041 0 0 0 1</matrix>
                  <extra>
                    <technique profile="blender">
                      <layer sid="layer" type="string">0</layer>
                      <roll sid="roll" type="float">0.1745329</roll>
                      <tip_x sid="tip_x" type="float">0</tip_x>
                      <tip_y sid="tip_y" type="float">0.02999997</tip_y>
                      <tip_z sid="tip_z" type="float">0</tip_z>
                    </technique>
                  </extra>
                </node>
                <node id="GanondorfRig_mFootRight" name="mFootRight" sid="mFootRight" type="JOINT">
                  <matrix sid="transform">1 0 0 0.112 0 1 0 0 0 0 1 -0.061 0 0 0 1</matrix>
                  <node id="GanondorfRig_mToeRight" name="mToeRight" sid="mToeRight" type="JOINT">
                    <matrix sid="transform">1 0 0 0.109 0 1 0 0 0 0 1 0 0 0 0 1</matrix>
                    <extra>
                      <technique profile="blender">
                        <layer sid="layer" type="string">0</layer>
                        <tip_x sid="tip_x" type="float">0</tip_x>
                        <tip_y sid="tip_y" type="float">0.02999997</tip_y>
                        <tip_z sid="tip_z" type="float">0</tip_z>
                      </technique>
                    </extra>
                  </node>
                  <extra>
                    <technique profile="blender">
                      <layer sid="layer" type="string">0</layer>
                      <tip_x sid="tip_x" type="float">0</tip_x>
                      <tip_y sid="tip_y" type="float">0.02999997</tip_y>
                      <tip_z sid="tip_z" type="float">0</tip_z>
                    </technique>
                  </extra>
                </node>
                <extra>
                  <technique profile="blender">
                    <layer sid="layer" type="string">0</layer>
                    <tip_x sid="tip_x" type="float">0</tip_x>
                    <tip_y sid="tip_y" type="float">0.02999997</tip_y>
                    <tip_z sid="tip_z" type="float">0</tip_z>
                  </technique>
                </extra>
              </node>
              <extra>
                <technique profile="blender">
                  <layer sid="layer" type="string">0</layer>
                  <tip_x sid="tip_x" type="float">0</tip_x>
                  <tip_y sid="tip_y" type="float">0.02999997</tip_y>
                  <tip_z sid="tip_z" type="float">0</tip_z>
                </technique>
              </extra>
            </node>
            <extra>
              <technique profile="blender">
                <layer sid="layer" type="string">0</layer>
                <tip_x sid="tip_x" type="float">0</tip_x>
                <tip_y sid="tip_y" type="float">0.02999997</tip_y>
                <tip_z sid="tip_z" type="float">0</tip_z>
              </technique>
            </extra>
          </node>
          <node id="GanondorfRig_mHipLeft" name="mHipLeft" sid="mHipLeft" type="JOINT">
            <matrix sid="transform">1 0 0 0.034 0 1 0 0.127 0 0 1 -0.04100001 0 0 0 1</matrix>
            <node id="GanondorfRig_L_UPPER_LEG" name="L_UPPER_LEG" sid="L_UPPER_LEG" type="JOINT">
              <matrix sid="transform">1 0 0 -0.02 0 1 0 -0.05 0 0 1 -0.22 0 0 0 1</matrix>
              <extra>
                <technique profile="blender">
                  <layer sid="layer" type="string">0</layer>
                  <tip_x sid="tip_x" type="float">0</tip_x>
                  <tip_y sid="tip_y" type="float">0.02999997</tip_y>
                  <tip_z sid="tip_z" type="float">0</tip_z>
                </technique>
              </extra>
            </node>
            <node id="GanondorfRig_mKneeLeft" name="mKneeLeft" sid="mKneeLeft" type="JOINT">
              <matrix sid="transform">1 0 0 -0.001000002 0 1 0 -0.046 0 0 1 -0.491 0 0 0 1</matrix>
              <node id="GanondorfRig_L_LOWER_LEG" name="L_LOWER_LEG" sid="L_LOWER_LEG" type="JOINT">
                <matrix sid="transform">1 0 0 -0.02 0 1 0 0 0 0 1 -0.2 0 0 0 1</matrix>
                <extra>
                  <technique profile="blender">
                    <layer sid="layer" type="string">0</layer>
                    <tip_x sid="tip_x" type="float">0</tip_x>
                    <tip_y sid="tip_y" type="float">0.02999997</tip_y>
                    <tip_z sid="tip_z" type="float">0</tip_z>
                  </technique>
                </extra>
              </node>
              <node id="GanondorfRig_mAnkleLeft" name="mAnkleLeft" sid="mAnkleLeft" type="JOINT">
                <matrix sid="transform">1 0 0 -0.029 0 1 0 0.001000002 0 0 1 -0.468 0 0 0 1</matrix>
                <node id="GanondorfRig_L_FOOT" name="L_FOOT" sid="L_FOOT" type="JOINT">
                  <matrix sid="transform">1 0 1.49012e-8 0.077 0 1 0 0 -1.49012e-8 0 1 -0.041 0 0 0 1</matrix>
                  <extra>
                    <technique profile="blender">
                      <layer sid="layer" type="string">0</layer>
                      <roll sid="roll" type="float">0.1745329</roll>
                      <tip_x sid="tip_x" type="float">0</tip_x>
                      <tip_y sid="tip_y" type="float">0.02999997</tip_y>
                      <tip_z sid="tip_z" type="float">0</tip_z>
                    </technique>
                  </extra>
                </node>
                <node id="GanondorfRig_mFootLeft" name="mFootLeft" sid="mFootLeft" type="JOINT">
                  <matrix sid="transform">1 0 0 0.112 0 1 0 0 0 0 1 -0.061 0 0 0 1</matrix>
                  <node id="GanondorfRig_mToeLeft" name="mToeLeft" sid="mToeLeft" type="JOINT">
                    <matrix sid="transform">1 0 0 0.109 0 1 0 0 0 0 1 0 0 0 0 1</matrix>
                    <extra>
                      <technique profile="blender">
                        <layer sid="layer" type="string">0</layer>
                        <tip_x sid="tip_x" type="float">0</tip_x>
                        <tip_y sid="tip_y" type="float">0.02999997</tip_y>
                        <tip_z sid="tip_z" type="float">0</tip_z>
                      </technique>
                    </extra>
                  </node>
                  <extra>
                    <technique profile="blender">
                      <layer sid="layer" type="string">0</layer>
                      <tip_x sid="tip_x" type="float">0</tip_x>
                      <tip_y sid="tip_y" type="float">0.02999997</tip_y>
                      <tip_z sid="tip_z" type="float">0</tip_z>
                    </technique>
                  </extra>
                </node>
                <extra>
                  <technique profile="blender">
                    <layer sid="layer" type="string">0</layer>
                    <tip_x sid="tip_x" type="float">0</tip_x>
                    <tip_y sid="tip_y" type="float">0.02999997</tip_y>
                    <tip_z sid="tip_z" type="float">0</tip_z>
                  </technique>
                </extra>
              </node>
              <extra>
                <technique profile="blender">
                  <layer sid="layer" type="string">0</layer>
                  <tip_x sid="tip_x" type="float">0</tip_x>
                  <tip_y sid="tip_y" type="float">0.02999997</tip_y>
                  <tip_z sid="tip_z" type="float">0</tip_z>
                </technique>
              </extra>
            </node>
            <extra>
              <technique profile="blender">
                <layer sid="layer" type="string">0</layer>
                <tip_x sid="tip_x" type="float">0</tip_x>
                <tip_y sid="tip_y" type="float">0.02999997</tip_y>
                <tip_z sid="tip_z" type="float">0</tip_z>
              </technique>
            </extra>
          </node>
          <node id="GanondorfRig_mTail1" name="mTail1" sid="mTail1" type="JOINT">
            <matrix sid="transform">1 0 0 -0.116 0 1 0 0 0 0 1 0.04699993 0 0 0 1</matrix>
            <node id="GanondorfRig_mTail2" name="mTail2" sid="mTail2" type="JOINT">
              <matrix sid="transform">1 0 0 -0.197 0 1 0 0 0 0 1 0 0 0 0 1</matrix>
              <node id="GanondorfRig_mTail3" name="mTail3" sid="mTail3" type="JOINT">
                <matrix sid="transform">1 0 0 -0.168 0 1 0 0 0 0 1 0 0 0 0 1</matrix>
                <node id="GanondorfRig_mTail4" name="mTail4" sid="mTail4" type="JOINT">
                  <matrix sid="transform">1 0 0 -0.142 0 1 0 0 0 0 1 0 0 0 0 1</matrix>
                  <node id="GanondorfRig_mTail5" name="mTail5" sid="mTail5" type="JOINT">
                    <matrix sid="transform">1 0 0 -0.112 0 1 0 0 0 0 1 0 0 0 0 1</matrix>
                    <node id="GanondorfRig_mTail6" name="mTail6" sid="mTail6" type="JOINT">
                      <matrix sid="transform">1 0 0 -0.09399998 0 1 0 0 0 0 1 0 0 0 0 1</matrix>
                      <extra>
                        <technique profile="blender">
                          <layer sid="layer" type="string">0</layer>
                          <tip_x sid="tip_x" type="float">0</tip_x>
                          <tip_y sid="tip_y" type="float">0.02999997</tip_y>
                          <tip_z sid="tip_z" type="float">0</tip_z>
                        </technique>
                      </extra>
                    </node>
                    <extra>
                      <technique profile="blender">
                        <layer sid="layer" type="string">0</layer>
                        <tip_x sid="tip_x" type="float">0</tip_x>
                        <tip_y sid="tip_y" type="float">0.02999997</tip_y>
                        <tip_z sid="tip_z" type="float">0</tip_z>
                      </technique>
                    </extra>
                  </node>
                  <extra>
                    <technique profile="blender">
                      <layer sid="layer" type="string">0</layer>
                      <tip_x sid="tip_x" type="float">0</tip_x>
                      <tip_y sid="tip_y" type="float">0.02999997</tip_y>
                      <tip_z sid="tip_z" type="float">0</tip_z>
                    </technique>
                  </extra>
                </node>
                <extra>
                  <technique profile="blender">
                    <layer sid="layer" type="string">0</layer>
                    <tip_x sid="tip_x" type="float">0</tip_x>
                    <tip_y sid="tip_y" type="float">0.02999997</tip_y>
                    <tip_z sid="tip_z" type="float">0</tip_z>
                  </technique>
                </extra>
              </node>
              <extra>
                <technique profile="blender">
                  <layer sid="layer" type="string">0</layer>
                  <tip_x sid="tip_x" type="float">0</tip_x>
                  <tip_y sid="tip_y" type="float">0.02999997</tip_y>
                  <tip_z sid="tip_z" type="float">0</tip_z>
                </technique>
              </extra>
            </node>
            <extra>
              <technique profile="blender">
                <layer sid="layer" type="string">0</layer>
                <tip_x sid="tip_x" type="float">0</tip_x>
                <tip_y sid="tip_y" type="float">0.02999997</tip_y>
                <tip_z sid="tip_z" type="float">0</tip_z>
              </technique>
            </extra>
          </node>
          <node id="GanondorfRig_mGroin" name="mGroin" sid="mGroin" type="JOINT">
            <matrix sid="transform">1 0 0 0.064 0 1 0 0 0 0 1 -0.097 0 0 0 1</matrix>
            <extra>
              <technique profile="blender">
                <layer sid="layer" type="string">0</layer>
                <tip_x sid="tip_x" type="float">0</tip_x>
                <tip_y sid="tip_y" type="float">0.02999997</tip_y>
                <tip_z sid="tip_z" type="float">0</tip_z>
              </technique>
            </extra>
          </node>
          <node id="GanondorfRig_mHindLimbsRoot" name="mHindLimbsRoot" sid="mHindLimbsRoot" type="JOINT">
            <matrix sid="transform">1 0 0 -0.2 0 1 0 0 0 0 1 0.08399999 0 0 0 1</matrix>
            <node id="GanondorfRig_mHindLimb1Left" name="mHindLimb1Left" sid="mHindLimb1Left" type="JOINT">
              <matrix sid="transform">1 0 0 -0.204 0 1 0 0.129 0 0 1 -0.125 0 0 0 1</matrix>
              <node id="GanondorfRig_mHindLimb2Left" name="mHindLimb2Left" sid="mHindLimb2Left" type="JOINT">
                <matrix sid="transform">1 0 0 0.002000004 0 1 0 -0.046 0 0 1 -0.491 0 0 0 1</matrix>
                <node id="GanondorfRig_mHindLimb3Left" name="mHindLimb3Left" sid="mHindLimb3Left" type="JOINT">
                  <matrix sid="transform">1 0 0 -0.03 0 1 0 -0.002999999 0 0 1 -0.468 0 0 0 1</matrix>
                  <node id="GanondorfRig_mHindLimb4Left" name="mHindLimb4Left" sid="mHindLimb4Left" type="JOINT">
                    <matrix sid="transform">1 0 0 0.112 0 1 0 0 0 0 1 -0.061 0 0 0 1</matrix>
                    <extra>
                      <technique profile="blender">
                        <layer sid="layer" type="string">0</layer>
                        <tip_x sid="tip_x" type="float">0</tip_x>
                        <tip_y sid="tip_y" type="float">0.02999997</tip_y>
                        <tip_z sid="tip_z" type="float">0</tip_z>
                      </technique>
                    </extra>
                  </node>
                  <extra>
                    <technique profile="blender">
                      <layer sid="layer" type="string">0</layer>
                      <tip_x sid="tip_x" type="float">0</tip_x>
                      <tip_y sid="tip_y" type="float">0.02999997</tip_y>
                      <tip_z sid="tip_z" type="float">0</tip_z>
                    </technique>
                  </extra>
                </node>
                <extra>
                  <technique profile="blender">
                    <layer sid="layer" type="string">0</layer>
                    <tip_x sid="tip_x" type="float">0</tip_x>
                    <tip_y sid="tip_y" type="float">0.02999997</tip_y>
                    <tip_z sid="tip_z" type="float">0</tip_z>
                  </technique>
                </extra>
              </node>
              <extra>
                <technique profile="blender">
                  <layer sid="layer" type="string">0</layer>
                  <tip_x sid="tip_x" type="float">0</tip_x>
                  <tip_y sid="tip_y" type="float">0.02999997</tip_y>
                  <tip_z sid="tip_z" type="float">0</tip_z>
                </technique>
              </extra>
            </node>
            <node id="GanondorfRig_mHindLimb1Right" name="mHindLimb1Right" sid="mHindLimb1Right" type="JOINT">
              <matrix sid="transform">1 0 0 -0.204 0 1 0 -0.129 0 0 1 -0.125 0 0 0 1</matrix>
              <node id="GanondorfRig_mHindLimb2Right" name="mHindLimb2Right" sid="mHindLimb2Right" type="JOINT">
                <matrix sid="transform">1 0 0 0.002000004 0 1 0 0.046 0 0 1 -0.491 0 0 0 1</matrix>
                <node id="GanondorfRig_mHindLimb3Right" name="mHindLimb3Right" sid="mHindLimb3Right" type="JOINT">
                  <matrix sid="transform">1 0 0 -0.03 0 1 0 0.002999999 0 0 1 -0.468 0 0 0 1</matrix>
                  <node id="GanondorfRig_mHindLimb4Right" name="mHindLimb4Right" sid="mHindLimb4Right" type="JOINT">
                    <matrix sid="transform">1 0 0 0.112 0 1 0 0 0 0 1 -0.061 0 0 0 1</matrix>
                    <extra>
                      <technique profile="blender">
                        <layer sid="layer" type="string">0</layer>
                        <tip_x sid="tip_x" type="float">0</tip_x>
                        <tip_y sid="tip_y" type="float">0.02999997</tip_y>
                        <tip_z sid="tip_z" type="float">0</tip_z>
                      </technique>
                    </extra>
                  </node>
                  <extra>
                    <technique profile="blender">
                      <layer sid="layer" type="string">0</layer>
                      <tip_x sid="tip_x" type="float">0</tip_x>
                      <tip_y sid="tip_y" type="float">0.02999997</tip_y>
                      <tip_z sid="tip_z" type="float">0</tip_z>
                    </technique>
                  </extra>
                </node>
                <extra>
                  <technique profile="blender">
                    <layer sid="layer" type="string">0</layer>
                    <tip_x sid="tip_x" type="float">0</tip_x>
                    <tip_y sid="tip_y" type="float">0.02999997</tip_y>
                    <tip_z sid="tip_z" type="float">0</tip_z>
                  </technique>
                </extra>
              </node>
              <extra>
                <technique profile="blender">
                  <layer sid="layer" type="string">0</layer>
                  <tip_x sid="tip_x" type="float">0</tip_x>
                  <tip_y sid="tip_y" type="float">0.02999997</tip_y>
                  <tip_z sid="tip_z" type="float">0</tip_z>
                </technique>
              </extra>
            </node>
            <extra>
              <technique profile="blender">
                <layer sid="layer" type="string">0</layer>
                <tip_x sid="tip_x" type="float">0</tip_x>
                <tip_y sid="tip_y" type="float">0.02999997</tip_y>
                <tip_z sid="tip_z" type="float">0</tip_z>
              </technique>
            </extra>
          </node>
          <extra>
            <technique profile="blender">
              <layer sid="layer" type="string">0</layer>
              <tip_x sid="tip_x" type="float">0</tip_x>
              <tip_y sid="tip_y" type="float">0.02999997</tip_y>
              <tip_z sid="tip_z" type="float">0</tip_z>
            </technique>
          </extra>
        </node>
        <node id="GanondorfAnkletLeft" name="GanondorfAnkletLeft" type="NODE">
          <matrix sid="transform">1 0 0 0 0 1 0 0 0 0 1 0 0 0 0 1</matrix>
          <instance_controller url="#GanondorfRig_GanondorfAnkletLeft-skin">
            <skeleton>#GanondorfRig_mPelvis</skeleton>
            <bind_material>
              <technique_common>
                <instance_material symbol="LegWrap-material" target="#LegWrap-material">
                  <bind_vertex_input semantic="UVMap" input_semantic="TEXCOORD" input_set="0"/>
                </instance_material>
              </technique_common>
            </bind_material>
          </instance_controller>
        </node>
      </node>
    </visual_scene>
  </library_visual_scenes>
  <scene>
    <instance_visual_scene url="#Scene"/>
  </scene>
</COLLADA>