<?xml version="1.0" encoding="utf-8"?>
<COLLADA xmlns="http://www.collada.org/2005/11/COLLADASchema" version="1.4.1" xmlns:xsi="http://www.w3.org/2001/XMLSchema-instance">
  <asset>
    <contributor>
      <author>Blender User</author>
      <authoring_tool>Blender 3.6.19 commit date:2024-12-16, commit time:12:51, hash:56679ff9b2b2</authoring_tool>
    </contributor>
    <created>2026-07-17T17:34:59</created>
    <modified>2026-07-17T17:34:59</modified>
    <unit name="meter" meter="1"/>
    <up_axis>Z_UP</up_axis>
  </asset>
  <library_effects>
    <effect id="LegWrap-effect">
      <profile_COMMON>
        <technique sid="common">
          <lambert>
            <emission>
              <color sid="emission">0 0 0 1</color>
            </emission>
            <diffuse>
              <color sid="diffuse">0.32 0.3 0.24 1</color>
            </diffuse>
            <reflectivity>
              <float sid="specular">0.5</float>
            </reflectivity>
          </lambert>
        </technique>
      </profile_COMMON>
    </effect>
  </library_effects>
  <library_images/>
  <library_materials>
    <material id="LegWrap-material" name="LegWrap">
      <instance_effect url="#LegWrap-effect"/>
    </material>
  </library_materials>
  <library_geometries>
    <geometry id="GanondorfAnkletLeft_LOD2-mesh" name="GanondorfAnkletLeft_LOD2">
      <mesh>
        <source id="GanondorfAnkletLeft_LOD2-mesh-positions">
          <float_array id="GanondorfAnkletLeft_LOD2-mesh-positions-array" count="747">-0.01086592 0.1748954 0.2949869 0.01134663 0.03956276 0.143161 -0.01238536 0.04141581 0.1438174 -0.04138314 0.08445304 0.1546988 -0.008424639 0.1219483 0.1425281 0.04594051 0.1166939 0.1466474 0.006021201 0.1294806 0.2013509 -0.01686072 0.03713923 0.2048038 9.9768e-4 0.1347156 0.07230049 0.0697503 0.08363962 0.0949285 -0.05745095 0.08348852 0.05327445 0.04241174 0.05320334 0.1544532 0.005800604 0.03280019 0.09752941 0.0675016 0.04421651 0.07346653 0.06650197 0.1222716 0.07331955 0.006589055 0.1289252 0.116238 -0.0306555 0.1059743 0.1360372 0.0273891 0.03930282 0.08751147 -0.004524886 0.01092994 0.3254829 0.05855423 0.08715188 0.1407838 -0.03121882 0.1701614 0.3113648 0.04327273 0.1456874 0.2626677 0.05138707 0.10901 0.1201738 -0.05430507 0.05035072 0.234938 0.06076002 0.08407074 0.1223077 -0.02002948 0.1224927 0.08783918 -0.04432857 0.1167725 0.05411273 0.08099365 0.08362323 0.08234047 -0.02170723 0.1336175 0.04792797 0.0905947 0.1199053 0.06177747 0.06017613 0.05366402 0.09267169 0.03664785 0.1276211 0.07875204 0.01995193 0.1275035 0.1450198 0.06240725 0.1286411 0.3229859 -0.03318369 0.06071573 0.1149083 0.006328284 0.03703153 0.1140046 0.05068385 0.0577929 0.120836 0.0604003 0.0831958 0.2085624 -0.05867344 0.03042942 0.3219417 -0.03833645 0.1268523 0.2291313 -0.0641911 0.09074515 0.234259 0.03700292 0.1230053 0.09411847 0.02869164 0.1571312 0.3252333 -0.08710646 0.08253782 0.3216292 -0.06931674 0.1394825 0.3221094 -0.02858132 0.1168234 0.2025544 0.04139381 0.02370232 0.3267941 0.06272286 0.1116141 0.2183038 -0.04121822 0.105847 0.07500195 0.06138139 0.1104642 0.09033644 0.09096616 0.04741919 0.06191813 0.008113563 0.1364527 0.05012422 -0.02145338 0.04312247 0.08375591 -0.02186667 0.03302621 0.04749637 0.04318064 0.03835791 0.07860755 0.04782193 0.0521925 0.2217067 -0.0410391 0.08452254 0.1769171 -0.04965251 0.09068858 0.2088376 0.04264414 0.05538922 0.1845939 0.04390013 0.1315696 0.2133756 0.07522326 0.09570205 0.3221936 -0.03172612 0.1054983 0.1144684 -0.04484659 0.05937105 0.2052689 0.06311964 0.08331584 0.1054712 0.01621389 0.04005014 0.178698 0.02022588 0.03591549 0.2143191 0.05185878 0.1136488 0.178211 0.05648964 0.08440786 0.1798281 0.05196255 0.0325402 0.05660057 0.008662283 0.0301215 0.04964661 -0.04112344 0.07021707 0.09156191 0.01436835 0.03413474 0.09580081 0.05970042 0.07367318 0.1204803 -0.03233867 0.01612514 0.3235397 0.04780673 0.1487156 0.2998155 -0.04088896 0.09711813 0.09033173 -0.004009485 0.03454238 0.09350919 -0.01162993 0.02948582 0.06327098 -0.01786696 0.1169452 0.1536757 0.04400449 0.1390937 0.2358121 -0.04794037 0.07380443 0.2033031 -0.0362811 0.05784845 0.1763806 0.05533248 0.1356921 0.247825 0.07768464 0.1046957 0.2843198 -0.008792102 0.03091204 0.0476011 -0.007659554 0.127435 0.1013211 -0.0300396 0.130402 0.04978156 0.06299662 0.1344529 0.2838846 0.01560455 0.1286312 0.1284419 -0.02771109 0.1617223 0.278863 -0.04999452 0.159132 0.3195033 0.06208747 0.04268395 0.3057705 0.04970425 0.1225998 0.0842179 0.02194052 0.1269936 0.1097261 0.01698821 0.131594 0.06707167 -0.03939896 0.1221675 0.05374741 -0.0833441 0.1127774 0.3220827 0.05234915 0.04441839 0.2520235 0.0221793 0.1285583 0.1633545 0.07367116 0.07722318 0.323156 0.07785862 0.08603262 0.3024244 0.04157996 0.03279572 0.06567579 0.005435943 0.03043764 0.06734317 0.02503788 0.03053557 0.05213695 0.04818832 0.1326732 0.06725841 0.0231412 0.1590789 0.2712772 -0.00840336 0.1751087 0.3013244 0.06838452 0.07014107 0.0937674 -0.03466147 0.05941879 0.1392741 0.05289721 0.1233456 0.2055396 0.05696898 0.09664386 0.1754618 -0.02220392 0.113828 0.1296987 0.0714454 0.1133645 0.2485679 0.06232035 0.09704005 0.2094104 0.05770635 0.08477491 0.1633015 0.1102112 0.08347207 0.06449663 0.05663686 0.1140753 0.1963843 -0.01690346 0.04508984 0.1188836 0.009701311 0.1677019 0.3225602 0.06784647 0.09568178 0.09422522 -0.00894469 0.135618 0.04812407 -0.03507268 0.1268072 0.05240368 -0.03889971 0.0616427 0.08202332 0.05233585 0.04417985 0.08749312 -0.03181028 0.02933299 0.2414023 -0.03954041 0.0447207 0.0534864 -0.03333103 0.04609835 0.2057359 0.05956888 0.09326493 0.121248 -0.02471113 0.04443681 0.1860896 -0.004717588 0.0373553 0.1823787 0.028696 0.02942973 0.2434639 0.05920124 0.03502714 0.06659078 0.09525179 0.06910085 0.0728141 0.07325822 0.03810709 0.0597884 0.03501248 0.1215886 0.1203464 0.0414527 0.1188846 0.1070669 0.05055344 0.1150491 0.09973293 -0.002971708 0.1744484 0.3136702 0.07335793 0.03895998 0.06663221 0.1029402 0.05896919 0.06317532 -0.03030377 0.03640466 0.04948908 -0.05236113 0.06330567 0.05513137 -0.07838839 0.05351781 0.3213916 0.1026741 0.1083703 0.06297862 -0.0081169 0.03934419 0.1021882 0.07079541 0.08157968 0.2491983 0.04330396 0.1218009 0.1686568 0.02066719 0.03956723 0.1104609 -0.03578799 0.105151 0.0932635 0.02574902 0.04344564 0.1815345 0.09491986 0.09833842 0.07292467 0.07274627 0.1290511 0.05980938 6.51827e-4 0.02747189 0.2279816 -0.01047241 0.1310471 0.07881975 0.01588946 0.02362418 0.2466903 0.007798135 0.1322304 0.09769988 -0.00995332 0.1356364 0.06203693 0.05136942 0.06626009 0.1665396 0.03347843 0.1245806 0.1497627 -0.04081451 0.07414609 0.115505 -0.06278192 0.1030678 0.2381348 0.04766249 0.1435876 0.3244413 0.07431632 0.0562219 0.07792872 0.07084518 0.1296731 0.06442642 -0.0415982 0.07319521 0.1396006 0.0594269 0.06480753 0.2317234 -0.04706352 0.1116138 0.2215268 0.05199319 0.07016807 0.1865727 0.07161068 0.1127669 0.3221033 -0.04069411 0.09131568 0.1132383 0.01856768 0.04029995 0.158921 0.03782385 0.04555714 0.2146654 0.05051594 0.1145735 0.1617852 0.07414549 0.1184399 0.3017816 0.03916108 0.03805994 0.2368221 0.07430452 0.1099963 0.07768875 0.05508744 0.07188367 0.156181 0.03336906 0.04667502 0.1689622 0.02417355 0.04234117 0.1449084 -0.05821454 0.1498574 0.2941479 0.05532407 0.1046056 0.1530663 -0.04491448 0.08354103 0.09040278 0.07802718 0.1221314 0.06938236 0.04035598 0.04876422 0.1310312 -0.03335243 0.1032888 0.153806 0.05857187 0.103213 0.1033261 -0.04172945 0.07340717 0.1637869 0.05928027 0.06263607 0.1033408 0.05144482 0.05086725 0.09994328 -0.05568331 0.09345334 0.05409055 -0.05565702 0.07334703 0.05400776 -0.06308114 0.03134161 0.2884731 -0.0846216 0.06753271 0.2802329 -0.04055672 0.06675583 0.1789151 0.03238946 0.1278342 0.177982 -0.02626502 0.1089729 0.1707771 -0.002366602 0.03808879 0.1626167 -0.03528612 0.101933 0.1819017 -0.04197645 0.1017992 0.2030138 -0.03757297 0.09512877 0.1684957 0.06160128 0.04504847 0.3255776 -0.05789995 0.07378298 0.2212909 0.04233157 0.1262608 0.187043 0.06014502 0.1256119 0.2327924 0.04080492 0.02097278 0.2972331 0.03632861 0.1367742 0.05462968 0.04130518 0.04787892 0.1057745 -0.06287771 0.05963891 0.2395259 -0.08942043 0.08538365 0.2891361 -0.08831155 0.1063081 0.3000407 -0.03537154 0.04037392 0.05218464 -0.01871025 0.04160922 0.1591647 0.008089661 0.1280936 0.1391292 -0.00919032 0.1245112 0.1295707 -0.00709474 0.01000559 0.2939089 0.004579126 0.1264683 0.1521283 0.05537128 0.1043567 0.1382949 0.05819153 0.07332563 0.1312302 -0.0390464 0.06259876 0.1571269 0.01113456 0.1266991 0.1775698 -0.03933399 0.09348434 0.1384917 -0.04149657 0.08428674 0.1319363 0.006362974 0.1450376 0.2318558 -0.01288443 0.02652788 0.2323415 -0.01561045 0.03967607 0.1788995 -0.02766877 0.05202889 0.1355904 0.05103319 0.05816185 0.1386499 0.027067 0.1327916 0.2066403 0.02663004 0.1407743 0.230103 -0.004916191 0.1207175 0.1807672 -0.02526146 0.141718 0.2395957 -0.03048723 0.05070638 0.1643887 0.002540826 0.03411501 0.2094751 0.009114384 0.01217448 0.2862992 -0.001175343 0.03972899 0.1345518 0.0473802 0.1152972 0.1302887 0.02076041 0.01381886 0.3267164 -0.04538005 0.02236843 0.2784745 -0.02746409 0.01088452 0.3005921 0.06922394 0.06062752 0.2856857 0.06913137 0.0971173 0.2338087 0.05071735 0.03096079 0.2872383 0.02857655 0.01321071 0.3071751 -0.07287436 0.1237936 0.2771266 -0.07891768 0.0448054 0.2988303 -0.04404348 0.04987478 0.05372714 0.1087165 0.07118886 0.06405144 0.1085772 0.09603869 0.06392347 -0.05215996 0.1028546 0.05514854</float_array>
          <technique_common>
            <accessor source="#GanondorfAnkletLeft_LOD2-mesh-positions-array" count="249" stride="3">
              <param name="X" type="float"/>
              <param name="Y" type="float"/>
              <param name="Z" type="float"/>
            </accessor>
          </technique_common>
        </source>
        <source id="GanondorfAnkletLeft_LOD2-mesh-normals">
          <float_array id="GanondorfAnkletLeft_LOD2-mesh-normals-array" count="747">0.9887799 0.06678307 0.1336205 0.9106175 0.4048711 0.08279556 0.9213163 0.3292396 0.2068276 0.9918732 -0.1237789 0.02943408 0.9570531 -0.2234309 -0.184738 0.9913096 0.1164513 -0.06119316 0.9629912 -0.255459 0.08595782 0.85174 -0.5178842 0.07959401 0.8430728 -0.537795 0.002193868 0.8649444 -0.449833 -0.2225342 0.9547281 -0.2234976 -0.1963238 0.7389729 -0.6348634 -0.2255384 0.9130248 -0.3951984 -0.101015 0.7333759 -0.6399548 -0.2293855 0.9387449 0.29411 -0.1796032 0.9725329 -0.01196825 -0.2324578 0.9216722 0.2870645 -0.2609875 0.9750633 0.01814484 -0.2211839 0.9791477 -0.1982678 -0.04426962 0.9026421 -0.4237952 -0.07506746 0.7302729 -0.6817883 -0.04320031 0.4516025 -0.8899596 -0.06345832 0.5701789 -0.7805357 -0.256242 0.5709737 -0.7912119 -0.219027 0.3192777 -0.9204169 -0.2255986 0.4220599 -0.8648604 -0.2718124 0.7061169 -0.6901985 -0.158193 0.551229 -0.8279508 -0.1031709 0.6092363 -0.7858836 0.1059157 0.1559963 -0.9730718 -0.1696954 0.2194781 -0.9714079 0.09053248 0.0107336 -0.9983084 0.05714356 0.3165627 -0.9484494 -0.01522839 -0.4747462 0.8501541 -0.2277152 -0.6575189 0.7159397 -0.2347326 -0.6199122 0.7801207 -0.08438372 -0.3887553 0.8356228 -0.3880774 -0.5901046 0.6737458 -0.4447957 -0.8830655 0.2297424 -0.4091624 -0.7320563 0.5138924 -0.4472228 -0.7942745 0.4904084 -0.3586471 -0.5301056 0.7573605 -0.3813048 -0.8826561 0.1214361 -0.4540612 -0.8052565 0.3627841 -0.4689881 -0.9551545 0.2836021 -0.08514541 -0.8054673 0.5897061 -0.05890041 -0.8004049 0.4967207 -0.3355897 -0.9837946 -0.0150668 -0.1786653 -0.9889665 -0.1196421 0.0873562 -0.935965 0.3334455 0.113065 -0.9242727 -0.2822822 -0.2569764 -0.8993477 -0.411939 0.1465603 -0.6402416 -0.7489925 -0.1705901 -0.7114843 -0.5904117 -0.3810569 -0.5907381 -0.7994015 0.1094796 -0.8505045 -0.5235433 -0.0504443 -0.8341556 -0.3681678 -0.4106544 -0.8882402 -0.1373845 -0.4383549 -0.8300759 -0.4510069 -0.3279739 -0.9293249 -0.1076268 -0.3532303 -0.9556702 -0.2440665 -0.1647002 -0.9802299 0.1618911 -0.1137567 -0.8221256 0.5313041 -0.2045128 -0.8958871 0.4440311 -0.01493144 -0.6397289 0.7670255 -0.0491814 -0.006632626 0.9567375 -0.2908772 -0.3685783 0.8116846 -0.4531208 -0.01123565 0.8984555 -0.438921 -0.2025021 0.9298353 -0.3072449 -0.2116155 0.9759684 -0.05200552 -0.4040545 0.9116975 -0.07448291 -0.5308201 0.8460244 0.04972577 -0.2507712 0.9666239 0.05246192 -0.4276654 0.8990157 0.09419715 -0.7970679 0.6031112 0.03065478 -0.7437528 0.6683771 0.01019215 -0.916757 0.3988362 0.02205342 -0.9812652 0.1922249 0.01297146 -0.9931581 -0.1151767 0.01927357 -0.8378265 -0.5368422 -0.09923404 -0.6036766 -0.7465491 -0.2797125 -0.585074 -0.8003532 -0.1308565 -0.3007106 -0.9267706 -0.2250987 -0.135374 -0.9465153 -0.2928872 -0.4281831 -0.8461653 -0.3172751 -0.449484 -0.8595016 -0.2433542 -0.2704278 -0.9620965 -0.03520119 0.002984642 -0.9939433 -0.1098533 -0.3587518 -0.9236584 0.1347303 -0.9758471 -0.2136054 -0.04577583 -0.8213534 -0.5618553 -0.09847462 -0.899637 -0.4354249 -0.03253495 -0.7100901 -0.702625 -0.04572051 -0.3624394 -0.928681 -0.07867276 -0.6627299 -0.7429538 -0.09385502 -0.3391112 -0.9354436 -0.09974485 -0.4384228 -0.8957918 -0.0730918 -0.04773443 -0.9951793 -0.08567154 -0.04669618 -0.998068 -0.04098749 0.2343997 -0.9699946 -0.06455469 0.247903 -0.9687775 0.003789663 0.5164927 -0.8555093 0.03659498 0.3475543 -0.9373185 0.02529948 0.6681783 -0.7399418 0.07761532 0.42026 0.9054269 -0.05986392 0.4900661 0.8708688 -0.03772276 0.4998615 0.8621134 0.08306193 0.3431853 0.9059903 -0.2478016 0.5994015 0.8001006 0.02359759 0.4844613 0.8534695 -0.1920602 0.1714693 0.9209069 -0.3500412 0.0343247 0.9712637 -0.2355183 0.3724002 0.8879861 -0.2698127 0.3907054 0.8878383 -0.2430894 0.179783 0.9719346 -0.1517277 0.5234528 0.8258296 -0.2097684 0.5484288 0.8291343 -0.1084542 0.8116024 0.5812621 -0.05861872 0.6685721 0.7408583 -0.06434607 0.9268611 0.3748959 -0.01953697 0.9888339 0.1348305 -0.06346935 0.9967809 0.02808827 0.07509386 0.8501137 0.5059225 -0.1461139 0.9891976 -0.1337265 0.06004482 0.8807653 -0.47048 0.05386292 0.9289773 -0.3537399 0.108947 0.04284316 -0.9727925 -0.2276826 0.06643718 -0.9535486 -0.293822 0.2213087 -0.9308077 -0.2908947 0.3724673 0.9256317 -0.06688845 0.07251614 0.9971413 -0.02122753 0.09822356 0.9951491 0.005503475 -0.1330275 0.9878126 0.08080786 0.7474193 0.66216 -0.05393111 0.7718452 0.6159914 0.1575112 0.6500694 0.7431483 0.1585578 0.6458647 0.7395439 -0.1895616 0.7527089 0.6115116 -0.2438915 0.7099864 0.6649991 -0.231723 0.8765683 0.4238126 -0.2280592 -0.3863461 -0.9065908 0.1697938 -0.03607797 -0.9764729 0.2126011 -0.01927369 -0.9914 0.12944 -0.3792526 -0.8869279 0.263679 -0.6102324 -0.7540784 0.2428629 -0.2537246 -0.9612764 0.1075719 -0.5411372 -0.7825185 0.3079537 -0.3481435 -0.9355931 0.05883759 -0.05778133 -0.6103057 0.7900559 -0.6636146 -0.6546734 0.3619648 -0.7269825 -0.5777682 0.3710532 0.1697046 -0.9837659 0.05835324 0.06859797 -0.99472 0.07633268 -0.0915327 -0.9900701 -0.106692 0.2651483 -0.9472033 0.180284 0.2958015 -0.9460128 0.1325192 0.3160672 -0.9416725 0.1155617 0.1089058 -0.9940298 0.006662607 0.5326147 -0.8444187 0.05725985 0.7948198 -0.6000793 0.09036749 0.9546296 -0.2806466 0.09959983 0.7658998 -0.6309207 0.1238409 0.9464298 -0.2854344 0.1509896 0.9918217 0.003555119 0.1275818 0.9579319 0.2719016 0.09184819 0.9077648 0.4194249 0.006781995 0.7741693 0.6319588 0.03591573 0.9391542 0.01454883 0.3431878 0.8305468 0.4528002 0.3242903 0.5824075 0.760451 0.2872557 0.4112377 -0.8875213 0.2078208 0.5726342 -0.7171633 0.3971988 0.1020683 -0.9224978 0.3722634 0.3573737 -0.8229452 0.4416393 -0.005979537 -0.9722219 0.2339849 0.1314994 -0.9842171 0.118426 -0.0290907 -0.9564107 0.2905726 0.2346836 -0.9209159 0.3111875 0.4337454 -0.6447548 0.6294094 0.6425642 -0.5686725 0.5135396 0.8255313 -0.4295792 0.3660055 0.668548 0.7390024 -0.08318096 0.4520743 0.8919759 -0.002833604 0.1394949 0.99022 0.002359807 0.4518856 -0.5463125 0.7052249 0.574894 -0.4408639 0.6893011 0.3772733 -0.8011457 0.4645755 0.3463054 -0.9326294 0.1013663 0.1135417 0.9716954 0.2071629 0.001575946 0.9577078 0.2877387 0.03384637 0.988128 0.1498585 0.3564548 0.8742456 0.329598 0.1294021 0.9221167 0.3646312 0.3308779 0.6730685 0.6614369 0.4239897 0.8937321 0.1465458 0.4031057 0.640744 0.6534165 0.4665012 0.5732001 0.6736605 0.4781411 0.2590844 0.8392 0.5180305 0.4352836 0.7363238 0.6175707 0.008751928 0.7864668 0.5415662 0.004074633 0.8406484 0.4789663 -0.253228 0.8405159 0.4484789 -0.413513 0.7923848 0.4576022 0.4221487 0.7825541 0.5624114 0.1937762 0.803831 0.3381828 0.8315528 0.4406275 0.06614959 0.9320328 0.3562851 0.6214679 0.5869182 0.5189459 0.7659475 0.2958528 0.5707851 0.7980974 0.0154094 0.6023315 -0.7883365 -0.5545336 0.2664923 -0.5336104 -0.8452574 0.02828264 -0.7966342 -0.6042403 0.01635867 -0.9137912 -0.3639841 0.1802815 -0.9754314 0.01686531 0.2196571 -0.909331 -0.2234967 0.3509505 -0.9051477 0.2401486 0.3507652 -0.9474463 -0.001827657 0.3199098 -0.7780871 0.5347028 0.3296566 -0.8919561 0.3939047 0.221931 -0.8401961 0.3555415 0.4094641 -0.7132826 0.5718187 0.4052794 -0.6584082 0.6460494 0.3861591 -0.5111437 0.795657 0.3250572 -0.6021481 0.767682 0.2192764 -0.09456562 0.6696876 0.7365975 -0.3162716 0.9343503 0.1642003 -0.2000607 0.9701852 0.1368086 -0.3429795 0.9099262 0.2332367 0.01048725 0.9901853 0.1393671 -0.1014249 0.9948055 -0.008669674 0.3203918 0.9283605 0.1884034 0.7807151 -0.2653857 0.5657336 0.0290184 0.991512 0.1267361 0.2771044 0.9586718 0.06451064 -0.0611537 0.9951852 0.07659369 -0.346975 0.9295755 0.124491 0.5319744 0.8361127 0.1338617 -0.4398297 0.8879097 0.1347823 -0.6499693 0.7566227 0.07114803 -0.7980123 0.5955162 0.09239619 -0.7897166 0.5849769 0.1847963 -0.9954324 0.09430581 0.01485556 -0.9143748 0.3987033 0.07038646 -0.9419734 -0.3332762 0.04016381 -0.1591962 -0.9872444 0.002261102 0.812553 0.47918 -0.3318797 -0.8423978 -0.3618276 0.3993081 0.5560171 -0.1828579 0.8108071</float_array>
          <technique_common>
            <accessor source="#GanondorfAnkletLeft_LOD2-mesh-normals-array" count="249" stride="3">
              <param name="X" type="float"/>
              <param name="Y" type="float"/>
              <param name="Z" type="float"/>
            </accessor>
          </technique_common>
        </source>
        <source id="GanondorfAnkletLeft_LOD2-mesh-map-0">
          <float_array id="GanondorfAnkletLeft_LOD2-mesh-map-0-array" count="2670">0.6632325 0.1959192 0.6754362 0.1762045 0.6722351 0.1951605 0.6583051 0.1775287 0.6754362 0.1762045 0.6632325 0.1959192 0.6601211 0.1279135 0.6697967 0.1609476 0.6583051 0.1775287 0.6583051 0.1775287 0.6522246 0.1976373 0.6319417 0.2006191 0.6327266 0.1801346 0.6583051 0.1775287 0.6319417 0.2006191 0.6601211 0.1279135 0.6491209 0.1108127 0.6604897 0.08804863 0.6359282 0.1297737 0.6491209 0.1108127 0.6474048 0.1590077 0.6409415 0.09903335 0.6491209 0.1108127 0.6359282 0.1297737 0.6601211 0.1279135 0.6762741 0.1261794 0.6697967 0.1609476 0.6604897 0.08804863 0.6685112 0.1131905 0.6601211 0.1279135 0.6768789 0.09777778 0.6685112 0.1131905 0.6693034 0.08978241 0.6693034 0.08978241 0.6604897 0.08804863 0.663081 0.0610606 0.663081 0.0610606 0.6604897 0.08804863 0.6522818 0.06553095 0.6409415 0.09903335 0.6522818 0.06553095 0.6491209 0.1108127 0.6522818 0.06553095 0.6409415 0.09903335 0.6431416 0.06114143 0.6409415 0.09903335 0.6338573 0.05922442 0.6431416 0.06114143 0.6409415 0.09903335 0.631204 0.1149008 0.6346085 0.09112453 0.6258588 0.09033334 0.631204 0.1149008 0.624173 0.121055 0.6359282 0.1297737 0.631204 0.1149008 0.6409415 0.09903335 0.6474048 0.1590077 0.6269608 0.1640844 0.6359282 0.1297737 0.6194824 0.1732009 0.6327266 0.1801346 0.6163537 0.2014243 0.624173 0.121055 0.6269608 0.1640844 0.6194824 0.1732009 0.6327266 0.1801346 0.6319417 0.2006191 0.6163537 0.2014243 0.6090112 0.161628 0.6063383 0.200429 0.597 0.199 0.6194824 0.1732009 0.6090112 0.161628 0.624173 0.121055 0.6163537 0.2014243 0.6120082 0.1819286 0.6194824 0.1732009 0.03099995 0.2 0.05817759 0.1787496 0.0456106 0.2037624 0.05817759 0.1787496 0.04828619 0.1595039 0.07247674 0.1108597 0.0955733 0.08593332 0.08242368 0.1023749 0.08648717 0.07972753 0.07523232 0.07887881 0.08242368 0.1023749 0.07247674 0.1108597 0.09744787 0.1155837 0.08242368 0.1023749 0.0955733 0.08593332 0.08242368 0.1023749 0.08841264 0.1218817 0.07247674 0.1108597 0.08457422 0.1835463 0.08841264 0.1218817 0.09744787 0.1155837 0.05817759 0.1787496 0.08457422 0.1835463 0.06047475 0.2055152 0.07247674 0.1108597 0.07564502 0.1634406 0.05817759 0.1787496 0.09638398 0.1726896 0.08457422 0.1835463 0.09744787 0.1155837 0.09593939 0.2024243 0.08457422 0.1835463 0.09638398 0.1726896 0.08457422 0.1835463 0.07783436 0.204321 0.06047475 0.2055152 0.1067218 0.1634172 0.1113042 0.200651 0.09593939 0.2024243 0.1246612 0.1710818 0.1067218 0.1634172 0.1221061 0.1161268 0.1264747 0.1995556 0.1152234 0.1813392 0.1246612 0.1710818 0.09638398 0.1726896 0.1067218 0.1634172 0.09593939 0.2024243 0.09744787 0.1155837 0.1067218 0.1634172 0.09638398 0.1726896 0.1067218 0.1634172 0.1142497 0.121997 0.1221061 0.1161268 0.1221061 0.1161268 0.1062354 0.1017502 0.1176061 0.08166664 0.1062354 0.1017502 0.1142497 0.121997 0.09744787 0.1155837 0.1176061 0.08166664 0.1062354 0.1017502 0.1065391 0.07992619 0.0955733 0.08593332 0.1062354 0.1017502 0.09744787 0.1155837 0.1176061 0.08166664 0.1065391 0.07992619 0.1092534 0.05143314 0.09730112 0.04758012 0.1065391 0.07992619 0.0955733 0.08593332 0.09730112 0.04758012 0.08648717 0.07972753 0.08510518 0.05565184 0.0955733 0.08593332 0.08648717 0.07972753 0.09730112 0.04758012 0.08510518 0.05565184 0.08648717 0.07972753 0.07523232 0.07887881 0.08510518 0.05565184 0.08779466 0.03822338 0.09730112 0.04758012 0.074647 0.04498469 0.08510518 0.05565184 0.07523232 0.07887881 0.04399245 0.1360371 0.04828619 0.1595039 0.03099995 0.2 0.04828619 0.1595039 0.06258499 0.1176796 0.07247674 0.1108597 0.07247674 0.1108597 0.06258499 0.1176796 0.07523232 0.07887881 0.04799997 0.1055 0.06258499 0.1176796 0.04399245 0.1360371 0.05427873 0.07556414 0.06258499 0.1176796 0.04799997 0.1055 0.07523232 0.07887881 0.06258499 0.1176796 0.05427873 0.07556414 0.05124264 0.05455261 0.06284028 0.05587005 0.05427873 0.07556414 0.06284028 0.05587005 0.06317192 0.02646082 0.074647 0.04498469 0.05124264 0.05455261 0.06317192 0.02646082 0.06284028 0.05587005 0.06317192 0.02646082 0.05049997 0.03249996 0.04999995 0.01699995 0.074647 0.04498469 0.06317192 0.02646082 0.08008545 0.02577197 0.08008545 0.02577197 0.06317192 0.02646082 0.07499998 0.01399999 0.08008545 0.02577197 0.0855 0.01449996 0.096125 0.0182631 0.096125 0.0182631 0.08779466 0.03822338 0.08008545 0.02577197 0.09730112 0.04758012 0.08779466 0.03822338 0.096125 0.0182631 0.08008545 0.02577197 0.08779466 0.03822338 0.074647 0.04498469 0.1092534 0.05143314 0.1046426 0.03271192 0.1186332 0.04929006 0.09730112 0.04758012 0.1046426 0.03271192 0.1092534 0.05143314 0.1092534 0.05143314 0.1186332 0.04929006 0.1176061 0.08166664 0.1290993 0.08315134 0.1317362 0.06032538 0.142 0.07899999 0.1176061 0.08166664 0.1186332 0.04929006 0.1290993 0.08315134 0.1176061 0.08166664 0.1290993 0.08315134 0.1221061 0.1161268 0.1489794 0.109909 0.1401138 0.1203318 0.142 0.07899999 0.1401138 0.1203318 0.134778 0.1603879 0.1221061 0.1161268 0.1460669 0.1791037 0.134778 0.1603879 0.1489794 0.109909 0.1246612 0.1710818 0.1460669 0.1791037 0.1264747 0.1995556 0.1221061 0.1161268 0.134778 0.1603879 0.1246612 0.1710818 0.158 0.1715 0.1460669 0.1791037 0.1489794 0.109909 0.16 0.202 0.1460669 0.1791037 0.158 0.1715 0.1460669 0.1791037 0.1432078 0.2002359 0.1264747 0.1995556 0.1055 0.01549994 0.1046426 0.03271192 0.096125 0.0182631 0.115 0.01599997 0.1126409 0.02766209 0.1055 0.01549994 0.1046426 0.03271192 0.1126409 0.02766209 0.1186332 0.04929006 0.1247754 0.03657245 0.1126409 0.02766209 0.115 0.01599997 0.1317362 0.06032538 0.1247754 0.03657245 0.14056 0.05812096 0.1186332 0.04929006 0.1247754 0.03657245 0.1317362 0.06032538 0.1317362 0.06032538 0.14056 0.05812096 0.142 0.07899999 0.1265 0.01849997 0.1247754 0.03657245 0.115 0.01599997 0.138 0.02099996 0.1361832 0.03320735 0.1265 0.01849997 0.61172 0.055121 0.6178346 0.05641049 0.611 0.07599997 0.6178346 0.05641049 0.6191111 0.03535205 0.6267076 0.05507814 0.61172 0.055121 0.6191111 0.03535205 0.6178346 0.05641049 0.6191111 0.03535205 0.6125 0.03249996 0.613 0.01799994 0.6191111 0.03535205 0.629763 0.03454452 0.6267076 0.05507814 0.6364458 0.04600161 0.6340001 0.02849996 0.6387043 0.03557848 0.6267076 0.05507814 0.629763 0.03454452 0.6364458 0.04600161 0.7270151 0.1980264 0.7141039 0.1993876 0.7020102 0.1991414 0.7270151 0.1980264 0.7050027 0.1438787 0.715 0.133 0.6945571 0.1749739 0.7270151 0.1980264 0.7020102 0.1991414 0.695778 0.1387172 0.7050027 0.1438787 0.6945571 0.1749739 0.7125001 0.1025 0.702753 0.1065113 0.71 0.07199996 0.7050027 0.1438787 0.7125001 0.1025 0.715 0.133 0.695778 0.1387172 0.702753 0.1065113 0.7050027 0.1438787 0.702753 0.1065113 0.6998597 0.08217561 0.71 0.07199996 0.6940298 0.112546 0.702753 0.1065113 0.695778 0.1387172 0.6915153 0.09047472 0.702753 0.1065113 0.6940298 0.112546 0.71 0.07199996 0.6998597 0.08217561 0.704636 0.05390244 0.6938583 0.0567103 0.6998597 0.08217561 0.6915153 0.09047472 0.6938583 0.0567103 0.688692 0.06761294 0.6856653 0.0493592 0.688692 0.06761294 0.6938583 0.0567103 0.6915153 0.09047472 0.6856653 0.0493592 0.6806853 0.0446 0.681 0.02999997 0.675969 0.03745311 0.6723021 0.05744141 0.669 0.03399997 0.6723021 0.05744141 0.6806853 0.0446 0.6800001 0.06007069 0.6723021 0.05744141 0.6649286 0.0469799 0.669 0.03399997 0.6504342 0.04769301 0.6649286 0.0469799 0.663081 0.0610606 0.6558767 0.03962665 0.6504342 0.04769301 0.6387043 0.03557848 0.6522818 0.06553095 0.6504342 0.04769301 0.663081 0.0610606 0.6431416 0.06114143 0.6504342 0.04769301 0.6522818 0.06553095 0.6431416 0.06114143 0.6364458 0.04600161 0.6387043 0.03557848 0.6364458 0.04600161 0.6338573 0.05922442 0.6267076 0.05507814 0.6267076 0.05507814 0.6338573 0.05922442 0.6258588 0.09033334 0.6178346 0.05641049 0.6182861 0.08451002 0.611 0.07599997 0.6258588 0.09033334 0.6151109 0.1038389 0.6182861 0.08451002 0.611 0.07599997 0.6151109 0.1038389 0.6090059 0.106909 0.624173 0.121055 0.6151109 0.1038389 0.6258588 0.09033334 0.6020001 0.1685 0.6090112 0.161628 0.597 0.199 0.6090059 0.106909 0.6090112 0.161628 0.6020001 0.1685 0.624173 0.121055 0.6090112 0.161628 0.6185574 0.1240919 0.681 0.02999997 0.6875604 0.030685 0.6856653 0.0493592 0.6856653 0.0493592 0.6953644 0.03804403 0.6938583 0.0567103 0.702506 0.02809554 0.6953644 0.03804403 0.691 0.02099996 0.704636 0.05390244 0.6953644 0.03804403 0.702506 0.02809554 0.6938583 0.0567103 0.6953644 0.03804403 0.704636 0.05390244 0.702506 0.02809554 0.6985001 0.01749998 0.706 0.01399999 0.6945571 0.1749739 0.6852098 0.1593417 0.695778 0.1387172 0.6807174 0.1957778 0.6945571 0.1749739 0.6909214 0.197377 0.695778 0.1387172 0.6852098 0.1593417 0.6888188 0.1252769 0.6754362 0.1762045 0.6852098 0.1593417 0.6807174 0.1957778 0.6762741 0.1261794 0.6852098 0.1593417 0.6754362 0.1762045 0.6940298 0.112546 0.6837359 0.1103777 0.6915153 0.09047472 0.695778 0.1387172 0.6888188 0.1252769 0.6940298 0.112546 0.6915153 0.09047472 0.6837359 0.1103777 0.683873 0.08504134 0.6768789 0.09777778 0.6837359 0.1103777 0.6762741 0.1261794 0.688692 0.06761294 0.6787592 0.0773217 0.6800001 0.06007069 0.6915153 0.09047472 0.683873 0.08504134 0.688692 0.06761294 0.6723021 0.05744141 0.6693034 0.08978241 0.663081 0.0610606 0.6800001 0.06007069 0.6787592 0.0773217 0.6723021 0.05744141 0.6693034 0.08978241 0.6787592 0.0773217 0.6768789 0.09777778 0.9160128 0.5206173 0.9191302 0.5090885 0.9124244 0.5077981 0.9198905 0.51788 0.9160128 0.5206173 0.9195557 0.534389 0.9195557 0.534389 0.9333888 0.5263997 0.9198905 0.51788 0.9333888 0.5263997 0.926997 0.5497429 0.9390667 0.5425067 0.926997 0.5497429 0.93282 0.5572732 0.9390667 0.5425067 0.9205256 0.5520057 0.926997 0.5497429 0.9195557 0.534389 0.9195557 0.534389 0.9221608 0.5715228 0.9205256 0.5520057 0.9333888 0.5263997 0.9352911 0.5091584 0.9191302 0.5090885 0.948389 0.5071112 0.9333888 0.5263997 0.9461411 0.5310394 0.9242083 0.4804811 0.9352911 0.5091584 0.948389 0.5071112 0.9191302 0.5090885 0.9352911 0.5091584 0.9205933 0.4990836 0.9191302 0.5090885 0.9136722 0.4933672 0.9124244 0.5077981 0.9136722 0.4933672 0.89342 0.4992358 0.9124244 0.5077981 0.8949118 0.490872 0.9005982 0.4793024 0.891 0.479 0.9005982 0.4793024 0.8943858 0.4757596 0.891 0.479 0.8870001 0.4785 0.8903824 0.4706799 0.8837038 0.4751982 0.891 0.479 0.8943858 0.4757596 0.8870001 0.4785 0.8903824 0.4706799 0.8943858 0.4757596 0.9005001 0.4691668 0.8915291 0.4621425 0.8903824 0.4706799 0.9005001 0.4691668 0.8857894 0.4633499 0.8903824 0.4706799 0.8915291 0.4621425 0.8837038 0.4751982 0.8803377 0.4644209 0.8775383 0.4762653 0.8857894 0.4633499 0.8803377 0.4644209 0.8837038 0.4751982 0.8775383 0.4762653 0.8803377 0.4644209 0.8717779 0.4711667 0.8860002 0.448577 0.8803377 0.4644209 0.8857894 0.4633499 0.8721848 0.4533939 0.8803377 0.4644209 0.8860002 0.448577 0.8717779 0.4711667 0.8721848 0.4533939 0.8622586 0.4598178 0.9005982 0.4793024 0.9123271 0.4711496 0.9005001 0.4691668 0.9136722 0.4933672 0.9123271 0.4711496 0.9005982 0.4793024 0.9123271 0.4711496 0.9136722 0.4933672 0.9242083 0.4804811 0.9123271 0.4711496 0.9095589 0.457928 0.9005001 0.4691668 0.9269194 0.4582223 0.9177927 0.4522997 0.9242083 0.4804811 0.9123271 0.4711496 0.9177927 0.4522997 0.9095589 0.457928 0.9242083 0.4804811 0.9177927 0.4522997 0.9123271 0.4711496 0.9471635 0.469654 0.9242083 0.4804811 0.948389 0.5071112 0.9269194 0.4582223 0.9242083 0.4804811 0.9471635 0.469654 0.9446668 0.4288334 0.9374967 0.4532709 0.9471635 0.469654 0.9446668 0.4288334 0.9332019 0.4316672 0.9374967 0.4532709 0.9239475 0.4247577 0.9177927 0.4522997 0.9332019 0.4316672 0.9177927 0.4522997 0.9239475 0.4247577 0.9093321 0.4483351 0.9332019 0.4316672 0.9177927 0.4522997 0.9269194 0.4582223 0.9095589 0.457928 0.9177927 0.4522997 0.9093321 0.4483351 0.8860002 0.448577 0.8915291 0.4621425 0.9000983 0.4526357 0.9000983 0.4526357 0.8915291 0.4621425 0.9005001 0.4691668 0.8775383 0.4762653 0.8805001 0.4785 0.8837038 0.4751982 0.8734566 0.478574 0.8775383 0.4762653 0.8717779 0.4711667 0.878 0.479 0.8775383 0.4762653 0.8734566 0.478574 0.8734566 0.478574 0.877043 0.4867694 0.878 0.479 0.8667848 0.4842566 0.877043 0.4867694 0.8734566 0.478574 0.878 0.494 0.877043 0.4867694 0.8694944 0.498714 0.9236797 0.3902372 0.9086276 0.4226394 0.9301378 0.4123547 0.9354981 0.4078019 0.9332019 0.4316672 0.9446668 0.4288334 0.9301378 0.4123547 0.9354981 0.4078019 0.9236797 0.3902372 0.8322302 0.4869341 0.8215402 0.4569967 0.8193334 0.5062778 0.8366635 0.4151341 0.834631 0.4427108 0.8460701 0.4267643 0.8215402 0.4569967 0.834631 0.4427108 0.8366635 0.4151341 0.8366635 0.4151341 0.8327478 0.4095918 0.8215402 0.4569967 0.8327478 0.4095918 0.845426 0.41135 0.8434553 0.391968 0.8434553 0.391968 0.845426 0.41135 0.869221 0.4005832 0.869221 0.4005832 0.8614604 0.4229995 0.8849517 0.4190448 0.8832838 0.3773337 0.869221 0.4005832 0.8849517 0.4190448 0.8986101 0.3975987 0.9086276 0.4226394 0.9236797 0.3902372 0.9048336 0.3734096 0.8986101 0.3975987 0.9236797 0.3902372 0.869221 0.4005832 0.8614788 0.3745774 0.8434553 0.391968 0.8832838 0.3773337 0.8694139 0.3804032 0.869221 0.4005832 0.8499131 0.4535507 0.834631 0.4427108 0.8412853 0.465907 0.8460701 0.4267643 0.8499131 0.4535507 0.8618183 0.4461819 0.8618183 0.4461819 0.8614604 0.4229995 0.8460701 0.4267643 0.8849517 0.4190448 0.8756245 0.4409996 0.8857212 0.438189 0.8756245 0.4409996 0.8614604 0.4229995 0.8618183 0.4461819 0.9026265 0.5520616 0.9057433 0.529774 0.8972779 0.5446112 0.8935145 0.5534588 0.9026265 0.5520616 0.8972779 0.5446112 0.8863599 0.5553486 0.8956159 0.5664268 0.8935145 0.5534588 0.8863599 0.5553486 0.8743366 0.5661455 0.8843613 0.5832417 0.8669494 0.5528052 0.8743366 0.5661455 0.8783555 0.5526353 0.8669494 0.5528052 0.8669338 0.5689244 0.8743366 0.5661455 0.847561 0.5709923 0.8669494 0.5528052 0.8496562 0.5516964 0.8423639 0.5491366 0.8496562 0.5516964 0.8538376 0.5323827 0.8355746 0.5563549 0.8423639 0.5491366 0.8289601 0.5408534 0.8423639 0.5491366 0.8344249 0.5236565 0.8289601 0.5408534 0.8538376 0.5323827 0.8458946 0.5226668 0.8423639 0.5491366 0.8193334 0.5062778 0.8344249 0.5236565 0.8385564 0.5103806 0.8289601 0.5408534 0.8344249 0.5236565 0.8214157 0.5291331 0.8385564 0.5103806 0.8322302 0.4869341 0.8193334 0.5062778 0.8412853 0.465907 0.8322302 0.4869341 0.8536266 0.4705411 0.8536266 0.4705411 0.8499131 0.4535507 0.8412853 0.465907 0.8622586 0.4598178 0.8499131 0.4535507 0.8536266 0.4705411 0.8499131 0.4535507 0.8622586 0.4598178 0.8618183 0.4461819 0.8721848 0.4533939 0.8756245 0.4409996 0.8618183 0.4461819 0.8860002 0.448577 0.8756245 0.4409996 0.8721848 0.4533939 0.8959339 0.439177 0.9000983 0.4526357 0.9093321 0.4483351 0.8860002 0.448577 0.8959339 0.439177 0.8857212 0.438189 0.8959339 0.439177 0.9086276 0.4226394 0.8849517 0.4190448 0.9093321 0.4483351 0.9086276 0.4226394 0.8959339 0.439177 0.8536266 0.4705411 0.8535979 0.5050364 0.8588007 0.4922319 0.8535979 0.5050364 0.8322302 0.4869341 0.8385564 0.5103806 0.8588007 0.4922319 0.8535979 0.5050364 0.8626668 0.506889 0.8535979 0.5050364 0.856935 0.5194101 0.8626668 0.506889 0.8385564 0.5103806 0.856935 0.5194101 0.8535979 0.5050364 0.856935 0.5194101 0.8458946 0.5226668 0.8538376 0.5323827 0.8622586 0.4598178 0.8611451 0.4733607 0.8717779 0.4711667 0.8611451 0.4733607 0.8667848 0.4842566 0.8717779 0.4711667 0.8667848 0.4842566 0.8611451 0.4733607 0.8536266 0.4705411 0.8588007 0.4922319 0.8667848 0.4842566 0.8536266 0.4705411 0.8667848 0.4842566 0.8588007 0.4922319 0.8694944 0.498714 0.8749393 0.5027989 0.8694944 0.498714 0.8626668 0.506889 0.8626668 0.506889 0.8705152 0.5174244 0.8749393 0.5027989 0.8538376 0.5323827 0.8705152 0.5174244 0.856935 0.5194101 0.8705152 0.5174244 0.8752843 0.5281466 0.879 0.508 0.8538376 0.5323827 0.8752843 0.5281466 0.8705152 0.5174244 0.874889 0.5421112 0.8752843 0.5281466 0.870686 0.5472217 0.870686 0.5472217 0.8783555 0.5526353 0.874889 0.5421112 0.8669494 0.5528052 0.8783555 0.5526353 0.870686 0.5472217 0.8855574 0.5441166 0.882113 0.5486252 0.8863599 0.5553486 0.8972779 0.5446112 0.8905468 0.5486757 0.8935145 0.5534588 0.8972779 0.5446112 0.8886208 0.5411481 0.8905468 0.5486757 0.8957164 0.5362687 0.8940545 0.539437 0.8972779 0.5446112 0.9057433 0.529774 0.8957164 0.5362687 0.8972779 0.5446112 0.8935 0.5135 0.900749 0.5148611 0.89342 0.4992358 0.900749 0.5148611 0.8961506 0.5263417 0.9057433 0.529774 0.9124244 0.5077981 0.900749 0.5148611 0.9160128 0.5206173 0.9160128 0.5206173 0.9057433 0.529774 0.9195557 0.534389 0.8752843 0.5281466 0.8782506 0.5246015 0.879 0.508 0.8780099 0.5377396 0.8752843 0.5281466 0.874889 0.5421112 0.874889 0.5421112 0.8823627 0.5410302 0.8780099 0.5377396 0.8855574 0.5441166 0.8823627 0.5410302 0.882113 0.5486252 0.884 0.537 0.8823627 0.5410302 0.8855574 0.5441166 0.6807174 0.1957778 0.6722351 0.1951605 0.6754362 0.1762045 0.6762741 0.1261794 0.6754362 0.1762045 0.6697967 0.1609476 0.6583051 0.1775287 0.6697967 0.1609476 0.6754362 0.1762045 0.6632325 0.1959192 0.6522246 0.1976373 0.6583051 0.1775287 0.6601211 0.1279135 0.6583051 0.1775287 0.6474048 0.1590077 0.6327266 0.1801346 0.6474048 0.1590077 0.6583051 0.1775287 0.6474048 0.1590077 0.6491209 0.1108127 0.6601211 0.1279135 0.6601211 0.1279135 0.6685112 0.1131905 0.6762741 0.1261794 0.6604897 0.08804863 0.6693034 0.08978241 0.6685112 0.1131905 0.6768789 0.09777778 0.6762741 0.1261794 0.6685112 0.1131905 0.6604897 0.08804863 0.6491209 0.1108127 0.6522818 0.06553095 0.6409415 0.09903335 0.6346085 0.09112453 0.6338573 0.05922442 0.6258588 0.09033334 0.6338573 0.05922442 0.6346085 0.09112453 0.6258588 0.09033334 0.6346085 0.09112453 0.631204 0.1149008 0.624173 0.121055 0.631204 0.1149008 0.6359282 0.1297737 0.6474048 0.1590077 0.6327266 0.1801346 0.6269608 0.1640844 0.6194824 0.1732009 0.6269608 0.1640844 0.6327266 0.1801346 0.624173 0.121055 0.6359282 0.1297737 0.6269608 0.1640844 0.6090112 0.161628 0.6120082 0.1819286 0.6063383 0.200429 0.6194824 0.1732009 0.6120082 0.1819286 0.6090112 0.161628 0.6163537 0.2014243 0.6063383 0.200429 0.6120082 0.1819286 0.03099995 0.2 0.04828619 0.1595039 0.05817759 0.1787496 0.06047475 0.2055152 0.0456106 0.2037624 0.05817759 0.1787496 0.07523232 0.07887881 0.08648717 0.07972753 0.08242368 0.1023749 0.09744787 0.1155837 0.08841264 0.1218817 0.08242368 0.1023749 0.08457422 0.1835463 0.07564502 0.1634406 0.08841264 0.1218817 0.05817759 0.1787496 0.07564502 0.1634406 0.08457422 0.1835463 0.07247674 0.1108597 0.08841264 0.1218817 0.07564502 0.1634406 0.09593939 0.2024243 0.07783436 0.204321 0.08457422 0.1835463 0.1067218 0.1634172 0.1152234 0.1813392 0.1113042 0.200651 0.1246612 0.1710818 0.1152234 0.1813392 0.1067218 0.1634172 0.1264747 0.1995556 0.1113042 0.200651 0.1152234 0.1813392 0.09744787 0.1155837 0.1142497 0.121997 0.1067218 0.1634172 0.1221061 0.1161268 0.1142497 0.121997 0.1062354 0.1017502 0.0955733 0.08593332 0.1065391 0.07992619 0.1062354 0.1017502 0.09730112 0.04758012 0.1092534 0.05143314 0.1065391 0.07992619 0.074647 0.04498469 0.08779466 0.03822338 0.08510518 0.05565184 0.04399245 0.1360371 0.06258499 0.1176796 0.04828619 0.1595039 0.06284028 0.05587005 0.074647 0.04498469 0.05427873 0.07556414 0.07523232 0.07887881 0.05427873 0.07556414 0.074647 0.04498469 0.05124264 0.05455261 0.05049997 0.03249996 0.06317192 0.02646082 0.07499998 0.01399999 0.0855 0.01449996 0.08008545 0.02577197 0.09730112 0.04758012 0.096125 0.0182631 0.1046426 0.03271192 0.1290993 0.08315134 0.1186332 0.04929006 0.1317362 0.06032538 0.142 0.07899999 0.1401138 0.1203318 0.1290993 0.08315134 0.1221061 0.1161268 0.1290993 0.08315134 0.1401138 0.1203318 0.1489794 0.109909 0.134778 0.1603879 0.1401138 0.1203318 0.1246612 0.1710818 0.134778 0.1603879 0.1460669 0.1791037 0.16 0.202 0.1432078 0.2002359 0.1460669 0.1791037 0.1055 0.01549994 0.1126409 0.02766209 0.1046426 0.03271192 0.1186332 0.04929006 0.1126409 0.02766209 0.1247754 0.03657245 0.1265 0.01849997 0.1361832 0.03320735 0.1247754 0.03657245 0.14056 0.05812096 0.1247754 0.03657245 0.1361832 0.03320735 0.61172 0.055121 0.6125 0.03249996 0.6191111 0.03535205 0.63 0.02399998 0.629763 0.03454452 0.6191111 0.03535205 0.6364458 0.04600161 0.629763 0.03454452 0.6340001 0.02849996 0.63 0.02399998 0.6340001 0.02849996 0.629763 0.03454452 0.715 0.133 0.7210001 0.1655 0.7270151 0.1980264 0.6945571 0.1749739 0.7050027 0.1438787 0.7270151 0.1980264 0.7050027 0.1438787 0.702753 0.1065113 0.7125001 0.1025 0.6915153 0.09047472 0.6998597 0.08217561 0.702753 0.1065113 0.704636 0.05390244 0.6998597 0.08217561 0.6938583 0.0567103 0.6800001 0.06007069 0.6856653 0.0493592 0.688692 0.06761294 0.6800001 0.06007069 0.6806853 0.0446 0.6856653 0.0493592 0.681 0.02999997 0.6806853 0.0446 0.675969 0.03745311 0.6723021 0.05744141 0.675969 0.03745311 0.6806853 0.0446 0.663081 0.0610606 0.6649286 0.0469799 0.6723021 0.05744141 0.6504342 0.04769301 0.6558767 0.03962665 0.6649286 0.0469799 0.669 0.03399997 0.6649286 0.0469799 0.6558767 0.03962665 0.6431416 0.06114143 0.6387043 0.03557848 0.6504342 0.04769301 0.6431416 0.06114143 0.6338573 0.05922442 0.6364458 0.04600161 0.6178346 0.05641049 0.6267076 0.05507814 0.6182861 0.08451002 0.6258588 0.09033334 0.6182861 0.08451002 0.6267076 0.05507814 0.611 0.07599997 0.6182861 0.08451002 0.6151109 0.1038389 0.624173 0.121055 0.6185574 0.1240919 0.6151109 0.1038389 0.6090059 0.106909 0.6151109 0.1038389 0.6185574 0.1240919 0.6090059 0.106909 0.6185574 0.1240919 0.6090112 0.161628 0.691 0.02099996 0.6953644 0.03804403 0.6875604 0.030685 0.6856653 0.0493592 0.6875604 0.030685 0.6953644 0.03804403 0.691 0.02099996 0.6985001 0.01749998 0.702506 0.02809554 0.7020102 0.1991414 0.6909214 0.197377 0.6945571 0.1749739 0.6807174 0.1957778 0.6852098 0.1593417 0.6945571 0.1749739 0.6762741 0.1261794 0.6888188 0.1252769 0.6852098 0.1593417 0.6940298 0.112546 0.6888188 0.1252769 0.6837359 0.1103777 0.6762741 0.1261794 0.6837359 0.1103777 0.6888188 0.1252769 0.6768789 0.09777778 0.683873 0.08504134 0.6837359 0.1103777 0.688692 0.06761294 0.683873 0.08504134 0.6787592 0.0773217 0.6768789 0.09777778 0.6787592 0.0773217 0.683873 0.08504134 0.6723021 0.05744141 0.6787592 0.0773217 0.6693034 0.08978241 0.9160128 0.5206173 0.9198905 0.51788 0.9191302 0.5090885 0.9191302 0.5090885 0.9198905 0.51788 0.9333888 0.5263997 0.9195557 0.534389 0.926997 0.5497429 0.9333888 0.5263997 0.9195557 0.534389 0.9026265 0.5520616 0.9221608 0.5715228 0.9026265 0.5520616 0.9029326 0.5685289 0.9221608 0.5715228 0.9026265 0.5520616 0.8956159 0.5664268 0.9029326 0.5685289 0.9390667 0.5425067 0.9461411 0.5310394 0.9333888 0.5263997 0.948389 0.5071112 0.9352911 0.5091584 0.9333888 0.5263997 0.9205933 0.4990836 0.9352911 0.5091584 0.9242083 0.4804811 0.9242083 0.4804811 0.9136722 0.4933672 0.9205933 0.4990836 0.9191302 0.5090885 0.9205933 0.4990836 0.9136722 0.4933672 0.9136722 0.4933672 0.8949118 0.490872 0.89342 0.4992358 0.9136722 0.4933672 0.9005982 0.4793024 0.8949118 0.490872 0.9005001 0.4691668 0.8943858 0.4757596 0.9005982 0.4793024 0.8870001 0.4785 0.8943858 0.4757596 0.8903824 0.4706799 0.8857894 0.4633499 0.8837038 0.4751982 0.8903824 0.4706799 0.8717779 0.4711667 0.8803377 0.4644209 0.8721848 0.4533939 0.9269194 0.4582223 0.9471635 0.469654 0.9374967 0.4532709 0.9269194 0.4582223 0.9374967 0.4532709 0.9332019 0.4316672 0.9095589 0.457928 0.9093321 0.4483351 0.9000983 0.4526357 0.9005001 0.4691668 0.9095589 0.457928 0.9000983 0.4526357 0.8860002 0.448577 0.8857894 0.4633499 0.8915291 0.4621425 0.878 0.479 0.8805001 0.4785 0.8775383 0.4762653 0.8717779 0.4711667 0.8667848 0.4842566 0.8734566 0.478574 0.8667848 0.4842566 0.8694944 0.498714 0.877043 0.4867694 0.9239475 0.4247577 0.9301378 0.4123547 0.9086276 0.4226394 0.9354981 0.4078019 0.9301378 0.4123547 0.9332019 0.4316672 0.9239475 0.4247577 0.9332019 0.4316672 0.9301378 0.4123547 0.8215402 0.4569967 0.8322302 0.4869341 0.834631 0.4427108 0.8412853 0.465907 0.834631 0.4427108 0.8322302 0.4869341 0.8460701 0.4267643 0.845426 0.41135 0.8366635 0.4151341 0.8327478 0.4095918 0.8366635 0.4151341 0.845426 0.41135 0.8460701 0.4267643 0.8614604 0.4229995 0.845426 0.41135 0.869221 0.4005832 0.845426 0.41135 0.8614604 0.4229995 0.8832838 0.3773337 0.8849517 0.4190448 0.8986101 0.3975987 0.8849517 0.4190448 0.9086276 0.4226394 0.8986101 0.3975987 0.8832838 0.3773337 0.8986101 0.3975987 0.8971113 0.379743 0.9048336 0.3734096 0.8971113 0.379743 0.8986101 0.3975987 0.869221 0.4005832 0.8694139 0.3804032 0.8614788 0.3745774 0.8460701 0.4267643 0.834631 0.4427108 0.8499131 0.4535507 0.8849517 0.4190448 0.8614604 0.4229995 0.8756245 0.4409996 0.9195557 0.534389 0.9057433 0.529774 0.9026265 0.5520616 0.9026265 0.5520616 0.8935145 0.5534588 0.8956159 0.5664268 0.8863599 0.5553486 0.8843613 0.5832417 0.8956159 0.5664268 0.8863599 0.5553486 0.8783555 0.5526353 0.8743366 0.5661455 0.8669494 0.5528052 0.847561 0.5709923 0.8669338 0.5689244 0.8538376 0.5323827 0.8496562 0.5516964 0.8669494 0.5528052 0.8385564 0.5103806 0.8344249 0.5236565 0.8458946 0.5226668 0.8423639 0.5491366 0.8458946 0.5226668 0.8344249 0.5236565 0.8193334 0.5062778 0.8214157 0.5291331 0.8344249 0.5236565 0.8618183 0.4461819 0.8622586 0.4598178 0.8721848 0.4533939 0.8860002 0.448577 0.8857212 0.438189 0.8756245 0.4409996 0.8860002 0.448577 0.9000983 0.4526357 0.8959339 0.439177 0.8849517 0.4190448 0.8857212 0.438189 0.8959339 0.439177 0.9093321 0.4483351 0.9239475 0.4247577 0.9086276 0.4226394 0.8536266 0.4705411 0.8322302 0.4869341 0.8535979 0.5050364 0.8385564 0.5103806 0.8458946 0.5226668 0.856935 0.5194101 0.8622586 0.4598178 0.8536266 0.4705411 0.8611451 0.4733607 0.8626668 0.506889 0.8694944 0.498714 0.8588007 0.4922319 0.878 0.494 0.8694944 0.498714 0.8749393 0.5027989 0.879 0.508 0.8749393 0.5027989 0.8705152 0.5174244 0.8626668 0.506889 0.856935 0.5194101 0.8705152 0.5174244 0.870686 0.5472217 0.8752843 0.5281466 0.8538376 0.5323827 0.8538376 0.5323827 0.8669494 0.5528052 0.870686 0.5472217 0.874889 0.5421112 0.8783555 0.5526353 0.882113 0.5486252 0.8863599 0.5553486 0.882113 0.5486252 0.8783555 0.5526353 0.8855574 0.5441166 0.8863599 0.5553486 0.8905468 0.5486757 0.8935145 0.5534588 0.8905468 0.5486757 0.8863599 0.5553486 0.8855574 0.5441166 0.8905468 0.5486757 0.8886208 0.5411481 0.8972779 0.5446112 0.8940545 0.539437 0.8886208 0.5411481 0.9057433 0.529774 0.8961506 0.5263417 0.8957164 0.5362687 0.8935 0.5135 0.8961506 0.5263417 0.900749 0.5148611 0.9057433 0.529774 0.9160128 0.5206173 0.900749 0.5148611 0.9124244 0.5077981 0.89342 0.4992358 0.900749 0.5148611 0.8780099 0.5377396 0.8782506 0.5246015 0.8752843 0.5281466 0.874889 0.5421112 0.882113 0.5486252 0.8823627 0.5410302 0.884 0.537 0.8855574 0.5441166 0.8886208 0.5411481</float_array>
          <technique_common>
            <accessor source="#GanondorfAnkletLeft_LOD2-mesh-map-0-array" count="1335" stride="2">
              <param name="S" type="float"/>
              <param name="T" type="float"/>
            </accessor>
          </technique_common>
        </source>
        <vertices id="GanondorfAnkletLeft_LOD2-mesh-vertices">
          <input semantic="POSITION" source="#GanondorfAnkletLeft_LOD2-mesh-positions"/>
        </vertices>
        <triangles material="LegWrap-material" count="445">
          <input semantic="VERTEX" source="#GanondorfAnkletLeft_LOD2-mesh-vertices" offset="0"/>
          <input semantic="NORMAL" source="#GanondorfAnkletLeft_LOD2-mesh-normals" offset="1"/>
          <input semantic="TEXCOORD" source="#GanondorfAnkletLeft_LOD2-mesh-map-0" offset="2" set="0"/>
          <p>60 0 0 173 1 1 168 2 2 100 3 3 173 1 4 60 0 5 145 4 6 83 5 7 100 3 8 100 3 9 99 6 10 200 7 11 91 8 12 100 3 13 200 7 14 145 4 15 165 9 16 37 10 17 97 11 18 165 9 19 239 12 20 55 13 21 165 9 22 97 11 23 145 4 24 112 14 25 83 5 26 37 10 27 240 15 28 145 4 29 47 16 30 240 15 31 113 17 32 113 17 33 37 10 34 67 18 35 67 18 36 37 10 37 167 19 38 55 13 39 167 19 40 165 9 41 167 19 42 55 13 43 58 20 44 55 13 45 149 21 46 58 20 47 55 13 48 174 22 49 171 23 50 65 24 51 174 22 52 130 25 53 97 11 54 174 22 55 55 13 56 239 12 57 241 26 58 97 11 59 204 27 60 91 8 61 46 28 62 130 25 63 241 26 64 204 27 65 91 8 66 200 7 67 46 28 68 233 29 69 236 30 70 18 31 71 204 27 72 233 29 73 130 25 74 46 28 75 242 32 76 204 27 77 20 33 78 179 34 79 90 35 80 179 34 81 89 36 82 39 37 83 57 38 84 166 39 85 198 40 86 45 41 87 166 39 88 39 37 89 40 42 90 166 39 91 57 38 92 166 39 93 160 43 94 39 37 95 209 44 96 160 43 97 40 42 98 179 34 99 209 44 100 44 45 101 39 37 102 243 46 103 179 34 104 208 47 105 209 44 106 40 42 107 43 48 108 209 44 109 208 47 110 209 44 111 96 49 112 44 45 113 192 50 114 142 51 115 43 48 116 191 52 117 192 50 118 23 53 119 38 54 120 244 55 121 191 52 122 208 47 123 192 50 124 43 48 125 40 42 126 192 50 127 208 47 128 192 50 129 207 56 130 23 53 131 23 53 132 201 57 133 62 58 134 201 57 135 207 56 136 40 42 137 62 58 138 201 57 139 80 59 140 57 38 141 201 57 142 40 42 143 62 58 144 80 59 145 193 60 146 56 61 147 80 59 148 57 38 149 56 61 150 198 40 151 197 62 152 57 38 153 198 40 154 56 61 155 197 62 156 198 40 157 45 41 158 197 62 159 199 63 160 56 61 161 195 64 162 197 62 163 45 41 164 0 65 165 89 36 166 20 33 167 89 36 168 230 66 169 39 37 170 39 37 171 230 66 172 45 41 173 222 67 174 230 66 175 0 65 176 6 68 177 230 66 178 222 67 179 45 41 180 230 66 181 6 68 182 219 69 183 229 70 184 6 68 185 229 70 186 78 71 187 195 64 188 219 69 189 78 71 190 229 70 191 78 71 192 215 72 193 4 73 194 195 64 195 78 71 196 184 74 197 184 74 198 78 71 199 16 75 200 184 74 201 220 76 202 3 77 203 3 77 204 199 63 205 184 74 206 56 61 207 199 63 208 3 77 209 184 74 210 199 63 211 195 64 212 193 60 213 186 78 214 81 79 215 56 61 216 186 78 217 193 60 218 193 60 219 81 79 220 62 58 221 126 80 222 128 81 223 7 82 224 62 58 225 81 79 226 126 80 227 62 58 228 126 80 229 23 53 230 223 83 231 124 84 232 7 82 233 124 84 234 237 85 235 23 53 236 238 86 237 237 85 238 223 83 239 191 52 240 238 86 241 38 54 242 23 53 243 237 85 244 191 52 245 214 87 246 238 86 247 223 83 248 18 31 249 238 86 250 214 87 251 238 86 252 73 88 253 38 54 254 164 89 255 186 78 256 3 77 257 108 90 258 218 91 259 164 89 260 186 78 261 218 91 262 81 79 263 231 92 264 218 91 265 108 90 266 128 81 267 231 92 268 224 93 269 81 79 270 231 92 271 128 81 272 128 81 273 224 93 274 7 82 275 225 94 276 231 92 277 108 90 278 2 95 279 211 96 280 225 94 281 224 93 282 129 97 283 7 82 284 129 97 285 196 98 286 64 99 287 224 93 288 196 98 289 129 97 290 196 98 291 211 96 292 2 95 293 196 98 294 170 100 295 64 99 296 177 101 297 178 102 298 11 103 299 64 99 300 170 100 301 177 101 302 137 104 303 118 105 304 42 106 305 137 104 306 105 107 307 0 65 308 74 108 309 137 104 310 42 106 311 21 109 312 105 107 313 74 108 314 222 67 315 228 110 316 6 68 317 105 107 318 222 67 319 0 65 320 21 109 321 228 110 322 105 107 323 228 110 324 227 111 325 6 68 326 79 112 327 228 110 328 21 109 329 59 113 330 228 110 331 79 112 332 6 68 333 227 111 334 219 69 335 194 114 336 227 111 337 59 113 338 194 114 339 202 115 340 146 116 341 202 115 342 194 114 343 59 113 344 146 116 345 172 117 346 5 118 347 180 119 348 110 120 349 19 121 350 110 120 351 172 117 352 66 122 353 110 120 354 114 123 355 19 121 356 157 124 357 114 123 358 67 18 359 176 125 360 157 124 361 11 103 362 167 19 363 157 124 364 67 18 365 58 20 366 157 124 367 167 19 368 58 20 369 177 101 370 11 103 371 177 101 372 149 21 373 64 99 374 64 99 375 149 21 376 65 24 377 129 97 378 232 126 379 7 82 380 65 24 381 152 127 382 232 126 383 7 82 384 152 127 385 223 83 386 130 25 387 152 127 388 65 24 389 214 87 390 233 29 391 18 31 392 223 83 393 233 29 394 214 87 395 130 25 396 233 29 397 154 128 398 5 118 399 158 129 400 146 116 401 146 116 402 98 130 403 194 114 404 215 72 405 98 130 406 32 131 407 219 69 408 98 130 409 215 72 410 194 114 411 98 130 412 219 69 413 215 72 414 212 132 415 4 73 416 74 108 417 87 133 418 21 109 419 33 134 420 74 108 421 161 135 422 21 109 423 87 133 424 82 136 425 173 1 426 87 133 427 33 134 428 112 14 429 87 133 430 173 1 431 79 112 432 203 137 433 59 113 434 21 109 435 82 136 436 79 112 437 59 113 438 203 137 439 109 138 440 47 16 441 203 137 442 112 14 443 202 115 444 116 139 445 66 122 446 59 113 447 109 138 448 202 115 449 110 120 450 113 17 451 67 18 452 66 122 453 116 139 454 110 120 455 113 17 456 116 139 457 47 16 458 144 140 459 12 141 460 35 142 461 76 143 462 144 140 463 52 144 464 52 144 465 77 145 466 76 143 467 77 145 468 210 146 469 53 147 470 210 146 471 140 148 472 53 147 473 125 149 474 210 146 475 52 144 476 52 144 477 245 150 478 125 149 479 77 145 480 102 151 481 12 141 482 69 152 483 77 145 484 84 153 485 17 154 486 102 151 487 69 152 488 12 141 489 102 151 490 71 155 491 12 141 492 147 156 493 35 142 494 147 156 495 1 157 496 35 142 497 178 102 498 183 158 499 11 103 500 183 158 501 226 159 502 11 103 503 176 125 504 217 160 505 19 121 506 11 103 507 226 159 508 176 125 509 217 160 510 226 159 511 36 161 512 72 162 513 217 160 514 36 161 515 24 163 516 217 160 517 72 162 518 19 121 519 127 164 520 216 165 521 24 163 522 127 164 523 19 121 524 216 165 525 127 164 526 22 166 527 63 167 528 127 164 529 24 163 530 185 168 531 127 164 532 63 167 533 22 166 534 185 168 535 136 169 536 183 158 537 206 170 538 36 161 539 147 156 540 206 170 541 183 158 542 206 170 543 147 156 544 17 154 545 206 170 546 188 171 547 36 161 548 54 172 549 123 173 550 17 154 551 206 170 552 123 173 553 188 171 554 17 154 555 123 173 556 206 170 557 103 174 558 17 154 559 69 152 560 54 172 561 17 154 562 103 174 563 68 175 564 101 176 565 103 174 566 68 175 567 131 177 568 101 176 569 13 178 570 123 173 571 131 177 572 123 173 573 13 178 574 30 179 575 131 177 576 123 173 577 54 172 578 188 171 579 123 173 580 30 179 581 63 167 582 72 162 583 187 180 584 187 180 585 72 162 586 36 161 587 216 165 588 180 119 589 19 121 590 235 181 591 216 165 592 22 166 593 5 118 594 216 165 595 235 181 596 235 181 597 158 129 598 5 118 599 134 182 600 158 129 601 235 181 602 32 131 603 158 129 604 88 183 605 50 184 606 162 185 607 138 186 608 133 187 609 131 177 610 68 175 611 138 186 612 133 187 613 50 184 614 94 188 615 205 189 616 51 190 617 163 191 618 104 192 619 14 193 620 205 189 621 104 192 622 163 191 623 163 191 624 151 194 625 205 189 626 151 194 627 182 195 628 29 196 629 29 196 630 182 195 631 150 197 632 150 197 633 175 198 634 27 199 635 115 200 636 150 197 637 27 199 638 132 201 639 162 185 640 50 184 641 139 202 642 132 201 643 50 184 644 150 197 645 143 203 646 29 196 647 115 200 648 247 204 649 150 197 650 92 205 651 104 192 652 31 206 653 14 193 654 92 205 655 49 207 656 49 207 657 175 198 658 14 193 659 27 199 660 119 208 661 9 209 662 119 208 663 175 198 664 49 207 665 122 210 666 117 211 667 34 212 668 70 213 669 122 210 670 34 212 671 181 214 672 190 215 673 70 213 674 181 214 675 189 216 676 10 217 677 48 218 678 189 216 679 75 219 680 48 218 681 248 220 682 189 216 683 26 221 684 48 218 685 95 222 686 121 223 687 95 222 688 25 224 689 86 225 690 121 223 691 28 226 692 121 223 693 156 227 694 28 226 695 25 224 696 153 228 697 121 223 698 51 190 699 156 227 700 8 229 701 28 226 702 156 227 703 120 230 704 8 229 705 94 188 706 51 190 707 31 206 708 94 188 709 41 231 710 41 231 711 92 205 712 31 206 713 136 169 714 92 205 715 41 231 716 92 205 717 136 169 718 49 207 719 185 168 720 119 208 721 49 207 722 63 167 723 119 208 724 185 168 725 107 232 726 187 180 727 30 179 728 63 167 729 107 232 730 9 209 731 107 232 732 162 185 733 27 199 734 30 179 735 162 185 736 107 232 737 41 231 738 155 233 739 93 234 740 155 233 741 94 188 742 8 229 743 93 234 744 155 233 745 15 235 746 155 233 747 85 236 748 15 235 749 8 229 750 85 236 751 155 233 752 85 236 753 153 228 754 25 224 755 136 169 756 135 237 757 22 166 758 135 237 759 134 182 760 22 166 761 134 182 762 135 237 763 41 231 764 93 234 765 134 182 766 41 231 767 134 182 768 93 234 769 88 183 770 212 132 771 88 183 772 15 235 773 15 235 774 213 238 775 212 132 776 25 224 777 213 238 778 85 236 779 213 238 780 111 239 781 4 73 782 25 224 783 111 239 784 213 238 785 61 240 786 111 239 787 148 241 788 148 241 789 75 219 790 61 240 791 48 218 792 75 219 793 148 241 794 221 242 795 169 243 796 181 214 797 34 212 798 159 244 799 70 213 800 34 212 801 164 89 802 159 244 803 225 94 804 108 90 805 34 212 806 117 211 807 225 94 808 34 212 809 196 98 810 234 245 811 1 157 812 234 245 813 2 95 814 117 211 815 35 142 816 234 245 817 144 140 818 144 140 819 117 211 820 52 144 821 111 239 822 78 71 823 4 73 824 16 75 825 111 239 826 61 240 827 61 240 828 220 76 829 16 75 830 221 242 831 220 76 832 169 243 833 3 77 834 220 76 835 221 242 836 33 134 837 168 2 838 173 1 839 112 14 840 173 1 841 83 5 842 100 3 843 83 5 844 173 1 845 60 0 846 99 6 847 100 3 848 145 4 849 100 3 850 239 12 851 91 8 852 239 12 853 100 3 854 239 12 855 165 9 856 145 4 857 145 4 858 240 15 859 112 14 860 37 10 861 113 17 862 240 15 863 47 16 864 112 14 865 240 15 866 37 10 867 165 9 868 167 19 869 55 13 870 171 23 871 149 21 872 65 24 873 149 21 874 171 23 875 65 24 876 171 23 877 174 22 878 130 25 879 174 22 880 97 11 881 239 12 882 91 8 883 241 26 884 204 27 885 241 26 886 91 8 887 130 25 888 97 11 889 241 26 890 233 29 891 242 32 892 236 30 893 204 27 894 242 32 895 233 29 896 46 28 897 236 30 898 242 32 899 20 33 900 89 36 901 179 34 902 44 45 903 90 35 904 179 34 905 45 41 906 198 40 907 166 39 908 40 42 909 160 43 910 166 39 911 209 44 912 243 46 913 160 43 914 179 34 915 243 46 916 209 44 917 39 37 918 160 43 919 243 46 920 43 48 921 96 49 922 209 44 923 192 50 924 244 55 925 142 51 926 191 52 927 244 55 928 192 50 929 38 54 930 142 51 931 244 55 932 40 42 933 207 56 934 192 50 935 23 53 936 207 56 937 201 57 938 57 38 939 80 59 940 201 57 941 56 61 942 193 60 943 80 59 944 195 64 945 199 63 946 197 62 947 0 65 948 230 66 949 89 36 950 229 70 951 195 64 952 6 68 953 45 41 954 6 68 955 195 64 956 219 69 957 215 72 958 78 71 959 16 75 960 220 76 961 184 74 962 56 61 963 3 77 964 186 78 965 126 80 966 81 79 967 128 81 968 7 82 969 124 84 970 126 80 971 23 53 972 126 80 973 124 84 974 223 83 975 237 85 976 124 84 977 191 52 978 237 85 979 238 86 980 18 31 981 73 88 982 238 86 983 164 89 984 218 91 985 186 78 986 81 79 987 218 91 988 231 92 989 225 94 990 211 96 991 231 92 992 224 93 993 231 92 994 211 96 995 224 93 996 211 96 997 196 98 998 1 157 999 170 100 1000 196 98 1001 177 101 1002 170 100 1003 178 102 1004 1 157 1005 178 102 1006 170 100 1007 0 65 1008 106 246 1009 137 104 1010 74 108 1011 105 107 1012 137 104 1013 105 107 1014 228 110 1015 222 67 1016 59 113 1017 227 111 1018 228 110 1019 219 69 1020 227 111 1021 194 114 1022 66 122 1023 146 116 1024 202 115 1025 66 122 1026 172 117 1027 146 116 1028 5 118 1029 172 117 1030 180 119 1031 110 120 1032 180 119 1033 172 117 1034 67 18 1035 114 123 1036 110 120 1037 157 124 1038 176 125 1039 114 123 1040 19 121 1041 114 123 1042 176 125 1043 58 20 1044 11 103 1045 157 124 1046 58 20 1047 149 21 1048 177 101 1049 129 97 1050 64 99 1051 232 126 1052 65 24 1053 232 126 1054 64 99 1055 7 82 1056 232 126 1057 152 127 1058 130 25 1059 154 128 1060 152 127 1061 223 83 1062 152 127 1063 154 128 1064 223 83 1065 154 128 1066 233 29 1067 32 131 1068 98 130 1069 158 129 1070 146 116 1071 158 129 1072 98 130 1073 32 131 1074 212 132 1075 215 72 1076 42 106 1077 161 135 1078 74 108 1079 33 134 1080 87 133 1081 74 108 1082 112 14 1083 82 136 1084 87 133 1085 79 112 1086 82 136 1087 203 137 1088 112 14 1089 203 137 1090 82 136 1091 47 16 1092 109 138 1093 203 137 1094 202 115 1095 109 138 1096 116 139 1097 47 16 1098 116 139 1099 109 138 1100 110 120 1101 116 139 1102 113 17 1103 144 140 1104 76 143 1105 12 141 1106 12 141 1107 76 143 1108 77 145 1109 52 144 1110 210 146 1111 77 145 1112 52 144 1113 122 210 1114 245 150 1115 122 210 1116 141 247 1117 245 150 1118 122 210 1119 190 215 1120 141 247 1121 53 147 1122 84 153 1123 77 145 1124 69 152 1125 102 151 1126 77 145 1127 71 155 1128 102 151 1129 17 154 1130 17 154 1131 147 156 1132 71 155 1133 12 141 1134 71 155 1135 147 156 1136 147 156 1137 178 102 1138 1 157 1139 147 156 1140 183 158 1141 178 102 1142 36 161 1143 226 159 1144 183 158 1145 176 125 1146 226 159 1147 217 160 1148 24 163 1149 19 121 1150 217 160 1151 22 166 1152 127 164 1153 185 168 1154 54 172 1155 103 174 1156 101 176 1157 54 172 1158 101 176 1159 131 177 1160 188 171 1161 30 179 1162 187 180 1163 36 161 1164 188 171 1165 187 180 1166 63 167 1167 24 163 1168 72 162 1169 5 118 1170 180 119 1171 216 165 1172 22 166 1173 134 182 1174 235 181 1175 134 182 1176 88 183 1177 158 129 1178 13 178 1179 138 186 1180 162 185 1181 133 187 1182 138 186 1183 131 177 1184 13 178 1185 131 177 1186 138 186 1187 205 189 1188 94 188 1189 104 192 1190 31 206 1191 104 192 1192 94 188 1193 14 193 1194 182 195 1195 163 191 1196 151 194 1197 163 191 1198 182 195 1199 14 193 1200 175 198 1201 182 195 1202 150 197 1203 182 195 1204 175 198 1205 115 200 1206 27 199 1207 132 201 1208 27 199 1209 162 185 1210 132 201 1211 115 200 1212 132 201 1213 246 248 1214 139 202 1215 246 248 1216 132 201 1217 150 197 1218 247 204 1219 143 203 1220 14 193 1221 104 192 1222 92 205 1223 27 199 1224 175 198 1225 119 208 1226 52 144 1227 117 211 1228 122 210 1229 122 210 1230 70 213 1231 190 215 1232 181 214 1233 10 217 1234 190 215 1235 181 214 1236 75 219 1237 189 216 1238 48 218 1239 26 221 1240 248 220 1241 25 224 1242 95 222 1243 48 218 1244 8 229 1245 156 227 1246 153 228 1247 121 223 1248 153 228 1249 156 227 1250 51 190 1251 120 230 1252 156 227 1253 49 207 1254 136 169 1255 185 168 1256 63 167 1257 9 209 1258 119 208 1259 63 167 1260 187 180 1261 107 232 1262 27 199 1263 9 209 1264 107 232 1265 30 179 1266 13 178 1267 162 185 1268 41 231 1269 94 188 1270 155 233 1271 8 229 1272 153 228 1273 85 236 1274 136 169 1275 41 231 1276 135 237 1277 15 235 1278 88 183 1279 93 234 1280 32 131 1281 88 183 1282 212 132 1283 4 73 1284 212 132 1285 213 238 1286 15 235 1287 85 236 1288 213 238 1289 148 241 1290 111 239 1291 25 224 1292 25 224 1293 48 218 1294 148 241 1295 61 240 1296 75 219 1297 169 243 1298 181 214 1299 169 243 1300 75 219 1301 221 242 1302 181 214 1303 159 244 1304 70 213 1305 159 244 1306 181 214 1307 221 242 1308 159 244 1309 164 89 1310 34 212 1311 108 90 1312 164 89 1313 117 211 1314 2 95 1315 225 94 1316 196 98 1317 2 95 1318 234 245 1319 117 211 1320 144 140 1321 234 245 1322 35 142 1323 1 157 1324 234 245 1325 16 75 1326 78 71 1327 111 239 1328 61 240 1329 169 243 1330 220 76 1331 3 77 1332 221 242 1333 164 89 1334</p>
        </triangles>
      </mesh>
    </geometry>
  </library_geometries>
  <library_controllers>
    <controller id="GanondorfRig_GanondorfAnkletLeft_LOD2-skin" name="GanondorfRig">
      <skin source="#GanondorfAnkletLeft_LOD2-mesh">
        <bind_shape_matrix>1 0 0 0 0 1 0 0 0 0 1 0 0 0 0 1</bind_shape_matrix>
        <source id="GanondorfRig_GanondorfAnkletLeft_LOD2-skin-joints">
          <Name_array id="GanondorfRig_GanondorfAnkletLeft_LOD2-skin-joints-array" count="4">L_LOWER_LEG mKneeLeft L_FOOT mAnkleLeft</Name_array>
          <technique_common>
            <accessor source="#GanondorfRig_GanondorfAnkletLeft_LOD2-skin-joints-array" count="4" stride="1">
              <param name="JOINT" type="name"/>
            </accessor>
          </technique_common>
        </source>
        <source id="GanondorfRig_GanondorfAnkletLeft_LOD2-skin-bind_poses">
          <float_array id="GanondorfRig_GanondorfAnkletLeft_LOD2-skin-bind_poses-array" count="64">1 0 0 -0.01299995 0 1 0 -0.08099997 0 0 1 -0.335 0 0 0 1 1 0 0 -0.03299999 0 1 0 -0.08099997 0 0 1 -0.535 0 0 0 1 1 0 0 -0.08099997 0 1 0 -0.08199995 0 0 1 -0.02599996 0 0 0 1 1 0 0 -0.003999948 0 1 0 -0.08199995 0 0 1 -0.06699997 0 0 0 1</float_array>
          <technique_common>
            <accessor source="#GanondorfRig_GanondorfAnkletLeft_LOD2-skin-bind_poses-array" count="4" stride="16">
              <param name="TRANSFORM" type="float4x4"/>
            </accessor>
          </technique_common>
        </source>
        <source id="GanondorfRig_GanondorfAnkletLeft_LOD2-skin-weights">
          <float_array id="GanondorfRig_GanondorfAnkletLeft_LOD2-skin-weights-array" count="558">0.5 0.5 0.5 0.5 0.5 0.5 0.5 0.5 0.5 0.5 0.5 0.5 0.5 0.5 0.5 0.5 0.372249 0.372249 0.1277509 0.1277509 0.5 0.5 0.5 0.5 0.5 0.5 0.5 0.5 0.5 0.5 0.5 0.5 0.5 0.5 0.5 0.5 0.4146561 0.4146561 0.08534389 0.08534389 0.5 0.5 0.5 0.5 0.5 0.5 0.5 0.5 0.5 0.5 0.5 0.5 0.5 0.5 0.05555522 0.05555522 0.4444448 0.4444448 0.5 0.5 0.5 0.5 0.5 0.5 0.5 0.5 0.1264602 0.1264602 0.3735398 0.3735398 0.0804736 0.0804736 0.4195263 0.4195263 0.5 0.5 0.5 0.5 0.5 0.5 0.5 0.5 0.5 0.5 0.5 0.5 0.5 0.5 0.5 0.5 0.5 0.5 0.4601006 0.4601006 0.03989934 0.03989934 0.5 0.5 0.5 0.5 0.5 0.5 0.5 0.5 0.5 0.5 0.5 0.5 0.5 0.5 0.5 0.5 0.5 0.5 0.5 0.5 0.5 0.5 0.5 0.5 0.5 0.5 0.5 0.5 0.5 0.5 0.5 0.5 0.5 0.5 0.5 0.5 0.5 0.5 0.5 0.5 0.5 0.5 0.5 0.5 0.5 0.5 0.5 0.5 0.5 0.5 0.5 0.5 0.5 0.5 0.5 0.5 0.1559543 0.1559543 0.3440457 0.3440457 0.5 0.5 0.5 0.5 0.5 0.5 0.5 0.5 0.1487172 0.1487172 0.3512827 0.3512827 0.3258306 0.3258306 0.1741693 0.1741693 0.2083079 0.2083079 0.2916921 0.2916921 0.5 0.5 0.5 0.5 0.5 0.5 0.5 0.5 0.5 0.5 0.5 0.5 0.5 0.5 0.318838 0.318838 0.181162 0.181162 0.5 0.5 0.5 0.5 0.5 0.5 0.5 0.5 0.5 0.5 0.5 0.5 0.002906143 0.002906143 0.4970939 0.4970939 0.5 0.5 0.168317 0.168317 0.331683 0.331683 0.5 0.5 0.5 0.5 0.5 0.5 0.5 0.5 0.5 0.5 0.5 0.5 0.5 0.5 0.2715402 0.2715402 0.2284597 0.2284597 0.5 0.5 0.5 0.5 0.5 0.5 0.5 0.5 0.01900792 0.01900792 0.480992 0.480992 0.5 0.5 0.5 0.5 0.5 0.5 0.4940673 0.4940673 0.005932688 0.005932688 0.5 0.5 0.5 0.5 0.5 0.5 0.5 0.5 0.5 0.5 0.461762 0.461762 0.03823798 0.03823798 0.5 0.5 0.03541612 0.03541612 0.4645838 0.4645838 0.5 0.5 0.5 0.5 0.09420919 0.09420919 0.4057908 0.4057908 0.07345479 0.07345479 0.4265452 0.4265452 0.5 0.5 0.5 0.5 0.5 0.5 0.5 0.5 0.5 0.5 0.5 0.5 0.5 0.5 0.5 0.5 0.5 0.5 0.5 0.5 0.5 0.5 0.5 0.5 0.4902534 0.4902534 0.009746551 0.009746551 0.5 0.5 0.5 0.5 0.5 0.5 0.5 0.5 0.5 0.5 0.5 0.5 0.5 0.5 0.2727068 0.2727068 0.2272931 0.2272931 0.5 0.5 0.5 0.5 0.5 0.5 0.25 0.25 0.25 0.25 0.5 0.5 0.5 0.5 0.5 0.5 0.5 0.5 0.225645 0.225645 0.274355 0.274355 0.5 0.5 0.5 0.5 0.2246909 0.2246909 0.275309 0.275309 0.5 0.5 0.5 0.5 0.4421443 0.4421443 0.05785566 0.05785566 0.5 0.5 0.5 0.5 0.5 0.5 0.5 0.5 0.5 0.5 0.5 0.5 0.5 0.5 0.5 0.5 0.5 0.5 0.4079976 0.4079976 0.09200239 0.09200239 0.5 0.5 0.5 0.5 0.5 0.5 0.5 0.5 0.5 0.5 0.5 0.5 0.5 0.5 0.5 0.5 0.5 0.5 0.5 0.5 0.5 0.5 0.05143094 0.05143094 0.448569 0.448569 0.5 0.5 0.5 0.5 0.5 0.5 0.4918648 0.4918648 0.008135259 0.008135259 0.5 0.5 0.4678588 0.4678588 0.03214114 0.03214114 0.5 0.5 0.5 0.5 0.5 0.5 0.5 0.5 0.5 0.5 0.5 0.5 0.5 0.5 0.5 0.5 0.5 0.5 0.5 0.5 0.5 0.5 0.5 0.5 0.5 0.5 0.5 0.5 0.5 0.5 0.5 0.5 0.5 0.5 0.5 0.5 0.5 0.5 0.5 0.5 0.5 0.5 0.5 0.5 0.5 0.5 0.5 0.5 0.5 0.5 0.5 0.5 0.5 0.5 0.5 0.5 0.5 0.5 0.5 0.5 0.5 0.5 0.5 0.5 0.5 0.5 0.5 0.5 0.5 0.5 0.5 0.5 0.5 0.5 0.5 0.5 0.5 0.5 0.5 0.5 0.5 0.5 0.5 0.5 0.5 0.5 0.5 0.5 0.5 0.5 0.5 0.5 0.5 0.5 0.5 0.5 0.5 0.5 0.5 0.5 0.5 0.5 0.5 0.5 0.5 0.5 0.5 0.5 0.5 0.5 0.5 0.5 0.5 0.5 0.5 0.5 0.5 0.5 0.5 0.5 0.5 0.5</float_array>
          <technique_common>
            <accessor source="#GanondorfRig_GanondorfAnkletLeft_LOD2-skin-weights-array" count="558" stride="1">
              <param name="WEIGHT" type="float"/>
            </accessor>
          </technique_common>
        </source>
        <joints>
          <input semantic="JOINT" source="#GanondorfRig_GanondorfAnkletLeft_LOD2-skin-joints"/>
          <input semantic="INV_BIND_MATRIX" source="#GanondorfRig_GanondorfAnkletLeft_LOD2-skin-bind_poses"/>
        </joints>
        <vertex_weights count="249">
          <input semantic="JOINT" source="#GanondorfRig_GanondorfAnkletLeft_LOD2-skin-joints" offset="0"/>
          <input semantic="WEIGHT" source="#GanondorfRig_GanondorfAnkletLeft_LOD2-skin-weights" offset="1"/>
          <vcount>2 2 2 2 2 2 2 2 4 2 2 2 2 2 2 2 2 4 2 2 2 2 2 2 2 4 2 2 2 2 4 4 2 2 2 2 2 2 2 2 2 4 2 2 2 2 2 2 2 2 2 2 2 2 2 2 2 2 2 2 2 2 2 2 2 2 2 2 2 2 4 2 2 2 2 4 4 4 2 2 2 2 2 2 2 4 2 2 2 2 2 2 4 2 4 2 2 2 2 2 2 2 4 2 2 2 2 4 2 2 2 4 2 2 2 2 2 4 2 4 2 2 4 4 2 2 2 2 2 2 2 2 2 2 2 2 4 2 2 2 2 2 2 2 4 2 2 2 4 2 2 2 2 4 2 2 4 2 2 4 2 2 2 2 2 2 2 2 2 4 2 2 2 2 2 2 2 2 2 2 2 4 2 2 2 4 2 4 2 2 2 2 2 2 2 2 2 2 2 2 2 2 2 2 2 2 2 2 2 2 2 2 2 2 2 2 2 2 2 2 2 2 2 2 2 2 2 2 2 2 2 2 2 2 2 2 2 2 2 2 2 2 2 2 2 2 2 2 2 </vcount>
          <v>0 0 1 1 0 2 1 3 0 4 1 5 0 6 1 7 0 8 1 9 0 10 1 11 0 12 1 13 0 14 1 15 0 16 1 17 2 18 3 19 2 20 3 21 2 22 3 23 0 24 1 25 0 26 1 27 2 28 3 29 2 30 3 31 0 32 1 33 0 34 1 35 0 36 1 37 2 38 3 39 0 40 1 41 0 42 1 43 0 44 1 45 0 46 1 47 0 48 1 49 0 50 1 51 0 52 1 53 0 54 1 55 2 56 3 57 2 58 3 59 2 60 3 61 2 62 3 63 2 64 3 65 0 66 1 67 2 68 3 69 0 70 1 71 2 72 3 73 0 74 1 75 0 76 1 77 0 78 1 79 0 80 1 81 0 82 1 83 0 84 1 85 0 86 1 87 0 88 1 89 0 90 1 91 0 92 1 93 2 94 3 95 0 96 1 97 0 98 1 99 0 100 1 101 0 102 1 103 0 104 1 105 0 106 1 107 2 108 3 109 2 110 3 111 2 112 3 113 2 114 3 115 2 116 3 117 2 118 3 119 2 120 3 121 0 122 1 123 0 124 1 125 0 126 1 127 0 128 1 129 0 130 1 131 0 132 1 133 0 134 1 135 0 136 1 137 0 138 1 139 0 140 1 141 0 142 1 143 0 144 1 145 0 146 1 147 2 148 3 149 2 150 3 151 0 152 1 153 2 154 3 155 0 156 1 157 0 158 1 159 0 160 1 161 0 162 1 163 0 164 1 165 2 166 3 167 0 168 1 169 2 170 3 171 0 172 1 173 2 174 3 175 0 176 1 177 0 178 1 179 0 180 1 181 0 182 1 183 0 184 1 185 0 186 1 187 2 188 3 189 0 190 1 191 2 192 3 193 2 194 3 195 0 196 1 197 0 198 1 199 0 200 1 201 0 202 1 203 0 204 1 205 0 206 1 207 2 208 3 209 0 210 1 211 0 212 1 213 2 214 3 215 2 216 3 217 0 218 1 219 0 220 1 221 0 222 1 223 0 224 1 225 0 226 1 227 2 228 3 229 0 230 1 231 2 232 3 233 2 234 3 235 2 236 3 237 0 238 1 239 0 240 1 241 0 242 1 243 2 244 3 245 0 246 1 247 0 248 1 249 0 250 1 251 0 252 1 253 2 254 3 255 0 256 1 257 0 258 1 259 0 260 1 261 2 262 3 263 0 264 1 265 0 266 1 267 2 268 3 269 0 270 1 271 0 272 1 273 2 274 3 275 2 276 3 277 2 278 3 279 0 280 1 281 2 282 3 283 0 284 1 285 2 286 3 287 0 288 1 289 2 290 3 291 0 292 1 293 0 294 1 295 0 296 1 297 0 298 1 299 0 300 1 301 2 302 3 303 2 304 3 305 2 306 3 307 0 308 1 309 0 310 1 311 0 312 1 313 2 314 3 315 0 316 1 317 2 318 3 319 2 320 3 321 2 322 3 323 2 324 3 325 0 326 1 327 2 328 3 329 0 330 1 331 2 332 3 333 0 334 1 335 0 336 1 337 0 338 1 339 0 340 1 341 2 342 3 343 0 344 1 345 2 346 3 347 2 348 3 349 0 350 1 351 0 352 1 353 2 354 3 355 0 356 1 357 0 358 1 359 0 360 1 361 2 362 3 363 0 364 1 365 0 366 1 367 0 368 1 369 2 370 3 371 0 372 1 373 0 374 1 375 2 376 3 377 2 378 3 379 0 380 1 381 0 382 1 383 0 384 1 385 0 386 1 387 0 388 1 389 0 390 1 391 2 392 3 393 0 394 1 395 0 396 1 397 0 398 1 399 0 400 1 401 0 402 1 403 2 404 3 405 0 406 1 407 0 408 1 409 0 410 1 411 0 412 1 413 0 414 1 415 0 416 1 417 2 418 3 419 2 420 3 421 0 422 1 423 0 424 1 425 0 426 1 427 2 428 3 429 0 430 1 431 0 432 1 433 2 434 3 435 0 436 1 437 2 438 3 439 2 440 3 441 0 442 1 443 0 444 1 445 0 446 1 447 0 448 1 449 0 450 1 451 0 452 1 453 0 454 1 455 0 456 1 457 0 458 1 459 0 460 1 461 0 462 1 463 0 464 1 465 0 466 1 467 0 468 1 469 2 470 3 471 0 472 1 473 0 474 1 475 0 476 1 477 0 478 1 479 2 480 3 481 0 482 1 483 0 484 1 485 0 486 1 487 0 488 1 489 0 490 1 491 0 492 1 493 0 494 1 495 0 496 1 497 0 498 1 499 0 500 1 501 0 502 1 503 0 504 1 505 0 506 1 507 0 508 1 509 0 510 1 511 0 512 1 513 0 514 1 515 0 516 1 517 0 518 1 519 0 520 1 521 0 522 1 523 0 524 1 525 0 526 1 527 0 528 1 529 0 530 1 531 0 532 1 533 0 534 1 535 0 536 1 537 0 538 1 539 0 540 1 541 0 542 1 543 0 544 1 545 0 546 1 547 0 548 1 549 2 550 3 551 2 552 3 553 2 554 3 555 2 556 3 557</v>
        </vertex_weights>
      </skin>
    </controller>
  </library_controllers>
  <library_visual_scenes>
    <visual_scene id="Scene" name="Scene">
      <node id="GanondorfRig" name="GanondorfRig" type="NODE">
        <matrix sid="transform">1 0 0 0 0 1 0 0 0 0 1 0 0 0 0 1</matrix>
        <node id="GanondorfRig_mPelvis" name="mPelvis" sid="mPelvis" type="JOINT">
          <matrix sid="transform">1 0 0 0 0 1 0 0 0 0 1 1.067 0 0 0 1</matrix>
          <node id="GanondorfRig_PELVIS" name="PELVIS" sid="PELVIS" type="JOINT">
            <matrix sid="transform">1 0 0 -0.01 0 1 0 0 0 0 1 -0.01999998 0 0 0 1</matrix>
            <extra>
              <technique profile="blender">
                <layer sid="layer" type="string">0</layer>
                <roll sid="roll" type="float">0.1396263</roll>
                <tip_x sid="tip_x" type="float">0</tip_x>
                <tip_y sid="tip_y" type="float">0.02999997</tip_y>
                <tip_z sid="tip_z" type="float">0</tip_z>
              </technique>
            </extra>
          </node>
          <node id="GanondorfRig_BUTT" name="BUTT" sid="BUTT" type="JOINT">
            <matrix sid="transform">1 0 0 -0.06 0 1 0 0 0 0 1 -0.1 0 0 0 1</matrix>
            <extra>
              <technique profile="blender">
                <layer sid="layer" type="string">0</layer>
                <tip_x sid="tip_x" type="float">0</tip_x>
                <tip_y sid="tip_y" type="float">0.02999997</tip_y>
                <tip_z sid="tip_z" type="float">0</tip_z>
              </technique>
            </extra>
          </node>
          <node id="GanondorfRig_mSpine1" name="mSpine1" sid="mSpine1" type="JOINT">
            <matrix sid="transform">1 0 0 0 0 1 0 0 0 0 1 0.08399999 0 0 0 1</matrix>
            <node id="GanondorfRig_mSpine2" name="mSpine2" sid="mSpine2" type="JOINT">
              <matrix sid="transform">1 0 0 0 0 1 0 0 0 0 1 -0.08399999 0 0 0 1</matrix>
              <node id="GanondorfRig_mTorso" name="mTorso" sid="mTorso" type="JOINT">
                <matrix sid="transform">1 0 0 0 0 1 0 0 0 0 1 0.08399999 0 0 0 1</matrix>
                <node id="GanondorfRig_BELLY" name="BELLY" sid="BELLY" type="JOINT">
                  <matrix sid="transform">1 0 0 0.028 0 1 0 0 0 0 1 0.03999996 0 0 0 1</matrix>
                  <extra>
                    <technique profile="blender">
                      <layer sid="layer" type="string">0</layer>
                      <roll sid="roll" type="float">0.1396263</roll>
                      <tip_x sid="tip_x" type="float">0</tip_x>
                      <tip_y sid="tip_y" type="float">0.02999997</tip_y>
                      <tip_z sid="tip_z" type="float">0</tip_z>
                    </technique>
                  </extra>
                </node>
                <node id="GanondorfRig_LEFT_HANDLE" name="LEFT_HANDLE" sid="LEFT_HANDLE" type="JOINT">
                  <matrix sid="transform">1 0 0 0 0 1 0 0.1 0 0 1 0.05799997 0 0 0 1</matrix>
                  <extra>
                    <technique profile="blender">
                      <layer sid="layer" type="string">0</layer>
                      <tip_x sid="tip_x" type="float">0</tip_x>
                      <tip_y sid="tip_y" type="float">0.02999997</tip_y>
                      <tip_z sid="tip_z" type="float">0</tip_z>
                    </technique>
                  </extra>
                </node>
                <node id="GanondorfRig_RIGHT_HANDLE" name="RIGHT_HANDLE" sid="RIGHT_HANDLE" type="JOINT">
                  <matrix sid="transform">1 0 0 0 0 1 0 -0.09999999 0 0 1 0.05799997 0 0 0 1</matrix>
                  <extra>
                    <technique profile="blender">
                      <layer sid="layer" type="string">0</layer>
                      <tip_x sid="tip_x" type="float">0</tip_x>
                      <tip_y sid="tip_y" type="float">0.02999997</tip_y>
                      <tip_z sid="tip_z" type="float">0</tip_z>
                    </technique>
                  </extra>
                </node>
                <node id="GanondorfRig_LOWER_BACK" name="LOWER_BACK" sid="LOWER_BACK" type="JOINT">
                  <matrix sid="transform">1 0 0 0 0 1 0 0 0 0 1 0.023 0 0 0 1</matrix>
                  <extra>
                    <technique profile="blender">
                      <layer sid="layer" type="string">0</layer>
                      <tip_x sid="tip_x" type="float">0</tip_x>
                      <tip_y sid="tip_y" type="float">0.02999997</tip_y>
                      <tip_z sid="tip_z" type="float">0</tip_z>
                    </technique>
                  </extra>
                </node>
                <node id="GanondorfRig_mSpine3" name="mSpine3" sid="mSpine3" type="JOINT">
                  <matrix sid="transform">1 0 0 -0.015 0 1 0 0 0 0 1 0.2049999 0 0 0 1</matrix>
                  <node id="GanondorfRig_mSpine4" name="mSpine4" sid="mSpine4" type="JOINT">
                    <matrix sid="transform">1 0 0 0.015 0 1 0 0 0 0 1 -0.2049999 0 0 0 1</matrix>
                    <node id="GanondorfRig_mChest" name="mChest" sid="mChest" type="JOINT">
                      <matrix sid="transform">1 0 0 -0.015 0 1 0 0 0 0 1 0.2049999 0 0 0 1</matrix>
                      <node id="GanondorfRig_CHEST" name="CHEST" sid="CHEST" type="JOINT">
                        <matrix sid="transform">1 0 -1.49012e-8 0.028 0 1 0 0 1.49012e-8 0 1 0.07000005 0 0 0 1</matrix>
                        <extra>
                          <technique profile="blender">
                            <layer sid="layer" type="string">0</layer>
                            <roll sid="roll" type="float">-0.1745329</roll>
                            <tip_x sid="tip_x" type="float">0</tip_x>
                            <tip_y sid="tip_y" type="float">0.02999997</tip_y>
                            <tip_z sid="tip_z" type="float">0</tip_z>
                          </technique>
                        </extra>
                      </node>
                      <node id="GanondorfRig_LEFT_PEC" name="LEFT_PEC" sid="LEFT_PEC" type="JOINT">
                        <matrix sid="transform">1 0 0 0.119 0 1 0 0.082 0 0 1 0.04200006 0 0 0 1</matrix>
                        <extra>
                          <technique profile="blender">
                            <layer sid="layer" type="string">0</layer>
                            <roll sid="roll" type="float">0.07487457</roll>
                            <tip_x sid="tip_x" type="float">0</tip_x>
                            <tip_y sid="tip_y" type="float">0.02999997</tip_y>
                            <tip_z sid="tip_z" type="float">0</tip_z>
                          </technique>
                        </extra>
                      </node>
                      <node id="GanondorfRig_RIGHT_PEC" name="RIGHT_PEC" sid="RIGHT_PEC" type="JOINT">
                        <matrix sid="transform">1 0 0 0.119 0 1 0 -0.082 0 0 1 0.04200006 0 0 0 1</matrix>
                        <extra>
                          <technique profile="blender">
                            <layer sid="layer" type="string">0</layer>
                            <roll sid="roll" type="float">0.07487457</roll>
                            <tip_x sid="tip_x" type="float">0</tip_x>
                            <tip_y sid="tip_y" type="float">0.02999997</tip_y>
                            <tip_z sid="tip_z" type="float">0</tip_z>
                          </technique>
                        </extra>
                      </node>
                      <node id="GanondorfRig_UPPER_BACK" name="UPPER_BACK" sid="UPPER_BACK" type="JOINT">
                        <matrix sid="transform">1 0 0 0 0 1 0 0 0 0 1 0.01700008 0 0 0 1</matrix>
                        <extra>
                          <technique profile="blender">
                            <layer sid="layer" type="string">0</layer>
                            <tip_x sid="tip_x" type="float">0</tip_x>
                            <tip_y sid="tip_y" type="float">0.02999997</tip_y>
                            <tip_z sid="tip_z" type="float">0</tip_z>
                          </technique>
                        </extra>
                      </node>
                      <node id="GanondorfRig_mNeck" name="mNeck" sid="mNeck" type="JOINT">
                        <matrix sid="transform">1 0 0 -0.01 0 1 0 0 0 0 1 0.251 0 0 0 1</matrix>
                        <node id="GanondorfRig_NECK" name="NECK" sid="NECK" type="JOINT">
                          <matrix sid="transform">1 0 0 0 0 1 0 0 0 0 1 0.01999998 0 0 0 1</matrix>
                          <extra>
                            <technique profile="blender">
                              <layer sid="layer" type="string">0</layer>
                              <tip_x sid="tip_x" type="float">0</tip_x>
                              <tip_y sid="tip_y" type="float">0.02999997</tip_y>
                              <tip_z sid="tip_z" type="float">0</tip_z>
                            </technique>
                          </extra>
                        </node>
                        <node id="GanondorfRig_mHead" name="mHead" sid="mHead" type="JOINT">
                          <matrix sid="transform">1 0 0 0 0 1 0 0 0 0 1 0.07599998 0 0 0 1</matrix>
                          <node id="GanondorfRig_HEAD" name="HEAD" sid="HEAD" type="JOINT">
                            <matrix sid="transform">1 0 0 0.02 0 1 0 0 0 0 1 0.07000005 0 0 0 1</matrix>
                            <extra>
                              <technique profile="blender">
                                <layer sid="layer" type="string">0</layer>
                                <tip_x sid="tip_x" type="float">0</tip_x>
                                <tip_y sid="tip_y" type="float">0.02999997</tip_y>
                                <tip_z sid="tip_z" type="float">0</tip_z>
                              </technique>
                            </extra>
                          </node>
                          <node id="GanondorfRig_mSkull" name="mSkull" sid="mSkull" type="JOINT">
                            <matrix sid="transform">1 0 0 0 0 1 0 0 0 0 1 0.079 0 0 0 1</matrix>
                            <extra>
                              <technique profile="blender">
                                <layer sid="layer" type="string">0</layer>
                                <tip_x sid="tip_x" type="float">0</tip_x>
                                <tip_y sid="tip_y" type="float">0.02999997</tip_y>
                                <tip_z sid="tip_z" type="float">0</tip_z>
                              </technique>
                            </extra>
                          </node>
                          <node id="GanondorfRig_mEyeRight" name="mEyeRight" sid="mEyeRight" type="JOINT">
                            <matrix sid="transform">1 0 0 0.098 0 1 0 -0.036 0 0 1 0.079 0 0 0 1</matrix>
                            <extra>
                              <technique profile="blender">
                                <layer sid="layer" type="string">0</layer>
                                <tip_x sid="tip_x" type="float">0</tip_x>
                                <tip_y sid="tip_y" type="float">0.02999997</tip_y>
                                <tip_z sid="tip_z" type="float">0</tip_z>
                              </technique>
                            </extra>
                          </node>
                          <node id="GanondorfRig_mEyeLeft" name="mEyeLeft" sid="mEyeLeft" type="JOINT">
                            <matrix sid="transform">1 0 0 0.098 0 1 0 0.036 0 0 1 0.079 0 0 0 1</matrix>
                            <extra>
                              <technique profile="blender">
                                <layer sid="layer" type="string">0</layer>
                                <tip_x sid="tip_x" type="float">0</tip_x>
                                <tip_y sid="tip_y" type="float">0.02999997</tip_y>
                                <tip_z sid="tip_z" type="float">0</tip_z>
                              </technique>
                            </extra>
                          </node>
                          <node id="GanondorfRig_mFaceRoot" name="mFaceRoot" sid="mFaceRoot" type="JOINT">
                            <matrix sid="transform">1 0 0 0.025 0 1 0 0 0 0 1 0.04500008 0 0 0 1</matrix>
                            <node id="GanondorfRig_mFaceEyeAltRight" name="mFaceEyeAltRight" sid="mFaceEyeAltRight" type="JOINT">
                              <matrix sid="transform">1 0 0 0.073 0 1 0 -0.036 0 0 1 0.03399992 0 0 0 1</matrix>
                              <extra>
                                <technique profile="blender">
                                  <layer sid="layer" type="string">0</layer>
                                  <tip_x sid="tip_x" type="float">0</tip_x>
                                  <tip_y sid="tip_y" type="float">0.02999997</tip_y>
                                  <tip_z sid="tip_z" type="float">0</tip_z>
                                </technique>
                              </extra>
                            </node>
                            <node id="GanondorfRig_mFaceEyeAltLeft" name="mFaceEyeAltLeft" sid="mFaceEyeAltLeft" type="JOINT">
                              <matrix sid="transform">1 0 0 0.073 0 1 0 0.036 0 0 1 0.03399992 0 0 0 1</matrix>
                              <extra>
                                <technique profile="blender">
                                  <layer sid="layer" type="string">0</layer>
                                  <tip_x sid="tip_x" type="float">0</tip_x>
                                  <tip_y sid="tip_y" type="float">0.02999997</tip_y>
                                  <tip_z sid="tip_z" type="float">0</tip_z>
                                </technique>
                              </extra>
                            </node>
                            <node id="GanondorfRig_mFaceForeheadLeft" name="mFaceForeheadLeft" sid="mFaceForeheadLeft" type="JOINT">
                              <matrix sid="transform">1 0 0 0.061 0 1 0 0.035 0 0 1 0.08299994 0 0 0 1</matrix>
                              <extra>
                                <technique profile="blender">
                                  <layer sid="layer" type="string">0</layer>
                                  <tip_x sid="tip_x" type="float">0</tip_x>
                                  <tip_y sid="tip_y" type="float">0.02999997</tip_y>
                                  <tip_z sid="tip_z" type="float">0</tip_z>
                                </technique>
                              </extra>
                            </node>
                            <node id="GanondorfRig_mFaceForeheadRight" name="mFaceForeheadRight" sid="mFaceForeheadRight" type="JOINT">
                              <matrix sid="transform">1 0 0 0.061 0 1 0 -0.035 0 0 1 0.08299994 0 0 0 1</matrix>
                              <extra>
                                <technique profile="blender">
                                  <layer sid="layer" type="string">0</layer>
                                  <tip_x sid="tip_x" type="float">0</tip_x>
                                  <tip_y sid="tip_y" type="float">0.02999997</tip_y>
                                  <tip_z sid="tip_z" type="float">0</tip_z>
                                </technique>
                              </extra>
                            </node>
                            <node id="GanondorfRig_mFaceEyebrowOuterLeft" name="mFaceEyebrowOuterLeft" sid="mFaceEyebrowOuterLeft" type="JOINT">
                              <matrix sid="transform">1 0 0 0.064 0 1 0 0.051 0 0 1 0.04799998 0 0 0 1</matrix>
                              <extra>
                                <technique profile="blender">
                                  <layer sid="layer" type="string">0</layer>
                                  <tip_x sid="tip_x" type="float">0</tip_x>
                                  <tip_y sid="tip_y" type="float">0.02999997</tip_y>
                                  <tip_z sid="tip_z" type="float">0</tip_z>
                                </technique>
                              </extra>
                            </node>
                            <node id="GanondorfRig_mFaceEyebrowCenterLeft" name="mFaceEyebrowCenterLeft" sid="mFaceEyebrowCenterLeft" type="JOINT">
                              <matrix sid="transform">1 0 0 0.07 0 1 0 0.043 0 0 1 0.05599999 0 0 0 1</matrix>
                              <extra>
                                <technique profile="blender">
                                  <layer sid="layer" type="string">0</layer>
                                  <tip_x sid="tip_x" type="float">0</tip_x>
                                  <tip_y sid="tip_y" type="float">0.02999997</tip_y>
                                  <tip_z sid="tip_z" type="float">0</tip_z>
                                </technique>
                              </extra>
                            </node>
                            <node id="GanondorfRig_mFaceEyebrowInnerLeft" name="mFaceEyebrowInnerLeft" sid="mFaceEyebrowInnerLeft" type="JOINT">
                              <matrix sid="transform">1 0 0 0.075 0 1 0 0.022 0 0 1 0.051 0 0 0 1</matrix>
                              <extra>
                                <technique profile="blender">
                                  <layer sid="layer" type="string">0</layer>
                                  <tip_x sid="tip_x" type="float">0</tip_x>
                                  <tip_y sid="tip_y" type="float">0.02999997</tip_y>
                                  <tip_z sid="tip_z" type="float">0</tip_z>
                                </technique>
                              </extra>
                            </node>
                            <node id="GanondorfRig_mFaceEyebrowOuterRight" name="mFaceEyebrowOuterRight" sid="mFaceEyebrowOuterRight" type="JOINT">
                              <matrix sid="transform">1 0 0 0.064 0 1 0 -0.051 0 0 1 0.04799998 0 0 0 1</matrix>
                              <extra>
                                <technique profile="blender">
                                  <layer sid="layer" type="string">0</layer>
                                  <tip_x sid="tip_x" type="float">0</tip_x>
                                  <tip_y sid="tip_y" type="float">0.02999997</tip_y>
                                  <tip_z sid="tip_z" type="float">0</tip_z>
                                </technique>
                              </extra>
                            </node>
                            <node id="GanondorfRig_mFaceEyebrowCenterRight" name="mFaceEyebrowCenterRight" sid="mFaceEyebrowCenterRight" type="JOINT">
                              <matrix sid="transform">1 0 0 0.07 0 1 0 -0.043 0 0 1 0.05599999 0 0 0 1</matrix>
                              <extra>
                                <technique profile="blender">
                                  <layer sid="layer" type="string">0</layer>
                                  <tip_x sid="tip_x" type="float">0</tip_x>
                                  <tip_y sid="tip_y" type="float">0.02999997</tip_y>
                                  <tip_z sid="tip_z" type="float">0</tip_z>
                                </technique>
                              </extra>
                            </node>
                            <node id="GanondorfRig_mFaceEyebrowInnerRight" name="mFaceEyebrowInnerRight" sid="mFaceEyebrowInnerRight" type="JOINT">
                              <matrix sid="transform">1 0 0 0.075 0 1 0 -0.022 0 0 1 0.051 0 0 0 1</matrix>
                              <extra>
                                <technique profile="blender">
                                  <layer sid="layer" type="string">0</layer>
                                  <tip_x sid="tip_x" type="float">0</tip_x>
                                  <tip_y sid="tip_y" type="float">0.02999997</tip_y>
                                  <tip_z sid="tip_z" type="float">0</tip_z>
                                </technique>
                              </extra>
                            </node>
                            <node id="GanondorfRig_mFaceEyeLidUpperLeft" name="mFaceEyeLidUpperLeft" sid="mFaceEyeLidUpperLeft" type="JOINT">
                              <matrix sid="transform">1 0 0 0.073 0 1 0 0.036 0 0 1 0.03399992 0 0 0 1</matrix>
                              <extra>
                                <technique profile="blender">
                                  <layer sid="layer" type="string">0</layer>
                                  <tip_x sid="tip_x" type="float">0</tip_x>
                                  <tip_y sid="tip_y" type="float">0.02999997</tip_y>
                                  <tip_z sid="tip_z" type="float">0</tip_z>
                                </technique>
                              </extra>
                            </node>
                            <node id="GanondorfRig_mFaceEyeLidLowerLeft" name="mFaceEyeLidLowerLeft" sid="mFaceEyeLidLowerLeft" type="JOINT">
                              <matrix sid="transform">1 0 0 0.073 0 1 0 0.036 0 0 1 0.03399992 0 0 0 1</matrix>
                              <extra>
                                <technique profile="blender">
                                  <layer sid="layer" type="string">0</layer>
                                  <tip_x sid="tip_x" type="float">0</tip_x>
                                  <tip_y sid="tip_y" type="float">0.02999997</tip_y>
                                  <tip_z sid="tip_z" type="float">0</tip_z>
                                </technique>
                              </extra>
                            </node>
                            <node id="GanondorfRig_mFaceEyeLidUpperRight" name="mFaceEyeLidUpperRight" sid="mFaceEyeLidUpperRight" type="JOINT">
                              <matrix sid="transform">1 0 0 0.073 0 1 0 -0.036 0 0 1 0.03399992 0 0 0 1</matrix>
                              <extra>
                                <technique profile="blender">
                                  <layer sid="layer" type="string">0</layer>
                                  <tip_x sid="tip_x" type="float">0</tip_x>
                                  <tip_y sid="tip_y" type="float">0.02999997</tip_y>
                                  <tip_z sid="tip_z" type="float">0</tip_z>
                                </technique>
                              </extra>
                            </node>
                            <node id="GanondorfRig_mFaceEyeLidLowerRight" name="mFaceEyeLidLowerRight" sid="mFaceEyeLidLowerRight" type="JOINT">
                              <matrix sid="transform">1 0 0 0.073 0 1 0 -0.036 0 0 1 0.03399992 0 0 0 1</matrix>
                              <extra>
                                <technique profile="blender">
                                  <layer sid="layer" type="string">0</layer>
                                  <tip_x sid="tip_x" type="float">0</tip_x>
                                  <tip_y sid="tip_y" type="float">0.02999997</tip_y>
                                  <tip_z sid="tip_z" type="float">0</tip_z>
                                </technique>
                              </extra>
                            </node>
                            <node id="GanondorfRig_mFaceEar1Left" name="mFaceEar1Left" sid="mFaceEar1Left" type="JOINT">
                              <matrix sid="transform">1 0 0 0 0 1 0 0.08 0 0 1 0.001999974 0 0 0 1</matrix>
                              <node id="GanondorfRig_mFaceEar2Left" name="mFaceEar2Left" sid="mFaceEar2Left" type="JOINT">
                                <matrix sid="transform">1 0 0 -0.019 0 1 0 0.018 0 0 1 0.02499998 0 0 0 1</matrix>
                                <extra>
                                  <technique profile="blender">
                                    <layer sid="layer" type="string">0</layer>
                                    <tip_x sid="tip_x" type="float">0</tip_x>
                                    <tip_y sid="tip_y" type="float">0.02999997</tip_y>
                                    <tip_z sid="tip_z" type="float">0</tip_z>
                                  </technique>
                                </extra>
                              </node>
                              <extra>
                                <technique profile="blender">
                                  <layer sid="layer" type="string">0</layer>
                                  <tip_x sid="tip_x" type="float">0</tip_x>
                                  <tip_y sid="tip_y" type="float">0.02999997</tip_y>
                                  <tip_z sid="tip_z" type="float">0</tip_z>
                                </technique>
                              </extra>
                            </node>
                            <node id="GanondorfRig_mFaceEar1Right" name="mFaceEar1Right" sid="mFaceEar1Right" type="JOINT">
                              <matrix sid="transform">1 0 0 0 0 1 0 -0.08 0 0 1 0.001999974 0 0 0 1</matrix>
                              <node id="GanondorfRig_mFaceEar2Right" name="mFaceEar2Right" sid="mFaceEar2Right" type="JOINT">
                                <matrix sid="transform">1 0 0 -0.019 0 1 0 -0.018 0 0 1 0.02499998 0 0 0 1</matrix>
                                <extra>
                                  <technique profile="blender">
                                    <layer sid="layer" type="string">0</layer>
                                    <tip_x sid="tip_x" type="float">0</tip_x>
                                    <tip_y sid="tip_y" type="float">0.02999997</tip_y>
                                    <tip_z sid="tip_z" type="float">0</tip_z>
                                  </technique>
                                </extra>
                              </node>
                              <extra>
                                <technique profile="blender">
                                  <layer sid="layer" type="string">0</layer>
                                  <tip_x sid="tip_x" type="float">0</tip_x>
                                  <tip_y sid="tip_y" type="float">0.02999997</tip_y>
                                  <tip_z sid="tip_z" type="float">0</tip_z>
                                </technique>
                              </extra>
                            </node>
                            <node id="GanondorfRig_mFaceNoseLeft" name="mFaceNoseLeft" sid="mFaceNoseLeft" type="JOINT">
                              <matrix sid="transform">1 0 0 0.086 0 1 0 0.015 0 0 1 -0.004000068 0 0 0 1</matrix>
                              <extra>
                                <technique profile="blender">
                                  <layer sid="layer" type="string">0</layer>
                                  <tip_x sid="tip_x" type="float">0</tip_x>
                                  <tip_y sid="tip_y" type="float">0.02999997</tip_y>
                                  <tip_z sid="tip_z" type="float">0</tip_z>
                                </technique>
                              </extra>
                            </node>
                            <node id="GanondorfRig_mFaceNoseCenter" name="mFaceNoseCenter" sid="mFaceNoseCenter" type="JOINT">
                              <matrix sid="transform">1 0 0 0.102 0 1 0 0 0 0 1 0 0 0 0 1</matrix>
                              <extra>
                                <technique profile="blender">
                                  <layer sid="layer" type="string">0</layer>
                                  <tip_x sid="tip_x" type="float">0</tip_x>
                                  <tip_y sid="tip_y" type="float">0.02999997</tip_y>
                                  <tip_z sid="tip_z" type="float">0</tip_z>
                                </technique>
                              </extra>
                            </node>
                            <node id="GanondorfRig_mFaceNoseRight" name="mFaceNoseRight" sid="mFaceNoseRight" type="JOINT">
                              <matrix sid="transform">1 0 0 0.086 0 1 0 -0.015 0 0 1 -0.004000068 0 0 0 1</matrix>
                              <extra>
                                <technique profile="blender">
                                  <layer sid="layer" type="string">0</layer>
                                  <tip_x sid="tip_x" type="float">0</tip_x>
                                  <tip_y sid="tip_y" type="float">0.02999997</tip_y>
                                  <tip_z sid="tip_z" type="float">0</tip_z>
                                </technique>
                              </extra>
                            </node>
                            <node id="GanondorfRig_mFaceCheekLowerLeft" name="mFaceCheekLowerLeft" sid="mFaceCheekLowerLeft" type="JOINT">
                              <matrix sid="transform">1 0 0 0.05 0 1 0 0.034 0 0 1 -0.03100002 0 0 0 1</matrix>
                              <extra>
                                <technique profile="blender">
                                  <layer sid="layer" type="string">0</layer>
                                  <tip_x sid="tip_x" type="float">0</tip_x>
                                  <tip_y sid="tip_y" type="float">0.02999997</tip_y>
                                  <tip_z sid="tip_z" type="float">0</tip_z>
                                </technique>
                              </extra>
                            </node>
                            <node id="GanondorfRig_mFaceCheekUpperLeft" name="mFaceCheekUpperLeft" sid="mFaceCheekUpperLeft" type="JOINT">
                              <matrix sid="transform">1 0 0 0.07 0 1 0 0.034 0 0 1 -0.004999995 0 0 0 1</matrix>
                              <extra>
                                <technique profile="blender">
                                  <layer sid="layer" type="string">0</layer>
                                  <tip_x sid="tip_x" type="float">0</tip_x>
                                  <tip_y sid="tip_y" type="float">0.02999997</tip_y>
                                  <tip_z sid="tip_z" type="float">0</tip_z>
                                </technique>
                              </extra>
                            </node>
                            <node id="GanondorfRig_mFaceCheekLowerRight" name="mFaceCheekLowerRight" sid="mFaceCheekLowerRight" type="JOINT">
                              <matrix sid="transform">1 0 0 0.05 0 1 0 -0.034 0 0 1 -0.03100002 0 0 0 1</matrix>
                              <extra>
                                <technique profile="blender">
                                  <layer sid="layer" type="string">0</layer>
                                  <tip_x sid="tip_x" type="float">0</tip_x>
                                  <tip_y sid="tip_y" type="float">0.02999997</tip_y>
                                  <tip_z sid="tip_z" type="float">0</tip_z>
                                </technique>
                              </extra>
                            </node>
                            <node id="GanondorfRig_mFaceCheekUpperRight" name="mFaceCheekUpperRight" sid="mFaceCheekUpperRight" type="JOINT">
                              <matrix sid="transform">1 0 0 0.07 0 1 0 -0.034 0 0 1 -0.004999995 0 0 0 1</matrix>
                              <extra>
                                <technique profile="blender">
                                  <layer sid="layer" type="string">0</layer>
                                  <tip_x sid="tip_x" type="float">0</tip_x>
                                  <tip_y sid="tip_y" type="float">0.02999997</tip_y>
                                  <tip_z sid="tip_z" type="float">0</tip_z>
                                </technique>
                              </extra>
                            </node>
                            <node id="GanondorfRig_mFaceJaw" name="mFaceJaw" sid="mFaceJaw" type="JOINT">
                              <matrix sid="transform">1 0 0 -0.001 0 1 0 0 0 0 1 -0.01499999 0 0 0 1</matrix>
                              <node id="GanondorfRig_mFaceChin" name="mFaceChin" sid="mFaceChin" type="JOINT">
                                <matrix sid="transform">1 0 0 0.074 0 1 0 0 0 0 1 -0.05400002 0 0 0 1</matrix>
                                <extra>
                                  <technique profile="blender">
                                    <layer sid="layer" type="string">0</layer>
                                    <tip_x sid="tip_x" type="float">0</tip_x>
                                    <tip_y sid="tip_y" type="float">0.02999997</tip_y>
                                    <tip_z sid="tip_z" type="float">0</tip_z>
                                  </technique>
                                </extra>
                              </node>
                              <node id="GanondorfRig_mFaceTeethLower" name="mFaceTeethLower" sid="mFaceTeethLower" type="JOINT">
                                <matrix sid="transform">1 0 0 0.021 0 1 0 0 0 0 1 -0.03900003 0 0 0 1</matrix>
                                <node id="GanondorfRig_mFaceLipLowerLeft" name="mFaceLipLowerLeft" sid="mFaceLipLowerLeft" type="JOINT">
                                  <matrix sid="transform">1 0 0 0.045 0 1 0 0 0 0 1 0 0 0 0 1</matrix>
                                  <extra>
                                    <technique profile="blender">
                                      <layer sid="layer" type="string">0</layer>
                                      <tip_x sid="tip_x" type="float">0</tip_x>
                                      <tip_y sid="tip_y" type="float">0.02999997</tip_y>
                                      <tip_z sid="tip_z" type="float">0</tip_z>
                                    </technique>
                                  </extra>
                                </node>
                                <node id="GanondorfRig_mFaceLipLowerRight" name="mFaceLipLowerRight" sid="mFaceLipLowerRight" type="JOINT">
                                  <matrix sid="transform">1 0 0 0.045 0 1 0 0 0 0 1 0 0 0 0 1</matrix>
                                  <extra>
                                    <technique profile="blender">
                                      <layer sid="layer" type="string">0</layer>
                                      <tip_x sid="tip_x" type="float">0</tip_x>
                                      <tip_y sid="tip_y" type="float">0.02999997</tip_y>
                                      <tip_z sid="tip_z" type="float">0</tip_z>
                                    </technique>
                                  </extra>
                                </node>
                                <node id="GanondorfRig_mFaceLipLowerCenter" name="mFaceLipLowerCenter" sid="mFaceLipLowerCenter" type="JOINT">
                                  <matrix sid="transform">1 0 0 0.045 0 1 0 0 0 0 1 0 0 0 0 1</matrix>
                                  <extra>
                                    <technique profile="blender">
                                      <layer sid="layer" type="string">0</layer>
                                      <tip_x sid="tip_x" type="float">0</tip_x>
                                      <tip_y sid="tip_y" type="float">0.02999997</tip_y>
                                      <tip_z sid="tip_z" type="float">0</tip_z>
                                    </technique>
                                  </extra>
                                </node>
                                <node id="GanondorfRig_mFaceTongueBase" name="mFaceTongueBase" sid="mFaceTongueBase" type="JOINT">
                                  <matrix sid="transform">1 0 0 0.039 0 1 0 0 0 0 1 0.004999995 0 0 0 1</matrix>
                                  <node id="GanondorfRig_mFaceTongueTip" name="mFaceTongueTip" sid="mFaceTongueTip" type="JOINT">
                                    <matrix sid="transform">1 0 0 0.022 0 1 0 0 0 0 1 0.006999969 0 0 0 1</matrix>
                                    <extra>
                                      <technique profile="blender">
                                        <layer sid="layer" type="string">0</layer>
                                        <tip_x sid="tip_x" type="float">0</tip_x>
                                        <tip_y sid="tip_y" type="float">0.02999997</tip_y>
                                        <tip_z sid="tip_z" type="float">0</tip_z>
                                      </technique>
                                    </extra>
                                  </node>
                                  <extra>
                                    <technique profile="blender">
                                      <layer sid="layer" type="string">0</layer>
                                      <tip_x sid="tip_x" type="float">0</tip_x>
                                      <tip_y sid="tip_y" type="float">0.02999997</tip_y>
                                      <tip_z sid="tip_z" type="float">0</tip_z>
                                    </technique>
                                  </extra>
                                </node>
                                <extra>
                                  <technique profile="blender">
                                    <layer sid="layer" type="string">0</layer>
                                    <tip_x sid="tip_x" type="float">0</tip_x>
                                    <tip_y sid="tip_y" type="float">0.02999997</tip_y>
                                    <tip_z sid="tip_z" type="float">0</tip_z>
                                  </technique>
                                </extra>
                              </node>
                              <extra>
                                <technique profile="blender">
                                  <layer sid="layer" type="string">0</layer>
                                  <tip_x sid="tip_x" type="float">0</tip_x>
                                  <tip_y sid="tip_y" type="float">0.02999997</tip_y>
                                  <tip_z sid="tip_z" type="float">0</tip_z>
                                </technique>
                              </extra>
                            </node>
                            <node id="GanondorfRig_mFaceJawShaper" name="mFaceJawShaper" sid="mFaceJawShaper" type="JOINT">
                              <matrix sid="transform">1 0 0 0 0 1 0 0 0 0 1 0 0 0 0 1</matrix>
                              <extra>
                                <technique profile="blender">
                                  <layer sid="layer" type="string">0</layer>
                                  <tip_x sid="tip_x" type="float">0</tip_x>
                                  <tip_y sid="tip_y" type="float">0.02999997</tip_y>
                                  <tip_z sid="tip_z" type="float">0</tip_z>
                                </technique>
                              </extra>
                            </node>
                            <node id="GanondorfRig_mFaceForeheadCenter" name="mFaceForeheadCenter" sid="mFaceForeheadCenter" type="JOINT">
                              <matrix sid="transform">1 0 0 0.069 0 1 0 0 0 0 1 0.06499994 0 0 0 1</matrix>
                              <extra>
                                <technique profile="blender">
                                  <layer sid="layer" type="string">0</layer>
                                  <tip_x sid="tip_x" type="float">0</tip_x>
                                  <tip_y sid="tip_y" type="float">0.02999997</tip_y>
                                  <tip_z sid="tip_z" type="float">0</tip_z>
                                </technique>
                              </extra>
                            </node>
                            <node id="GanondorfRig_mFaceNoseBase" name="mFaceNoseBase" sid="mFaceNoseBase" type="JOINT">
                              <matrix sid="transform">1 0 0 0.094 0 1 0 0 0 0 1 -0.01600003 0 0 0 1</matrix>
                              <extra>
                                <technique profile="blender">
                                  <layer sid="layer" type="string">0</layer>
                                  <tip_x sid="tip_x" type="float">0</tip_x>
                                  <tip_y sid="tip_y" type="float">0.02999997</tip_y>
                                  <tip_z sid="tip_z" type="float">0</tip_z>
                                </technique>
                              </extra>
                            </node>
                            <node id="GanondorfRig_mFaceTeethUpper" name="mFaceTeethUpper" sid="mFaceTeethUpper" type="JOINT">
                              <matrix sid="transform">1 0 0 0.02 0 1 0 0 0 0 1 -0.03000009 0 0 0 1</matrix>
                              <node id="GanondorfRig_mFaceLipUpperLeft" name="mFaceLipUpperLeft" sid="mFaceLipUpperLeft" type="JOINT">
                                <matrix sid="transform">1 0 0 0.045 0 1 0 0 0 0 1 -0.002999902 0 0 0 1</matrix>
                                <extra>
                                  <technique profile="blender">
                                    <layer sid="layer" type="string">0</layer>
                                    <tip_x sid="tip_x" type="float">0</tip_x>
                                    <tip_y sid="tip_y" type="float">0.02999997</tip_y>
                                    <tip_z sid="tip_z" type="float">0</tip_z>
                                  </technique>
                                </extra>
                              </node>
                              <node id="GanondorfRig_mFaceLipUpperRight" name="mFaceLipUpperRight" sid="mFaceLipUpperRight" type="JOINT">
                                <matrix sid="transform">1 0 0 0.045 0 1 0 0 0 0 1 -0.002999902 0 0 0 1</matrix>
                                <extra>
                                  <technique profile="blender">
                                    <layer sid="layer" type="string">0</layer>
                                    <tip_x sid="tip_x" type="float">0</tip_x>
                                    <tip_y sid="tip_y" type="float">0.02999997</tip_y>
                                    <tip_z sid="tip_z" type="float">0</tip_z>
                                  </technique>
                                </extra>
                              </node>
                              <node id="GanondorfRig_mFaceLipCornerLeft" name="mFaceLipCornerLeft" sid="mFaceLipCornerLeft" type="JOINT">
                                <matrix sid="transform">1 0 0 0.028 0 1 0 -0.019 0 0 1 -0.00999999 0 0 0 1</matrix>
                                <extra>
                                  <technique profile="blender">
                                    <layer sid="layer" type="string">0</layer>
                                    <tip_x sid="tip_x" type="float">0</tip_x>
                                    <tip_y sid="tip_y" type="float">0.02999997</tip_y>
                                    <tip_z sid="tip_z" type="float">0</tip_z>
                                  </technique>
                                </extra>
                              </node>
                              <node id="GanondorfRig_mFaceLipCornerRight" name="mFaceLipCornerRight" sid="mFaceLipCornerRight" type="JOINT">
                                <matrix sid="transform">1 0 0 0.028 0 1 0 0.019 0 0 1 -0.00999999 0 0 0 1</matrix>
                                <extra>
                                  <technique profile="blender">
                                    <layer sid="layer" type="string">0</layer>
                                    <tip_x sid="tip_x" type="float">0</tip_x>
                                    <tip_y sid="tip_y" type="float">0.02999997</tip_y>
                                    <tip_z sid="tip_z" type="float">0</tip_z>
                                  </technique>
                                </extra>
                              </node>
                              <node id="GanondorfRig_mFaceLipUpperCenter" name="mFaceLipUpperCenter" sid="mFaceLipUpperCenter" type="JOINT">
                                <matrix sid="transform">1 0 0 0.045 0 1 0 0 0 0 1 -0.002999902 0 0 0 1</matrix>
                                <extra>
                                  <technique profile="blender">
                                    <layer sid="layer" type="string">0</layer>
                                    <tip_x sid="tip_x" type="float">0</tip_x>
                                    <tip_y sid="tip_y" type="float">0.02999997</tip_y>
                                    <tip_z sid="tip_z" type="float">0</tip_z>
                                  </technique>
                                </extra>
                              </node>
                              <extra>
                                <technique profile="blender">
                                  <layer sid="layer" type="string">0</layer>
                                  <tip_x sid="tip_x" type="float">0</tip_x>
                                  <tip_y sid="tip_y" type="float">0.02999997</tip_y>
                                  <tip_z sid="tip_z" type="float">0</tip_z>
                                </technique>
                              </extra>
                            </node>
                            <node id="GanondorfRig_mFaceEyecornerInnerLeft" name="mFaceEyecornerInnerLeft" sid="mFaceEyecornerInnerLeft" type="JOINT">
                              <matrix sid="transform">1 0 0 0.075 0 1 0 0.017 0 0 1 0.03199995 0 0 0 1</matrix>
                              <extra>
                                <technique profile="blender">
                                  <layer sid="layer" type="string">0</layer>
                                  <tip_x sid="tip_x" type="float">0</tip_x>
                                  <tip_y sid="tip_y" type="float">0.02999997</tip_y>
                                  <tip_z sid="tip_z" type="float">0</tip_z>
                                </technique>
                              </extra>
                            </node>
                            <node id="GanondorfRig_mFaceEyecornerInnerRight" name="mFaceEyecornerInnerRight" sid="mFaceEyecornerInnerRight" type="JOINT">
                              <matrix sid="transform">1 0 0 0.075 0 1 0 -0.017 0 0 1 0.03199995 0 0 0 1</matrix>
                              <extra>
                                <technique profile="blender">
                                  <layer sid="layer" type="string">0</layer>
                                  <tip_x sid="tip_x" type="float">0</tip_x>
                                  <tip_y sid="tip_y" type="float">0.02999997</tip_y>
                                  <tip_z sid="tip_z" type="float">0</tip_z>
                                </technique>
                              </extra>
                            </node>
                            <node id="GanondorfRig_mFaceNoseBridge" name="mFaceNoseBridge" sid="mFaceNoseBridge" type="JOINT">
                              <matrix sid="transform">1 0 0 0.091 0 1 0 0 0 0 1 0.01999998 0 0 0 1</matrix>
                              <extra>
                                <technique profile="blender">
                                  <layer sid="layer" type="string">0</layer>
                                  <tip_x sid="tip_x" type="float">0</tip_x>
                                  <tip_y sid="tip_y" type="float">0.02999997</tip_y>
                                  <tip_z sid="tip_z" type="float">0</tip_z>
                                </technique>
                              </extra>
                            </node>
                            <extra>
                              <technique profile="blender">
                                <layer sid="layer" type="string">0</layer>
                                <tip_x sid="tip_x" type="float">0</tip_x>
                                <tip_y sid="tip_y" type="float">0.02999997</tip_y>
                                <tip_z sid="tip_z" type="float">0</tip_z>
                              </technique>
                            </extra>
                          </node>
                          <extra>
                            <technique profile="blender">
                              <layer sid="layer" type="string">0</layer>
                              <tip_x sid="tip_x" type="float">0</tip_x>
                              <tip_y sid="tip_y" type="float">0.02999997</tip_y>
                              <tip_z sid="tip_z" type="float">0</tip_z>
                            </technique>
                          </extra>
                        </node>
                        <extra>
                          <technique profile="blender">
                            <layer sid="layer" type="string">0</layer>
                            <tip_x sid="tip_x" type="float">0</tip_x>
                            <tip_y sid="tip_y" type="float">0.02999997</tip_y>
                            <tip_z sid="tip_z" type="float">0</tip_z>
                          </technique>
                        </extra>
                      </node>
                      <node id="GanondorfRig_mCollarLeft" name="mCollarLeft" sid="mCollarLeft" type="JOINT">
                        <matrix sid="transform">1 0 0 -0.021 0 1 0 0.085 0 0 1 0.1650001 0 0 0 1</matrix>
                        <node id="GanondorfRig_L_CLAVICLE" name="L_CLAVICLE" sid="L_CLAVICLE" type="JOINT">
                          <matrix sid="transform">1 0 0 0.02 0 1 0 0 0 0 1 0.01999998 0 0 0 1</matrix>
                          <extra>
                            <technique profile="blender">
                              <layer sid="layer" type="string">0</layer>
                              <tip_x sid="tip_x" type="float">0</tip_x>
                              <tip_y sid="tip_y" type="float">0.02999997</tip_y>
                              <tip_z sid="tip_z" type="float">0</tip_z>
                            </technique>
                          </extra>
                        </node>
                        <node id="GanondorfRig_mShoulderLeft" name="mShoulderLeft" sid="mShoulderLeft" type="JOINT">
                          <matrix sid="transform">1 0 0 0 0 1 0 0.079 0 0 1 0 0 0 0 1</matrix>
                          <node id="GanondorfRig_L_UPPER_ARM" name="L_UPPER_ARM" sid="L_UPPER_ARM" type="JOINT">
                            <matrix sid="transform">1 0 0 0 0 1 0 0.12 0 0 1 0.00999999 0 0 0 1</matrix>
                            <extra>
                              <technique profile="blender">
                                <layer sid="layer" type="string">0</layer>
                                <tip_x sid="tip_x" type="float">0</tip_x>
                                <tip_y sid="tip_y" type="float">0.02988582</tip_y>
                                <tip_z sid="tip_z" type="float">-0.002614617</tip_z>
                              </technique>
                            </extra>
                          </node>
                          <node id="GanondorfRig_mElbowLeft" name="mElbowLeft" sid="mElbowLeft" type="JOINT">
                            <matrix sid="transform">1 0 0 0 0 1 0 0.248 0 0 1 0 0 0 0 1</matrix>
                            <node id="GanondorfRig_L_LOWER_ARM" name="L_LOWER_ARM" sid="L_LOWER_ARM" type="JOINT">
                              <matrix sid="transform">1 0 0 0 0 0.9999999 0 0.1 0 0 0.9999999 0 0 0 0 1</matrix>
                              <extra>
                                <technique profile="blender">
                                  <layer sid="layer" type="string">0</layer>
                                  <tip_x sid="tip_x" type="float">0</tip_x>
                                  <tip_y sid="tip_y" type="float">0.0299589</tip_y>
                                  <tip_z sid="tip_z" type="float">-0.001570105</tip_z>
                                </technique>
                              </extra>
                            </node>
                            <node id="GanondorfRig_mWristLeft" name="mWristLeft" sid="mWristLeft" type="JOINT">
                              <matrix sid="transform">1 0 0 0 0 1 0 0.205 0 0 1 0 0 0 0 1</matrix>
                              <node id="GanondorfRig_L_HAND" name="L_HAND" sid="L_HAND" type="JOINT">
                                <matrix sid="transform">0.9999999 -7.567e-10 9.31323e-10 0.009999998 1.41154e-8 0.9999999 3.72529e-9 0.05000001 -9.31323e-10 3.72529e-9 1 0 0 0 0 1</matrix>
                                <extra>
                                  <technique profile="blender">
                                    <layer sid="layer" type="string">0</layer>
                                    <roll sid="roll" type="float">0.004581928</roll>
                                    <tip_x sid="tip_x" type="float">0.005202293</tip_x>
                                    <tip_y sid="tip_y" type="float">0.02950376</tip_y>
                                    <tip_z sid="tip_z" type="float">-0.001570105</tip_z>
                                  </technique>
                                </extra>
                              </node>
                              <node id="GanondorfRig_mHandMiddle1Left" name="mHandMiddle1Left" sid="mHandMiddle1Left" type="JOINT">
                                <matrix sid="transform">1 0 0 0.013 0 1 0 0.101 0 0 1 0.01499999 0 0 0 1</matrix>
                                <node id="GanondorfRig_mHandMiddle2Left" name="mHandMiddle2Left" sid="mHandMiddle2Left" type="JOINT">
                                  <matrix sid="transform">1 0 0 -0.001 0 1 0 0.04000002 0 0 1 -0.006000042 0 0 0 1</matrix>
                                  <node id="GanondorfRig_mHandMiddle3Left" name="mHandMiddle3Left" sid="mHandMiddle3Left" type="JOINT">
                                    <matrix sid="transform">1 0 0 -0.001 0 1 0 0.04899997 0 0 1 -0.008000016 0 0 0 1</matrix>
                                    <extra>
                                      <technique profile="blender">
                                        <layer sid="layer" type="string">0</layer>
                                        <tip_x sid="tip_x" type="float">0</tip_x>
                                        <tip_y sid="tip_y" type="float">0.02999997</tip_y>
                                        <tip_z sid="tip_z" type="float">0</tip_z>
                                      </technique>
                                    </extra>
                                  </node>
                                  <extra>
                                    <technique profile="blender">
                                      <layer sid="layer" type="string">0</layer>
                                      <tip_x sid="tip_x" type="float">0</tip_x>
                                      <tip_y sid="tip_y" type="float">0.02999997</tip_y>
                                      <tip_z sid="tip_z" type="float">0</tip_z>
                                    </technique>
                                  </extra>
                                </node>
                                <extra>
                                  <technique profile="blender">
                                    <layer sid="layer" type="string">0</layer>
                                    <tip_x sid="tip_x" type="float">0</tip_x>
                                    <tip_y sid="tip_y" type="float">0.02999997</tip_y>
                                    <tip_z sid="tip_z" type="float">0</tip_z>
                                  </technique>
                                </extra>
                              </node>
                              <node id="GanondorfRig_mHandIndex1Left" name="mHandIndex1Left" sid="mHandIndex1Left" type="JOINT">
                                <matrix sid="transform">1 0 0 0.038 0 1 0 0.097 0 0 1 0.01499999 0 0 0 1</matrix>
                                <node id="GanondorfRig_mHandIndex2Left" name="mHandIndex2Left" sid="mHandIndex2Left" type="JOINT">
                                  <matrix sid="transform">1 0 0 0.017 0 1 0 0.03600001 0 0 1 -0.006000042 0 0 0 1</matrix>
                                  <node id="GanondorfRig_mHandIndex3Left" name="mHandIndex3Left" sid="mHandIndex3Left" type="JOINT">
                                    <matrix sid="transform">1 0 0 0.014 0 1 0 0.03200001 0 0 1 -0.005999923 0 0 0 1</matrix>
                                    <extra>
                                      <technique profile="blender">
                                        <layer sid="layer" type="string">0</layer>
                                        <tip_x sid="tip_x" type="float">0</tip_x>
                                        <tip_y sid="tip_y" type="float">0.02999997</tip_y>
                                        <tip_z sid="tip_z" type="float">0</tip_z>
                                      </technique>
                                    </extra>
                                  </node>
                                  <extra>
                                    <technique profile="blender">
                                      <layer sid="layer" type="string">0</layer>
                                      <tip_x sid="tip_x" type="float">0</tip_x>
                                      <tip_y sid="tip_y" type="float">0.02999997</tip_y>
                                      <tip_z sid="tip_z" type="float">0</tip_z>
                                    </technique>
                                  </extra>
                                </node>
                                <extra>
                                  <technique profile="blender">
                                    <layer sid="layer" type="string">0</layer>
                                    <tip_x sid="tip_x" type="float">0</tip_x>
                                    <tip_y sid="tip_y" type="float">0.02999997</tip_y>
                                    <tip_z sid="tip_z" type="float">0</tip_z>
                                  </technique>
                                </extra>
                              </node>
                              <node id="GanondorfRig_mHandRing1Left" name="mHandRing1Left" sid="mHandRing1Left" type="JOINT">
                                <matrix sid="transform">1 0 0 -0.01 0 1 0 0.09900004 0 0 1 0.008999944 0 0 0 1</matrix>
                                <node id="GanondorfRig_mHandRing2Left" name="mHandRing2Left" sid="mHandRing2Left" type="JOINT">
                                  <matrix sid="transform">1 0 0 -0.013 0 1 0 0.03799999 0 0 1 -0.008000016 0 0 0 1</matrix>
                                  <node id="GanondorfRig_mHandRing3Left" name="mHandRing3Left" sid="mHandRing3Left" type="JOINT">
                                    <matrix sid="transform">1 0 0 -0.013 0 1 0 0.04000002 0 0 1 -0.008999944 0 0 0 1</matrix>
                                    <extra>
                                      <technique profile="blender">
                                        <layer sid="layer" type="string">0</layer>
                                        <tip_x sid="tip_x" type="float">0</tip_x>
                                        <tip_y sid="tip_y" type="float">0.02999997</tip_y>
                                        <tip_z sid="tip_z" type="float">0</tip_z>
                                      </technique>
                                    </extra>
                                  </node>
                                  <extra>
                                    <technique profile="blender">
                                      <layer sid="layer" type="string">0</layer>
                                      <tip_x sid="tip_x" type="float">0</tip_x>
                                      <tip_y sid="tip_y" type="float">0.02999997</tip_y>
                                      <tip_z sid="tip_z" type="float">0</tip_z>
                                    </technique>
                                  </extra>
                                </node>
                                <extra>
                                  <technique profile="blender">
                                    <layer sid="layer" type="string">0</layer>
                                    <tip_x sid="tip_x" type="float">0</tip_x>
                                    <tip_y sid="tip_y" type="float">0.02999997</tip_y>
                                    <tip_z sid="tip_z" type="float">0</tip_z>
                                  </technique>
                                </extra>
                              </node>
                              <node id="GanondorfRig_mHandPinky1Left" name="mHandPinky1Left" sid="mHandPinky1Left" type="JOINT">
                                <matrix sid="transform">1 0 0 -0.031 0 1 0 0.09500003 0 0 1 0.003000021 0 0 0 1</matrix>
                                <node id="GanondorfRig_mHandPinky2Left" name="mHandPinky2Left" sid="mHandPinky2Left" type="JOINT">
                                  <matrix sid="transform">1 0 0 -0.024 0 1 0 0.02499998 0 0 1 -0.006000042 0 0 0 1</matrix>
                                  <node id="GanondorfRig_mHandPinky3Left" name="mHandPinky3Left" sid="mHandPinky3Left" type="JOINT">
                                    <matrix sid="transform">1 0 0 -0.015 0 1 0 0.01800001 0 0 1 -0.003999949 0 0 0 1</matrix>
                                    <extra>
                                      <technique profile="blender">
                                        <layer sid="layer" type="string">0</layer>
                                        <tip_x sid="tip_x" type="float">0</tip_x>
                                        <tip_y sid="tip_y" type="float">0.02999997</tip_y>
                                        <tip_z sid="tip_z" type="float">0</tip_z>
                                      </technique>
                                    </extra>
                                  </node>
                                  <extra>
                                    <technique profile="blender">
                                      <layer sid="layer" type="string">0</layer>
                                      <tip_x sid="tip_x" type="float">0</tip_x>
                                      <tip_y sid="tip_y" type="float">0.02999997</tip_y>
                                      <tip_z sid="tip_z" type="float">0</tip_z>
                                    </technique>
                                  </extra>
                                </node>
                                <extra>
                                  <technique profile="blender">
                                    <layer sid="layer" type="string">0</layer>
                                    <tip_x sid="tip_x" type="float">0</tip_x>
                                    <tip_y sid="tip_y" type="float">0.02999997</tip_y>
                                    <tip_z sid="tip_z" type="float">0</tip_z>
                                  </technique>
                                </extra>
                              </node>
                              <node id="GanondorfRig_mHandThumb1Left" name="mHandThumb1Left" sid="mHandThumb1Left" type="JOINT">
                                <matrix sid="transform">1 0 0 0.031 0 1 0 0.02600002 0 0 1 0.003999949 0 0 0 1</matrix>
                                <node id="GanondorfRig_mHandThumb2Left" name="mHandThumb2Left" sid="mHandThumb2Left" type="JOINT">
                                  <matrix sid="transform">1 0 0 0.028 0 1 0 0.03200001 0 0 1 -9.99928e-4 0 0 0 1</matrix>
                                  <node id="GanondorfRig_mHandThumb3Left" name="mHandThumb3Left" sid="mHandThumb3Left" type="JOINT">
                                    <matrix sid="transform">1 0 0 0.023 0 1 0 0.03099996 0 0 1 -0.001000047 0 0 0 1</matrix>
                                    <extra>
                                      <technique profile="blender">
                                        <layer sid="layer" type="string">0</layer>
                                        <tip_x sid="tip_x" type="float">0</tip_x>
                                        <tip_y sid="tip_y" type="float">0.02999997</tip_y>
                                        <tip_z sid="tip_z" type="float">0</tip_z>
                                      </technique>
                                    </extra>
                                  </node>
                                  <extra>
                                    <technique profile="blender">
                                      <layer sid="layer" type="string">0</layer>
                                      <tip_x sid="tip_x" type="float">0</tip_x>
                                      <tip_y sid="tip_y" type="float">0.02999997</tip_y>
                                      <tip_z sid="tip_z" type="float">0</tip_z>
                                    </technique>
                                  </extra>
                                </node>
                                <extra>
                                  <technique profile="blender">
                                    <layer sid="layer" type="string">0</layer>
                                    <tip_x sid="tip_x" type="float">0</tip_x>
                                    <tip_y sid="tip_y" type="float">0.02999997</tip_y>
                                    <tip_z sid="tip_z" type="float">0</tip_z>
                                  </technique>
                                </extra>
                              </node>
                              <extra>
                                <technique profile="blender">
                                  <layer sid="layer" type="string">0</layer>
                                  <tip_x sid="tip_x" type="float">0</tip_x>
                                  <tip_y sid="tip_y" type="float">0.02999997</tip_y>
                                  <tip_z sid="tip_z" type="float">0</tip_z>
                                </technique>
                              </extra>
                            </node>
                            <extra>
                              <technique profile="blender">
                                <layer sid="layer" type="string">0</layer>
                                <tip_x sid="tip_x" type="float">0</tip_x>
                                <tip_y sid="tip_y" type="float">0.02999997</tip_y>
                                <tip_z sid="tip_z" type="float">0</tip_z>
                              </technique>
                            </extra>
                          </node>
                          <extra>
                            <technique profile="blender">
                              <layer sid="layer" type="string">0</layer>
                              <tip_x sid="tip_x" type="float">0</tip_x>
                              <tip_y sid="tip_y" type="float">0.02999997</tip_y>
                              <tip_z sid="tip_z" type="float">0</tip_z>
                            </technique>
                          </extra>
                        </node>
                        <extra>
                          <technique profile="blender">
                            <layer sid="layer" type="string">0</layer>
                            <tip_x sid="tip_x" type="float">0</tip_x>
                            <tip_y sid="tip_y" type="float">0.02999997</tip_y>
                            <tip_z sid="tip_z" type="float">0</tip_z>
                          </technique>
                        </extra>
                      </node>
                      <node id="GanondorfRig_mCollarRight" name="mCollarRight" sid="mCollarRight" type="JOINT">
                        <matrix sid="transform">1 0 0 -0.021 0 1 0 -0.085 0 0 1 0.1650001 0 0 0 1</matrix>
                        <node id="GanondorfRig_R_CLAVICLE" name="R_CLAVICLE" sid="R_CLAVICLE" type="JOINT">
                          <matrix sid="transform">1 0 0 0.02 0 1 0 0 0 0 1 0.01999998 0 0 0 1</matrix>
                          <extra>
                            <technique profile="blender">
                              <layer sid="layer" type="string">0</layer>
                              <tip_x sid="tip_x" type="float">0</tip_x>
                              <tip_y sid="tip_y" type="float">0.02999997</tip_y>
                              <tip_z sid="tip_z" type="float">0</tip_z>
                            </technique>
                          </extra>
                        </node>
                        <node id="GanondorfRig_mShoulderRight" name="mShoulderRight" sid="mShoulderRight" type="JOINT">
                          <matrix sid="transform">1 0 0 0 0 1 0 -0.079 0 0 1 0 0 0 0 1</matrix>
                          <node id="GanondorfRig_R_UPPER_ARM" name="R_UPPER_ARM" sid="R_UPPER_ARM" type="JOINT">
                            <matrix sid="transform">1 0 0 0 0 1 0 -0.12 0 0 1 0.00999999 0 0 0 1</matrix>
                            <extra>
                              <technique profile="blender">
                                <layer sid="layer" type="string">0</layer>
                                <tip_x sid="tip_x" type="float">0</tip_x>
                                <tip_y sid="tip_y" type="float">0.02988582</tip_y>
                                <tip_z sid="tip_z" type="float">0.002614617</tip_z>
                              </technique>
                            </extra>
                          </node>
                          <node id="GanondorfRig_mElbowRight" name="mElbowRight" sid="mElbowRight" type="JOINT">
                            <matrix sid="transform">1 0 0 0 0 1 0 -0.248 0 0 1 0 0 0 0 1</matrix>
                            <node id="GanondorfRig_R_LOWER_ARM" name="R_LOWER_ARM" sid="R_LOWER_ARM" type="JOINT">
                              <matrix sid="transform">1 0 0 0 0 1 0 -0.1 0 0 1 0 0 0 0 1</matrix>
                              <extra>
                                <technique profile="blender">
                                  <layer sid="layer" type="string">0</layer>
                                  <tip_x sid="tip_x" type="float">0</tip_x>
                                  <tip_y sid="tip_y" type="float">0.02995884</tip_y>
                                  <tip_z sid="tip_z" type="float">0.001570105</tip_z>
                                </technique>
                              </extra>
                            </node>
                            <node id="GanondorfRig_mWristRight" name="mWristRight" sid="mWristRight" type="JOINT">
                              <matrix sid="transform">1 0 0 0 0 1 0 -0.205 0 0 1 0 0 0 0 1</matrix>
                              <node id="GanondorfRig_R_HAND" name="R_HAND" sid="R_HAND" type="JOINT">
                                <matrix sid="transform">0.9999999 7.567e-10 9.31323e-10 0.009999998 -1.41154e-8 0.9999999 -3.72529e-9 -0.05000001 -9.31323e-10 -3.72529e-9 1 0 0 0 0 1</matrix>
                                <extra>
                                  <technique profile="blender">
                                    <layer sid="layer" type="string">0</layer>
                                    <roll sid="roll" type="float">0.004581928</roll>
                                    <tip_x sid="tip_x" type="float">-0.005202293</tip_x>
                                    <tip_y sid="tip_y" type="float">0.02950376</tip_y>
                                    <tip_z sid="tip_z" type="float">0.001570105</tip_z>
                                  </technique>
                                </extra>
                              </node>
                              <node id="GanondorfRig_mHandMiddle1Right" name="mHandMiddle1Right" sid="mHandMiddle1Right" type="JOINT">
                                <matrix sid="transform">1 0 0 0.013 0 1 0 -0.101 0 0 1 0.01499999 0 0 0 1</matrix>
                                <node id="GanondorfRig_mHandMiddle2Right" name="mHandMiddle2Right" sid="mHandMiddle2Right" type="JOINT">
                                  <matrix sid="transform">1 0 0 -0.001 0 1 0 -0.04000002 0 0 1 -0.006000042 0 0 0 1</matrix>
                                  <node id="GanondorfRig_mHandMiddle3Right" name="mHandMiddle3Right" sid="mHandMiddle3Right" type="JOINT">
                                    <matrix sid="transform">1 0 0 -0.001 0 1 0 -0.04899997 0 0 1 -0.008000016 0 0 0 1</matrix>
                                    <extra>
                                      <technique profile="blender">
                                        <layer sid="layer" type="string">0</layer>
                                        <tip_x sid="tip_x" type="float">0</tip_x>
                                        <tip_y sid="tip_y" type="float">0.02999997</tip_y>
                                        <tip_z sid="tip_z" type="float">0</tip_z>
                                      </technique>
                                    </extra>
                                  </node>
                                  <extra>
                                    <technique profile="blender">
                                      <layer sid="layer" type="string">0</layer>
                                      <tip_x sid="tip_x" type="float">0</tip_x>
                                      <tip_y sid="tip_y" type="float">0.02999997</tip_y>
                                      <tip_z sid="tip_z" type="float">0</tip_z>
                                    </technique>
                                  </extra>
                                </node>
                                <extra>
                                  <technique profile="blender">
                                    <layer sid="layer" type="string">0</layer>
                                    <tip_x sid="tip_x" type="float">0</tip_x>
                                    <tip_y sid="tip_y" type="float">0.02999997</tip_y>
                                    <tip_z sid="tip_z" type="float">0</tip_z>
                                  </technique>
                                </extra>
                              </node>
                              <node id="GanondorfRig_mHandIndex1Right" name="mHandIndex1Right" sid="mHandIndex1Right" type="JOINT">
                                <matrix sid="transform">1 0 0 0.038 0 1 0 -0.097 0 0 1 0.01499999 0 0 0 1</matrix>
                                <node id="GanondorfRig_mHandIndex2Right" name="mHandIndex2Right" sid="mHandIndex2Right" type="JOINT">
                                  <matrix sid="transform">1 0 0 0.017 0 1 0 -0.03600001 0 0 1 -0.006000042 0 0 0 1</matrix>
                                  <node id="GanondorfRig_mHandIndex3Right" name="mHandIndex3Right" sid="mHandIndex3Right" type="JOINT">
                                    <matrix sid="transform">1 0 0 0.014 0 1 0 -0.03200001 0 0 1 -0.005999923 0 0 0 1</matrix>
                                    <extra>
                                      <technique profile="blender">
                                        <layer sid="layer" type="string">0</layer>
                                        <tip_x sid="tip_x" type="float">0</tip_x>
                                        <tip_y sid="tip_y" type="float">0.02999997</tip_y>
                                        <tip_z sid="tip_z" type="float">0</tip_z>
                                      </technique>
                                    </extra>
                                  </node>
                                  <extra>
                                    <technique profile="blender">
                                      <layer sid="layer" type="string">0</layer>
                                      <tip_x sid="tip_x" type="float">0</tip_x>
                                      <tip_y sid="tip_y" type="float">0.02999997</tip_y>
                                      <tip_z sid="tip_z" type="float">0</tip_z>
                                    </technique>
                                  </extra>
                                </node>
                                <extra>
                                  <technique profile="blender">
                                    <layer sid="layer" type="string">0</layer>
                                    <tip_x sid="tip_x" type="float">0</tip_x>
                                    <tip_y sid="tip_y" type="float">0.02999997</tip_y>
                                    <tip_z sid="tip_z" type="float">0</tip_z>
                                  </technique>
                                </extra>
                              </node>
                              <node id="GanondorfRig_mHandRing1Right" name="mHandRing1Right" sid="mHandRing1Right" type="JOINT">
                                <matrix sid="transform">1 0 0 -0.01 0 1 0 -0.09900004 0 0 1 0.008999944 0 0 0 1</matrix>
                                <node id="GanondorfRig_mHandRing2Right" name="mHandRing2Right" sid="mHandRing2Right" type="JOINT">
                                  <matrix sid="transform">1 0 0 -0.013 0 1 0 -0.03799999 0 0 1 -0.008000016 0 0 0 1</matrix>
                                  <node id="GanondorfRig_mHandRing3Right" name="mHandRing3Right" sid="mHandRing3Right" type="JOINT">
                                    <matrix sid="transform">1 0 0 -0.013 0 1 0 -0.04000002 0 0 1 -0.008999944 0 0 0 1</matrix>
                                    <extra>
                                      <technique profile="blender">
                                        <layer sid="layer" type="string">0</layer>
                                        <tip_x sid="tip_x" type="float">0</tip_x>
                                        <tip_y sid="tip_y" type="float">0.02999997</tip_y>
                                        <tip_z sid="tip_z" type="float">0</tip_z>
                                      </technique>
                                    </extra>
                                  </node>
                                  <extra>
                                    <technique profile="blender">
                                      <layer sid="layer" type="string">0</layer>
                                      <tip_x sid="tip_x" type="float">0</tip_x>
                                      <tip_y sid="tip_y" type="float">0.02999997</tip_y>
                                      <tip_z sid="tip_z" type="float">0</tip_z>
                                    </technique>
                                  </extra>
                                </node>
                                <extra>
                                  <technique profile="blender">
                                    <layer sid="layer" type="string">0</layer>
                                    <tip_x sid="tip_x" type="float">0</tip_x>
                                    <tip_y sid="tip_y" type="float">0.02999997</tip_y>
                                    <tip_z sid="tip_z" type="float">0</tip_z>
                                  </technique>
                                </extra>
                              </node>
                              <node id="GanondorfRig_mHandPinky1Right" name="mHandPinky1Right" sid="mHandPinky1Right" type="JOINT">
                                <matrix sid="transform">1 0 0 -0.031 0 1 0 -0.09500003 0 0 1 0.003000021 0 0 0 1</matrix>
                                <node id="GanondorfRig_mHandPinky2Right" name="mHandPinky2Right" sid="mHandPinky2Right" type="JOINT">
                                  <matrix sid="transform">1 0 0 -0.024 0 1 0 -0.02499998 0 0 1 -0.006000042 0 0 0 1</matrix>
                                  <node id="GanondorfRig_mHandPinky3Right" name="mHandPinky3Right" sid="mHandPinky3Right" type="JOINT">
                                    <matrix sid="transform">1 0 0 -0.015 0 1 0 -0.01800001 0 0 1 -0.003999949 0 0 0 1</matrix>
                                    <extra>
                                      <technique profile="blender">
                                        <layer sid="layer" type="string">0</layer>
                                        <tip_x sid="tip_x" type="float">0</tip_x>
                                        <tip_y sid="tip_y" type="float">0.02999997</tip_y>
                                        <tip_z sid="tip_z" type="float">0</tip_z>
                                      </technique>
                                    </extra>
                                  </node>
                                  <extra>
                                    <technique profile="blender">
                                      <layer sid="layer" type="string">0</layer>
                                      <tip_x sid="tip_x" type="float">0</tip_x>
                                      <tip_y sid="tip_y" type="float">0.02999997</tip_y>
                                      <tip_z sid="tip_z" type="float">0</tip_z>
                                    </technique>
                                  </extra>
                                </node>
                                <extra>
                                  <technique profile="blender">
                                    <layer sid="layer" type="string">0</layer>
                                    <tip_x sid="tip_x" type="float">0</tip_x>
                                    <tip_y sid="tip_y" type="float">0.02999997</tip_y>
                                    <tip_z sid="tip_z" type="float">0</tip_z>
                                  </technique>
                                </extra>
                              </node>
                              <node id="GanondorfRig_mHandThumb1Right" name="mHandThumb1Right" sid="mHandThumb1Right" type="JOINT">
                                <matrix sid="transform">1 0 0 0.031 0 1 0 -0.02600002 0 0 1 0.003999949 0 0 0 1</matrix>
                                <node id="GanondorfRig_mHandThumb2Right" name="mHandThumb2Right" sid="mHandThumb2Right" type="JOINT">
                                  <matrix sid="transform">1 0 0 0.028 0 1 0 -0.03200001 0 0 1 -9.99928e-4 0 0 0 1</matrix>
                                  <node id="GanondorfRig_mHandThumb3Right" name="mHandThumb3Right" sid="mHandThumb3Right" type="JOINT">
                                    <matrix sid="transform">1 0 0 0.023 0 1 0 -0.03099996 0 0 1 -0.001000047 0 0 0 1</matrix>
                                    <extra>
                                      <technique profile="blender">
                                        <layer sid="layer" type="string">0</layer>
                                        <tip_x sid="tip_x" type="float">0</tip_x>
                                        <tip_y sid="tip_y" type="float">0.02999997</tip_y>
                                        <tip_z sid="tip_z" type="float">0</tip_z>
                                      </technique>
                                    </extra>
                                  </node>
                                  <extra>
                                    <technique profile="blender">
                                      <layer sid="layer" type="string">0</layer>
                                      <tip_x sid="tip_x" type="float">0</tip_x>
                                      <tip_y sid="tip_y" type="float">0.02999997</tip_y>
                                      <tip_z sid="tip_z" type="float">0</tip_z>
                                    </technique>
                                  </extra>
                                </node>
                                <extra>
                                  <technique profile="blender">
                                    <layer sid="layer" type="string">0</layer>
                                    <tip_x sid="tip_x" type="float">0</tip_x>
                                    <tip_y sid="tip_y" type="float">0.02999997</tip_y>
                                    <tip_z sid="tip_z" type="float">0</tip_z>
                                  </technique>
                                </extra>
                              </node>
                              <extra>
                                <technique profile="blender">
                                  <layer sid="layer" type="string">0</layer>
                                  <tip_x sid="tip_x" type="float">0</tip_x>
                                  <tip_y sid="tip_y" type="float">0.02999997</tip_y>
                                  <tip_z sid="tip_z" type="float">0</tip_z>
                                </technique>
                              </extra>
                            </node>
                            <extra>
                              <technique profile="blender">
                                <layer sid="layer" type="string">0</layer>
                                <tip_x sid="tip_x" type="float">0</tip_x>
                                <tip_y sid="tip_y" type="float">0.02999997</tip_y>
                                <tip_z sid="tip_z" type="float">0</tip_z>
                              </technique>
                            </extra>
                          </node>
                          <extra>
                            <technique profile="blender">
                              <layer sid="layer" type="string">0</layer>
                              <tip_x sid="tip_x" type="float">0</tip_x>
                              <tip_y sid="tip_y" type="float">0.02999997</tip_y>
                              <tip_z sid="tip_z" type="float">0</tip_z>
                            </technique>
                          </extra>
                        </node>
                        <extra>
                          <technique profile="blender">
                            <layer sid="layer" type="string">0</layer>
                            <tip_x sid="tip_x" type="float">0</tip_x>
                            <tip_y sid="tip_y" type="float">0.02999997</tip_y>
                            <tip_z sid="tip_z" type="float">0</tip_z>
                          </technique>
                        </extra>
                      </node>
                      <node id="GanondorfRig_mWingsRoot" name="mWingsRoot" sid="mWingsRoot" type="JOINT">
                        <matrix sid="transform">1 0 0 -0.014 0 1 0 0 0 0 1 0 0 0 0 1</matrix>
                        <node id="GanondorfRig_mWing1Left" name="mWing1Left" sid="mWing1Left" type="JOINT">
                          <matrix sid="transform">1 0 0 -0.09900001 0 1 0 0.105 0 0 1 0.181 0 0 0 1</matrix>
                          <node id="GanondorfRig_mWing2Left" name="mWing2Left" sid="mWing2Left" type="JOINT">
                            <matrix sid="transform">1 0 0 -0.168 0 1 0 0.169 0 0 1 0.06700003 0 0 0 1</matrix>
                            <node id="GanondorfRig_mWing3Left" name="mWing3Left" sid="mWing3Left" type="JOINT">
                              <matrix sid="transform">1 0 0 -0.181 0 1 0 0.183 0 0 1 0 0 0 0 1</matrix>
                              <node id="GanondorfRig_mWing4Left" name="mWing4Left" sid="mWing4Left" type="JOINT">
                                <matrix sid="transform">1 0 0 -0.171 0 1 0 0.173 0 0 1 0 0 0 0 1</matrix>
                                <extra>
                                  <technique profile="blender">
                                    <layer sid="layer" type="string">0</layer>
                                    <tip_x sid="tip_x" type="float">0</tip_x>
                                    <tip_y sid="tip_y" type="float">0.02999997</tip_y>
                                    <tip_z sid="tip_z" type="float">0</tip_z>
                                  </technique>
                                </extra>
                              </node>
                              <node id="GanondorfRig_mWing4FanLeft" name="mWing4FanLeft" sid="mWing4FanLeft" type="JOINT">
                                <matrix sid="transform">1 0 0 -0.171 0 1 0 0.173 0 0 1 0 0 0 0 1</matrix>
                                <extra>
                                  <technique profile="blender">
                                    <layer sid="layer" type="string">0</layer>
                                    <tip_x sid="tip_x" type="float">0</tip_x>
                                    <tip_y sid="tip_y" type="float">0.02999997</tip_y>
                                    <tip_z sid="tip_z" type="float">0</tip_z>
                                  </technique>
                                </extra>
                              </node>
                              <extra>
                                <technique profile="blender">
                                  <layer sid="layer" type="string">0</layer>
                                  <tip_x sid="tip_x" type="float">0</tip_x>
                                  <tip_y sid="tip_y" type="float">0.02999997</tip_y>
                                  <tip_z sid="tip_z" type="float">0</tip_z>
                                </technique>
                              </extra>
                            </node>
                            <extra>
                              <technique profile="blender">
                                <layer sid="layer" type="string">0</layer>
                                <tip_x sid="tip_x" type="float">0</tip_x>
                                <tip_y sid="tip_y" type="float">0.02999997</tip_y>
                                <tip_z sid="tip_z" type="float">0</tip_z>
                              </technique>
                            </extra>
                          </node>
                          <extra>
                            <technique profile="blender">
                              <layer sid="layer" type="string">0</layer>
                              <tip_x sid="tip_x" type="float">0</tip_x>
                              <tip_y sid="tip_y" type="float">0.02999997</tip_y>
                              <tip_z sid="tip_z" type="float">0</tip_z>
                            </technique>
                          </extra>
                        </node>
                        <node id="GanondorfRig_mWing1Right" name="mWing1Right" sid="mWing1Right" type="JOINT">
                          <matrix sid="transform">1 0 0 -0.09900001 0 1 0 -0.105 0 0 1 0.181 0 0 0 1</matrix>
                          <node id="GanondorfRig_mWing2Right" name="mWing2Right" sid="mWing2Right" type="JOINT">
                            <matrix sid="transform">1 0 0 -0.168 0 1 0 -0.169 0 0 1 0.06700003 0 0 0 1</matrix>
                            <node id="GanondorfRig_mWing3Right" name="mWing3Right" sid="mWing3Right" type="JOINT">
                              <matrix sid="transform">1 0 0 -0.181 0 1 0 -0.183 0 0 1 0 0 0 0 1</matrix>
                              <node id="GanondorfRig_mWing4Right" name="mWing4Right" sid="mWing4Right" type="JOINT">
                                <matrix sid="transform">1 0 0 -0.171 0 1 0 -0.173 0 0 1 0 0 0 0 1</matrix>
                                <extra>
                                  <technique profile="blender">
                                    <layer sid="layer" type="string">0</layer>
                                    <tip_x sid="tip_x" type="float">0</tip_x>
                                    <tip_y sid="tip_y" type="float">0.02999997</tip_y>
                                    <tip_z sid="tip_z" type="float">0</tip_z>
                                  </technique>
                                </extra>
                              </node>
                              <node id="GanondorfRig_mWing4FanRight" name="mWing4FanRight" sid="mWing4FanRight" type="JOINT">
                                <matrix sid="transform">1 0 0 -0.171 0 1 0 -0.173 0 0 1 0 0 0 0 1</matrix>
                                <extra>
                                  <technique profile="blender">
                                    <layer sid="layer" type="string">0</layer>
                                    <tip_x sid="tip_x" type="float">0</tip_x>
                                    <tip_y sid="tip_y" type="float">0.02999997</tip_y>
                                    <tip_z sid="tip_z" type="float">0</tip_z>
                                  </technique>
                                </extra>
                              </node>
                              <extra>
                                <technique profile="blender">
                                  <layer sid="layer" type="string">0</layer>
                                  <tip_x sid="tip_x" type="float">0</tip_x>
                                  <tip_y sid="tip_y" type="float">0.02999997</tip_y>
                                  <tip_z sid="tip_z" type="float">0</tip_z>
                                </technique>
                              </extra>
                            </node>
                            <extra>
                              <technique profile="blender">
                                <layer sid="layer" type="string">0</layer>
                                <tip_x sid="tip_x" type="float">0</tip_x>
                                <tip_y sid="tip_y" type="float">0.02999997</tip_y>
                                <tip_z sid="tip_z" type="float">0</tip_z>
                              </technique>
                            </extra>
                          </node>
                          <extra>
                            <technique profile="blender">
                              <layer sid="layer" type="string">0</layer>
                              <tip_x sid="tip_x" type="float">0</tip_x>
                              <tip_y sid="tip_y" type="float">0.02999997</tip_y>
                              <tip_z sid="tip_z" type="float">0</tip_z>
                            </technique>
                          </extra>
                        </node>
                        <extra>
                          <technique profile="blender">
                            <layer sid="layer" type="string">0</layer>
                            <tip_x sid="tip_x" type="float">0</tip_x>
                            <tip_y sid="tip_y" type="float">0.02999997</tip_y>
                            <tip_z sid="tip_z" type="float">0</tip_z>
                          </technique>
                        </extra>
                      </node>
                      <extra>
                        <technique profile="blender">
                          <layer sid="layer" type="string">0</layer>
                          <tip_x sid="tip_x" type="float">0</tip_x>
                          <tip_y sid="tip_y" type="float">0.02999997</tip_y>
                          <tip_z sid="tip_z" type="float">0</tip_z>
                        </technique>
                      </extra>
                    </node>
                    <extra>
                      <technique profile="blender">
                        <layer sid="layer" type="string">0</layer>
                        <tip_x sid="tip_x" type="float">0</tip_x>
                        <tip_y sid="tip_y" type="float">0.02999997</tip_y>
                        <tip_z sid="tip_z" type="float">0</tip_z>
                      </technique>
                    </extra>
                  </node>
                  <extra>
                    <technique profile="blender">
                      <layer sid="layer" type="string">0</layer>
                      <tip_x sid="tip_x" type="float">0</tip_x>
                      <tip_y sid="tip_y" type="float">0.02999997</tip_y>
                      <tip_z sid="tip_z" type="float">0</tip_z>
                    </technique>
                  </extra>
                </node>
                <extra>
                  <technique profile="blender">
                    <layer sid="layer" type="string">0</layer>
                    <tip_x sid="tip_x" type="float">0</tip_x>
                    <tip_y sid="tip_y" type="float">0.02999997</tip_y>
                    <tip_z sid="tip_z" type="float">0</tip_z>
                  </technique>
                </extra>
              </node>
              <extra>
                <technique profile="blender">
                  <layer sid="layer" type="string">0</layer>
                  <tip_x sid="tip_x" type="float">0</tip_x>
                  <tip_y sid="tip_y" type="float">0.02999997</tip_y>
                  <tip_z sid="tip_z" type="float">0</tip_z>
                </technique>
              </extra>
            </node>
            <extra>
              <technique profile="blender">
                <layer sid="layer" type="string">0</layer>
                <tip_x sid="tip_x" type="float">0</tip_x>
                <tip_y sid="tip_y" type="float">0.02999997</tip_y>
                <tip_z sid="tip_z" type="float">0</tip_z>
              </technique>
            </extra>
          </node>
          <node id="GanondorfRig_mHipRight" name="mHipRight" sid="mHipRight" type="JOINT">
            <matrix sid="transform">1 0 0 0.034 0 1 0 -0.129 0 0 1 -0.04100001 0 0 0 1</matrix>
            <node id="GanondorfRig_R_UPPER_LEG" name="R_UPPER_LEG" sid="R_UPPER_LEG" type="JOINT">
              <matrix sid="transform">1 0 0 -0.02 0 1 0 0.04999999 0 0 1 -0.22 0 0 0 1</matrix>
              <extra>
                <technique profile="blender">
                  <layer sid="layer" type="string">0</layer>
                  <tip_x sid="tip_x" type="float">0</tip_x>
                  <tip_y sid="tip_y" type="float">0.02999997</tip_y>
                  <tip_z sid="tip_z" type="float">0</tip_z>
                </technique>
              </extra>
            </node>
            <node id="GanondorfRig_mKneeRight" name="mKneeRight" sid="mKneeRight" type="JOINT">
              <matrix sid="transform">1 0 0 -0.001000002 0 1 0 0.04899999 0 0 1 -0.491 0 0 0 1</matrix>
              <node id="GanondorfRig_R_LOWER_LEG" name="R_LOWER_LEG" sid="R_LOWER_LEG" type="JOINT">
                <matrix sid="transform">1 0 0 -0.02 0 1 0 0 0 0 1 -0.2 0 0 0 1</matrix>
                <extra>
                  <technique profile="blender">
                    <layer sid="layer" type="string">0</layer>
                    <tip_x sid="tip_x" type="float">0</tip_x>
                    <tip_y sid="tip_y" type="float">0.02999997</tip_y>
                    <tip_z sid="tip_z" type="float">0</tip_z>
                  </technique>
                </extra>
              </node>
              <node id="GanondorfRig_mAnkleRight" name="mAnkleRight" sid="mAnkleRight" type="JOINT">
                <matrix sid="transform">1 0 0 -0.029 0 1 0 0 0 0 1 -0.468 0 0 0 1</matrix>
                <node id="GanondorfRig_R_FOOT" name="R_FOOT" sid="R_FOOT" type="JOINT">
                  <matrix sid="transform">1 0 1.49012e-8 0.077 0 1 0 0 -1.49012e-8 0 1 -0.041 0 0 0 1</matrix>
                  <extra>
                    <technique profile="blender">
                      <layer sid="layer" type="string">0</layer>
                      <roll sid="roll" type="float">0.1745329</roll>
                      <tip_x sid="tip_x" type="float">0</tip_x>
                      <tip_y sid="tip_y" type="float">0.02999997</tip_y>
                      <tip_z sid="tip_z" type="float">0</tip_z>
                    </technique>
                  </extra>
                </node>
                <node id="GanondorfRig_mFootRight" name="mFootRight" sid="mFootRight" type="JOINT">
                  <matrix sid="transform">1 0 0 0.112 0 1 0 0 0 0 1 -0.061 0 0 0 1</matrix>
                  <node id="GanondorfRig_mToeRight" name="mToeRight" sid="mToeRight" type="JOINT">
                    <matrix sid="transform">1 0 0 0.109 0 1 0 0 0 0 1 0 0 0 0 1</matrix>
                    <extra>
                      <technique profile="blender">
                        <layer sid="layer" type="string">0</layer>
                        <tip_x sid="tip_x" type="float">0</tip_x>
                        <tip_y sid="tip_y" type="float">0.02999997</tip_y>
                        <tip_z sid="tip_z" type="float">0</tip_z>
                      </technique>
                    </extra>
                  </node>
                  <extra>
                    <technique profile="blender">
                      <layer sid="layer" type="string">0</layer>
                      <tip_x sid="tip_x" type="float">0</tip_x>
                      <tip_y sid="tip_y" type="float">0.02999997</tip_y>
                      <tip_z sid="tip_z" type="float">0</tip_z>
                    </technique>
                  </extra>
                </node>
                <extra>
                  <technique profile="blender">
                    <layer sid="layer" type="string">0</layer>
                    <tip_x sid="tip_x" type="float">0</tip_x>
                    <tip_y sid="tip_y" type="float">0.02999997</tip_y>
                    <tip_z sid="tip_z" type="float">0</tip_z>
                  </technique>
                </extra>
              </node>
              <extra>
                <technique profile="blender">
                  <layer sid="layer" type="string">0</layer>
                  <tip_x sid="tip_x" type="float">0</tip_x>
                  <tip_y sid="tip_y" type="float">0.02999997</tip_y>
                  <tip_z sid="tip_z" type="float">0</tip_z>
                </technique>
              </extra>
            </node>
            <extra>
              <technique profile="blender">
                <layer sid="layer" type="string">0</layer>
                <tip_x sid="tip_x" type="float">0</tip_x>
                <tip_y sid="tip_y" type="float">0.02999997</tip_y>
                <tip_z sid="tip_z" type="float">0</tip_z>
              </technique>
            </extra>
          </node>
          <node id="GanondorfRig_mHipLeft" name="mHipLeft" sid="mHipLeft" type="JOINT">
            <matrix sid="transform">1 0 0 0.034 0 1 0 0.127 0 0 1 -0.04100001 0 0 0 1</matrix>
            <node id="GanondorfRig_L_UPPER_LEG" name="L_UPPER_LEG" sid="L_UPPER_LEG" type="JOINT">
              <matrix sid="transform">1 0 0 -0.02 0 1 0 -0.05 0 0 1 -0.22 0 0 0 1</matrix>
              <extra>
                <technique profile="blender">
                  <layer sid="layer" type="string">0</layer>
                  <tip_x sid="tip_x" type="float">0</tip_x>
                  <tip_y sid="tip_y" type="float">0.02999997</tip_y>
                  <tip_z sid="tip_z" type="float">0</tip_z>
                </technique>
              </extra>
            </node>
            <node id="GanondorfRig_mKneeLeft" name="mKneeLeft" sid="mKneeLeft" type="JOINT">
              <matrix sid="transform">1 0 0 -0.001000002 0 1 0 -0.046 0 0 1 -0.491 0 0 0 1</matrix>
              <node id="GanondorfRig_L_LOWER_LEG" name="L_LOWER_LEG" sid="L_LOWER_LEG" type="JOINT">
                <matrix sid="transform">1 0 0 -0.02 0 1 0 0 0 0 1 -0.2 0 0 0 1</matrix>
                <extra>
                  <technique profile="blender">
                    <layer sid="layer" type="string">0</layer>
                    <tip_x sid="tip_x" type="float">0</tip_x>
                    <tip_y sid="tip_y" type="float">0.02999997</tip_y>
                    <tip_z sid="tip_z" type="float">0</tip_z>
                  </technique>
                </extra>
              </node>
              <node id="GanondorfRig_mAnkleLeft" name="mAnkleLeft" sid="mAnkleLeft" type="JOINT">
                <matrix sid="transform">1 0 0 -0.029 0 1 0 0.001000002 0 0 1 -0.468 0 0 0 1</matrix>
                <node id="GanondorfRig_L_FOOT" name="L_FOOT" sid="L_FOOT" type="JOINT">
                  <matrix sid="transform">1 0 1.49012e-8 0.077 0 1 0 0 -1.49012e-8 0 1 -0.041 0 0 0 1</matrix>
                  <extra>
                    <technique profile="blender">
                      <layer sid="layer" type="string">0</layer>
                      <roll sid="roll" type="float">0.1745329</roll>
                      <tip_x sid="tip_x" type="float">0</tip_x>
                      <tip_y sid="tip_y" type="float">0.02999997</tip_y>
                      <tip_z sid="tip_z" type="float">0</tip_z>
                    </technique>
                  </extra>
                </node>
                <node id="GanondorfRig_mFootLeft" name="mFootLeft" sid="mFootLeft" type="JOINT">
                  <matrix sid="transform">1 0 0 0.112 0 1 0 0 0 0 1 -0.061 0 0 0 1</matrix>
                  <node id="GanondorfRig_mToeLeft" name="mToeLeft" sid="mToeLeft" type="JOINT">
                    <matrix sid="transform">1 0 0 0.109 0 1 0 0 0 0 1 0 0 0 0 1</matrix>
                    <extra>
                      <technique profile="blender">
                        <layer sid="layer" type="string">0</layer>
                        <tip_x sid="tip_x" type="float">0</tip_x>
                        <tip_y sid="tip_y" type="float">0.02999997</tip_y>
                        <tip_z sid="tip_z" type="float">0</tip_z>
                      </technique>
                    </extra>
                  </node>
                  <extra>
                    <technique profile="blender">
                      <layer sid="layer" type="string">0</layer>
                      <tip_x sid="tip_x" type="float">0</tip_x>
                      <tip_y sid="tip_y" type="float">0.02999997</tip_y>
                      <tip_z sid="tip_z" type="float">0</tip_z>
                    </technique>
                  </extra>
                </node>
                <extra>
                  <technique profile="blender">
                    <layer sid="layer" type="string">0</layer>
                    <tip_x sid="tip_x" type="float">0</tip_x>
                    <tip_y sid="tip_y" type="float">0.02999997</tip_y>
                    <tip_z sid="tip_z" type="float">0</tip_z>
                  </technique>
                </extra>
              </node>
              <extra>
                <technique profile="blender">
                  <layer sid="layer" type="string">0</layer>
                  <tip_x sid="tip_x" type="float">0</tip_x>
                  <tip_y sid="tip_y" type="float">0.02999997</tip_y>
                  <tip_z sid="tip_z" type="float">0</tip_z>
                </technique>
              </extra>
            </node>
            <extra>
              <technique profile="blender">
                <layer sid="layer" type="string">0</layer>
                <tip_x sid="tip_x" type="float">0</tip_x>
                <tip_y sid="tip_y" type="float">0.02999997</tip_y>
                <tip_z sid="tip_z" type="float">0</tip_z>
              </technique>
            </extra>
          </node>
          <node id="GanondorfRig_mTail1" name="mTail1" sid="mTail1" type="JOINT">
            <matrix sid="transform">1 0 0 -0.116 0 1 0 0 0 0 1 0.04699993 0 0 0 1</matrix>
            <node id="GanondorfRig_mTail2" name="mTail2" sid="mTail2" type="JOINT">
              <matrix sid="transform">1 0 0 -0.197 0 1 0 0 0 0 1 0 0 0 0 1</matrix>
              <node id="GanondorfRig_mTail3" name="mTail3" sid="mTail3" type="JOINT">
                <matrix sid="transform">1 0 0 -0.168 0 1 0 0 0 0 1 0 0 0 0 1</matrix>
                <node id="GanondorfRig_mTail4" name="mTail4" sid="mTail4" type="JOINT">
                  <matrix sid="transform">1 0 0 -0.142 0 1 0 0 0 0 1 0 0 0 0 1</matrix>
                  <node id="GanondorfRig_mTail5" name="mTail5" sid="mTail5" type="JOINT">
                    <matrix sid="transform">1 0 0 -0.112 0 1 0 0 0 0 1 0 0 0 0 1</matrix>
                    <node id="GanondorfRig_mTail6" name="mTail6" sid="mTail6" type="JOINT">
                      <matrix sid="transform">1 0 0 -0.09399998 0 1 0 0 0 0 1 0 0 0 0 1</matrix>
                      <extra>
                        <technique profile="blender">
                          <layer sid="layer" type="string">0</layer>
                          <tip_x sid="tip_x" type="float">0</tip_x>
                          <tip_y sid="tip_y" type="float">0.02999997</tip_y>
                          <tip_z sid="tip_z" type="float">0</tip_z>
                        </technique>
                      </extra>
                    </node>
                    <extra>
                      <technique profile="blender">
                        <layer sid="layer" type="string">0</layer>
                        <tip_x sid="tip_x" type="float">0</tip_x>
                        <tip_y sid="tip_y" type="float">0.02999997</tip_y>
                        <tip_z sid="tip_z" type="float">0</tip_z>
                      </technique>
                    </extra>
                  </node>
                  <extra>
                    <technique profile="blender">
                      <layer sid="layer" type="string">0</layer>
                      <tip_x sid="tip_x" type="float">0</tip_x>
                      <tip_y sid="tip_y" type="float">0.02999997</tip_y>
                      <tip_z sid="tip_z" type="float">0</tip_z>
                    </technique>
                  </extra>
                </node>
                <extra>
                  <technique profile="blender">
                    <layer sid="layer" type="string">0</layer>
                    <tip_x sid="tip_x" type="float">0</tip_x>
                    <tip_y sid="tip_y" type="float">0.02999997</tip_y>
                    <tip_z sid="tip_z" type="float">0</tip_z>
                  </technique>
                </extra>
              </node>
              <extra>
                <technique profile="blender">
                  <layer sid="layer" type="string">0</layer>
                  <tip_x sid="tip_x" type="float">0</tip_x>
                  <tip_y sid="tip_y" type="float">0.02999997</tip_y>
                  <tip_z sid="tip_z" type="float">0</tip_z>
                </technique>
              </extra>
            </node>
            <extra>
              <technique profile="blender">
                <layer sid="layer" type="string">0</layer>
                <tip_x sid="tip_x" type="float">0</tip_x>
                <tip_y sid="tip_y" type="float">0.02999997</tip_y>
                <tip_z sid="tip_z" type="float">0</tip_z>
              </technique>
            </extra>
          </node>
          <node id="GanondorfRig_mGroin" name="mGroin" sid="mGroin" type="JOINT">
            <matrix sid="transform">1 0 0 0.064 0 1 0 0 0 0 1 -0.097 0 0 0 1</matrix>
            <extra>
              <technique profile="blender">
                <layer sid="layer" type="string">0</layer>
                <tip_x sid="tip_x" type="float">0</tip_x>
                <tip_y sid="tip_y" type="float">0.02999997</tip_y>
                <tip_z sid="tip_z" type="float">0</tip_z>
              </technique>
            </extra>
          </node>
          <node id="GanondorfRig_mHindLimbsRoot" name="mHindLimbsRoot" sid="mHindLimbsRoot" type="JOINT">
            <matrix sid="transform">1 0 0 -0.2 0 1 0 0 0 0 1 0.08399999 0 0 0 1</matrix>
            <node id="GanondorfRig_mHindLimb1Left" name="mHindLimb1Left" sid="mHindLimb1Left" type="JOINT">
              <matrix sid="transform">1 0 0 -0.204 0 1 0 0.129 0 0 1 -0.125 0 0 0 1</matrix>
              <node id="GanondorfRig_mHindLimb2Left" name="mHindLimb2Left" sid="mHindLimb2Left" type="JOINT">
                <matrix sid="transform">1 0 0 0.002000004 0 1 0 -0.046 0 0 1 -0.491 0 0 0 1</matrix>
                <node id="GanondorfRig_mHindLimb3Left" name="mHindLimb3Left" sid="mHindLimb3Left" type="JOINT">
                  <matrix sid="transform">1 0 0 -0.03 0 1 0 -0.002999999 0 0 1 -0.468 0 0 0 1</matrix>
                  <node id="GanondorfRig_mHindLimb4Left" name="mHindLimb4Left" sid="mHindLimb4Left" type="JOINT">
                    <matrix sid="transform">1 0 0 0.112 0 1 0 0 0 0 1 -0.061 0 0 0 1</matrix>
                    <extra>
                      <technique profile="blender">
                        <layer sid="layer" type="string">0</layer>
                        <tip_x sid="tip_x" type="float">0</tip_x>
                        <tip_y sid="tip_y" type="float">0.02999997</tip_y>
                        <tip_z sid="tip_z" type="float">0</tip_z>
                      </technique>
                    </extra>
                  </node>
                  <extra>
                    <technique profile="blender">
                      <layer sid="layer" type="string">0</layer>
                      <tip_x sid="tip_x" type="float">0</tip_x>
                      <tip_y sid="tip_y" type="float">0.02999997</tip_y>
                      <tip_z sid="tip_z" type="float">0</tip_z>
                    </technique>
                  </extra>
                </node>
                <extra>
                  <technique profile="blender">
                    <layer sid="layer" type="string">0</layer>
                    <tip_x sid="tip_x" type="float">0</tip_x>
                    <tip_y sid="tip_y" type="float">0.02999997</tip_y>
                    <tip_z sid="tip_z" type="float">0</tip_z>
                  </technique>
                </extra>
              </node>
              <extra>
                <technique profile="blender">
                  <layer sid="layer" type="string">0</layer>
                  <tip_x sid="tip_x" type="float">0</tip_x>
                  <tip_y sid="tip_y" type="float">0.02999997</tip_y>
                  <tip_z sid="tip_z" type="float">0</tip_z>
                </technique>
              </extra>
            </node>
            <node id="GanondorfRig_mHindLimb1Right" name="mHindLimb1Right" sid="mHindLimb1Right" type="JOINT">
              <matrix sid="transform">1 0 0 -0.204 0 1 0 -0.129 0 0 1 -0.125 0 0 0 1</matrix>
              <node id="GanondorfRig_mHindLimb2Right" name="mHindLimb2Right" sid="mHindLimb2Right" type="JOINT">
                <matrix sid="transform">1 0 0 0.002000004 0 1 0 0.046 0 0 1 -0.491 0 0 0 1</matrix>
                <node id="GanondorfRig_mHindLimb3Right" name="mHindLimb3Right" sid="mHindLimb3Right" type="JOINT">
                  <matrix sid="transform">1 0 0 -0.03 0 1 0 0.002999999 0 0 1 -0.468 0 0 0 1</matrix>
                  <node id="GanondorfRig_mHindLimb4Right" name="mHindLimb4Right" sid="mHindLimb4Right" type="JOINT">
                    <matrix sid="transform">1 0 0 0.112 0 1 0 0 0 0 1 -0.061 0 0 0 1</matrix>
                    <extra>
                      <technique profile="blender">
                        <layer sid="layer" type="string">0</layer>
                        <tip_x sid="tip_x" type="float">0</tip_x>
                        <tip_y sid="tip_y" type="float">0.02999997</tip_y>
                        <tip_z sid="tip_z" type="float">0</tip_z>
                      </technique>
                    </extra>
                  </node>
                  <extra>
                    <technique profile="blender">
                      <layer sid="layer" type="string">0</layer>
                      <tip_x sid="tip_x" type="float">0</tip_x>
                      <tip_y sid="tip_y" type="float">0.02999997</tip_y>
                      <tip_z sid="tip_z" type="float">0</tip_z>
                    </technique>
                  </extra>
                </node>
                <extra>
                  <technique profile="blender">
                    <layer sid="layer" type="string">0</layer>
                    <tip_x sid="tip_x" type="float">0</tip_x>
                    <tip_y sid="tip_y" type="float">0.02999997</tip_y>
                    <tip_z sid="tip_z" type="float">0</tip_z>
                  </technique>
                </extra>
              </node>
              <extra>
                <technique profile="blender">
                  <layer sid="layer" type="string">0</layer>
                  <tip_x sid="tip_x" type="float">0</tip_x>
                  <tip_y sid="tip_y" type="float">0.02999997</tip_y>
                  <tip_z sid="tip_z" type="float">0</tip_z>
                </technique>
              </extra>
            </node>
            <extra>
              <technique profile="blender">
                <layer sid="layer" type="string">0</layer>
                <tip_x sid="tip_x" type="float">0</tip_x>
                <tip_y sid="tip_y" type="float">0.02999997</tip_y>
                <tip_z sid="tip_z" type="float">0</tip_z>
              </technique>
            </extra>
          </node>
          <extra>
            <technique profile="blender">
              <layer sid="layer" type="string">0</layer>
              <tip_x sid="tip_x" type="float">0</tip_x>
              <tip_y sid="tip_y" type="float">0.02999997</tip_y>
              <tip_z sid="tip_z" type="float">0</tip_z>
            </technique>
          </extra>
        </node>
        <node id="GanondorfAnkletLeft_LOD2" name="GanondorfAnkletLeft_LOD2" type="NODE">
          <matrix sid="transform">1 0 0 0 0 1 0 0 0 0 1 0 0 0 0 1</matrix>
          <instance_controller url="#GanondorfRig_GanondorfAnkletLeft_LOD2-skin">
            <skeleton>#GanondorfRig_mPelvis</skeleton>
            <bind_material>
              <technique_common>
                <instance_material symbol="LegWrap-material" target="#LegWrap-material">
                  <bind_vertex_input semantic="UVMap" input_semantic="TEXCOORD" input_set="0"/>
                </instance_material>
              </technique_common>
            </bind_material>
          </instance_controller>
        </node>
      </node>
    </visual_scene>
  </library_visual_scenes>
  <scene>
    <instance_visual_scene url="#Scene"/>
  </scene>
</COLLADA>