<?xml version="1.0" encoding="utf-8"?>
<COLLADA xmlns="http://www.collada.org/2005/11/COLLADASchema" version="1.4.1" xmlns:xsi="http://www.w3.org/2001/XMLSchema-instance">
  <asset>
    <contributor>
      <author>Blender User</author>
      <authoring_tool>Blender 3.6.19 commit date:2024-12-16, commit time:12:51, hash:56679ff9b2b2</authoring_tool>
    </contributor>
    <created>2026-07-17T08:40:42</created>
    <modified>2026-07-17T08:40:42</modified>
    <unit name="meter" meter="1"/>
    <up_axis>Z_UP</up_axis>
  </asset>
  <library_effects>
    <effect id="Pants-effect">
      <profile_COMMON>
        <technique sid="common">
          <lambert>
            <emission>
              <color sid="emission">0 0 0 1</color>
            </emission>
            <diffuse>
              <color sid="diffuse">0.17 0.18 0.15 1</color>
            </diffuse>
            <reflectivity>
              <float sid="specular">0.5</float>
            </reflectivity>
          </lambert>
        </technique>
      </profile_COMMON>
    </effect>
  </library_effects>
  <library_images/>
  <library_materials>
    <material id="Pants-material" name="Pants">
      <instance_effect url="#Pants-effect"/>
    </material>
  </library_materials>
  <library_geometries>
    <geometry id="GanondorfPants_LOD1-mesh" name="GanondorfPants_LOD1">
      <mesh>
        <source id="GanondorfPants_LOD1-mesh-positions">
          <float_array id="GanondorfPants_LOD1-mesh-positions-array" count="2130">0.1104963 0 0.921405 -0.1539042 -0.1172285 1.005961 0.1329369 0.02086079 1.067804 -0.1560664 0.01824766 0.9592941 -0.1545516 -0.108537 0.9501098 -0.135468 -0.1244374 1.0812 -0.1556251 0.08728146 1.080298 -0.154196 0.1098853 0.9496796 -0.1538755 0.1169412 1.00638 -0.1571145 -0.02016729 0.9577364 -0.1096948 0.004951357 0.9060481 -0.09613025 -0.1700058 0.9813483 0.09583395 -0.1213582 1.039388 -0.05891126 -0.1820373 0.5383438 -0.05272871 -0.1959249 0.5734086 -0.04249626 -0.2141652 0.6432588 0.01009553 0.03166913 0.5815639 -0.003736019 0.02147531 0.5738857 -0.04450368 -0.231011 0.7641931 0.06890356 -0.1914744 0.9568551 0.1352271 -0.1795656 0.7504126 0.0643059 0.02431696 0.6197943 0.118393 -0.1444955 0.9218374 0.007922649 0.02671408 0.5585036 0.1193115 -0.120748 0.5282111 -0.02798753 -0.1997786 0.3550146 -0.01113629 -0.1823379 0.2924664 -0.06302869 -0.1765426 0.5096787 0.003006696 -0.1322787 0.2008965 -0.0222997 -0.03598225 0.1928051 0.04755365 -0.1216863 0.1677793 -0.01397669 -0.1244505 0.1312886 -0.03296667 -0.1068334 0.1641884 -0.02362829 -0.04108428 0.1564079 0.01550239 0.02370971 0.353436 0.04356193 -0.04820376 0.1356696 -0.1051839 -0.006297588 0.909684 0.004859507 0.2154151 0.8921849 0.09557503 0.119839 1.042322 0.1224012 0.188678 0.7645955 -0.0100277 -0.03048801 0.5780891 0.1206057 0.07755655 0.9230703 0.05934065 0.1936985 0.960393 0.1335761 0.1319041 0.8829268 -0.06407415 -0.0126143 0.9100908 -0.01984602 0.2086906 0.6064428 -0.08877485 0.1849347 0.6441809 -0.01382064 0.2362844 0.7430825 0.02353608 -0.03975325 0.7068104 -0.0649144 0.1717473 0.5577701 -0.0395745 0.1928105 0.5448368 -0.01184129 0.181149 0.2924664 -0.008016884 -0.02024656 0.4768812 -0.02290803 0.0439313 0.1337646 -0.05951237 0.1737726 0.5096847 -4.31668e-4 0.1900784 0.4679054 -0.044577 0.081133 0.1755368 0.04546153 0.1198709 0.1327842 -0.01605629 -0.02443987 0.4221928 -0.02722877 0.1943785 0.3550146 0.004151582 0.132812 0.2018182 -0.02289676 0.03629148 0.1929965 -0.1544923 0.002620637 1.026342 -0.1595876 0.01214081 1.014038 -0.1463555 -0.07139831 0.8840429 -0.1069904 -0.161468 0.8826758 0.09490704 -0.1484179 0.9944332 0.09302783 -0.03161269 0.894693 0.1193525 -0.09010511 0.9348261 -0.06173086 -0.0171076 0.5117269 -0.1135454 -0.07867324 0.4279524 0.02111905 -0.1891139 0.5127431 -0.1070389 0.1615641 0.8826758 -0.1455294 0.07390433 0.8831953 -0.02351385 0.2204612 0.8339137 0.04697644 -0.004211068 0.891941 -0.1088603 0.05736714 0.590356 -0.05585706 0.01117509 0.5046204 0.04353916 0.04785215 0.1356902 -0.1126312 0.05228692 0.4008263 0.03170222 0.1885907 0.4732341 0.005004286 -5.37801e-4 0.8877686 0.05610817 -0.007125914 0.8793921 -0.1282359 0 0.973677 -0.1545415 -2.81333e-4 1.069479 0.06378173 -0.1560152 1.081512 -0.1342916 -0.1451832 0.9765278 0.06354403 -0.2081836 0.8963618 0.08789861 -0.2009817 0.8734431 0.145903 -0.06456345 0.8022707 0.08328181 5.74939e-4 0.832809 -0.08110654 0.01320153 0.6467985 -0.08611035 -0.05785769 0.5513337 -0.05070036 -0.005000114 0.5453203 0.1272599 -0.06955194 0.5852894 -0.05054807 -0.1942139 0.5217713 -0.08622443 -0.09979534 0.5511542 -0.06872904 -0.1649572 0.5265164 0.1338906 -0.08041065 0.54539 0.07983982 -0.1718401 0.4883706 -0.0929026 -0.09697735 0.5029568 0.01284021 0.008610606 0.2910397 0.05079919 0.01614403 0.528192 -0.02725404 -0.1902803 0.3216322 -0.05500102 0.008177697 0.4114406 0.08703154 -0.1565908 0.4415253 -0.07520377 -0.02004623 0.2882366 0.09430783 -0.1104771 0.3370268 -0.01204735 -0.1915487 0.3250601 0.05457454 -0.1435789 0.2433172 -0.008337974 0.01227086 0.5064899 -0.07014393 -0.01714003 0.86072 -0.11695 0.009470522 0.8146162 -0.08640927 -0.003684341 0.6452575 0.08825916 -0.005227863 0.8027861 0.1477367 0.07987827 0.8163983 0.1236835 0.07841402 0.5858105 -0.06280589 0.007077157 0.5479883 0.1178023 0.04254382 0.8752502 0.09702205 0.1454488 0.9927245 -0.09206759 0.05763447 0.5517746 0.09175688 0.0314936 0.8943178 0.06848722 0.2070224 0.6184843 -0.04309177 0.1881387 0.5218008 -0.08337861 0.07953244 0.5350202 -0.07025164 0.1660804 0.528223 0.07634049 0.1789834 0.5281026 0.132193 0.08375757 0.4962863 -0.09199905 0.08589148 0.4963597 0.109398 0.1079064 0.4037436 -0.01396125 -0.01042807 0.2904314 -0.04257375 -0.01291924 0.4279154 -0.02666902 0.1867624 0.3216322 -0.08975368 0.1596176 0.4299301 -0.0132938 0.1892166 0.3250601 0.09030783 0.1427012 0.467482 -0.007945895 0.01672339 0.2223192 -0.07986962 0.02773612 0.2877014 -0.01047611 -0.02105712 0.5071709 -0.05068325 0.03848725 0.7702273 -0.01131534 0.03061062 0.6322151 -0.09548443 -0.08316552 0.5544546 0.104193 -0.01705533 0.6041383 0.135367 -0.1643626 0.7852959 -0.1151133 -0.08379375 0.6101712 8.88189e-4 -0.1994003 0.5230985 0.08566278 -0.003281533 0.5186077 -0.06964951 -0.03483891 0.4922503 0.07129132 -0.09140253 0.2274351 0.04085981 -0.1751623 0.3702768 -0.102155 -0.09424984 0.2898226 0.1063607 -0.1056216 0.4314423 -0.10293 -0.08641934 0.4634387 0.0612688 -0.1204122 0.2172324 -0.05383187 0.1859319 0.5597209 0.1049798 0.002500653 0.5984796 -0.09885931 0.07333606 0.5551697 0.1345226 0.1615623 0.7852959 -0.118205 0.05816459 0.6208343 -0.06913101 0.03944784 0.5428913 0.006444454 0.1989184 0.5131338 0.03956055 0.2011698 0.544398 0.1257097 0.1123402 0.5850962 -0.02954977 -0.005408883 0.5137151 -0.08186894 0.06944036 0.5343729 -0.06610035 0.04704809 0.5149338 0.02054113 0.1309113 0.1321812 -0.02849256 -0.007815122 0.4672148 0.05660927 0.0661239 0.2056475 0.1115416 0.1052994 0.4275149 0.06695801 0.05912649 0.2377228 -0.1015806 0.09021544 0.2870336 0.08821195 0.006663441 0.4612912 -0.03077256 0.1186896 0.2006648 0.02856963 0.1908007 0.4366452 0.06631034 0.001485884 0.3642992 -0.102943 -0.07482105 0.5784729 0.03693091 0.02138668 0.5645703 -0.1056199 0.07347649 0.5714224 -0.09353071 0.1568187 0.5845766 0.07235556 -0.01566714 0.5834501 -0.08214497 -0.001128077 0.5942048 0.04711329 0.04456615 0.2140277 0.03833234 0.04607069 0.1796568 0.09286433 0.09280478 0.3005448 -0.117578 0.1527212 1.022049 -0.103224 0.178801 0.6639697 -0.1252993 0.1052533 0.6592612 -0.1664022 0.08013302 1.015545 -0.01584094 -0.04517757 0.7011075 0.09254503 -0.02096831 0.8916407 -0.04335367 -0.09296602 0.1353435 -0.008557677 -0.1852612 0.3027349 0.01792794 -0.1562781 0.2383169 -0.1391026 0.1401869 0.9685284 -0.1441188 0.08507072 0.8287768 -0.06707471 0.1681404 0.5155763 0.1239493 0.06153118 0.5393334 -0.01315647 -0.02694141 0.3732416 0.1063431 0.01603478 0.4852446 0.06343269 -0.1770218 1.017329 0.135241 -0.07202774 0.8593706 -0.08812564 -0.09888446 0.5249476 0.06676632 -0.003876447 0.3643853 0.1234104 -0.05450063 0.4704883 -0.06982183 -0.01113301 0.9215739 -0.1289543 0.1428748 0.7780486 -0.1489481 0.08892863 0.7625943 -0.02582031 -0.03935176 0.7940225 0.1025149 0.1762065 0.6278638 0.08222079 0.1745185 0.9764134 -0.09763848 -0.02772521 0.5929655 0.09793078 0.1542605 0.5454302 0.05157738 -0.01065152 0.4251003 0.0326662 -0.01472979 0.353946 -0.157713 -0.001329421 1.068462 -0.05673748 0.1590972 1.082243 -0.1650884 0.04713827 1.075421 0.09960538 -0.1792223 0.5952163 0.1256489 -0.0868352 0.5876878 0.08508223 -0.217991 0.7376654 -0.08792072 -0.1278865 0.5578641 0.1474915 -0.09473007 0.6422324 0.1183256 -0.03840374 0.4951205 -0.03664165 -0.1041581 0.1326943 -0.04261487 -0.09247946 0.1727554 -0.04976445 -0.0884841 0.2000004 0.04236656 -0.1694651 1.07656 0.07713007 -0.02424007 0.6329134 0.04890257 -0.03096932 0.5976426 -0.09209924 0.03999042 0.5655837 0.04242509 0.226988 0.6739125 -0.05050599 0.06181949 0.2024251 -0.04189825 0.06028789 0.1763619 -0.06046831 0.02304083 0.4810345 0.01838541 0.1729232 1.076103 0.005230426 0.02575731 0.8411809 -0.1590589 -0.01504725 0.9938901 -0.01016414 -0.0386815 0.6171587 -0.03825396 -0.2114295 0.8643535 -0.07574665 -0.117536 0.5520936 -0.1433763 0.004006981 0.9996432 0.01268607 8.46109e-4 0.882321 -0.1645721 0.01576614 1.070721 -0.1692858 -0.06680065 1.025372 -0.08433276 0.1725625 1.00017 -0.009185731 0.1685515 1.083569 -0.06378871 0.01818174 0.8733579 -0.007525146 -0.01771527 0.2204377 -0.1130202 0.1638638 0.9493125 0.01154404 0.01083314 0.8931043 -0.04906952 0.1976301 0.9248851 0.07341051 -0.1471272 1.082499 0.01294916 -0.02888685 0.2064638 0.0698986 0.01181524 0.8825604 0.008827388 0.04344922 0.6908217 0.1030282 0.005652606 0.6752828 -0.08240169 -0.08857727 0.546382 -0.08569508 -0.1109667 0.5104042 -0.02303135 -0.04423886 0.1337609 0.06794124 0.143274 0.2857589 -0.1263341 0.1317258 0.8739385 -0.09528785 -0.01228702 0.7022924 -0.05586749 -0.02329641 0.630943 -0.08054304 -0.0231648 0.7739337 -0.1323987 0.04415631 0.6979738 -0.07386285 0.05765902 0.5464773 0.1169207 -0.0760222 1.066774 -0.04640978 0.1681356 0.2893735 -0.1648004 -0.009534001 1.042417 -0.1667171 -0.03237831 1.05112 -0.03104406 0.1649476 1.082498 0.107813 -0.1586192 0.5910949 -0.05674779 -0.1591369 1.082254 0.0240935 -0.2326934 0.7677768 -0.003505229 -0.2055412 0.5596329 -0.08524554 -0.01170176 0.5548747 -0.09876585 -0.1034348 0.5565822 0.1434518 -0.04874664 0.6541368 0.002039074 -0.03399622 0.1702002 0.05280965 -0.01106745 0.287154 -0.07195019 -0.05805951 0.4999603 0.088777 -0.06851255 0.3023679 0.06826168 -0.06116527 0.2384403 -0.1096879 0.07563549 0.5936471 0.09421962 0.1750267 0.6017426 -0.1036761 0.1253307 0.6286406 0.1522996 0.1030387 0.6504554 0.001767337 0.1274585 0.1781376 0.05941641 0.02253711 0.2784268 -0.07293647 -0.06952679 0.5432351 0.04100918 -0.01820129 0.8808386 0.07625043 -3.49319e-4 0.5634502 -0.1679018 0.06070297 1.069172 -0.1667129 0.06351774 0.9630575 0.08808106 0.1262391 1.081858 0.09865951 -0.1688588 0.9419211 0.1290243 -0.03631573 0.8057298 0.10894 -0.04875648 0.9131476 -0.05573314 -0.1879402 0.5125446 -0.03416001 0.2246428 0.6881634 0.1136596 0.07837206 0.9666824 -0.03009104 0.1917164 0.3445179 -0.08244574 0.1789602 0.3740779 -0.009415984 0.185113 0.3025161 -0.13637 -5.67614e-4 0.9388031 0.1270954 -0.05034106 1.069347 -0.1531189 -0.04238665 0.9122731 -0.1626057 0.09398925 1.053132 -0.03697997 -0.1856711 0.468717 -0.01080828 0.1931564 0.4388353 0.1278986 -0.1016556 0.9110299 0.152407 -0.1349478 0.7348301 0.07668954 -0.0277853 0.3433585 0.1132881 -0.06143492 0.4369801 0.08563679 0.1997008 0.886295 0.06498646 0.2179802 0.8226391 -0.07446843 0.01176059 0.5538747 -0.0326848 -0.02002245 0.5517993 -0.03511184 0.05505907 0.1345152 -0.08096402 -0.2088729 0.694275 0.05850869 0.1057984 0.1348147 -0.06499433 0.1700972 0.4347322 0.07813227 0.1085356 0.2426275 0.05691003 0.07484036 0.1746625 0.05699139 0.1096696 0.1823387 0.1490487 -0.1296113 0.801005 -0.07278519 -0.1427201 0.5190461 -0.06942933 -0.05474656 0.5413072 -0.04271048 -0.06186121 0.1773436 0.073385 -0.1381955 0.2820644 0.08505368 -0.01933217 0.4594207 0.03033059 -0.1680346 0.2869083 -0.064453 -0.1582982 0.2911133 0.1282746 -0.08377403 0.4762467 -0.05841028 -0.1860142 0.3426738 0.06996202 0.001631677 0.4561164 -0.0352683 -0.1965839 0.4979052 -0.1018785 0.1978228 0.7456818 0.1182327 0.05345034 0.935 -0.08637583 0.1343097 0.5561193 0.0963273 0.2013776 0.8199124 0.1342937 0.09481126 0.5496991 -0.0577408 0.01051133 0.5330417 -0.06973874 0.1566877 0.4864064 0.06492245 0.174618 0.4712143 0.1292195 0.1102327 0.4985404 -0.02968287 0.1870769 0.49699 0.02104026 0.1888906 0.3539404 -0.1002959 0.1492404 1.070704 -0.1329041 0.1260812 1.0805 -0.1569542 7.97048e-4 1.068639 -0.1002031 -0.1491965 1.070675 0.1200422 -0.1682915 0.8907796 0.04566216 0.002406477 0.8963605 0.1030176 -0.1004977 1.07018 0.1095479 0.0639081 0.4494705 0.1203591 -0.06340467 0.9084367 -0.08882385 -0.1748663 0.6369167 0.115526 -0.06273943 0.9368963 0.04594326 -0.1203455 0.1327729 -0.1371794 0.03669923 0.8427166 0.1087544 0.04754686 0.9116221 -0.04678791 0.03689211 0.2173246 0.1319991 -0.02461934 1.06787 -0.09767735 -0.1986969 0.7488579 0.1105783 -0.1172568 0.9635751 -0.04466336 -0.2263953 0.6840161 -0.06149822 -0.01825493 0.4809097 0.1124558 -0.0794664 0.3986566 -0.0290246 0.0100677 0.532918 0.0331642 -0.1776133 0.4669559 0.1045737 -0.07263541 0.3556547 -0.08421707 -0.1545661 1.071404 0.06291818 0.1750608 0.4345898 0.02065479 0.01278704 0.2416279 -0.07332473 -0.05711501 0.5483403 0.140302 -0.1503187 0.673274 -0.03903287 -0.009344816 0.5107435 0.1116324 -0.08374345 0.9761133 0.09370398 -0.1583876 0.4754114 0.06762158 -0.1691824 0.4204418 -0.1084423 -0.1293387 0.3452991 -0.004196941 0.01829397 0.4288054 -0.06586098 0.217737 0.7770225 0.08546513 -0.02091085 0.7458688 0.1200104 0.02654886 0.815619 0.1039781 0.1439447 0.5807774 0.1076678 -0.1951361 0.6531699 0.03763431 0.1666836 0.285691 0.08765739 0.01165461 0.4284439 0.1178674 -0.197922 0.7637767 -0.09364724 -0.001341402 0.6032182 -0.07718873 -0.1899269 0.6155161 0.1374769 -0.03279286 0.7442147 -0.143017 0.002614855 0.9518004 0.1606679 0.09622251 0.7621288 -0.07303977 -0.02074605 0.544564 -0.06811523 -0.1466451 0.4862791 -0.008968651 -0.1985934 0.4323873 -0.05600845 0.01238155 0.3449634 -0.1064975 -0.04029673 0.3467221 -0.004769563 -0.1925695 0.4732512 -0.0774905 0.1494895 0.5551272 0.134404 0.07461243 0.8653325 0.1503366 0.131986 0.6773472 0.103422 0.1531779 0.9534093 0.1436665 -0.1116924 0.8476577 -0.0885241 0.0698381 0.4993442 -0.06835955 0.0491265 0.4898181 -0.004938364 -0.2001293 0.3803187 -0.1378417 0.004933238 0.9720734 -0.1634759 -0.06227725 1.078162 -0.04303622 0.01323819 0.5576259 -0.05617862 0.01994931 0.5933477 0.1025621 -0.1653703 0.573256 0.09425783 0.001744925 0.5975709 -0.06589579 0.009293437 0.5667341 -0.1085762 -0.1060267 0.5848191 0.0758031 -0.1149918 0.244931 -0.0460847 -0.03686463 0.2166185 0.1285235 0.09919935 0.9061332 0.1376079 0.1077448 0.6077985 -0.001457512 0.2087556 0.5691689 0.1275898 0.1559045 0.8757112 0.03907108 0.210849 0.585405 0.1210677 0.03663039 0.6137244 0.1494622 0.0771569 0.6525319 0.02128243 0.03676104 0.1797438 0.08830863 -0.09937512 0.2886659 -0.076424 0.01883262 0.8396008 0.008054733 0.02353191 0.4893647 -0.08706218 0.02171653 0.6981438 -0.1643722 0.008761048 1.04133 0.1105728 -0.08799326 1.066985 -0.143263 -0.002848029 1.005073 -0.1659429 0.02855938 1.046705 -0.1665526 -0.07890903 1.059153 -0.1539762 0.04579591 0.9127048 0.09109067 0.208827 0.6807618 -0.070288 0.1672224 0.542612 0.1550935 0.1344265 0.7344479 -0.02619266 -0.1145405 0.133325 -0.1529057 -0.001771628 1.027316 0.0399481 0.01778334 0.8807693 0.0833556 -0.1318947 1.083855 -0.08021044 -0.1678177 1.027184 0.1172519 0.07544541 1.066779 -0.1146582 -5.75113e-4 0.8620786 0.03026115 -0.1724513 1.074996 -0.1213206 -0.004639625 0.7674381 -0.1327883 -0.1074616 0.6648053 -0.1011697 -0.1700457 0.675385 -0.07160979 -0.1683075 0.5629706 -0.1080688 0.004831492 0.8059512 0.04725736 0.03606379 0.7029598 0.1028378 -0.1648551 0.5378475 0.128027 -0.05430227 0.5414821 -0.06884622 -0.02746152 0.5080167 0.04432165 0.01512038 0.4077252 0.06620943 -0.1579026 0.3357434 -0.03556358 -0.1173292 0.2035245 0.1345537 -0.06521785 0.5085436 0.07634067 9.18531e-4 0.4853031 0.1188508 0.0101642 0.7663839 0.119532 0.003600001 0.681405 -0.07539469 0.113016 0.5530441 -0.01794898 -0.02908128 0.8357076 0.05714792 -0.0136913 0.5277802 -0.0780611 0.1265472 0.5060211 0.1016975 0.01514667 0.5477659 0.03325223 0.1267856 0.1332346 -0.06661111 0.1065263 0.2319346 -0.1013018 0.1486971 0.346347 -0.08485597 0.1420136 0.4624405 -0.08807098 -0.06080299 0.266728 0.06387281 0.1158876 0.2168823 -0.05363798 0.02739298 0.632808 0.1128695 -0.029554 0.8520857 0.05841237 0.1695026 0.368883 0.08151614 -0.1484761 0.3663172 0.09494602 -0.02656859 0.5716432 0.04397284 -0.001719236 0.8961283 0.08703303 0.00151062 0.5652226 0.1368475 0.03248691 0.7370949 -0.04512572 0.07383811 0.1309369 0.1016222 0.003696203 0.5192126 0.04743182 0.1222723 0.1690325 0.1120029 0.02027028 0.9099176 0.1156006 -0.02320748 0.918362 -0.1428942 -0.05375534 0.7845038 0.03584015 0.2358166 0.7702209 0.02456021 0.02280098 0.4873412 -0.0677722 -0.006174564 0.5676492 -0.1334291 -0.02202099 0.8947412 -0.1263952 -0.1316987 0.8721321 -0.1364371 -0.03519344 0.8464311 0.02928894 0.0411899 0.136774 0.1245916 0.03344786 0.9603745 0.08534592 -0.003531754 0.8921756 -0.1409896 -0.003354966 0.9755114 -0.1675689 0.04331654 0.9996874 -0.1667738 -0.04402405 0.9853481 -0.1442953 -0.08752793 0.8282235 0.116492 -0.05386686 0.9302451 0.1502285 0.1286616 0.8063024 -0.1092571 -0.1113186 0.6138734 0.04967582 -0.02741366 0.7893427 0.02959465 -0.01611185 0.8582731 0.1243584 -0.0335204 0.9589641 0.07136255 0.1491639 1.082489 0.08111256 0.135387 1.084036 -0.1168241 0.009227752 0.9343125 -0.1378625 -0.07048308 0.6840865 -0.05084979 0.03616237 0.676244 -0.1282432 -0.1492272 0.9165695 0.02992063 -0.01682263 0.2379747 0.1267118 0.1761108 0.8286028 0.07412314 6.46544e-4 0.8637778 -0.06250971 0.007137775 0.4407613 0.1289507 -0.04758358 0.6063559 0.09269624 0.0123322 0.7540416 0.08931243 -0.1758778 0.5319375 0.02139753 0.02595937 0.5426816 0.09517478 -0.1643137 0.5012764 0.04261106 0.1694825 1.076635 -0.1073544 0.1709067 0.8427944 -0.1447768 0.05190902 0.7857782 -0.1254422 0.01564383 0.7649527 -0.04449868 0.191135 0.5541418 -0.09188872 0.1011886 0.5568068 -0.009623825 -0.0254631 0.544082 -0.1397461 0.07076978 0.6808422 -0.08564788 0.07383286 0.5477514 0.07139205 -0.007006287 0.492003 -0.0294013 0.196365 0.5538495 0.09291827 0.1146686 0.3249721 -0.06563806 -0.008025467 0.3542159 0.1242548 0.1037452 0.4619503 0.1116084 0.08765041 0.3989951 -0.08421647 0.1545703 1.071405 -0.1530148 -1.9434e-4 1.071742 -0.1098557 -0.01389116 0.6646372 -0.1103569 -0.09458464 0.5990491 0.1521738 -0.07205957 0.6623201 -0.1137679 -0.01229375 0.9578868 0.1210341 -0.05467778 0.5819844 0.1213644 -0.06154841 0.9693447 0.1069889 0.09332311 1.06776 0.1211614 0.06784045 0.9946805 0.03534609 -0.1386985 0.2131665 -0.1324614 0.1417735 0.9174222 -0.1186858 0.003225684 0.8820606 -0.04033887 0.2080314 0.8718919 0.09600329 0.02391916 0.8922291 -0.03945004 0.1917372 0.5335144 0.005630254 -0.01595568 0.5054246 0.1316708 8.34774e-5 0.9936491 0.03706318 0.1298201 0.1796994 0.1280969 -0.04695504 1.012024 -0.118338 -0.008655667 0.9346196 -0.1293965 -0.1415709 0.7788158 -0.1492214 -0.09816652 0.7584813 -0.02530992 0.01291984 0.904074 0.06798112 0.1736862 1.016113 0.08405262 -0.1706566 0.9831268 -0.1337285 0.0220347 0.8947501 -0.07864034 0.1963402 0.8404244 -0.102187 -0.1161774 0.4513829 -0.0808255 -0.01796644 0.4349105 0.04917955 -0.04956167 0.2080593 0.05713808 -0.1089613 0.1805874 -0.06331384 -0.07758635 0.2152964 0.03677314 -0.1299526 0.180361 0.05709803 -0.07557737 0.1751352 -0.007372081 0.03418058 0.1716462 0.1278392 0.09759891 0.5872203 0.1067948 0.1791544 0.9001467 0.04996526 -0.0135262 0.563785 0.07962602 0.1843537 0.5705915 0.09462887 0.007550179 0.5706014 -0.09310203 0.1690078 0.5982494 -0.03384453 0.1063168 0.1686447 -0.1197 0.05937349 0.3542475 0.07767343 0.02000385 0.3385439 -0.05743783 0.0798012 0.2065826 -0.08828943 0.04712301 0.4505547 0.05479395 0.1401425 0.2356173 -0.1114181 0.07104909 0.4446232 0.1117674 -0.1901542 0.8297668 0.1003284 -0.187498 0.6212959 -0.02023106 -0.2015532 0.5294224 -0.09287554 -0.00700289 0.3770225 -0.07610112 -0.1224134 0.2600319 -0.127574 -0.09677785 0.3761492 -0.0394544 -0.008208751 0.4878085 0.08420056 -0.1825875 0.5682379 0.0568785 0.2102537 0.8881279 -0.0777775 0.1544003 0.5164718 0.1320562 -0.1678256 0.8263028 -0.0889216 0.06208479 0.2666848 -0.07477152 0.1363404 0.2709518 0.1043991 0.08497869 0.3571304 -0.1666698 -0.03422236 1.073308 0.02637314 -0.1947885 0.5641584 0.01343882 -0.2092924 0.6017765 0.1600083 -0.08171105 0.7585152 -0.01811015 0.190545 0.9926654 -0.05178779 -0.1917393 0.5322474 -0.1203529 -0.1020897 0.4232098 -0.04509562 -0.08073025 0.1325703 -0.01981103 -0.1976574 0.3467788 -0.09956294 -0.006643831 0.8580805 0.1181956 0.06885302 0.9364069 0.1165508 0.1155521 0.945683 0.1294932 0.1139674 0.5323447 -0.08857667 0.01369309 0.3775042 -0.1227644 0.1007985 0.3897131 -0.1130479 0.01233935 0.9572151 -0.1287847 -0.1340995 0.7057372 0.0115109 0.04145836 0.7607123 -0.1446517 -0.1180046 1.066721 -0.04263603 -0.1925215 0.964636 -0.03084212 -0.2104321 0.8803129 -0.04050838 -0.1931217 0.4407875 0.08233916 -0.211476 0.8170563 0.004548728 -0.1955556 0.9827798 -0.02870798 -0.2181864 0.6145321 0.05257588 -0.03766357 0.6922466 0.02934801 -0.04100114 0.1367965 -0.004078865 -0.2376536 0.7415744 -0.00919038 -0.168538 1.083566 0.0558139 -0.06077915 0.1365399 0.03080695 0.2041935 0.9473682 -0.02669697 0.114915 0.1334151 0.007308006 0.1313856 0.1338119 -0.03107023 -0.1649897 1.082509 0.01178765 -0.03065073 0.626385 0.05886244 -0.1046094 0.1346774 -0.05015522 0.1815415 0.5125188 -0.03117579 0.006803154 0.2984492 0.03006559 0.1719731 1.074888 0.05655133 0.06223642 0.136456 -0.08080953 0.1687534 0.5611787 0.002214908 -0.0116378 0.8948583 -0.04129958 0.05847752 0.1589629 -0.04403024 0.09198153 0.1355143 0.01858848 -0.172453 1.075946 0.01054555 0.0403847 0.6265965 0.01715832 0.1553915 0.2362801 0.0176528 -0.03629839 0.134725 -0.04428619 -0.05077552 0.2013197 -0.07454061 0.1850422 0.5971398 -0.00728178 -0.03740388 0.1358385 0.02933138 -0.128827 0.1331369 0.02093023 -0.1308519 0.1321832 0.05550271 -0.01019716 0.4750725 0.02059316 -0.2122507 0.6289836 -0.06769472 -0.1671113 0.5153403 -0.06943213 -0.2191134 0.7791162 0.01211929 0.02494722 0.4469488 -0.07745665 -0.1792889 0.584987 0.005977928 -0.02081608 0.5777125 -0.00621432 -0.2316703 0.6857147 -0.08270698 -0.1742949 0.3771123 0.005887389 -0.1308783 0.1338803 0.04249769 0.1879564 1.005471 -0.02562159 -0.2064158 0.5743584 0.006413221 -0.128803 0.1782577 0.01302748 0.2262181 0.8329384 0.05004817 0.0246064 0.7985646 -0.06591188 -0.1709227 0.5361779 0.06254893 -0.07519525 0.1337893 0.01788306 -0.2248202 0.8351727 0.03828221 -0.04570001 0.1793807 -0.06871032 -0.1660735 0.4346616 0.0353648 0.1387338 0.2136497 0.006097435 -0.2156591 0.8911024 -0.06660437 0.01153504 0.9195393 -0.0348863 -0.05499553 0.1345443 0.01190632 0.2199862 0.6381438 -0.03127861 -0.1966506 0.344518 -0.04317265 -0.06476837 0.1543155 -0.04408687 -0.07150876 0.1312212 -0.03056895 -0.147927 0.2381931 -0.04697746 -0.01020973 0.2662001 -0.03642201 0.1380177 0.2278288 -0.02504664 -5.2688e-4 0.8949734 -0.01876431 -0.1843779 0.3001416 -0.01899188 0.1823418 0.3001416 -0.0198574 0.1963735 0.3457674 0.04773825 0.005692422 0.8814553 0.01548999 0.02802985 0.210024 0.04099637 -4.76465e-4 0.3010092 0.03752058 -0.2045519 0.9403789 0.01769989 0.03636163 0.1347296 -0.0069018 0.0372821 0.135781 -0.09572255 -0.1862277 0.834508 -0.04831296 0.009877324 0.2673959 0.08969837 0.2176485 0.7363477 0.006889462 -0.035236 0.1332276 0.06282663 -0.08678525 0.1322076 -0.1675835 -0.07038414 0.9722054 0.1269106 0.04963487 1.069318 -0.1207225 -0.1513345 1.017547 0.06221044 0.07591378 0.1334308 0.06305265 0.08654499 0.1322266 -0.01396518 0.1257162 0.1315351 0.00672394 0.03525263 0.1332316 -0.03672587 0.1044355 0.132695</float_array>
          <technique_common>
            <accessor source="#GanondorfPants_LOD1-mesh-positions-array" count="710" stride="3">
              <param name="X" type="float"/>
              <param name="Y" type="float"/>
              <param name="Z" type="float"/>
            </accessor>
          </technique_common>
        </source>
        <source id="GanondorfPants_LOD1-mesh-normals">
          <float_array id="GanondorfPants_LOD1-mesh-normals-array" count="2127">0.8929473 -0.2633581 -0.3650861 0.9535927 -0.2378318 -0.1846539 0.7683653 -0.58055 -0.2694005 0.9528784 -0.281856 -0.112161 0.1505038 -0.9561458 -0.2512644 0.259559 -0.9479247 -0.1845751 0.2101221 -0.95473 -0.2105692 0.1418256 -0.9823067 -0.1223077 0.252017 -0.967672 0.009924948 0.4841135 -0.8702552 -0.09104996 0.44423 -0.8304466 -0.3361819 0.7622117 -0.645978 -0.04178345 0.4948027 -0.8645467 0.08791714 0.8691394 -0.4931228 0.03777408 0.9494571 -0.2466431 0.1941614 0.9967598 -0.04935044 0.06351804 0.747766 -0.6568647 0.09682458 0.7784832 -0.5988649 0.1879491 0.5482688 -0.8098615 0.2086284 0.9330211 -0.2659509 0.2423673 0.814521 -0.540536 0.210657 0.4925193 -0.8408586 0.2244588 0.4633009 -0.6731649 0.5763691 0.3171046 -0.8443199 0.431936 -0.007845103 -0.1724989 0.9849786 0.7814701 -0.5474929 0.2992591 0.230324 -0.3707321 0.899727 -0.4060423 0.8476364 -0.3415294 -0.8379315 0.4183067 -0.3505573 0.3317298 0.05090528 0.942 0.3696908 -0.6956075 0.6160025 0.224112 -0.9490916 0.2213571 -0.068632 -0.989556 0.1267624 0.04356223 -0.9734168 0.2248601 0.2817788 -0.9454906 0.1632429 0.1301999 -0.9911772 0.02481871 0.148151 -0.1044768 -0.9834308 0.2962243 0.1208046 -0.9474479 0.3161921 0.7146228 0.6239686 0.2598158 0.419903 0.8695845 -0.07487976 -0.9491203 0.3058818 0.571236 0.8140364 0.1050443 0.334156 0.925714 0.1771816 0.5472229 0.8155398 0.1882607 0.3255129 0.9455332 -0.002883374 0.1212921 0.9865422 0.1096482 0.09565114 0.9727187 0.2113511 0.338688 0.9096893 0.2403247 0.1345956 0.4914759 0.8604276 0.1145855 0.3857704 0.9154514 0.4829433 0.6468251 0.59024 0.6034348 0.5927722 0.5333738 -0.3264977 -0.8836501 -0.3355024 0.5600277 -0.01218736 -0.8283842 0.8314419 -0.09764891 -0.5469637 0.9041937 -0.02502971 -0.4263887 0.9672092 -0.2299147 -0.107915 0.908112 -0.374037 0.1882259 0.9669392 -0.2002598 0.1578751 0.9748829 0.2186472 0.04238802 0.7527601 0.6307722 0.1883581 0.8611053 0.4050715 0.30727 0.9798582 -0.05327296 0.1924576 0.9643666 0.02766311 0.2631194 0.9094629 -0.2747475 0.3120754 0.9684661 0.103779 0.2265024 0.9483602 0.2681302 -0.1694677 0.9869511 -0.08289039 -0.1380465 0.9044412 -0.2549167 -0.342058 0.9493409 -0.297915 -0.09999227 0.8755371 0.08447676 -0.4757083 0.9824957 -0.0663194 -0.1740808 0.9716103 -0.2336463 -0.03718858 0.8967422 -0.4423801 0.01238363 0.9674323 -0.243426 0.06941664 0.9549508 -0.1856676 0.2315095 0.7684655 -0.5823058 0.2652935 0.4518056 -0.8618258 0.2304947 0.3034556 -0.9490965 0.08444303 0.8244367 -0.5189853 0.2257396 0.4826892 -0.8590941 0.1702015 0.85543 -0.5048429 0.1156436 0.9274631 0.307712 0.2124284 0.9310261 0.3111645 0.1907021 0.7776116 0.6066163 0.1653392 0.8218482 0.5670264 0.05519586 0.9083732 -0.3971855 0.1307734 0.720642 -0.6387999 0.2694622 0.4895278 -0.8362773 0.2469877 0.8704127 -0.4387175 0.2234029 0.8636568 -0.4873769 0.1286894 0.08023881 -0.9889654 0.1245362 0.3334746 -0.9129797 0.2350805 -0.02273184 -0.9711229 0.2374943 0.009178936 -0.97891 0.2040858 -0.1268209 -0.9622861 0.24067 0.1431294 -0.9586908 0.245817 -0.03395438 -0.9859718 0.1634221 0.6724713 -0.7366259 0.07186639 0.8748551 -0.4715767 0.110653 0.9749351 -0.2109491 0.07072716 0.9893349 0.1242129 0.07607746 0.980691 0.1388921 -0.1376745 0.8815836 0.4437899 -0.1608135 0.6493437 0.7565808 -0.07706177 0.7776353 0.5798906 -0.2429206 0.7813137 0.6182268 -0.08570158 0.4444273 0.8854167 -0.1360947 0.3340751 0.9365913 -0.1057862 -0.07974177 0.9898482 -0.1176512 0.9795095 0.1506091 -0.1337091 0.8515481 0.4249834 -0.3070099 0.406338 0.913659 -0.01080656 0.64762 0.7531496 -0.1155605 0.7877788 0.6053504 -0.113823 0.6373893 0.7702006 0.02293813 0.9694895 -0.2450239 0.007314562 0.9547489 -0.1227256 -0.2709118 0.831044 -0.5554457 0.02908712 0.9065015 -0.3732699 -0.1972932 0.9659121 -0.2083478 -0.15364 0.9134967 -0.337783 -0.2267744 0.9928459 -0.08430361 0.08455741 0.8575311 0.4916387 -0.1514325 0.8734067 0.4719748 0.1200025 0.983043 0.1719631 -0.06367999 0.7807958 0.6142999 -0.1139897 0.5907595 0.7974583 -0.1227334 -0.210056 0.9736453 -0.08883321 -0.1360864 0.9702264 -0.2003532 -0.3622995 0.9191532 -0.1545851 0.1568304 0.987573 -0.01018953 0.219794 0.975097 -0.02960395 -0.3016562 0.953117 -0.02390861 0.6374633 0.767398 -0.06885391 0.7680905 0.6113395 -0.1905282 0.869859 0.40281 -0.2847621 0.9541745 -0.1868322 -0.2337623 0.9325186 -0.3568057 -0.0556696 0.7153449 0.6862227 -0.1318331 0.7873782 -0.5889713 -0.1820673 0.3854613 -0.9004533 -0.2015032 0.7222841 -0.6803948 -0.1239698 0.9386856 -0.3092104 -0.1525069 0.9287601 0.2957972 -0.2234027 0.9933367 -0.05479311 -0.1013903 0.8493206 0.4965406 -0.1791706 0.962925 0.1803709 -0.2006039 0.9213594 0.2983562 -0.2491595 0.6521794 0.7103057 -0.2648167 0.8616375 0.3880969 -0.32705 0.4368647 0.8062283 -0.3989303 0.7440159 0.619691 -0.2498469 0.9520556 0.05783623 -0.3004082 0.9067289 -0.2954628 -0.3009061 0.7997349 -0.5089793 -0.3183774 0.3084096 -0.8747377 -0.3737882 0.5764122 -0.7527196 -0.3180601 0.9688439 -0.1125882 -0.2206023 0.9414166 -0.3026439 -0.1488006 0.7779852 -0.6175771 -0.1154894 0.7779837 -0.5966692 -0.1967923 0.4041087 -0.8858934 -0.2277922 0.4602382 -0.8840541 -0.08141982 0.5837198 -0.8012805 -0.1312276 0.4504023 -0.8922262 -0.03271782 0.3171198 -0.9449946 -0.08012735 0.3059758 -0.9398425 -0.1519043 0.4679881 -0.8742503 -0.129126 0.1151297 -0.895619 -0.4296648 -0.2181956 -0.9044814 -0.3664754 0.01458841 -0.9120007 -0.4099292 0.3033044 -0.9183322 -0.2543079 0.3253139 -0.9262194 -0.1904959 0.2282295 -0.9735386 -0.01157373 0.2067232 -0.964765 -0.1627702 0.1216899 -0.9894661 0.07841253 -0.4441951 -0.883125 0.1509339 -0.5010197 -0.8654097 -0.006736218 -0.1991993 -0.9794449 -0.0317403 0.1239378 -0.9909186 -0.05215096 0.2317113 -0.9613877 -0.1484713 0.2816858 -0.9389792 -0.1974111 0.144907 -0.9804576 -0.1330599 -0.1328923 -0.9870263 -0.09010463 -0.1845329 -0.9601927 -0.2097085 -0.6552417 -0.7548248 -0.02996647 -0.512951 -0.8157942 -0.2671349 -0.3131538 -0.9220229 -0.2276147 -0.8141024 -0.4607331 -0.3535001 -0.5990784 -0.6662523 -0.4440867 -0.3454446 -0.9382031 -0.02104723 -0.1795461 -0.7578787 0.6272025 0.7526189 -0.631664 -0.1859179 0.8217061 -0.5637208 -0.08377426 0.2022703 -0.9597513 -0.1948442 -0.1516773 -0.9834301 -0.0992943 0.184877 -0.9650934 -0.1855138 -0.3428738 -0.9210456 -0.1846963 0.04216188 -0.979612 -0.1964247 0.396847 -0.9164497 -0.05130803 0.5900548 -0.7738218 -0.2302941 0.6659224 -0.7416732 0.08042591 0.4233901 -0.8988931 0.1128361 0.06447166 -0.9845493 0.1628075 -0.2222032 -0.9602321 0.1690561 -0.3060734 -0.9333851 -0.1873801 0.03587323 -0.9993542 0.0020864 -0.2867872 -0.9547233 0.07909935 0.1424852 -0.9878787 0.06159424 -0.329379 -0.9291658 0.1678108 0.5763268 -0.7703565 -0.2727605 0.7794582 -0.5873354 -0.217904 0.8644174 -0.4913113 -0.1067509 0.4446896 -0.8795873 -0.1690487 0.7260673 0.6583345 0.1985498 0.5749065 0.7852785 0.2298263 0.333234 0.9205928 0.2036275 0.8899965 0.3970849 0.2241202 -0.1168991 0.967019 0.2262936 -0.03504472 0.9798595 0.1965889 0.2185411 0.9439604 0.2473431 -0.1325318 0.9637082 0.2317365 0.1046559 0.9711846 0.2141207 0.3851789 0.8931992 0.2320182 0.6641111 0.6988899 0.2655362 0.1639288 0.9633734 0.2122242 0.9168516 0.3721417 0.1445466 0.9441246 0.3257043 -0.05045217 0.8774548 0.3554992 -0.3220146 0.9833855 0.07865065 -0.1636069 0.1622555 0.9728869 -0.1648167 -0.2971692 0.9329051 -0.2034174 -0.163811 0.9863157 -0.01863628 -0.0736736 0.9807451 -0.1808624 -0.6655759 0.7119646 -0.2238644 0.1784016 0.9809485 0.07689625 -0.2292621 0.9551162 0.1875953 -0.01125484 0.9872167 0.1589867 0.3652516 0.922504 0.1248118 -0.3504289 0.9242537 0.1515085 -0.06760805 0.9824677 0.1737427 0.2605717 0.9491747 0.17655 0.5083294 0.8467046 0.1571387 0.8769467 0.4019422 0.2634522 0.9531186 0.1231705 0.2763944 0.7590575 0.6295879 0.1656834 0.9528818 0.1709274 0.2505996 0.8603765 0.4388129 0.2592214 0.5587276 0.8262886 0.07120984 0.7822843 0.6192441 0.06758707 0.8803372 0.4741216 0.01466655 0.7517281 0.655376 0.07339882 0.508226 0.8605007 0.03528606 0.5953866 0.7851073 -0.1706505 0.9959692 0.01061755 -0.08906555 0.9663392 -0.09358751 0.2396456 0.9661112 0.2363983 0.1036583 0.9436398 0.3284749 0.04059857 0.8979508 0.3936403 -0.1968041 0.9682274 0.1061102 -0.2264431 0.762585 0.590553 -0.264029 0.4662142 0.8579573 -0.215763 0.6880879 0.7058984 -0.1680549 0.227826 0.9551683 -0.1890735 0.7851742 0.5680238 -0.2466791 0.6473266 0.74391 -0.1660313 0.266853 0.9440655 -0.1937266 0.8310834 0.5332601 -0.1579051 0.7987279 0.597497 -0.07093024 0.763592 0.6272457 -0.1532652 -0.1577069 0.9872936 -0.01949363 -0.06616777 0.9820663 -0.1765441 0.2357516 0.9673566 -0.0929653 0.5961657 0.7947841 -0.1135995 -0.274811 0.9391341 -0.2061702 -0.3798103 0.8812821 -0.2812223 -0.4834106 0.8017139 -0.3515242 -0.6030836 0.7328067 -0.3150945 -0.3181013 0.939369 -0.1280533 -0.2815924 0.9576663 -0.0598405 0.2916084 0.8913904 -0.3469693 -0.1465454 0.9731983 -0.1772272 -0.315971 0.9440023 -0.09498488 -0.5296765 0.8236854 -0.2024478 -0.4315189 0.8700846 -0.2382105 -0.3139973 0.9195831 0.2361624 0.9231137 0.1819957 -0.3387311 0.9152024 0.377233 -0.1417743 0.9045162 0.4258583 -0.02225774 0.9028005 0.4110411 -0.1264781 0.6223819 0.779553 -0.07027143 0.2559884 0.9666784 -0.001696407 -0.1886283 0.9749314 0.1180184 0.1037182 0.9894568 -0.1010828 -0.2609627 0.9651796 0.01808208 0.3380911 0.932893 -0.1241169 0.1700224 0.9667093 -0.1912214 0.9974592 -0.01563346 0.06950384 0.9884143 -0.05890828 -0.1398827 0.9811066 -0.1368122 -0.1367934 0.9450892 0.2992404 -0.131384 0.9232325 0.2420903 -0.2983859 0.9148012 0.3951656 -0.08356553 0.6486687 0.7533509 -0.1081271 0.7420709 0.6448761 -0.1829362 0.9061219 0.3948308 -0.1518283 0.9281099 0.187453 -0.3216732 0.9888378 -0.09412926 -0.1154979 0.9777845 -0.09850192 -0.1850265 0.9746064 -0.05028915 -0.2182048 0.8797367 -0.3564057 -0.3147035 0.9106384 -0.3356064 -0.2410521 0.9613752 -0.275241 -4.67983e-4 0.665259 -0.7426245 -0.07706874 0.6837242 -0.6597271 -0.3118997 0.3226675 -0.9393942 -0.1158629 0.3340775 -0.8630409 -0.3788836 0.4336345 -0.8631582 -0.2586874 0.2679359 -0.8927652 -0.3621888 0.694759 -0.6486858 -0.3106713 0.6001856 -0.7888677 -0.1321561 0.8225646 -0.5300261 -0.2060579 0.7928445 -0.6009629 -0.1011986 0.9261173 -0.2897226 -0.2415943 0.6738901 -0.7131806 -0.1929915 0.929893 -0.3596684 0.0770564 0.7057942 -0.70806 0.02248543 0.3561472 -0.9340319 -0.02727311 0.2623521 -0.9632793 -0.05713522 0.8295314 -0.5142886 -0.2176805 0.3614089 -0.9258819 -0.1101196 0.5742975 -0.8152669 -0.07431268 0.2173069 -0.9760901 0.005092144 0.8595719 -0.4841527 0.1635 0.3182627 -0.9405848 -0.1183595 -0.06804114 -0.9576654 -0.2797276 -0.119973 -0.9897258 0.07777816 -0.1778069 -0.9828436 0.04902261 0.2010827 -0.9792859 -0.02376455 0.7805964 -0.6034317 -0.1629101 0.2427459 -0.9697102 0.0271402 0.6224529 -0.7804658 -0.05852764 0.6826329 -0.7307474 -0.004536688 0.9311968 -0.3616784 0.04540282 -0.2520594 0.965052 -0.07170063 0.02616107 0.9961081 -0.08416903 0.05882483 0.9978392 0.02926963 -0.9995226 -7.30605e-4 0.03088986 -0.9383897 0.3454241 -0.01034373 -0.9615722 0.2714498 -0.04115939 -0.956645 -0.2721953 -0.103635 0.3428842 0.9379667 0.05146694 -0.124789 0.1233409 0.9844871 0.1206071 -0.1313945 0.9839662 0.8310539 0.5092849 0.2235586 0.9761711 -0.02258217 0.2158241 -0.9226136 0.3609687 -0.1359623 -0.5340645 0.84201 -0.0761221 -0.1158213 0.9931995 0.01183915 -0.5391329 0.8380752 -0.08346027 -0.4543405 0.8854947 0.0973345 -0.3271552 0.9415844 0.0799275 0.1542277 0.9804624 -0.1220952 -0.3874326 0.9050838 0.1752691 -0.3667796 0.9201712 -0.1369594 0.1413475 0.9477592 -0.2859606 -0.2166782 0.9327453 -0.2881613 -0.6872811 0.6489389 -0.3263786 -0.3929688 0.849715 -0.3515112 -0.08024853 0.8945791 -0.439646 -0.62396 0.6226891 -0.472157 -0.4071395 0.8618174 -0.3025032 -0.9383847 -0.3439069 0.03409153 -0.7035346 -0.7094138 -0.04208618 -0.4794899 -0.873061 0.08862257 -0.238138 -0.9669674 -0.09090906 -0.7435596 0.6675099 0.03936672 -0.7404734 0.6074453 0.2875922 -0.9170155 0.2785752 0.2854445 -0.9115524 0.3805441 -0.1557518 -0.998159 -0.05478155 -0.02603042 -0.8727091 0.2787309 -0.400859 -0.9272087 -0.1006402 -0.3607708 -0.8218997 0.006814062 -0.5695917 -0.7760202 0.4460424 -0.4459133 -0.9014207 -0.2202506 -0.3727338 -0.6139137 -0.662638 -0.4289766 -0.7555994 -0.4580463 -0.4682554 -0.599571 -0.7014765 -0.3852862 -0.8588964 -0.4671911 -0.2098323 -0.6563521 -0.7530758 0.04559469 -0.9401884 -0.1498656 0.3059186 -0.8711689 -0.3945811 0.2921827 -0.9365455 0.1682054 0.3075543 -0.9304886 0.3106853 0.1940765 -0.9583499 0.2663342 0.1031094 -0.9718773 0.07445269 -0.2234086 -0.8441536 0.323991 -0.4271239 -0.369441 -0.7782009 -0.5078551 -0.3519155 -0.8391998 -0.4146075 -0.3756221 -0.8490912 -0.3714193 -0.5103639 -0.8325766 -0.2152785 -0.3419553 -0.9117327 -0.2276188 -0.6980162 -0.6861514 0.2048649 -0.9579957 0.07318192 0.2772884 -0.8055286 -0.5103722 0.3010713 -0.8694649 0.2284172 -0.4380142 -0.9910745 -0.001102507 0.1333051 -0.7570691 -0.1916798 -0.6245842 -0.8685476 -0.4947289 0.02947223 -0.7603051 0.105177 -0.6409946 -0.7395541 -0.1460751 -0.6570554 -0.8143919 -0.3256105 -0.480358 -0.6430749 -0.3405638 -0.6859089 -0.8238967 -0.5020377 -0.2629687 -0.7385621 -0.6674185 -0.09528183 -0.967274 -0.2485492 -0.05103391 -0.9084746 -0.1292105 -0.3974651 -0.9830551 -0.1392744 0.119186 -0.9118582 -0.3964285 -0.1065802 -0.8413479 -0.4431211 -0.3094791 -0.9046388 -0.3388192 -0.2585154 -0.9475895 -0.2421816 -0.2083798 -0.6647843 0.140848 -0.7336374 -0.579235 0.1129873 -0.8072923 -0.5970887 0.7940551 -0.113849 -0.6452127 0.7443923 0.1719902 -0.9482613 0.310081 -0.0681926 -0.4816586 0.8667108 -0.129682 -0.448059 0.8500896 -0.2767506 -0.5116554 0.7222592 -0.4653497 -0.9773151 -0.01870906 -0.2109621 -0.9384939 0.178311 -0.2956935 -0.9476395 0.1918236 -0.2553102 -0.7171955 0.4122601 -0.5618472 -0.7923026 0.582329 -0.1820704 -0.4358615 0.8039669 -0.4045513 -0.3035395 0.9357217 -0.1796907 -0.3832827 0.8283482 -0.4085753 -0.7085258 0.3561565 -0.6092157 -0.9332543 0.04092752 -0.3568776 -0.8705687 0.4817934 -0.09992671 -0.5986502 0.7898405 -0.1333046 -0.3021527 0.9389078 -0.1647908 -0.6226747 0.776421 -0.09719449 -0.2381932 0.9583595 -0.1575151 0.04305499 0.9976699 -0.05292582 -0.2687856 0.9551888 -0.1239708 -0.2426156 0.9657179 0.09234005 -0.6643612 0.7463886 0.0390923 -0.2992179 0.9471908 0.1153183 -0.8084333 0.5884792 -0.01130545 -0.6400929 0.7679419 -0.02337449 -0.1527153 0.9828875 0.1030064 -0.41878 0.8971974 -0.1402147 -0.822345 0.5242137 -0.2212437 -0.9254499 0.3762461 -0.04451441 -0.9854398 -0.02197599 -0.1685987 -0.8792349 0.4396909 -0.1833522 -0.9068254 0.2595472 -0.3321191 -0.6480475 0.7201775 -0.2477477 -0.9828787 0.1623498 -0.08713287 -0.9885855 -0.09665113 -0.1155737 -0.2946791 0.9397698 -0.1731967 -0.8820773 0.4576376 -0.1118372 -0.3221641 0.9440343 0.07077705 -0.9954302 -0.09547251 0.001987695 -0.9478072 -0.24684 0.2018204 -0.8699327 -0.4917389 0.03754961 -0.9972379 0.07284849 -0.01448291 -0.09318321 0.9926123 0.07770365 0.1326391 0.9712033 0.1979168 0.3026372 0.808033 0.5054636 0.292925 -0.8150978 0.4998105 0.57942 0.01235276 0.8149356 0.3829494 -0.7796654 0.4954511 0.4215096 -0.9058927 -0.0410881 -0.8818703 -0.4491592 -0.1433899 -0.9111899 -0.4055627 -0.07247096 -0.3812774 -0.9154572 -0.1287086 -0.03892827 -0.991199 0.1265276 -0.3652929 -0.9034941 -0.2241867 -0.377321 -0.9257748 0.02387171 -0.6815701 -0.6967158 -0.2237169 -0.8857797 -0.4288641 -0.1773982 -0.9897691 -0.1317583 -0.05474483 -0.9959252 -0.08981239 -0.008168935 -0.9532994 0.07634735 0.2922183 -0.9755545 -0.06093227 0.2111414 -0.9753211 -0.2119057 0.06200611 -0.5897928 -0.8041294 -0.074301 -0.960349 0.04322695 -0.2754291 -0.9345729 0.2496864 -0.2534372 -0.9902148 0.02257841 -0.137714 -0.8245059 -0.5277283 -0.2041884 -0.4650596 -0.8850951 -0.01807171 -0.6838661 -0.7291973 -0.02446663 -0.7474064 -0.6642454 -0.01272141 -0.2451301 -0.9644495 0.09873455 -0.9281353 -0.3712346 -0.02738499 -0.9853094 0.04495888 -0.1647546 -0.9144424 -0.2306326 -0.3325712 -0.9299951 0.3389527 -0.1421985 -0.9831936 0.1816205 -0.01855641 -0.8596624 0.5088168 0.04567474 -0.908416 0.3888534 0.1535368 -0.8625748 0.3659273 0.3493738 -0.7067124 0.6759861 0.2088071 -0.347087 0.9217606 0.1728819 -0.4207052 0.8767614 0.2330164 -0.2792055 0.930886 0.2355752 -0.5677376 0.8082258 0.1563496 -0.7729035 0.6345222 0.001429677 -0.5796899 0.8147025 0.01482081 -0.8069606 0.5704898 -0.1528266 -0.9043049 0.4215071 -0.06756055 -0.7100299 0.7041181 0.008674442 -0.9168736 0.3988619 0.01587337 -0.7668414 0.6285029 0.1301479 -0.9925848 0.1105219 0.05060106 -0.7080382 0.7055345 -0.03005295 -0.7845687 0.5632975 -0.2591295 -0.9957408 0.07695794 -0.05077159 -0.921374 0.259611 -0.2892615 -0.9244924 0.2711999 -0.2678889 -0.3171215 0.936675 0.1485729 -0.2282823 0.9455761 0.2318905 -0.198978 0.9504132 0.2390032 -0.5340729 0.8207963 0.2026318 -0.4308955 0.8984535 0.084324 -0.8311831 0.4902464 -0.2622846 -0.9536724 -0.2932568 -0.06715363 -0.821238 -0.569724 -0.03135186 -0.8940555 -0.4255955 -0.1397614 -0.9757431 -0.06082111 -0.2103006 -0.9325785 -0.2359848 -0.2731458 -0.6346154 -0.7639523 -0.1167922 -0.7303541 -0.6559069 -0.1907069 -0.9609342 0.1363355 -0.2408695 -0.9248958 -0.2555956 -0.2814934 -0.9464858 -0.005454719 -0.3226994 -0.6663443 0.1930566 -0.7202183 -0.9131481 0.3186991 -0.254149 -0.6351366 0.48541 -0.6008149 -0.4807828 0.410525 -0.7748014 -0.785975 0.2320828 -0.5730453 -0.9129465 0.4051654 0.04868149 -0.8616812 0.5074256 -0.004977047 -0.9434273 0.3187512 -0.09133887 -0.7577257 0.5694551 -0.3187047 -0.7611436 0.6484709 -0.01208293 -0.9751462 0.1883235 0.1167229 -0.4247222 0.8757262 0.2295969 -0.8510395 0.4511703 0.2686582 -0.9560427 0.08965003 0.2791869 -0.6365372 0.1238459 -0.7612377 -0.8186491 0.1078701 -0.5640724 -0.9971135 0.0614044 0.04465615 -0.7610958 -0.0420283 -0.6472765 -0.9051571 -0.4249979 0.008215963 -0.7820394 0.003996729 -0.6232162 -0.8252165 -0.3773689 -0.4202504 -0.6460741 -0.2389656 -0.7249026 -0.7336217 -0.2780715 -0.6200609 -0.8070776 -0.555425 0.2003217 -0.8478414 -0.4651055 0.2546409 -0.9302362 -0.2128548 0.2989206 -0.5747107 0.8182916 -0.01033359 -0.7098459 0.638741 0.2968651 -0.8441586 0.493928 -0.2084025 -0.4387347 0.8136326 -0.3814631 -0.3664636 0.8881447 -0.2773145 -0.3421936 0.915647 -0.2109367 -0.7126275 0.5577874 -0.4254825 -0.4351713 0.728877 -0.5285493 -0.5535574 0.7078889 -0.4387113 -0.7637154 0.3627345 -0.534006 -0.9333394 0.0643953 -0.3531726 -0.8847033 0.03529858 -0.4648162 -0.9864013 0.158115 0.04485887 -0.955089 -0.2603645 -0.1414753 -0.8818567 -0.4396429 0.1704204 -0.7227975 -0.6141386 0.3168562 -0.6058511 -0.7803431 -0.1549491 -0.4354736 -0.8664218 -0.244287 -0.6513789 -0.5293599 -0.5435841 -0.8039176 -0.5415619 -0.2458194 -0.7893729 -0.6109874 -0.05987489 -0.8432154 -0.2358822 -0.4830607 -0.9151358 -0.4011011 -0.04055243 -0.8689044 -0.4865937 0.09072852 -0.5592745 -0.8172735 0.1388388 -0.6856915 -0.6729829 0.2773466 -0.48615 -0.854687 0.1821219 -0.7438621 -0.6659383 0.05652832 -0.5427392 -0.834038 -0.09906989 -0.7600308 -0.5717816 -0.3088999 -0.8883527 -0.2780422 -0.3654066 -0.6281381 -0.6057597 -0.4883621 -0.8614871 -0.3727113 -0.344857 -0.9801509 0.08630722 -0.1784811 -0.745504 0.6642008 -0.05532801 -0.3148827 0.8790457 -0.3579491 -0.03732806 0.9055272 -0.422643 0.08307647 0.8933801 -0.4415546 -0.6408561 0.7615911 0.09634542 -0.2964844 0.9529353 -0.06333547 -0.4889655 0.862129 0.1328405 -0.9525781 0.3019865 0.03740406 -0.7961802 0.6042025 0.03219527 -0.9052903 -0.4101703 -0.1104989 -0.4394464 -0.8525761 -0.2828444 -0.0772311 -0.8847553 -0.4596123 -0.4653261 -0.8104237 -0.3559283 -0.03740125 -0.9985094 -0.03975349 -0.8815782 -0.4706017 -0.03679716 -0.1919271 -0.9735589 -0.1238838 0.08030152 -0.990946 -0.1076002 0.1538915 -0.9711845 -0.1819842 0.04634582 -0.9876446 -0.1497009 -0.4465284 -0.886866 -0.118664 -0.09362745 -0.994998 -0.03482604 -0.4762927 -0.878881 0.0267136 -0.6971384 -0.404025 -0.5922515 -0.7875872 -0.5959348 -0.1567426 -0.5928789 -0.7315511 -0.3366416 0.9952477 0.09008234 -0.03697866 0.9596351 -0.2812482 1.519e-4 0.8998799 -0.4336483 -0.04653352 0.8410058 -0.5296201 0.1105071 0.7691068 -0.611428 0.1860935 0.9956978 -0.08566766 -0.03531169 0.9637628 0.2666018 -0.009208381 0.9025638 0.4305419 0.003526389 0.8663038 0.4994797 -0.006162941 0.8363147 0.5456501 0.05332618 -0.9990609 0.01924127 0.03882271 -0.9667922 -0.1295844 0.2202748 -0.708741 -0.6575953 0.2554501 -0.8088982 -0.5474885 0.2143365 -0.1905078 -0.9537745 0.232424 -0.229602 -0.9416186 0.2462467 -0.3070566 -0.9277735 0.2120205 -0.5744929 -0.8049327 0.1484635 -0.4273324 -0.8749791 0.2275935 -0.2868018 -0.9245063 0.2510635 -0.2357417 -0.9515102 0.1976214 -0.4550634 -0.8848401 0.09987562 -0.6765486 -0.7144641 0.1783906 -0.7113508 -0.7023887 -0.02510523 -0.4167888 -0.8879096 0.1946888 -0.75298 -0.6575018 -0.02669471 -0.6501665 -0.7408069 -0.1687861 -0.8516734 -0.4848234 -0.1989946 -0.8282698 -0.5249534 -0.1959415 -0.9442694 -0.2358036 -0.2296784 -0.8982939 -0.4202362 -0.1283347 -0.9661073 0.1729694 -0.1916203 -0.9896177 -0.1389805 -0.03662264 -0.8920335 -0.4509467 0.03038907 -0.9928545 -0.1097533 0.04684174 -0.7552925 -0.6460037 -0.1105102 -0.7161874 -0.6977726 0.01374834 -0.9251593 -0.353178 -0.1390886 -0.899659 -0.4313552 -0.0674287 -0.958689 0.2844107 -0.005100667 0.2403035 0.8976792 -0.3693593 0.6098994 0.7882004 -0.0822373 0.6416947 0.7611677 0.09408402 0.9595768 0.276847 -0.05067634 0.9199681 -0.3697506 -0.1301671 0.3544855 -0.9240992 -0.1427613 0.4327886 0.9004205 -0.0440135 -0.1301673 -0.9873754 -0.09025776 0.05812054 -0.9983047 0.003147244 -0.2681051 -0.9594994 -0.08649075 -0.5395019 -0.837253 -0.0891354 0.3539862 -0.9349784 0.02256715 0.6369639 -0.7654309 0.09161186 0.224214 0.9318869 -0.2851577 0.426519 0.869734 -0.248283 0.3190519 0.8653357 -0.3865234 -0.1973539 0.9063029 -0.3737199 0.922001 0.3852717 0.03847062 0.6603904 0.7508634 -0.009420216 0.9249072 0.3617379 -0.1170143 0.9776309 0.02765578 0.2085024 0.8529978 -0.4851066 0.1925264 0.6174161 0.7819911 -0.08536642 0.3780747 0.9251829 -0.03311061 0.1451544 0.9890008 0.02841973 0.3503377 0.9281439 -0.125747 -0.09570884 0.9925061 0.07597053 0.5992136 0.7171867 -0.3557898 0.8570826 0.3763209 -0.351841 -0.1217964 -0.12462 0.9847007 -0.982016 -0.1845021 -0.0400449 0.5782719 -0.7762961 0.2509304 0.807787 0.5862527 0.06154847 -0.1152132 -0.9906985 0.07240486 0.0828734 -0.6848169 0.7239875 -0.7801888 0.6208897 -0.07616835 -0.5418673 0.8303578 -0.1299464 -0.7864328 -0.6164177 0.03940486 -0.6562669 -0.7532415 0.0440573 -0.5893635 0.8025619 -0.09243994 -0.7665124 -0.6335179 -0.1054224 0.3059051 0.08320385 0.9484194</float_array>
          <technique_common>
            <accessor source="#GanondorfPants_LOD1-mesh-normals-array" count="709" stride="3">
              <param name="X" type="float"/>
              <param name="Y" type="float"/>
              <param name="Z" type="float"/>
            </accessor>
          </technique_common>
        </source>
        <source id="GanondorfPants_LOD1-mesh-map-0">
          <float_array id="GanondorfPants_LOD1-mesh-map-0-array" count="7866">0.6415163 0.4936626 0.6613232 0.5368262 0.627749 0.4813488 0.6572059 0.4517197 0.6613232 0.5368262 0.6415163 0.4936626 0.6009313 0.4747 0.5960897 0.4480017 0.6095344 0.4328309 0.5880001 0.4875001 0.6009313 0.4747 0.5953665 0.5547713 0.6100543 0.5032361 0.6009313 0.4747 0.6144082 0.4652441 0.5953665 0.5547713 0.6324312 0.5534353 0.6136168 0.6120904 0.6136168 0.6120904 0.6324312 0.5534353 0.6491968 0.6044523 0.6687671 0.6722434 0.6491968 0.6044523 0.6761074 0.628054 0.6491968 0.6044523 0.6344258 0.6283236 0.6136168 0.6120904 0.639838 0.6678545 0.6344258 0.6283236 0.6687671 0.6722434 0.6179901 0.6585897 0.6344258 0.6283236 0.639838 0.6678545 0.6642087 0.7130514 0.639838 0.6678545 0.6687671 0.6722434 0.6461294 0.721127 0.639838 0.6678545 0.6642087 0.7130514 0.6109468 0.7079243 0.639838 0.6678545 0.6461294 0.721127 0.6109468 0.7079243 0.6257504 0.7451149 0.6021904 0.7428429 0.6027091 0.752846 0.6257504 0.7451149 0.6077829 0.7692812 0.6021904 0.7428429 0.6027091 0.752846 0.5919278 0.7410206 0.5964663 0.7628716 0.6027091 0.752846 0.6077829 0.7692812 0.5826249 0.7599714 0.6027091 0.752846 0.5964663 0.7628716 0.5919278 0.7410206 0.5774392 0.7547628 0.5805045 0.7479882 0.6009313 0.4747 0.6095344 0.4328309 0.6144082 0.4652441 0.6021904 0.7428429 0.5957251 0.6991291 0.6109468 0.7079243 0.586 0.667 0.5957251 0.6991291 0.5835001 0.6875001 0.6109468 0.7079243 0.598978 0.6461017 0.6179901 0.6585897 0.598978 0.6461017 0.5957251 0.6991291 0.586 0.667 0.598978 0.6461017 0.6136168 0.6120904 0.6179901 0.6585897 0.6136168 0.6120904 0.598978 0.6461017 0.587 0.59 0.5953665 0.5547713 0.6136168 0.6120904 0.587 0.59 0.5732268 0.7688311 0.5964663 0.7628716 0.5896177 0.7710655 0.5896177 0.7710655 0.5964663 0.7628716 0.6077829 0.7692812 0.5805045 0.7479882 0.5774392 0.7547628 0.5774717 0.7458869 0.5708709 0.7461591 0.5774392 0.7547628 0.566389 0.7558889 0.5774717 0.7458869 0.5774392 0.7547628 0.5708709 0.7461591 0.5423478 0.6147503 0.5588732 0.654004 0.543776 0.6819532 0.5588732 0.654004 0.5423478 0.6147503 0.5652633 0.5669401 0.5725001 0.6285001 0.5588732 0.654004 0.5652633 0.5669401 0.5729342 0.6927743 0.5588732 0.654004 0.5725001 0.6285001 0.5588732 0.654004 0.5566364 0.721382 0.543776 0.6819532 0.5729342 0.6927743 0.5645341 0.7424048 0.5566364 0.721382 0.5566364 0.721382 0.5554772 0.7520439 0.5361579 0.7454942 0.5361579 0.7454942 0.5554772 0.7520439 0.551708 0.7727601 0.5554772 0.7520439 0.5622407 0.7627502 0.551708 0.7727601 0.566389 0.7558889 0.5554772 0.7520439 0.5645341 0.7424048 0.5732268 0.7688311 0.5622407 0.7627502 0.5826249 0.7599714 0.5826249 0.7599714 0.5622407 0.7627502 0.566389 0.7558889 0.5752511 0.7758386 0.5957634 0.7849903 0.5799379 0.7896267 0.5896177 0.7710655 0.5752511 0.7758386 0.5732268 0.7688311 0.6077829 0.7692812 0.5957634 0.7849903 0.5896177 0.7710655 0.6269421 0.7745274 0.5957634 0.7849903 0.6077829 0.7692812 0.6438643 0.7912118 0.6269421 0.7745274 0.660166 0.7701917 0.6439438 0.8197429 0.6269421 0.7745274 0.6438643 0.7912118 0.543776 0.6819532 0.5361579 0.7454942 0.5214285 0.7005879 0.5214285 0.7005879 0.5361579 0.7454942 0.503322 0.7530293 0.4753233 0.6982343 0.4829418 0.7576479 0.4563267 0.7668771 0.4983463 0.7844474 0.4829418 0.7576479 0.503322 0.7530293 0.5242486 0.7706462 0.5361579 0.7454942 0.551708 0.7727601 0.503322 0.7530293 0.5242486 0.7706462 0.4983463 0.7844474 0.5242486 0.7706462 0.519074 0.7956699 0.4983463 0.7844474 0.5242486 0.7706462 0.5439769 0.7967924 0.519074 0.7956699 0.5439769 0.7967924 0.5382422 0.8299391 0.519074 0.7956699 0.5242486 0.7706462 0.5752511 0.7758386 0.5631883 0.7886034 0.5752511 0.7758386 0.551708 0.7727601 0.5732268 0.7688311 0.5242486 0.7706462 0.5631883 0.7886034 0.5439769 0.7967924 0.5439769 0.7967924 0.5631883 0.7886034 0.5585824 0.8214135 0.5585824 0.8214135 0.5631883 0.7886034 0.5799379 0.7896267 0.5382422 0.8299391 0.5507819 0.8720652 0.5125696 0.9067649 0.5382422 0.8299391 0.5049735 0.8239204 0.519074 0.7956699 0.4983463 0.7844474 0.519074 0.7956699 0.5049735 0.8239204 0.5049735 0.8239204 0.4739469 0.8079082 0.4983463 0.7844474 0.4739469 0.8079082 0.4829418 0.7576479 0.4983463 0.7844474 0.4428644 0.7838559 0.4563267 0.7668771 0.4739469 0.8079082 0.4428644 0.7838559 0.4201305 0.7980778 0.4082567 0.7513886 0.4443405 0.7379015 0.4244633 0.7281991 0.4516148 0.6874449 0.4244633 0.7281991 0.4428644 0.7838559 0.4082567 0.7513886 0.4516148 0.6874449 0.4753233 0.6982343 0.4443405 0.7379015 0.4967898 0.7083943 0.4753233 0.6982343 0.4974329 0.661682 0.5214285 0.7005879 0.5136047 0.6625639 0.543776 0.6819532 0.4967898 0.7083943 0.5136047 0.6625639 0.5214285 0.7005879 0.5134117 0.6097443 0.5136047 0.6625639 0.4974329 0.661682 0.543776 0.6819532 0.5134117 0.6097443 0.5423478 0.6147503 0.4649295 0.8731677 0.4739469 0.8079082 0.5049735 0.8239204 0.4363057 0.8250033 0.4201305 0.7980778 0.4428644 0.7838559 0.4363057 0.8250033 0.423886 0.8544746 0.4201305 0.7980778 0.4491308 0.8350342 0.423886 0.8544746 0.4363057 0.8250033 0.4649295 0.8731677 0.5125696 0.9067649 0.4972662 0.9087623 0.4016233 0.9128798 0.423886 0.8544746 0.4108043 0.9181441 0.3826149 0.8200276 0.3945172 0.906209 0.38 0.896 0.4201305 0.7980778 0.3945172 0.906209 0.3826149 0.8200276 0.3945172 0.906209 0.423886 0.8544746 0.4016233 0.9128798 0.4201305 0.7980778 0.3993164 0.7848018 0.4082567 0.7513886 0.4082567 0.7513886 0.381462 0.7437965 0.4244633 0.7281991 0.381462 0.7437965 0.3993164 0.7848018 0.3826149 0.8200276 0.4516148 0.6874449 0.4369196 0.69223 0.4533435 0.6563032 0.4753233 0.6982343 0.4684093 0.6665731 0.4974329 0.661682 0.4516148 0.6874449 0.4684093 0.6665731 0.4753233 0.6982343 0.4533435 0.6563032 0.4684093 0.6665731 0.4516148 0.6874449 0.4885337 0.6245264 0.4684093 0.6665731 0.4533435 0.6563032 0.4964867 0.5431675 0.5134117 0.6097443 0.4885337 0.6245264 0.5080778 0.5326316 0.5134117 0.6097443 0.4964867 0.5431675 0.5381789 0.5420405 0.5080778 0.5326316 0.5305035 0.4847193 0.5423478 0.6147503 0.5134117 0.6097443 0.5381789 0.5420405 0.5381789 0.5420405 0.5652633 0.5669401 0.5423478 0.6147503 0.5385959 0.4779036 0.5573963 0.4926795 0.5305035 0.4847193 0.552407 0.4430785 0.5700426 0.4858088 0.5573963 0.4926795 0.5023568 0.4561554 0.5080778 0.5326316 0.4964867 0.5431675 0.5080778 0.5326316 0.5124663 0.4914979 0.5305035 0.4847193 0.5479035 0.3924517 0.552407 0.4430785 0.5380942 0.4397006 0.5380942 0.4397006 0.552407 0.4430785 0.5385959 0.4779036 0.5380942 0.4397006 0.5385959 0.4779036 0.5305035 0.4847193 0.5305035 0.4847193 0.5222848 0.4411212 0.5380942 0.4397006 0.5222848 0.4411212 0.5285381 0.3830568 0.5380942 0.4397006 0.4885337 0.6245264 0.4683486 0.6123778 0.4964867 0.5431675 0.4533435 0.6563032 0.4683486 0.6123778 0.4885337 0.6245264 0.4683486 0.6123778 0.4857244 0.5280167 0.4964867 0.5431675 0.4550909 0.62562 0.4678477 0.5576468 0.4683486 0.6123778 0.4934766 0.4583488 0.4857244 0.5280167 0.4704431 0.4724683 0.4973601 0.4120717 0.5090866 0.4496415 0.5023568 0.4561554 0.5090866 0.4496415 0.5090911 0.4040993 0.5222848 0.4411212 0.4973601 0.4120717 0.5090911 0.4040993 0.5090866 0.4496415 0.5072777 0.3812516 0.5090911 0.4040993 0.4973601 0.4120717 0.5162642 0.3707486 0.5090911 0.4040993 0.5072777 0.3812516 0.5285381 0.3830568 0.5090911 0.4040993 0.5162642 0.3707486 0.5348404 0.3558531 0.5479035 0.3924517 0.5285381 0.3830568 0.5606696 0.4248613 0.5640559 0.4569983 0.552407 0.4430785 0.565 0.441 0.5640559 0.4569983 0.5606696 0.4248613 0.5551292 0.4062738 0.5606696 0.4248613 0.552407 0.4430785 0.5479035 0.3924517 0.5551292 0.4062738 0.552407 0.4430785 0.559207 0.3538689 0.5551292 0.4062738 0.5479035 0.3924517 0.5606696 0.4248613 0.5551292 0.4062738 0.5590001 0.3740001 0.5348404 0.3558531 0.5488044 0.3195258 0.5479035 0.3924517 0.5162642 0.3707486 0.5303432 0.3328731 0.5348404 0.3558531 0.5144755 0.3497444 0.5303432 0.3328731 0.5162642 0.3707486 0.5021255 0.3547864 0.5144755 0.3497444 0.5072777 0.3812516 0.4879403 0.4013735 0.5021255 0.3547864 0.4973601 0.4120717 0.5488044 0.3195258 0.5303432 0.3328731 0.5457995 0.23575 0.4803118 0.3516051 0.4719474 0.3649359 0.4793435 0.3104271 0.4970965 0.3072202 0.4803118 0.3516051 0.4793435 0.3104271 0.4879403 0.4013735 0.4970965 0.3072202 0.5021255 0.3547864 0.5021255 0.3547864 0.5127569 0.3098253 0.5144755 0.3497444 0.5127569 0.3098253 0.5021255 0.3547864 0.4970965 0.3072202 0.5144755 0.3497444 0.5127569 0.3098253 0.5303432 0.3328731 0.5060573 0.2720752 0.5127569 0.3098253 0.4970965 0.3072202 0.5364848 0.2222756 0.5069056 0.2282077 0.5074769 0.1832278 0.5303432 0.3328731 0.5364848 0.2222756 0.5457995 0.23575 0.5127569 0.3098253 0.5364848 0.2222756 0.5303432 0.3328731 0.5364078 0.1685432 0.5074769 0.1832278 0.5091888 0.1217752 0.5349981 0.1197131 0.5091888 0.1217752 0.5155512 0.08579885 0.493723 0.1111947 0.4837594 0.1248782 0.4789839 0.09707611 0.4641256 0.09139257 0.4789839 0.09707611 0.4693217 0.1222472 0.5074769 0.1832278 0.5069056 0.2282077 0.4916613 0.1689522 0.5069056 0.2282077 0.4923551 0.2128035 0.4916613 0.1689522 0.5060573 0.2720752 0.5069056 0.2282077 0.5127569 0.3098253 0.4923551 0.2128035 0.5069056 0.2282077 0.5060573 0.2720752 0.4970965 0.3072202 0.4793435 0.3104271 0.4810014 0.2343867 0.4923551 0.2128035 0.4810014 0.2343867 0.4765442 0.1621668 0.493723 0.1111947 0.5091888 0.1217752 0.5074769 0.1832278 0.5074769 0.1832278 0.4916613 0.1689522 0.493723 0.1111947 0.493723 0.1111947 0.4916613 0.1689522 0.4837594 0.1248782 0.4916613 0.1689522 0.4765442 0.1621668 0.4837594 0.1248782 0.4837594 0.1248782 0.4765442 0.1621668 0.4693217 0.1222472 0.4765442 0.1621668 0.4550348 0.1632878 0.4693217 0.1222472 0.4810014 0.2343867 0.4596989 0.2426705 0.4710999 0.2085862 0.4810014 0.2343867 0.4709616 0.2874113 0.4596989 0.2426705 0.4598988 0.3353786 0.4709616 0.2874113 0.4793435 0.3104271 0.4709616 0.2874113 0.4598988 0.3353786 0.4596989 0.2426705 0.4598988 0.3353786 0.4719474 0.3649359 0.4574453 0.3866208 0.4574453 0.3866208 0.4719474 0.3649359 0.470804 0.4099645 0.4641256 0.09139257 0.451792 0.1168896 0.45 0.07199996 0.4693217 0.1222472 0.451792 0.1168896 0.4641256 0.09139257 0.451792 0.1168896 0.4550348 0.1632878 0.445 0.133 0.4693217 0.1222472 0.4550348 0.1632878 0.451792 0.1168896 0.445 0.133 0.4550348 0.1632878 0.439 0.1655 0.439 0.1655 0.4550348 0.1632878 0.433 0.198 0.4596989 0.2426705 0.4406788 0.2495466 0.4550348 0.1632878 0.4406788 0.2495466 0.4335001 0.232 0.433 0.198 0.4596989 0.2426705 0.442513 0.2920176 0.4406788 0.2495466 0.4360001 0.2985001 0.442513 0.2920176 0.4379284 0.3339364 0.4406788 0.2495466 0.4360001 0.2985001 0.434 0.266 0.4598988 0.3353786 0.442513 0.2920176 0.4596989 0.2426705 0.442513 0.2920176 0.4467812 0.3437227 0.4379284 0.3339364 0.4598988 0.3353786 0.4574453 0.3866208 0.4467812 0.3437227 0.4467812 0.3437227 0.4574453 0.3866208 0.4484481 0.4005525 0.4484481 0.4005525 0.4482432 0.4399767 0.4406656 0.4295591 0.4412166 0.4056913 0.4279505 0.4437634 0.434 0.417 0.4484481 0.4005525 0.4406656 0.4295591 0.4412166 0.4056913 0.434 0.417 0.4279505 0.4437634 0.4190434 0.4415798 0.4379284 0.3339364 0.4405301 0.374814 0.437 0.372 0.4405301 0.374814 0.4360001 0.3840001 0.437 0.372 0.4405301 0.374814 0.4412166 0.4056913 0.435 0.396 0.4467812 0.3437227 0.4412166 0.4056913 0.4405301 0.374814 0.4345 0.4065001 0.4412166 0.4056913 0.434 0.417 0.435 0.396 0.4412166 0.4056913 0.4345 0.4065001 0.4803118 0.3516051 0.4879403 0.4013735 0.477845 0.3792062 0.477845 0.3792062 0.4879403 0.4013735 0.4757688 0.4130482 0.477845 0.3792062 0.470804 0.4099645 0.4719474 0.3649359 0.4574453 0.3866208 0.470804 0.4099645 0.4482432 0.4399767 0.4406656 0.4295591 0.4482432 0.4399767 0.4368433 0.4712752 0.4164151 0.4812965 0.4279505 0.4437634 0.4368433 0.4712752 0.4190434 0.4415798 0.4279505 0.4437634 0.4164151 0.4812965 0.4164151 0.4812965 0.4280333 0.512813 0.407 0.509 0.4368433 0.4712752 0.4280333 0.512813 0.4164151 0.4812965 0.4280333 0.512813 0.4087849 0.5702438 0.407 0.509 0.4321051 0.6239416 0.4521672 0.5477824 0.4550909 0.62562 0.4087849 0.5702438 0.4521672 0.5477824 0.4321051 0.6239416 0.4321051 0.6239416 0.4417151 0.6394301 0.4215876 0.6821634 0.4417151 0.6394301 0.4321051 0.6239416 0.4550909 0.62562 0.4533435 0.6563032 0.4417151 0.6394301 0.4550909 0.62562 0.4369196 0.69223 0.4215876 0.6821634 0.4533435 0.6563032 0.4215876 0.6821634 0.4369196 0.69223 0.4244633 0.7281991 0.3925587 0.6998137 0.381462 0.7437965 0.368 0.733 0.4244633 0.7281991 0.3925587 0.6998137 0.4215876 0.6821634 0.397 0.5570001 0.3959482 0.6276639 0.3806094 0.6418691 0.407 0.509 0.4087849 0.5702438 0.397 0.5570001 0.4051449 0.6504349 0.3959482 0.6276639 0.4087849 0.5702438 0.4321051 0.6239416 0.4051449 0.6504349 0.4087849 0.5702438 0.4215876 0.6821634 0.4051449 0.6504349 0.4321051 0.6239416 0.371 0.7065001 0.3925587 0.6998137 0.368 0.733 0.3806094 0.6418691 0.3925587 0.6998137 0.371 0.7065001 0.3925587 0.6998137 0.4051449 0.6504349 0.4215876 0.6821634 0.4555691 0.5086496 0.4521672 0.5477824 0.4280333 0.512813 0.4704431 0.4724683 0.4521672 0.5477824 0.4555691 0.5086496 0.4521672 0.5477824 0.4678477 0.5576468 0.4550909 0.62562 0.4555691 0.5086496 0.4634004 0.4766167 0.4704431 0.4724683 0.4714124 0.4431781 0.4704431 0.4724683 0.4634004 0.4766167 0.4879403 0.4013735 0.4934766 0.4583488 0.4714124 0.4431781 0.4634925 0.4474695 0.4757688 0.4130482 0.4714124 0.4431781 0.470804 0.4099645 0.4634925 0.4474695 0.4482432 0.4399767 0.4555691 0.5086496 0.4634925 0.4474695 0.4634004 0.4766167 0.4280333 0.512813 0.4634925 0.4474695 0.4555691 0.5086496 0.4757688 0.4130482 0.4879403 0.4013735 0.4714124 0.4431781 0.7234026 0.9228815 0.7339794 0.8555268 0.7499825 0.9178285 0.7339794 0.8555268 0.7234026 0.9228815 0.7068761 0.8349042 0.781 0.896 0.7665266 0.906293 0.7507235 0.8480599 0.7507235 0.8480599 0.7855556 0.8534814 0.781 0.896 0.7656282 0.7900323 0.7507235 0.8480599 0.7466376 0.8037228 0.7507235 0.8480599 0.7272555 0.8178793 0.7466376 0.8037228 0.7339794 0.8555268 0.7507235 0.8480599 0.7593929 0.9129151 0.689266 0.8798705 0.626924 0.8485237 0.6439438 0.8197429 0.6135475 0.8010894 0.626924 0.8485237 0.5990527 0.826541 0.6439438 0.8197429 0.626924 0.8485237 0.6135475 0.8010894 0.7301411 0.5677412 0.7580506 0.5669754 0.7674033 0.6297127 0.7580506 0.5669754 0.7350333 0.5198601 0.754 0.509 0.7518973 0.6473181 0.7674033 0.6297127 0.7894862 0.7019613 0.7674033 0.6297127 0.7518973 0.6473181 0.7301411 0.5677412 0.7707647 0.6968724 0.7518973 0.6473181 0.7894862 0.7019613 0.7465755 0.688978 0.7518973 0.6473181 0.7707647 0.6968724 0.7707647 0.6968724 0.7894862 0.7019613 0.793 0.733 0.7807764 0.7451757 0.7707647 0.6968724 0.793 0.733 0.7533482 0.7381548 0.7707647 0.6968724 0.7807764 0.7451757 0.7371326 0.7370147 0.7533482 0.7381548 0.7656282 0.7900323 0.7656282 0.7900323 0.7466376 0.8037228 0.7371326 0.7370147 0.7104507 0.7965359 0.7272555 0.8178793 0.7068761 0.8349042 0.7104507 0.7965359 0.7068761 0.8349042 0.6831305 0.7887735 0.6831305 0.7887735 0.7068761 0.8349042 0.6439438 0.8197429 0.6439438 0.8197429 0.6135475 0.8010894 0.6269421 0.7745274 0.5957634 0.7849903 0.6135475 0.8010894 0.5990527 0.826541 0.5957634 0.7849903 0.5990527 0.826541 0.5799379 0.7896267 0.6438643 0.7912118 0.6831305 0.7887735 0.6439438 0.8197429 0.7272555 0.8178793 0.7231727 0.7474976 0.7371326 0.7370147 0.7104507 0.7965359 0.7231727 0.7474976 0.7272555 0.8178793 0.7231727 0.7474976 0.7104507 0.7965359 0.6963738 0.7301459 0.7371326 0.7370147 0.7231727 0.7474976 0.7092956 0.7257426 0.7312852 0.682489 0.7152151 0.687945 0.7067981 0.6563032 0.7371326 0.7370147 0.7312852 0.682489 0.7533482 0.7381548 0.7092956 0.7257426 0.7152151 0.687945 0.7371326 0.7370147 0.7312852 0.682489 0.7465755 0.688978 0.7533482 0.7381548 0.7312852 0.682489 0.7158455 0.6372483 0.7465755 0.688978 0.7067981 0.6563032 0.7158455 0.6372483 0.7312852 0.682489 0.7158455 0.6372483 0.7518973 0.6473181 0.7465755 0.688978 0.7301411 0.5677412 0.7273974 0.622826 0.718472 0.5739489 0.5990527 0.826541 0.5585824 0.8214135 0.5799379 0.7896267 0.5803042 0.8617842 0.5585824 0.8214135 0.5990527 0.826541 0.5382422 0.8299391 0.5585824 0.8214135 0.5803042 0.8617842 0.6461294 0.721127 0.6269421 0.7745274 0.6257504 0.7451149 0.6257504 0.7451149 0.6269421 0.7745274 0.6077829 0.7692812 0.6831305 0.7887735 0.6778251 0.7525147 0.6963738 0.7301459 0.660166 0.7701917 0.6778251 0.7525147 0.6831305 0.7887735 0.6778251 0.7525147 0.660166 0.7701917 0.6461294 0.721127 0.6461294 0.721127 0.6642087 0.7130514 0.6778251 0.7525147 0.6963738 0.7301459 0.6925609 0.6701158 0.7092956 0.7257426 0.6642087 0.7130514 0.6687671 0.6722434 0.6963738 0.7301459 0.6925609 0.6701158 0.7152151 0.687945 0.7092956 0.7257426 0.6925609 0.6701158 0.6761074 0.628054 0.7067981 0.6563032 0.6687671 0.6722434 0.6761074 0.628054 0.6925609 0.6701158 0.6916089 0.6120803 0.6761074 0.628054 0.6613232 0.5368262 0.6761074 0.628054 0.7158455 0.6372483 0.7067981 0.6563032 0.6871597 0.5635676 0.6738852 0.5352696 0.7035778 0.5165718 0.6738852 0.5352696 0.6916089 0.6120803 0.6613232 0.5368262 0.718472 0.5739489 0.7035778 0.5165718 0.7129042 0.4969807 0.6871597 0.5635676 0.718472 0.5739489 0.7158455 0.6372483 0.7129042 0.4969807 0.6974766 0.443545 0.7143903 0.456776 0.6962713 0.4752705 0.6974766 0.443545 0.7129042 0.4969807 0.7143903 0.456776 0.6928598 0.4040358 0.7050762 0.4182033 0.6962713 0.4752705 0.6879205 0.4547175 0.6974766 0.443545 0.6879205 0.4547175 0.6855002 0.4177899 0.6974766 0.443545 0.6855002 0.4177899 0.6928598 0.4040358 0.6974766 0.443545 0.6928598 0.4040358 0.6855002 0.4177899 0.6764652 0.3412991 0.7133089 0.3363064 0.7087357 0.3927918 0.7024151 0.3406708 0.6928598 0.4040358 0.6924847 0.3457798 0.7050762 0.4182033 0.7050762 0.4182033 0.6924847 0.3457798 0.7024151 0.3406708 0.725 0.396 0.7200579 0.3723136 0.7245001 0.3840001 0.7245001 0.3840001 0.7200579 0.3723136 0.724 0.372 0.725252 0.4276927 0.7200579 0.3723136 0.725 0.396 0.7200579 0.3723136 0.7087357 0.3927918 0.7133089 0.3363064 0.726 0.417 0.725252 0.4276927 0.7255001 0.4065001 0.7087357 0.3927918 0.725252 0.4276927 0.7213956 0.4403141 0.7087357 0.3927918 0.7213956 0.4403141 0.7050762 0.4182033 0.7213956 0.4403141 0.7143903 0.456776 0.7050762 0.4182033 0.7350333 0.5198601 0.7143903 0.456776 0.7213956 0.4403141 0.7129042 0.4969807 0.7143903 0.456776 0.7350333 0.5198601 0.7350333 0.5198601 0.7414997 0.4737264 0.754 0.509 0.7129042 0.4969807 0.7350333 0.5198601 0.7301411 0.5677412 0.7435001 0.4515001 0.7414997 0.4737264 0.741 0.44 0.7414997 0.4737264 0.725252 0.4276927 0.741 0.44 0.741 0.44 0.725252 0.4276927 0.7335001 0.4285001 0.6738852 0.5352696 0.6741396 0.4968718 0.7035778 0.5165718 0.6572059 0.4517197 0.6738852 0.5352696 0.6613232 0.5368262 0.6741396 0.4968718 0.6760163 0.4534134 0.7035778 0.5165718 0.6760163 0.4534134 0.6692258 0.4045656 0.6879205 0.4547175 0.6692258 0.4045656 0.6855002 0.4177899 0.6879205 0.4547175 0.6639192 0.3751356 0.6855002 0.4177899 0.6692258 0.4045656 0.6924825 0.2967835 0.6924847 0.3457798 0.6764652 0.3412991 0.7024151 0.3406708 0.6924825 0.2967835 0.7049396 0.2983527 0.7024151 0.3406708 0.7172998 0.2962576 0.7133089 0.3363064 0.7172998 0.2962576 0.7270866 0.2317244 0.727 0.266 0.7270866 0.2317244 0.7097893 0.22742 0.727 0.198 0.6637871 0.4134047 0.6683674 0.4618161 0.6572059 0.4517197 0.6760163 0.4534134 0.6683674 0.4618161 0.6637871 0.4134047 0.6637871 0.4134047 0.6692258 0.4045656 0.6760163 0.4534134 0.6543035 0.3715744 0.6692258 0.4045656 0.6637871 0.4134047 0.6639192 0.3751356 0.6692258 0.4045656 0.6543035 0.3715744 0.6613692 0.3040182 0.6764652 0.3412991 0.6601371 0.3383584 0.6603889 0.2745723 0.6944527 0.2371692 0.6613692 0.3040182 0.6862693 0.1622095 0.6697022 0.2008904 0.6742426 0.1219693 0.6532178 0.2705924 0.6603889 0.2745723 0.6613692 0.3040182 0.6603889 0.2745723 0.6532178 0.2705924 0.654004 0.2318989 0.6697022 0.2008904 0.654004 0.2318989 0.6624072 0.1803973 0.6603889 0.2745723 0.654004 0.2318989 0.6697022 0.2008904 0.6742426 0.1219693 0.6494252 0.1191928 0.6540574 0.0856114 0.6624072 0.1803973 0.6494252 0.1191928 0.6742426 0.1219693 0.6588897 0.0575484 0.6540574 0.0856114 0.6385791 0.05582457 0.6540574 0.0856114 0.6397994 0.09313511 0.6385791 0.05582457 0.6397994 0.09313511 0.6291853 0.06066405 0.6385791 0.05582457 0.6199679 0.1227983 0.6397994 0.09313511 0.6147016 0.1776588 0.6235849 0.08818066 0.6397994 0.09313511 0.6199679 0.1227983 0.6397994 0.09313511 0.6284695 0.1599351 0.6147016 0.1776588 0.6147016 0.1776588 0.6284695 0.1599351 0.6137843 0.2357257 0.6259675 0.2155086 0.6284695 0.1599351 0.6494252 0.1191928 0.6284695 0.1599351 0.6259675 0.2155086 0.6137843 0.2357257 0.654004 0.2318989 0.6259675 0.2155086 0.6624072 0.1803973 0.6219304 0.2955685 0.6259675 0.2155086 0.654004 0.2318989 0.6466169 0.3249838 0.6532178 0.2705924 0.6613692 0.3040182 0.6276478 0.3355501 0.6532178 0.2705924 0.6466169 0.3249838 0.6543035 0.3715744 0.6466169 0.3249838 0.6601371 0.3383584 0.6543035 0.3715744 0.6512967 0.4029173 0.6363825 0.3804401 0.6219304 0.2955685 0.6004343 0.2891108 0.6137843 0.2357257 0.6004343 0.2891108 0.6276478 0.3355501 0.6074992 0.3383555 0.6363825 0.3804401 0.6276478 0.3355501 0.6391376 0.358807 0.623799 0.363741 0.6074992 0.3383555 0.6276478 0.3355501 0.6266233 0.4358509 0.6139438 0.3932222 0.6363825 0.3804401 0.6266233 0.4358509 0.6363825 0.3804401 0.6386508 0.4092431 0.6391376 0.358807 0.6543035 0.3715744 0.6363825 0.3804401 0.6391376 0.358807 0.6466169 0.3249838 0.6543035 0.3715744 0.6147016 0.1776588 0.6013849 0.2250809 0.6043249 0.1670138 0.6013849 0.2250809 0.6004343 0.2891108 0.5880001 0.2629549 0.5880001 0.2629549 0.6004343 0.2891108 0.588 0.319 0.6004343 0.2891108 0.6074992 0.3383555 0.588 0.319 0.588 0.319 0.6074992 0.3383555 0.5940001 0.3395001 0.6144082 0.4652441 0.6266233 0.4358509 0.6334114 0.4396036 0.5960897 0.4480017 0.6001903 0.3950327 0.6095344 0.4328309 0.6095344 0.4328309 0.6001903 0.3950327 0.6139438 0.3932222 0.6001903 0.3950327 0.6074992 0.3383555 0.6139438 0.3932222 0.6363825 0.3804401 0.6512967 0.4029173 0.6386508 0.4092431 0.6572059 0.4517197 0.627749 0.4813488 0.6334114 0.4396036 0.6415163 0.4936626 0.627749 0.4813488 0.6572059 0.4517197 0.6637871 0.4134047 0.6512967 0.4029173 0.6543035 0.3715744 0.6512967 0.4029173 0.6572059 0.4517197 0.6386508 0.4092431 0.6386508 0.4092431 0.6334114 0.4396036 0.6266233 0.4358509 0.8743743 0.4879143 0.8717824 0.4805074 0.878 0.479 0.8717824 0.4805074 0.8779852 0.4760151 0.878 0.479 0.8985972 0.5178648 0.8935 0.5135 0.9042264 0.5075047 0.8858215 0.5455385 0.8904322 0.5382109 0.8903266 0.5427566 0.884 0.537 0.8904322 0.5382109 0.8858215 0.5455385 0.8978524 0.4889638 0.9042118 0.497378 0.9042264 0.5075047 0.890429 0.4701026 0.8922309 0.4755399 0.8838239 0.4706258 0.2412283 0.05061948 0.2231007 0.02919816 0.2438943 0.02473801 0.1943942 0.3556315 0.19121 0.3584452 0.1876953 0.3124374 0.2041278 0.3705772 0.1876953 0.3124374 0.2153261 0.3500127 0.1876953 0.3124374 0.1987872 0.2924405 0.2153261 0.3500127 0.1987872 0.2924405 0.1876953 0.3124374 0.1882329 0.2382963 0.1987872 0.2924405 0.2164405 0.2731106 0.2153261 0.3500127 0.1987872 0.2924405 0.2168847 0.2224562 0.2164405 0.2731106 0.1882329 0.2382963 0.2168847 0.2224562 0.1987872 0.2924405 0.2168847 0.2224562 0.1882329 0.2382963 0.1972833 0.1741431 0.2085118 0.1809798 0.2168847 0.2224562 0.1972833 0.1741431 0.232649 0.1738231 0.2168847 0.2224562 0.2085118 0.1809798 0.2192201 0.153124 0.1972833 0.1741431 0.2066146 0.1094536 0.2085118 0.1809798 0.2192201 0.153124 0.232649 0.1738231 0.227109 0.1021292 0.2066146 0.1094536 0.2160953 0.06835299 0.2192201 0.153124 0.227109 0.1021292 0.232649 0.1738231 0.2620155 0.04204553 0.2412283 0.05061948 0.2438943 0.02473801 0.269 0.01449996 0.2772803 0.03538966 0.2620155 0.04204553 0.2988803 0.02278077 0.3010784 0.05476504 0.2772803 0.03538966 0.2332428 0.2425115 0.2377974 0.2913081 0.2164405 0.2731106 0.2579896 0.2865362 0.2377974 0.2913081 0.2332428 0.2425115 0.2332428 0.2425115 0.2168847 0.2224562 0.232649 0.1738231 0.2467178 0.2206888 0.2332428 0.2425115 0.232649 0.1738231 0.2579896 0.2865362 0.2467178 0.2206888 0.266238 0.2413479 0.2467178 0.2206888 0.2471148 0.1551101 0.266238 0.2413479 0.2471148 0.1551101 0.262673 0.1767144 0.266238 0.2413479 0.2504153 0.1020532 0.227109 0.1021292 0.2337189 0.08121109 0.2471148 0.1551101 0.2504153 0.1020532 0.262673 0.1767144 0.2620155 0.04204553 0.2573646 0.07630234 0.2412283 0.05061948 0.2412283 0.05061948 0.2573646 0.07630234 0.2337189 0.08121109 0.2620155 0.04204553 0.2772803 0.03538966 0.2781377 0.08667302 0.2573646 0.07630234 0.2620155 0.04204553 0.2781377 0.08667302 0.2781377 0.08667302 0.2504153 0.1020532 0.2573646 0.07630234 0.2745211 0.1514307 0.2781377 0.08667302 0.2965644 0.1800201 0.2829041 0.2249283 0.2745211 0.1514307 0.2965644 0.1800201 0.266238 0.2413479 0.262673 0.1767144 0.2829041 0.2249283 0.266238 0.2413479 0.2829041 0.2249283 0.3056433 0.25181 0.2579896 0.2865362 0.266238 0.2413479 0.2696064 0.2790355 0.2788919 0.3023321 0.2696064 0.2790355 0.3056433 0.25181 0.2579896 0.2865362 0.2788919 0.3023321 0.2649092 0.3152425 0.2649092 0.3152425 0.2377974 0.2913081 0.2579896 0.2865362 0.2518031 0.3536447 0.2367421 0.3509686 0.2377974 0.2913081 0.2406058 0.4066331 0.2518031 0.3536447 0.2525949 0.4105371 0.2518031 0.3536447 0.2406058 0.4066331 0.2367421 0.3509686 0.2781377 0.08667302 0.2772803 0.03538966 0.3000883 0.07621747 0.2931203 0.1230441 0.3065 0.1055 0.31 0.136 0.2781377 0.08667302 0.3000883 0.07621747 0.2931203 0.1230441 0.2965644 0.1800201 0.3165 0.168 0.323 0.2 0.3145496 0.2244682 0.2965644 0.1800201 0.323 0.2 0.3145496 0.2244682 0.3056433 0.25181 0.2965644 0.1800201 0.326 0.269 0.3145496 0.2244682 0.3245 0.2345 0.3056433 0.25181 0.2829041 0.2249283 0.2965644 0.1800201 0.3054511 0.2933983 0.3056433 0.25181 0.326 0.269 0.3056433 0.25181 0.3054511 0.2933983 0.2788919 0.3023321 0.2731148 0.3534409 0.2788919 0.3023321 0.2806645 0.3689743 0.2649092 0.3152425 0.2788919 0.3023321 0.2731148 0.3534409 0.2806645 0.3689743 0.2788919 0.3023321 0.3054511 0.2933983 0.2649092 0.3152425 0.2731148 0.3534409 0.2518031 0.3536447 0.265033 0.4143759 0.2518031 0.3536447 0.2757326 0.385649 0.265033 0.4143759 0.2525949 0.4105371 0.2518031 0.3536447 0.275334 0.4171551 0.265033 0.4143759 0.2757326 0.385649 0.2757326 0.385649 0.2806645 0.3689743 0.2979705 0.3529639 0.2731148 0.3534409 0.2806645 0.3689743 0.2757326 0.385649 0.2979705 0.3529639 0.2806645 0.3689743 0.3054511 0.2933983 0.3188483 0.302461 0.3054511 0.2933983 0.326 0.269 0.2634333 0.4355348 0.265033 0.4143759 0.275334 0.4171551 0.301 0.374 0.2979705 0.3529639 0.3149257 0.3359364 0.2766486 0.4382707 0.2864511 0.4145882 0.2886722 0.4366139 0.2766486 0.4382707 0.275334 0.4171551 0.2864511 0.4145882 0.275334 0.4171551 0.2766486 0.4382707 0.2634333 0.4355348 0.2886722 0.4366139 0.3029915 0.4589864 0.3102556 0.4830789 0.2960803 0.3902643 0.2757326 0.385649 0.2979705 0.3529639 0.2757326 0.385649 0.2864511 0.4145882 0.275334 0.4171551 0.2960803 0.3902643 0.2979705 0.3529639 0.301 0.374 0.302 0.3855 0.2960803 0.3902643 0.301 0.374 0.303 0.397 0.2960803 0.3902643 0.302 0.3855 0.3060001 0.4080001 0.2960803 0.3902643 0.303 0.397 0.3017222 0.436028 0.3060001 0.4080001 0.309 0.419 0.2864511 0.4145882 0.2960803 0.3902643 0.3017222 0.436028 0.3017222 0.436028 0.2886722 0.4366139 0.2864511 0.4145882 0.3094295 0.4434724 0.3029915 0.4589864 0.3017222 0.436028 0.328 0.511 0.3102556 0.4830789 0.3205001 0.4875 0.3094295 0.4434724 0.3102556 0.4830789 0.3029915 0.4589864 0.2789399 0.5093393 0.2886722 0.4366139 0.3102556 0.4830789 0.2886722 0.4366139 0.2756442 0.4617152 0.2766486 0.4382707 0.240733 0.4346253 0.265033 0.4143759 0.2634333 0.4355348 0.2428154 0.4194238 0.2525949 0.4105371 0.240733 0.4346253 0.2525949 0.4105371 0.2428154 0.4194238 0.2406058 0.4066331 0.2225806 0.3780232 0.2255866 0.3393216 0.2304353 0.3710986 0.2158625 0.3761898 0.2153261 0.3500127 0.2225806 0.3780232 0.2158625 0.3761898 0.2041278 0.3705772 0.2153261 0.3500127 0.2083252 0.4051639 0.2041278 0.3705772 0.2158625 0.3761898 0.2041278 0.3705772 0.1923363 0.4443502 0.189584 0.4215118 0.2156081 0.4187943 0.2158625 0.3761898 0.2225806 0.3780232 0.2156081 0.4187943 0.2083252 0.4051639 0.2158625 0.3761898 0.264495 0.4763044 0.2756442 0.4617152 0.2789399 0.5093393 0.2756442 0.4617152 0.264495 0.4763044 0.2539855 0.4554567 0.2539855 0.4554567 0.264495 0.4763044 0.232998 0.4680376 0.2238463 0.439985 0.232998 0.4680376 0.2244321 0.480764 0.216514 0.4449779 0.2126239 0.4661403 0.2101686 0.4320057 0.2304353 0.3710986 0.2406058 0.4066331 0.2244938 0.4188967 0.232998 0.4680376 0.2238463 0.439985 0.240733 0.4346253 0.2156081 0.4187943 0.216514 0.4449779 0.2101686 0.4320057 0.2244938 0.4188967 0.2238463 0.439985 0.2156081 0.4187943 0.2244938 0.4188967 0.2406058 0.4066331 0.2428154 0.4194238 0.2428154 0.4194238 0.240733 0.4346253 0.2244938 0.4188967 0.240733 0.4346253 0.2539855 0.4554567 0.232998 0.4680376 0.264495 0.4763044 0.2580419 0.499444 0.232998 0.4680376 0.2244321 0.480764 0.2397309 0.5456939 0.2236667 0.5216112 0.232998 0.4680376 0.2397309 0.5456939 0.2244321 0.480764 0.2113132 0.5029816 0.2244321 0.480764 0.2236667 0.5216112 0.2244321 0.480764 0.2113132 0.5029816 0.2126239 0.4661403 0.2236667 0.5216112 0.2397309 0.5456939 0.2250262 0.5763703 0.1961739 0.4978147 0.1923363 0.4443502 0.2083252 0.4051639 0.1961739 0.4978147 0.2126239 0.4661403 0.2113132 0.5029816 0.1922058 0.5511392 0.2108432 0.5492742 0.2069851 0.6422534 0.1961739 0.4978147 0.2108432 0.5492742 0.1922058 0.5511392 0.2108432 0.5492742 0.2113132 0.5029816 0.2236667 0.5216112 0.2250262 0.5763703 0.2108432 0.5492742 0.2236667 0.5216112 0.2069851 0.6422534 0.2216496 0.6879566 0.209061 0.7093465 0.2327079 0.6559355 0.2216496 0.6879566 0.2250262 0.5763703 0.209061 0.7093465 0.2128702 0.7491176 0.1963825 0.7393754 0.2128702 0.7491176 0.209061 0.7093465 0.2216496 0.6879566 0.2128702 0.7491176 0.2040233 0.7809775 0.1963825 0.7393754 0.2209373 0.7805157 0.2330492 0.738036 0.2443885 0.7742797 0.2128702 0.7491176 0.2209373 0.7805157 0.2040233 0.7809775 0.2115389 0.82345 0.2209373 0.7805157 0.2287347 0.7964054 0.2209373 0.7805157 0.2057338 0.8108305 0.2040233 0.7809775 0.2287347 0.7964054 0.2209373 0.7805157 0.2443885 0.7742797 0.2236986 0.8428603 0.2287347 0.7964054 0.2367475 0.8347418 0.2057338 0.8108305 0.2012545 0.8038302 0.2040233 0.7809775 0.2049328 0.8456562 0.2057338 0.8108305 0.2115389 0.82345 0.2012545 0.8038302 0.2057338 0.8108305 0.1931625 0.8291311 0.2049328 0.8456562 0.2115389 0.82345 0.2236986 0.8428603 0.2236986 0.8428603 0.2367475 0.8347418 0.2312352 0.8715258 0.2409402 0.8943654 0.2312352 0.8715258 0.2574519 0.8580562 0.2236986 0.8428603 0.2133492 0.8870395 0.2049328 0.8456562 0.2049328 0.8456562 0.2133492 0.8870395 0.1889426 0.8716532 0.2049328 0.8456562 0.1865313 0.8492209 0.1931625 0.8291311 0.1865313 0.8492209 0.2049328 0.8456562 0.1889426 0.8716532 0.1931625 0.8291311 0.1907373 0.8177613 0.2012545 0.8038302 0.1907373 0.8177613 0.1899481 0.7955221 0.2012545 0.8038302 0.1963825 0.7393754 0.1899481 0.7955221 0.1861377 0.7749187 0.1963825 0.7393754 0.1861377 0.7749187 0.1817037 0.6989064 0.1963825 0.7393754 0.1817037 0.6989064 0.209061 0.7093465 0.1816467 0.5620314 0.1922058 0.5511392 0.1872281 0.6237133 0.1809999 0.509 0.1922058 0.5511392 0.1816467 0.5620314 0.1961739 0.4978147 0.1922058 0.5511392 0.1871295 0.4966121 0.1961739 0.4978147 0.1871295 0.4966121 0.1847905 0.4587233 0.1899481 0.7955221 0.1907373 0.8177613 0.1704716 0.8002547 0.1649796 0.8180071 0.1907373 0.8177613 0.178 0.8296801 0.1750985 0.8529689 0.1889426 0.8716532 0.1688641 0.8720026 0.1865313 0.8492209 0.1750985 0.8529689 0.178 0.8296801 0.1571457 0.8601408 0.1750985 0.8529689 0.1688641 0.8720026 0.1688641 0.8720026 0.1611093 0.8813634 0.1571457 0.8601408 0.1528073 0.7831656 0.1645293 0.7733721 0.154654 0.8041921 0.154654 0.8041921 0.1649796 0.8180071 0.1635724 0.8326432 0.1635724 0.8326432 0.1649796 0.8180071 0.178 0.8296801 0.1519362 0.8193925 0.1635724 0.8326432 0.1453775 0.8250856 0.1635724 0.8326432 0.1519362 0.8193925 0.154654 0.8041921 0.1453775 0.8250856 0.1635724 0.8326432 0.1571457 0.8601408 0.1453775 0.8250856 0.1571457 0.8601408 0.1324073 0.8532833 0.1324073 0.8532833 0.1436067 0.886179 0.1235727 0.8998003 0.1235727 0.8998003 0.1436067 0.886179 0.1373458 0.9063757 0.1611093 0.8813634 0.1436067 0.886179 0.1571457 0.8601408 0.1543731 0.9028845 0.1436067 0.886179 0.1611093 0.8813634 0.1611093 0.8813634 0.1662826 0.8952935 0.1543731 0.9028845 0.1611093 0.8813634 0.1774199 0.902721 0.1662826 0.8952935 0.1889426 0.8716532 0.1774199 0.902721 0.1688641 0.8720026 0.1952752 0.8818619 0.1774199 0.902721 0.1889426 0.8716532 0.1218705 0.8282994 0.1453775 0.8250856 0.1324073 0.8532833 0.154654 0.8041921 0.1346246 0.7801695 0.1528073 0.7831656 0.1473512 0.7378137 0.1445168 0.765843 0.1313131 0.702283 0.1528073 0.7831656 0.1473512 0.7378137 0.1551348 0.7308738 0.1227555 0.7368226 0.1346246 0.7801695 0.1103852 0.7738035 0.1445168 0.765843 0.1346246 0.7801695 0.1227555 0.7368226 0.1346246 0.7801695 0.1445168 0.765843 0.1528073 0.7831656 0.1346246 0.7801695 0.1260673 0.7976399 0.1103852 0.7738035 0.0950458 0.8181001 0.1159858 0.8653398 0.09556132 0.8559241 0.1324073 0.8532833 0.1159858 0.8653398 0.1218705 0.8282994 0.1235727 0.8998003 0.1159858 0.8653398 0.1324073 0.8532833 0.1159858 0.8653398 0.1071585 0.8916816 0.09556132 0.8559241 0.108911 0.9106251 0.1071585 0.8916816 0.1235727 0.8998003 0.1071585 0.8916816 0.08354109 0.9166296 0.09556132 0.8559241 0.108911 0.9106251 0.08354109 0.9166296 0.1071585 0.8916816 0.05016851 0.8442867 0.06636869 0.9078482 0.05728924 0.9095591 0.07078063 0.8671807 0.07824218 0.8245822 0.09556132 0.8559241 0.06063312 0.8048084 0.07824218 0.8245822 0.07078063 0.8671807 0.07824218 0.8245822 0.0950458 0.8181001 0.09556132 0.8559241 0.07824218 0.8245822 0.0739873 0.7874821 0.0950458 0.8181001 0.0950458 0.8181001 0.0828675 0.7566842 0.1103852 0.7738035 0.0828675 0.7566842 0.0739873 0.7874821 0.06133329 0.7592779 0.07334792 0.6789228 0.0828675 0.7566842 0.06178331 0.7294222 0.0828675 0.7566842 0.1005056 0.7293319 0.1103852 0.7738035 0.07334792 0.6789228 0.04491823 0.6449853 0.04763346 0.5529651 0.07334792 0.6789228 0.0898602 0.6588891 0.1005056 0.7293319 0.0898602 0.6588891 0.07334792 0.6789228 0.04763346 0.5529651 0.07847517 0.5482087 0.04763346 0.5529651 0.06903129 0.5046285 0.02313101 0.7774823 0.01495277 0.8359833 0.004473388 0.7566436 0.01495277 0.8359833 0.003999948 0.8090001 0.004473388 0.7566436 0.04595583 0.9246184 0.02806729 0.914308 0.05016851 0.8442867 0.04595583 0.9246184 0.05016851 0.8442867 0.05728924 0.9095591 0.05016851 0.8442867 0.06063312 0.8048084 0.07078063 0.8671807 0.07824218 0.8245822 0.06063312 0.8048084 0.0739873 0.7874821 0.01613867 0.738501 0.04030883 0.7187032 0.06133329 0.7592779 0.02842342 0.66605 0.04030883 0.7187032 0.007342517 0.7035469 0.06178331 0.7294222 0.04030883 0.7187032 0.02842342 0.66605 0.04030883 0.7187032 0.06178331 0.7294222 0.06133329 0.7592779 0.02842342 0.66605 0.04491823 0.6449853 0.06178331 0.7294222 0.01164364 0.642345 0.02856367 0.5733494 0.04491823 0.6449853 0.06903129 0.5046285 0.04763346 0.5529651 0.04408198 0.5152046 0.05658841 0.4663214 0.04408198 0.5152046 0.04573041 0.4685741 0.04408198 0.5152046 0.05658841 0.4663214 0.06903129 0.5046285 0.01613867 0.738501 0.02313101 0.7774823 0.004473388 0.7566436 0.1227555 0.7368226 0.1065211 0.6794903 0.1313131 0.702283 0.1005056 0.7293319 0.1065211 0.6794903 0.1227555 0.7368226 0.1065211 0.6794903 0.1207452 0.6492142 0.1313131 0.702283 0.1207452 0.6492142 0.1065211 0.6794903 0.0898602 0.6588891 0.0898602 0.6588891 0.1012852 0.5842314 0.1207452 0.6492142 0.1012852 0.5842314 0.08957165 0.569738 0.10079 0.5062321 0.1012852 0.5842314 0.1306925 0.5742613 0.1207452 0.6492142 0.130454 0.5202836 0.1012852 0.5842314 0.10079 0.5062321 0.07847517 0.5482087 0.08957165 0.569738 0.0898602 0.6588891 0.09698617 0.4728264 0.07847517 0.5482087 0.06903129 0.5046285 0.07847517 0.5482087 0.09698617 0.4728264 0.10079 0.5062321 0.1099457 0.473378 0.09698617 0.4728264 0.0992093 0.4551182 0.06903129 0.5046285 0.0992093 0.4551182 0.09698617 0.4728264 0.07593256 0.436082 0.0992093 0.4551182 0.06154483 0.4523839 0.06154483 0.4523839 0.06903129 0.5046285 0.05658841 0.4663214 0.05658841 0.4663214 0.04573041 0.4685741 0.06154483 0.4523839 0.04573041 0.4685741 0.05355274 0.4350134 0.06154483 0.4523839 0.04499995 0.423455 0.05355274 0.4350134 0.04499995 0.442 0.05820894 0.4188051 0.0485 0.4080001 0.05199998 0.397 0.05871409 0.3873433 0.05820894 0.4188051 0.05199998 0.397 0.05871409 0.3873433 0.0525 0.3855 0.05299997 0.374 0.054448 0.351817 0.05871409 0.3873433 0.05299997 0.374 0.06881397 0.3690229 0.05871409 0.3873433 0.054448 0.351817 0.054448 0.351817 0.04549998 0.3535 0.03799998 0.333 0.04722756 0.297651 0.054448 0.351817 0.03799998 0.333 0.06506669 0.3194193 0.054448 0.351817 0.04722756 0.297651 0.04722756 0.297651 0.03177183 0.3001891 0.02799999 0.269 0.03799998 0.333 0.03177183 0.3001891 0.04722756 0.297651 0.08129078 0.344004 0.06881397 0.3690229 0.06506669 0.3194193 0.05355274 0.4350134 0.06459271 0.4322823 0.06154483 0.4523839 0.05820894 0.4188051 0.06459271 0.4322823 0.05355274 0.4350134 0.07151305 0.4163255 0.06459271 0.4322823 0.05820894 0.4188051 0.07151305 0.4163255 0.05820894 0.4188051 0.05871409 0.3873433 0.07151305 0.4163255 0.06881397 0.3690229 0.0857113 0.3987356 0.05871409 0.3873433 0.06881397 0.3690229 0.07151305 0.4163255 0.0917018 0.4169223 0.0857113 0.3987356 0.09701496 0.3958031 0.07593256 0.436082 0.0917018 0.4169223 0.09312653 0.4382112 0.10079 0.5062321 0.1099457 0.473378 0.1251421 0.4494641 0.1251421 0.4494641 0.1099457 0.473378 0.1119773 0.4365766 0.09312653 0.4382112 0.1119773 0.4365766 0.0992093 0.4551182 0.0917018 0.4169223 0.114844 0.4164271 0.1119773 0.4365766 0.1135107 0.3455601 0.09701496 0.3958031 0.09311282 0.3490014 0.09311282 0.3490014 0.0857113 0.3987356 0.08129078 0.344004 0.09311282 0.3490014 0.08129078 0.344004 0.09418308 0.2979441 0.09418308 0.2979441 0.08129078 0.344004 0.06506669 0.3194193 0.04780817 0.2499552 0.04722756 0.297651 0.02799999 0.269 0.04722756 0.297651 0.05651456 0.2882442 0.06506669 0.3194193 0.05651456 0.2882442 0.04780817 0.2499552 0.0659703 0.2305501 0.04780817 0.2499552 0.05081301 0.174905 0.0659703 0.2305501 0.03099995 0.2 0.04780817 0.2499552 0.0295 0.2345 0.07245582 0.1667433 0.05081301 0.174905 0.06805711 0.1136089 0.0659703 0.2305501 0.05081301 0.174905 0.07245582 0.1667433 0.07523232 0.07887881 0.08848214 0.1200917 0.06805711 0.1136089 0.09356743 0.1762916 0.08848214 0.1200917 0.09976363 0.09557628 0.07245582 0.1667433 0.08848214 0.1200917 0.09356743 0.1762916 0.07245582 0.1667433 0.09356743 0.1762916 0.0659703 0.2305501 0.0659703 0.2305501 0.08589774 0.2537537 0.05651456 0.2882442 0.1017143 0.2280669 0.0659703 0.2305501 0.09356743 0.1762916 0.1043536 0.2606465 0.08589774 0.2537537 0.1017143 0.2280669 0.08589774 0.2537537 0.06506669 0.3194193 0.05651456 0.2882442 0.1070438 0.3018444 0.09418308 0.2979441 0.1043536 0.2606465 0.1429645 0.3807771 0.1464041 0.4266753 0.1369415 0.4247044 0.1369415 0.4247044 0.1361453 0.4047091 0.1429645 0.3807771 0.1349956 0.3659201 0.1361453 0.4047091 0.1284509 0.416383 0.1284509 0.416383 0.1211564 0.3801511 0.1349956 0.3659201 0.1135107 0.3455601 0.1292786 0.3387319 0.1211564 0.3801511 0.1349956 0.3659201 0.1292786 0.3387319 0.1437308 0.3259872 0.1327711 0.2983332 0.1292786 0.3387319 0.1135107 0.3455601 0.1437308 0.3259872 0.1327711 0.2983332 0.1414799 0.288612 0.1070438 0.3018444 0.1327711 0.2983332 0.1135107 0.3455601 0.1327711 0.2983332 0.1217455 0.2425845 0.1414799 0.288612 0.1414799 0.288612 0.1217455 0.2425845 0.1336921 0.2276833 0.1217455 0.2425845 0.1197459 0.1755605 0.1336921 0.2276833 0.1017143 0.2280669 0.1217455 0.2425845 0.1043536 0.2606465 0.107743 0.1559861 0.1197459 0.1755605 0.09356743 0.1762916 0.1277496 0.1025441 0.09976363 0.09557628 0.1140184 0.08155053 0.1197459 0.1755605 0.107743 0.1559861 0.1277496 0.1025441 0.09976363 0.09557628 0.107743 0.1559861 0.09356743 0.1762916 0.09739583 0.04495704 0.1140184 0.08155053 0.09976363 0.09557628 0.09739583 0.04495704 0.09976363 0.09557628 0.07932424 0.0437476 0.07932424 0.0437476 0.09976363 0.09557628 0.07523232 0.07887881 0.03749996 0.168 0.05081301 0.174905 0.03099995 0.2 0.04399996 0.136 0.05081301 0.174905 0.03749996 0.168 0.06805711 0.1136089 0.05081301 0.174905 0.04399996 0.136 0.04799997 0.1055 0.06805711 0.1136089 0.04399996 0.136 0.07184451 0.02362787 0.05406647 0.0549547 0.04999995 0.01699995 0.07932424 0.0437476 0.0855 0.01449996 0.09739583 0.04495704 0.07499998 0.01399999 0.07932424 0.0437476 0.07184451 0.02362787 0.1140184 0.08155053 0.114916 0.0515359 0.1364951 0.07035648 0.1491926 0.110853 0.1277496 0.1025441 0.1364951 0.07035648 0.1277496 0.1025441 0.1365102 0.1548998 0.1197459 0.1755605 0.1197459 0.1755605 0.1365102 0.1548998 0.1336921 0.2276833 0.1534677 0.1767183 0.1365102 0.1548998 0.1491926 0.110853 0.1365102 0.1548998 0.1534677 0.1767183 0.1336921 0.2276833 0.1336921 0.2276833 0.1563 0.2407202 0.1414799 0.288612 0.1563 0.2407202 0.1527309 0.2841894 0.1414799 0.288612 0.166 0.2315 0.1563 0.2407202 0.1534677 0.1767183 0.1527309 0.2841894 0.1563 0.2407202 0.166 0.2315 0.114916 0.0515359 0.1148749 0.02964144 0.1364951 0.07035648 0.1414799 0.288612 0.1527309 0.2841894 0.1437308 0.3259872 0.1437308 0.3259872 0.1527309 0.2841894 0.1548117 0.338666 0.1548117 0.338666 0.1620839 0.3739211 0.1507846 0.3763856 0.1507846 0.3763856 0.1620839 0.3739211 0.1564759 0.4159032 0.1564759 0.4159032 0.1620839 0.3739211 0.1661988 0.4232338 0.1564759 0.4159032 0.1661988 0.4232338 0.1603343 0.4517074 0.1603343 0.4517074 0.1601934 0.4882902 0.1464041 0.4266753 0.1413956 0.5043793 0.1601934 0.4882902 0.1544835 0.5660967 0.1413956 0.5043793 0.1306925 0.5742613 0.130454 0.5202836 0.1399933 0.6481797 0.1306925 0.5742613 0.1544835 0.5660967 0.1207452 0.6492142 0.1306925 0.5742613 0.1399933 0.6481797 0.1399933 0.6481797 0.1579439 0.6523145 0.1551348 0.7308738 0.1473512 0.7378137 0.1399933 0.6481797 0.1551348 0.7308738 0.1313131 0.702283 0.1399933 0.6481797 0.1473512 0.7378137 0.1548117 0.338666 0.1429645 0.3807771 0.1437308 0.3259872 0.1429645 0.3807771 0.1548117 0.338666 0.1507846 0.3763856 0.1507846 0.3763856 0.1464041 0.4266753 0.1429645 0.3807771 0.1712682 0.4594877 0.1601934 0.4882902 0.1603343 0.4517074 0.1701558 0.4938539 0.1601934 0.4882902 0.1712682 0.4594877 0.1701558 0.4938539 0.1691127 0.5734066 0.1544835 0.5660967 0.1551348 0.7308738 0.1579439 0.6523145 0.1671869 0.6930124 0.1645293 0.7733721 0.1671869 0.6930124 0.1759999 0.727 0.1551348 0.7308738 0.1671869 0.6930124 0.1645293 0.7733721 0.1551348 0.7308738 0.1645293 0.7733721 0.1528073 0.7831656 0.1135107 0.3455601 0.09311282 0.3490014 0.1070438 0.3018444 0.1070438 0.3018444 0.09311282 0.3490014 0.09418308 0.2979441 0.1119773 0.4365766 0.114844 0.4164271 0.1284509 0.416383 0.1251421 0.4494641 0.1119773 0.4365766 0.1284509 0.416383 0.1251421 0.4494641 0.1340571 0.4380558 0.1336497 0.4731919 0.1251421 0.4494641 0.1336497 0.4731919 0.130454 0.5202836 0.1336497 0.4731919 0.1413956 0.5043793 0.130454 0.5202836 0.1464041 0.4266753 0.1413956 0.5043793 0.138693 0.4468602 0.138693 0.4468602 0.1413956 0.5043793 0.1336497 0.4731919 0.1603343 0.4517074 0.1464041 0.4266753 0.1564759 0.4159032 0.1369415 0.4247044 0.138693 0.4468602 0.1340571 0.4380558 0.1340571 0.4380558 0.138693 0.4468602 0.1336497 0.4731919 0.1369415 0.4247044 0.1340571 0.4380558 0.1284509 0.416383 0.114844 0.4164271 0.1211564 0.3801511 0.1284509 0.416383 0.5803042 0.8617842 0.5507819 0.8720652 0.5382422 0.8299391 0.5961506 0.9186978 0.5507819 0.8720652 0.5803042 0.8617842 0.5414991 0.9257394 0.5189934 0.9209761 0.5507819 0.8720652 0.4972662 0.9087623 0.4527948 0.9328947 0.4649295 0.8731677 0.4491308 0.8350342 0.4649295 0.8731677 0.4388067 0.9236301 0.4388067 0.9236301 0.423886 0.8544746 0.4491308 0.8350342 0.5961506 0.9186978 0.5625189 0.9195563 0.5507819 0.8720652 0.626924 0.8485237 0.5803042 0.8617842 0.5990527 0.826541 0.6166772 0.9252858 0.5961506 0.9186978 0.626924 0.8485237 0.626924 0.8485237 0.6404766 0.9205386 0.6166772 0.9252858 0.6537057 0.9075476 0.626924 0.8485237 0.69771 0.9268755 0.2133492 0.8870395 0.1952752 0.8818619 0.1889426 0.8716532 0.2094444 0.9031334 0.2133492 0.8870395 0.2309816 0.9117619 0.1952752 0.8818619 0.2133492 0.8870395 0.2094444 0.9031334 0.2312352 0.8715258 0.2409402 0.8943654 0.2133492 0.8870395 0.2309816 0.9117619 0.2409402 0.8943654 0.2689656 0.9160496 0.2689656 0.9160496 0.2409402 0.8943654 0.2622806 0.8979646 0.3259215 0.9142993 0.3080963 0.9245805 0.3051705 0.8684492 0.2823763 0.8642412 0.2882844 0.9072716 0.2689656 0.9160496 0.3080963 0.9245805 0.2971622 0.9091252 0.3051705 0.8684492 0.3360295 0.9296891 0.3259215 0.9142993 0.3473238 0.8131811 0.3297255 0.8082004 0.3473238 0.8131811 0.3051705 0.8684492 0.3025183 0.8269119 0.3297255 0.8082004 0.3051705 0.8684492 0.3453652 0.7410677 0.3297255 0.8082004 0.3025183 0.8269119 0.3473238 0.8131811 0.3453652 0.7410677 0.349 0.7555001 0.3025183 0.8269119 0.3355582 0.7232617 0.3453652 0.7410677 0.3355582 0.7232617 0.3028778 0.721638 0.342458 0.6438692 0.3028778 0.721638 0.3355582 0.7232617 0.2928333 0.7592778 0.3028778 0.721638 0.3243755 0.6651639 0.342458 0.6438692 0.3243755 0.6651639 0.3105288 0.6433739 0.342458 0.6438692 0.3105288 0.6433739 0.3243755 0.6651639 0.3028778 0.721638 0.3226289 0.5764214 0.3105288 0.6433739 0.3044764 0.5616052 0.342458 0.6438692 0.3226289 0.5764214 0.334 0.5590001 0.3226289 0.5764214 0.3086637 0.5102438 0.328 0.511 0.3086637 0.5102438 0.3102556 0.4830789 0.328 0.511 0.3044764 0.5616052 0.2761314 0.5533654 0.2789399 0.5093393 0.2761314 0.5533654 0.2872204 0.5975072 0.2630996 0.5748535 0.2682471 0.6572128 0.2807917 0.6774702 0.254444 0.727779 0.2807917 0.6774702 0.2872204 0.5975072 0.3044764 0.5616052 0.3105288 0.6433739 0.2807917 0.6774702 0.3044764 0.5616052 0.3028778 0.721638 0.2807917 0.6774702 0.3105288 0.6433739 0.2831059 0.7879689 0.3355582 0.7232617 0.3025183 0.8269119 0.3025183 0.8269119 0.2795001 0.824984 0.2831059 0.7879689 0.3051705 0.8684492 0.2823763 0.8642412 0.3025183 0.8269119 0.2823763 0.8642412 0.2795001 0.824984 0.3025183 0.8269119 0.2597993 0.8183391 0.2714492 0.7552033 0.2831059 0.7879689 0.2831059 0.7879689 0.2714492 0.7552033 0.2928333 0.7592778 0.2928333 0.7592778 0.2714492 0.7552033 0.3028778 0.721638 0.2714492 0.7552033 0.2807917 0.6774702 0.3028778 0.721638 0.254444 0.727779 0.2714492 0.7552033 0.2443885 0.7742797 0.2443885 0.7742797 0.2330492 0.738036 0.254444 0.727779 0.2216496 0.6879566 0.2330492 0.738036 0.2128702 0.7491176 0.248366 0.6787112 0.2330492 0.738036 0.2216496 0.6879566 0.2682471 0.6572128 0.248366 0.6787112 0.2630996 0.5748535 0.254444 0.727779 0.248366 0.6787112 0.2682471 0.6572128 0.2327079 0.6559355 0.248366 0.6787112 0.2216496 0.6879566 0.2397309 0.5456939 0.2630996 0.5748535 0.2250262 0.5763703 0.2580419 0.499444 0.2630996 0.5748535 0.2397309 0.5456939 0.2580419 0.499444 0.2761314 0.5533654 0.2630996 0.5748535 0.264495 0.4763044 0.2789399 0.5093393 0.2580419 0.499444 0.2823763 0.8642412 0.2574519 0.8580562 0.2795001 0.824984 0.2597993 0.8183391 0.2574519 0.8580562 0.2367475 0.8347418 0.2795001 0.824984 0.2574519 0.8580562 0.2597993 0.8183391 0.2443885 0.7742797 0.2597993 0.8183391 0.2367475 0.8347418 0.5476102 0.0646947 0.5458099 0.1026777 0.5365084 0.08230435 0.5365084 0.08230435 0.5387781 0.04346919 0.5476102 0.0646947 0.5476102 0.0646947 0.5387781 0.04346919 0.5462166 0.02427989 0.5254995 0.02849835 0.5206587 0.05572074 0.5203095 0.03561013 0.5206587 0.05572074 0.5007767 0.05755859 0.5203095 0.03561013 0.5007767 0.05755859 0.5060001 0.03349995 0.5203095 0.03561013 0.5007767 0.05755859 0.4854729 0.04110574 0.491 0.03399997 0.4764925 0.04769527 0.4854729 0.04110574 0.4833651 0.06420159 0.4698518 0.02936315 0.4764925 0.04769527 0.4684978 0.06144738 0.5585972 0.274033 0.559207 0.3538689 0.5488044 0.3195258 0.571 0.3043949 0.559207 0.3538689 0.5585972 0.274033 0.5585972 0.274033 0.5488044 0.3195258 0.5457995 0.23575 0.5617559 0.2248589 0.5457995 0.23575 0.5364078 0.1685432 0.5364078 0.1685432 0.5509085 0.1706823 0.5617559 0.2248589 0.5458099 0.1026777 0.5509085 0.1706823 0.5349981 0.1197131 0.5458099 0.1026777 0.5349981 0.1197131 0.5365084 0.08230435 0.5365084 0.08230435 0.5349981 0.1197131 0.5155512 0.08579885 0.5007767 0.05755859 0.5155512 0.08579885 0.493723 0.1111947 0.5155512 0.08579885 0.5007767 0.05755859 0.5206587 0.05572074 0.493723 0.1111947 0.4833651 0.06420159 0.5007767 0.05755859 0.4789839 0.09707611 0.4833651 0.06420159 0.493723 0.1111947 0.4833651 0.06420159 0.4684978 0.06144738 0.4764925 0.04769527 0.45 0.07199996 0.4536024 0.0524016 0.4641256 0.09139257 0.4684978 0.06144738 0.4536024 0.0524016 0.4698518 0.02936315 0.6181446 0.04547524 0.6299601 0.02422988 0.6291853 0.06066405 0.6215001 0.02099996 0.6181446 0.04547524 0.6127374 0.02561461 0.6299601 0.02422988 0.6181446 0.04547524 0.6215001 0.02099996 0.6385791 0.05582457 0.6339391 0.02869403 0.6386616 0.03542208 0.6291853 0.06066405 0.6339391 0.02869403 0.6385791 0.05582457 0.727 0.198 0.7097893 0.22742 0.7209914 0.165518 0.715 0.133 0.7209914 0.165518 0.7025682 0.1646521 0.7025682 0.1646521 0.7084314 0.1152039 0.715 0.133 0.7084314 0.1152039 0.6954683 0.09046965 0.71 0.07199996 0.71 0.07199996 0.6954683 0.09046965 0.7058298 0.05232435 0.674856 0.04078155 0.6845117 0.04768508 0.6777064 0.06473565 0.674856 0.04078155 0.6588897 0.0575484 0.669 0.03399997 0.6588897 0.0575484 0.674856 0.04078155 0.6777064 0.06473565 0.6535001 0.03349995 0.6588897 0.0575484 0.6386616 0.03542208 0.669 0.03399997 0.6588897 0.0575484 0.6535001 0.03349995 0.6181446 0.04547524 0.6235849 0.08818066 0.6112403 0.06903076 0.6199679 0.1227983 0.6132044 0.103962 0.6235849 0.08818066 0.6147016 0.1776588 0.6043249 0.1670138 0.6199679 0.1227983 0.681 0.02999997 0.6860002 0.02550035 0.6845117 0.04768508 0.6845117 0.04768508 0.6910006 0.02100217 0.6920275 0.06156575 0.6920275 0.06156575 0.6910006 0.02100217 0.7058298 0.05232435 0.7058298 0.05232435 0.6983177 0.01697421 0.706 0.01399999 0.6613692 0.3040182 0.6924825 0.2967835 0.6764652 0.3412991 0.7097893 0.22742 0.6944527 0.2371692 0.7025682 0.1646521 0.7049396 0.2983527 0.6944527 0.2371692 0.7097893 0.22742 0.6613692 0.3040182 0.6944527 0.2371692 0.6924825 0.2967835 0.7025682 0.1646521 0.6862693 0.1622095 0.6893856 0.1165392 0.6697022 0.2008904 0.6862693 0.1622095 0.6944527 0.2371692 0.6893856 0.1165392 0.6862693 0.1622095 0.6742426 0.1219693 0.6954683 0.09046965 0.6893856 0.1165392 0.6780747 0.09580039 0.6780747 0.09580039 0.6893856 0.1165392 0.6742426 0.1219693 0.6954683 0.09046965 0.6780747 0.09580039 0.6920275 0.06156575 0.9036049 0.4973378 0.8975427 0.4889639 0.9038609 0.5074413 0.884 0.537 0.8886922 0.5442333 0.8890001 0.5370001 0.5880001 0.4875001 0.5960897 0.4480017 0.6009313 0.4747 0.5953665 0.5547713 0.6009313 0.4747 0.6100543 0.5032361 0.627749 0.4813488 0.6324312 0.5534353 0.6100543 0.5032361 0.5953665 0.5547713 0.6100543 0.5032361 0.6324312 0.5534353 0.6491968 0.6044523 0.6324312 0.5534353 0.6613232 0.5368262 0.627749 0.4813488 0.6613232 0.5368262 0.6324312 0.5534353 0.6687671 0.6722434 0.6344258 0.6283236 0.6491968 0.6044523 0.6613232 0.5368262 0.6761074 0.628054 0.6491968 0.6044523 0.6179901 0.6585897 0.6136168 0.6120904 0.6344258 0.6283236 0.6109468 0.7079243 0.6179901 0.6585897 0.639838 0.6678545 0.6109468 0.7079243 0.6461294 0.721127 0.6257504 0.7451149 0.6027091 0.752846 0.6021904 0.7428429 0.6257504 0.7451149 0.5826249 0.7599714 0.5919278 0.7410206 0.6027091 0.752846 0.5826249 0.7599714 0.5774392 0.7547628 0.5919278 0.7410206 0.5805045 0.7479882 0.5819787 0.7390092 0.5919278 0.7410206 0.6021904 0.7428429 0.5919278 0.7410206 0.5957251 0.6991291 0.5919278 0.7410206 0.5835001 0.6875001 0.5957251 0.6991291 0.6109468 0.7079243 0.5957251 0.6991291 0.598978 0.6461017 0.566389 0.7558889 0.5774392 0.7547628 0.5826249 0.7599714 0.5732268 0.7688311 0.5826249 0.7599714 0.5964663 0.7628716 0.566389 0.7558889 0.5645341 0.7424048 0.5708709 0.7461591 0.5588732 0.654004 0.5729342 0.6927743 0.5566364 0.721382 0.5729342 0.6927743 0.5708709 0.7461591 0.5645341 0.7424048 0.5566364 0.721382 0.5645341 0.7424048 0.5554772 0.7520439 0.566389 0.7558889 0.5622407 0.7627502 0.5554772 0.7520439 0.5732268 0.7688311 0.551708 0.7727601 0.5622407 0.7627502 0.5752511 0.7758386 0.5896177 0.7710655 0.5957634 0.7849903 0.543776 0.6819532 0.5566364 0.721382 0.5361579 0.7454942 0.503322 0.7530293 0.4967898 0.7083943 0.5214285 0.7005879 0.503322 0.7530293 0.4829418 0.7576479 0.4967898 0.7083943 0.4753233 0.6982343 0.4967898 0.7083943 0.4829418 0.7576479 0.503322 0.7530293 0.5361579 0.7454942 0.5242486 0.7706462 0.5585824 0.8214135 0.5382422 0.8299391 0.5439769 0.7967924 0.5799379 0.7896267 0.5631883 0.7886034 0.5752511 0.7758386 0.5242486 0.7706462 0.551708 0.7727601 0.5752511 0.7758386 0.4649295 0.8731677 0.5049735 0.8239204 0.5382422 0.8299391 0.5125696 0.9067649 0.4649295 0.8731677 0.5382422 0.8299391 0.4739469 0.8079082 0.4563267 0.7668771 0.4829418 0.7576479 0.4563267 0.7668771 0.4428644 0.7838559 0.4443405 0.7379015 0.4244633 0.7281991 0.4443405 0.7379015 0.4428644 0.7838559 0.4563267 0.7668771 0.4443405 0.7379015 0.4753233 0.6982343 0.4967898 0.7083943 0.4974329 0.661682 0.5136047 0.6625639 0.543776 0.6819532 0.5136047 0.6625639 0.5134117 0.6097443 0.4428644 0.7838559 0.4491308 0.8350342 0.4363057 0.8250033 0.4428644 0.7838559 0.4739469 0.8079082 0.4491308 0.8350342 0.4315001 0.9207546 0.4108043 0.9181441 0.423886 0.8544746 0.4201305 0.7980778 0.423886 0.8544746 0.3945172 0.906209 0.3826149 0.8200276 0.3993164 0.7848018 0.4201305 0.7980778 0.381462 0.7437965 0.4082567 0.7513886 0.3993164 0.7848018 0.4516148 0.6874449 0.4244633 0.7281991 0.4369196 0.69223 0.4974329 0.661682 0.4684093 0.6665731 0.4885337 0.6245264 0.4974329 0.661682 0.4885337 0.6245264 0.5134117 0.6097443 0.5381789 0.5420405 0.5134117 0.6097443 0.5080778 0.5326316 0.5652633 0.5669401 0.5381789 0.5420405 0.5573963 0.4926795 0.5305035 0.4847193 0.5573963 0.4926795 0.5381789 0.5420405 0.5385959 0.4779036 0.552407 0.4430785 0.5573963 0.4926795 0.552407 0.4430785 0.5640559 0.4569983 0.5700426 0.4858088 0.5023568 0.4561554 0.5124663 0.4914979 0.5080778 0.5326316 0.5090866 0.4496415 0.5305035 0.4847193 0.5124663 0.4914979 0.5023568 0.4561554 0.5090866 0.4496415 0.5124663 0.4914979 0.5090866 0.4496415 0.5222848 0.4411212 0.5305035 0.4847193 0.5285381 0.3830568 0.5479035 0.3924517 0.5380942 0.4397006 0.4533435 0.6563032 0.4550909 0.62562 0.4683486 0.6123778 0.4704431 0.4724683 0.4857244 0.5280167 0.4678477 0.5576468 0.4683486 0.6123778 0.4678477 0.5576468 0.4857244 0.5280167 0.5023568 0.4561554 0.4964867 0.5431675 0.4857244 0.5280167 0.4934766 0.4583488 0.5023568 0.4561554 0.4857244 0.5280167 0.5222848 0.4411212 0.5090911 0.4040993 0.5285381 0.3830568 0.4973601 0.4120717 0.5023568 0.4561554 0.4934766 0.4583488 0.559207 0.3538689 0.5590001 0.3740001 0.5551292 0.4062738 0.5479035 0.3924517 0.5488044 0.3195258 0.559207 0.3538689 0.5488044 0.3195258 0.5348404 0.3558531 0.5303432 0.3328731 0.5348404 0.3558531 0.5285381 0.3830568 0.5162642 0.3707486 0.5072777 0.3812516 0.5144755 0.3497444 0.5162642 0.3707486 0.4973601 0.4120717 0.5021255 0.3547864 0.5072777 0.3812516 0.4719474 0.3649359 0.4803118 0.3516051 0.477845 0.3792062 0.4879403 0.4013735 0.4803118 0.3516051 0.4970965 0.3072202 0.5127569 0.3098253 0.5069056 0.2282077 0.5364848 0.2222756 0.5364078 0.1685432 0.5457995 0.23575 0.5364848 0.2222756 0.5364848 0.2222756 0.5074769 0.1832278 0.5364078 0.1685432 0.5349981 0.1197131 0.5364078 0.1685432 0.5091888 0.1217752 0.493723 0.1111947 0.5155512 0.08579885 0.5091888 0.1217752 0.4693217 0.1222472 0.4789839 0.09707611 0.4837594 0.1248782 0.4923551 0.2128035 0.5060573 0.2720752 0.4970965 0.3072202 0.4923551 0.2128035 0.4970965 0.3072202 0.4810014 0.2343867 0.4923551 0.2128035 0.4765442 0.1621668 0.4916613 0.1689522 0.4765442 0.1621668 0.4710999 0.2085862 0.4550348 0.1632878 0.4596989 0.2426705 0.4550348 0.1632878 0.4710999 0.2085862 0.4765442 0.1621668 0.4810014 0.2343867 0.4710999 0.2085862 0.4810014 0.2343867 0.4793435 0.3104271 0.4709616 0.2874113 0.4793435 0.3104271 0.4719474 0.3649359 0.4598988 0.3353786 0.433 0.198 0.4550348 0.1632878 0.4406788 0.2495466 0.434 0.266 0.4335001 0.232 0.4406788 0.2495466 0.4406788 0.2495466 0.442513 0.2920176 0.4360001 0.2985001 0.4598988 0.3353786 0.4467812 0.3437227 0.442513 0.2920176 0.4484481 0.4005525 0.4574453 0.3866208 0.4482432 0.4399767 0.4412166 0.4056913 0.4406656 0.4295591 0.4279505 0.4437634 0.4379284 0.3339364 0.4467812 0.3437227 0.4405301 0.374814 0.435 0.396 0.4360001 0.3840001 0.4405301 0.374814 0.4467812 0.3437227 0.4484481 0.4005525 0.4412166 0.4056913 0.477845 0.3792062 0.4757688 0.4130482 0.470804 0.4099645 0.4406656 0.4295591 0.4368433 0.4712752 0.4279505 0.4437634 0.4280333 0.512813 0.4521672 0.5477824 0.4087849 0.5702438 0.4533435 0.6563032 0.4215876 0.6821634 0.4417151 0.6394301 0.4244633 0.7281991 0.381462 0.7437965 0.3925587 0.6998137 0.397 0.5570001 0.4087849 0.5702438 0.3959482 0.6276639 0.3806094 0.6418691 0.3959482 0.6276639 0.4051449 0.6504349 0.3806094 0.6418691 0.4051449 0.6504349 0.3925587 0.6998137 0.4704431 0.4724683 0.4678477 0.5576468 0.4521672 0.5477824 0.4714124 0.4431781 0.4934766 0.4583488 0.4704431 0.4724683 0.4879403 0.4013735 0.4973601 0.4120717 0.4934766 0.4583488 0.4634925 0.4474695 0.470804 0.4099645 0.4757688 0.4130482 0.4634925 0.4474695 0.4368433 0.4712752 0.4482432 0.4399767 0.4280333 0.512813 0.4368433 0.4712752 0.4634925 0.4474695 0.4634004 0.4766167 0.4634925 0.4474695 0.4714124 0.4431781 0.7121353 0.9348933 0.69771 0.9268755 0.689266 0.8798705 0.7234026 0.9228815 0.7121353 0.9348933 0.689266 0.8798705 0.7068761 0.8349042 0.7234026 0.9228815 0.689266 0.8798705 0.7593929 0.9129151 0.7499825 0.9178285 0.7339794 0.8555268 0.7507235 0.8480599 0.7665266 0.906293 0.7593929 0.9129151 0.7855556 0.8534814 0.7507235 0.8480599 0.7656282 0.7900323 0.7507235 0.8480599 0.7339794 0.8555268 0.7272555 0.8178793 0.7068761 0.8349042 0.7272555 0.8178793 0.7339794 0.8555268 0.689266 0.8798705 0.69771 0.9268755 0.626924 0.8485237 0.7301411 0.5677412 0.7350333 0.5198601 0.7580506 0.5669754 0.7533482 0.7381548 0.7465755 0.688978 0.7707647 0.6968724 0.7656282 0.7900323 0.7533482 0.7381548 0.7807764 0.7451757 0.7371326 0.7370147 0.7466376 0.8037228 0.7272555 0.8178793 0.689266 0.8798705 0.6439438 0.8197429 0.7068761 0.8349042 0.6269421 0.7745274 0.6135475 0.8010894 0.5957634 0.7849903 0.660166 0.7701917 0.6831305 0.7887735 0.6438643 0.7912118 0.6963738 0.7301459 0.7104507 0.7965359 0.6831305 0.7887735 0.6963738 0.7301459 0.7092956 0.7257426 0.7231727 0.7474976 0.7371326 0.7370147 0.7152151 0.687945 0.7312852 0.682489 0.7158455 0.6372483 0.7273974 0.622826 0.7518973 0.6473181 0.718472 0.5739489 0.7273974 0.622826 0.7158455 0.6372483 0.7301411 0.5677412 0.7518973 0.6473181 0.7273974 0.622826 0.7129042 0.4969807 0.7301411 0.5677412 0.718472 0.5739489 0.6461294 0.721127 0.660166 0.7701917 0.6269421 0.7745274 0.6778251 0.7525147 0.6642087 0.7130514 0.6963738 0.7301459 0.6963738 0.7301459 0.6687671 0.6722434 0.6925609 0.6701158 0.7067981 0.6563032 0.7152151 0.687945 0.6925609 0.6701158 0.6761074 0.628054 0.6916089 0.6120803 0.7158455 0.6372483 0.7158455 0.6372483 0.6916089 0.6120803 0.6871597 0.5635676 0.6738852 0.5352696 0.6871597 0.5635676 0.6916089 0.6120803 0.6871597 0.5635676 0.7035778 0.5165718 0.718472 0.5739489 0.6962713 0.4752705 0.7129042 0.4969807 0.7035778 0.5165718 0.7143903 0.456776 0.6974766 0.443545 0.6928598 0.4040358 0.7035778 0.5165718 0.6760163 0.4534134 0.6962713 0.4752705 0.6760163 0.4534134 0.6879205 0.4547175 0.6962713 0.4752705 0.7050762 0.4182033 0.7024151 0.3406708 0.7087357 0.3927918 0.725252 0.4276927 0.7087357 0.3927918 0.7200579 0.3723136 0.725 0.396 0.7255001 0.4065001 0.725252 0.4276927 0.7213956 0.4403141 0.7414997 0.4737264 0.7350333 0.5198601 0.7414997 0.4737264 0.7213956 0.4403141 0.725252 0.4276927 0.726 0.417 0.7335001 0.4285001 0.725252 0.4276927 0.6572059 0.4517197 0.6741396 0.4968718 0.6738852 0.5352696 0.6683674 0.4618161 0.6760163 0.4534134 0.6741396 0.4968718 0.6639192 0.3751356 0.6764652 0.3412991 0.6855002 0.4177899 0.6924847 0.3457798 0.6928598 0.4040358 0.6764652 0.3412991 0.7024151 0.3406708 0.6924847 0.3457798 0.6924825 0.2967835 0.7024151 0.3406708 0.7049396 0.2983527 0.7172998 0.2962576 0.7049396 0.2983527 0.7270866 0.2317244 0.7172998 0.2962576 0.7049396 0.2983527 0.7097893 0.22742 0.7270866 0.2317244 0.6572059 0.4517197 0.6683674 0.4618161 0.6741396 0.4968718 0.6639192 0.3751356 0.6601371 0.3383584 0.6764652 0.3412991 0.6603889 0.2745723 0.6697022 0.2008904 0.6944527 0.2371692 0.6742426 0.1219693 0.6697022 0.2008904 0.6624072 0.1803973 0.6219304 0.2955685 0.654004 0.2318989 0.6532178 0.2705924 0.6259675 0.2155086 0.6494252 0.1191928 0.6624072 0.1803973 0.6397994 0.09313511 0.6540574 0.0856114 0.6494252 0.1191928 0.6540574 0.0856114 0.6780747 0.09580039 0.6742426 0.1219693 0.6777064 0.06473565 0.6780747 0.09580039 0.6588897 0.0575484 0.6540574 0.0856114 0.6588897 0.0575484 0.6780747 0.09580039 0.6235849 0.08818066 0.6291853 0.06066405 0.6397994 0.09313511 0.6494252 0.1191928 0.6284695 0.1599351 0.6397994 0.09313511 0.6137843 0.2357257 0.6259675 0.2155086 0.6219304 0.2955685 0.6276478 0.3355501 0.6219304 0.2955685 0.6532178 0.2705924 0.6613692 0.3040182 0.6601371 0.3383584 0.6466169 0.3249838 0.6543035 0.3715744 0.6601371 0.3383584 0.6639192 0.3751356 0.6004343 0.2891108 0.6219304 0.2955685 0.6276478 0.3355501 0.6276478 0.3355501 0.6466169 0.3249838 0.6391376 0.358807 0.6363825 0.3804401 0.623799 0.363741 0.6276478 0.3355501 0.6363825 0.3804401 0.6139438 0.3932222 0.623799 0.363741 0.6137843 0.2357257 0.6013849 0.2250809 0.6147016 0.1776588 0.6137843 0.2357257 0.6004343 0.2891108 0.6013849 0.2250809 0.6139438 0.3932222 0.6074992 0.3383555 0.623799 0.363741 0.6139438 0.3932222 0.6266233 0.4358509 0.6095344 0.4328309 0.6266233 0.4358509 0.6144082 0.4652441 0.6095344 0.4328309 0.6100543 0.5032361 0.6144082 0.4652441 0.627749 0.4813488 0.6334114 0.4396036 0.627749 0.4813488 0.6144082 0.4652441 0.6637871 0.4134047 0.6572059 0.4517197 0.6512967 0.4029173 0.6386508 0.4092431 0.6572059 0.4517197 0.6334114 0.4396036 0.8743743 0.4879143 0.8730625 0.5042866 0.8691573 0.4965965 0.8904322 0.5382109 0.8948344 0.5383481 0.8903266 0.5427566 0.8993834 0.5343985 0.8948344 0.5383481 0.8940001 0.5303589 0.8904322 0.5382109 0.8940001 0.5303589 0.8948344 0.5383481 0.8940001 0.5303589 0.8985972 0.5178648 0.8993834 0.5343985 0.8940001 0.5303589 0.8935 0.5135 0.8985972 0.5178648 0.884 0.537 0.8858215 0.5455385 0.882559 0.5408319 0.878 0.537 0.882559 0.5408319 0.8797578 0.5423163 0.878 0.537 0.8797578 0.5423163 0.8771048 0.528781 0.2412283 0.05061948 0.2160953 0.06835299 0.2231007 0.02919816 0.2041278 0.3705772 0.1943942 0.3556315 0.1876953 0.3124374 0.2192201 0.153124 0.2085118 0.1809798 0.1972833 0.1741431 0.227109 0.1021292 0.2192201 0.153124 0.2066146 0.1094536 0.2160953 0.06835299 0.2337189 0.08121109 0.227109 0.1021292 0.2412283 0.05061948 0.2337189 0.08121109 0.2160953 0.06835299 0.2915 0.01549994 0.2988803 0.02278077 0.2772803 0.03538966 0.2377974 0.2913081 0.2367421 0.3509686 0.2255866 0.3393216 0.2153261 0.3500127 0.2164405 0.2731106 0.2255866 0.3393216 0.2377974 0.2913081 0.2255866 0.3393216 0.2164405 0.2731106 0.2164405 0.2731106 0.2168847 0.2224562 0.2332428 0.2425115 0.2579896 0.2865362 0.2332428 0.2425115 0.2467178 0.2206888 0.2467178 0.2206888 0.232649 0.1738231 0.2471148 0.1551101 0.2504153 0.1020532 0.2471148 0.1551101 0.227109 0.1021292 0.232649 0.1738231 0.227109 0.1021292 0.2471148 0.1551101 0.2337189 0.08121109 0.2573646 0.07630234 0.2504153 0.1020532 0.2781377 0.08667302 0.2745211 0.1514307 0.2504153 0.1020532 0.262673 0.1767144 0.2504153 0.1020532 0.2745211 0.1514307 0.2829041 0.2249283 0.262673 0.1767144 0.2745211 0.1514307 0.3056433 0.25181 0.2696064 0.2790355 0.266238 0.2413479 0.2579896 0.2865362 0.2696064 0.2790355 0.2788919 0.3023321 0.2649092 0.3152425 0.2518031 0.3536447 0.2377974 0.2913081 0.3000883 0.07621747 0.2772803 0.03538966 0.3010784 0.05476504 0.2931203 0.1230441 0.3000883 0.07621747 0.3065 0.1055 0.2965644 0.1800201 0.2781377 0.08667302 0.2931203 0.1230441 0.2965644 0.1800201 0.2931203 0.1230441 0.3165 0.168 0.31 0.136 0.3165 0.168 0.2931203 0.1230441 0.323 0.2 0.3245 0.2345 0.3145496 0.2244682 0.326 0.269 0.3056433 0.25181 0.3145496 0.2244682 0.2757326 0.385649 0.2518031 0.3536447 0.2731148 0.3534409 0.3149257 0.3359364 0.2979705 0.3529639 0.3188483 0.302461 0.3054511 0.2933983 0.3188483 0.302461 0.2979705 0.3529639 0.2960803 0.3902643 0.2864511 0.4145882 0.2757326 0.385649 0.3017222 0.436028 0.2960803 0.3902643 0.3060001 0.4080001 0.309 0.419 0.3094295 0.4434724 0.3017222 0.436028 0.3029915 0.4589864 0.2886722 0.4366139 0.3017222 0.436028 0.3094295 0.4434724 0.3205001 0.4875 0.3102556 0.4830789 0.2789399 0.5093393 0.2756442 0.4617152 0.2886722 0.4366139 0.2539855 0.4554567 0.2766486 0.4382707 0.2756442 0.4617152 0.2539855 0.4554567 0.2634333 0.4355348 0.2766486 0.4382707 0.240733 0.4346253 0.2525949 0.4105371 0.265033 0.4143759 0.2367421 0.3509686 0.2406058 0.4066331 0.2304353 0.3710986 0.2367421 0.3509686 0.2304353 0.3710986 0.2255866 0.3393216 0.2225806 0.3780232 0.2153261 0.3500127 0.2255866 0.3393216 0.189584 0.4215118 0.1943942 0.3556315 0.2041278 0.3705772 0.2083252 0.4051639 0.1923363 0.4443502 0.2041278 0.3705772 0.2539855 0.4554567 0.240733 0.4346253 0.2634333 0.4355348 0.2238463 0.439985 0.2244321 0.480764 0.216514 0.4449779 0.2244321 0.480764 0.2126239 0.4661403 0.216514 0.4449779 0.2126239 0.4661403 0.2083252 0.4051639 0.2101686 0.4320057 0.2156081 0.4187943 0.2101686 0.4320057 0.2083252 0.4051639 0.2244938 0.4188967 0.2156081 0.4187943 0.2225806 0.3780232 0.2244938 0.4188967 0.2225806 0.3780232 0.2304353 0.3710986 0.2244938 0.4188967 0.240733 0.4346253 0.2238463 0.439985 0.2156081 0.4187943 0.2238463 0.439985 0.216514 0.4449779 0.232998 0.4680376 0.2580419 0.499444 0.2397309 0.5456939 0.1961739 0.4978147 0.2083252 0.4051639 0.2126239 0.4661403 0.1961739 0.4978147 0.2113132 0.5029816 0.2108432 0.5492742 0.2069851 0.6422534 0.2108432 0.5492742 0.2250262 0.5763703 0.2216496 0.6879566 0.2069851 0.6422534 0.2250262 0.5763703 0.2128702 0.7491176 0.2330492 0.738036 0.2209373 0.7805157 0.2115389 0.82345 0.2057338 0.8108305 0.2209373 0.7805157 0.2236986 0.8428603 0.2115389 0.82345 0.2287347 0.7964054 0.2443885 0.7742797 0.2367475 0.8347418 0.2287347 0.7964054 0.2049328 0.8456562 0.1931625 0.8291311 0.2057338 0.8108305 0.2312352 0.8715258 0.2367475 0.8347418 0.2574519 0.8580562 0.2236986 0.8428603 0.2312352 0.8715258 0.2133492 0.8870395 0.178 0.8296801 0.1931625 0.8291311 0.1865313 0.8492209 0.178 0.8296801 0.1907373 0.8177613 0.1931625 0.8291311 0.2040233 0.7809775 0.2012545 0.8038302 0.1899481 0.7955221 0.1963825 0.7393754 0.2040233 0.7809775 0.1899481 0.7955221 0.209061 0.7093465 0.1817037 0.6989064 0.2069851 0.6422534 0.1817037 0.6989064 0.1872281 0.6237133 0.2069851 0.6422534 0.2069851 0.6422534 0.1872281 0.6237133 0.1922058 0.5511392 0.1809999 0.509 0.1871295 0.4966121 0.1922058 0.5511392 0.1847905 0.4587233 0.1923363 0.4443502 0.1961739 0.4978147 0.1907373 0.8177613 0.1649796 0.8180071 0.1704716 0.8002547 0.1750985 0.8529689 0.1865313 0.8492209 0.1889426 0.8716532 0.1611093 0.8813634 0.1688641 0.8720026 0.1774199 0.902721 0.1704716 0.8002547 0.154654 0.8041921 0.1645293 0.7733721 0.1704716 0.8002547 0.1649796 0.8180071 0.154654 0.8041921 0.178 0.8296801 0.1750985 0.8529689 0.1635724 0.8326432 0.1571457 0.8601408 0.1635724 0.8326432 0.1750985 0.8529689 0.1324073 0.8532833 0.1571457 0.8601408 0.1436067 0.886179 0.1543731 0.9028845 0.1373458 0.9063757 0.1436067 0.886179 0.1952752 0.8818619 0.1901332 0.8956432 0.1774199 0.902721 0.1218705 0.8282994 0.1260673 0.7976399 0.1453775 0.8250856 0.154654 0.8041921 0.1519362 0.8193925 0.1346246 0.7801695 0.1453775 0.8250856 0.1346246 0.7801695 0.1519362 0.8193925 0.1528073 0.7831656 0.1445168 0.765843 0.1473512 0.7378137 0.1453775 0.8250856 0.1260673 0.7976399 0.1346246 0.7801695 0.1218705 0.8282994 0.1103852 0.7738035 0.1260673 0.7976399 0.0950458 0.8181001 0.1218705 0.8282994 0.1159858 0.8653398 0.1235727 0.8998003 0.1071585 0.8916816 0.1159858 0.8653398 0.1373458 0.9063757 0.108911 0.9106251 0.1235727 0.8998003 0.1218705 0.8282994 0.0950458 0.8181001 0.1103852 0.7738035 0.07078063 0.8671807 0.09556132 0.8559241 0.08354109 0.9166296 0.07078063 0.8671807 0.08354109 0.9166296 0.06636869 0.9078482 0.05016851 0.8442867 0.07078063 0.8671807 0.06636869 0.9078482 0.0950458 0.8181001 0.0739873 0.7874821 0.0828675 0.7566842 0.06133329 0.7592779 0.06178331 0.7294222 0.0828675 0.7566842 0.07334792 0.6789228 0.1005056 0.7293319 0.0828675 0.7566842 0.06178331 0.7294222 0.04491823 0.6449853 0.07334792 0.6789228 0.0898602 0.6588891 0.04763346 0.5529651 0.07847517 0.5482087 0.06063312 0.8048084 0.05016851 0.8442867 0.02313101 0.7774823 0.01495277 0.8359833 0.02313101 0.7774823 0.05016851 0.8442867 0.05016851 0.8442867 0.02806729 0.914308 0.01495277 0.8359833 0.0176773 0.9296896 0.01495277 0.8359833 0.02806729 0.914308 0.06133329 0.7592779 0.0739873 0.7874821 0.06063312 0.8048084 0.06063312 0.8048084 0.02313101 0.7774823 0.01613867 0.738501 0.06133329 0.7592779 0.06063312 0.8048084 0.01613867 0.738501 0.01613867 0.738501 0.007342517 0.7035469 0.04030883 0.7187032 0.01164364 0.642345 0.04491823 0.6449853 0.02842342 0.66605 0.007342517 0.7035469 0.01164364 0.642345 0.02842342 0.66605 0.04491823 0.6449853 0.02856367 0.5733494 0.04763346 0.5529651 0.04408198 0.5152046 0.04763346 0.5529651 0.02856367 0.5733494 0.04408198 0.5152046 0.03599125 0.479694 0.04573041 0.4685741 0.1103852 0.7738035 0.1005056 0.7293319 0.1227555 0.7368226 0.1313131 0.702283 0.1445168 0.765843 0.1227555 0.7368226 0.1005056 0.7293319 0.0898602 0.6588891 0.1065211 0.6794903 0.0898602 0.6588891 0.08957165 0.569738 0.1012852 0.5842314 0.130454 0.5202836 0.1306925 0.5742613 0.1012852 0.5842314 0.1251421 0.4494641 0.130454 0.5202836 0.10079 0.5062321 0.10079 0.5062321 0.08957165 0.569738 0.07847517 0.5482087 0.1099457 0.473378 0.10079 0.5062321 0.09698617 0.4728264 0.06154483 0.4523839 0.0992093 0.4551182 0.06903129 0.5046285 0.04499995 0.442 0.05355274 0.4350134 0.04573041 0.4685741 0.04499995 0.423455 0.05820894 0.4188051 0.05355274 0.4350134 0.04499995 0.423455 0.0485 0.4080001 0.05820894 0.4188051 0.05199998 0.397 0.0525 0.3855 0.05871409 0.3873433 0.05299997 0.374 0.04549998 0.3535 0.054448 0.351817 0.06506669 0.3194193 0.06881397 0.3690229 0.054448 0.351817 0.1119773 0.4365766 0.09312653 0.4382112 0.0917018 0.4169223 0.07593256 0.436082 0.09312653 0.4382112 0.0992093 0.4551182 0.06459271 0.4322823 0.07593256 0.436082 0.06154483 0.4523839 0.07593256 0.436082 0.06459271 0.4322823 0.07151305 0.4163255 0.08129078 0.344004 0.0857113 0.3987356 0.06881397 0.3690229 0.0857113 0.3987356 0.0917018 0.4169223 0.07151305 0.4163255 0.07593256 0.436082 0.07151305 0.4163255 0.0917018 0.4169223 0.0992093 0.4551182 0.1119773 0.4365766 0.1099457 0.473378 0.09701496 0.3958031 0.114844 0.4164271 0.0917018 0.4169223 0.09701496 0.3958031 0.0857113 0.3987356 0.09311282 0.3490014 0.04780817 0.2499552 0.05651456 0.2882442 0.04722756 0.297651 0.02799999 0.269 0.0295 0.2345 0.04780817 0.2499552 0.03099995 0.2 0.05081301 0.174905 0.04780817 0.2499552 0.07523232 0.07887881 0.09976363 0.09557628 0.08848214 0.1200917 0.06805711 0.1136089 0.08848214 0.1200917 0.07245582 0.1667433 0.1017143 0.2280669 0.08589774 0.2537537 0.0659703 0.2305501 0.1043536 0.2606465 0.09418308 0.2979441 0.08589774 0.2537537 0.09418308 0.2979441 0.06506669 0.3194193 0.08589774 0.2537537 0.1349956 0.3659201 0.1211564 0.3801511 0.1292786 0.3387319 0.1437308 0.3259872 0.1292786 0.3387319 0.1327711 0.2983332 0.1043536 0.2606465 0.1217455 0.2425845 0.1070438 0.3018444 0.1327711 0.2983332 0.1070438 0.3018444 0.1217455 0.2425845 0.1217455 0.2425845 0.1017143 0.2280669 0.1197459 0.1755605 0.09356743 0.1762916 0.1197459 0.1755605 0.1017143 0.2280669 0.1277496 0.1025441 0.107743 0.1559861 0.09976363 0.09557628 0.09739583 0.04495704 0.114916 0.0515359 0.1140184 0.08155053 0.04799997 0.1055 0.05430144 0.07678818 0.06805711 0.1136089 0.07523232 0.07887881 0.06805711 0.1136089 0.05430144 0.07678818 0.05406647 0.0549547 0.07932424 0.0437476 0.05430144 0.07678818 0.07523232 0.07887881 0.05430144 0.07678818 0.07932424 0.0437476 0.07932424 0.0437476 0.05406647 0.0549547 0.07184451 0.02362787 0.07499998 0.01399999 0.0855 0.01449996 0.07932424 0.0437476 0.114916 0.0515359 0.09739583 0.04495704 0.1148749 0.02964144 0.1140184 0.08155053 0.1364951 0.07035648 0.1277496 0.1025441 0.1491926 0.110853 0.1365102 0.1548998 0.1277496 0.1025441 0.1563 0.2407202 0.1336921 0.2276833 0.1534677 0.1767183 0.1226867 0.01767098 0.137209 0.02754342 0.1148749 0.02964144 0.1364951 0.07035648 0.1148749 0.02964144 0.137209 0.02754342 0.1413956 0.5043793 0.1464041 0.4266753 0.1601934 0.4882902 0.1306925 0.5742613 0.1413956 0.5043793 0.1544835 0.5660967 0.1544835 0.5660967 0.1579439 0.6523145 0.1399933 0.6481797 0.1313131 0.702283 0.1207452 0.6492142 0.1399933 0.6481797 0.1429645 0.3807771 0.1361453 0.4047091 0.1349956 0.3659201 0.1437308 0.3259872 0.1429645 0.3807771 0.1349956 0.3659201 0.1507846 0.3763856 0.1564759 0.4159032 0.1464041 0.4266753 0.1544835 0.5660967 0.1601934 0.4882902 0.1701558 0.4938539 0.1701558 0.4938539 0.1748123 0.5398117 0.1691127 0.5734066 0.1691127 0.5734066 0.1745 0.6295001 0.1544835 0.5660967 0.1579439 0.6523145 0.1544835 0.5660967 0.1745 0.6295001 0.1211564 0.3801511 0.09701496 0.3958031 0.1135107 0.3455601 0.1211564 0.3801511 0.114844 0.4164271 0.09701496 0.3958031 0.1284509 0.416383 0.1340571 0.4380558 0.1251421 0.4494641 0.1369415 0.4247044 0.1464041 0.4266753 0.138693 0.4468602 0.1284509 0.416383 0.1361453 0.4047091 0.1369415 0.4247044 0.5125696 0.9067649 0.5507819 0.8720652 0.5189934 0.9209761 0.4527948 0.9328947 0.4388067 0.9236301 0.4649295 0.8731677 0.4491308 0.8350342 0.4739469 0.8079082 0.4649295 0.8731677 0.4315001 0.9207546 0.423886 0.8544746 0.4388067 0.9236301 0.5414991 0.9257394 0.5507819 0.8720652 0.5625189 0.9195563 0.626924 0.8485237 0.5961506 0.9186978 0.5803042 0.8617842 0.6537057 0.9075476 0.6404766 0.9205386 0.626924 0.8485237 0.1952752 0.8818619 0.2094444 0.9031334 0.1901332 0.8956432 0.2309816 0.9117619 0.2133492 0.8870395 0.2409402 0.8943654 0.2574519 0.8580562 0.2622806 0.8979646 0.2409402 0.8943654 0.2823763 0.8642412 0.2689656 0.9160496 0.2622806 0.8979646 0.3051705 0.8684492 0.2971622 0.9091252 0.2882844 0.9072716 0.3473238 0.8131811 0.3259215 0.9142993 0.3051705 0.8684492 0.3473238 0.8131811 0.3297255 0.8082004 0.3453652 0.7410677 0.328 0.511 0.334 0.5590001 0.3226289 0.5764214 0.342458 0.6438692 0.3105288 0.6433739 0.3226289 0.5764214 0.2789399 0.5093393 0.3086637 0.5102438 0.3044764 0.5616052 0.3226289 0.5764214 0.3044764 0.5616052 0.3086637 0.5102438 0.3102556 0.4830789 0.3086637 0.5102438 0.2789399 0.5093393 0.3044764 0.5616052 0.2872204 0.5975072 0.2761314 0.5533654 0.2630996 0.5748535 0.2872204 0.5975072 0.2682471 0.6572128 0.2807917 0.6774702 0.2682471 0.6572128 0.2872204 0.5975072 0.2928333 0.7592778 0.3355582 0.7232617 0.2831059 0.7879689 0.3051705 0.8684492 0.2882844 0.9072716 0.2823763 0.8642412 0.2831059 0.7879689 0.2795001 0.824984 0.2597993 0.8183391 0.2597993 0.8183391 0.2443885 0.7742797 0.2714492 0.7552033 0.2714492 0.7552033 0.254444 0.727779 0.2807917 0.6774702 0.254444 0.727779 0.2330492 0.738036 0.248366 0.6787112 0.2250262 0.5763703 0.2630996 0.5748535 0.2327079 0.6559355 0.248366 0.6787112 0.2327079 0.6559355 0.2630996 0.5748535 0.2580419 0.499444 0.2789399 0.5093393 0.2761314 0.5533654 0.2622806 0.8979646 0.2574519 0.8580562 0.2823763 0.8642412 0.5387781 0.04346919 0.5365084 0.08230435 0.5206587 0.05572074 0.5155512 0.08579885 0.5206587 0.05572074 0.5365084 0.08230435 0.53 0.02399998 0.5387781 0.04346919 0.5254995 0.02849835 0.5387781 0.04346919 0.5206587 0.05572074 0.5254995 0.02849835 0.491 0.03399997 0.5060001 0.03349995 0.5007767 0.05755859 0.5007767 0.05755859 0.4833651 0.06420159 0.4854729 0.04110574 0.5617559 0.2248589 0.571 0.3043949 0.5585972 0.274033 0.5617559 0.2248589 0.5585972 0.274033 0.5457995 0.23575 0.5364078 0.1685432 0.5349981 0.1197131 0.5509085 0.1706823 0.4833651 0.06420159 0.4789839 0.09707611 0.4684978 0.06144738 0.4641256 0.09139257 0.4684978 0.06144738 0.4789839 0.09707611 0.4641256 0.09139257 0.4536024 0.0524016 0.4684978 0.06144738 0.4698518 0.02936315 0.4536024 0.0524016 0.4605925 0.0207898 0.4536024 0.0524016 0.4537448 0.01795703 0.4605925 0.0207898 0.6112403 0.06903076 0.6127374 0.02561461 0.6181446 0.04547524 0.6291853 0.06066405 0.6299601 0.02422988 0.6339391 0.02869403 0.7025682 0.1646521 0.7209914 0.165518 0.7097893 0.22742 0.6893856 0.1165392 0.7084314 0.1152039 0.7025682 0.1646521 0.6893856 0.1165392 0.6954683 0.09046965 0.7084314 0.1152039 0.7058298 0.05232435 0.6954683 0.09046965 0.6920275 0.06156575 0.6777064 0.06473565 0.6845117 0.04768508 0.6920275 0.06156575 0.681 0.02999997 0.6845117 0.04768508 0.674856 0.04078155 0.6385791 0.05582457 0.6386616 0.03542208 0.6588897 0.0575484 0.6291853 0.06066405 0.6235849 0.08818066 0.6181446 0.04547524 0.6112403 0.06903076 0.6235849 0.08818066 0.6132044 0.103962 0.6132044 0.103962 0.6199679 0.1227983 0.6043249 0.1670138 0.6845117 0.04768508 0.6860002 0.02550035 0.6910006 0.02100217 0.7058298 0.05232435 0.6910006 0.02100217 0.6983177 0.01697421 0.7049396 0.2983527 0.6924825 0.2967835 0.6944527 0.2371692 0.7025682 0.1646521 0.6944527 0.2371692 0.6862693 0.1622095 0.6920275 0.06156575 0.6780747 0.09580039 0.6777064 0.06473565 0.8834076 0.4706031 0.8917565 0.4752033 0.889967 0.4698436 0.8940925 0.5411313 0.8890001 0.5370001 0.8886922 0.5442333 0.884 0.537 0.8829713 0.540932 0.8886922 0.5442333</float_array>
          <technique_common>
            <accessor source="#GanondorfPants_LOD1-mesh-map-0-array" count="3933" stride="2">
              <param name="S" type="float"/>
              <param name="T" type="float"/>
            </accessor>
          </technique_common>
        </source>
        <vertices id="GanondorfPants_LOD1-mesh-vertices">
          <input semantic="POSITION" source="#GanondorfPants_LOD1-mesh-positions"/>
        </vertices>
        <lines count="1">
          <input semantic="VERTEX" source="#GanondorfPants_LOD1-mesh-vertices" offset="0"/>
          <p>541 84</p>
        </lines>
        <triangles material="Pants-material" count="1311">
          <input semantic="VERTEX" source="#GanondorfPants_LOD1-mesh-vertices" offset="0"/>
          <input semantic="NORMAL" source="#GanondorfPants_LOD1-mesh-normals" offset="1"/>
          <input semantic="TEXCOORD" source="#GanondorfPants_LOD1-mesh-map-0" offset="2" set="0"/>
          <p>426 0 0 427 1 1 155 2 2 116 3 3 427 1 4 426 0 5 229 4 6 662 5 7 578 6 8 637 7 9 229 4 10 628 8 11 228 9 12 229 4 13 180 10 14 628 8 15 465 11 16 385 12 17 385 12 18 465 11 19 484 13 20 115 14 21 484 13 22 396 15 23 484 13 24 464 16 25 385 12 26 386 17 27 464 16 28 115 14 29 114 18 30 464 16 31 386 17 32 404 19 33 386 17 34 115 14 35 118 20 36 386 17 37 404 19 38 518 21 39 386 17 40 118 20 41 518 21 42 554 22 43 75 23 44 482 24 45 554 22 46 121 25 47 75 23 48 482 24 49 644 26 50 444 27 51 482 24 52 121 25 53 242 28 54 482 24 55 444 27 56 644 26 57 687 29 58 205 30 59 229 4 60 578 6 61 180 10 62 75 23 63 508 31 64 518 21 65 208 32 66 508 31 67 467 33 68 518 21 69 507 34 70 114 18 71 507 34 72 508 31 73 208 32 74 507 34 75 385 12 76 114 18 77 385 12 78 507 34 79 48 35 80 628 8 81 385 12 82 48 35 83 82 36 84 444 27 85 254 37 86 254 37 87 444 27 88 121 25 89 205 30 90 687 29 91 678 38 92 563 39 93 687 29 94 81 40 95 678 38 96 687 29 97 563 39 98 521 41 99 670 42 100 90 43 101 670 42 102 521 41 103 455 44 104 620 45 105 670 42 106 455 44 107 236 46 108 670 42 109 620 45 110 670 42 111 691 47 112 90 43 113 236 46 114 250 48 115 691 47 116 691 47 117 354 49 118 190 50 119 190 50 120 354 49 121 67 51 122 354 49 123 291 52 124 67 51 125 81 40 126 354 49 127 250 48 128 82 36 129 291 52 130 242 28 131 242 28 132 291 52 133 81 40 134 499 53 135 488 54 136 0 55 137 254 37 138 499 53 139 82 36 140 121 25 141 488 54 142 254 37 143 362 56 144 488 54 145 121 25 146 613 57 147 362 56 148 41 58 149 301 59 150 362 56 151 613 57 152 90 43 153 190 50 154 478 60 155 478 60 156 190 50 157 357 61 158 407 62 159 311 63 160 22 64 161 68 65 162 311 63 163 357 61 164 298 66 165 190 50 166 67 51 167 357 61 168 298 66 169 68 65 170 298 66 171 359 67 172 68 65 173 298 66 174 504 68 175 359 67 176 504 68 177 547 69 178 359 67 179 298 66 180 499 53 181 489 70 182 499 53 183 67 51 184 82 36 185 298 66 186 489 70 187 504 68 188 504 68 189 489 70 190 509 71 191 509 71 192 489 70 193 0 55 194 547 69 195 559 72 196 434 73 197 547 69 198 379 74 199 359 67 200 68 65 201 359 67 202 379 74 203 379 74 204 366 75 205 68 65 206 366 75 207 311 63 208 68 65 209 296 76 210 22 64 211 366 75 212 296 76 213 19 77 214 87 78 215 353 79 216 88 80 217 599 81 218 88 80 219 296 76 220 87 78 221 599 81 222 407 62 223 353 79 224 201 82 225 407 62 226 89 83 227 478 60 228 297 84 229 90 43 230 201 82 231 297 84 232 478 60 233 394 85 234 297 84 235 89 83 236 90 43 237 394 85 238 521 41 239 12 86 240 366 75 241 379 74 242 565 87 243 19 77 244 296 76 245 565 87 246 200 88 247 19 77 248 66 89 249 200 88 250 565 87 251 12 86 252 434 73 253 355 90 254 449 91 255 200 88 256 227 92 257 626 93 258 647 94 259 631 95 260 19 77 261 647 94 262 626 93 263 647 94 264 200 88 265 449 91 266 19 77 267 694 96 268 87 78 269 87 78 270 677 97 271 88 80 272 677 97 273 694 96 274 626 93 275 599 81 276 589 98 277 143 99 278 407 62 279 326 100 280 89 83 281 599 81 282 326 100 283 407 62 284 143 99 285 326 100 286 599 81 287 606 101 288 326 100 289 143 99 290 544 102 291 394 85 292 606 101 293 278 103 294 394 85 295 544 102 296 256 104 297 278 103 298 142 105 299 521 41 300 394 85 301 256 104 302 256 104 303 455 44 304 521 41 305 416 106 306 21 107 307 142 105 308 177 108 309 648 109 310 21 107 311 94 110 312 278 103 313 544 102 314 278 103 315 520 111 316 142 105 317 102 112 318 177 108 319 292 113 320 292 113 321 177 108 322 416 106 323 292 113 324 416 106 325 142 105 326 142 105 327 481 114 328 292 113 329 481 114 330 146 115 331 292 113 332 606 101 333 312 116 334 544 102 335 143 99 336 312 116 337 606 101 338 312 116 339 222 117 340 544 102 341 20 118 342 377 119 343 312 116 344 219 120 345 222 117 346 272 121 347 98 122 348 546 123 349 94 110 350 546 123 351 457 124 352 481 114 353 98 122 354 457 124 355 546 123 356 462 125 357 457 124 358 98 122 359 223 126 360 457 124 361 462 125 362 146 115 363 457 124 364 223 126 365 463 127 366 102 112 367 146 115 368 23 128 369 16 129 370 177 108 371 17 130 372 16 129 373 23 128 374 523 131 375 23 128 376 177 108 377 102 112 378 523 131 379 177 108 380 492 132 381 523 131 382 102 112 383 23 128 384 523 131 385 431 133 386 463 127 387 336 134 388 102 112 389 223 126 390 331 135 391 463 127 392 204 136 393 331 135 394 223 126 395 334 137 396 204 136 397 462 125 398 24 138 399 334 137 400 98 122 401 336 134 402 331 135 403 203 139 404 380 140 405 99 141 406 105 142 407 151 143 408 380 140 409 105 142 410 24 138 411 151 143 412 334 137 413 334 137 414 314 144 415 204 136 416 314 144 417 334 137 418 151 143 419 204 136 420 314 144 421 331 135 422 369 145 423 314 144 424 151 143 425 313 146 426 372 147 427 282 148 428 331 135 429 313 146 430 203 139 431 314 144 432 313 146 433 331 135 434 280 149 435 282 148 436 283 150 437 516 151 438 283 150 439 570 152 440 148 153 441 419 154 442 153 155 443 550 156 444 153 155 445 109 157 446 282 148 447 372 147 448 429 158 449 372 147 450 107 159 451 429 158 452 369 145 453 372 147 454 314 144 455 107 159 456 372 147 457 369 145 458 151 143 459 105 142 460 480 160 461 107 159 462 480 160 463 330 161 464 148 153 465 283 150 466 282 148 467 282 148 468 429 158 469 148 153 470 148 153 471 429 158 472 419 154 473 429 158 474 330 161 475 419 154 476 419 154 477 330 161 478 109 157 479 330 161 480 332 162 481 109 157 482 480 160 483 149 163 484 460 164 485 480 160 486 381 165 487 149 163 488 371 166 489 381 165 490 105 142 491 381 165 492 371 166 493 149 163 494 371 166 495 99 141 496 71 167 497 71 167 498 99 141 499 522 168 500 550 156 501 193 169 502 28 170 503 109 157 504 193 169 505 550 156 506 193 169 507 332 162 508 26 171 509 109 157 510 332 162 511 193 169 512 26 171 513 332 162 514 192 172 515 192 172 516 332 162 517 108 173 518 149 163 519 410 174 520 332 162 521 410 174 522 611 175 523 108 173 524 149 163 525 399 176 526 410 174 527 624 177 528 399 176 529 309 178 530 410 174 531 624 177 532 25 179 533 371 166 534 399 176 535 149 163 536 399 176 537 402 180 538 309 178 539 371 166 540 71 167 541 402 180 542 402 180 543 71 167 544 145 181 545 145 181 546 604 182 547 275 183 548 591 184 549 667 185 550 13 186 551 145 181 552 275 183 553 591 184 554 13 186 555 667 185 556 14 187 557 309 178 558 337 188 559 27 189 560 337 188 561 299 190 562 27 189 563 337 188 564 591 184 565 95 191 566 402 180 567 591 184 568 337 188 569 608 192 570 591 184 571 13 186 572 95 191 573 591 184 574 608 192 575 380 140 576 24 138 577 524 193 578 524 193 579 24 138 580 456 194 581 524 193 582 522 168 583 99 141 584 71 167 585 522 168 586 604 182 587 275 183 588 604 182 589 605 195 590 627 196 591 667 185 592 605 195 593 14 187 594 667 185 595 627 196 596 627 196 597 657 197 598 15 198 599 605 195 600 657 197 601 627 196 602 657 197 603 663 199 604 15 198 605 220 200 606 388 201 607 20 118 608 663 199 609 388 201 610 220 200 611 220 200 612 391 202 613 625 203 614 391 202 615 220 200 616 20 118 617 143 99 618 391 202 619 20 118 620 589 98 621 625 203 622 143 99 623 625 203 624 589 98 625 88 80 626 673 204 627 677 97 628 623 205 629 88 80 630 673 204 631 625 203 632 367 206 633 630 207 634 18 208 635 15 198 636 663 199 637 367 206 638 274 209 639 630 207 640 663 199 641 220 200 642 274 209 643 663 199 644 625 203 645 274 209 646 220 200 647 239 210 648 673 204 649 623 205 650 18 208 651 673 204 652 239 210 653 673 204 654 274 209 655 625 203 656 590 211 657 388 201 658 657 197 659 272 121 660 388 201 661 590 211 662 388 201 663 377 119 664 20 118 665 590 211 666 218 212 667 272 121 668 415 213 669 272 121 670 218 212 671 24 138 672 219 120 673 415 213 674 596 214 675 456 194 676 415 213 677 522 168 678 596 214 679 604 182 680 590 211 681 596 214 682 218 212 683 657 197 684 596 214 685 590 211 686 456 194 687 24 138 688 415 213 689 510 215 690 564 216 691 525 217 692 564 216 693 510 215 694 119 218 695 246 219 696 235 220 697 666 221 698 666 221 699 607 222 700 246 219 701 633 223 702 666 221 703 42 224 704 666 221 705 210 225 706 42 224 707 564 216 708 666 221 709 641 226 710 38 227 711 549 228 712 301 59 713 339 229 714 549 228 715 498 230 716 301 59 717 549 228 718 339 229 719 231 231 720 300 232 721 47 233 722 300 232 723 680 234 724 46 235 725 491 236 726 47 233 727 74 237 728 47 233 729 491 236 730 231 231 731 669 238 732 491 236 733 74 237 734 316 239 735 491 236 736 669 238 737 669 238 738 74 237 739 553 240 740 37 241 741 669 238 742 553 240 743 597 242 744 669 238 745 37 241 746 315 243 747 597 242 748 633 223 749 633 223 750 42 224 751 315 243 752 406 244 753 210 225 754 119 218 755 406 244 756 119 218 757 614 245 758 614 245 759 119 218 760 301 59 761 301 59 762 339 229 763 362 56 764 488 54 765 339 229 766 498 230 767 488 54 768 498 230 769 0 55 770 613 57 771 614 245 772 301 59 773 210 225 774 577 246 775 315 243 776 406 244 777 577 246 778 210 225 779 577 246 780 406 244 781 43 247 782 315 243 783 577 246 784 424 248 785 341 249 786 517 250 787 157 251 788 315 243 789 341 249 790 597 242 791 424 248 792 517 250 793 315 243 794 341 249 795 316 239 796 597 242 797 341 249 798 39 252 799 316 239 800 157 251 801 39 252 802 341 249 803 39 252 804 491 236 805 316 239 806 231 231 807 699 253 808 439 254 809 498 230 810 509 71 811 0 55 812 557 255 813 509 71 814 498 230 815 547 69 816 509 71 817 557 255 818 118 20 819 362 56 820 554 22 821 554 22 822 362 56 823 121 25 824 614 245 825 421 256 826 43 247 827 41 58 828 421 256 829 614 245 830 421 256 831 41 58 832 118 20 833 118 20 834 404 19 835 421 256 836 43 247 837 505 257 838 424 248 839 404 19 840 115 14 841 43 247 842 505 257 843 517 250 844 424 248 845 505 257 846 396 15 847 157 251 848 115 14 849 396 15 850 505 257 851 441 258 852 396 15 853 427 1 854 396 15 855 39 252 856 157 251 857 405 259 858 287 260 859 209 261 860 287 260 861 441 258 862 427 1 863 439 254 864 209 261 865 122 262 866 405 259 867 439 254 868 39 252 869 122 262 870 579 263 871 425 264 872 285 265 873 579 263 874 122 262 875 425 264 876 126 266 877 161 267 878 285 265 879 387 268 880 579 263 881 387 268 882 212 269 883 579 263 884 212 269 885 126 266 886 579 263 887 126 266 888 212 269 889 135 270 890 55 271 891 160 272 892 80 273 893 126 266 894 345 274 895 161 267 896 161 267 897 345 274 898 80 273 899 123 275 900 347 276 901 639 277 902 639 277 903 347 276 904 54 278 905 535 279 906 347 276 907 123 275 908 347 276 909 160 272 910 55 271 911 50 280 912 535 279 913 555 281 914 160 272 915 535 279 916 423 282 917 160 272 918 423 282 919 161 267 920 423 282 921 425 264 922 161 267 923 680 234 924 425 264 925 423 282 926 122 262 927 425 264 928 680 234 929 680 234 930 45 283 931 46 235 932 122 262 933 680 234 934 231 231 935 652 284 936 45 283 937 154 285 938 45 283 939 535 279 940 154 285 941 154 285 942 535 279 943 529 286 944 287 260 945 422 287 946 209 261 947 116 3 948 287 260 949 427 1 950 422 287 951 162 288 952 209 261 953 162 288 954 615 289 955 387 268 956 615 289 957 212 269 958 387 268 959 346 290 960 212 269 961 615 289 962 374 291 963 345 274 964 135 270 965 80 273 966 374 291 967 174 292 968 80 273 969 310 293 970 55 271 971 310 293 972 690 294 973 59 295 974 690 294 975 348 296 976 134 297 977 342 298 978 576 299 979 116 3 980 162 288 981 576 299 982 342 298 983 342 298 984 615 289 985 162 288 986 127 300 987 615 289 988 342 298 989 346 290 990 615 289 991 127 300 992 169 301 993 135 270 994 538 302 995 129 303 996 479 304 997 169 301 998 260 305 999 536 306 1000 323 307 1001 539 308 1002 129 303 1003 169 301 1004 129 303 1005 539 308 1006 602 309 1007 536 306 1008 602 309 1009 184 310 1010 129 303 1011 602 309 1012 536 306 1013 323 307 1014 170 311 1015 168 312 1016 184 310 1017 170 311 1018 323 307 1019 324 313 1020 168 312 1021 183 314 1022 168 312 1023 182 315 1024 183 314 1025 182 315 1026 428 316 1027 183 314 1028 375 317 1029 182 315 1030 693 318 1031 692 319 1032 182 315 1033 375 317 1034 182 315 1035 289 320 1036 693 318 1037 693 318 1038 289 320 1039 175 321 1040 584 322 1041 289 320 1042 170 311 1043 289 320 1044 584 322 1045 175 321 1046 602 309 1047 584 322 1048 184 310 1049 390 323 1050 584 322 1051 602 309 1052 356 324 1053 539 308 1054 169 301 1055 172 325 1056 539 308 1057 356 324 1058 127 300 1059 356 324 1060 538 302 1061 127 300 1062 197 326 1063 486 327 1064 390 323 1065 213 328 1066 175 321 1067 213 328 1068 172 325 1069 656 329 1070 486 327 1071 172 325 1072 199 330 1073 534 331 1074 656 329 1075 172 325 1076 483 332 1077 468 333 1078 486 327 1079 483 332 1080 486 327 1081 470 334 1082 199 330 1083 127 300 1084 486 327 1085 199 330 1086 356 324 1087 127 300 1088 693 318 1089 214 335 1090 130 336 1091 214 335 1092 213 328 1093 58 337 1094 58 337 1095 213 328 1096 52 338 1097 213 328 1098 656 329 1099 52 338 1100 52 338 1101 656 329 1102 556 339 1103 180 10 1104 483 332 1105 580 340 1106 662 5 1107 556 339 1108 578 6 1109 578 6 1110 556 339 1111 468 333 1112 556 339 1113 656 329 1114 468 333 1115 486 327 1116 197 326 1117 470 334 1118 116 3 1119 155 2 1120 580 340 1121 426 0 1122 155 2 1123 116 3 1124 342 298 1125 197 326 1126 127 300 1127 197 326 1128 116 3 1129 470 334 1130 470 334 1131 580 340 1132 483 332 1133 654 341 1134 360 342 1135 30 343 1136 360 342 1137 638 344 1138 30 343 1139 653 345 1140 279 346 1141 700 347 1142 610 348 1143 682 349 1144 683 350 1145 225 351 1146 682 349 1147 610 348 1148 629 352 1149 650 353 1150 700 347 1151 672 354 1152 632 355 1153 701 356 1154 329 357 1155 33 358 1156 682 349 1157 431 133 1158 492 132 1159 660 359 1160 110 360 1161 660 359 1162 595 361 1163 660 359 1164 383 362 1165 595 361 1166 383 362 1167 660 359 1168 34 363 1169 383 362 1170 104 364 1171 595 361 1172 383 362 1173 400 365 1174 104 364 1175 34 363 1176 400 365 1177 383 362 1178 400 365 1179 34 363 1180 101 366 1181 640 367 1182 400 365 1183 101 366 1184 106 368 1185 400 365 1186 640 367 1187 685 369 1188 101 366 1189 248 370 1190 640 367 1191 685 369 1192 106 368 1193 420 371 1194 248 370 1195 29 372 1196 685 369 1197 420 371 1198 106 368 1199 225 351 1200 329 357 1201 682 349 1202 191 373 1203 32 374 1204 225 351 1205 31 375 1206 668 376 1207 32 374 1208 592 377 1209 569 378 1210 104 364 1211 70 379 1212 569 378 1213 592 377 1214 592 377 1215 400 365 1216 106 368 1217 401 380 1218 592 377 1219 106 368 1220 70 379 1221 401 380 1222 594 381 1223 401 380 1224 475 382 1225 594 381 1226 475 382 1227 150 383 1228 594 381 1229 572 384 1230 420 371 1231 651 385 1232 475 382 1233 572 384 1234 150 383 1235 225 351 1236 226 386 1237 329 357 1238 329 357 1239 226 386 1240 651 385 1241 225 351 1242 32 374 1243 461 387 1244 226 386 1245 225 351 1246 461 387 1247 461 387 1248 572 384 1249 226 386 1250 593 388 1251 461 387 1252 333 389 1253 382 390 1254 593 388 1255 333 389 1256 594 381 1257 150 383 1258 382 390 1259 594 381 1260 382 390 1261 664 391 1262 70 379 1263 594 381 1264 609 392 1265 568 393 1266 609 392 1267 664 391 1268 70 379 1269 568 393 1270 152 394 1271 152 394 1272 569 378 1273 70 379 1274 281 395 1275 147 396 1276 569 378 1277 328 397 1278 281 395 1279 290 398 1280 281 395 1281 328 397 1282 147 396 1283 461 387 1284 32 374 1285 28 170 1286 684 399 1287 193 169 1288 26 171 1289 461 387 1290 28 170 1291 684 399 1292 333 389 1293 688 400 1294 103 401 1295 335 402 1296 333 389 1297 103 401 1298 335 402 1299 664 391 1300 333 389 1301 25 179 1302 335 402 1303 681 403 1304 664 391 1305 382 390 1306 333 389 1307 675 404 1308 664 391 1309 25 179 1310 664 391 1311 675 404 1312 568 393 1313 100 405 1314 568 393 1315 258 406 1316 152 394 1317 568 393 1318 100 405 1319 258 406 1320 568 393 1321 675 404 1322 152 394 1323 100 405 1324 281 395 1325 257 407 1326 281 395 1327 202 408 1328 257 407 1329 290 398 1330 281 395 1331 96 409 1332 257 407 1333 202 408 1334 202 408 1335 258 406 1336 398 410 1337 100 405 1338 258 406 1339 202 408 1340 398 410 1341 258 406 1342 675 404 1343 624 177 1344 675 404 1345 25 179 1346 141 411 1347 257 407 1348 96 409 1349 27 189 1350 398 410 1351 309 178 1352 277 412 1353 240 413 1354 221 414 1355 277 412 1356 96 409 1357 240 413 1358 96 409 1359 277 412 1360 141 411 1361 221 414 1362 661 415 1363 393 416 1364 327 417 1365 202 408 1366 398 410 1367 202 408 1368 240 413 1369 96 409 1370 327 417 1371 398 410 1372 27 189 1373 658 418 1374 327 417 1375 27 189 1376 97 419 1377 327 417 1378 658 418 1379 671 420 1380 327 417 1381 97 419 1382 453 421 1383 671 420 1384 13 186 1385 240 413 1386 327 417 1387 453 421 1388 453 421 1389 221 414 1390 240 413 1391 14 187 1392 661 415 1393 453 421 1394 15 198 1395 393 416 1396 627 196 1397 14 187 1398 393 416 1399 661 415 1400 506 422 1401 221 414 1402 393 416 1403 221 414 1404 418 423 1405 277 412 1406 92 424 1407 257 407 1408 141 411 1409 376 425 1410 290 398 1411 92 424 1412 290 398 1413 376 425 1414 328 397 1415 69 426 1416 368 427 1417 458 428 1418 378 429 1419 595 361 1420 69 426 1421 378 429 1422 110 360 1423 595 361 1424 370 430 1425 110 360 1426 378 429 1427 110 360 1428 17 130 1429 23 128 1430 93 431 1431 378 429 1432 69 426 1433 93 431 1434 370 430 1435 378 429 1436 543 432 1437 418 423 1438 506 422 1439 418 423 1440 543 432 1441 176 433 1442 176 433 1443 543 432 1444 211 434 1445 276 435 1446 211 434 1447 392 436 1448 417 437 1449 414 438 1450 413 439 1451 458 428 1452 328 397 1453 397 440 1454 211 434 1455 276 435 1456 92 424 1457 93 431 1458 417 437 1459 413 439 1460 397 440 1461 276 435 1462 93 431 1463 397 440 1464 328 397 1465 376 425 1466 376 425 1467 92 424 1468 397 440 1469 92 424 1470 176 433 1471 211 434 1472 543 432 1473 144 441 1474 211 434 1475 392 436 1476 542 442 1477 91 443 1478 211 434 1479 542 442 1480 392 436 1481 477 444 1482 392 436 1483 91 443 1484 392 436 1485 477 444 1486 414 438 1487 91 443 1488 542 442 1489 432 445 1490 140 446 1491 17 130 1492 370 430 1493 140 446 1494 414 438 1495 477 444 1496 255 447 1497 514 448 1498 139 449 1499 140 446 1500 514 448 1501 255 447 1502 514 448 1503 477 444 1504 91 443 1505 432 445 1506 514 448 1507 91 443 1508 139 449 1509 454 450 1510 430 451 1511 450 452 1512 454 450 1513 432 445 1514 430 451 1515 448 453 1516 247 454 1517 448 453 1518 430 451 1519 454 450 1520 448 453 1521 10 455 1522 247 454 1523 494 456 1524 496 457 1525 64 458 1526 448 453 1527 494 456 1528 10 455 1529 9 459 1530 494 456 1531 307 460 1532 494 456 1533 305 461 1534 10 455 1535 307 460 1536 494 456 1537 64 458 1538 502 462 1539 307 460 1540 702 463 1541 305 461 1542 512 464 1543 10 455 1544 237 465 1545 305 461 1546 9 459 1547 512 464 1548 305 461 1549 411 466 1550 237 465 1551 9 459 1552 502 462 1553 502 462 1554 702 463 1555 244 467 1556 437 468 1557 244 467 1558 1 469 1559 502 462 1560 270 470 1561 237 465 1562 237 465 1563 270 470 1564 62 471 1565 237 465 1566 241 472 1567 411 466 1568 241 472 1569 237 465 1570 62 471 1571 411 466 1572 618 473 1573 512 464 1574 618 473 1575 678 38 1576 512 464 1577 247 454 1578 678 38 1579 563 39 1580 247 454 1581 563 39 1582 236 46 1583 247 454 1584 236 46 1585 430 451 1586 455 44 1587 255 447 1588 620 45 1589 21 107 1590 255 447 1591 455 44 1592 140 446 1593 255 447 1594 648 109 1595 140 446 1596 648 109 1597 16 129 1598 678 38 1599 618 473 1600 205 30 1601 545 474 1602 618 473 1603 83 475 1604 435 476 1605 62 471 1606 443 477 1607 241 472 1608 435 476 1609 83 475 1610 63 478 1611 435 476 1612 443 477 1613 443 477 1614 433 479 1615 63 478 1616 36 480 1617 44 481 1618 560 482 1619 560 482 1620 545 474 1621 500 483 1622 500 483 1623 545 474 1624 83 475 1625 395 484 1626 500 483 1627 3 485 1628 500 483 1629 395 484 1630 560 482 1631 3 485 1632 500 483 1633 63 478 1634 3 485 1635 63 478 1636 501 486 1637 501 486 1638 436 487 1639 293 488 1640 293 488 1641 436 487 1642 217 489 1643 433 479 1644 436 487 1645 63 478 1646 243 490 1647 436 487 1648 433 479 1649 433 479 1650 351 491 1651 243 490 1652 433 479 1653 84 492 1654 351 491 1655 62 471 1656 84 492 1657 443 477 1658 269 493 1659 84 492 1660 62 471 1661 294 494 1662 3 485 1663 501 486 1664 560 482 1665 566 495 1666 36 480 1667 612 496 1668 552 497 1669 112 498 1670 36 480 1671 612 496 1672 111 499 1673 361 500 1674 566 495 1675 73 501 1676 552 497 1677 566 495 1678 361 500 1679 566 495 1680 552 497 1681 36 480 1682 566 495 1683 438 502 1684 73 501 1685 7 503 1686 188 504 1687 8 505 1688 501 486 1689 188 504 1690 294 494 1691 293 488 1692 188 504 1693 501 486 1694 188 504 1695 308 506 1696 8 505 1697 6 507 1698 308 506 1699 293 488 1700 308 506 1701 350 508 1702 8 505 1703 6 507 1704 350 508 1705 308 506 1706 245 509 1707 349 510 1708 540 511 1709 185 512 1710 194 513 1711 8 505 1712 249 514 1713 194 513 1714 185 512 1715 194 513 1716 7 503 1717 8 505 1718 194 513 1719 551 515 1720 7 503 1721 7 503 1722 261 516 1723 73 501 1724 261 516 1725 551 515 1726 72 517 1727 206 518 1728 261 516 1729 526 519 1730 261 516 1731 195 520 1732 73 501 1733 206 518 1734 338 521 1735 186 522 1736 206 518 1737 207 523 1738 195 520 1739 207 523 1740 206 518 1741 186 522 1742 187 524 1743 186 522 1744 286 525 1745 251 526 1746 607 222 1747 37 241 1748 607 222 1749 633 223 1750 37 241 1751 216 527 1752 271 528 1753 245 509 1754 216 527 1755 245 509 1756 540 511 1757 245 509 1758 249 514 1759 185 512 1760 194 513 1761 249 514 1762 551 515 1763 553 240 1764 567 529 1765 72 517 1766 384 530 1767 567 529 1768 74 237 1769 526 519 1770 567 529 1771 384 530 1772 567 529 1773 526 519 1774 72 517 1775 384 530 1776 338 521 1777 526 519 1778 47 233 1779 300 232 1780 338 521 1781 286 525 1782 186 522 1783 46 235 1784 581 531 1785 46 235 1786 652 284 1787 46 235 1788 581 531 1789 286 525 1790 553 240 1791 251 526 1792 37 241 1793 361 500 1794 527 532 1795 112 498 1796 195 520 1797 527 532 1798 361 500 1799 527 532 1800 528 533 1801 112 498 1802 528 533 1803 527 532 1804 207 523 1805 207 523 1806 265 534 1807 528 533 1808 265 534 1809 532 535 1810 158 536 1811 265 534 1812 262 537 1813 528 533 1814 113 538 1815 265 534 1816 158 536 1817 187 524 1818 532 535 1819 207 523 1820 284 539 1821 187 524 1822 286 525 1823 187 524 1824 284 539 1825 158 536 1826 76 540 1827 284 539 1828 178 541 1829 286 525 1830 178 541 1831 284 539 1832 530 542 1833 178 541 1834 179 543 1835 179 543 1836 286 525 1837 581 531 1838 581 531 1839 652 284 1840 179 543 1841 652 284 1842 643 544 1843 179 543 1844 49 545 1845 643 544 1846 154 285 1847 403 546 1848 440 547 1849 125 548 1850 598 549 1851 403 546 1852 125 548 1853 598 549 1854 196 550 1855 54 278 1856 344 551 1857 598 549 1858 54 278 1859 469 552 1860 598 549 1861 344 551 1862 344 551 1863 347 276 1864 55 271 1865 322 553 1866 344 551 1867 55 271 1868 474 554 1869 344 551 1870 322 553 1871 322 553 1872 310 293 1873 59 295 1874 55 271 1875 310 293 1876 322 553 1877 128 555 1878 469 552 1879 474 554 1880 643 544 1881 340 556 1882 179 543 1883 403 546 1884 340 556 1885 643 544 1886 466 557 1887 340 556 1888 403 546 1889 466 557 1890 403 546 1891 598 549 1892 466 557 1893 469 552 1894 124 558 1895 598 549 1896 469 552 1897 466 557 1898 533 559 1899 124 558 1900 164 560 1901 530 542 1902 533 559 1903 156 561 1904 158 536 1905 76 540 1906 230 562 1907 230 562 1908 76 540 1909 120 563 1910 156 561 1911 120 563 1912 178 541 1913 533 559 1914 266 564 1915 120 563 1916 409 565 1917 164 560 1918 408 566 1919 408 566 1920 124 558 1921 128 555 1922 408 566 1923 128 555 1924 588 567 1925 588 567 1926 128 555 1927 474 554 1928 303 568 1929 322 553 1930 59 295 1931 322 553 1932 133 569 1933 474 554 1934 133 569 1935 303 568 1936 473 570 1937 303 568 1938 268 571 1939 473 570 1940 132 572 1941 303 568 1942 302 573 1943 601 574 1944 268 571 1945 686 575 1946 473 570 1947 268 571 1948 601 574 1949 173 576 1950 472 577 1951 686 575 1952 171 578 1953 472 577 1954 585 579 1955 601 574 1956 472 577 1957 171 578 1958 601 574 1959 171 578 1960 473 570 1961 473 570 1962 617 580 1963 133 569 1964 583 581 1965 473 570 1966 171 578 1967 79 582 1968 617 580 1969 583 581 1970 617 580 1971 474 554 1972 133 569 1973 586 583 1974 588 567 1975 79 582 1976 163 584 1977 318 585 1978 117 586 1979 117 586 1980 343 587 1981 163 584 1982 77 588 1983 343 587 1984 159 589 1985 159 589 1986 165 590 1987 77 588 1988 409 565 1989 234 591 1990 165 590 1991 77 588 1992 234 591 1993 167 592 1994 519 593 1995 234 591 1996 409 565 1997 167 592 1998 519 593 1999 131 594 2000 586 583 2001 519 593 2002 409 565 2003 519 593 2004 616 595 2005 131 594 2006 131 594 2007 616 595 2008 537 596 2009 616 595 2010 137 597 2011 537 596 2012 583 581 2013 616 595 2014 79 582 2015 600 598 2016 137 597 2017 171 578 2018 363 599 2019 585 579 2020 232 600 2021 137 597 2022 600 598 2023 363 599 2024 585 579 2025 600 598 2026 171 578 2027 56 601 2028 232 600 2029 585 579 2030 56 601 2031 585 579 2032 582 602 2033 582 602 2034 585 579 2035 173 576 2036 689 603 2037 268 571 2038 132 572 2039 51 604 2040 268 571 2041 689 603 2042 686 575 2043 268 571 2044 51 604 2045 649 605 2046 686 575 2047 51 604 2048 634 606 2049 288 607 2050 707 608 2051 582 602 2052 646 609 2053 56 601 2054 709 610 2055 582 602 2056 634 606 2057 232 600 2058 233 611 2059 61 612 2060 136 613 2061 363 599 2062 61 612 2063 363 599 2064 698 614 2065 137 597 2066 137 597 2067 698 614 2068 537 596 2069 130 336 2070 698 614 2071 136 613 2072 698 614 2073 130 336 2074 537 596 2075 537 596 2076 198 615 2077 131 594 2078 198 615 2079 58 337 2080 131 594 2081 214 335 2082 198 615 2083 130 336 2084 58 337 2085 198 615 2086 214 335 2087 233 611 2088 645 616 2089 61 612 2090 131 594 2091 58 337 2092 167 592 2093 167 592 2094 58 337 2095 52 338 2096 52 338 2097 556 339 2098 138 617 2099 138 617 2100 556 339 2101 531 618 2102 531 618 2103 556 339 2104 662 5 2105 531 618 2106 662 5 2107 40 619 2108 40 619 2109 238 620 2110 318 585 2111 263 621 2112 238 620 2113 189 622 2114 263 621 2115 262 537 2116 113 538 2117 264 623 2118 262 537 2119 189 622 2120 528 533 2121 262 537 2122 264 623 2123 264 623 2124 208 32 2125 111 499 2126 612 496 2127 264 623 2128 111 499 2129 112 498 2130 264 623 2131 612 496 2132 52 338 2133 163 584 2134 167 592 2135 163 584 2136 52 338 2137 138 617 2138 138 617 2139 318 585 2140 163 584 2141 662 5 2142 238 620 2143 40 619 2144 637 7 2145 238 620 2146 662 5 2147 637 7 2148 48 35 2149 189 622 2150 111 499 2151 208 32 2152 467 33 2153 44 481 2154 467 33 2155 644 26 2156 111 499 2157 467 33 2158 44 481 2159 111 499 2160 44 481 2161 36 480 2162 409 565 2163 408 566 2164 586 583 2165 586 583 2166 408 566 2167 588 567 2168 120 563 2169 266 564 2170 159 589 2171 230 562 2172 120 563 2173 159 589 2174 230 562 2175 317 624 2176 181 625 2177 230 562 2178 181 625 2179 113 538 2180 181 625 2181 263 621 2182 113 538 2183 318 585 2184 263 621 2185 493 626 2186 493 626 2187 263 621 2188 181 625 2189 40 619 2190 318 585 2191 531 618 2192 117 586 2193 493 626 2194 317 624 2195 317 624 2196 493 626 2197 181 625 2198 117 586 2199 317 624 2200 159 589 2201 266 564 2202 165 590 2203 159 589 2204 557 255 2205 559 72 2206 547 69 2207 2 627 2208 559 72 2209 557 255 2210 306 628 2211 267 629 2212 559 72 2213 355 90 2214 445 630 2215 12 86 2216 66 89 2217 12 86 2218 252 631 2219 252 631 2220 200 88 2221 66 89 2222 2 627 2223 364 632 2224 559 72 2225 549 228 2226 557 255 2227 498 230 2228 703 633 2229 2 627 2230 549 228 2231 549 228 2232 447 634 2233 703 633 2234 548 635 2235 549 228 2236 295 636 2237 270 470 2238 269 493 2239 62 471 2240 603 637 2241 270 470 2242 412 638 2243 269 493 2244 270 470 2245 603 637 2246 244 467 2247 437 468 2248 270 470 2249 412 638 2250 437 468 2251 5 639 2252 5 639 2253 437 468 2254 621 640 2255 636 641 2256 273 642 2257 446 643 2258 704 644 2259 352 645 2260 5 639 2261 273 642 2262 373 646 2263 446 643 2264 631 95 2265 636 641 2266 626 93 2267 622 647 2268 626 93 2269 446 643 2270 11 648 2271 622 647 2272 446 643 2273 623 205 2274 622 647 2275 11 648 2276 626 93 2277 623 205 2278 677 97 2279 11 648 2280 239 210 2281 623 205 2282 239 210 2283 697 649 2284 18 208 2285 697 649 2286 239 210 2287 65 650 2288 697 649 2289 659 651 2290 18 208 2291 659 651 2292 365 652 2293 18 208 2294 365 652 2295 659 651 2296 697 649 2297 320 653 2298 365 652 2299 452 654 2300 18 208 2301 320 653 2302 367 206 2303 320 653 2304 358 655 2305 15 198 2306 358 655 2307 393 416 2308 15 198 2309 452 654 2310 451 656 2311 506 422 2312 451 656 2313 619 657 2314 513 658 2315 562 659 2316 561 660 2317 503 661 2318 561 660 2319 619 657 2320 452 654 2321 365 652 2322 561 660 2323 452 654 2324 697 649 2325 561 660 2326 365 652 2327 515 662 2328 239 210 2329 11 648 2330 11 648 2331 86 663 2332 515 662 2333 446 643 2334 704 644 2335 11 648 2336 704 644 2337 86 663 2338 11 648 2339 4 664 2340 495 665 2341 515 662 2342 515 662 2343 495 665 2344 65 650 2345 65 650 2346 495 665 2347 697 649 2348 495 665 2349 561 660 2350 697 649 2351 503 661 2352 495 665 2353 64 458 2354 64 458 2355 496 457 2356 503 661 2357 454 450 2358 496 457 2359 448 453 2360 490 666 2361 496 457 2362 454 450 2363 562 659 2364 490 666 2365 513 658 2366 503 661 2367 490 666 2368 562 659 2369 450 452 2370 490 666 2371 454 450 2372 542 442 2373 513 658 2374 432 445 2375 144 441 2376 513 658 2377 542 442 2378 144 441 2379 451 656 2380 513 658 2381 543 432 2382 506 422 2383 144 441 2384 704 644 2385 1 469 2386 86 663 2387 4 664 2388 1 469 2389 702 463 2390 86 663 2391 1 469 2392 4 664 2393 64 458 2394 4 664 2395 702 463 2396 29 372 2397 248 370 2398 253 667 2399 253 667 2400 279 346 2401 29 372 2402 29 372 2403 279 346 2404 33 358 2405 629 352 2406 674 668 2407 35 669 2408 674 668 2409 574 670 2410 35 669 2411 574 670 2412 632 355 2413 35 669 2414 574 670 2415 638 344 2416 701 356 2417 30 343 2418 638 344 2419 571 671 2420 654 341 2421 30 343 2422 573 672 2423 459 673 2424 492 132 2425 336 134 2426 660 359 2427 492 132 2428 459 673 2429 459 673 2430 336 134 2431 203 139 2432 34 363 2433 203 139 2434 280 149 2435 280 149 2436 101 366 2437 34 363 2438 248 370 2439 101 366 2440 516 151 2441 248 370 2442 516 151 2443 253 667 2444 253 667 2445 516 151 2446 570 152 2447 574 670 2448 570 152 2449 148 153 2450 570 152 2451 574 670 2452 674 668 2453 148 153 2454 571 671 2455 574 670 2456 153 155 2457 571 671 2458 148 153 2459 571 671 2460 573 672 2461 30 343 2462 28 170 2463 668 376 2464 550 156 2465 573 672 2466 668 376 2467 654 341 2468 575 674 2469 708 675 2470 428 316 2471 696 676 2472 575 674 2473 53 677 2474 708 675 2475 575 674 2476 696 676 2477 183 314 2478 497 678 2479 78 679 2480 428 316 2481 497 678 2482 183 314 2483 134 297 2484 348 296 2485 304 680 2486 51 604 2487 304 680 2488 389 681 2489 389 681 2490 649 605 2491 51 604 2492 649 605 2493 676 682 2494 60 683 2495 60 683 2496 676 682 2497 288 607 2498 321 684 2499 487 685 2500 325 686 2501 321 684 2502 324 313 2503 706 687 2504 324 313 2505 321 684 2506 325 686 2507 642 688 2508 324 313 2509 78 679 2510 706 687 2511 324 313 2512 642 688 2513 575 674 2514 692 319 2515 61 612 2516 375 317 2517 136 613 2518 692 319 2519 693 318 2520 130 336 2521 375 317 2522 57 689 2523 471 690 2524 487 685 2525 487 685 2526 166 691 2527 558 692 2528 558 692 2529 166 691 2530 288 607 2531 288 607 2532 635 693 2533 707 608 2534 169 301 2535 374 291 2536 135 270 2537 348 296 2538 479 304 2539 389 681 2540 174 292 2541 479 304 2542 348 296 2543 169 301 2544 479 304 2545 374 291 2546 389 681 2547 260 305 2548 587 694 2549 536 306 2550 260 305 2551 479 304 2552 587 694 2553 260 305 2554 323 307 2555 676 682 2556 587 694 2557 476 695 2558 476 695 2559 587 694 2560 323 307 2561 676 682 2562 476 695 2563 558 692 2564 695 696 2565 497 678 2566 708 675 2567 56 601 2568 485 697 2569 645 616 2570 637 7 2571 662 5 2572 229 4 2573 628 8 2574 229 4 2575 228 9 2576 155 2 2577 465 11 2578 228 9 2579 628 8 2580 228 9 2581 465 11 2582 484 13 2583 465 11 2584 427 1 2585 155 2 2586 427 1 2587 465 11 2588 115 14 2589 464 16 2590 484 13 2591 427 1 2592 396 15 2593 484 13 2594 114 18 2595 385 12 2596 464 16 2597 518 21 2598 114 18 2599 386 17 2600 518 21 2601 118 20 2602 554 22 2603 482 24 2604 75 23 2605 554 22 2606 242 28 2607 644 26 2608 482 24 2609 242 28 2610 687 29 2611 644 26 2612 205 30 2613 44 481 2614 644 26 2615 75 23 2616 644 26 2617 508 31 2618 644 26 2619 467 33 2620 508 31 2621 518 21 2622 508 31 2623 507 34 2624 81 40 2625 687 29 2626 242 28 2627 82 36 2628 242 28 2629 444 27 2630 81 40 2631 250 48 2632 563 39 2633 670 42 2634 236 46 2635 691 47 2636 236 46 2637 563 39 2638 250 48 2639 691 47 2640 250 48 2641 354 49 2642 81 40 2643 291 52 2644 354 49 2645 82 36 2646 67 51 2647 291 52 2648 499 53 2649 254 37 2650 488 54 2651 90 43 2652 691 47 2653 190 50 2654 357 61 2655 201 82 2656 478 60 2657 357 61 2658 311 63 2659 201 82 2660 407 62 2661 201 82 2662 311 63 2663 357 61 2664 190 50 2665 298 66 2666 509 71 2667 547 69 2668 504 68 2669 0 55 2670 489 70 2671 499 53 2672 298 66 2673 67 51 2674 499 53 2675 12 86 2676 379 74 2677 547 69 2678 434 73 2679 12 86 2680 547 69 2681 366 75 2682 22 64 2683 311 63 2684 22 64 2685 296 76 2686 353 79 2687 88 80 2688 353 79 2689 296 76 2690 22 64 2691 353 79 2692 407 62 2693 201 82 2694 89 83 2695 297 84 2696 90 43 2697 297 84 2698 394 85 2699 296 76 2700 66 89 2701 565 87 2702 296 76 2703 366 75 2704 66 89 2705 85 698 2706 227 92 2707 200 88 2708 19 77 2709 200 88 2710 647 94 2711 626 93 2712 694 96 2713 19 77 2714 677 97 2715 87 78 2716 694 96 2717 599 81 2718 88 80 2719 589 98 2720 89 83 2721 326 100 2722 606 101 2723 89 83 2724 606 101 2725 394 85 2726 256 104 2727 394 85 2728 278 103 2729 455 44 2730 256 104 2731 21 107 2732 142 105 2733 21 107 2734 256 104 2735 416 106 2736 177 108 2737 21 107 2738 177 108 2739 16 129 2740 648 109 2741 94 110 2742 520 111 2743 278 103 2744 546 123 2745 142 105 2746 520 111 2747 94 110 2748 546 123 2749 520 111 2750 546 123 2751 481 114 2752 142 105 2753 146 115 2754 102 112 2755 292 113 2756 143 99 2757 20 118 2758 312 116 2759 272 121 2760 222 117 2761 377 119 2762 312 116 2763 377 119 2764 222 117 2765 94 110 2766 544 102 2767 222 117 2768 219 120 2769 94 110 2770 222 117 2771 481 114 2772 457 124 2773 146 115 2774 98 122 2775 94 110 2776 219 120 2777 492 132 2778 431 133 2779 523 131 2780 102 112 2781 336 134 2782 492 132 2783 336 134 2784 463 127 2785 331 135 2786 463 127 2787 146 115 2788 223 126 2789 462 125 2790 204 136 2791 223 126 2792 98 122 2793 334 137 2794 462 125 2795 99 141 2796 380 140 2797 524 193 2798 24 138 2799 380 140 2800 151 143 2801 314 144 2802 372 147 2803 313 146 2804 280 149 2805 203 139 2806 313 146 2807 313 146 2808 282 148 2809 280 149 2810 516 151 2811 280 149 2812 283 150 2813 148 153 2814 570 152 2815 283 150 2816 109 157 2817 153 155 2818 419 154 2819 107 159 2820 369 145 2821 151 143 2822 107 159 2823 151 143 2824 480 160 2825 107 159 2826 330 161 2827 429 158 2828 330 161 2829 460 164 2830 332 162 2831 149 163 2832 332 162 2833 460 164 2834 330 161 2835 480 160 2836 460 164 2837 480 160 2838 105 142 2839 381 165 2840 105 142 2841 99 141 2842 371 166 2843 108 173 2844 332 162 2845 410 174 2846 25 179 2847 611 175 2848 410 174 2849 410 174 2850 399 176 2851 624 177 2852 371 166 2853 402 180 2854 399 176 2855 145 181 2856 71 167 2857 604 182 2858 591 184 2859 275 183 2860 667 185 2861 309 178 2862 402 180 2863 337 188 2864 95 191 2865 299 190 2866 337 188 2867 402 180 2868 145 181 2869 591 184 2870 524 193 2871 456 194 2872 522 168 2873 275 183 2874 605 195 2875 667 185 2876 657 197 2877 388 201 2878 663 199 2879 143 99 2880 625 203 2881 391 202 2882 88 80 2883 677 97 2884 673 204 2885 367 206 2886 663 199 2887 630 207 2888 18 208 2889 630 207 2890 274 209 2891 18 208 2892 274 209 2893 673 204 2894 272 121 2895 377 119 2896 388 201 2897 415 213 2898 219 120 2899 272 121 2900 24 138 2901 98 122 2902 219 120 2903 596 214 2904 522 168 2905 456 194 2906 596 214 2907 605 195 2908 604 182 2909 657 197 2910 605 195 2911 596 214 2912 218 212 2913 596 214 2914 415 213 2915 511 699 2916 295 636 2917 38 227 2918 510 215 2919 511 699 2920 38 227 2921 119 218 2922 510 215 2923 38 227 2924 641 226 2925 525 217 2926 564 216 2927 666 221 2928 235 220 2929 641 226 2930 607 222 2931 666 221 2932 633 223 2933 666 221 2934 564 216 2935 210 225 2936 119 218 2937 210 225 2938 564 216 2939 38 227 2940 295 636 2941 549 228 2942 231 231 2943 680 234 2944 300 232 2945 597 242 2946 316 239 2947 669 238 2948 633 223 2949 597 242 2950 37 241 2951 315 243 2952 42 224 2953 210 225 2954 38 227 2955 301 59 2956 119 218 2957 362 56 2958 339 229 2959 488 54 2960 41 58 2961 614 245 2962 613 57 2963 43 247 2964 406 244 2965 614 245 2966 43 247 2967 424 248 2968 577 246 2969 315 243 2970 517 250 2971 341 249 2972 39 252 2973 699 253 2974 491 236 2975 439 254 2976 699 253 2977 39 252 2978 231 231 2979 491 236 2980 699 253 2981 122 262 2982 231 231 2983 439 254 2984 118 20 2985 41 58 2986 362 56 2987 421 256 2988 404 19 2989 43 247 2990 43 247 2991 115 14 2992 505 257 2993 157 251 2994 517 250 2995 505 257 2996 396 15 2997 441 258 2998 39 252 2999 39 252 3000 441 258 3001 405 259 3002 287 260 3003 405 259 3004 441 258 3005 405 259 3006 209 261 3007 439 254 3008 285 265 3009 122 262 3010 209 261 3011 425 264 3012 579 263 3013 126 266 3014 209 261 3015 162 288 3016 285 265 3017 162 288 3018 387 268 3019 285 265 3020 161 267 3021 80 273 3022 160 272 3023 535 279 3024 160 272 3025 347 276 3026 123 275 3027 555 281 3028 535 279 3029 423 282 3030 45 283 3031 680 234 3032 45 283 3033 423 282 3034 535 279 3035 50 280 3036 529 286 3037 535 279 3038 116 3 3039 422 287 3040 287 260 3041 576 299 3042 162 288 3043 422 287 3044 346 290 3045 135 270 3046 212 269 3047 345 274 3048 126 266 3049 135 270 3050 80 273 3051 345 274 3052 374 291 3053 80 273 3054 174 292 3055 310 293 3056 174 292 3057 690 294 3058 310 293 3059 174 292 3060 348 296 3061 690 294 3062 116 3 3063 576 299 3064 422 287 3065 346 290 3066 538 302 3067 135 270 3068 129 303 3069 536 306 3070 479 304 3071 323 307 3072 536 306 3073 184 310 3074 390 323 3075 602 309 3076 539 308 3077 584 322 3078 170 311 3079 184 310 3080 182 315 3081 168 312 3082 170 311 3083 168 312 3084 476 695 3085 323 307 3086 325 686 3087 476 695 3088 324 313 3089 168 312 3090 324 313 3091 476 695 3092 692 319 3093 428 316 3094 182 315 3095 170 311 3096 289 320 3097 182 315 3098 175 321 3099 584 322 3100 390 323 3101 172 325 3102 390 323 3103 539 308 3104 169 301 3105 538 302 3106 356 324 3107 127 300 3108 538 302 3109 346 290 3110 213 328 3111 390 323 3112 172 325 3113 172 325 3114 356 324 3115 199 330 3116 486 327 3117 534 331 3118 172 325 3119 486 327 3120 468 333 3121 534 331 3122 175 321 3123 214 335 3124 693 318 3125 175 321 3126 213 328 3127 214 335 3128 468 333 3129 656 329 3130 534 331 3131 468 333 3132 483 332 3133 578 6 3134 483 332 3135 180 10 3136 578 6 3137 228 9 3138 180 10 3139 155 2 3140 580 340 3141 155 2 3142 180 10 3143 342 298 3144 116 3 3145 197 326 3146 470 334 3147 116 3 3148 580 340 3149 654 341 3150 665 700 3151 655 701 3152 682 349 3153 679 702 3154 683 350 3155 259 703 3156 679 702 3157 33 358 3158 682 349 3159 33 358 3160 679 702 3161 33 358 3162 653 345 3163 259 703 3164 33 358 3165 279 346 3166 653 345 3167 225 351 3168 610 348 3169 191 373 3170 32 374 3171 191 373 3172 224 704 3173 32 374 3174 224 704 3175 442 705 3176 329 357 3177 29 372 3178 33 358 3179 110 360 3180 431 133 3181 660 359 3182 685 369 3183 640 367 3184 101 366 3185 420 371 3186 685 369 3187 248 370 3188 29 372 3189 651 385 3190 420 371 3191 329 357 3192 651 385 3193 29 372 3194 442 705 3195 31 375 3196 32 374 3197 569 378 3198 147 396 3199 368 427 3200 595 361 3201 104 364 3202 368 427 3203 569 378 3204 368 427 3205 104 364 3206 104 364 3207 400 365 3208 592 377 3209 70 379 3210 592 377 3211 401 380 3212 401 380 3213 106 368 3214 475 382 3215 572 384 3216 475 382 3217 420 371 3218 106 368 3219 420 371 3220 475 382 3221 651 385 3222 226 386 3223 572 384 3224 461 387 3225 593 388 3226 572 384 3227 150 383 3228 572 384 3229 593 388 3230 382 390 3231 150 383 3232 593 388 3233 664 391 3234 609 392 3235 594 381 3236 70 379 3237 609 392 3238 568 393 3239 152 394 3240 281 395 3241 569 378 3242 28 170 3243 32 374 3244 668 376 3245 684 399 3246 28 170 3247 193 169 3248 333 389 3249 461 387 3250 684 399 3251 333 389 3252 684 399 3253 688 400 3254 26 171 3255 688 400 3256 684 399 3257 103 401 3258 681 403 3259 335 402 3260 25 179 3261 664 391 3262 335 402 3263 202 408 3264 281 395 3265 100 405 3266 309 178 3267 398 410 3268 624 177 3269 675 404 3270 624 177 3271 398 410 3272 327 417 3273 240 413 3274 202 408 3275 453 421 3276 327 417 3277 671 420 3278 13 186 3279 14 187 3280 453 421 3281 661 415 3282 221 414 3283 453 421 3284 14 187 3285 627 196 3286 393 416 3287 506 422 3288 418 423 3289 221 414 3290 176 433 3291 277 412 3292 418 423 3293 176 433 3294 141 411 3295 277 412 3296 92 424 3297 290 398 3298 257 407 3299 147 396 3300 328 397 3301 458 428 3302 147 396 3303 458 428 3304 368 427 3305 69 426 3306 595 361 3307 368 427 3308 23 128 3309 431 133 3310 110 360 3311 370 430 3312 17 130 3313 110 360 3314 176 433 3315 92 424 3316 141 411 3317 276 435 3318 392 436 3319 417 437 3320 392 436 3321 414 438 3322 417 437 3323 414 438 3324 370 430 3325 413 439 3326 93 431 3327 413 439 3328 370 430 3329 397 440 3330 93 431 3331 69 426 3332 397 440 3333 69 426 3334 458 428 3335 397 440 3336 92 424 3337 276 435 3338 93 431 3339 276 435 3340 417 437 3341 211 434 3342 144 441 3343 542 442 3344 140 446 3345 370 430 3346 414 438 3347 140 446 3348 477 444 3349 514 448 3350 139 449 3351 514 448 3352 432 445 3353 454 450 3354 139 449 3355 432 445 3356 448 453 3357 496 457 3358 494 456 3359 9 459 3360 305 461 3361 494 456 3362 502 462 3363 9 459 3364 307 460 3365 64 458 3366 702 463 3367 307 460 3368 237 465 3369 411 466 3370 305 461 3371 244 467 3372 702 463 3373 1 469 3374 502 462 3375 244 467 3376 270 470 3377 83 475 3378 411 466 3379 241 472 3380 83 475 3381 618 473 3382 411 466 3383 10 455 3384 512 464 3385 678 38 3386 247 454 3387 10 455 3388 678 38 3389 430 451 3390 236 46 3391 139 449 3392 236 46 3393 620 45 3394 139 449 3395 139 449 3396 620 45 3397 255 447 3398 21 107 3399 648 109 3400 255 447 3401 16 129 3402 17 130 3403 140 446 3404 618 473 3405 545 474 3406 205 30 3407 435 476 3408 241 472 3409 62 471 3410 433 479 3411 443 477 3412 84 492 3413 205 30 3414 560 482 3415 44 481 3416 205 30 3417 545 474 3418 560 482 3419 83 475 3420 435 476 3421 500 483 3422 63 478 3423 500 483 3424 435 476 3425 501 486 3426 63 478 3427 436 487 3428 243 490 3429 217 489 3430 436 487 3431 269 493 3432 215 706 3433 84 492 3434 294 494 3435 438 502 3436 3 485 3437 560 482 3438 395 484 3439 566 495 3440 3 485 3441 566 495 3442 395 484 3443 36 480 3444 552 497 3445 612 496 3446 3 485 3447 438 502 3448 566 495 3449 294 494 3450 73 501 3451 438 502 3452 7 503 3453 294 494 3454 188 504 3455 293 488 3456 308 506 3457 188 504 3458 217 489 3459 6 507 3460 293 488 3461 294 494 3462 7 503 3463 73 501 3464 185 512 3465 8 505 3466 350 508 3467 185 512 3468 350 508 3469 349 510 3470 245 509 3471 185 512 3472 349 510 3473 7 503 3474 551 515 3475 261 516 3476 72 517 3477 526 519 3478 261 516 3479 206 518 3480 195 520 3481 261 516 3482 526 519 3483 338 521 3484 206 518 3485 207 523 3486 186 522 3487 187 524 3488 249 514 3489 245 509 3490 251 526 3491 607 222 3492 251 526 3493 245 509 3494 245 509 3495 271 528 3496 607 222 3497 246 219 3498 607 222 3499 271 528 3500 72 517 3501 551 515 3502 249 514 3503 249 514 3504 251 526 3505 553 240 3506 72 517 3507 249 514 3508 553 240 3509 553 240 3510 74 237 3511 567 529 3512 47 233 3513 338 521 3514 384 530 3515 74 237 3516 47 233 3517 384 530 3518 338 521 3519 300 232 3520 186 522 3521 46 235 3522 186 522 3523 300 232 3524 46 235 3525 45 283 3526 652 284 3527 73 501 3528 195 520 3529 361 500 3530 112 498 3531 552 497 3532 361 500 3533 195 520 3534 207 523 3535 527 532 3536 207 523 3537 532 535 3538 265 534 3539 113 538 3540 262 537 3541 265 534 3542 230 562 3543 113 538 3544 158 536 3545 158 536 3546 532 535 3547 187 524 3548 76 540 3549 158 536 3550 284 539 3551 179 543 3552 178 541 3553 286 525 3554 154 285 3555 643 544 3556 652 284 3557 49 545 3558 403 546 3559 643 544 3560 49 545 3561 440 547 3562 403 546 3563 125 548 3564 196 550 3565 598 549 3566 54 278 3567 347 276 3568 344 551 3569 474 554 3570 469 552 3571 344 551 3572 120 563 3573 156 561 3574 533 559 3575 530 542 3576 156 561 3577 178 541 3578 340 556 3579 530 542 3580 179 543 3581 530 542 3582 340 556 3583 466 557 3584 128 555 3585 124 558 3586 469 552 3587 124 558 3588 533 559 3589 466 557 3590 530 542 3591 466 557 3592 533 559 3593 178 541 3594 120 563 3595 76 540 3596 164 560 3597 266 564 3598 533 559 3599 164 560 3600 124 558 3601 408 566 3602 303 568 3603 133 569 3604 322 553 3605 59 295 3606 302 573 3607 303 568 3608 132 572 3609 268 571 3610 303 568 3611 173 576 3612 585 579 3613 472 577 3614 686 575 3615 472 577 3616 601 574 3617 583 581 3618 617 580 3619 473 570 3620 79 582 3621 588 567 3622 617 580 3623 588 567 3624 474 554 3625 617 580 3626 77 588 3627 165 590 3628 234 591 3629 167 592 3630 234 591 3631 519 593 3632 79 582 3633 616 595 3634 586 583 3635 519 593 3636 586 583 3637 616 595 3638 616 595 3639 583 581 3640 137 597 3641 171 578 3642 137 597 3643 583 581 3644 363 599 3645 600 598 3646 585 579 3647 56 601 3648 233 611 3649 232 600 3650 649 605 3651 60 683 3652 686 575 3653 173 576 3654 686 575 3655 60 683 3656 288 607 3657 582 602 3658 60 683 3659 173 576 3660 60 683 3661 582 602 3662 582 602 3663 288 607 3664 634 606 3665 709 610 3666 646 609 3667 582 602 3668 233 611 3669 56 601 3670 645 616 3671 232 600 3672 61 612 3673 363 599 3674 136 613 3675 698 614 3676 363 599 3677 198 615 3678 537 596 3679 130 336 3680 319 707 3681 53 677 3682 645 616 3683 61 612 3684 645 616 3685 53 677 3686 263 621 3687 318 585 3688 238 620 3689 262 537 3690 263 621 3691 189 622 3692 189 622 3693 208 32 3694 264 623 3695 112 498 3696 528 533 3697 264 623 3698 163 584 3699 343 587 3700 77 588 3701 167 592 3702 163 584 3703 77 588 3704 138 617 3705 531 618 3706 318 585 3707 189 622 3708 238 620 3709 637 7 3710 637 7 3711 628 8 3712 48 35 3713 48 35 3714 507 34 3715 189 622 3716 208 32 3717 189 622 3718 507 34 3719 165 590 3720 164 560 3721 409 565 3722 165 590 3723 266 564 3724 164 560 3725 159 589 3726 317 624 3727 230 562 3728 117 586 3729 318 585 3730 493 626 3731 159 589 3732 343 587 3733 117 586 3734 434 73 3735 559 72 3736 267 629 3737 445 630 3738 252 631 3739 12 86 3740 66 89 3741 366 75 3742 12 86 3743 85 698 3744 200 88 3745 252 631 3746 306 628 3747 559 72 3748 364 632 3749 549 228 3750 2 627 3751 557 255 3752 548 635 3753 447 634 3754 549 228 3755 269 493 3756 603 637 3757 215 706 3758 412 638 3759 270 470 3760 437 468 3761 1 469 3762 621 640 3763 437 468 3764 704 644 3765 5 639 3766 621 640 3767 446 643 3768 373 646 3769 352 645 3770 626 93 3771 636 641 3772 446 643 3773 626 93 3774 622 647 3775 623 205 3776 15 198 3777 367 206 3778 320 653 3779 18 208 3780 365 652 3781 320 653 3782 506 422 3783 358 655 3784 452 654 3785 320 653 3786 452 654 3787 358 655 3788 393 416 3789 358 655 3790 506 422 3791 452 654 3792 619 657 3793 451 656 3794 513 658 3795 619 657 3796 562 659 3797 561 660 3798 562 659 3799 619 657 3800 65 650 3801 239 210 3802 515 662 3803 446 643 3804 352 645 3805 704 644 3806 515 662 3807 86 663 3808 4 664 3809 4 664 3810 64 458 3811 495 665 3812 495 665 3813 503 661 3814 561 660 3815 503 661 3816 496 457 3817 490 666 3818 432 445 3819 513 658 3820 450 452 3821 490 666 3822 450 452 3823 513 658 3824 144 441 3825 506 422 3826 451 656 3827 621 640 3828 1 469 3829 704 644 3830 279 346 3831 253 667 3832 674 668 3833 570 152 3834 674 668 3835 253 667 3836 700 347 3837 279 346 3838 629 352 3839 279 346 3840 674 668 3841 629 352 3842 701 356 3843 632 355 3844 574 670 3845 574 670 3846 571 671 3847 638 344 3848 34 363 3849 660 359 3850 459 673 3851 34 363 3852 459 673 3853 203 139 3854 280 149 3855 516 151 3856 101 366 3857 571 671 3858 153 155 3859 573 672 3860 550 156 3861 573 672 3862 153 155 3863 550 156 3864 668 376 3865 573 672 3866 654 341 3867 668 376 3868 665 700 3869 668 376 3870 31 375 3871 665 700 3872 61 612 3873 53 677 3874 575 674 3875 428 316 3876 708 675 3877 497 678 3878 389 681 3879 304 680 3880 348 296 3881 587 694 3882 649 605 3883 389 681 3884 587 694 3885 676 682 3886 649 605 3887 288 607 3888 676 682 3889 558 692 3890 325 686 3891 487 685 3892 558 692 3893 57 689 3894 487 685 3895 321 684 3896 183 314 3897 78 679 3898 324 313 3899 428 316 3900 692 319 3901 575 674 3902 61 612 3903 692 319 3904 136 613 3905 136 613 3906 375 317 3907 130 336 3908 487 685 3909 471 690 3910 166 691 3911 288 607 3912 166 691 3913 635 693 3914 174 292 3915 374 291 3916 479 304 3917 389 681 3918 479 304 3919 260 305 3920 558 692 3921 476 695 3922 325 686 3923 706 687 3924 642 688 3925 705 708 3926 319 707 3927 645 616 3928 485 697 3929 56 601 3930 646 609 3931 485 697 3932</p>
        </triangles>
      </mesh>
    </geometry>
  </library_geometries>
  <library_controllers>
    <controller id="GanondorfRig_GanondorfPants_LOD1-skin" name="GanondorfRig">
      <skin source="#GanondorfPants_LOD1-mesh">
        <bind_shape_matrix>1 0 0 0 0 1 0 0 0 0 1 0 0 0 0 1</bind_shape_matrix>
        <source id="GanondorfRig_GanondorfPants_LOD1-skin-joints">
          <Name_array id="GanondorfRig_GanondorfPants_LOD1-skin-joints-array" count="11">mPelvis PELVIS BUTT mHipRight mHipLeft R_UPPER_LEG mKneeRight R_LOWER_LEG L_UPPER_LEG mKneeLeft L_LOWER_LEG</Name_array>
          <technique_common>
            <accessor source="#GanondorfRig_GanondorfPants_LOD1-skin-joints-array" count="11" stride="1">
              <param name="JOINT" type="name"/>
            </accessor>
          </technique_common>
        </source>
        <source id="GanondorfRig_GanondorfPants_LOD1-skin-bind_poses">
          <float_array id="GanondorfRig_GanondorfPants_LOD1-skin-bind_poses-array" count="176">1 0 0 0 0 1 0 0 0 0 1 -1.067 0 0 0 1 1 0 0 0.00999999 0 1 0 0 0 0 1 -1.047 0 0 0 1 1 0 0 0.06 0 1 0 0 0 0 1 -0.967 0 0 0 1 1 0 0 -0.03399997 0 1 0 0.129 0 0 1 -1.026 0 0 0 1 1 0 0 -0.03399997 0 1 0 -0.127 0 0 1 -1.026 0 0 0 1 1 0 0 -0.01399999 0 1 0 0.07899999 0 0 1 -0.806 0 0 0 1 1 0 0 -0.03299999 0 1 0 0.07999998 0 0 1 -0.535 0 0 0 1 1 0 0 -0.01299995 0 1 0 0.07999998 0 0 1 -0.335 0 0 0 1 1 0 0 -0.01399999 0 1 0 -0.07699996 0 0 1 -0.806 0 0 0 1 1 0 0 -0.03299999 0 1 0 -0.08099997 0 0 1 -0.535 0 0 0 1 1 0 0 -0.01299995 0 1 0 -0.08099997 0 0 1 -0.335 0 0 0 1</float_array>
          <technique_common>
            <accessor source="#GanondorfRig_GanondorfPants_LOD1-skin-bind_poses-array" count="11" stride="16">
              <param name="TRANSFORM" type="float4x4"/>
            </accessor>
          </technique_common>
        </source>
        <source id="GanondorfRig_GanondorfPants_LOD1-skin-weights">
          <float_array id="GanondorfRig_GanondorfPants_LOD1-skin-weights-array" count="1959">0.5 0.5 0.2042987 0.5 0.2957013 0.5 0.5 0.1221874 0.5 0.3778125 0.15412 0.4974753 0.3433553 0.005049228 0.4677208 0.5 0.03227925 0.4594072 0.5 0.04059273 0.1517227 0.4968846 0.3451618 0.00623089 0.1930579 0.5 0.3069421 0.1247375 0.5 0.3752624 0.2771857 0.4732757 0.1679626 0.08157598 0.2175763 0.4636398 0.2460634 0.0727204 0.144784 0.144784 0.3552159 0.3552159 0.5 0.5 0.5 0.5 0.5 0.5 0.5 0.5 0.5 0.5 0.02457934 0.02457934 0.4754207 0.4754207 0.5 0.5 0.5 0.5 0.5 0.5 0.5 0.5 0.4522231 0.4522231 0.04777693 0.04777693 0.1668974 0.1668974 0.3331025 0.3331025 0.5 0.5 0.5 0.5 0.5 0.5 0.5 0.5 0.5 0.5 0.5 0.5 0.5 0.5 0.5 0.5 0.5 0.5 0.5 0.5 0.5 0.5 0.2711071 0.4741812 0.1851653 0.06954628 0.09270966 0.09270966 0.4072903 0.4072903 0.1957904 0.1957904 0.3042097 0.3042097 0.5 0.5 0.5 0.5 0.5 0.5 0.5 0.5 0.5 0.5 0.1060321 0.1827389 0.3650742 0.3461547 0.5 0.5 0.5 0.5 0.01685631 0.01685631 0.4831436 0.4831436 0.5 0.5 0.5 0.5 0.5 0.5 0.5 0.5 0.005304455 0.005304455 0.4946955 0.4946955 0.5 0.5 0.5 0.5 0.5 0.5 0.5 0.5 0.5 0.5 0.5 0.5 0.5 0.5 0.5 0.5 0.5 0.5 0.2722824 0.5 0.2277176 0.1947136 0.5000001 0.3052864 0.3014146 0.4047678 0.1530576 0.1407599 0.2917259 0.3813784 0.1634478 0.1634478 0.5 0.5 0.3025233 0.3025233 0.1974766 0.1974766 0.5 0.5 0.1342576 0.1342576 0.3657423 0.3657423 0.5 0.5 0.08980697 0.08980697 0.410193 0.410193 0.2917258 0.3813782 0.1634479 0.1634479 0.3011923 0.4011487 0.1543466 0.1433123 0.07071799 0.07071799 0.429282 0.429282 0.5 0.5 0.5 0.5 0.09048283 0.09048283 0.4095171 0.4095171 0.5 0.5 0.5 0.5 0.001492798 0.001492798 0.4985072 0.4985072 0.5 0.5 0.5 0.5 0.1116546 0.5 0.3883454 0.4560077 0.5000001 0.04399234 0.4240021 0.4240021 0.07599782 0.07599782 0.1496431 0.485837 0.3361938 0.02832597 0.01851809 0.01851809 0.4814819 0.4814819 0.5 0.5 0.5 0.5 0.5 0.5 0.5 0.5 0.5 0.5 0.4345416 0.4345416 0.06545841 0.06545841 0.4971409 0.4971409 0.002859055 0.002859055 0.25 0.25 0.25 0.25 0.3704701 0.3704701 0.1295298 0.1295298 0.25 0.25 0.25 0.25 0.2132725 0.2132725 0.2867274 0.2867274 0.02789646 0.02789646 0.4721035 0.4721035 0.05167514 0.05167514 0.4483248 0.4483248 0.5 0.5 0.1178727 0.1178727 0.3821273 0.3821273 0.5 0.5 0.5 0.5 0.5 0.5 0.5 0.5 0.5 0.5 0.5 0.5 0.5 0.5 0.1036881 0.1036881 0.3963118 0.3963118 0.1668503 0.1937587 0.3196954 0.3196954 0.0999999 0.0999999 0.4000001 0.4000001 0.5 0.5 0.5 0.5 0.5 0.5 0.493745 0.493745 0.006254971 0.006254971 0.482963 0.482963 0.01703703 0.01703703 0.5 0.5 5.80389e-4 5.80389e-4 0.4994196 0.4994196 0.5 0.5 0.2808367 0.2808367 0.2191633 0.2191633 0.5 0.5 0.25 0.25 0.25 0.25 0.2128083 0.2128083 0.2871916 0.2871916 0.25 0.25 0.25 0.25 0.183467 0.183467 0.316533 0.316533 0.04430675 0.04430675 0.4556932 0.4556932 0.03672134 0.03672134 0.4632786 0.4632786 0.5 0.5 0.5 0.5 0.5 0.5 0.5 0.5 0.5 0.5 0.5 0.5 0.009640872 0.009640872 0.4903591 0.4903591 0.5 0.5 0.5 0.5 0.1174307 0.1174307 0.3825693 0.3825693 0.005362033 0.005362033 0.4946379 0.4946379 0.5 0.5 0.5 0.5 0.5 0.5 0.5 0.5 0.5 0.5 0.164124 0.164124 0.3358759 0.3358759 0.06924068 0.06924068 0.4307593 0.4307593 0.04596728 0.04596728 0.4540327 0.4540327 0.5 0.5 0.5 0.5 0.5 0.5 0.5 0.5 0.5 0.5 0.5 0.5 0.5 0.5 0.5 0.5 0.5 0.5 0.5 0.5 0.5 0.5 0.3800495 0.3800495 0.1199504 0.1199504 0.1103088 0.1103088 0.3896912 0.3896912 0.3058436 0.3058436 0.1941564 0.1941564 0.4811954 0.4811954 0.0188046 0.0188046 0.1571518 0.1571518 0.3428481 0.3428481 0.2063753 0.2063753 0.2936246 0.2936246 0.09847867 0.09847867 0.4015213 0.4015213 0.5 0.5 0.5 0.5 0.5 0.5 0.5 0.5 0.5 0.5 0.5 0.5 0.5 0.5 0.5 0.5 0.5 0.5 0.5 0.5 0.5 0.5 0.4911208 0.4911208 0.008879184 0.008879184 0.5 0.5 0.5 0.5 0.5 0.5 0.5 0.5 0.5 0.5 0.5 0.5 0.5 0.5 0.2593917 0.5 0.2406083 0.01872181 0.01872181 0.4812782 0.4812782 0.01407706 0.01407706 0.4859229 0.4859229 0.2271896 0.5 0.2728103 0.5 0.5 0.5 0.5 0.5 0.5 0.5 0.5 0.5 0.5 0.1441398 0.4892682 0.3451284 0.02146357 0.1634747 0.1884956 0.3240148 0.3240148 0.125 0.125 0.375 0.375 0.1794164 0.1794164 0.3205836 0.3205836 0.5 0.5 0.0170775 0.0170775 0.4829224 0.4829224 0.1139832 0.1139832 0.3860167 0.3860167 0.5 0.5 0.1438704 0.1438704 0.3561295 0.3561295 0.5 0.5 0.006771326 0.006771326 0.4932286 0.4932286 0.1662842 0.2651981 0.2842588 0.2842588 0.08369243 0.08369243 0.4163075 0.4163075 0.07166707 0.07166707 0.4283329 0.4283329 0.5 0.5 0.5 0.5 0.5 0.5 0.5 0.5 0.2798061 0.2798061 0.2201939 0.2201939 0.5 0.5 0.5 0.5 0.4070194 0.5 0.0929805 0.4898793 0.5 0.0101208 0.4549658 0.5 0.04503417 0.5 0.5 0.4943117 0.4943117 0.005688309 0.005688309 0.5 0.5 0.5 0.5 0.5 0.5 0.04978644 0.04978644 0.4502136 0.4502136 0.5 0.5 0.5 0.5 0.5 0.5 0.407763 0.407763 0.09223705 0.09223705 0.5 0.5 0.5 0.5 0.5 0.5 0.5 0.5 0.5 0.5 0.5 0.5 0.02337187 0.02337187 0.4766281 0.4766281 0.4166667 0.4166667 0.08333331 0.08333331 0.5 0.5 0.1443402 0.5 0.3556598 0.5 0.5 0.1257579 0.1463374 0.3646527 0.3632519 0.3866637 0.3866637 0.1133363 0.1133363 0.1750657 0.5 0.3249343 0.5 0.5 0.430511 0.5 0.069489 0.2639747 0.5 0.2360253 0.2799077 0.4795361 0.1996284 0.04092776 0.5 0.5 0.1649578 0.191561 0.3217406 0.3217406 0.5 0.5 0.1884409 0.4556965 0.2577286 0.09813398 0.04295849 0.04295849 0.4570415 0.4570415 0.1823043 0.2912631 0.3127422 0.2136905 0.4142715 0.4142715 0.0857284 0.0857284 0.5 0.5 0.5 0.5 0.5 0.5 0.5 0.5 0.3456856 0.3456856 0.1543144 0.1543144 0.08630949 0.08630949 0.4136905 0.4136905 0.5 0.5 0.5 0.5 0.2690941 0.3415468 0.1946795 0.1946795 0.02055704 0.02055704 0.479443 0.479443 0.5 0.5 0.02710044 0.02710044 0.4728995 0.4728995 0.03284847 0.03284847 0.4671515 0.4671515 0.3405488 0.3405488 0.1594511 0.1594511 0.5 0.5 0.5 0.5 0.3253988 0.5 0.1746012 0.3441498 0.5 0.1558502 0.4921916 0.5 0.007808387 0.5 0.5 0.4898793 0.5 0.01012068 0.01749664 0.01749664 0.4825034 0.4825034 0.4654583 0.4654583 0.03454166 0.03454166 0.5 0.5 0.5 0.5 0.5 0.5 0.5 0.5 0.5 0.5 0.05745697 0.05745697 0.442543 0.442543 0.5 0.5 0.5 0.5 0.5 0.5 0.5 0.5 0.5 0.5 0.5 0.5 0.5 0.5 0.5 0.5 0.3032706 0.3032706 0.1967293 0.1967293 0.4812878 0.4812878 0.01871216 0.01871216 0.4700683 0.4700683 0.02993172 0.02993172 0.4203166 0.5 0.07968342 0.1332709 0.5 0.366729 0.5 0.5 0.5 0.5 0.5 0.5 0.02272272 0.02272272 0.4772773 0.4772773 0.125 0.125 0.375 0.375 0.004724681 0.004724681 0.4952753 0.4952753 0.02794164 0.02794164 0.4720583 0.4720583 0.5 0.5 0.5 0.5 0.5 0.5 0.158178 0.4939764 0.3357984 0.01204717 0.5 0.5 0.2301018 0.4830327 0.220981 0.06588447 0.3648236 0.5 0.1351763 0.5 0.5 0.5 0.5 0.5 0.5 0.5 0.5 0.5 0.5 0.5 0.5 0.5 0.5 0.5 0.5 0.5 0.5 0.4709028 0.4709028 0.02909719 0.02909719 0.5 0.5 0.01716876 0.01716876 0.4828312 0.4828312 0.5 0.5 0.5 0.5 0.5 0.5 0.5 0.5 0.5 0.5 0.5 0.5 0.1803388 0.1803388 0.3196612 0.3196612 0.2434142 0.2434142 0.2565858 0.2565858 0.5 0.5 0.5 0.5 0.5 0.5 0.5 0.5 0.5 0.5 0.0186277 0.0186277 0.4813723 0.4813723 0.5 0.5 0.5 0.5 0.05263644 0.05263644 0.4473635 0.4473635 0.05345362 0.05345362 0.4465464 0.4465464 0.2838248 0.2838248 0.2161751 0.2161751 0.5 0.5 0.5 0.5 0.2245367 0.2245367 0.2754632 0.2754632 0.296079 0.296079 0.2039209 0.2039209 0.04550004 0.04550004 0.4545 0.4545 0.005521178 0.005521178 0.4944788 0.4944788 0.0486949 0.0486949 0.451305 0.451305 0.04082012 0.04082012 0.4591798 0.4591798 0.5 0.5 0.4182354 0.5 0.08176451 0.4669436 0.5 0.03305637 0.4061268 0.5 0.0938732 0.4181389 0.5 0.08186107 0.5 0.5 0.02905541 0.02905541 0.4709446 0.4709446 0.5 0.5 0.5 0.5 0.5 0.5 0.5 0.5 0.5 0.5 0.5 0.5 0.1847265 0.2298051 0.2927342 0.2927342 0.1171315 0.1171315 0.3828685 0.3828685 0.5 0.5 0.5 0.5 0.0510711 0.0510711 0.4489288 0.4489288 0.002326369 0.002326369 0.4976736 0.4976736 0.5 0.5 0.02670598 0.02670598 0.473294 0.473294 0.5 0.5 0.3347793 0.3347793 0.1652207 0.1652207 0.5 0.5 0.5 0.5 0.4490902 0.5 0.05090975 0.5 0.5 0.5 0.5 0.3722484 0.3722484 0.1277515 0.1277515 0.5 0.5 0.1350299 0.1350299 0.3649701 0.3649701 0.03737699 0.03737699 0.462623 0.462623 0.5 0.5 0.5 0.5 0.5 0.5 0.5 0.5 0.0507754 0.0507754 0.4492246 0.4492246 0.5 0.5 0.5 0.5 0.5 0.5 0.5 0.5 0.5 0.5 0.5 0.5 0.5 0.5 0.5 0.5 0.5 0.5 0.5 0.5 0.128134 0.4982178 0.3700838 0.003564417 0.5 0.5 0.4103739 0.4103739 0.08962607 0.08962607 0.05899715 0.05899715 0.4410028 0.4410028 0.5 0.5 0.5 0.5 0.5 0.5 0.5 0.5 0.4777096 0.4777096 0.0222904 0.0222904 0.5 0.5 0.5 0.5 0.5 0.5 0.5 0.5 0.04880499 0.04880499 0.451195 0.451195 0.04116165 0.04116165 0.4588384 0.4588384 0.5 0.5 0.1079626 0.5 0.3920374 0.4701017 0.5 0.02989834 0.5 0.5 0.5 0.5 0.4856339 0.4856339 0.01436609 0.01436609 0.5 0.5 0.5 0.5 0.5 0.5 0.5 0.5 0.5 0.5 0.5 0.5 0.5 0.5 0.4674394 0.4674394 0.03256058 0.03256058 0.5 0.5 0.5 0.5 0.5 0.5 0.5 0.5 0.5 0.5 0.5 0.5 0.0912885 0.1000508 0.4043304 0.4043304 0.01442104 0.01442104 0.4855789 0.4855789 0.02269053 0.02269053 0.4773094 0.4773094 0.3197333 0.5 0.1802667 0.5 0.5 0.1989911 0.5 0.3010089 0.3327674 0.5 0.1672326 0.3881396 0.5 0.1118605 0.2249126 0.4845041 0.2304122 0.06017112 0.5 0.5 0.375 0.375 0.125 0.125 0.5 0.5 0.5 0.5 0.2819074 0.5 0.2180926 0.48414 0.48414 0.01585996 0.01585996 0.5 0.5 0.3546939 0.5 0.1453061 0.5 0.5 0.2399241 0.3169872 0.2215443 0.2215443 0.3744059 0.3744059 0.1255941 0.1255941 0.07217562 0.07217562 0.4278244 0.4278244 0.01666665 0.01666665 0.4833333 0.4833333 0.02311557 0.02311557 0.4768844 0.4768844 0.5 0.5 0.07723677 0.07723677 0.4227632 0.4227632 0.5 0.5 0.2397109 0.2397109 0.260289 0.260289 0.1888392 0.1888392 0.3111608 0.3111608 0.09327864 0.09327864 0.4067214 0.4067214 0.5 0.5 0.5 0.5 0.5 0.5 0.07233947 0.07233947 0.4276605 0.4276605 0.01094239 0.01094239 0.4890576 0.4890576 0.5 0.5 0.5 0.5 0.3885852 0.3885852 0.1114147 0.1114147 0.001583516 0.001838922 0.4982888 0.4982888 0.116676 0.116676 0.383324 0.383324 0.0992037 0.0992037 0.4007963 0.4007963 0.2321539 0.2321539 0.2678461 0.2678461 0.5 0.5 0.5 0.5 0.5 0.5 0.5 0.5 0.5 0.5 0.5 0.5 0.5 0.5 0.5 0.5 0.5 0.5 0.5 0.5 0.4748296 0.4748296 0.02517038 0.02517038 0.04621839 0.04621839 0.4537816 0.4537816 0.4539383 0.4539383 0.04606163 0.04606163 0.5 0.5 0.5 0.5 0.05571568 0.05571568 0.4442843 0.4442843 0.5 0.5 0.5 0.5 0.5 0.5 0.08285218 0.08285218 0.4171478 0.4171478 0.01293182 0.01293182 0.4870682 0.4870682 0.5 0.5 0.5 0.5 0.3078353 0.4648305 0.1095335 0.1178007 0.2628991 0.3324238 0.2023385 0.2023385 0.190385 0.2372979 0.2861585 0.2861585 0.5 0.5 0.5 0.5 0.5 0.5 0.115526 0.5 0.384474 0.172807 0.5 0.3271929 0.1349092 0.5 0.3650909 0.1601163 0.1838134 0.3280351 0.3280351 0.2480981 0.2480981 0.2519019 0.2519019 0.5 0.5 0.5 0.5 0.5 0.5 0.5 0.5 0.5 0.5 0.413653 0.413653 0.08634704 0.08634704 0.4945181 0.4945181 0.005481898 0.005481898 0.148496 0.4689267 0.2887172 0.09385997 0.02777683 0.02777683 0.4722231 0.4722231 0.5 0.5 0.2288891 0.4695729 0.2045655 0.09697246 0.5 0.5 0.5 0.5 0.5 0.5 0.5 0.5 0.5 0.5 0.5 0.5 0.2180957 0.2180957 0.2819043 0.2819043 0.2801783 0.2801783 0.2198216 0.2198216 0.03700256 0.03700256 0.4629974 0.4629974 0.4068902 0.4068902 0.09310984 0.09310984 0.1862654 0.2266038 0.2935653 0.2935653 0.08309447 0.08309447 0.4169055 0.4169055 0.06838911 0.06838911 0.4316109 0.4316109 0.5 0.5 0.5 0.5 0.4325433 0.4325433 0.06745666 0.06745666 0.02499997 0.02499997 0.475 0.475 0.3664153 0.3664153 0.1335847 0.1335847 0.01947987 0.01947987 0.4805201 0.4805201 0.4430444 0.4430444 0.05695557 0.05695557 0.5 0.5 0.5 0.5 0.5 0.5 0.5 0.5 0.4490906 0.5 0.05090939 0.4363614 0.5 0.06363856 0.01344621 0.01344621 0.4865538 0.4865538 0.5 0.5 0.5 0.5 0.3980783 0.3057226 0.1493567 0.1468423 0.4952034 0.4952034 0.004796624 0.004796624 0.3401884 0.3401884 0.1598116 0.1598116 0.5 0.5 0.4372348 0.4372348 0.06276518 0.06276518 0.5 0.5 0.2336837 0.4744592 0.2024237 0.08943319 0.3019936 0.4580398 0.0843563 0.1556101 0.1381711 0.1560203 0.3529043 0.3529043 0.5 0.5 0.375 0.375 0.125 0.125 0.09658491 0.09658491 0.4034151 0.4034151 0.5 0.5 0.5 0.5 0.5 0.5 0.1559814 0.4645264 0.2888691 0.09062319 0.08305436 0.08305436 0.4169456 0.4169456 0.0710932 0.0710932 0.4289067 0.4289067 0.09792494 0.09792494 0.4020751 0.4020751 0.1002621 0.1002621 0.3997379 0.3997379 0.5 0.5 0.3094532 0.4672179 0.1037009 0.1196278 0.1515744 0.1841992 0.3321132 0.3321132 0.002827525 0.002827525 0.4971725 0.4971725 0.5 0.5 0.5 0.5 0.5 0.5 0.5 0.5 0.5 0.5 0.5 0.5 0.5 0.5 0.5 0.5 0.5 0.5 0.4418789 0.4418789 0.05812114 0.05812114 0.4668577 0.4668577 0.03314226 0.03314226 0.4954515 0.4954515 0.00454849 0.00454849 0.5 0.5 0.5 0.5 0.5 0.5 0.5 0.5 0.5 0.5 0.5 0.5 0.5 0.5 0.5 0.5 0.5 0.5 0.5 0.5 0.2964767 0.2964767 0.2035233 0.2035233 0.5 0.5 0.5 0.5 0.5 0.5 0.05289113 0.05289113 0.4471088 0.4471088 0.4988904 0.4988904 0.0011096 0.0011096 0.0172314 0.0172314 0.4827685 0.4827685 0.1577987 0.1577987 0.3422014 0.3422014 0.5 0.5 0.5 0.5 0.5 0.5 0.5 0.5 0.4445294 0.5 0.05547064 0.4662341 0.4662341 0.03376591 0.03376591 0.5 0.5 0.5 0.5 0.3422603 0.3815607 0.1380895 0.1380895 0.375 0.375 0.125 0.125 0.5 0.5 0.5 0.5 0.5 0.5 0.1887559 0.2361764 0.2889617 0.2861059 0.5 0.5 0.5 0.5 0.1740943 0.1740943 0.3259057 0.3259057 0.5 0.5 0.5 0.5 0.3897654 0.2982314 0.1576963 0.1543068 0.0404278 0.0404278 0.4595722 0.4595722 0.5 0.5 0.3842427 0.5 0.1157573 0.2707667 0.3727138 0.2239562 0.1325633 0.1117129 0.1328924 0.3857117 0.3696829 0.5 0.5 0.5 0.5 0.2259768 0.2339795 0.2700218 0.2700218 0.5 0.5 0.5 0.5 0.5 0.5 0.01556515 0.01556515 0.4844348 0.4844348 0.5 0.5 0.5 0.5 0.08365827 0.08365827 0.4163417 0.4163417 0.5 0.5 0.5 0.5 0.4921846 0.5 0.007815361 0.5 0.5 0.5 0.5 0.125 0.125 0.375 0.375 0.5 0.5 0.3745313 0.3745313 0.1254687 0.1254687 0.5 0.5 0.5 0.5 0.04942905 0.04942905 0.4505709 0.4505709 0.5 0.5 0.5 0.5 0.4165198 0.4165198 0.08348011 0.08348011 0.5 0.5 0.5 0.5 0.5 0.5 0.5 0.5 0.5 0.5 0.5 0.5 0.5 0.5 0.5 0.5 0.5 0.5 0.5 0.5 0.125 0.125 0.375 0.375 0.05115336 0.05115336 0.4488466 0.4488466 0.5 0.5 0.5 0.5 0.5 0.5 0.5 0.5 0.5 0.5 0.5 0.5 0.1598128 0.1598128 0.3401871 0.3401871 0.5 0.5 0.5 0.5 0.04537016 0.04537016 0.4546298 0.4546298 0.5 0.5 0.375 0.375 0.125 0.125 0.5 0.5 0.04342281 0.04342281 0.4565772 0.4565772 0.5 0.5 0.5 0.5 0.5 0.5 0.08882206 0.08882206 0.4111779 0.4111779 0.05908787 0.1172247 0.4118437 0.4118437 0.5 0.5 0.5 0.5 0.5 0.5 0.5 0.5 0.5 0.5 0.5 0.5 0.5 0.5 0.5 0.5 0.448432 0.4976397 0.04616487 0.007763385 0.5 0.5 0.5 0.5 0.5 0.5 0.5 0.5 0.5 0.5 0.5 0.5 0.05536681 0.05536681 0.4446331 0.4446331 0.5 0.5 0.5 0.5 0.1631816 0.1975674 0.3196254 0.3196254 0.5 0.5 0.5 0.5 0.5 0.5 0.5 0.5 0.1387203 0.5 0.3612796 0.5 0.5 0.2453064 0.5 0.2546936 0.5 0.5 0.5 0.5 0.5 0.5 0.5 0.5 0.5 0.5</float_array>
          <technique_common>
            <accessor source="#GanondorfRig_GanondorfPants_LOD1-skin-weights-array" count="1959" stride="1">
              <param name="WEIGHT" type="float"/>
            </accessor>
          </technique_common>
        </source>
        <joints>
          <input semantic="JOINT" source="#GanondorfRig_GanondorfPants_LOD1-skin-joints"/>
          <input semantic="INV_BIND_MATRIX" source="#GanondorfRig_GanondorfPants_LOD1-skin-bind_poses"/>
        </joints>
        <vertex_weights count="710">
          <input semantic="JOINT" source="#GanondorfRig_GanondorfPants_LOD1-skin-joints" offset="0"/>
          <input semantic="WEIGHT" source="#GanondorfRig_GanondorfPants_LOD1-skin-weights" offset="1"/>
          <vcount>2 3 2 3 4 3 3 4 3 3 4 4 4 2 2 2 2 2 4 2 2 2 2 4 4 2 2 2 2 2 2 2 2 2 2 2 4 4 4 2 2 2 2 2 4 2 2 4 2 2 2 2 4 2 2 2 2 2 2 2 2 2 3 3 4 4 2 4 2 4 2 4 4 4 4 2 2 4 2 2 4 2 2 3 3 4 4 4 2 2 2 2 2 4 4 4 4 4 4 4 4 2 4 2 2 2 2 2 2 2 4 4 4 2 2 2 4 4 2 4 2 4 2 4 4 4 4 4 4 2 2 2 2 2 2 4 2 2 4 4 2 2 2 2 2 4 4 4 2 2 2 2 2 2 2 2 2 2 2 4 4 4 4 4 4 4 2 2 2 2 2 2 2 2 2 2 2 4 2 2 2 2 2 2 2 3 4 4 3 2 2 2 2 2 4 4 4 4 2 4 4 2 4 2 4 4 4 4 2 2 2 2 4 2 2 3 3 3 2 4 2 2 2 4 2 2 2 4 2 2 2 2 2 2 4 4 2 3 2 4 4 3 2 3 3 4 2 4 2 4 4 4 4 2 2 2 2 4 4 2 2 4 4 2 4 4 4 2 2 3 3 3 2 3 4 4 2 2 2 2 2 4 2 2 2 2 2 2 2 2 4 4 4 3 3 2 2 2 4 4 4 4 2 2 2 4 2 4 3 2 2 2 2 2 2 2 2 2 4 2 4 2 2 2 2 2 2 4 4 2 2 2 2 2 4 2 2 4 4 4 2 2 4 4 4 4 4 4 2 3 3 3 3 2 4 2 2 2 2 2 2 4 4 2 2 4 4 2 4 2 4 2 2 3 2 2 4 2 4 4 2 2 2 2 4 2 2 2 2 2 2 2 2 2 2 4 2 4 4 2 2 2 2 4 2 2 2 2 4 4 2 3 3 2 2 4 2 2 2 2 2 2 2 4 2 2 2 2 2 2 4 4 4 3 2 3 3 3 4 2 4 2 2 3 4 2 3 2 4 4 4 4 4 2 4 2 4 4 4 2 2 2 4 4 2 2 4 4 4 4 4 2 2 2 2 2 2 2 2 2 2 4 4 4 2 2 4 2 2 2 4 4 2 2 4 4 4 2 2 2 3 3 3 4 4 2 2 2 2 2 4 4 4 4 2 4 2 2 2 2 2 2 4 4 4 4 4 4 4 2 2 4 4 4 4 4 2 2 2 2 3 3 4 2 2 4 4 4 2 4 2 4 4 4 2 4 4 2 2 2 4 4 4 4 4 2 4 4 4 2 2 2 2 2 2 2 2 2 4 4 4 2 2 2 2 2 2 2 2 2 2 4 2 2 2 4 4 4 4 2 2 2 2 3 4 2 2 4 4 2 2 2 4 2 2 4 2 2 4 4 2 3 4 4 2 2 4 2 2 2 4 2 2 4 2 2 3 2 2 4 2 4 2 2 4 2 2 4 2 2 2 2 2 2 2 2 2 2 4 4 2 2 2 2 2 2 4 2 2 4 2 4 2 4 2 2 2 4 4 2 2 2 2 2 2 2 2 4 2 2 2 2 2 2 4 2 2 4 2 2 2 2 3 2 3 2 2 2 2 2 </vcount>
          <v>0 0 1 1 0 2 1 3 2 4 0 5 1 6 0 7 1 8 2 9 0 10 1 11 2 12 3 13 0 14 1 15 2 16 0 17 1 18 2 19 0 20 1 21 2 22 4 23 0 24 1 25 2 26 0 27 1 28 2 29 0 30 1 31 2 32 3 33 0 34 1 35 2 36 3 37 0 38 1 39 3 40 5 41 3 42 5 43 3 44 5 45 3 46 5 47 3 48 5 49 3 50 5 51 0 52 1 53 3 54 5 55 3 56 5 57 3 58 5 59 3 60 5 61 3 62 5 63 3 64 5 65 6 66 7 67 3 68 5 69 6 70 7 71 6 72 7 73 6 74 7 75 6 76 7 77 6 78 7 79 6 80 7 81 6 82 7 83 6 84 7 85 6 86 7 87 6 88 7 89 6 90 7 91 6 92 7 93 0 94 1 95 2 96 4 97 0 98 1 99 4 100 8 101 0 102 1 103 4 104 8 105 4 106 8 107 4 108 8 109 4 110 8 111 4 112 8 113 4 114 8 115 0 116 1 117 4 118 8 119 4 120 8 121 4 122 8 123 0 124 1 125 4 126 8 127 4 128 8 129 4 130 8 131 4 132 8 133 9 134 10 135 4 136 8 137 9 138 10 139 9 140 10 141 9 142 10 143 9 144 10 145 9 146 10 147 9 148 10 149 9 150 10 151 9 152 10 153 9 154 10 155 9 156 10 157 0 158 1 159 2 160 0 161 1 162 2 163 0 164 1 165 3 166 5 167 0 168 1 169 3 170 5 171 3 172 5 173 0 174 1 175 3 176 5 177 3 178 5 179 3 180 5 181 6 182 7 183 6 184 7 185 3 186 5 187 6 188 7 189 0 190 1 191 4 192 8 193 0 194 1 195 4 196 8 197 0 198 1 199 4 200 8 201 4 202 8 203 4 204 8 205 4 206 8 207 9 208 10 209 9 210 10 211 9 212 10 213 4 214 8 215 9 216 10 217 0 218 1 219 0 220 1 221 0 222 1 223 2 224 0 225 1 226 2 227 0 228 1 229 3 230 5 231 0 232 1 233 2 234 3 235 0 236 1 237 3 238 5 239 3 240 5 241 3 242 5 243 3 244 5 245 3 246 5 247 3 248 5 249 3 250 5 251 6 252 7 253 3 254 5 255 6 256 7 257 3 258 5 259 6 260 7 261 3 262 5 263 6 264 7 265 3 266 5 267 6 268 7 269 3 270 5 271 6 272 7 273 3 274 5 275 6 276 7 277 3 278 5 279 6 280 7 281 6 282 7 283 3 284 5 285 6 286 7 287 6 288 7 289 6 290 7 291 6 292 7 293 6 294 7 295 6 296 7 297 6 298 7 299 6 300 7 301 3 302 5 303 6 304 7 305 0 306 1 307 4 308 8 309 0 310 1 311 4 312 8 313 4 314 8 315 4 316 8 317 4 318 8 319 4 320 8 321 9 322 10 323 4 324 8 325 9 326 10 327 4 328 8 329 0 330 1 331 4 332 8 333 4 334 8 335 0 336 1 337 4 338 8 339 4 340 8 341 4 342 8 343 9 344 10 345 4 346 8 347 9 348 10 349 4 350 8 351 9 352 10 353 4 354 8 355 9 356 10 357 4 358 8 359 9 360 10 361 4 362 8 363 9 364 10 365 9 366 10 367 9 368 10 369 9 370 10 371 9 372 10 373 9 374 10 375 9 376 10 377 4 378 8 379 9 380 10 381 9 382 10 383 9 384 10 385 4 386 8 387 9 388 10 389 0 390 1 391 3 392 5 393 3 394 5 395 3 396 5 397 3 398 5 399 3 400 5 401 3 402 5 403 3 404 5 405 6 406 7 407 3 408 5 409 6 410 7 411 3 412 5 413 6 414 7 415 6 416 7 417 6 418 7 419 6 420 7 421 6 422 7 423 6 424 7 425 6 426 7 427 4 428 8 429 4 430 8 431 4 432 8 433 4 434 8 435 4 436 8 437 4 438 8 439 9 440 10 441 4 442 8 443 9 444 10 445 4 446 8 447 9 448 10 449 4 450 8 451 9 452 10 453 4 454 8 455 9 456 10 457 4 458 8 459 9 460 10 461 4 462 8 463 9 464 10 465 9 466 10 467 9 468 10 469 9 470 10 471 9 472 10 473 9 474 10 475 9 476 10 477 9 478 10 479 9 480 10 481 9 482 10 483 9 484 10 485 3 486 5 487 3 488 5 489 6 490 7 491 4 492 8 493 4 494 8 495 4 496 8 497 4 498 8 499 9 500 10 501 9 502 10 503 9 504 10 505 0 506 1 507 2 508 0 509 1 510 4 511 8 512 0 513 1 514 4 515 8 516 0 517 1 518 2 519 4 520 8 521 3 522 5 523 6 524 7 525 6 526 7 527 6 528 7 529 0 530 1 531 2 532 4 533 0 534 1 535 4 536 8 537 4 538 8 539 9 540 10 541 4 542 8 543 9 544 10 545 9 546 10 547 4 548 8 549 9 550 10 551 0 552 1 553 3 554 5 555 3 556 5 557 3 558 5 559 6 560 7 561 6 562 7 563 3 564 5 565 6 566 7 567 0 568 1 569 4 570 8 571 0 572 1 573 4 574 8 575 0 576 1 577 4 578 8 579 4 580 8 581 4 582 8 583 4 584 8 585 3 586 5 587 4 588 8 589 9 590 10 591 9 592 10 593 9 594 10 595 0 596 1 597 2 598 0 599 1 600 2 601 0 602 1 603 2 604 3 605 5 606 3 607 5 608 6 609 7 610 3 611 5 612 3 613 5 614 3 615 5 616 3 617 5 618 6 619 7 620 6 621 7 622 6 623 7 624 6 625 7 626 0 627 1 628 3 629 5 630 4 631 8 632 4 633 8 634 4 635 8 636 4 637 8 638 9 639 10 640 9 641 10 642 4 643 8 644 9 645 10 646 0 647 1 648 4 649 8 650 3 651 5 652 0 653 1 654 2 655 4 656 8 657 0 658 1 659 3 660 5 661 3 662 5 663 6 664 7 665 0 666 1 667 2 668 0 669 1 670 0 671 1 672 2 673 0 674 1 675 2 676 0 677 1 678 2 679 4 680 0 681 1 682 0 683 1 684 3 685 5 686 6 687 7 688 0 689 1 690 2 691 4 692 0 693 1 694 3 695 5 696 0 697 1 698 4 699 8 700 0 701 1 702 3 703 5 704 6 705 7 706 0 707 1 708 3 709 5 710 3 711 5 712 3 713 5 714 6 715 7 716 3 717 5 718 6 719 7 720 6 721 7 722 9 723 10 724 0 725 1 726 4 727 8 728 0 729 1 730 4 731 8 732 4 733 8 734 0 735 1 736 4 737 8 738 0 739 1 740 4 741 8 742 4 743 8 744 9 745 10 746 0 747 1 748 9 749 10 750 0 751 1 752 2 753 0 754 1 755 2 756 0 757 1 758 2 759 3 760 5 761 0 762 1 763 2 764 0 765 1 766 3 767 5 768 3 769 5 770 6 771 7 772 3 773 5 774 3 775 5 776 3 777 5 778 6 779 7 780 6 781 7 782 3 783 5 784 6 785 7 786 6 787 7 788 6 789 7 790 4 791 8 792 4 793 8 794 4 795 8 796 4 797 8 798 9 799 10 800 9 801 10 802 3 803 5 804 6 805 7 806 0 807 1 808 3 809 5 810 3 811 5 812 6 813 7 814 0 815 1 816 2 817 0 818 1 819 2 820 0 821 1 822 3 823 5 824 3 825 5 826 0 827 1 828 3 829 5 830 3 831 5 832 6 833 7 834 0 835 1 836 4 837 8 838 0 839 1 840 4 841 8 842 9 843 10 844 9 845 10 846 9 847 10 848 0 849 1 850 2 851 3 852 0 853 1 854 0 855 1 856 2 857 3 858 0 859 1 860 2 861 6 862 7 863 9 864 10 865 3 866 5 867 3 868 5 869 6 870 7 871 6 872 7 873 4 874 8 875 4 876 8 877 4 878 8 879 4 880 8 881 9 882 10 883 9 884 10 885 0 886 1 887 3 888 5 889 9 890 10 891 9 892 10 893 9 894 10 895 9 896 10 897 9 898 10 899 3 900 5 901 3 902 5 903 6 904 7 905 3 906 5 907 6 908 7 909 6 910 7 911 6 912 7 913 6 914 7 915 6 916 7 917 6 918 7 919 3 920 5 921 6 922 7 923 6 924 7 925 6 926 7 927 3 928 5 929 6 930 7 931 0 932 1 933 4 934 8 935 0 936 1 937 4 938 8 939 4 940 8 941 4 942 8 943 4 944 8 945 9 946 10 947 4 948 8 949 9 950 10 951 4 952 8 953 9 954 10 955 4 956 8 957 9 958 10 959 4 960 8 961 9 962 10 963 4 964 8 965 9 966 10 967 9 968 10 969 0 970 1 971 2 972 0 973 1 974 2 975 0 976 1 977 2 978 0 979 1 980 2 981 3 982 5 983 0 984 1 985 3 986 5 987 0 988 1 989 9 990 10 991 3 992 5 993 3 994 5 995 3 996 5 997 6 998 7 999 0 1000 1 1001 4 1002 8 1003 0 1004 1 1005 4 1006 8 1007 9 1008 10 1009 0 1010 1 1011 0 1012 1 1013 3 1014 5 1015 0 1016 1 1017 3 1018 5 1019 3 1020 5 1021 3 1022 5 1023 6 1024 7 1025 6 1026 7 1027 3 1028 5 1029 6 1030 7 1031 6 1032 7 1033 6 1034 7 1035 0 1036 1 1037 2 1038 9 1039 10 1040 9 1041 10 1042 3 1043 5 1044 6 1045 7 1046 3 1047 5 1048 3 1049 5 1050 6 1051 7 1052 0 1053 1 1054 3 1055 5 1056 6 1057 7 1058 6 1059 7 1060 6 1061 7 1062 6 1063 7 1064 0 1065 1 1066 4 1067 8 1068 4 1069 8 1070 4 1071 8 1072 4 1073 8 1074 3 1075 5 1076 9 1077 10 1078 9 1079 10 1080 3 1081 5 1082 3 1083 5 1084 3 1085 5 1086 3 1087 5 1088 0 1089 1 1090 2 1091 4 1092 4 1093 8 1094 3 1095 5 1096 6 1097 7 1098 3 1099 5 1100 6 1101 7 1102 6 1103 7 1104 6 1105 7 1106 6 1107 7 1108 6 1109 7 1110 4 1111 8 1112 9 1113 10 1114 4 1115 8 1116 4 1117 8 1118 4 1119 8 1120 3 1121 5 1122 4 1123 8 1124 9 1125 10 1126 4 1127 8 1128 9 1129 10 1130 6 1131 7 1132 0 1133 1 1134 2 1135 0 1136 1 1137 2 1138 3 1139 5 1140 3 1141 5 1142 3 1143 5 1144 6 1145 7 1146 3 1147 5 1148 3 1149 5 1150 3 1151 5 1152 6 1153 7 1154 6 1155 7 1156 4 1157 8 1158 4 1159 8 1160 4 1161 8 1162 9 1163 10 1164 4 1165 8 1166 4 1167 8 1168 4 1169 8 1170 4 1171 8 1172 9 1173 10 1174 6 1175 7 1176 0 1177 1 1178 3 1179 5 1180 3 1181 5 1182 6 1183 7 1184 0 1185 1 1186 3 1187 5 1188 0 1189 1 1190 2 1191 0 1192 1 1193 0 1194 1 1195 2 1196 0 1197 1 1198 2 1199 0 1200 1 1201 2 1202 0 1203 1 1204 2 1205 4 1206 4 1207 8 1208 4 1209 8 1210 9 1211 10 1212 4 1213 8 1214 6 1215 7 1216 0 1217 1 1218 2 1219 0 1220 1 1221 4 1222 8 1223 0 1224 1 1225 0 1226 1 1227 2 1228 0 1229 1 1230 0 1231 1 1232 3 1233 5 1234 0 1235 1 1236 3 1237 5 1238 0 1239 1 1240 3 1241 5 1242 0 1243 1 1244 3 1245 5 1246 0 1247 1 1248 3 1249 5 1250 3 1251 5 1252 0 1253 1 1254 3 1255 5 1256 3 1257 5 1258 3 1259 5 1260 6 1261 7 1262 3 1263 5 1264 6 1265 7 1266 3 1267 5 1268 6 1269 7 1270 6 1271 7 1272 6 1273 7 1274 6 1275 7 1276 3 1277 5 1278 6 1279 7 1280 3 1281 5 1282 6 1283 7 1284 4 1285 8 1286 4 1287 8 1288 4 1289 8 1290 9 1291 10 1292 0 1293 1 1294 4 1295 8 1296 4 1297 8 1298 9 1299 10 1300 4 1301 8 1302 9 1303 10 1304 4 1305 8 1306 9 1307 10 1308 9 1309 10 1310 9 1311 10 1312 9 1313 10 1314 9 1315 10 1316 6 1317 7 1318 9 1319 10 1320 3 1321 5 1322 3 1323 5 1324 9 1325 10 1326 6 1327 7 1328 3 1329 5 1330 6 1331 7 1332 0 1333 1 1334 4 1335 8 1336 4 1337 8 1338 9 1339 10 1340 4 1341 8 1342 9 1343 10 1344 4 1345 8 1346 9 1347 10 1348 9 1349 10 1350 0 1351 1 1352 0 1353 1 1354 0 1355 1 1356 3 1357 5 1358 0 1359 1 1360 4 1361 8 1362 6 1363 7 1364 4 1365 8 1366 0 1367 1 1368 2 1369 3 1370 0 1371 1 1372 3 1373 5 1374 0 1375 1 1376 3 1377 5 1378 9 1379 10 1380 0 1381 1 1382 0 1383 1 1384 0 1385 1 1386 2 1387 0 1388 1 1389 2 1390 0 1391 1 1392 2 1393 0 1394 1 1395 3 1396 5 1397 0 1398 1 1399 3 1400 5 1401 4 1402 8 1403 3 1404 5 1405 4 1406 8 1407 4 1408 8 1409 0 1410 1 1411 0 1412 1 1413 4 1414 8 1415 0 1416 1 1417 4 1418 8 1419 0 1420 1 1421 2 1422 3 1423 0 1424 1 1425 3 1426 5 1427 3 1428 5 1429 0 1430 1 1431 2 1432 3 1433 6 1434 7 1435 4 1436 8 1437 4 1438 8 1439 9 1440 10 1441 3 1442 5 1443 3 1444 5 1445 3 1446 5 1447 6 1448 7 1449 3 1450 5 1451 6 1452 7 1453 3 1454 5 1455 6 1456 7 1457 0 1458 1 1459 4 1460 8 1461 0 1462 1 1463 4 1464 8 1465 0 1466 1 1467 4 1468 8 1469 0 1470 1 1471 4 1472 8 1473 4 1474 8 1475 4 1476 8 1477 4 1478 8 1479 9 1480 10 1481 0 1482 1 1483 4 1484 8 1485 4 1486 8 1487 9 1488 10 1489 4 1490 8 1491 9 1492 10 1493 4 1494 8 1495 9 1496 10 1497 9 1498 10 1499 9 1500 10 1501 9 1502 10 1503 9 1504 10 1505 0 1506 1 1507 2 1508 0 1509 1 1510 2 1511 0 1512 1 1513 3 1514 5 1515 3 1516 5 1517 3 1518 5 1519 1 1520 2 1521 4 1522 8 1523 3 1524 5 1525 6 1526 7 1527 0 1528 1 1529 3 1530 5 1531 0 1532 1 1533 0 1534 1 1535 4 1536 8 1537 6 1538 7 1539 0 1540 1 1541 2 1542 4 1543 0 1544 1 1545 2 1546 4 1547 0 1548 1 1549 4 1550 8 1551 4 1552 8 1553 4 1554 8 1555 9 1556 10 1557 4 1558 8 1559 9 1560 10 1561 0 1562 1 1563 9 1564 10 1565 0 1566 1 1567 0 1568 1 1569 2 1570 4 1571 0 1572 1 1573 3 1574 5 1575 0 1576 1 1577 3 1578 5 1579 0 1580 1 1581 3 1582 5 1583 0 1584 1 1585 4 1586 8 1587 3 1588 5 1589 0 1590 1 1591 2 1592 4 1593 0 1594 1 1595 4 1596 8 1597 3 1598 5 1599 6 1600 7 1601 6 1602 7 1603 6 1604 7 1605 6 1606 7 1607 6 1608 7 1609 6 1610 7 1611 6 1612 7 1613 9 1614 10 1615 4 1616 8 1617 4 1618 8 1619 4 1620 8 1621 9 1622 10 1623 4 1624 8 1625 9 1626 10 1627 4 1628 8 1629 9 1630 10 1631 4 1632 8 1633 9 1634 10 1635 9 1636 10 1637 9 1638 10 1639 9 1640 10 1641 9 1642 10 1643 9 1644 10 1645 9 1646 10 1647 3 1648 5 1649 3 1650 5 1651 3 1652 5 1653 6 1654 7 1655 6 1656 7 1657 6 1658 7 1659 6 1660 7 1661 3 1662 5 1663 6 1664 7 1665 3 1666 5 1667 6 1668 7 1669 0 1670 1 1671 4 1672 8 1673 4 1674 8 1675 9 1676 10 1677 3 1678 5 1679 9 1680 10 1681 9 1682 10 1683 9 1684 10 1685 0 1686 1 1687 2 1688 3 1689 5 1690 6 1691 7 1692 3 1693 5 1694 3 1695 5 1696 0 1697 1 1698 4 1699 8 1700 3 1701 5 1702 6 1703 7 1704 6 1705 7 1706 6 1707 7 1708 6 1709 7 1710 0 1711 1 1712 4 1713 8 1714 4 1715 8 1716 4 1717 8 1718 4 1719 8 1720 9 1721 10 1722 9 1723 10 1724 9 1725 10 1726 1 1727 2 1728 3 1729 5 1730 0 1731 1 1732 3 1733 5 1734 3 1735 5 1736 0 1737 1 1738 2 1739 0 1740 1 1741 3 1742 5 1743 0 1744 1 1745 3 1746 5 1747 6 1748 7 1749 3 1750 5 1751 0 1752 1 1753 3 1754 5 1755 3 1756 5 1757 4 1758 8 1759 6 1760 7 1761 0 1762 1 1763 3 1764 5 1765 0 1766 1 1767 6 1768 7 1769 0 1770 1 1771 4 1772 8 1773 9 1774 10 1775 9 1776 10 1777 0 1778 1 1779 2 1780 4 1781 8 1782 6 1783 7 1784 4 1785 8 1786 9 1787 10 1788 6 1789 7 1790 0 1791 1 1792 4 1793 8 1794 9 1795 10 1796 4 1797 8 1798 0 1799 1 1800 4 1801 8 1802 9 1803 10 1804 9 1805 10 1806 0 1807 1 1808 3 1809 5 1810 3 1811 5 1812 9 1813 10 1814 6 1815 7 1816 6 1817 7 1818 4 1819 8 1820 6 1821 7 1822 6 1823 7 1824 6 1825 7 1826 9 1827 10 1828 3 1829 5 1830 3 1831 5 1832 6 1833 7 1834 0 1835 1 1836 3 1837 5 1838 6 1839 7 1840 3 1841 5 1842 4 1843 8 1844 3 1845 5 1846 6 1847 7 1848 6 1849 7 1850 0 1851 1 1852 4 1853 8 1854 3 1855 5 1856 6 1857 7 1858 0 1859 1 1860 4 1861 8 1862 3 1863 5 1864 3 1865 5 1866 6 1867 7 1868 6 1869 7 1870 0 1871 1 1872 3 1873 5 1874 6 1875 7 1876 6 1877 7 1878 9 1879 10 1880 0 1881 1 1882 3 1883 5 1884 0 1885 1 1886 3 1887 5 1888 6 1889 7 1890 4 1891 8 1892 6 1893 7 1894 6 1895 7 1896 6 1897 7 1898 6 1899 7 1900 6 1901 7 1902 9 1903 10 1904 0 1905 1 1906 2 1907 8 1908 6 1909 7 1910 9 1911 10 1912 9 1913 10 1914 3 1915 5 1916 9 1917 10 1918 9 1919 10 1920 0 1921 1 1922 3 1923 5 1924 9 1925 10 1926 9 1927 10 1928 0 1929 1 1930 3 1931 5 1932 9 1933 10 1934 4 1935 8 1936 6 1937 7 1938 6 1939 7 1940 0 1941 1 1942 2 1943 0 1944 1 1945 0 1946 1 1947 2 1948 9 1949 10 1950 9 1951 10 1952 9 1953 10 1954 9 1955 10 1956 9 1957 10 1958</v>
        </vertex_weights>
      </skin>
    </controller>
  </library_controllers>
  <library_visual_scenes>
    <visual_scene id="Scene" name="Scene">
      <node id="GanondorfRig" name="GanondorfRig" type="NODE">
        <matrix sid="transform">1 0 0 0 0 1 0 0 0 0 1 0 0 0 0 1</matrix>
        <node id="GanondorfRig_mPelvis" name="mPelvis" sid="mPelvis" type="JOINT">
          <matrix sid="transform">1 0 0 0 0 1 0 0 0 0 1 1.067 0 0 0 1</matrix>
          <node id="GanondorfRig_PELVIS" name="PELVIS" sid="PELVIS" type="JOINT">
            <matrix sid="transform">1 0 0 -0.01 0 1 0 0 0 0 1 -0.01999998 0 0 0 1</matrix>
            <extra>
              <technique profile="blender">
                <layer sid="layer" type="string">0</layer>
                <roll sid="roll" type="float">0.1396263</roll>
                <tip_x sid="tip_x" type="float">0</tip_x>
                <tip_y sid="tip_y" type="float">0.02999997</tip_y>
                <tip_z sid="tip_z" type="float">0</tip_z>
              </technique>
            </extra>
          </node>
          <node id="GanondorfRig_BUTT" name="BUTT" sid="BUTT" type="JOINT">
            <matrix sid="transform">1 0 0 -0.06 0 1 0 0 0 0 1 -0.1 0 0 0 1</matrix>
            <extra>
              <technique profile="blender">
                <layer sid="layer" type="string">0</layer>
                <tip_x sid="tip_x" type="float">0</tip_x>
                <tip_y sid="tip_y" type="float">0.02999997</tip_y>
                <tip_z sid="tip_z" type="float">0</tip_z>
              </technique>
            </extra>
          </node>
          <node id="GanondorfRig_mSpine1" name="mSpine1" sid="mSpine1" type="JOINT">
            <matrix sid="transform">1 0 0 0 0 1 0 0 0 0 1 0.08399999 0 0 0 1</matrix>
            <node id="GanondorfRig_mSpine2" name="mSpine2" sid="mSpine2" type="JOINT">
              <matrix sid="transform">1 0 0 0 0 1 0 0 0 0 1 -0.08399999 0 0 0 1</matrix>
              <node id="GanondorfRig_mTorso" name="mTorso" sid="mTorso" type="JOINT">
                <matrix sid="transform">1 0 0 0 0 1 0 0 0 0 1 0.08399999 0 0 0 1</matrix>
                <node id="GanondorfRig_BELLY" name="BELLY" sid="BELLY" type="JOINT">
                  <matrix sid="transform">1 0 0 0.028 0 1 0 0 0 0 1 0.03999996 0 0 0 1</matrix>
                  <extra>
                    <technique profile="blender">
                      <layer sid="layer" type="string">0</layer>
                      <roll sid="roll" type="float">0.1396263</roll>
                      <tip_x sid="tip_x" type="float">0</tip_x>
                      <tip_y sid="tip_y" type="float">0.02999997</tip_y>
                      <tip_z sid="tip_z" type="float">0</tip_z>
                    </technique>
                  </extra>
                </node>
                <node id="GanondorfRig_LEFT_HANDLE" name="LEFT_HANDLE" sid="LEFT_HANDLE" type="JOINT">
                  <matrix sid="transform">1 0 0 0 0 1 0 0.1 0 0 1 0.05799997 0 0 0 1</matrix>
                  <extra>
                    <technique profile="blender">
                      <layer sid="layer" type="string">0</layer>
                      <tip_x sid="tip_x" type="float">0</tip_x>
                      <tip_y sid="tip_y" type="float">0.02999997</tip_y>
                      <tip_z sid="tip_z" type="float">0</tip_z>
                    </technique>
                  </extra>
                </node>
                <node id="GanondorfRig_RIGHT_HANDLE" name="RIGHT_HANDLE" sid="RIGHT_HANDLE" type="JOINT">
                  <matrix sid="transform">1 0 0 0 0 1 0 -0.09999999 0 0 1 0.05799997 0 0 0 1</matrix>
                  <extra>
                    <technique profile="blender">
                      <layer sid="layer" type="string">0</layer>
                      <tip_x sid="tip_x" type="float">0</tip_x>
                      <tip_y sid="tip_y" type="float">0.02999997</tip_y>
                      <tip_z sid="tip_z" type="float">0</tip_z>
                    </technique>
                  </extra>
                </node>
                <node id="GanondorfRig_LOWER_BACK" name="LOWER_BACK" sid="LOWER_BACK" type="JOINT">
                  <matrix sid="transform">1 0 0 0 0 1 0 0 0 0 1 0.023 0 0 0 1</matrix>
                  <extra>
                    <technique profile="blender">
                      <layer sid="layer" type="string">0</layer>
                      <tip_x sid="tip_x" type="float">0</tip_x>
                      <tip_y sid="tip_y" type="float">0.02999997</tip_y>
                      <tip_z sid="tip_z" type="float">0</tip_z>
                    </technique>
                  </extra>
                </node>
                <node id="GanondorfRig_mSpine3" name="mSpine3" sid="mSpine3" type="JOINT">
                  <matrix sid="transform">1 0 0 -0.015 0 1 0 0 0 0 1 0.2049999 0 0 0 1</matrix>
                  <node id="GanondorfRig_mSpine4" name="mSpine4" sid="mSpine4" type="JOINT">
                    <matrix sid="transform">1 0 0 0.015 0 1 0 0 0 0 1 -0.2049999 0 0 0 1</matrix>
                    <node id="GanondorfRig_mChest" name="mChest" sid="mChest" type="JOINT">
                      <matrix sid="transform">1 0 0 -0.015 0 1 0 0 0 0 1 0.2049999 0 0 0 1</matrix>
                      <node id="GanondorfRig_CHEST" name="CHEST" sid="CHEST" type="JOINT">
                        <matrix sid="transform">1 0 -1.49012e-8 0.028 0 1 0 0 1.49012e-8 0 1 0.07000005 0 0 0 1</matrix>
                        <extra>
                          <technique profile="blender">
                            <layer sid="layer" type="string">0</layer>
                            <roll sid="roll" type="float">-0.1745329</roll>
                            <tip_x sid="tip_x" type="float">0</tip_x>
                            <tip_y sid="tip_y" type="float">0.02999997</tip_y>
                            <tip_z sid="tip_z" type="float">0</tip_z>
                          </technique>
                        </extra>
                      </node>
                      <node id="GanondorfRig_LEFT_PEC" name="LEFT_PEC" sid="LEFT_PEC" type="JOINT">
                        <matrix sid="transform">1 0 0 0.119 0 1 0 0.082 0 0 1 0.04200006 0 0 0 1</matrix>
                        <extra>
                          <technique profile="blender">
                            <layer sid="layer" type="string">0</layer>
                            <roll sid="roll" type="float">0.07487457</roll>
                            <tip_x sid="tip_x" type="float">0</tip_x>
                            <tip_y sid="tip_y" type="float">0.02999997</tip_y>
                            <tip_z sid="tip_z" type="float">0</tip_z>
                          </technique>
                        </extra>
                      </node>
                      <node id="GanondorfRig_RIGHT_PEC" name="RIGHT_PEC" sid="RIGHT_PEC" type="JOINT">
                        <matrix sid="transform">1 0 0 0.119 0 1 0 -0.082 0 0 1 0.04200006 0 0 0 1</matrix>
                        <extra>
                          <technique profile="blender">
                            <layer sid="layer" type="string">0</layer>
                            <roll sid="roll" type="float">0.07487457</roll>
                            <tip_x sid="tip_x" type="float">0</tip_x>
                            <tip_y sid="tip_y" type="float">0.02999997</tip_y>
                            <tip_z sid="tip_z" type="float">0</tip_z>
                          </technique>
                        </extra>
                      </node>
                      <node id="GanondorfRig_UPPER_BACK" name="UPPER_BACK" sid="UPPER_BACK" type="JOINT">
                        <matrix sid="transform">1 0 0 0 0 1 0 0 0 0 1 0.01700008 0 0 0 1</matrix>
                        <extra>
                          <technique profile="blender">
                            <layer sid="layer" type="string">0</layer>
                            <tip_x sid="tip_x" type="float">0</tip_x>
                            <tip_y sid="tip_y" type="float">0.02999997</tip_y>
                            <tip_z sid="tip_z" type="float">0</tip_z>
                          </technique>
                        </extra>
                      </node>
                      <node id="GanondorfRig_mNeck" name="mNeck" sid="mNeck" type="JOINT">
                        <matrix sid="transform">1 0 0 -0.01 0 1 0 0 0 0 1 0.251 0 0 0 1</matrix>
                        <node id="GanondorfRig_NECK" name="NECK" sid="NECK" type="JOINT">
                          <matrix sid="transform">1 0 0 0 0 1 0 0 0 0 1 0.01999998 0 0 0 1</matrix>
                          <extra>
                            <technique profile="blender">
                              <layer sid="layer" type="string">0</layer>
                              <tip_x sid="tip_x" type="float">0</tip_x>
                              <tip_y sid="tip_y" type="float">0.02999997</tip_y>
                              <tip_z sid="tip_z" type="float">0</tip_z>
                            </technique>
                          </extra>
                        </node>
                        <node id="GanondorfRig_mHead" name="mHead" sid="mHead" type="JOINT">
                          <matrix sid="transform">1 0 0 0 0 1 0 0 0 0 1 0.07599998 0 0 0 1</matrix>
                          <node id="GanondorfRig_HEAD" name="HEAD" sid="HEAD" type="JOINT">
                            <matrix sid="transform">1 0 0 0.02 0 1 0 0 0 0 1 0.07000005 0 0 0 1</matrix>
                            <extra>
                              <technique profile="blender">
                                <layer sid="layer" type="string">0</layer>
                                <tip_x sid="tip_x" type="float">0</tip_x>
                                <tip_y sid="tip_y" type="float">0.02999997</tip_y>
                                <tip_z sid="tip_z" type="float">0</tip_z>
                              </technique>
                            </extra>
                          </node>
                          <node id="GanondorfRig_mSkull" name="mSkull" sid="mSkull" type="JOINT">
                            <matrix sid="transform">1 0 0 0 0 1 0 0 0 0 1 0.079 0 0 0 1</matrix>
                            <extra>
                              <technique profile="blender">
                                <layer sid="layer" type="string">0</layer>
                                <tip_x sid="tip_x" type="float">0</tip_x>
                                <tip_y sid="tip_y" type="float">0.02999997</tip_y>
                                <tip_z sid="tip_z" type="float">0</tip_z>
                              </technique>
                            </extra>
                          </node>
                          <node id="GanondorfRig_mEyeRight" name="mEyeRight" sid="mEyeRight" type="JOINT">
                            <matrix sid="transform">1 0 0 0.098 0 1 0 -0.036 0 0 1 0.079 0 0 0 1</matrix>
                            <extra>
                              <technique profile="blender">
                                <layer sid="layer" type="string">0</layer>
                                <tip_x sid="tip_x" type="float">0</tip_x>
                                <tip_y sid="tip_y" type="float">0.02999997</tip_y>
                                <tip_z sid="tip_z" type="float">0</tip_z>
                              </technique>
                            </extra>
                          </node>
                          <node id="GanondorfRig_mEyeLeft" name="mEyeLeft" sid="mEyeLeft" type="JOINT">
                            <matrix sid="transform">1 0 0 0.098 0 1 0 0.036 0 0 1 0.079 0 0 0 1</matrix>
                            <extra>
                              <technique profile="blender">
                                <layer sid="layer" type="string">0</layer>
                                <tip_x sid="tip_x" type="float">0</tip_x>
                                <tip_y sid="tip_y" type="float">0.02999997</tip_y>
                                <tip_z sid="tip_z" type="float">0</tip_z>
                              </technique>
                            </extra>
                          </node>
                          <node id="GanondorfRig_mFaceRoot" name="mFaceRoot" sid="mFaceRoot" type="JOINT">
                            <matrix sid="transform">1 0 0 0.025 0 1 0 0 0 0 1 0.04500008 0 0 0 1</matrix>
                            <node id="GanondorfRig_mFaceEyeAltRight" name="mFaceEyeAltRight" sid="mFaceEyeAltRight" type="JOINT">
                              <matrix sid="transform">1 0 0 0.073 0 1 0 -0.036 0 0 1 0.03399992 0 0 0 1</matrix>
                              <extra>
                                <technique profile="blender">
                                  <layer sid="layer" type="string">0</layer>
                                  <tip_x sid="tip_x" type="float">0</tip_x>
                                  <tip_y sid="tip_y" type="float">0.02999997</tip_y>
                                  <tip_z sid="tip_z" type="float">0</tip_z>
                                </technique>
                              </extra>
                            </node>
                            <node id="GanondorfRig_mFaceEyeAltLeft" name="mFaceEyeAltLeft" sid="mFaceEyeAltLeft" type="JOINT">
                              <matrix sid="transform">1 0 0 0.073 0 1 0 0.036 0 0 1 0.03399992 0 0 0 1</matrix>
                              <extra>
                                <technique profile="blender">
                                  <layer sid="layer" type="string">0</layer>
                                  <tip_x sid="tip_x" type="float">0</tip_x>
                                  <tip_y sid="tip_y" type="float">0.02999997</tip_y>
                                  <tip_z sid="tip_z" type="float">0</tip_z>
                                </technique>
                              </extra>
                            </node>
                            <node id="GanondorfRig_mFaceForeheadLeft" name="mFaceForeheadLeft" sid="mFaceForeheadLeft" type="JOINT">
                              <matrix sid="transform">1 0 0 0.061 0 1 0 0.035 0 0 1 0.08299994 0 0 0 1</matrix>
                              <extra>
                                <technique profile="blender">
                                  <layer sid="layer" type="string">0</layer>
                                  <tip_x sid="tip_x" type="float">0</tip_x>
                                  <tip_y sid="tip_y" type="float">0.02999997</tip_y>
                                  <tip_z sid="tip_z" type="float">0</tip_z>
                                </technique>
                              </extra>
                            </node>
                            <node id="GanondorfRig_mFaceForeheadRight" name="mFaceForeheadRight" sid="mFaceForeheadRight" type="JOINT">
                              <matrix sid="transform">1 0 0 0.061 0 1 0 -0.035 0 0 1 0.08299994 0 0 0 1</matrix>
                              <extra>
                                <technique profile="blender">
                                  <layer sid="layer" type="string">0</layer>
                                  <tip_x sid="tip_x" type="float">0</tip_x>
                                  <tip_y sid="tip_y" type="float">0.02999997</tip_y>
                                  <tip_z sid="tip_z" type="float">0</tip_z>
                                </technique>
                              </extra>
                            </node>
                            <node id="GanondorfRig_mFaceEyebrowOuterLeft" name="mFaceEyebrowOuterLeft" sid="mFaceEyebrowOuterLeft" type="JOINT">
                              <matrix sid="transform">1 0 0 0.064 0 1 0 0.051 0 0 1 0.04799998 0 0 0 1</matrix>
                              <extra>
                                <technique profile="blender">
                                  <layer sid="layer" type="string">0</layer>
                                  <tip_x sid="tip_x" type="float">0</tip_x>
                                  <tip_y sid="tip_y" type="float">0.02999997</tip_y>
                                  <tip_z sid="tip_z" type="float">0</tip_z>
                                </technique>
                              </extra>
                            </node>
                            <node id="GanondorfRig_mFaceEyebrowCenterLeft" name="mFaceEyebrowCenterLeft" sid="mFaceEyebrowCenterLeft" type="JOINT">
                              <matrix sid="transform">1 0 0 0.07 0 1 0 0.043 0 0 1 0.05599999 0 0 0 1</matrix>
                              <extra>
                                <technique profile="blender">
                                  <layer sid="layer" type="string">0</layer>
                                  <tip_x sid="tip_x" type="float">0</tip_x>
                                  <tip_y sid="tip_y" type="float">0.02999997</tip_y>
                                  <tip_z sid="tip_z" type="float">0</tip_z>
                                </technique>
                              </extra>
                            </node>
                            <node id="GanondorfRig_mFaceEyebrowInnerLeft" name="mFaceEyebrowInnerLeft" sid="mFaceEyebrowInnerLeft" type="JOINT">
                              <matrix sid="transform">1 0 0 0.075 0 1 0 0.022 0 0 1 0.051 0 0 0 1</matrix>
                              <extra>
                                <technique profile="blender">
                                  <layer sid="layer" type="string">0</layer>
                                  <tip_x sid="tip_x" type="float">0</tip_x>
                                  <tip_y sid="tip_y" type="float">0.02999997</tip_y>
                                  <tip_z sid="tip_z" type="float">0</tip_z>
                                </technique>
                              </extra>
                            </node>
                            <node id="GanondorfRig_mFaceEyebrowOuterRight" name="mFaceEyebrowOuterRight" sid="mFaceEyebrowOuterRight" type="JOINT">
                              <matrix sid="transform">1 0 0 0.064 0 1 0 -0.051 0 0 1 0.04799998 0 0 0 1</matrix>
                              <extra>
                                <technique profile="blender">
                                  <layer sid="layer" type="string">0</layer>
                                  <tip_x sid="tip_x" type="float">0</tip_x>
                                  <tip_y sid="tip_y" type="float">0.02999997</tip_y>
                                  <tip_z sid="tip_z" type="float">0</tip_z>
                                </technique>
                              </extra>
                            </node>
                            <node id="GanondorfRig_mFaceEyebrowCenterRight" name="mFaceEyebrowCenterRight" sid="mFaceEyebrowCenterRight" type="JOINT">
                              <matrix sid="transform">1 0 0 0.07 0 1 0 -0.043 0 0 1 0.05599999 0 0 0 1</matrix>
                              <extra>
                                <technique profile="blender">
                                  <layer sid="layer" type="string">0</layer>
                                  <tip_x sid="tip_x" type="float">0</tip_x>
                                  <tip_y sid="tip_y" type="float">0.02999997</tip_y>
                                  <tip_z sid="tip_z" type="float">0</tip_z>
                                </technique>
                              </extra>
                            </node>
                            <node id="GanondorfRig_mFaceEyebrowInnerRight" name="mFaceEyebrowInnerRight" sid="mFaceEyebrowInnerRight" type="JOINT">
                              <matrix sid="transform">1 0 0 0.075 0 1 0 -0.022 0 0 1 0.051 0 0 0 1</matrix>
                              <extra>
                                <technique profile="blender">
                                  <layer sid="layer" type="string">0</layer>
                                  <tip_x sid="tip_x" type="float">0</tip_x>
                                  <tip_y sid="tip_y" type="float">0.02999997</tip_y>
                                  <tip_z sid="tip_z" type="float">0</tip_z>
                                </technique>
                              </extra>
                            </node>
                            <node id="GanondorfRig_mFaceEyeLidUpperLeft" name="mFaceEyeLidUpperLeft" sid="mFaceEyeLidUpperLeft" type="JOINT">
                              <matrix sid="transform">1 0 0 0.073 0 1 0 0.036 0 0 1 0.03399992 0 0 0 1</matrix>
                              <extra>
                                <technique profile="blender">
                                  <layer sid="layer" type="string">0</layer>
                                  <tip_x sid="tip_x" type="float">0</tip_x>
                                  <tip_y sid="tip_y" type="float">0.02999997</tip_y>
                                  <tip_z sid="tip_z" type="float">0</tip_z>
                                </technique>
                              </extra>
                            </node>
                            <node id="GanondorfRig_mFaceEyeLidLowerLeft" name="mFaceEyeLidLowerLeft" sid="mFaceEyeLidLowerLeft" type="JOINT">
                              <matrix sid="transform">1 0 0 0.073 0 1 0 0.036 0 0 1 0.03399992 0 0 0 1</matrix>
                              <extra>
                                <technique profile="blender">
                                  <layer sid="layer" type="string">0</layer>
                                  <tip_x sid="tip_x" type="float">0</tip_x>
                                  <tip_y sid="tip_y" type="float">0.02999997</tip_y>
                                  <tip_z sid="tip_z" type="float">0</tip_z>
                                </technique>
                              </extra>
                            </node>
                            <node id="GanondorfRig_mFaceEyeLidUpperRight" name="mFaceEyeLidUpperRight" sid="mFaceEyeLidUpperRight" type="JOINT">
                              <matrix sid="transform">1 0 0 0.073 0 1 0 -0.036 0 0 1 0.03399992 0 0 0 1</matrix>
                              <extra>
                                <technique profile="blender">
                                  <layer sid="layer" type="string">0</layer>
                                  <tip_x sid="tip_x" type="float">0</tip_x>
                                  <tip_y sid="tip_y" type="float">0.02999997</tip_y>
                                  <tip_z sid="tip_z" type="float">0</tip_z>
                                </technique>
                              </extra>
                            </node>
                            <node id="GanondorfRig_mFaceEyeLidLowerRight" name="mFaceEyeLidLowerRight" sid="mFaceEyeLidLowerRight" type="JOINT">
                              <matrix sid="transform">1 0 0 0.073 0 1 0 -0.036 0 0 1 0.03399992 0 0 0 1</matrix>
                              <extra>
                                <technique profile="blender">
                                  <layer sid="layer" type="string">0</layer>
                                  <tip_x sid="tip_x" type="float">0</tip_x>
                                  <tip_y sid="tip_y" type="float">0.02999997</tip_y>
                                  <tip_z sid="tip_z" type="float">0</tip_z>
                                </technique>
                              </extra>
                            </node>
                            <node id="GanondorfRig_mFaceEar1Left" name="mFaceEar1Left" sid="mFaceEar1Left" type="JOINT">
                              <matrix sid="transform">1 0 0 0 0 1 0 0.08 0 0 1 0.001999974 0 0 0 1</matrix>
                              <node id="GanondorfRig_mFaceEar2Left" name="mFaceEar2Left" sid="mFaceEar2Left" type="JOINT">
                                <matrix sid="transform">1 0 0 -0.019 0 1 0 0.018 0 0 1 0.02499998 0 0 0 1</matrix>
                                <extra>
                                  <technique profile="blender">
                                    <layer sid="layer" type="string">0</layer>
                                    <tip_x sid="tip_x" type="float">0</tip_x>
                                    <tip_y sid="tip_y" type="float">0.02999997</tip_y>
                                    <tip_z sid="tip_z" type="float">0</tip_z>
                                  </technique>
                                </extra>
                              </node>
                              <extra>
                                <technique profile="blender">
                                  <layer sid="layer" type="string">0</layer>
                                  <tip_x sid="tip_x" type="float">0</tip_x>
                                  <tip_y sid="tip_y" type="float">0.02999997</tip_y>
                                  <tip_z sid="tip_z" type="float">0</tip_z>
                                </technique>
                              </extra>
                            </node>
                            <node id="GanondorfRig_mFaceEar1Right" name="mFaceEar1Right" sid="mFaceEar1Right" type="JOINT">
                              <matrix sid="transform">1 0 0 0 0 1 0 -0.08 0 0 1 0.001999974 0 0 0 1</matrix>
                              <node id="GanondorfRig_mFaceEar2Right" name="mFaceEar2Right" sid="mFaceEar2Right" type="JOINT">
                                <matrix sid="transform">1 0 0 -0.019 0 1 0 -0.018 0 0 1 0.02499998 0 0 0 1</matrix>
                                <extra>
                                  <technique profile="blender">
                                    <layer sid="layer" type="string">0</layer>
                                    <tip_x sid="tip_x" type="float">0</tip_x>
                                    <tip_y sid="tip_y" type="float">0.02999997</tip_y>
                                    <tip_z sid="tip_z" type="float">0</tip_z>
                                  </technique>
                                </extra>
                              </node>
                              <extra>
                                <technique profile="blender">
                                  <layer sid="layer" type="string">0</layer>
                                  <tip_x sid="tip_x" type="float">0</tip_x>
                                  <tip_y sid="tip_y" type="float">0.02999997</tip_y>
                                  <tip_z sid="tip_z" type="float">0</tip_z>
                                </technique>
                              </extra>
                            </node>
                            <node id="GanondorfRig_mFaceNoseLeft" name="mFaceNoseLeft" sid="mFaceNoseLeft" type="JOINT">
                              <matrix sid="transform">1 0 0 0.086 0 1 0 0.015 0 0 1 -0.004000068 0 0 0 1</matrix>
                              <extra>
                                <technique profile="blender">
                                  <layer sid="layer" type="string">0</layer>
                                  <tip_x sid="tip_x" type="float">0</tip_x>
                                  <tip_y sid="tip_y" type="float">0.02999997</tip_y>
                                  <tip_z sid="tip_z" type="float">0</tip_z>
                                </technique>
                              </extra>
                            </node>
                            <node id="GanondorfRig_mFaceNoseCenter" name="mFaceNoseCenter" sid="mFaceNoseCenter" type="JOINT">
                              <matrix sid="transform">1 0 0 0.102 0 1 0 0 0 0 1 0 0 0 0 1</matrix>
                              <extra>
                                <technique profile="blender">
                                  <layer sid="layer" type="string">0</layer>
                                  <tip_x sid="tip_x" type="float">0</tip_x>
                                  <tip_y sid="tip_y" type="float">0.02999997</tip_y>
                                  <tip_z sid="tip_z" type="float">0</tip_z>
                                </technique>
                              </extra>
                            </node>
                            <node id="GanondorfRig_mFaceNoseRight" name="mFaceNoseRight" sid="mFaceNoseRight" type="JOINT">
                              <matrix sid="transform">1 0 0 0.086 0 1 0 -0.015 0 0 1 -0.004000068 0 0 0 1</matrix>
                              <extra>
                                <technique profile="blender">
                                  <layer sid="layer" type="string">0</layer>
                                  <tip_x sid="tip_x" type="float">0</tip_x>
                                  <tip_y sid="tip_y" type="float">0.02999997</tip_y>
                                  <tip_z sid="tip_z" type="float">0</tip_z>
                                </technique>
                              </extra>
                            </node>
                            <node id="GanondorfRig_mFaceCheekLowerLeft" name="mFaceCheekLowerLeft" sid="mFaceCheekLowerLeft" type="JOINT">
                              <matrix sid="transform">1 0 0 0.05 0 1 0 0.034 0 0 1 -0.03100002 0 0 0 1</matrix>
                              <extra>
                                <technique profile="blender">
                                  <layer sid="layer" type="string">0</layer>
                                  <tip_x sid="tip_x" type="float">0</tip_x>
                                  <tip_y sid="tip_y" type="float">0.02999997</tip_y>
                                  <tip_z sid="tip_z" type="float">0</tip_z>
                                </technique>
                              </extra>
                            </node>
                            <node id="GanondorfRig_mFaceCheekUpperLeft" name="mFaceCheekUpperLeft" sid="mFaceCheekUpperLeft" type="JOINT">
                              <matrix sid="transform">1 0 0 0.07 0 1 0 0.034 0 0 1 -0.004999995 0 0 0 1</matrix>
                              <extra>
                                <technique profile="blender">
                                  <layer sid="layer" type="string">0</layer>
                                  <tip_x sid="tip_x" type="float">0</tip_x>
                                  <tip_y sid="tip_y" type="float">0.02999997</tip_y>
                                  <tip_z sid="tip_z" type="float">0</tip_z>
                                </technique>
                              </extra>
                            </node>
                            <node id="GanondorfRig_mFaceCheekLowerRight" name="mFaceCheekLowerRight" sid="mFaceCheekLowerRight" type="JOINT">
                              <matrix sid="transform">1 0 0 0.05 0 1 0 -0.034 0 0 1 -0.03100002 0 0 0 1</matrix>
                              <extra>
                                <technique profile="blender">
                                  <layer sid="layer" type="string">0</layer>
                                  <tip_x sid="tip_x" type="float">0</tip_x>
                                  <tip_y sid="tip_y" type="float">0.02999997</tip_y>
                                  <tip_z sid="tip_z" type="float">0</tip_z>
                                </technique>
                              </extra>
                            </node>
                            <node id="GanondorfRig_mFaceCheekUpperRight" name="mFaceCheekUpperRight" sid="mFaceCheekUpperRight" type="JOINT">
                              <matrix sid="transform">1 0 0 0.07 0 1 0 -0.034 0 0 1 -0.004999995 0 0 0 1</matrix>
                              <extra>
                                <technique profile="blender">
                                  <layer sid="layer" type="string">0</layer>
                                  <tip_x sid="tip_x" type="float">0</tip_x>
                                  <tip_y sid="tip_y" type="float">0.02999997</tip_y>
                                  <tip_z sid="tip_z" type="float">0</tip_z>
                                </technique>
                              </extra>
                            </node>
                            <node id="GanondorfRig_mFaceJaw" name="mFaceJaw" sid="mFaceJaw" type="JOINT">
                              <matrix sid="transform">1 0 0 -0.001 0 1 0 0 0 0 1 -0.01499999 0 0 0 1</matrix>
                              <node id="GanondorfRig_mFaceChin" name="mFaceChin" sid="mFaceChin" type="JOINT">
                                <matrix sid="transform">1 0 0 0.074 0 1 0 0 0 0 1 -0.05400002 0 0 0 1</matrix>
                                <extra>
                                  <technique profile="blender">
                                    <layer sid="layer" type="string">0</layer>
                                    <tip_x sid="tip_x" type="float">0</tip_x>
                                    <tip_y sid="tip_y" type="float">0.02999997</tip_y>
                                    <tip_z sid="tip_z" type="float">0</tip_z>
                                  </technique>
                                </extra>
                              </node>
                              <node id="GanondorfRig_mFaceTeethLower" name="mFaceTeethLower" sid="mFaceTeethLower" type="JOINT">
                                <matrix sid="transform">1 0 0 0.021 0 1 0 0 0 0 1 -0.03900003 0 0 0 1</matrix>
                                <node id="GanondorfRig_mFaceLipLowerLeft" name="mFaceLipLowerLeft" sid="mFaceLipLowerLeft" type="JOINT">
                                  <matrix sid="transform">1 0 0 0.045 0 1 0 0 0 0 1 0 0 0 0 1</matrix>
                                  <extra>
                                    <technique profile="blender">
                                      <layer sid="layer" type="string">0</layer>
                                      <tip_x sid="tip_x" type="float">0</tip_x>
                                      <tip_y sid="tip_y" type="float">0.02999997</tip_y>
                                      <tip_z sid="tip_z" type="float">0</tip_z>
                                    </technique>
                                  </extra>
                                </node>
                                <node id="GanondorfRig_mFaceLipLowerRight" name="mFaceLipLowerRight" sid="mFaceLipLowerRight" type="JOINT">
                                  <matrix sid="transform">1 0 0 0.045 0 1 0 0 0 0 1 0 0 0 0 1</matrix>
                                  <extra>
                                    <technique profile="blender">
                                      <layer sid="layer" type="string">0</layer>
                                      <tip_x sid="tip_x" type="float">0</tip_x>
                                      <tip_y sid="tip_y" type="float">0.02999997</tip_y>
                                      <tip_z sid="tip_z" type="float">0</tip_z>
                                    </technique>
                                  </extra>
                                </node>
                                <node id="GanondorfRig_mFaceLipLowerCenter" name="mFaceLipLowerCenter" sid="mFaceLipLowerCenter" type="JOINT">
                                  <matrix sid="transform">1 0 0 0.045 0 1 0 0 0 0 1 0 0 0 0 1</matrix>
                                  <extra>
                                    <technique profile="blender">
                                      <layer sid="layer" type="string">0</layer>
                                      <tip_x sid="tip_x" type="float">0</tip_x>
                                      <tip_y sid="tip_y" type="float">0.02999997</tip_y>
                                      <tip_z sid="tip_z" type="float">0</tip_z>
                                    </technique>
                                  </extra>
                                </node>
                                <node id="GanondorfRig_mFaceTongueBase" name="mFaceTongueBase" sid="mFaceTongueBase" type="JOINT">
                                  <matrix sid="transform">1 0 0 0.039 0 1 0 0 0 0 1 0.004999995 0 0 0 1</matrix>
                                  <node id="GanondorfRig_mFaceTongueTip" name="mFaceTongueTip" sid="mFaceTongueTip" type="JOINT">
                                    <matrix sid="transform">1 0 0 0.022 0 1 0 0 0 0 1 0.006999969 0 0 0 1</matrix>
                                    <extra>
                                      <technique profile="blender">
                                        <layer sid="layer" type="string">0</layer>
                                        <tip_x sid="tip_x" type="float">0</tip_x>
                                        <tip_y sid="tip_y" type="float">0.02999997</tip_y>
                                        <tip_z sid="tip_z" type="float">0</tip_z>
                                      </technique>
                                    </extra>
                                  </node>
                                  <extra>
                                    <technique profile="blender">
                                      <layer sid="layer" type="string">0</layer>
                                      <tip_x sid="tip_x" type="float">0</tip_x>
                                      <tip_y sid="tip_y" type="float">0.02999997</tip_y>
                                      <tip_z sid="tip_z" type="float">0</tip_z>
                                    </technique>
                                  </extra>
                                </node>
                                <extra>
                                  <technique profile="blender">
                                    <layer sid="layer" type="string">0</layer>
                                    <tip_x sid="tip_x" type="float">0</tip_x>
                                    <tip_y sid="tip_y" type="float">0.02999997</tip_y>
                                    <tip_z sid="tip_z" type="float">0</tip_z>
                                  </technique>
                                </extra>
                              </node>
                              <extra>
                                <technique profile="blender">
                                  <layer sid="layer" type="string">0</layer>
                                  <tip_x sid="tip_x" type="float">0</tip_x>
                                  <tip_y sid="tip_y" type="float">0.02999997</tip_y>
                                  <tip_z sid="tip_z" type="float">0</tip_z>
                                </technique>
                              </extra>
                            </node>
                            <node id="GanondorfRig_mFaceJawShaper" name="mFaceJawShaper" sid="mFaceJawShaper" type="JOINT">
                              <matrix sid="transform">1 0 0 0 0 1 0 0 0 0 1 0 0 0 0 1</matrix>
                              <extra>
                                <technique profile="blender">
                                  <layer sid="layer" type="string">0</layer>
                                  <tip_x sid="tip_x" type="float">0</tip_x>
                                  <tip_y sid="tip_y" type="float">0.02999997</tip_y>
                                  <tip_z sid="tip_z" type="float">0</tip_z>
                                </technique>
                              </extra>
                            </node>
                            <node id="GanondorfRig_mFaceForeheadCenter" name="mFaceForeheadCenter" sid="mFaceForeheadCenter" type="JOINT">
                              <matrix sid="transform">1 0 0 0.069 0 1 0 0 0 0 1 0.06499994 0 0 0 1</matrix>
                              <extra>
                                <technique profile="blender">
                                  <layer sid="layer" type="string">0</layer>
                                  <tip_x sid="tip_x" type="float">0</tip_x>
                                  <tip_y sid="tip_y" type="float">0.02999997</tip_y>
                                  <tip_z sid="tip_z" type="float">0</tip_z>
                                </technique>
                              </extra>
                            </node>
                            <node id="GanondorfRig_mFaceNoseBase" name="mFaceNoseBase" sid="mFaceNoseBase" type="JOINT">
                              <matrix sid="transform">1 0 0 0.094 0 1 0 0 0 0 1 -0.01600003 0 0 0 1</matrix>
                              <extra>
                                <technique profile="blender">
                                  <layer sid="layer" type="string">0</layer>
                                  <tip_x sid="tip_x" type="float">0</tip_x>
                                  <tip_y sid="tip_y" type="float">0.02999997</tip_y>
                                  <tip_z sid="tip_z" type="float">0</tip_z>
                                </technique>
                              </extra>
                            </node>
                            <node id="GanondorfRig_mFaceTeethUpper" name="mFaceTeethUpper" sid="mFaceTeethUpper" type="JOINT">
                              <matrix sid="transform">1 0 0 0.02 0 1 0 0 0 0 1 -0.03000009 0 0 0 1</matrix>
                              <node id="GanondorfRig_mFaceLipUpperLeft" name="mFaceLipUpperLeft" sid="mFaceLipUpperLeft" type="JOINT">
                                <matrix sid="transform">1 0 0 0.045 0 1 0 0 0 0 1 -0.002999902 0 0 0 1</matrix>
                                <extra>
                                  <technique profile="blender">
                                    <layer sid="layer" type="string">0</layer>
                                    <tip_x sid="tip_x" type="float">0</tip_x>
                                    <tip_y sid="tip_y" type="float">0.02999997</tip_y>
                                    <tip_z sid="tip_z" type="float">0</tip_z>
                                  </technique>
                                </extra>
                              </node>
                              <node id="GanondorfRig_mFaceLipUpperRight" name="mFaceLipUpperRight" sid="mFaceLipUpperRight" type="JOINT">
                                <matrix sid="transform">1 0 0 0.045 0 1 0 0 0 0 1 -0.002999902 0 0 0 1</matrix>
                                <extra>
                                  <technique profile="blender">
                                    <layer sid="layer" type="string">0</layer>
                                    <tip_x sid="tip_x" type="float">0</tip_x>
                                    <tip_y sid="tip_y" type="float">0.02999997</tip_y>
                                    <tip_z sid="tip_z" type="float">0</tip_z>
                                  </technique>
                                </extra>
                              </node>
                              <node id="GanondorfRig_mFaceLipCornerLeft" name="mFaceLipCornerLeft" sid="mFaceLipCornerLeft" type="JOINT">
                                <matrix sid="transform">1 0 0 0.028 0 1 0 -0.019 0 0 1 -0.00999999 0 0 0 1</matrix>
                                <extra>
                                  <technique profile="blender">
                                    <layer sid="layer" type="string">0</layer>
                                    <tip_x sid="tip_x" type="float">0</tip_x>
                                    <tip_y sid="tip_y" type="float">0.02999997</tip_y>
                                    <tip_z sid="tip_z" type="float">0</tip_z>
                                  </technique>
                                </extra>
                              </node>
                              <node id="GanondorfRig_mFaceLipCornerRight" name="mFaceLipCornerRight" sid="mFaceLipCornerRight" type="JOINT">
                                <matrix sid="transform">1 0 0 0.028 0 1 0 0.019 0 0 1 -0.00999999 0 0 0 1</matrix>
                                <extra>
                                  <technique profile="blender">
                                    <layer sid="layer" type="string">0</layer>
                                    <tip_x sid="tip_x" type="float">0</tip_x>
                                    <tip_y sid="tip_y" type="float">0.02999997</tip_y>
                                    <tip_z sid="tip_z" type="float">0</tip_z>
                                  </technique>
                                </extra>
                              </node>
                              <node id="GanondorfRig_mFaceLipUpperCenter" name="mFaceLipUpperCenter" sid="mFaceLipUpperCenter" type="JOINT">
                                <matrix sid="transform">1 0 0 0.045 0 1 0 0 0 0 1 -0.002999902 0 0 0 1</matrix>
                                <extra>
                                  <technique profile="blender">
                                    <layer sid="layer" type="string">0</layer>
                                    <tip_x sid="tip_x" type="float">0</tip_x>
                                    <tip_y sid="tip_y" type="float">0.02999997</tip_y>
                                    <tip_z sid="tip_z" type="float">0</tip_z>
                                  </technique>
                                </extra>
                              </node>
                              <extra>
                                <technique profile="blender">
                                  <layer sid="layer" type="string">0</layer>
                                  <tip_x sid="tip_x" type="float">0</tip_x>
                                  <tip_y sid="tip_y" type="float">0.02999997</tip_y>
                                  <tip_z sid="tip_z" type="float">0</tip_z>
                                </technique>
                              </extra>
                            </node>
                            <node id="GanondorfRig_mFaceEyecornerInnerLeft" name="mFaceEyecornerInnerLeft" sid="mFaceEyecornerInnerLeft" type="JOINT">
                              <matrix sid="transform">1 0 0 0.075 0 1 0 0.017 0 0 1 0.03199995 0 0 0 1</matrix>
                              <extra>
                                <technique profile="blender">
                                  <layer sid="layer" type="string">0</layer>
                                  <tip_x sid="tip_x" type="float">0</tip_x>
                                  <tip_y sid="tip_y" type="float">0.02999997</tip_y>
                                  <tip_z sid="tip_z" type="float">0</tip_z>
                                </technique>
                              </extra>
                            </node>
                            <node id="GanondorfRig_mFaceEyecornerInnerRight" name="mFaceEyecornerInnerRight" sid="mFaceEyecornerInnerRight" type="JOINT">
                              <matrix sid="transform">1 0 0 0.075 0 1 0 -0.017 0 0 1 0.03199995 0 0 0 1</matrix>
                              <extra>
                                <technique profile="blender">
                                  <layer sid="layer" type="string">0</layer>
                                  <tip_x sid="tip_x" type="float">0</tip_x>
                                  <tip_y sid="tip_y" type="float">0.02999997</tip_y>
                                  <tip_z sid="tip_z" type="float">0</tip_z>
                                </technique>
                              </extra>
                            </node>
                            <node id="GanondorfRig_mFaceNoseBridge" name="mFaceNoseBridge" sid="mFaceNoseBridge" type="JOINT">
                              <matrix sid="transform">1 0 0 0.091 0 1 0 0 0 0 1 0.01999998 0 0 0 1</matrix>
                              <extra>
                                <technique profile="blender">
                                  <layer sid="layer" type="string">0</layer>
                                  <tip_x sid="tip_x" type="float">0</tip_x>
                                  <tip_y sid="tip_y" type="float">0.02999997</tip_y>
                                  <tip_z sid="tip_z" type="float">0</tip_z>
                                </technique>
                              </extra>
                            </node>
                            <extra>
                              <technique profile="blender">
                                <layer sid="layer" type="string">0</layer>
                                <tip_x sid="tip_x" type="float">0</tip_x>
                                <tip_y sid="tip_y" type="float">0.02999997</tip_y>
                                <tip_z sid="tip_z" type="float">0</tip_z>
                              </technique>
                            </extra>
                          </node>
                          <extra>
                            <technique profile="blender">
                              <layer sid="layer" type="string">0</layer>
                              <tip_x sid="tip_x" type="float">0</tip_x>
                              <tip_y sid="tip_y" type="float">0.02999997</tip_y>
                              <tip_z sid="tip_z" type="float">0</tip_z>
                            </technique>
                          </extra>
                        </node>
                        <extra>
                          <technique profile="blender">
                            <layer sid="layer" type="string">0</layer>
                            <tip_x sid="tip_x" type="float">0</tip_x>
                            <tip_y sid="tip_y" type="float">0.02999997</tip_y>
                            <tip_z sid="tip_z" type="float">0</tip_z>
                          </technique>
                        </extra>
                      </node>
                      <node id="GanondorfRig_mCollarLeft" name="mCollarLeft" sid="mCollarLeft" type="JOINT">
                        <matrix sid="transform">1 0 0 -0.021 0 1 0 0.085 0 0 1 0.1650001 0 0 0 1</matrix>
                        <node id="GanondorfRig_L_CLAVICLE" name="L_CLAVICLE" sid="L_CLAVICLE" type="JOINT">
                          <matrix sid="transform">1 0 0 0.02 0 1 0 0 0 0 1 0.01999998 0 0 0 1</matrix>
                          <extra>
                            <technique profile="blender">
                              <layer sid="layer" type="string">0</layer>
                              <tip_x sid="tip_x" type="float">0</tip_x>
                              <tip_y sid="tip_y" type="float">0.02999997</tip_y>
                              <tip_z sid="tip_z" type="float">0</tip_z>
                            </technique>
                          </extra>
                        </node>
                        <node id="GanondorfRig_mShoulderLeft" name="mShoulderLeft" sid="mShoulderLeft" type="JOINT">
                          <matrix sid="transform">1 0 0 0 0 1 0 0.079 0 0 1 0 0 0 0 1</matrix>
                          <node id="GanondorfRig_L_UPPER_ARM" name="L_UPPER_ARM" sid="L_UPPER_ARM" type="JOINT">
                            <matrix sid="transform">1 0 0 0 0 1 0 0.12 0 0 1 0.00999999 0 0 0 1</matrix>
                            <extra>
                              <technique profile="blender">
                                <layer sid="layer" type="string">0</layer>
                                <tip_x sid="tip_x" type="float">0</tip_x>
                                <tip_y sid="tip_y" type="float">0.02988582</tip_y>
                                <tip_z sid="tip_z" type="float">-0.002614617</tip_z>
                              </technique>
                            </extra>
                          </node>
                          <node id="GanondorfRig_mElbowLeft" name="mElbowLeft" sid="mElbowLeft" type="JOINT">
                            <matrix sid="transform">1 0 0 0 0 1 0 0.248 0 0 1 0 0 0 0 1</matrix>
                            <node id="GanondorfRig_L_LOWER_ARM" name="L_LOWER_ARM" sid="L_LOWER_ARM" type="JOINT">
                              <matrix sid="transform">1 0 0 0 0 0.9999999 0 0.1 0 0 0.9999999 0 0 0 0 1</matrix>
                              <extra>
                                <technique profile="blender">
                                  <layer sid="layer" type="string">0</layer>
                                  <tip_x sid="tip_x" type="float">0</tip_x>
                                  <tip_y sid="tip_y" type="float">0.0299589</tip_y>
                                  <tip_z sid="tip_z" type="float">-0.001570105</tip_z>
                                </technique>
                              </extra>
                            </node>
                            <node id="GanondorfRig_mWristLeft" name="mWristLeft" sid="mWristLeft" type="JOINT">
                              <matrix sid="transform">1 0 0 0 0 1 0 0.205 0 0 1 0 0 0 0 1</matrix>
                              <node id="GanondorfRig_L_HAND" name="L_HAND" sid="L_HAND" type="JOINT">
                                <matrix sid="transform">0.9999999 -7.567e-10 9.31323e-10 0.009999998 1.41154e-8 0.9999999 3.72529e-9 0.05000001 -9.31323e-10 3.72529e-9 1 0 0 0 0 1</matrix>
                                <extra>
                                  <technique profile="blender">
                                    <layer sid="layer" type="string">0</layer>
                                    <roll sid="roll" type="float">0.004581928</roll>
                                    <tip_x sid="tip_x" type="float">0.005202293</tip_x>
                                    <tip_y sid="tip_y" type="float">0.02950376</tip_y>
                                    <tip_z sid="tip_z" type="float">-0.001570105</tip_z>
                                  </technique>
                                </extra>
                              </node>
                              <node id="GanondorfRig_mHandMiddle1Left" name="mHandMiddle1Left" sid="mHandMiddle1Left" type="JOINT">
                                <matrix sid="transform">1 0 0 0.013 0 1 0 0.101 0 0 1 0.01499999 0 0 0 1</matrix>
                                <node id="GanondorfRig_mHandMiddle2Left" name="mHandMiddle2Left" sid="mHandMiddle2Left" type="JOINT">
                                  <matrix sid="transform">1 0 0 -0.001 0 1 0 0.04000002 0 0 1 -0.006000042 0 0 0 1</matrix>
                                  <node id="GanondorfRig_mHandMiddle3Left" name="mHandMiddle3Left" sid="mHandMiddle3Left" type="JOINT">
                                    <matrix sid="transform">1 0 0 -0.001 0 1 0 0.04899997 0 0 1 -0.008000016 0 0 0 1</matrix>
                                    <extra>
                                      <technique profile="blender">
                                        <layer sid="layer" type="string">0</layer>
                                        <tip_x sid="tip_x" type="float">0</tip_x>
                                        <tip_y sid="tip_y" type="float">0.02999997</tip_y>
                                        <tip_z sid="tip_z" type="float">0</tip_z>
                                      </technique>
                                    </extra>
                                  </node>
                                  <extra>
                                    <technique profile="blender">
                                      <layer sid="layer" type="string">0</layer>
                                      <tip_x sid="tip_x" type="float">0</tip_x>
                                      <tip_y sid="tip_y" type="float">0.02999997</tip_y>
                                      <tip_z sid="tip_z" type="float">0</tip_z>
                                    </technique>
                                  </extra>
                                </node>
                                <extra>
                                  <technique profile="blender">
                                    <layer sid="layer" type="string">0</layer>
                                    <tip_x sid="tip_x" type="float">0</tip_x>
                                    <tip_y sid="tip_y" type="float">0.02999997</tip_y>
                                    <tip_z sid="tip_z" type="float">0</tip_z>
                                  </technique>
                                </extra>
                              </node>
                              <node id="GanondorfRig_mHandIndex1Left" name="mHandIndex1Left" sid="mHandIndex1Left" type="JOINT">
                                <matrix sid="transform">1 0 0 0.038 0 1 0 0.097 0 0 1 0.01499999 0 0 0 1</matrix>
                                <node id="GanondorfRig_mHandIndex2Left" name="mHandIndex2Left" sid="mHandIndex2Left" type="JOINT">
                                  <matrix sid="transform">1 0 0 0.017 0 1 0 0.03600001 0 0 1 -0.006000042 0 0 0 1</matrix>
                                  <node id="GanondorfRig_mHandIndex3Left" name="mHandIndex3Left" sid="mHandIndex3Left" type="JOINT">
                                    <matrix sid="transform">1 0 0 0.014 0 1 0 0.03200001 0 0 1 -0.005999923 0 0 0 1</matrix>
                                    <extra>
                                      <technique profile="blender">
                                        <layer sid="layer" type="string">0</layer>
                                        <tip_x sid="tip_x" type="float">0</tip_x>
                                        <tip_y sid="tip_y" type="float">0.02999997</tip_y>
                                        <tip_z sid="tip_z" type="float">0</tip_z>
                                      </technique>
                                    </extra>
                                  </node>
                                  <extra>
                                    <technique profile="blender">
                                      <layer sid="layer" type="string">0</layer>
                                      <tip_x sid="tip_x" type="float">0</tip_x>
                                      <tip_y sid="tip_y" type="float">0.02999997</tip_y>
                                      <tip_z sid="tip_z" type="float">0</tip_z>
                                    </technique>
                                  </extra>
                                </node>
                                <extra>
                                  <technique profile="blender">
                                    <layer sid="layer" type="string">0</layer>
                                    <tip_x sid="tip_x" type="float">0</tip_x>
                                    <tip_y sid="tip_y" type="float">0.02999997</tip_y>
                                    <tip_z sid="tip_z" type="float">0</tip_z>
                                  </technique>
                                </extra>
                              </node>
                              <node id="GanondorfRig_mHandRing1Left" name="mHandRing1Left" sid="mHandRing1Left" type="JOINT">
                                <matrix sid="transform">1 0 0 -0.01 0 1 0 0.09900004 0 0 1 0.008999944 0 0 0 1</matrix>
                                <node id="GanondorfRig_mHandRing2Left" name="mHandRing2Left" sid="mHandRing2Left" type="JOINT">
                                  <matrix sid="transform">1 0 0 -0.013 0 1 0 0.03799999 0 0 1 -0.008000016 0 0 0 1</matrix>
                                  <node id="GanondorfRig_mHandRing3Left" name="mHandRing3Left" sid="mHandRing3Left" type="JOINT">
                                    <matrix sid="transform">1 0 0 -0.013 0 1 0 0.04000002 0 0 1 -0.008999944 0 0 0 1</matrix>
                                    <extra>
                                      <technique profile="blender">
                                        <layer sid="layer" type="string">0</layer>
                                        <tip_x sid="tip_x" type="float">0</tip_x>
                                        <tip_y sid="tip_y" type="float">0.02999997</tip_y>
                                        <tip_z sid="tip_z" type="float">0</tip_z>
                                      </technique>
                                    </extra>
                                  </node>
                                  <extra>
                                    <technique profile="blender">
                                      <layer sid="layer" type="string">0</layer>
                                      <tip_x sid="tip_x" type="float">0</tip_x>
                                      <tip_y sid="tip_y" type="float">0.02999997</tip_y>
                                      <tip_z sid="tip_z" type="float">0</tip_z>
                                    </technique>
                                  </extra>
                                </node>
                                <extra>
                                  <technique profile="blender">
                                    <layer sid="layer" type="string">0</layer>
                                    <tip_x sid="tip_x" type="float">0</tip_x>
                                    <tip_y sid="tip_y" type="float">0.02999997</tip_y>
                                    <tip_z sid="tip_z" type="float">0</tip_z>
                                  </technique>
                                </extra>
                              </node>
                              <node id="GanondorfRig_mHandPinky1Left" name="mHandPinky1Left" sid="mHandPinky1Left" type="JOINT">
                                <matrix sid="transform">1 0 0 -0.031 0 1 0 0.09500003 0 0 1 0.003000021 0 0 0 1</matrix>
                                <node id="GanondorfRig_mHandPinky2Left" name="mHandPinky2Left" sid="mHandPinky2Left" type="JOINT">
                                  <matrix sid="transform">1 0 0 -0.024 0 1 0 0.02499998 0 0 1 -0.006000042 0 0 0 1</matrix>
                                  <node id="GanondorfRig_mHandPinky3Left" name="mHandPinky3Left" sid="mHandPinky3Left" type="JOINT">
                                    <matrix sid="transform">1 0 0 -0.015 0 1 0 0.01800001 0 0 1 -0.003999949 0 0 0 1</matrix>
                                    <extra>
                                      <technique profile="blender">
                                        <layer sid="layer" type="string">0</layer>
                                        <tip_x sid="tip_x" type="float">0</tip_x>
                                        <tip_y sid="tip_y" type="float">0.02999997</tip_y>
                                        <tip_z sid="tip_z" type="float">0</tip_z>
                                      </technique>
                                    </extra>
                                  </node>
                                  <extra>
                                    <technique profile="blender">
                                      <layer sid="layer" type="string">0</layer>
                                      <tip_x sid="tip_x" type="float">0</tip_x>
                                      <tip_y sid="tip_y" type="float">0.02999997</tip_y>
                                      <tip_z sid="tip_z" type="float">0</tip_z>
                                    </technique>
                                  </extra>
                                </node>
                                <extra>
                                  <technique profile="blender">
                                    <layer sid="layer" type="string">0</layer>
                                    <tip_x sid="tip_x" type="float">0</tip_x>
                                    <tip_y sid="tip_y" type="float">0.02999997</tip_y>
                                    <tip_z sid="tip_z" type="float">0</tip_z>
                                  </technique>
                                </extra>
                              </node>
                              <node id="GanondorfRig_mHandThumb1Left" name="mHandThumb1Left" sid="mHandThumb1Left" type="JOINT">
                                <matrix sid="transform">1 0 0 0.031 0 1 0 0.02600002 0 0 1 0.003999949 0 0 0 1</matrix>
                                <node id="GanondorfRig_mHandThumb2Left" name="mHandThumb2Left" sid="mHandThumb2Left" type="JOINT">
                                  <matrix sid="transform">1 0 0 0.028 0 1 0 0.03200001 0 0 1 -9.99928e-4 0 0 0 1</matrix>
                                  <node id="GanondorfRig_mHandThumb3Left" name="mHandThumb3Left" sid="mHandThumb3Left" type="JOINT">
                                    <matrix sid="transform">1 0 0 0.023 0 1 0 0.03099996 0 0 1 -0.001000047 0 0 0 1</matrix>
                                    <extra>
                                      <technique profile="blender">
                                        <layer sid="layer" type="string">0</layer>
                                        <tip_x sid="tip_x" type="float">0</tip_x>
                                        <tip_y sid="tip_y" type="float">0.02999997</tip_y>
                                        <tip_z sid="tip_z" type="float">0</tip_z>
                                      </technique>
                                    </extra>
                                  </node>
                                  <extra>
                                    <technique profile="blender">
                                      <layer sid="layer" type="string">0</layer>
                                      <tip_x sid="tip_x" type="float">0</tip_x>
                                      <tip_y sid="tip_y" type="float">0.02999997</tip_y>
                                      <tip_z sid="tip_z" type="float">0</tip_z>
                                    </technique>
                                  </extra>
                                </node>
                                <extra>
                                  <technique profile="blender">
                                    <layer sid="layer" type="string">0</layer>
                                    <tip_x sid="tip_x" type="float">0</tip_x>
                                    <tip_y sid="tip_y" type="float">0.02999997</tip_y>
                                    <tip_z sid="tip_z" type="float">0</tip_z>
                                  </technique>
                                </extra>
                              </node>
                              <extra>
                                <technique profile="blender">
                                  <layer sid="layer" type="string">0</layer>
                                  <tip_x sid="tip_x" type="float">0</tip_x>
                                  <tip_y sid="tip_y" type="float">0.02999997</tip_y>
                                  <tip_z sid="tip_z" type="float">0</tip_z>
                                </technique>
                              </extra>
                            </node>
                            <extra>
                              <technique profile="blender">
                                <layer sid="layer" type="string">0</layer>
                                <tip_x sid="tip_x" type="float">0</tip_x>
                                <tip_y sid="tip_y" type="float">0.02999997</tip_y>
                                <tip_z sid="tip_z" type="float">0</tip_z>
                              </technique>
                            </extra>
                          </node>
                          <extra>
                            <technique profile="blender">
                              <layer sid="layer" type="string">0</layer>
                              <tip_x sid="tip_x" type="float">0</tip_x>
                              <tip_y sid="tip_y" type="float">0.02999997</tip_y>
                              <tip_z sid="tip_z" type="float">0</tip_z>
                            </technique>
                          </extra>
                        </node>
                        <extra>
                          <technique profile="blender">
                            <layer sid="layer" type="string">0</layer>
                            <tip_x sid="tip_x" type="float">0</tip_x>
                            <tip_y sid="tip_y" type="float">0.02999997</tip_y>
                            <tip_z sid="tip_z" type="float">0</tip_z>
                          </technique>
                        </extra>
                      </node>
                      <node id="GanondorfRig_mCollarRight" name="mCollarRight" sid="mCollarRight" type="JOINT">
                        <matrix sid="transform">1 0 0 -0.021 0 1 0 -0.085 0 0 1 0.1650001 0 0 0 1</matrix>
                        <node id="GanondorfRig_R_CLAVICLE" name="R_CLAVICLE" sid="R_CLAVICLE" type="JOINT">
                          <matrix sid="transform">1 0 0 0.02 0 1 0 0 0 0 1 0.01999998 0 0 0 1</matrix>
                          <extra>
                            <technique profile="blender">
                              <layer sid="layer" type="string">0</layer>
                              <tip_x sid="tip_x" type="float">0</tip_x>
                              <tip_y sid="tip_y" type="float">0.02999997</tip_y>
                              <tip_z sid="tip_z" type="float">0</tip_z>
                            </technique>
                          </extra>
                        </node>
                        <node id="GanondorfRig_mShoulderRight" name="mShoulderRight" sid="mShoulderRight" type="JOINT">
                          <matrix sid="transform">1 0 0 0 0 1 0 -0.079 0 0 1 0 0 0 0 1</matrix>
                          <node id="GanondorfRig_R_UPPER_ARM" name="R_UPPER_ARM" sid="R_UPPER_ARM" type="JOINT">
                            <matrix sid="transform">1 0 0 0 0 1 0 -0.12 0 0 1 0.00999999 0 0 0 1</matrix>
                            <extra>
                              <technique profile="blender">
                                <layer sid="layer" type="string">0</layer>
                                <tip_x sid="tip_x" type="float">0</tip_x>
                                <tip_y sid="tip_y" type="float">0.02988582</tip_y>
                                <tip_z sid="tip_z" type="float">0.002614617</tip_z>
                              </technique>
                            </extra>
                          </node>
                          <node id="GanondorfRig_mElbowRight" name="mElbowRight" sid="mElbowRight" type="JOINT">
                            <matrix sid="transform">1 0 0 0 0 1 0 -0.248 0 0 1 0 0 0 0 1</matrix>
                            <node id="GanondorfRig_R_LOWER_ARM" name="R_LOWER_ARM" sid="R_LOWER_ARM" type="JOINT">
                              <matrix sid="transform">1 0 0 0 0 1 0 -0.1 0 0 1 0 0 0 0 1</matrix>
                              <extra>
                                <technique profile="blender">
                                  <layer sid="layer" type="string">0</layer>
                                  <tip_x sid="tip_x" type="float">0</tip_x>
                                  <tip_y sid="tip_y" type="float">0.02995884</tip_y>
                                  <tip_z sid="tip_z" type="float">0.001570105</tip_z>
                                </technique>
                              </extra>
                            </node>
                            <node id="GanondorfRig_mWristRight" name="mWristRight" sid="mWristRight" type="JOINT">
                              <matrix sid="transform">1 0 0 0 0 1 0 -0.205 0 0 1 0 0 0 0 1</matrix>
                              <node id="GanondorfRig_R_HAND" name="R_HAND" sid="R_HAND" type="JOINT">
                                <matrix sid="transform">0.9999999 7.567e-10 9.31323e-10 0.009999998 -1.41154e-8 0.9999999 -3.72529e-9 -0.05000001 -9.31323e-10 -3.72529e-9 1 0 0 0 0 1</matrix>
                                <extra>
                                  <technique profile="blender">
                                    <layer sid="layer" type="string">0</layer>
                                    <roll sid="roll" type="float">0.004581928</roll>
                                    <tip_x sid="tip_x" type="float">-0.005202293</tip_x>
                                    <tip_y sid="tip_y" type="float">0.02950376</tip_y>
                                    <tip_z sid="tip_z" type="float">0.001570105</tip_z>
                                  </technique>
                                </extra>
                              </node>
                              <node id="GanondorfRig_mHandMiddle1Right" name="mHandMiddle1Right" sid="mHandMiddle1Right" type="JOINT">
                                <matrix sid="transform">1 0 0 0.013 0 1 0 -0.101 0 0 1 0.01499999 0 0 0 1</matrix>
                                <node id="GanondorfRig_mHandMiddle2Right" name="mHandMiddle2Right" sid="mHandMiddle2Right" type="JOINT">
                                  <matrix sid="transform">1 0 0 -0.001 0 1 0 -0.04000002 0 0 1 -0.006000042 0 0 0 1</matrix>
                                  <node id="GanondorfRig_mHandMiddle3Right" name="mHandMiddle3Right" sid="mHandMiddle3Right" type="JOINT">
                                    <matrix sid="transform">1 0 0 -0.001 0 1 0 -0.04899997 0 0 1 -0.008000016 0 0 0 1</matrix>
                                    <extra>
                                      <technique profile="blender">
                                        <layer sid="layer" type="string">0</layer>
                                        <tip_x sid="tip_x" type="float">0</tip_x>
                                        <tip_y sid="tip_y" type="float">0.02999997</tip_y>
                                        <tip_z sid="tip_z" type="float">0</tip_z>
                                      </technique>
                                    </extra>
                                  </node>
                                  <extra>
                                    <technique profile="blender">
                                      <layer sid="layer" type="string">0</layer>
                                      <tip_x sid="tip_x" type="float">0</tip_x>
                                      <tip_y sid="tip_y" type="float">0.02999997</tip_y>
                                      <tip_z sid="tip_z" type="float">0</tip_z>
                                    </technique>
                                  </extra>
                                </node>
                                <extra>
                                  <technique profile="blender">
                                    <layer sid="layer" type="string">0</layer>
                                    <tip_x sid="tip_x" type="float">0</tip_x>
                                    <tip_y sid="tip_y" type="float">0.02999997</tip_y>
                                    <tip_z sid="tip_z" type="float">0</tip_z>
                                  </technique>
                                </extra>
                              </node>
                              <node id="GanondorfRig_mHandIndex1Right" name="mHandIndex1Right" sid="mHandIndex1Right" type="JOINT">
                                <matrix sid="transform">1 0 0 0.038 0 1 0 -0.097 0 0 1 0.01499999 0 0 0 1</matrix>
                                <node id="GanondorfRig_mHandIndex2Right" name="mHandIndex2Right" sid="mHandIndex2Right" type="JOINT">
                                  <matrix sid="transform">1 0 0 0.017 0 1 0 -0.03600001 0 0 1 -0.006000042 0 0 0 1</matrix>
                                  <node id="GanondorfRig_mHandIndex3Right" name="mHandIndex3Right" sid="mHandIndex3Right" type="JOINT">
                                    <matrix sid="transform">1 0 0 0.014 0 1 0 -0.03200001 0 0 1 -0.005999923 0 0 0 1</matrix>
                                    <extra>
                                      <technique profile="blender">
                                        <layer sid="layer" type="string">0</layer>
                                        <tip_x sid="tip_x" type="float">0</tip_x>
                                        <tip_y sid="tip_y" type="float">0.02999997</tip_y>
                                        <tip_z sid="tip_z" type="float">0</tip_z>
                                      </technique>
                                    </extra>
                                  </node>
                                  <extra>
                                    <technique profile="blender">
                                      <layer sid="layer" type="string">0</layer>
                                      <tip_x sid="tip_x" type="float">0</tip_x>
                                      <tip_y sid="tip_y" type="float">0.02999997</tip_y>
                                      <tip_z sid="tip_z" type="float">0</tip_z>
                                    </technique>
                                  </extra>
                                </node>
                                <extra>
                                  <technique profile="blender">
                                    <layer sid="layer" type="string">0</layer>
                                    <tip_x sid="tip_x" type="float">0</tip_x>
                                    <tip_y sid="tip_y" type="float">0.02999997</tip_y>
                                    <tip_z sid="tip_z" type="float">0</tip_z>
                                  </technique>
                                </extra>
                              </node>
                              <node id="GanondorfRig_mHandRing1Right" name="mHandRing1Right" sid="mHandRing1Right" type="JOINT">
                                <matrix sid="transform">1 0 0 -0.01 0 1 0 -0.09900004 0 0 1 0.008999944 0 0 0 1</matrix>
                                <node id="GanondorfRig_mHandRing2Right" name="mHandRing2Right" sid="mHandRing2Right" type="JOINT">
                                  <matrix sid="transform">1 0 0 -0.013 0 1 0 -0.03799999 0 0 1 -0.008000016 0 0 0 1</matrix>
                                  <node id="GanondorfRig_mHandRing3Right" name="mHandRing3Right" sid="mHandRing3Right" type="JOINT">
                                    <matrix sid="transform">1 0 0 -0.013 0 1 0 -0.04000002 0 0 1 -0.008999944 0 0 0 1</matrix>
                                    <extra>
                                      <technique profile="blender">
                                        <layer sid="layer" type="string">0</layer>
                                        <tip_x sid="tip_x" type="float">0</tip_x>
                                        <tip_y sid="tip_y" type="float">0.02999997</tip_y>
                                        <tip_z sid="tip_z" type="float">0</tip_z>
                                      </technique>
                                    </extra>
                                  </node>
                                  <extra>
                                    <technique profile="blender">
                                      <layer sid="layer" type="string">0</layer>
                                      <tip_x sid="tip_x" type="float">0</tip_x>
                                      <tip_y sid="tip_y" type="float">0.02999997</tip_y>
                                      <tip_z sid="tip_z" type="float">0</tip_z>
                                    </technique>
                                  </extra>
                                </node>
                                <extra>
                                  <technique profile="blender">
                                    <layer sid="layer" type="string">0</layer>
                                    <tip_x sid="tip_x" type="float">0</tip_x>
                                    <tip_y sid="tip_y" type="float">0.02999997</tip_y>
                                    <tip_z sid="tip_z" type="float">0</tip_z>
                                  </technique>
                                </extra>
                              </node>
                              <node id="GanondorfRig_mHandPinky1Right" name="mHandPinky1Right" sid="mHandPinky1Right" type="JOINT">
                                <matrix sid="transform">1 0 0 -0.031 0 1 0 -0.09500003 0 0 1 0.003000021 0 0 0 1</matrix>
                                <node id="GanondorfRig_mHandPinky2Right" name="mHandPinky2Right" sid="mHandPinky2Right" type="JOINT">
                                  <matrix sid="transform">1 0 0 -0.024 0 1 0 -0.02499998 0 0 1 -0.006000042 0 0 0 1</matrix>
                                  <node id="GanondorfRig_mHandPinky3Right" name="mHandPinky3Right" sid="mHandPinky3Right" type="JOINT">
                                    <matrix sid="transform">1 0 0 -0.015 0 1 0 -0.01800001 0 0 1 -0.003999949 0 0 0 1</matrix>
                                    <extra>
                                      <technique profile="blender">
                                        <layer sid="layer" type="string">0</layer>
                                        <tip_x sid="tip_x" type="float">0</tip_x>
                                        <tip_y sid="tip_y" type="float">0.02999997</tip_y>
                                        <tip_z sid="tip_z" type="float">0</tip_z>
                                      </technique>
                                    </extra>
                                  </node>
                                  <extra>
                                    <technique profile="blender">
                                      <layer sid="layer" type="string">0</layer>
                                      <tip_x sid="tip_x" type="float">0</tip_x>
                                      <tip_y sid="tip_y" type="float">0.02999997</tip_y>
                                      <tip_z sid="tip_z" type="float">0</tip_z>
                                    </technique>
                                  </extra>
                                </node>
                                <extra>
                                  <technique profile="blender">
                                    <layer sid="layer" type="string">0</layer>
                                    <tip_x sid="tip_x" type="float">0</tip_x>
                                    <tip_y sid="tip_y" type="float">0.02999997</tip_y>
                                    <tip_z sid="tip_z" type="float">0</tip_z>
                                  </technique>
                                </extra>
                              </node>
                              <node id="GanondorfRig_mHandThumb1Right" name="mHandThumb1Right" sid="mHandThumb1Right" type="JOINT">
                                <matrix sid="transform">1 0 0 0.031 0 1 0 -0.02600002 0 0 1 0.003999949 0 0 0 1</matrix>
                                <node id="GanondorfRig_mHandThumb2Right" name="mHandThumb2Right" sid="mHandThumb2Right" type="JOINT">
                                  <matrix sid="transform">1 0 0 0.028 0 1 0 -0.03200001 0 0 1 -9.99928e-4 0 0 0 1</matrix>
                                  <node id="GanondorfRig_mHandThumb3Right" name="mHandThumb3Right" sid="mHandThumb3Right" type="JOINT">
                                    <matrix sid="transform">1 0 0 0.023 0 1 0 -0.03099996 0 0 1 -0.001000047 0 0 0 1</matrix>
                                    <extra>
                                      <technique profile="blender">
                                        <layer sid="layer" type="string">0</layer>
                                        <tip_x sid="tip_x" type="float">0</tip_x>
                                        <tip_y sid="tip_y" type="float">0.02999997</tip_y>
                                        <tip_z sid="tip_z" type="float">0</tip_z>
                                      </technique>
                                    </extra>
                                  </node>
                                  <extra>
                                    <technique profile="blender">
                                      <layer sid="layer" type="string">0</layer>
                                      <tip_x sid="tip_x" type="float">0</tip_x>
                                      <tip_y sid="tip_y" type="float">0.02999997</tip_y>
                                      <tip_z sid="tip_z" type="float">0</tip_z>
                                    </technique>
                                  </extra>
                                </node>
                                <extra>
                                  <technique profile="blender">
                                    <layer sid="layer" type="string">0</layer>
                                    <tip_x sid="tip_x" type="float">0</tip_x>
                                    <tip_y sid="tip_y" type="float">0.02999997</tip_y>
                                    <tip_z sid="tip_z" type="float">0</tip_z>
                                  </technique>
                                </extra>
                              </node>
                              <extra>
                                <technique profile="blender">
                                  <layer sid="layer" type="string">0</layer>
                                  <tip_x sid="tip_x" type="float">0</tip_x>
                                  <tip_y sid="tip_y" type="float">0.02999997</tip_y>
                                  <tip_z sid="tip_z" type="float">0</tip_z>
                                </technique>
                              </extra>
                            </node>
                            <extra>
                              <technique profile="blender">
                                <layer sid="layer" type="string">0</layer>
                                <tip_x sid="tip_x" type="float">0</tip_x>
                                <tip_y sid="tip_y" type="float">0.02999997</tip_y>
                                <tip_z sid="tip_z" type="float">0</tip_z>
                              </technique>
                            </extra>
                          </node>
                          <extra>
                            <technique profile="blender">
                              <layer sid="layer" type="string">0</layer>
                              <tip_x sid="tip_x" type="float">0</tip_x>
                              <tip_y sid="tip_y" type="float">0.02999997</tip_y>
                              <tip_z sid="tip_z" type="float">0</tip_z>
                            </technique>
                          </extra>
                        </node>
                        <extra>
                          <technique profile="blender">
                            <layer sid="layer" type="string">0</layer>
                            <tip_x sid="tip_x" type="float">0</tip_x>
                            <tip_y sid="tip_y" type="float">0.02999997</tip_y>
                            <tip_z sid="tip_z" type="float">0</tip_z>
                          </technique>
                        </extra>
                      </node>
                      <node id="GanondorfRig_mWingsRoot" name="mWingsRoot" sid="mWingsRoot" type="JOINT">
                        <matrix sid="transform">1 0 0 -0.014 0 1 0 0 0 0 1 0 0 0 0 1</matrix>
                        <node id="GanondorfRig_mWing1Left" name="mWing1Left" sid="mWing1Left" type="JOINT">
                          <matrix sid="transform">1 0 0 -0.09900001 0 1 0 0.105 0 0 1 0.181 0 0 0 1</matrix>
                          <node id="GanondorfRig_mWing2Left" name="mWing2Left" sid="mWing2Left" type="JOINT">
                            <matrix sid="transform">1 0 0 -0.168 0 1 0 0.169 0 0 1 0.06700003 0 0 0 1</matrix>
                            <node id="GanondorfRig_mWing3Left" name="mWing3Left" sid="mWing3Left" type="JOINT">
                              <matrix sid="transform">1 0 0 -0.181 0 1 0 0.183 0 0 1 0 0 0 0 1</matrix>
                              <node id="GanondorfRig_mWing4Left" name="mWing4Left" sid="mWing4Left" type="JOINT">
                                <matrix sid="transform">1 0 0 -0.171 0 1 0 0.173 0 0 1 0 0 0 0 1</matrix>
                                <extra>
                                  <technique profile="blender">
                                    <layer sid="layer" type="string">0</layer>
                                    <tip_x sid="tip_x" type="float">0</tip_x>
                                    <tip_y sid="tip_y" type="float">0.02999997</tip_y>
                                    <tip_z sid="tip_z" type="float">0</tip_z>
                                  </technique>
                                </extra>
                              </node>
                              <node id="GanondorfRig_mWing4FanLeft" name="mWing4FanLeft" sid="mWing4FanLeft" type="JOINT">
                                <matrix sid="transform">1 0 0 -0.171 0 1 0 0.173 0 0 1 0 0 0 0 1</matrix>
                                <extra>
                                  <technique profile="blender">
                                    <layer sid="layer" type="string">0</layer>
                                    <tip_x sid="tip_x" type="float">0</tip_x>
                                    <tip_y sid="tip_y" type="float">0.02999997</tip_y>
                                    <tip_z sid="tip_z" type="float">0</tip_z>
                                  </technique>
                                </extra>
                              </node>
                              <extra>
                                <technique profile="blender">
                                  <layer sid="layer" type="string">0</layer>
                                  <tip_x sid="tip_x" type="float">0</tip_x>
                                  <tip_y sid="tip_y" type="float">0.02999997</tip_y>
                                  <tip_z sid="tip_z" type="float">0</tip_z>
                                </technique>
                              </extra>
                            </node>
                            <extra>
                              <technique profile="blender">
                                <layer sid="layer" type="string">0</layer>
                                <tip_x sid="tip_x" type="float">0</tip_x>
                                <tip_y sid="tip_y" type="float">0.02999997</tip_y>
                                <tip_z sid="tip_z" type="float">0</tip_z>
                              </technique>
                            </extra>
                          </node>
                          <extra>
                            <technique profile="blender">
                              <layer sid="layer" type="string">0</layer>
                              <tip_x sid="tip_x" type="float">0</tip_x>
                              <tip_y sid="tip_y" type="float">0.02999997</tip_y>
                              <tip_z sid="tip_z" type="float">0</tip_z>
                            </technique>
                          </extra>
                        </node>
                        <node id="GanondorfRig_mWing1Right" name="mWing1Right" sid="mWing1Right" type="JOINT">
                          <matrix sid="transform">1 0 0 -0.09900001 0 1 0 -0.105 0 0 1 0.181 0 0 0 1</matrix>
                          <node id="GanondorfRig_mWing2Right" name="mWing2Right" sid="mWing2Right" type="JOINT">
                            <matrix sid="transform">1 0 0 -0.168 0 1 0 -0.169 0 0 1 0.06700003 0 0 0 1</matrix>
                            <node id="GanondorfRig_mWing3Right" name="mWing3Right" sid="mWing3Right" type="JOINT">
                              <matrix sid="transform">1 0 0 -0.181 0 1 0 -0.183 0 0 1 0 0 0 0 1</matrix>
                              <node id="GanondorfRig_mWing4Right" name="mWing4Right" sid="mWing4Right" type="JOINT">
                                <matrix sid="transform">1 0 0 -0.171 0 1 0 -0.173 0 0 1 0 0 0 0 1</matrix>
                                <extra>
                                  <technique profile="blender">
                                    <layer sid="layer" type="string">0</layer>
                                    <tip_x sid="tip_x" type="float">0</tip_x>
                                    <tip_y sid="tip_y" type="float">0.02999997</tip_y>
                                    <tip_z sid="tip_z" type="float">0</tip_z>
                                  </technique>
                                </extra>
                              </node>
                              <node id="GanondorfRig_mWing4FanRight" name="mWing4FanRight" sid="mWing4FanRight" type="JOINT">
                                <matrix sid="transform">1 0 0 -0.171 0 1 0 -0.173 0 0 1 0 0 0 0 1</matrix>
                                <extra>
                                  <technique profile="blender">
                                    <layer sid="layer" type="string">0</layer>
                                    <tip_x sid="tip_x" type="float">0</tip_x>
                                    <tip_y sid="tip_y" type="float">0.02999997</tip_y>
                                    <tip_z sid="tip_z" type="float">0</tip_z>
                                  </technique>
                                </extra>
                              </node>
                              <extra>
                                <technique profile="blender">
                                  <layer sid="layer" type="string">0</layer>
                                  <tip_x sid="tip_x" type="float">0</tip_x>
                                  <tip_y sid="tip_y" type="float">0.02999997</tip_y>
                                  <tip_z sid="tip_z" type="float">0</tip_z>
                                </technique>
                              </extra>
                            </node>
                            <extra>
                              <technique profile="blender">
                                <layer sid="layer" type="string">0</layer>
                                <tip_x sid="tip_x" type="float">0</tip_x>
                                <tip_y sid="tip_y" type="float">0.02999997</tip_y>
                                <tip_z sid="tip_z" type="float">0</tip_z>
                              </technique>
                            </extra>
                          </node>
                          <extra>
                            <technique profile="blender">
                              <layer sid="layer" type="string">0</layer>
                              <tip_x sid="tip_x" type="float">0</tip_x>
                              <tip_y sid="tip_y" type="float">0.02999997</tip_y>
                              <tip_z sid="tip_z" type="float">0</tip_z>
                            </technique>
                          </extra>
                        </node>
                        <extra>
                          <technique profile="blender">
                            <layer sid="layer" type="string">0</layer>
                            <tip_x sid="tip_x" type="float">0</tip_x>
                            <tip_y sid="tip_y" type="float">0.02999997</tip_y>
                            <tip_z sid="tip_z" type="float">0</tip_z>
                          </technique>
                        </extra>
                      </node>
                      <extra>
                        <technique profile="blender">
                          <layer sid="layer" type="string">0</layer>
                          <tip_x sid="tip_x" type="float">0</tip_x>
                          <tip_y sid="tip_y" type="float">0.02999997</tip_y>
                          <tip_z sid="tip_z" type="float">0</tip_z>
                        </technique>
                      </extra>
                    </node>
                    <extra>
                      <technique profile="blender">
                        <layer sid="layer" type="string">0</layer>
                        <tip_x sid="tip_x" type="float">0</tip_x>
                        <tip_y sid="tip_y" type="float">0.02999997</tip_y>
                        <tip_z sid="tip_z" type="float">0</tip_z>
                      </technique>
                    </extra>
                  </node>
                  <extra>
                    <technique profile="blender">
                      <layer sid="layer" type="string">0</layer>
                      <tip_x sid="tip_x" type="float">0</tip_x>
                      <tip_y sid="tip_y" type="float">0.02999997</tip_y>
                      <tip_z sid="tip_z" type="float">0</tip_z>
                    </technique>
                  </extra>
                </node>
                <extra>
                  <technique profile="blender">
                    <layer sid="layer" type="string">0</layer>
                    <tip_x sid="tip_x" type="float">0</tip_x>
                    <tip_y sid="tip_y" type="float">0.02999997</tip_y>
                    <tip_z sid="tip_z" type="float">0</tip_z>
                  </technique>
                </extra>
              </node>
              <extra>
                <technique profile="blender">
                  <layer sid="layer" type="string">0</layer>
                  <tip_x sid="tip_x" type="float">0</tip_x>
                  <tip_y sid="tip_y" type="float">0.02999997</tip_y>
                  <tip_z sid="tip_z" type="float">0</tip_z>
                </technique>
              </extra>
            </node>
            <extra>
              <technique profile="blender">
                <layer sid="layer" type="string">0</layer>
                <tip_x sid="tip_x" type="float">0</tip_x>
                <tip_y sid="tip_y" type="float">0.02999997</tip_y>
                <tip_z sid="tip_z" type="float">0</tip_z>
              </technique>
            </extra>
          </node>
          <node id="GanondorfRig_mHipRight" name="mHipRight" sid="mHipRight" type="JOINT">
            <matrix sid="transform">1 0 0 0.034 0 1 0 -0.129 0 0 1 -0.04100001 0 0 0 1</matrix>
            <node id="GanondorfRig_R_UPPER_LEG" name="R_UPPER_LEG" sid="R_UPPER_LEG" type="JOINT">
              <matrix sid="transform">1 0 0 -0.02 0 1 0 0.04999999 0 0 1 -0.22 0 0 0 1</matrix>
              <extra>
                <technique profile="blender">
                  <layer sid="layer" type="string">0</layer>
                  <tip_x sid="tip_x" type="float">0</tip_x>
                  <tip_y sid="tip_y" type="float">0.02999997</tip_y>
                  <tip_z sid="tip_z" type="float">0</tip_z>
                </technique>
              </extra>
            </node>
            <node id="GanondorfRig_mKneeRight" name="mKneeRight" sid="mKneeRight" type="JOINT">
              <matrix sid="transform">1 0 0 -0.001000002 0 1 0 0.04899999 0 0 1 -0.491 0 0 0 1</matrix>
              <node id="GanondorfRig_R_LOWER_LEG" name="R_LOWER_LEG" sid="R_LOWER_LEG" type="JOINT">
                <matrix sid="transform">1 0 0 -0.02 0 1 0 0 0 0 1 -0.2 0 0 0 1</matrix>
                <extra>
                  <technique profile="blender">
                    <layer sid="layer" type="string">0</layer>
                    <tip_x sid="tip_x" type="float">0</tip_x>
                    <tip_y sid="tip_y" type="float">0.02999997</tip_y>
                    <tip_z sid="tip_z" type="float">0</tip_z>
                  </technique>
                </extra>
              </node>
              <node id="GanondorfRig_mAnkleRight" name="mAnkleRight" sid="mAnkleRight" type="JOINT">
                <matrix sid="transform">1 0 0 -0.029 0 1 0 0 0 0 1 -0.468 0 0 0 1</matrix>
                <node id="GanondorfRig_R_FOOT" name="R_FOOT" sid="R_FOOT" type="JOINT">
                  <matrix sid="transform">1 0 1.49012e-8 0.077 0 1 0 0 -1.49012e-8 0 1 -0.041 0 0 0 1</matrix>
                  <extra>
                    <technique profile="blender">
                      <layer sid="layer" type="string">0</layer>
                      <roll sid="roll" type="float">0.1745329</roll>
                      <tip_x sid="tip_x" type="float">0</tip_x>
                      <tip_y sid="tip_y" type="float">0.02999997</tip_y>
                      <tip_z sid="tip_z" type="float">0</tip_z>
                    </technique>
                  </extra>
                </node>
                <node id="GanondorfRig_mFootRight" name="mFootRight" sid="mFootRight" type="JOINT">
                  <matrix sid="transform">1 0 0 0.112 0 1 0 0 0 0 1 -0.061 0 0 0 1</matrix>
                  <node id="GanondorfRig_mToeRight" name="mToeRight" sid="mToeRight" type="JOINT">
                    <matrix sid="transform">1 0 0 0.109 0 1 0 0 0 0 1 0 0 0 0 1</matrix>
                    <extra>
                      <technique profile="blender">
                        <layer sid="layer" type="string">0</layer>
                        <tip_x sid="tip_x" type="float">0</tip_x>
                        <tip_y sid="tip_y" type="float">0.02999997</tip_y>
                        <tip_z sid="tip_z" type="float">0</tip_z>
                      </technique>
                    </extra>
                  </node>
                  <extra>
                    <technique profile="blender">
                      <layer sid="layer" type="string">0</layer>
                      <tip_x sid="tip_x" type="float">0</tip_x>
                      <tip_y sid="tip_y" type="float">0.02999997</tip_y>
                      <tip_z sid="tip_z" type="float">0</tip_z>
                    </technique>
                  </extra>
                </node>
                <extra>
                  <technique profile="blender">
                    <layer sid="layer" type="string">0</layer>
                    <tip_x sid="tip_x" type="float">0</tip_x>
                    <tip_y sid="tip_y" type="float">0.02999997</tip_y>
                    <tip_z sid="tip_z" type="float">0</tip_z>
                  </technique>
                </extra>
              </node>
              <extra>
                <technique profile="blender">
                  <layer sid="layer" type="string">0</layer>
                  <tip_x sid="tip_x" type="float">0</tip_x>
                  <tip_y sid="tip_y" type="float">0.02999997</tip_y>
                  <tip_z sid="tip_z" type="float">0</tip_z>
                </technique>
              </extra>
            </node>
            <extra>
              <technique profile="blender">
                <layer sid="layer" type="string">0</layer>
                <tip_x sid="tip_x" type="float">0</tip_x>
                <tip_y sid="tip_y" type="float">0.02999997</tip_y>
                <tip_z sid="tip_z" type="float">0</tip_z>
              </technique>
            </extra>
          </node>
          <node id="GanondorfRig_mHipLeft" name="mHipLeft" sid="mHipLeft" type="JOINT">
            <matrix sid="transform">1 0 0 0.034 0 1 0 0.127 0 0 1 -0.04100001 0 0 0 1</matrix>
            <node id="GanondorfRig_L_UPPER_LEG" name="L_UPPER_LEG" sid="L_UPPER_LEG" type="JOINT">
              <matrix sid="transform">1 0 0 -0.02 0 1 0 -0.05 0 0 1 -0.22 0 0 0 1</matrix>
              <extra>
                <technique profile="blender">
                  <layer sid="layer" type="string">0</layer>
                  <tip_x sid="tip_x" type="float">0</tip_x>
                  <tip_y sid="tip_y" type="float">0.02999997</tip_y>
                  <tip_z sid="tip_z" type="float">0</tip_z>
                </technique>
              </extra>
            </node>
            <node id="GanondorfRig_mKneeLeft" name="mKneeLeft" sid="mKneeLeft" type="JOINT">
              <matrix sid="transform">1 0 0 -0.001000002 0 1 0 -0.046 0 0 1 -0.491 0 0 0 1</matrix>
              <node id="GanondorfRig_L_LOWER_LEG" name="L_LOWER_LEG" sid="L_LOWER_LEG" type="JOINT">
                <matrix sid="transform">1 0 0 -0.02 0 1 0 0 0 0 1 -0.2 0 0 0 1</matrix>
                <extra>
                  <technique profile="blender">
                    <layer sid="layer" type="string">0</layer>
                    <tip_x sid="tip_x" type="float">0</tip_x>
                    <tip_y sid="tip_y" type="float">0.02999997</tip_y>
                    <tip_z sid="tip_z" type="float">0</tip_z>
                  </technique>
                </extra>
              </node>
              <node id="GanondorfRig_mAnkleLeft" name="mAnkleLeft" sid="mAnkleLeft" type="JOINT">
                <matrix sid="transform">1 0 0 -0.029 0 1 0 0.001000002 0 0 1 -0.468 0 0 0 1</matrix>
                <node id="GanondorfRig_L_FOOT" name="L_FOOT" sid="L_FOOT" type="JOINT">
                  <matrix sid="transform">1 0 1.49012e-8 0.077 0 1 0 0 -1.49012e-8 0 1 -0.041 0 0 0 1</matrix>
                  <extra>
                    <technique profile="blender">
                      <layer sid="layer" type="string">0</layer>
                      <roll sid="roll" type="float">0.1745329</roll>
                      <tip_x sid="tip_x" type="float">0</tip_x>
                      <tip_y sid="tip_y" type="float">0.02999997</tip_y>
                      <tip_z sid="tip_z" type="float">0</tip_z>
                    </technique>
                  </extra>
                </node>
                <node id="GanondorfRig_mFootLeft" name="mFootLeft" sid="mFootLeft" type="JOINT">
                  <matrix sid="transform">1 0 0 0.112 0 1 0 0 0 0 1 -0.061 0 0 0 1</matrix>
                  <node id="GanondorfRig_mToeLeft" name="mToeLeft" sid="mToeLeft" type="JOINT">
                    <matrix sid="transform">1 0 0 0.109 0 1 0 0 0 0 1 0 0 0 0 1</matrix>
                    <extra>
                      <technique profile="blender">
                        <layer sid="layer" type="string">0</layer>
                        <tip_x sid="tip_x" type="float">0</tip_x>
                        <tip_y sid="tip_y" type="float">0.02999997</tip_y>
                        <tip_z sid="tip_z" type="float">0</tip_z>
                      </technique>
                    </extra>
                  </node>
                  <extra>
                    <technique profile="blender">
                      <layer sid="layer" type="string">0</layer>
                      <tip_x sid="tip_x" type="float">0</tip_x>
                      <tip_y sid="tip_y" type="float">0.02999997</tip_y>
                      <tip_z sid="tip_z" type="float">0</tip_z>
                    </technique>
                  </extra>
                </node>
                <extra>
                  <technique profile="blender">
                    <layer sid="layer" type="string">0</layer>
                    <tip_x sid="tip_x" type="float">0</tip_x>
                    <tip_y sid="tip_y" type="float">0.02999997</tip_y>
                    <tip_z sid="tip_z" type="float">0</tip_z>
                  </technique>
                </extra>
              </node>
              <extra>
                <technique profile="blender">
                  <layer sid="layer" type="string">0</layer>
                  <tip_x sid="tip_x" type="float">0</tip_x>
                  <tip_y sid="tip_y" type="float">0.02999997</tip_y>
                  <tip_z sid="tip_z" type="float">0</tip_z>
                </technique>
              </extra>
            </node>
            <extra>
              <technique profile="blender">
                <layer sid="layer" type="string">0</layer>
                <tip_x sid="tip_x" type="float">0</tip_x>
                <tip_y sid="tip_y" type="float">0.02999997</tip_y>
                <tip_z sid="tip_z" type="float">0</tip_z>
              </technique>
            </extra>
          </node>
          <node id="GanondorfRig_mTail1" name="mTail1" sid="mTail1" type="JOINT">
            <matrix sid="transform">1 0 0 -0.116 0 1 0 0 0 0 1 0.04699993 0 0 0 1</matrix>
            <node id="GanondorfRig_mTail2" name="mTail2" sid="mTail2" type="JOINT">
              <matrix sid="transform">1 0 0 -0.197 0 1 0 0 0 0 1 0 0 0 0 1</matrix>
              <node id="GanondorfRig_mTail3" name="mTail3" sid="mTail3" type="JOINT">
                <matrix sid="transform">1 0 0 -0.168 0 1 0 0 0 0 1 0 0 0 0 1</matrix>
                <node id="GanondorfRig_mTail4" name="mTail4" sid="mTail4" type="JOINT">
                  <matrix sid="transform">1 0 0 -0.142 0 1 0 0 0 0 1 0 0 0 0 1</matrix>
                  <node id="GanondorfRig_mTail5" name="mTail5" sid="mTail5" type="JOINT">
                    <matrix sid="transform">1 0 0 -0.112 0 1 0 0 0 0 1 0 0 0 0 1</matrix>
                    <node id="GanondorfRig_mTail6" name="mTail6" sid="mTail6" type="JOINT">
                      <matrix sid="transform">1 0 0 -0.09399998 0 1 0 0 0 0 1 0 0 0 0 1</matrix>
                      <extra>
                        <technique profile="blender">
                          <layer sid="layer" type="string">0</layer>
                          <tip_x sid="tip_x" type="float">0</tip_x>
                          <tip_y sid="tip_y" type="float">0.02999997</tip_y>
                          <tip_z sid="tip_z" type="float">0</tip_z>
                        </technique>
                      </extra>
                    </node>
                    <extra>
                      <technique profile="blender">
                        <layer sid="layer" type="string">0</layer>
                        <tip_x sid="tip_x" type="float">0</tip_x>
                        <tip_y sid="tip_y" type="float">0.02999997</tip_y>
                        <tip_z sid="tip_z" type="float">0</tip_z>
                      </technique>
                    </extra>
                  </node>
                  <extra>
                    <technique profile="blender">
                      <layer sid="layer" type="string">0</layer>
                      <tip_x sid="tip_x" type="float">0</tip_x>
                      <tip_y sid="tip_y" type="float">0.02999997</tip_y>
                      <tip_z sid="tip_z" type="float">0</tip_z>
                    </technique>
                  </extra>
                </node>
                <extra>
                  <technique profile="blender">
                    <layer sid="layer" type="string">0</layer>
                    <tip_x sid="tip_x" type="float">0</tip_x>
                    <tip_y sid="tip_y" type="float">0.02999997</tip_y>
                    <tip_z sid="tip_z" type="float">0</tip_z>
                  </technique>
                </extra>
              </node>
              <extra>
                <technique profile="blender">
                  <layer sid="layer" type="string">0</layer>
                  <tip_x sid="tip_x" type="float">0</tip_x>
                  <tip_y sid="tip_y" type="float">0.02999997</tip_y>
                  <tip_z sid="tip_z" type="float">0</tip_z>
                </technique>
              </extra>
            </node>
            <extra>
              <technique profile="blender">
                <layer sid="layer" type="string">0</layer>
                <tip_x sid="tip_x" type="float">0</tip_x>
                <tip_y sid="tip_y" type="float">0.02999997</tip_y>
                <tip_z sid="tip_z" type="float">0</tip_z>
              </technique>
            </extra>
          </node>
          <node id="GanondorfRig_mGroin" name="mGroin" sid="mGroin" type="JOINT">
            <matrix sid="transform">1 0 0 0.064 0 1 0 0 0 0 1 -0.097 0 0 0 1</matrix>
            <extra>
              <technique profile="blender">
                <layer sid="layer" type="string">0</layer>
                <tip_x sid="tip_x" type="float">0</tip_x>
                <tip_y sid="tip_y" type="float">0.02999997</tip_y>
                <tip_z sid="tip_z" type="float">0</tip_z>
              </technique>
            </extra>
          </node>
          <node id="GanondorfRig_mHindLimbsRoot" name="mHindLimbsRoot" sid="mHindLimbsRoot" type="JOINT">
            <matrix sid="transform">1 0 0 -0.2 0 1 0 0 0 0 1 0.08399999 0 0 0 1</matrix>
            <node id="GanondorfRig_mHindLimb1Left" name="mHindLimb1Left" sid="mHindLimb1Left" type="JOINT">
              <matrix sid="transform">1 0 0 -0.204 0 1 0 0.129 0 0 1 -0.125 0 0 0 1</matrix>
              <node id="GanondorfRig_mHindLimb2Left" name="mHindLimb2Left" sid="mHindLimb2Left" type="JOINT">
                <matrix sid="transform">1 0 0 0.002000004 0 1 0 -0.046 0 0 1 -0.491 0 0 0 1</matrix>
                <node id="GanondorfRig_mHindLimb3Left" name="mHindLimb3Left" sid="mHindLimb3Left" type="JOINT">
                  <matrix sid="transform">1 0 0 -0.03 0 1 0 -0.002999999 0 0 1 -0.468 0 0 0 1</matrix>
                  <node id="GanondorfRig_mHindLimb4Left" name="mHindLimb4Left" sid="mHindLimb4Left" type="JOINT">
                    <matrix sid="transform">1 0 0 0.112 0 1 0 0 0 0 1 -0.061 0 0 0 1</matrix>
                    <extra>
                      <technique profile="blender">
                        <layer sid="layer" type="string">0</layer>
                        <tip_x sid="tip_x" type="float">0</tip_x>
                        <tip_y sid="tip_y" type="float">0.02999997</tip_y>
                        <tip_z sid="tip_z" type="float">0</tip_z>
                      </technique>
                    </extra>
                  </node>
                  <extra>
                    <technique profile="blender">
                      <layer sid="layer" type="string">0</layer>
                      <tip_x sid="tip_x" type="float">0</tip_x>
                      <tip_y sid="tip_y" type="float">0.02999997</tip_y>
                      <tip_z sid="tip_z" type="float">0</tip_z>
                    </technique>
                  </extra>
                </node>
                <extra>
                  <technique profile="blender">
                    <layer sid="layer" type="string">0</layer>
                    <tip_x sid="tip_x" type="float">0</tip_x>
                    <tip_y sid="tip_y" type="float">0.02999997</tip_y>
                    <tip_z sid="tip_z" type="float">0</tip_z>
                  </technique>
                </extra>
              </node>
              <extra>
                <technique profile="blender">
                  <layer sid="layer" type="string">0</layer>
                  <tip_x sid="tip_x" type="float">0</tip_x>
                  <tip_y sid="tip_y" type="float">0.02999997</tip_y>
                  <tip_z sid="tip_z" type="float">0</tip_z>
                </technique>
              </extra>
            </node>
            <node id="GanondorfRig_mHindLimb1Right" name="mHindLimb1Right" sid="mHindLimb1Right" type="JOINT">
              <matrix sid="transform">1 0 0 -0.204 0 1 0 -0.129 0 0 1 -0.125 0 0 0 1</matrix>
              <node id="GanondorfRig_mHindLimb2Right" name="mHindLimb2Right" sid="mHindLimb2Right" type="JOINT">
                <matrix sid="transform">1 0 0 0.002000004 0 1 0 0.046 0 0 1 -0.491 0 0 0 1</matrix>
                <node id="GanondorfRig_mHindLimb3Right" name="mHindLimb3Right" sid="mHindLimb3Right" type="JOINT">
                  <matrix sid="transform">1 0 0 -0.03 0 1 0 0.002999999 0 0 1 -0.468 0 0 0 1</matrix>
                  <node id="GanondorfRig_mHindLimb4Right" name="mHindLimb4Right" sid="mHindLimb4Right" type="JOINT">
                    <matrix sid="transform">1 0 0 0.112 0 1 0 0 0 0 1 -0.061 0 0 0 1</matrix>
                    <extra>
                      <technique profile="blender">
                        <layer sid="layer" type="string">0</layer>
                        <tip_x sid="tip_x" type="float">0</tip_x>
                        <tip_y sid="tip_y" type="float">0.02999997</tip_y>
                        <tip_z sid="tip_z" type="float">0</tip_z>
                      </technique>
                    </extra>
                  </node>
                  <extra>
                    <technique profile="blender">
                      <layer sid="layer" type="string">0</layer>
                      <tip_x sid="tip_x" type="float">0</tip_x>
                      <tip_y sid="tip_y" type="float">0.02999997</tip_y>
                      <tip_z sid="tip_z" type="float">0</tip_z>
                    </technique>
                  </extra>
                </node>
                <extra>
                  <technique profile="blender">
                    <layer sid="layer" type="string">0</layer>
                    <tip_x sid="tip_x" type="float">0</tip_x>
                    <tip_y sid="tip_y" type="float">0.02999997</tip_y>
                    <tip_z sid="tip_z" type="float">0</tip_z>
                  </technique>
                </extra>
              </node>
              <extra>
                <technique profile="blender">
                  <layer sid="layer" type="string">0</layer>
                  <tip_x sid="tip_x" type="float">0</tip_x>
                  <tip_y sid="tip_y" type="float">0.02999997</tip_y>
                  <tip_z sid="tip_z" type="float">0</tip_z>
                </technique>
              </extra>
            </node>
            <extra>
              <technique profile="blender">
                <layer sid="layer" type="string">0</layer>
                <tip_x sid="tip_x" type="float">0</tip_x>
                <tip_y sid="tip_y" type="float">0.02999997</tip_y>
                <tip_z sid="tip_z" type="float">0</tip_z>
              </technique>
            </extra>
          </node>
          <extra>
            <technique profile="blender">
              <layer sid="layer" type="string">0</layer>
              <tip_x sid="tip_x" type="float">0</tip_x>
              <tip_y sid="tip_y" type="float">0.02999997</tip_y>
              <tip_z sid="tip_z" type="float">0</tip_z>
            </technique>
          </extra>
        </node>
        <node id="GanondorfPants_LOD1" name="GanondorfPants_LOD1" type="NODE">
          <matrix sid="transform">1 0 0 0 0 1 0 0 0 0 1 0 0 0 0 1</matrix>
          <instance_controller url="#GanondorfRig_GanondorfPants_LOD1-skin">
            <skeleton>#GanondorfRig_mPelvis</skeleton>
            <bind_material>
              <technique_common>
                <instance_material symbol="Pants-material" target="#Pants-material">
                  <bind_vertex_input semantic="UVMap" input_semantic="TEXCOORD" input_set="0"/>
                </instance_material>
              </technique_common>
            </bind_material>
          </instance_controller>
        </node>
      </node>
    </visual_scene>
  </library_visual_scenes>
  <scene>
    <instance_visual_scene url="#Scene"/>
  </scene>
</COLLADA>