<?xml version="1.0" encoding="utf-8"?>
<COLLADA xmlns="http://www.collada.org/2005/11/COLLADASchema" version="1.4.1" xmlns:xsi="http://www.w3.org/2001/XMLSchema-instance">
  <asset>
    <contributor>
      <author>Blender User</author>
      <authoring_tool>Blender 3.6.19 commit date:2024-12-16, commit time:12:51, hash:56679ff9b2b2</authoring_tool>
    </contributor>
    <created>2026-07-17T08:40:43</created>
    <modified>2026-07-17T08:40:43</modified>
    <unit name="meter" meter="1"/>
    <up_axis>Z_UP</up_axis>
  </asset>
  <library_effects>
    <effect id="Gold-effect">
      <profile_COMMON>
        <technique sid="common">
          <lambert>
            <emission>
              <color sid="emission">0 0 0 1</color>
            </emission>
            <diffuse>
              <color sid="diffuse">0.85 0.65 0.2 1</color>
            </diffuse>
            <reflectivity>
              <float sid="specular">0.5</float>
            </reflectivity>
          </lambert>
        </technique>
      </profile_COMMON>
    </effect>
    <effect id="Gem-effect">
      <profile_COMMON>
        <technique sid="common">
          <lambert>
            <emission>
              <color sid="emission">0 0 0 1</color>
            </emission>
            <diffuse>
              <color sid="diffuse">0.6 0.06 0.1 1</color>
            </diffuse>
            <reflectivity>
              <float sid="specular">0.5</float>
            </reflectivity>
          </lambert>
        </technique>
      </profile_COMMON>
    </effect>
  </library_effects>
  <library_images/>
  <library_materials>
    <material id="Gold-material" name="Gold">
      <instance_effect url="#Gold-effect"/>
    </material>
    <material id="Gem-material" name="Gem">
      <instance_effect url="#Gem-effect"/>
    </material>
  </library_materials>
  <library_geometries>
    <geometry id="GanondorfNecklace_LOD2-mesh" name="GanondorfNecklace_LOD2">
      <mesh>
        <source id="GanondorfNecklace_LOD2-mesh-positions">
          <float_array id="GanondorfNecklace_LOD2-mesh-positions-array" count="5694">0.06432288 -0.1223201 1.544633 0.06515526 -0.1197165 1.547417 0.06510311 -0.1162872 1.549277 0.06417441 -0.1125542 1.549931 0.06251055 -0.109086 1.549277 0.06036478 -0.1064104 1.547417 0.05806386 -0.1049349 1.544633 0.05595803 -0.104884 1.541348 0.05436784 -0.1062655 1.538064 0.05353552 -0.1088691 1.535279 0.05358767 -0.1122984 1.533419 0.05451637 -0.1160314 1.532766 0.05618023 -0.1194996 1.533419 0.058326 -0.1221752 1.535279 0.06062692 -0.1236507 1.538064 0.06273275 -0.1237016 1.541348 0.06432288 0.1223201 1.544633 0.06515526 0.1197165 1.547417 0.06510311 0.1162872 1.549277 0.06417441 0.1125543 1.549931 0.06251049 0.109086 1.549277 0.06036478 0.1064104 1.547417 0.0580638 0.1049349 1.544633 0.05595797 0.104884 1.541348 0.05436784 0.1062655 1.538064 0.05353552 0.1088691 1.535279 0.05358767 0.1122984 1.533419 0.05451637 0.1160314 1.532766 0.05618023 0.1194996 1.533419 0.058326 0.1221752 1.535279 0.06062692 0.1236507 1.538064 0.06273275 0.1237016 1.541348 0.06432288 0.1223201 1.544633 0.06515526 0.1197165 1.547417 0.06510311 0.1162872 1.549277 0.06417441 0.1125543 1.549931 0.06253981 0.1091729 1.549274 0.06036478 0.1064104 1.547417 0.0580638 0.1049349 1.544633 0.05595153 0.1049094 1.541323 0.05436784 0.1062655 1.538064 0.05355077 0.1089567 1.535254 0.0536071 0.1123744 1.533407 0.05451637 0.1160314 1.532766 0.05618023 0.1194996 1.533419 0.058326 0.1221752 1.535279 0.06063407 0.1236776 1.53806 0.06273275 0.1237016 1.541348 0.07490271 0.1183419 1.537909 0.07550543 0.115828 1.54084 0.07509124 0.1125422 1.542929 0.07511365 0.1084224 1.542978 0.06679975 0.1040232 1.543326 0.06419205 0.1026617 1.540729 0.06078749 0.1038847 1.533985 0.06454634 0.1122694 1.526391 0.06455379 0.1163763 1.528096 0.06689381 0.1189774 1.529833 0.07193744 0.1202526 1.535498 0.06582325 0.1011453 1.535086 0.07137018 0.1195665 1.531228 0.07966667 0.1022962 1.538371 0.07724845 0.09973633 1.536683 0.07277089 0.09919506 1.535285 0.06964302 0.1002818 1.528357 0.07067221 0.1020882 1.524389 0.07111507 0.1053525 1.522279 0.07367676 0.0978105 1.530086 0.07647985 0.111305 1.520516 0.07575792 0.1152614 1.524199 0.07832771 0.1166259 1.526822 0.08236092 0.1158134 1.528873 0.08636742 0.1132899 1.530622 0.08690065 0.1108169 1.533597 0.0877844 0.1069359 1.534861 0.089405 0.1019305 1.533895 0.08125615 0.1046966 1.51577 0.08124572 0.09525096 1.529911 0.07897168 0.09586048 1.522451 0.08452689 0.111106 1.518653 0.08449083 0.1137221 1.522896 0.08959913 0.09736806 1.532051 0.08713978 0.09483057 1.530376 0.08152049 0.09395515 1.525101 0.0806176 0.0971567 1.518077 0.08494418 0.09827983 1.513489 0.09152275 0.1112266 1.52305 0.09296715 0.1098867 1.526415 0.09350275 0.1074186 1.529395 0.084499 0.1072172 1.515424 0.09168559 0.1098929 1.518323 0.09923154 0.1005868 1.527586 0.08671987 0.09225887 1.526406 0.0992707 0.1061761 1.522421 0.09976047 0.1037287 1.525423 0.08663839 0.09100693 1.521848 0.08662265 0.09146004 1.517564 0.09075206 0.1035272 1.511444 0.09324854 0.1060431 1.513082 0.1023451 0.09403985 1.525669 0.09690487 0.09297376 1.527422 0.09431153 0.09052312 1.525855 0.09176158 0.08916777 1.523235 0.08789902 0.09276777 1.513432 0.09964436 0.1063197 1.517888 0.09141051 0.08791452 1.518806 0.09360778 0.09693056 1.50792 0.09939473 0.1050135 1.513423 0.1065469 0.1011757 1.517808 0.1068374 0.09885972 1.520929 0.09326809 0.08690571 1.513328 0.09780699 0.09867119 1.506956 0.1005063 0.1010482 1.508458 0.1035686 0.08824038 1.523181 0.1007852 0.08592408 1.521725 0.09800595 0.08473622 1.519238 0.09454733 0.08804899 1.509213 0.09833818 0.08880627 1.504976 0.1062366 0.1016654 1.513698 0.1103235 0.09260547 1.520536 0.09667032 0.08409655 1.515472 0.1056815 0.1004407 1.509428 0.1131492 0.09604132 1.513591 0.1128051 0.09424149 1.517128 0.09931159 0.08218866 1.509499 0.1016888 0.09072625 1.502783 0.1036251 0.0941739 1.503263 0.1078207 0.09534722 1.50383 0.1114379 0.09759771 1.510401 0.1125529 0.08598148 1.519182 0.1099403 0.0830717 1.519124 0.1053162 0.08231455 1.518846 0.1038041 0.08009064 1.51556 0.1016896 0.08004307 1.512301 0.1014986 0.08238661 1.504803 0.1114067 0.09579002 1.505777 0.119903 0.08788895 1.512616 0.1169359 0.0868718 1.516333 0.10985 0.07827091 1.515951 0.1101399 0.08841353 1.49913 0.1166036 0.09305357 1.5071 0.11909 0.09069627 1.509817 0.1054348 0.07660162 1.505607 0.1059466 0.08198928 1.50014 0.108572 0.08447313 1.498408 0.1093574 0.07487827 1.512031 0.1075716 0.07450956 1.508543 0.1136878 0.08995014 1.500096 0.1177497 0.08986163 1.501768 0.1198959 0.07887333 1.514514 0.1154161 0.07786178 1.51565 0.1232162 0.08052021 1.512341 0.1084441 0.07553982 1.500377 0.1221188 0.08756124 1.503613 0.1238567 0.08581185 1.506799 0.1150928 0.07293123 1.512644 0.1179718 0.08552336 1.497364 0.1122679 0.07528454 1.496122 0.1171989 0.08093994 1.494633 0.126616 0.08066576 1.508356 0.1200606 0.07282322 1.512701 0.1137456 0.07013124 1.509242 0.1109572 0.0706433 1.502102 0.1157598 0.07663899 1.49384 0.1230832 0.08409023 1.498374 0.1126329 0.06892061 1.505319 0.1293988 0.07942414 1.50328 0.122412 0.08042567 1.494542 0.1268286 0.08221518 1.500604 0.1262261 0.07147574 1.510491 0.1195062 0.06773382 1.509822 0.1149821 0.0678277 1.496224 0.1294614 0.07304602 1.508372 0.1169782 0.06624877 1.507192 0.127878 0.0782355 1.4953 0.1328874 0.07280933 1.504367 0.1249226 0.06679236 1.509611 0.1163167 0.06432658 1.502978 0.1155259 0.06498098 1.499192 0.1243438 0.07194072 1.49009 0.1316607 0.07611072 1.49755 0.1190323 0.06667083 1.491823 0.127608 0.07373273 1.491253 0.1243683 0.06122529 1.506728 0.1205286 0.0615186 1.504914 0.1229172 0.06720632 1.489291 0.1351135 0.07173788 1.499632 0.1316397 0.06406182 1.50705 0.1347605 0.06561356 1.505004 0.1196558 0.05968302 1.500876 0.1333791 0.07056123 1.491823 0.1300776 0.05931979 1.506329 0.1202545 0.0582 1.496179 0.1215547 0.05834531 1.492043 0.1364309 0.06912821 1.49449 0.1384446 0.0644325 1.500838 0.1237706 0.05667018 1.502879 0.1323768 0.06652528 1.488213 0.1396451 0.06463366 1.496758 0.122398 0.05540537 1.49911 0.1262481 0.05524736 1.487237 0.1301168 0.06306606 1.486425 0.1290659 0.05374747 1.503757 0.1409375 0.05513685 1.501078 0.1372887 0.05468618 1.50346 0.1267529 0.05165147 1.500974 0.1284128 0.05825209 1.485798 0.1377922 0.06331664 1.489026 0.1396093 0.06388038 1.492492 0.1249595 0.05100345 1.497505 0.1247741 0.05044978 1.493315 0.1353695 0.06140142 1.486311 0.1428462 0.05661857 1.498038 0.1345094 0.05160188 1.503515 0.1436818 0.05728131 1.4942 0.1265389 0.04931551 1.488883 0.1341247 0.05576848 1.483878 0.1425068 0.05854678 1.490652 0.1325453 0.04716289 1.501545 0.13855 0.05530899 1.48429 0.1403035 0.05863499 1.487422 0.1294476 0.04644608 1.499257 0.1279138 0.04519522 1.495597 0.1329168 0.04940098 1.482935 0.1426371 0.05385559 1.485931 0.1420031 0.04483276 1.500463 0.1374743 0.04548335 1.501631 0.1285169 0.0426383 1.490943 0.1450719 0.05321019 1.489002 0.146625 0.0510078 1.492323 0.147394 0.04676026 1.495147 0.1321625 0.04047244 1.497546 0.1324822 0.04182481 1.483274 0.1382986 0.04666918 1.481225 0.1470462 0.04131102 1.497195 0.1351748 0.04126477 1.499859 0.1298781 0.04191631 1.486757 0.1416513 0.04838174 1.482324 0.1310867 0.03778767 1.493608 0.1456674 0.04680466 1.484033 0.1477426 0.04694676 1.487327 0.1489567 0.0453459 1.490834 0.1401534 0.03900164 1.499928 0.1374486 0.03790068 1.480055 0.1370331 0.03648746 1.498694 0.1311621 0.03584915 1.489259 0.1445927 0.04052162 1.480432 0.145781 0.03457123 1.498062 0.1343919 0.0345031 1.496119 0.1320167 0.03620344 1.485399 0.1512798 0.03871595 1.489364 0.1512774 0.03578245 1.492674 0.1416653 0.03729546 1.479088 0.14849 0.03874218 1.482209 0.1498453 0.04111158 1.48598 0.1432133 0.02968817 1.497983 0.1388395 0.03101044 1.497533 0.1334322 0.03088122 1.492106 0.1359118 0.02971762 1.495139 0.1334096 0.02877169 1.48781 0.1338297 0.03051614 1.484243 0.1359201 0.03149253 1.481089 0.15149 0.03589969 1.484935 0.1531946 0.03211879 1.488146 0.1513476 0.02679324 1.494461 0.1473053 0.03139787 1.478732 0.1352895 0.02401536 1.490916 0.1406311 0.02647668 1.478032 0.1437077 0.03002566 1.477785 0.1501867 0.03282946 1.481137 0.1481995 0.02552175 1.496525 0.140387 0.02528095 1.496555 0.137359 0.0242753 1.49424 0.1530357 0.03003728 1.483952 0.1536145 0.02670109 1.491191 0.135685 0.02310174 1.483063 0.1384474 0.02089107 1.479483 0.1516496 0.02683967 1.480232 0.1547228 0.02555406 1.487181 0.1352573 0.02096325 1.486664 0.145386 0.0201596 1.496602 0.1415129 0.02007919 1.49584 0.1455319 0.02162712 1.476631 0.1491328 0.02298837 1.477556 0.15428 0.02429145 1.483162 0.138651 0.01793253 1.493403 0.1548832 0.02006161 1.490391 0.14993 0.01631069 1.495425 0.1367521 0.01651328 1.490005 0.1560556 0.01794773 1.48632 0.1371109 0.0149399 1.482167 0.1423419 0.01717835 1.476945 0.152889 0.01997774 1.479423 0.1533409 0.01538676 1.493194 0.1424241 0.01443618 1.495256 0.1361157 0.01594495 1.486102 0.1553774 0.01765137 1.482464 0.146494 0.01273685 1.495898 0.1501867 0.01622825 1.476897 0.1559878 0.01173794 1.489677 0.1395563 0.01145714 1.492836 0.1367688 0.01088899 1.485703 0.1467057 0.01319754 1.475884 0.1536994 0.01392102 1.478907 0.1377115 0.008580029 1.489386 0.1399296 0.009557127 1.478541 0.1570551 0.00843209 1.485684 0.1431074 0.008063197 1.494826 0.1434301 0.006712257 1.476253 0.150812 0.01020812 1.476491 0.1559952 0.0122776 1.482075 0.154229 0.005427122 1.49263 0.1509696 0.005187511 1.494764 0.1378644 0.007441461 1.481679 0.1470947 0.005419671 1.495513 0.1400322 0.005723834 1.492548 0.1472693 0.005857765 1.475518 0.1541491 0.008657634 1.478618 0.1564487 0.006107568 1.481761 0.1372934 0.002905905 1.485341 0.156498 0.002585649 1.489363 0.1512262 0.002582311 1.476247 0.1544039 0.003359377 1.478452 0.1434287 -6.83557e-5 1.494629 0.1380302 0.001313328 1.489177 0.1381367 -0.001558184 1.481513 0.1403495 -0.002334594 1.478274 0.1573244 -0.001722753 1.48554 0.1401726 -0.001428127 1.492424 0.1472049 -0.003054499 1.495449 0.1473922 -0.003142654 1.475449 0.1565839 -9.79513e-4 1.481703 0.1542136 -0.00567305 1.49264 0.1509966 -0.00390309 1.494747 0.1435045 -0.004611492 1.476206 0.1544232 -0.002699613 1.478454 0.1564492 -0.003993034 1.489391 0.137975 -0.00358659 1.489219 0.1372267 -0.00436002 1.48541 0.1511133 -0.005163908 1.476293 0.1564304 -0.006247341 1.481789 0.1431456 -0.007354855 1.494797 0.1540874 -0.009720563 1.478651 0.1568389 -0.01112085 1.485831 0.156006 -0.01148295 1.489673 0.1397785 -0.00927478 1.492695 0.1376967 -0.0085783 1.48941 0.1504018 -0.01246243 1.495125 0.1467233 -0.01049107 1.495752 0.1367025 -0.01161581 1.485717 0.1375617 -0.01109665 1.481874 0.1467185 -0.01319319 1.47587 0.1505898 -0.01281255 1.476637 0.1560176 -0.01220518 1.482074 0.1393578 -0.01498538 1.478904 0.14282 -0.01348286 1.476641 0.1533432 -0.01536905 1.493193 0.1426018 -0.01315188 1.495152 0.1371731 -0.01345628 1.489724 0.1531749 -0.01826411 1.479262 0.1556609 -0.02058804 1.48656 0.1459241 -0.01697355 1.49626 0.13901 -0.01568037 1.493183 0.1552798 -0.01826965 1.482514 0.1545006 -0.02249366 1.490626 0.1364233 -0.01938486 1.48259 0.1496936 -0.01970189 1.477215 0.1482808 -0.02553051 1.496473 0.1413574 -0.02100199 1.495938 0.1364261 -0.01842731 1.49021 0.1355218 -0.01959067 1.486484 0.1413136 -0.02331215 1.477598 0.1451091 -0.0239346 1.4769 0.1517192 -0.02496021 1.494225 0.1542879 -0.0242905 1.483173 0.1378508 -0.02213752 1.493929 0.1374287 -0.02569782 1.48013 0.1486344 -0.025514 1.477875 0.1517967 -0.02598363 1.4801 0.1443153 -0.02531832 1.497283 0.1535634 -0.03075355 1.487913 0.1354258 -0.02333581 1.490835 0.1337761 -0.02741509 1.487593 0.1348109 -0.02682572 1.483622 0.1528163 -0.03095209 1.484084 0.1517691 -0.03410446 1.492367 0.1470825 -0.03217309 1.478861 0.1504343 -0.03192961 1.480995 0.1393153 -0.02939015 1.49723 0.1362853 -0.02844977 1.494922 0.1342338 -0.0281195 1.491597 0.1385053 -0.0345351 1.479383 0.1429188 -0.03304636 1.478291 0.1486822 -0.03646177 1.496155 0.1421099 -0.03330624 1.498685 0.1327935 -0.03393423 1.484911 0.1344897 -0.03619432 1.481998 0.1485307 -0.03863787 1.482192 0.1511996 -0.03687107 1.485125 0.1506882 -0.04057604 1.489758 0.1451364 -0.03889691 1.480114 0.1443644 -0.03877937 1.498962 0.1348728 -0.03306257 1.495809 0.1322925 -0.03441745 1.492822 0.1316766 -0.03435379 1.488937 0.1400943 -0.04199475 1.480083 0.1370503 -0.03649353 1.498688 0.1495655 -0.04193401 1.486146 0.1480858 -0.04501104 1.494711 0.1390795 -0.04181003 1.500611 0.1327339 -0.03904759 1.497173 0.1342329 -0.04644638 1.482099 0.14314 -0.04455232 1.481364 0.1462526 -0.0451799 1.483629 0.1299217 -0.03916758 1.490035 0.1299489 -0.04175221 1.486709 0.1475114 -0.04750788 1.487471 0.1473389 -0.04939156 1.491854 0.1442896 -0.0480656 1.498947 0.1302297 -0.03989773 1.494151 0.1299595 -0.04779577 1.484878 0.1339784 -0.04409128 1.500621 0.1409289 -0.05011361 1.482789 0.1440635 -0.0506733 1.48504 0.1405189 -0.04817777 1.501407 0.1279277 -0.04394489 1.49131 0.1362756 -0.05128985 1.482508 0.1282663 -0.04442626 1.495383 0.1448264 -0.05377054 1.48917 0.1441281 -0.05403017 1.497222 0.1300727 -0.04515242 1.498869 0.1261371 -0.05015045 1.489135 0.144121 -0.05638074 1.493925 0.1356325 -0.04937899 1.502802 0.1384533 -0.05546265 1.484347 0.141868 -0.05548262 1.486431 0.1257174 -0.04857736 1.492715 0.1387406 -0.05914914 1.502474 0.1304114 -0.05130136 1.50289 0.12743 -0.05039477 1.500527 0.1253499 -0.05029058 1.497234 0.1296764 -0.05591863 1.484994 0.1322638 -0.05931812 1.485061 0.139056 -0.06103652 1.488204 0.1424379 -0.05865621 1.490688 0.1358845 -0.05720913 1.504352 0.1358028 -0.06062698 1.486036 0.141358 -0.06162583 1.49567 0.1406275 -0.06070029 1.499447 0.1324375 -0.05538135 1.504832 0.1230044 -0.05363726 1.494445 0.1242656 -0.0586161 1.488497 0.1395066 -0.06408751 1.492561 0.1206119 -0.05983066 1.492651 0.1244142 -0.06497418 1.488339 0.137906 -0.06748777 1.497864 0.1275155 -0.05633872 1.504743 0.1234731 -0.05717837 1.503069 0.1224053 -0.05540227 1.499124 0.1328015 -0.06581962 1.487943 0.1350941 -0.06784838 1.490733 0.137202 -0.06641757 1.501624 0.1266782 -0.06857109 1.488611 0.1270559 -0.06389909 1.508253 0.1191501 -0.05986952 1.496895 0.1359139 -0.06992381 1.494829 0.132669 -0.06869703 1.506333 0.128534 -0.06857341 1.509024 0.1246424 -0.06078636 1.506558 0.1192415 -0.06029027 1.501109 0.1294747 -0.07101124 1.490058 0.1188496 -0.06690752 1.491939 0.1314365 -0.07338619 1.493058 0.1330978 -0.07458496 1.500906 0.1328937 -0.07276219 1.50436 0.1329399 -0.0742982 1.496725 0.119724 -0.06262916 1.505437 0.119858 -0.06732743 1.509595 0.1152056 -0.06539458 1.499386 0.1145812 -0.06831991 1.49648 0.1254176 -0.07665151 1.492641 0.1149789 -0.06606984 1.503843 0.1177898 -0.07412379 1.49255 0.1201497 -0.07742971 1.492763 0.1274247 -0.07881796 1.4956 0.1293869 -0.07906329 1.498976 0.1274433 -0.07558184 1.509654 0.116065 -0.0674079 1.507776 0.1284047 -0.08060842 1.503914 0.1266793 -0.08062142 1.508321 0.1210127 -0.07170265 1.512094 0.1135817 -0.07370555 1.495287 0.1114946 -0.07000505 1.501764 0.1206779 -0.08250319 1.495648 0.1235483 -0.0835393 1.498071 0.1251146 -0.08423542 1.501714 0.118777 -0.08008235 1.515226 0.1103035 -0.07158911 1.506807 0.1096932 -0.07413947 1.499587 0.110253 -0.08281415 1.49734 0.1245448 -0.08505439 1.506357 0.120357 -0.08359056 1.514158 0.1141674 -0.07392579 1.513226 0.1111803 -0.07297307 1.510864 0.1129133 -0.08563339 1.497356 0.1164543 -0.0767889 1.514993 0.1070074 -0.07498592 1.504607 0.1066414 -0.0813589 1.499698 0.1200395 -0.08745211 1.500307 0.1155009 -0.08812278 1.498929 0.1210326 -0.08867758 1.504294 0.1204059 -0.08940219 1.508987 0.1204771 -0.08726936 1.512255 0.1043863 -0.07969307 1.50296 0.1061215 -0.0759297 1.509459 0.1163931 -0.09118068 1.502625 0.1111077 -0.08202821 1.518382 0.1088675 -0.07920211 1.516582 0.1054341 -0.07866698 1.514536 0.116708 -0.09295582 1.507024 0.1010891 -0.08067435 1.508369 0.111235 -0.09228593 1.501659 0.1146517 -0.09476798 1.512628 0.1147979 -0.09257298 1.515858 0.1022582 -0.07953405 1.511936 0.10561 -0.09251946 1.502005 0.1120728 -0.09519535 1.505357 0.1123478 -0.09093815 1.519249 0.1096029 -0.08850616 1.521057 0.1025297 -0.0900076 1.502249 0.09855067 -0.08488768 1.506669 0.09827977 -0.08881449 1.505013 0.1064916 -0.09642165 1.504665 0.1121221 -0.09701627 1.509963 0.1028324 -0.08435708 1.520424 0.1049572 -0.08717674 1.522298 0.09881055 -0.08414 1.518734 0.09602922 -0.08461421 1.515855 0.1064896 -0.09982639 1.508914 0.1081449 -0.09999036 1.516793 0.1084651 -0.09765338 1.519892 0.09475553 -0.08579778 1.512395 0.09445947 -0.0963419 1.507379 0.09679991 -0.0994426 1.507591 0.1069661 -0.1011325 1.513243 0.1042342 -0.09716653 1.524406 0.09297722 -0.08922201 1.510206 0.1005076 -0.1010473 1.508457 0.1009023 -0.0949617 1.526587 0.09860259 -0.09182608 1.526343 0.09596854 -0.08940285 1.524801 0.08663403 -0.09722179 1.512415 0.09939348 -0.1050143 1.513424 0.1010752 -0.1050006 1.521274 0.1015703 -0.1025454 1.524276 0.09183984 -0.08911269 1.523175 0.08827781 -0.09038954 1.516496 0.09954422 -0.1063823 1.517939 0.08803266 -0.0901612 1.520962 0.08614325 -0.09389925 1.514555 0.09426951 -0.1053703 1.512434 0.09624266 -0.1023569 1.529485 0.0905497 -0.1013557 1.533167 0.09165495 -0.09620696 1.530744 0.08914941 -0.09369623 1.5291 0.08126866 -0.10469 1.515762 0.08669805 -0.1060177 1.514032 0.092651 -0.1093071 1.517698 0.09294348 -0.1099401 1.526415 0.09348165 -0.1074723 1.529402 0.08453053 -0.09352487 1.527794 0.08114868 -0.094693 1.521066 0.08811897 -0.1091259 1.516361 0.09131306 -0.1113443 1.523165 0.08026725 -0.09463554 1.525915 0.0783903 -0.09835118 1.519493 0.08778506 -0.1069358 1.534861 0.08707809 -0.1124048 1.521259 0.08382081 -0.1003437 1.535731 0.08260661 -0.09718483 1.533279 0.07268798 -0.1046617 1.521279 0.07790511 -0.1106085 1.51961 0.08035415 -0.1131516 1.521277 0.08488857 -0.1139769 1.531562 0.08547234 -0.1114792 1.534504 0.07578188 -0.09786182 1.533371 0.07123953 -0.09959745 1.527343 0.08024811 -0.1157656 1.525593 0.08069813 -0.1165872 1.529949 0.07564747 -0.1004229 1.537701 0.07066512 -0.09914404 1.532 0.06903576 -0.1027914 1.525429 0.07490473 -0.1183412 1.537908 0.07550919 -0.1158265 1.540837 0.07510483 -0.1125368 1.54292 0.07510769 -0.1084247 1.542982 0.07312059 -0.1050831 1.542532 0.06453603 -0.1122736 1.526397 0.06652504 -0.1156126 1.526843 0.06889903 -0.1181991 1.528558 0.06777739 -0.1012583 1.538459 0.07151186 -0.1195134 1.531146 0.06680333 -0.1040217 1.543323 0.06192237 -0.1026779 1.537557 0.06078642 -0.1038851 1.533986 0.05355072 -0.1089566 1.535254 0.05360704 -0.1123742 1.533407 0.06970846 -0.1211102 1.536915 0.05806809 -0.1049509 1.54463 0.06063407 -0.1236776 1.53806 0.06432288 -0.1223201 1.544633 0.06515526 -0.1197165 1.547417 0.06510311 -0.1162872 1.549277 0.06417441 -0.1125542 1.549931 0.06251055 -0.109086 1.549277 0.06036478 -0.1064104 1.547417 0.05595803 -0.104884 1.541348 0.05436784 -0.1062655 1.538064 0.05451637 -0.1160314 1.532766 0.05618023 -0.1194996 1.533419 0.058326 -0.1221752 1.535279 0.06273275 -0.1237016 1.541348 0.1241 -0.05051946 1.506803 0.1241 -0.04078674 1.497699 0.1241 -0.0370559 1.491334 0.1241 -0.03428357 1.484073 0.1241 -0.03257644 1.476194 0.1241 -0.03199994 1.468 0.1241 -0.03257644 1.459806 0.1241 -0.03428357 1.451927 0.1241 -0.0370559 1.444666 0.1241 -0.04533284 1.433078 0.1241 -0.05051946 1.429197 0.1241 -0.06199997 1.426 0.1249319 -0.05091065 1.506803 0.1253078 -0.04590076 1.502922 0.1256373 -0.04150956 1.497699 0.1259077 -0.03790581 1.491334 0.1261085 -0.03522801 1.484073 0.1262323 -0.03357899 1.476194 0.1262741 -0.03302222 1.468 0.1262323 -0.03357899 1.459806 0.1261085 -0.03522801 1.451927 0.1259077 -0.03790581 1.444666 0.1256373 -0.04150956 1.438302 0.1253078 -0.04590076 1.433078 0.1249319 -0.05091065 1.429197 0.124306 -0.05613881 1.426806 0.1247405 -0.05657505 1.509196 0.1257072 -0.05205756 1.506803 0.1264334 -0.04756581 1.502922 0.1270698 -0.04362881 1.497699 0.1275922 -0.04039776 1.491334 0.1279802 -0.03799688 1.484073 0.1282193 -0.03651845 1.476194 0.1283 -0.0360192 1.468 0.1282193 -0.03651845 1.459806 0.1279802 -0.03799688 1.451927 0.1275922 -0.04039776 1.444666 0.1270698 -0.04362881 1.438302 0.1264334 -0.04756581 1.433078 0.1257072 -0.05205756 1.429197 0.1273999 -0.05021452 1.502922 0.1283 -0.04699999 1.497699 0.1290386 -0.04436182 1.491334 0.1295875 -0.04240155 1.484073 0.1299256 -0.04119437 1.476194 0.1300396 -0.04078674 1.468 0.1299256 -0.04119437 1.459806 0.1295875 -0.04240155 1.451927 0.1290386 -0.04436182 1.444666 0.1283 -0.04699999 1.438302 0.1273999 -0.05021452 1.433078 0.1251104 -0.0573427 1.426804 0.1254168 -0.05844759 1.509195 0.1266384 -0.05486792 1.506828 0.1281415 -0.05366641 1.502922 0.1292439 -0.05139338 1.497699 0.1301486 -0.04952794 1.491334 0.1308208 -0.04814177 1.484073 0.1312348 -0.04728817 1.476194 0.1313746 -0.04699999 1.468 0.1312348 -0.04728817 1.459806 0.1308208 -0.04814177 1.451927 0.1301486 -0.04952794 1.444666 0.1292439 -0.05139338 1.438302 0.1281415 -0.05366641 1.433078 0.1266383 -0.05486816 1.429172 0.1256321 -0.05981069 1.426805 0.1286078 -0.0576862 1.502922 0.1298373 -0.05650961 1.497699 0.1308463 -0.05554395 1.491334 0.1315961 -0.05482643 1.484073 0.1320579 -0.05438458 1.476194 0.1322137 -0.05423539 1.468 0.1320579 -0.05438458 1.459806 0.1315961 -0.05482643 1.451927 0.1308463 -0.05554395 1.444666 0.1298373 -0.05650961 1.438302 0.1286078 -0.0576862 1.433078 0.1257287 -0.06121635 1.509198 0.1272661 -0.06047427 1.506892 0.1287668 -0.06199997 1.502922 0.1300396 -0.06199997 1.497699 0.1310843 -0.06199997 1.491334 0.1318606 -0.06199997 1.484073 0.1323386 -0.06199997 1.476194 0.1324999 -0.06199997 1.468 0.1323386 -0.06199997 1.459806 0.1318606 -0.06199997 1.451927 0.1310843 -0.06199997 1.444666 0.1300396 -0.06199997 1.438302 0.1287668 -0.06199997 1.433078 0.127266 -0.06047439 1.429108 0.1257286 -0.062783 1.426802 0.1286078 -0.06631374 1.502922 0.1298373 -0.06749033 1.497699 0.1308463 -0.06845599 1.491334 0.1315961 -0.06917351 1.484073 0.1320579 -0.06961536 1.476194 0.1322137 -0.06976455 1.468 0.1320579 -0.06961536 1.459806 0.1315961 -0.06917351 1.451927 0.1308463 -0.06845599 1.444666 0.1298373 -0.06749033 1.438302 0.1286078 -0.06631374 1.433078 0.1256321 -0.06418913 1.509195 0.1270763 -0.06647521 1.506829 0.1281415 -0.07033354 1.502922 0.1292439 -0.07260656 1.497699 0.1301486 -0.07447201 1.491334 0.1308208 -0.07585817 1.484073 0.1312348 -0.07671177 1.476194 0.1313746 -0.07699996 1.468 0.1312348 -0.07671177 1.459806 0.1308208 -0.07585817 1.451927 0.1301486 -0.07447201 1.444666 0.1292439 -0.07260656 1.438302 0.1281415 -0.07033354 1.433078 0.1270762 -0.06647509 1.429171 0.126373 -0.07011795 1.506803 0.1273999 -0.07378542 1.502922 0.1283 -0.07699996 1.497699 0.1290386 -0.07963812 1.491334 0.1295875 -0.0815984 1.484073 0.1299256 -0.08280557 1.476194 0.1300396 -0.08321321 1.468 0.1299256 -0.08280557 1.459806 0.1295875 -0.0815984 1.451927 0.1290386 -0.07963812 1.444666 0.1283 -0.07699996 1.438302 0.1273999 -0.07378542 1.433078 0.1254167 -0.06555199 1.426805 0.1251104 -0.06665724 1.509196 0.1257072 -0.07194238 1.506803 0.1264334 -0.07643413 1.502922 0.1270698 -0.08037114 1.497699 0.1275922 -0.08360219 1.491334 0.1279802 -0.08600306 1.484073 0.1282193 -0.08748149 1.476194 0.1283 -0.08798074 1.468 0.1282193 -0.08748149 1.459806 0.1279802 -0.08600306 1.451927 0.1275922 -0.08360219 1.444666 0.1270698 -0.08037114 1.438302 0.1264334 -0.07643413 1.433078 0.1260216 -0.07127112 1.429174 0.1249319 -0.0730893 1.506803 0.1253078 -0.07809913 1.502922 0.1256373 -0.08249038 1.497699 0.1259077 -0.08609414 1.491334 0.1261085 -0.08877193 1.484073 0.1262323 -0.09042096 1.476194 0.1262741 -0.09097772 1.468 0.1262323 -0.09042096 1.459806 0.1261085 -0.08877193 1.451927 0.1259077 -0.08609414 1.444666 0.1256373 -0.08249038 1.438302 0.1253078 -0.07809913 1.433078 0.1249319 -0.0730893 1.429197 0.1247406 -0.06742453 1.426804 0.124306 -0.06786125 1.509194 0.1241 -0.07348048 1.506803 0.1241 -0.0786671 1.502922 0.1241 -0.08321315 1.497699 0.1241 -0.08694404 1.491334 0.1241 -0.08971637 1.484073 0.1241 -0.09142351 1.476194 0.1241 -0.092 1.468 0.1241 -0.09142351 1.459806 0.1241 -0.08971637 1.451927 0.1241 -0.08694404 1.444666 0.1241 -0.08321315 1.438302 0.1241 -0.0786671 1.433078 0.1241 -0.07348048 1.429197 0.123268 -0.0730893 1.506803 0.1228922 -0.07809913 1.502922 0.1225627 -0.08249038 1.497699 0.1222923 -0.08609408 1.491334 0.1220914 -0.08877193 1.484073 0.1219677 -0.09042096 1.476194 0.1219259 -0.09097772 1.468 0.1219677 -0.09042096 1.459806 0.1220914 -0.08877193 1.451927 0.1222923 -0.08609408 1.444666 0.1225627 -0.08249038 1.438302 0.1228922 -0.07809913 1.433078 0.123268 -0.0730893 1.429197 0.1238939 -0.06786113 1.426806 0.1234595 -0.06742489 1.509196 0.1224927 -0.07194238 1.506803 0.1217666 -0.07643413 1.502922 0.1211301 -0.08037114 1.497699 0.1206078 -0.08360219 1.491334 0.1202197 -0.08600306 1.484073 0.1199807 -0.08748149 1.476194 0.1199 -0.08798074 1.468 0.1199807 -0.08748149 1.459806 0.1202197 -0.08600306 1.451927 0.1206078 -0.08360219 1.444666 0.1211301 -0.08037114 1.438302 0.1217666 -0.07643413 1.433078 0.1208001 -0.07378542 1.502922 0.1199 -0.07699996 1.497699 0.1191613 -0.07963812 1.491334 0.1186124 -0.0815984 1.484073 0.1182744 -0.08280557 1.476194 0.1181603 -0.08321321 1.468 0.1182744 -0.08280557 1.459806 0.1186124 -0.0815984 1.451927 0.1191613 -0.07963812 1.444666 0.1199 -0.07699996 1.438302 0.1208001 -0.07378542 1.433078 0.1221784 -0.07127112 1.429174 0.1230896 -0.06665724 1.426804 0.1227832 -0.06555229 1.509195 0.1215617 -0.06913208 1.506828 0.1200584 -0.07033354 1.502922 0.118956 -0.07260656 1.497699 0.1180514 -0.07447201 1.491334 0.1173791 -0.07585817 1.484073 0.1169651 -0.07671177 1.476194 0.1168254 -0.07699996 1.468 0.1169651 -0.07671177 1.459806 0.1173791 -0.07585817 1.451927 0.1180514 -0.07447201 1.444666 0.118956 -0.07260656 1.438302 0.1200584 -0.07033354 1.433078 0.1241 -0.06199997 1.51 0.1195922 -0.06631374 1.502922 0.1183627 -0.06749033 1.497699 0.1173536 -0.06845599 1.491334 0.1166038 -0.06917351 1.484073 0.1161421 -0.06961536 1.476194 0.1159862 -0.06976455 1.468 0.1161421 -0.06961536 1.459806 0.1166038 -0.06917351 1.451927 0.1173536 -0.06845599 1.444666 0.1183627 -0.06749033 1.438302 0.1195922 -0.06631374 1.433078 0.1211237 -0.06647491 1.429171 0.1225679 -0.06418925 1.426805 0.1224713 -0.06278365 1.509198 0.1209338 -0.06352591 1.506891 0.1194332 -0.06199997 1.502922 0.1181603 -0.06199997 1.497699 0.1171156 -0.06199997 1.491334 0.1163394 -0.06199997 1.484073 0.1158614 -0.06199997 1.476194 0.1157 -0.06199997 1.468 0.1158614 -0.06199997 1.459806 0.1163394 -0.06199997 1.451927 0.1171156 -0.06199997 1.444666 0.1181603 -0.06199997 1.438302 0.1194332 -0.06199997 1.433078 0.1225679 -0.05981069 1.509195 0.1195922 -0.0576862 1.502922 0.1183627 -0.05650961 1.497699 0.1173536 -0.05554395 1.491334 0.1166038 -0.05482643 1.484073 0.1161421 -0.05438458 1.476194 0.1159862 -0.05423539 1.468 0.1161421 -0.05438458 1.459806 0.1166038 -0.05482643 1.451927 0.1173536 -0.05554395 1.444666 0.1183627 -0.05650961 1.438302 0.1195922 -0.0576862 1.433078 0.1209339 -0.06047427 1.429108 0.1224713 -0.06121683 1.426802 0.1211236 -0.05752485 1.506829 0.1200584 -0.05366641 1.502922 0.118956 -0.05139338 1.497699 0.1180514 -0.04952794 1.491334 0.1173791 -0.04814177 1.484073 0.1169651 -0.04728817 1.476194 0.1168254 -0.04699999 1.468 0.1169651 -0.04728817 1.459806 0.1173791 -0.04814177 1.451927 0.1180514 -0.04952794 1.444666 0.118956 -0.05139338 1.438302 0.1200584 -0.05366641 1.433078 0.1230896 -0.0573427 1.509196 0.1208001 -0.05021452 1.502922 0.1199 -0.04699999 1.497699 0.1191613 -0.04436182 1.491334 0.1186124 -0.04240155 1.484073 0.1182744 -0.04119437 1.476194 0.1181603 -0.04078674 1.468 0.1182744 -0.04119437 1.459806 0.1186124 -0.04240155 1.451927 0.1191613 -0.04436182 1.444666 0.1199 -0.04699999 1.438302 0.1208001 -0.05021452 1.433078 0.1215617 -0.0548681 1.429172 0.1227833 -0.05844801 1.426805 0.1221783 -0.05272847 1.506826 0.1217666 -0.04756581 1.502922 0.1211301 -0.04362881 1.497699 0.1206078 -0.04039776 1.491334 0.1202197 -0.03799688 1.484073 0.1199807 -0.03651845 1.476194 0.1199 -0.0360192 1.468 0.1199807 -0.03651845 1.459806 0.1202197 -0.03799688 1.451927 0.1206078 -0.04039776 1.444666 0.1211301 -0.04362881 1.438302 0.1217666 -0.04756581 1.433078 0.1224927 -0.05205756 1.429197 0.123268 -0.05091065 1.506803 0.1228922 -0.04590082 1.502922 0.1225627 -0.04150956 1.497699 0.1222923 -0.03790587 1.491334 0.1220914 -0.03522801 1.484073 0.1219677 -0.03357899 1.476194 0.1219259 -0.03302222 1.468 0.1219677 -0.03357899 1.459806 0.1220914 -0.03522801 1.451927 0.1222923 -0.03790587 1.444666 0.1225627 -0.04150956 1.438302 0.1228922 -0.04590082 1.433078 0.123268 -0.05091065 1.429197 0.1234594 -0.05657541 1.426804 0.123894 -0.05613869 1.509194 0.1241 -0.0453329 1.502922 0.1241 -0.0407868 1.438302 0.152 0.01148045 1.486803 0.152 0.02121317 1.477698 0.152 0.02494406 1.471334 0.152 0.02771633 1.464073 0.152 0.02942353 1.456194 0.152 0.02999997 1.448 0.152 0.02942353 1.439806 0.152 0.02771633 1.431927 0.152 0.02494406 1.424666 0.152 0.01666706 1.413078 0.152 0.01148045 1.409197 0.152 0 1.406 0.1522061 0.005861997 1.489194 0.152832 0.01108926 1.486803 0.1532078 0.01609915 1.482922 0.1535373 0.02049034 1.477698 0.1538076 0.0240941 1.471334 0.1540086 0.02677196 1.464073 0.1541323 0.02842092 1.456194 0.154174 0.02897775 1.448 0.1541323 0.02842092 1.439806 0.1540086 0.02677196 1.431927 0.1538076 0.0240941 1.424666 0.1535373 0.02049034 1.418301 0.1532078 0.01609915 1.413078 0.152832 0.01108926 1.409197 0.1530105 0.004657983 1.489195 0.1543334 0.01443409 1.482922 0.1549698 0.01837116 1.477698 0.1554921 0.02160221 1.471334 0.1558803 0.02400308 1.464073 0.1561193 0.02548152 1.456194 0.1561999 0.02598071 1.448 0.1561193 0.02548152 1.439806 0.1558803 0.02400308 1.431927 0.1554921 0.02160221 1.424666 0.1549698 0.01837116 1.418301 0.1543334 0.01443409 1.413078 0.1536073 0.009942352 1.409197 0.1526406 0.005424916 1.406804 0.1539216 0.009271144 1.486826 0.1552999 0.01178538 1.482922 0.1561999 0.01499998 1.477698 0.1569386 0.01763808 1.471334 0.1574875 0.01959842 1.464073 0.1578255 0.02080559 1.456194 0.1579397 0.02121317 1.448 0.1578255 0.02080559 1.439806 0.1574875 0.01959842 1.431927 0.1569386 0.01763808 1.424666 0.1561999 0.01499998 1.418301 0.1552999 0.01178538 1.413078 0.1549763 0.004474997 1.486829 0.1560415 0.008333504 1.482922 0.1571439 0.01060658 1.477698 0.1580486 0.01247203 1.471334 0.1587209 0.01385813 1.464073 0.1591348 0.01471173 1.456194 0.1592746 0.01499998 1.448 0.1591348 0.01471173 1.439806 0.1587209 0.01385813 1.431927 0.1580486 0.01247203 1.424666 0.1571439 0.01060658 1.418301 0.1560415 0.008333504 1.413078 0.1545383 0.007131814 1.409172 0.1533168 0.003552079 1.406805 0.1535323 0.002189636 1.489195 0.1565077 0.004313707 1.482922 0.1577373 0.005490362 1.477698 0.1587463 0.006455957 1.471334 0.1594961 0.007173478 1.464073 0.1599578 0.007615327 1.456194 0.1601138 0.007764518 1.448 0.1599578 0.007615327 1.439806 0.1594961 0.007173478 1.431927 0.1587463 0.006455957 1.424666 0.1577373 0.005490362 1.418301 0.1565077 0.004313707 1.413078 0.155166 -0.001525461 1.486892 0.1566668 0 1.482922 0.1579397 0 1.477698 0.1589843 0 1.471334 0.1597605 0 1.464073 0.1602386 0 1.456194 0.1604 0 1.448 0.1602386 0 1.439806 0.1597605 0 1.431927 0.1589843 0 1.424666 0.1579397 0 1.418301 0.1566668 0 1.413078 0.155166 0.001525461 1.409108 0.1536288 7.83006e-4 1.406802 0.1536289 -7.82966e-4 1.489198 0.1565077 -0.004313707 1.482922 0.1577373 -0.005490362 1.477698 0.1587463 -0.006455957 1.471334 0.1594961 -0.007173478 1.464073 0.1599578 -0.007615327 1.456194 0.1601138 -0.007764518 1.448 0.1599578 -0.007615327 1.439806 0.1594961 -0.007173478 1.431927 0.1587463 -0.006455957 1.424666 0.1577373 -0.005490362 1.418301 0.1565077 -0.004313707 1.413078 0.1549763 -0.004474937 1.409171 0.1560415 -0.008333504 1.482922 0.1571439 -0.01060658 1.477698 0.1580486 -0.01247203 1.471334 0.1587209 -0.01385813 1.464073 0.1591348 -0.01471173 1.456194 0.1592746 -0.01499998 1.448 0.1591348 -0.01471173 1.439806 0.1587209 -0.01385813 1.431927 0.1580486 -0.01247203 1.424666 0.1571439 -0.01060658 1.418301 0.1560415 -0.008333504 1.413078 0.1535322 -0.002189457 1.406805 0.1533169 -0.003552317 1.489195 0.1545383 -0.007131755 1.486828 0.1552999 -0.01178538 1.482922 0.1561999 -0.01499998 1.477698 0.1569386 -0.01763808 1.471334 0.1574875 -0.01959842 1.464073 0.1578255 -0.02080559 1.456194 0.1579397 -0.02121317 1.448 0.1578255 -0.02080559 1.439806 0.1574875 -0.01959842 1.431927 0.1569386 -0.01763808 1.424666 0.1561999 -0.01499998 1.418301 0.1552999 -0.01178538 1.413078 0.1539216 -0.009271144 1.409174 0.1536073 -0.009942352 1.486803 0.1543334 -0.01443409 1.482922 0.1549698 -0.01837116 1.477698 0.1554921 -0.02160221 1.471334 0.1558803 -0.02400308 1.464073 0.1561193 -0.02548152 1.456194 0.1561999 -0.02598071 1.448 0.1561193 -0.02548152 1.439806 0.1558803 -0.02400308 1.431927 0.1554921 -0.02160221 1.424666 0.1549698 -0.01837116 1.418301 0.1543334 -0.01443409 1.413078 0.1526407 -0.005425274 1.489196 0.152832 -0.01108926 1.486803 0.1532078 -0.01609915 1.482922 0.1535373 -0.02049034 1.477698 0.1538076 -0.0240941 1.471334 0.1540086 -0.02677196 1.464073 0.1541323 -0.02842092 1.456194 0.154174 -0.02897775 1.448 0.1541323 -0.02842092 1.439806 0.1540086 -0.02677196 1.431927 0.1538076 -0.0240941 1.424666 0.1535373 -0.02049034 1.418301 0.1532078 -0.01609915 1.413078 0.152832 -0.01108926 1.409197 0.1528349 -0.00514698 1.406798 0.152 -0.01148045 1.486803 0.152 -0.01666706 1.482922 0.152 -0.02121317 1.477698 0.152 -0.02494406 1.471334 0.152 -0.02771633 1.464073 0.152 -0.02942353 1.456194 0.152 -0.02999997 1.448 0.152 -0.02942353 1.439806 0.152 -0.02771633 1.431927 0.152 -0.02494406 1.424666 0.152 -0.02121317 1.418301 0.152 -0.01666706 1.413078 0.152 -0.01148045 1.409197 0.1517938 -0.005861997 1.489194 0.151168 -0.01108926 1.486803 0.1507921 -0.01609915 1.482922 0.1504626 -0.02049034 1.477698 0.1501923 -0.0240941 1.471334 0.1499914 -0.02677196 1.464073 0.1498677 -0.02842092 1.456194 0.1498259 -0.02897775 1.448 0.1498677 -0.02842092 1.439806 0.1499914 -0.02677196 1.431927 0.1501923 -0.0240941 1.424666 0.1504626 -0.02049034 1.418301 0.1507921 -0.01609915 1.413078 0.151168 -0.01108926 1.409197 0.1517939 -0.00586158 1.406806 0.1503927 -0.009942352 1.486803 0.1496666 -0.01443409 1.482922 0.1490301 -0.01837116 1.477698 0.1485078 -0.02160215 1.471334 0.1481197 -0.02400308 1.464073 0.1478807 -0.02548152 1.456194 0.1478 -0.02598071 1.448 0.1478807 -0.02548152 1.439806 0.1481197 -0.02400308 1.431927 0.1485078 -0.02160215 1.424666 0.1490301 -0.01837116 1.418301 0.1496666 -0.01443409 1.413078 0.1503927 -0.009942352 1.409197 0.1509894 -0.004657864 1.489195 0.1487001 -0.01178538 1.482922 0.1478 -0.01499998 1.477698 0.1470613 -0.01763808 1.471334 0.1465124 -0.01959842 1.464073 0.1461744 -0.02080559 1.456194 0.1460603 -0.02121317 1.448 0.1461744 -0.02080559 1.439806 0.1465124 -0.01959842 1.431927 0.1470613 -0.01763808 1.424666 0.1478 -0.01499998 1.418301 0.1487001 -0.01178538 1.413078 0.1509895 -0.004657566 1.406804 0.1494617 -0.007131874 1.486828 0.1479584 -0.008333504 1.482922 0.146856 -0.01060658 1.477698 0.1459513 -0.01247203 1.471334 0.1452791 -0.01385813 1.464073 0.1448652 -0.01471173 1.456194 0.1447253 -0.01499998 1.448 0.1448652 -0.01471173 1.439806 0.1452791 -0.01385813 1.431927 0.1459513 -0.01247203 1.424666 0.146856 -0.01060658 1.418301 0.1479584 -0.008333504 1.413078 0.1494616 -0.007131814 1.409172 0.152 0 1.49 0.1504676 -0.002189517 1.489195 0.1488339 -0.00152564 1.486892 0.1474922 -0.004313707 1.482922 0.1462627 -0.005490362 1.477698 0.1452536 -0.006455957 1.471334 0.1445038 -0.007173478 1.464073 0.1440421 -0.007615327 1.456194 0.1438862 -0.007764518 1.448 0.1440421 -0.007615327 1.439806 0.1445038 -0.007173478 1.431927 0.1452536 -0.006455957 1.424666 0.1462627 -0.005490362 1.418301 0.1474922 -0.004313707 1.413078 0.1504678 -0.002189278 1.406805 0.1473332 0 1.482922 0.1460603 0 1.477698 0.1450156 0 1.471334 0.1442394 0 1.464073 0.1437613 0 1.456194 0.1436 0 1.448 0.1437613 0 1.439806 0.1442394 0 1.431927 0.1450156 0 1.424666 0.1460603 0 1.418301 0.1473332 0 1.413078 0.1488339 -0.001525521 1.409108 0.1503711 7.83344e-4 1.489198 0.1474922 0.004313707 1.482922 0.1462627 0.005490362 1.477698 0.1452536 0.006455957 1.471334 0.1445038 0.007173478 1.464073 0.1440421 0.007615327 1.456194 0.1438862 0.007764518 1.448 0.1440421 0.007615327 1.439806 0.1445038 0.007173478 1.431927 0.1452536 0.006455957 1.424666 0.1462627 0.005490362 1.418301 0.1474922 0.004313707 1.413078 0.1503712 7.83128e-4 1.406802 0.1490237 0.004474818 1.486829 0.1479584 0.008333504 1.482922 0.146856 0.01060658 1.477698 0.1459513 0.01247203 1.471334 0.1452791 0.01385813 1.464073 0.1448652 0.01471173 1.456194 0.1447253 0.01499998 1.448 0.1448652 0.01471173 1.439806 0.1452791 0.01385813 1.431927 0.1459513 0.01247203 1.424666 0.146856 0.01060658 1.418301 0.1479584 0.008333504 1.413078 0.1490237 0.004474937 1.409171 0.1506831 0.003552496 1.489195 0.1487001 0.01178538 1.482922 0.1478 0.01499998 1.477698 0.1470613 0.01763808 1.471334 0.1465124 0.01959842 1.464073 0.1461744 0.02080559 1.456194 0.1460603 0.02121317 1.448 0.1461744 0.02080559 1.439806 0.1465124 0.01959842 1.431927 0.1470613 0.01763808 1.424666 0.1478 0.01499998 1.418301 0.1487001 0.01178538 1.413078 0.1506832 0.003552198 1.406805 0.1500784 0.009271204 1.486826 0.1496666 0.01443409 1.482922 0.1490301 0.01837116 1.477698 0.1485078 0.02160215 1.471334 0.1481197 0.02400308 1.464073 0.1478807 0.02548152 1.456194 0.1478 0.02598071 1.448 0.1478807 0.02548152 1.439806 0.1481197 0.02400308 1.431927 0.1485078 0.02160215 1.424666 0.1490301 0.01837116 1.418301 0.1496666 0.01443409 1.413078 0.1500784 0.009271144 1.409174 0.1513593 0.005425333 1.489196 0.151168 0.01108926 1.486803 0.1507921 0.01609915 1.482922 0.1504626 0.02049034 1.477698 0.1501923 0.0240941 1.471334 0.1499914 0.02677196 1.464073 0.1498677 0.02842092 1.456194 0.1498259 0.02897775 1.448 0.1498677 0.02842092 1.439806 0.1499914 0.02677196 1.431927 0.1501923 0.0240941 1.424666 0.1504626 0.02049034 1.418301 0.1507921 0.01609915 1.413078 0.151168 0.01108926 1.409197 0.152 0.01666706 1.482922 0.152 0.02121317 1.418301 0.1515982 0.005797863 1.4068 0.1241 0.07348048 1.506803 0.1241 0.08321321 1.497699 0.1241 0.08694404 1.491334 0.1241 0.08971637 1.484073 0.1241 0.09142351 1.476194 0.1241 0.092 1.468 0.1241 0.09142351 1.459806 0.1241 0.08971637 1.451927 0.1241 0.08694404 1.444666 0.1241 0.0786671 1.433078 0.1241 0.07348048 1.429197 0.1241 0.06199997 1.426 0.1249319 0.0730893 1.506803 0.1253078 0.07809919 1.502922 0.1256373 0.08249038 1.497699 0.1259077 0.08609414 1.491334 0.1261085 0.08877193 1.484073 0.1262323 0.09042096 1.476194 0.1262741 0.09097772 1.468 0.1262323 0.09042096 1.459806 0.1261085 0.08877193 1.451927 0.1259077 0.08609414 1.444666 0.1256373 0.08249038 1.438302 0.1253078 0.07809919 1.433078 0.1249319 0.0730893 1.429197 0.124306 0.06786113 1.426806 0.1247405 0.06742489 1.509196 0.1257072 0.07194238 1.506803 0.1264334 0.07643413 1.502922 0.1270698 0.08037114 1.497699 0.1275922 0.08360219 1.491334 0.1279802 0.08600306 1.484073 0.1282193 0.08748149 1.476194 0.1283 0.08798074 1.468 0.1282193 0.08748149 1.459806 0.1279802 0.08600306 1.451927 0.1275922 0.08360219 1.444666 0.1270698 0.08037114 1.438302 0.1264334 0.07643413 1.433078 0.1273999 0.07378542 1.502922 0.1283 0.07699996 1.497699 0.1290386 0.07963812 1.491334 0.1295875 0.0815984 1.484073 0.1299256 0.08280557 1.476194 0.1300396 0.08321321 1.468 0.1299256 0.08280557 1.459806 0.1295875 0.0815984 1.451927 0.1290386 0.07963812 1.444666 0.1283 0.07699996 1.438302 0.1273999 0.07378542 1.433078 0.1260216 0.07127112 1.429174 0.1251104 0.06665724 1.426804 0.1254168 0.06555235 1.509195 0.1266384 0.06913203 1.506828 0.1281415 0.07033354 1.502922 0.1292439 0.07260656 1.497699 0.1301486 0.07447201 1.491334 0.1308208 0.07585817 1.484073 0.1312348 0.07671177 1.476194 0.1313746 0.07699996 1.468 0.1312348 0.07671177 1.459806 0.1308208 0.07585817 1.451927 0.1301486 0.07447201 1.444666 0.1292439 0.07260656 1.438302 0.1281415 0.07033354 1.433078 0.1286078 0.06631374 1.502922 0.1298373 0.06749033 1.497699 0.1308463 0.06845599 1.491334 0.1315961 0.06917351 1.484073 0.1320579 0.06961536 1.476194 0.1322137 0.06976455 1.468 0.1320579 0.06961536 1.459806 0.1315961 0.06917351 1.451927 0.1308463 0.06845599 1.444666 0.1298373 0.06749033 1.438302 0.1286078 0.06631374 1.433078 0.1270763 0.06647509 1.429171 0.1256321 0.06418931 1.426805 0.1257287 0.06278359 1.509198 0.1272661 0.06352573 1.506892 0.1287668 0.06199997 1.502922 0.1300396 0.06199997 1.497699 0.1310843 0.06199997 1.491334 0.1318606 0.06199997 1.484073 0.1323386 0.06199997 1.476194 0.1324999 0.06199997 1.468 0.1323386 0.06199997 1.459806 0.1318606 0.06199997 1.451927 0.1310843 0.06199997 1.444666 0.1300396 0.06199997 1.438302 0.1287668 0.06199997 1.433078 0.1286078 0.0576862 1.502922 0.1298373 0.05650961 1.497699 0.1308463 0.05554395 1.491334 0.1315961 0.05482643 1.484073 0.1320579 0.05438458 1.476194 0.1322137 0.05423539 1.468 0.1320579 0.05438458 1.459806 0.1315961 0.05482643 1.451927 0.1308463 0.05554395 1.444666 0.1298373 0.05650961 1.438302 0.1286078 0.0576862 1.433078 0.127266 0.06047439 1.429108 0.1257286 0.06121695 1.426802 0.1256321 0.05981081 1.509195 0.1270763 0.05752474 1.506829 0.1281415 0.05366641 1.502922 0.1292439 0.05139338 1.497699 0.1301486 0.04952794 1.491334 0.1308208 0.04814177 1.484073 0.1312348 0.04728817 1.476194 0.1313746 0.04699999 1.468 0.1312348 0.04728817 1.459806 0.1308208 0.04814177 1.451927 0.1301486 0.04952794 1.444666 0.1292439 0.05139338 1.438302 0.1281415 0.05366641 1.433078 0.1273999 0.05021452 1.502922 0.1283 0.04699999 1.497699 0.1290386 0.04436182 1.491334 0.1295875 0.04240155 1.484073 0.1299256 0.04119437 1.476194 0.1300396 0.04078674 1.468 0.1299256 0.04119437 1.459806 0.1295875 0.04240155 1.451927 0.1290386 0.04436182 1.444666 0.1283 0.04699999 1.438302 0.1273999 0.05021452 1.433078 0.1266383 0.05486816 1.429172 0.1254167 0.05844795 1.426805 0.1251104 0.0573427 1.509196 0.1260216 0.05272853 1.506826 0.1264334 0.04756581 1.502922 0.1270698 0.04362881 1.497699 0.1275922 0.04039776 1.491334 0.1279802 0.03799688 1.484073 0.1282193 0.03651845 1.476194 0.1283 0.0360192 1.468 0.1282193 0.03651845 1.459806 0.1279802 0.03799688 1.451927 0.1275922 0.04039776 1.444666 0.1270698 0.04362881 1.438302 0.1264334 0.04756581 1.433078 0.1257072 0.05205756 1.429197 0.1249319 0.05091065 1.506803 0.1253078 0.04590082 1.502922 0.1256373 0.04150956 1.497699 0.1259077 0.03790581 1.491334 0.1261085 0.03522801 1.484073 0.1262323 0.03357899 1.476194 0.1262741 0.03302222 1.468 0.1262323 0.03357899 1.459806 0.1261085 0.03522801 1.451927 0.1259077 0.03790581 1.444666 0.1256373 0.04150956 1.438302 0.1253078 0.04590082 1.433078 0.1249319 0.05091065 1.429197 0.1247406 0.05657541 1.426804 0.124306 0.05613869 1.509194 0.1241 0.05051946 1.506803 0.1241 0.04533284 1.502922 0.1241 0.0407868 1.497699 0.1241 0.0370559 1.491334 0.1241 0.03428357 1.484073 0.1241 0.03257644 1.476194 0.1241 0.03199994 1.468 0.1241 0.03257644 1.459806 0.1241 0.03428357 1.451927 0.1241 0.0370559 1.444666 0.1241 0.0407868 1.438302 0.1241 0.04533284 1.433078 0.1241 0.05051946 1.429197 0.1234595 0.05657505 1.509196 0.123268 0.05091065 1.506803 0.1228922 0.04590082 1.502922 0.1225627 0.04150956 1.497699 0.1222923 0.03790587 1.491334 0.1220914 0.03522801 1.484073 0.1219677 0.03357899 1.476194 0.1219259 0.03302222 1.468 0.1219677 0.03357899 1.459806 0.1220914 0.03522801 1.451927 0.1222923 0.03790587 1.444666 0.1225627 0.04150956 1.438302 0.1228922 0.04590082 1.433078 0.123268 0.05091065 1.429197 0.1238939 0.05613881 1.426806 0.1224927 0.05205756 1.506803 0.1217666 0.04756581 1.502922 0.1211301 0.04362881 1.497699 0.1206078 0.04039776 1.491334 0.1202197 0.03799688 1.484073 0.1199807 0.03651845 1.476194 0.1199 0.0360192 1.468 0.1199807 0.03651845 1.459806 0.1202197 0.03799688 1.451927 0.1206078 0.04039776 1.444666 0.1211301 0.04362881 1.438302 0.1217666 0.04756581 1.433078 0.1224927 0.05205756 1.429197 0.1227832 0.05844765 1.509195 0.1208001 0.05021452 1.502922 0.1199 0.04699999 1.497699 0.1191613 0.04436182 1.491334 0.1186124 0.04240155 1.484073 0.1182744 0.04119437 1.476194 0.1181603 0.04078674 1.468 0.1182744 0.04119437 1.459806 0.1186124 0.04240155 1.451927 0.1191613 0.04436182 1.444666 0.1199 0.04699999 1.438302 0.1208001 0.05021452 1.433078 0.1230896 0.0573427 1.426804 0.1215617 0.05486786 1.506828 0.1200584 0.05366641 1.502922 0.118956 0.05139338 1.497699 0.1180514 0.04952794 1.491334 0.1173791 0.04814177 1.484073 0.1169651 0.04728817 1.476194 0.1168254 0.04699999 1.468 0.1169651 0.04728817 1.459806 0.1173791 0.04814177 1.451927 0.1180514 0.04952794 1.444666 0.118956 0.05139338 1.438302 0.1200584 0.05366641 1.433078 0.1215617 0.0548681 1.429172 0.1241 0.06199997 1.51 0.1209338 0.06047409 1.506891 0.1195922 0.0576862 1.502922 0.1183627 0.05650961 1.497699 0.1173536 0.05554395 1.491334 0.1166038 0.05482643 1.484073 0.1161421 0.05438458 1.476194 0.1159862 0.05423539 1.468 0.1161421 0.05438458 1.459806 0.1166038 0.05482643 1.451927 0.1173536 0.05554395 1.444666 0.1183627 0.05650961 1.438302 0.1195922 0.0576862 1.433078 0.1225679 0.05981069 1.426805 0.1224713 0.06121629 1.509198 0.1194332 0.06199997 1.502922 0.1181603 0.06199997 1.497699 0.1171156 0.06199997 1.491334 0.1163394 0.06199997 1.484073 0.1158614 0.06199997 1.476194 0.1157 0.06199997 1.468 0.1158614 0.06199997 1.459806 0.1163394 0.06199997 1.451927 0.1171156 0.06199997 1.444666 0.1181603 0.06199997 1.438302 0.1194332 0.06199997 1.433078 0.1209339 0.06047427 1.429108 0.1211236 0.06647509 1.506829 0.1195922 0.06631374 1.502922 0.1183627 0.06749033 1.497699 0.1173536 0.06845599 1.491334 0.1166038 0.06917351 1.484073 0.1161421 0.06961536 1.476194 0.1159862 0.06976455 1.468 0.1161421 0.06961536 1.459806 0.1166038 0.06917351 1.451927 0.1173536 0.06845599 1.444666 0.1183627 0.06749033 1.438302 0.1195922 0.06631374 1.433078 0.1224713 0.06278312 1.426802 0.1225679 0.06418925 1.509195 0.1200584 0.07033354 1.502922 0.118956 0.07260656 1.497699 0.1180514 0.07447201 1.491334 0.1173791 0.07585817 1.484073 0.1169651 0.07671177 1.476194 0.1168254 0.07699996 1.468 0.1169651 0.07671177 1.459806 0.1173791 0.07585817 1.451927 0.1180514 0.07447201 1.444666 0.118956 0.07260656 1.438302 0.1200584 0.07033354 1.433078 0.1211237 0.06647497 1.429171 0.1208001 0.07378542 1.502922 0.1199 0.07699996 1.497699 0.1191613 0.07963812 1.491334 0.1186124 0.0815984 1.484073 0.1182744 0.08280557 1.476194 0.1181603 0.08321321 1.468 0.1182744 0.08280557 1.459806 0.1186124 0.0815984 1.451927 0.1191613 0.07963812 1.444666 0.1199 0.07699996 1.438302 0.1208001 0.07378542 1.433078 0.1227833 0.06555193 1.426805 0.1230896 0.06665724 1.509196 0.1221783 0.07127147 1.506826 0.1217666 0.07643413 1.502922 0.1211301 0.08037114 1.497699 0.1206078 0.08360219 1.491334 0.1202197 0.08600306 1.484073 0.1199807 0.08748149 1.476194 0.1199 0.08798074 1.468 0.1199807 0.08748149 1.459806 0.1202197 0.08600306 1.451927 0.1206078 0.08360219 1.444666 0.1211301 0.08037114 1.438302 0.1217666 0.07643413 1.433078 0.1221784 0.07127112 1.429174 0.123268 0.0730893 1.506803 0.1228922 0.07809913 1.502922 0.1225627 0.08249038 1.497699 0.1222923 0.08609408 1.491334 0.1220914 0.08877193 1.484073 0.1219677 0.09042096 1.476194 0.1219259 0.09097772 1.468 0.1219677 0.09042096 1.459806 0.1220914 0.08877193 1.451927 0.1222923 0.08609408 1.444666 0.1225627 0.08249038 1.438302 0.1228922 0.07809913 1.433078 0.123268 0.0730893 1.429197 0.1234594 0.06742453 1.426804 0.123894 0.06786125 1.509194 0.1241 0.07866704 1.502922 0.1241 0.08321315 1.438302 0.168 0.01060658 1.459789 0.168 0.01247203 1.456834 0.168 0.01385813 1.453462 0.168 0.01471173 1.449804 0.168 0.01499998 1.446 0.168 0.01471173 1.442196 0.168 0.01385813 1.438538 0.168 0.01247203 1.435166 0.168 0.008333504 1.429786 0.168 0 1.4265 0.1686173 0.005730569 1.464027 0.1701568 0.008049547 1.462214 0.1707451 0.01024514 1.459789 0.171228 0.01204705 1.456834 0.1715868 0.01338595 1.453462 0.1718077 0.01421046 1.449804 0.1718823 0.01448887 1.446 0.1718077 0.01421046 1.442196 0.1715868 0.01338595 1.438538 0.171228 0.01204705 1.435166 0.1707451 0.01024514 1.432211 0.1701568 0.008049547 1.429786 0.1687443 0.005655169 1.427943 0.1684986 0.002964496 1.465138 0.1708701 0.004971146 1.464016 0.1721668 0.007217049 1.462214 0.1733033 0.009185552 1.459789 0.174236 0.01080107 1.456834 0.1749291 0.01200151 1.453462 0.1753559 0.01274073 1.449804 0.1755 0.01299035 1.446 0.1753559 0.01274073 1.442196 0.1749291 0.01200151 1.438538 0.174236 0.01080107 1.435166 0.1733033 0.009185552 1.432211 0.1721668 0.007217049 1.429786 0.1708701 0.004971146 1.427984 0.1687647 0.002853929 1.426868 0.1738927 0.005892693 1.462214 0.1755 0.007499992 1.459789 0.176819 0.008819043 1.456834 0.1777992 0.009799182 1.453462 0.1784028 0.01040279 1.449804 0.1786066 0.01060658 1.446 0.1784028 0.01040279 1.442196 0.1777992 0.009799182 1.438538 0.176819 0.008819043 1.435166 0.1755 0.007499992 1.432211 0.1738927 0.005892693 1.429786 0.1726082 0.003423929 1.464043 0.175217 0.004166722 1.462214 0.1771855 0.005303263 1.459789 0.1788011 0.006236016 1.456834 0.1800015 0.006929039 1.453462 0.1807407 0.007355868 1.449804 0.1809903 0.007499992 1.446 0.1807407 0.007355868 1.442196 0.1800015 0.006929039 1.438538 0.1788011 0.006236016 1.435166 0.1771855 0.005303263 1.432211 0.175217 0.004166722 1.429786 0.1725699 0.003448486 1.427957 0.1706196 0.001404762 1.465131 0.1760495 0.002156853 1.462214 0.1782451 0.002745151 1.459789 0.180047 0.003227949 1.456834 0.1813859 0.003586709 1.453462 0.1822105 0.003807663 1.449804 0.1824889 0.003882229 1.446 0.1822105 0.003807663 1.442196 0.1813859 0.003586709 1.438538 0.180047 0.003227949 1.435166 0.1782451 0.002745151 1.432211 0.1760495 0.002156853 1.429786 0.173682 7.01689e-4 1.464043 0.1763335 0 1.462214 0.1786066 0 1.459789 0.180472 0 1.456834 0.1818581 0 1.453462 0.1827117 0 1.449804 0.183 0 1.446 0.1827117 0 1.442196 0.1818581 0 1.438538 0.180472 0 1.435166 0.1786066 0 1.432211 0.1763335 0 1.429786 0.1736991 8.14422e-4 1.427967 0.1707348 0.001248896 1.426862 0.1735447 -0.001485645 1.464016 0.1760495 -0.002156853 1.462214 0.1782451 -0.002745151 1.459789 0.180047 -0.003227949 1.456834 0.1813859 -0.003586709 1.453462 0.1822105 -0.003807663 1.449804 0.1824889 -0.003882229 1.446 0.1822105 -0.003807663 1.442196 0.1813859 -0.003586709 1.438538 0.180047 -0.003227949 1.435166 0.1782451 -0.002745151 1.432211 0.1760495 -0.002156853 1.429786 0.1735447 -0.001485645 1.427984 0.175217 -0.004166722 1.462214 0.1771855 -0.005303263 1.459789 0.1788011 -0.006236016 1.456834 0.1800015 -0.006929039 1.453462 0.1807407 -0.007355868 1.449804 0.1809903 -0.007499992 1.446 0.1807407 -0.007355868 1.442196 0.1800015 -0.006929039 1.438538 0.1788011 -0.006236016 1.435166 0.1771855 -0.005303263 1.432211 0.175217 -0.004166722 1.429786 0.1707567 -0.001141846 1.465139 0.1725 -0.003565013 1.464043 0.1738927 -0.005892693 1.462214 0.1755 -0.007499992 1.459789 0.176819 -0.008819043 1.456834 0.1777992 -0.009799182 1.453462 0.1784028 -0.01040279 1.449804 0.1786066 -0.01060658 1.446 0.1784028 -0.01040279 1.442196 0.1777992 -0.009799182 1.438538 0.176819 -0.008819043 1.435166 0.1755 -0.007499992 1.432211 0.1738927 -0.005892693 1.429786 0.1725253 -0.003472208 1.427943 0.1706199 -0.001405 1.426869 0.1721668 -0.007217049 1.462214 0.1733033 -0.009185552 1.459789 0.174236 -0.01080107 1.456834 0.1749291 -0.01200151 1.453462 0.1753559 -0.01274073 1.449804 0.1755 -0.01299035 1.446 0.1753559 -0.01274073 1.442196 0.1749291 -0.01200151 1.438538 0.174236 -0.01080107 1.435166 0.1733033 -0.009185552 1.432211 0.1721668 -0.007217049 1.429786 0.1701996 -0.005310356 1.464027 0.1701568 -0.008049547 1.462214 0.1707451 -0.01024514 1.459789 0.1712279 -0.01204705 1.456834 0.1715868 -0.01338595 1.453462 0.1718077 -0.01421046 1.449804 0.1718823 -0.01448887 1.446 0.1718077 -0.01421046 1.442196 0.1715868 -0.01338595 1.438538 0.1712279 -0.01204705 1.435166 0.1707451 -0.01024514 1.432211 0.1701568 -0.008049547 1.429786 0.1703134 -0.005299866 1.427986 0.168859 -0.002846121 1.426869 0.168 -0.005740225 1.464016 0.168 -0.008333504 1.462214 0.168 -0.01060658 1.459789 0.168 -0.01247203 1.456834 0.168 -0.01385813 1.453462 0.168 -0.01471173 1.449804 0.168 -0.01499998 1.446 0.168 -0.01471173 1.442196 0.168 -0.01385813 1.438538 0.168 -0.01247203 1.435166 0.168 -0.01060658 1.432211 0.168 -0.008333504 1.429786 0.1684986 -0.002964496 1.465138 0.1658431 -0.008049547 1.462214 0.1652548 -0.01024514 1.459789 0.164772 -0.01204705 1.456834 0.1644132 -0.01338595 1.453462 0.1641923 -0.01421046 1.449804 0.1641177 -0.01448887 1.446 0.1641923 -0.01421046 1.442196 0.1644132 -0.01338595 1.438538 0.164772 -0.01204705 1.435166 0.1652548 -0.01024514 1.432211 0.1658431 -0.008049547 1.429786 0.1672455 -0.005731701 1.427972 0.1669334 -0.002743184 1.426873 0.1658003 -0.005310356 1.464027 0.1638332 -0.007217049 1.462214 0.1626967 -0.009185552 1.459789 0.161764 -0.01080107 1.456834 0.1610709 -0.01200151 1.453462 0.1606441 -0.01274073 1.449804 0.1605 -0.01299035 1.446 0.1606441 -0.01274073 1.442196 0.1610709 -0.01200151 1.438538 0.161764 -0.01080107 1.435166 0.1626967 -0.009185552 1.432211 0.1638332 -0.007217049 1.429786 0.165965 -0.002166748 1.465131 0.163941 -0.004058957 1.464016 0.1621072 -0.005892693 1.462214 0.1605 -0.007499992 1.459789 0.1591809 -0.008819043 1.456834 0.1582008 -0.009799182 1.453462 0.1575972 -0.01040279 1.449804 0.1573933 -0.01060658 1.446 0.1575972 -0.01040279 1.442196 0.1582008 -0.009799182 1.438538 0.1591809 -0.008819043 1.435166 0.1605 -0.007499992 1.432211 0.1621072 -0.005892693 1.429786 0.1645008 -0.004559874 1.427973 0.1607829 -0.004166722 1.462214 0.1588144 -0.005303263 1.459789 0.1571989 -0.006236016 1.456834 0.1559984 -0.006929039 1.453462 0.1552592 -0.007355868 1.449804 0.1550096 -0.007499992 1.446 0.1552592 -0.007355868 1.442196 0.1559984 -0.006929039 1.438538 0.1571989 -0.006236016 1.435166 0.1588144 -0.005303263 1.432211 0.1607829 -0.004166722 1.429786 0.1630288 -0.002870082 1.427984 0.168 0 1.4655 0.1626569 -0.002144277 1.464033 0.1599504 -0.002156853 1.462214 0.1577548 -0.002745151 1.459789 0.1559529 -0.003227949 1.456834 0.154614 -0.003586709 1.453462 0.1537895 -0.003807663 1.449804 0.1535111 -0.003882229 1.446 0.1537895 -0.003807663 1.442196 0.154614 -0.003586709 1.438538 0.1559529 -0.003227949 1.435166 0.1577548 -0.002745151 1.432211 0.1599504 -0.002156853 1.429786 0.1596664 0 1.462214 0.1573933 0 1.459789 0.155528 0 1.456834 0.1541418 0 1.453462 0.1532882 0 1.449804 0.1529999 0 1.446 0.1532882 0 1.442196 0.1541418 0 1.438538 0.155528 0 1.435166 0.1573933 0 1.432211 0.1596664 0 1.429786 0.1623009 -8.14434e-4 1.427967 0.1652651 -0.001248955 1.426862 0.1623006 8.14518e-4 1.464033 0.1599504 0.002156853 1.462214 0.1577548 0.002745151 1.459789 0.1559529 0.003227949 1.456834 0.154614 0.003586709 1.453462 0.1537895 0.003807663 1.449804 0.1535111 0.003882229 1.446 0.1537895 0.003807663 1.442196 0.154614 0.003586709 1.438538 0.1559529 0.003227949 1.435166 0.1577548 0.002745151 1.432211 0.1599504 0.002156853 1.429786 0.1624553 0.001485645 1.427984 0.1650074 2.85629e-4 1.465138 0.1630288 0.002870082 1.464016 0.1607829 0.004166722 1.462214 0.1588144 0.005303263 1.459789 0.1571989 0.006236016 1.456834 0.1559984 0.006929039 1.453462 0.1552592 0.007355868 1.449804 0.1550096 0.007499992 1.446 0.1552592 0.007355868 1.442196 0.1559984 0.006929039 1.438538 0.1571989 0.006236016 1.435166 0.1588144 0.005303263 1.432211 0.1607829 0.004166722 1.429786 0.1634746 0.003472268 1.427943 0.1621072 0.005892693 1.462214 0.1605 0.007499992 1.459789 0.1591809 0.008819043 1.456834 0.1582008 0.009799182 1.453462 0.1575972 0.01040279 1.449804 0.1573933 0.01060658 1.446 0.1575972 0.01040279 1.442196 0.1582008 0.009799182 1.438538 0.1591809 0.008819043 1.435166 0.1605 0.007499992 1.432211 0.1621072 0.005892693 1.429786 0.1653801 0.001405 1.426869 0.1662001 0.002345621 1.465126 0.1645009 0.004560053 1.464027 0.1638332 0.007217049 1.462214 0.1626967 0.009185552 1.459789 0.161764 0.01080107 1.456834 0.1610709 0.01200151 1.453462 0.1606441 0.01274073 1.449804 0.1604999 0.01299035 1.446 0.1606441 0.01274073 1.442196 0.1610709 0.01200151 1.438538 0.161764 0.01080107 1.435166 0.1626967 0.009185552 1.432211 0.1638332 0.007217049 1.429786 0.165771 0.005381345 1.428002 0.1665143 0.005544602 1.464016 0.1658431 0.008049547 1.462214 0.1652548 0.01024514 1.459789 0.164772 0.01204705 1.456834 0.1644132 0.01338595 1.453462 0.1641923 0.01421046 1.449804 0.1641177 0.01448887 1.446 0.1641923 0.01421046 1.442196 0.1644132 0.01338595 1.438538 0.164772 0.01204705 1.435166 0.1652548 0.01024514 1.432211 0.1658431 0.008049547 1.429786 0.1668686 0.002731978 1.426874 0.168 0.008333504 1.462214 0.168 0.01060658 1.432211</float_array>
          <technique_common>
            <accessor source="#GanondorfNecklace_LOD2-mesh-positions-array" count="1898" stride="3">
              <param name="X" type="float"/>
              <param name="Y" type="float"/>
              <param name="Z" type="float"/>
            </accessor>
          </technique_common>
        </source>
        <source id="GanondorfNecklace_LOD2-mesh-normals">
          <float_array id="GanondorfNecklace_LOD2-mesh-normals-array" count="5691">-0.8075165 -0.2907074 0.5132313 -0.8074808 -0.2907303 0.5132745 -0.8074707 -0.2907718 0.5132669 -0.8075222 -0.2907066 0.5132226 -0.8075076 -0.2907171 0.5132398 -0.8074944 -0.2907255 0.513256 -0.8075141 -0.2907122 0.5132325 -0.8074996 -0.2907205 0.5132506 -0.8075033 -0.290718 0.5132462 -0.807517 -0.2907099 0.5132291 -0.8074817 -0.2907339 0.513271 -0.8075162 -0.2907114 0.5132294 -0.8074736 -0.2907395 0.5132806 -0.8075024 -0.2907169 0.5132482 -0.8075012 -0.2907149 0.5132511 -0.8075242 -0.2907335 0.5132042 -0.8075011 0.2907185 0.5132493 -0.8074842 0.2907292 0.5132699 -0.807526 0.2907354 0.5132004 -0.8074855 0.2907332 0.5132654 -0.8075174 0.2907114 0.5132277 -0.8074859 0.2907317 0.5132656 -0.8075172 0.2907106 0.5132285 -0.8075018 0.2907198 0.5132473 -0.8075076 0.2907156 0.5132406 -0.8075125 0.2907138 0.5132339 -0.8074981 0.2907237 0.5132509 -0.8075088 0.2907164 0.5132384 -0.8075035 0.2907218 0.5132436 -0.8075124 0.29071 0.5132364 -0.8075188 0.2907058 0.5132287 -0.8075274 0.2907346 0.5131987 0.5216537 0.7950235 0.3095403 0.3497521 0.9368382 -0.002771258 0.5056998 0.8001809 0.3224566 0.5974 0.5375611 0.5950979 0.5862802 0.5414134 0.6026169 0.5821375 0.199795 0.788161 0.577907 0.2000294 0.791209 0.4807574 -0.1647236 0.8612424 0.480502 -0.1742241 0.8595137 0.07697302 -0.7873792 0.6116447 0.3116976 -0.5144037 0.7988952 0.1008254 -0.7822923 0.6146975 -0.142726 -0.9295945 0.3398286 -0.1362977 -0.9340852 0.3300118 -0.5910646 -0.5337166 -0.6048052 -0.5121501 -0.8004418 -0.3114405 -0.5050914 -0.7977487 -0.3293626 -0.3115403 0.5197071 -0.7955171 -0.4756906 0.1757224 -0.8618817 -0.4807451 0.1744538 -0.8593312 -0.09676337 0.7844216 -0.6126334 -0.3034473 0.5179407 -0.7997858 0.1383094 0.9324465 -0.3337875 -0.08241647 0.7828306 -0.6167526 -0.3648372 -0.930922 0.01667916 -0.3479736 -0.937496 0.003989577 0.2867882 -0.5096516 0.8111768 0.05920308 -0.7686867 0.6368798 -0.1683698 -0.9193518 0.3555897 -0.5338371 -0.7883821 -0.3057314 -0.5800575 -0.1934112 -0.7912809 -0.6114346 -0.5269199 -0.5903415 -0.5864558 -0.1912868 -0.7870699 -0.3981553 -0.9165358 0.0378744 -0.2820402 0.5068742 -0.8145748 0.1571716 0.9245552 -0.3471236 -0.06214278 0.7709097 -0.6339058 0.3582626 0.9334785 -0.01630586 0.1789691 0.9158976 -0.3593075 0.5578918 0.7789992 0.2862114 0.3983352 0.9165611 -0.03528106 0.6194405 0.5282523 0.5807263 0.5930113 0.1963877 0.7808774 0.4688794 -0.1594111 0.868758 -0.4597504 0.1746037 -0.8707143 -0.2115048 -0.9009502 0.3788859 -0.5757659 -0.768847 -0.278151 -0.02030646 0.7558544 -0.6544248 0.2546068 -0.4918986 0.832593 0.01172596 -0.7470402 0.6646755 -0.4413118 -0.8949429 0.06573522 -0.6421492 -0.5147834 -0.5680164 -0.602292 -0.176979 -0.7784106 0.5909219 0.7603717 0.2695299 0.445966 0.8923449 -0.06953388 0.6439817 0.5132727 0.5673084 -0.2483828 0.499311 -0.8300569 0.6096218 0.1893413 0.7697475 -0.2542202 -0.8776834 0.4062562 0.6240573 0.7422034 0.2443085 0.6686171 0.5034182 0.5472854 -0.623934 -0.7405313 -0.2496392 -0.2339802 0.4779796 -0.8466339 0.02731132 0.7290819 -0.6838814 0.4988763 0.86044 -0.1037564 0.4535447 -0.1494631 0.8786114 0.2302935 -0.477511 0.8479082 -0.03148812 -0.7187747 0.6945297 -0.4750953 -0.8755482 0.08774906 -0.2887379 -0.8541179 0.4325656 -0.6776115 -0.4931768 -0.545545 0.252539 0.8771364 -0.4084799 -0.4467417 0.160544 -0.8801407 0.3004728 0.8465622 -0.439373 0.6633967 0.7145096 0.2222183 0.6924583 0.4817519 0.5370444 -0.6638923 -0.7132421 -0.2247948 -0.5144426 -0.8501601 0.1121467 -0.2070348 0.4637146 -0.8614555 0.06230872 0.7014091 -0.7100302 0.1986178 -0.4589325 0.8659861 -0.06739926 -0.6939849 0.716828 -0.3310928 -0.8254324 0.4572077 -0.6977643 -0.4794535 -0.5322119 -0.6205086 -0.166615 -0.7662953 0.6242831 0.1769852 0.7608855 -0.5498428 -0.8244369 0.1340776 0.7011886 0.6850387 0.1976273 0.539445 0.8322693 -0.1277769 0.7172412 0.4660568 0.5180311 -0.7004948 -0.6851487 -0.1996956 -0.4361925 0.1519559 -0.8869305 -0.1868454 0.4497196 -0.8734079 0.337022 0.8195469 -0.4634209 0.10227 0.6701427 -0.7351529 0.4396399 -0.1416888 0.8869279 0.1783633 -0.4359202 0.8821338 -0.09386187 -0.6738103 0.7329186 -0.3751187 -0.7886508 0.4871507 -0.5899185 -0.7913281 0.1606111 -0.7305104 -0.4494667 -0.5141345 0.6346236 0.1677862 0.7543876 -0.1298747 -0.6412546 0.7562574 -0.1569423 0.4259796 -0.8910166 0.6094618 0.773155 -0.1754646 0.379449 0.7872723 -0.4860258 0.5708439 0.8073753 -0.1492727 0.7365391 0.654108 0.1722002 0.7475943 0.4393126 0.4981037 -0.7455824 -0.6442832 -0.1703115 -0.6345149 -0.1562017 -0.7569624 -0.424714 0.1429073 -0.8939774 -0.6402429 -0.7442237 0.190316 0.1405734 0.6387608 -0.7564547 0.4242855 0.7456902 -0.5137392 0.4289633 -0.1309575 0.8937789 0.1533673 -0.4126389 0.8978907 0.6535018 0.7299947 -0.2001082 0.6468397 0.1576346 0.7461566 -0.7631205 -0.4167841 -0.493901 0.7716438 0.616786 0.1553739 -0.4229853 -0.7452958 0.5153812 -0.1658657 -0.6035095 0.7799134 0.1648641 0.6083765 -0.7763362 -0.6445966 -0.1439093 -0.7508565 -0.128358 0.3927185 -0.9106572 0.7773311 0.4065068 0.4801132 0.1301198 -0.3871313 0.9127969 -0.7869782 -0.5999934 -0.1437826 -0.4135625 0.1315001 -0.9009294 -0.6826117 -0.6972384 0.2188609 -0.4601858 -0.7040628 0.5408554 0.8038721 0.5796508 0.1333972 0.6856949 0.6942288 -0.2187895 0.4631238 0.7027682 -0.5400309 0.4188879 -0.1213303 0.8998955 -0.199888 -0.5664728 0.7994707 -0.7947241 -0.3804409 -0.4729467 0.6563284 0.1448159 0.7404468 -0.4901536 -0.668805 0.5589719 0.496232 0.6601487 -0.5638772 0.1939135 0.573005 -0.7962807 0.8052737 0.3737355 0.4602784 0.1093775 -0.3587549 0.9270014 -0.8225328 -0.5550657 -0.1238622 -0.6555084 -0.1284076 -0.7441911 0.232177 0.5360608 -0.8116235 -0.518995 -0.6310223 0.5765892 -0.09821015 0.355395 -0.9295425 -0.4022814 0.1176605 -0.9079239 0.8420211 0.5286769 0.1072433 0.7234491 0.6457699 -0.2441368 0.4119264 -0.1095544 0.9046074 -0.7426305 -0.6175486 0.2591017 -0.7145905 -0.6580121 0.2374461 0.5385231 0.6025792 -0.5889747 0.08488261 -0.3220292 0.9429169 -0.8548306 -0.5086001 -0.1029111 0.7599056 0.5925858 -0.267181 -0.5517895 -0.5848955 0.5944961 -0.7712878 -0.5731795 0.2767315 -0.666234 -0.107653 -0.7379316 -0.8269156 -0.3346011 -0.4519433 0.2569417 0.489054 -0.8335511 -0.07383584 0.3153163 -0.9461099 -0.2704737 -0.4637793 0.8436544 -0.2355883 -0.5198476 0.8211314 0.8720301 0.4811739 0.089639 0.7847384 0.5516496 -0.2826103 0.67922 0.1125041 0.7252607 0.6671187 0.1313791 0.7332751 0.4033544 -0.09444218 0.9101572 -0.5780819 -0.5355863 0.6156042 -0.3958201 0.1026749 -0.9125702 0.5735209 0.5474267 -0.6094241 -0.7933792 -0.5350996 0.2902034 -0.890794 -0.4475472 -0.07866078 0.8529546 0.2960628 0.4299015 0.8297911 0.3325524 0.4481691 0.06392741 -0.2848492 0.9564383 0.8998516 0.4301592 0.07232058 -0.8555712 -0.284407 -0.4325627 0.2771844 0.4507452 -0.8485268 -0.05449199 0.2806311 -0.9582677 0.5925413 0.5091141 -0.6242577 0.8061848 0.5110602 -0.2981331 -0.6009719 -0.4900708 0.631398 -0.295823 -0.4101327 0.8627167 -0.8219048 -0.4796176 0.3073101 -0.3861199 0.08969289 -0.9180777 0.3954205 -0.07868582 0.9151236 0.04673546 -0.2563141 0.9654631 -0.9218894 -0.3824461 -0.06208878 0.8282473 0.4651969 -0.3124073 0.6137998 0.4664231 -0.6369454 0.9184685 0.390262 0.06411832 0.8720449 0.249406 0.4211109 0.2993702 0.4086093 -0.8622157 -0.03365403 0.2367166 -0.9709957 0.6932757 0.08676952 0.7154299 -0.3197517 -0.3647426 0.8744837 -0.8704204 -0.2477405 -0.4254329 -0.6795476 -0.08510518 -0.7286784 0.8497709 0.4152923 -0.3246874 -0.8533853 -0.4049573 0.3282427 0.6377548 0.4097236 -0.6522235 0.9388463 0.3407168 0.04979622 0.03078001 -0.2185159 0.9753478 -0.6269993 -0.4315086 0.6485925 -0.3347058 -0.32036 0.886195 -0.9457257 -0.3217718 -0.04545241 0.3420954 0.3073487 -0.8879795 0.3242655 0.3644367 -0.8729478 0.3905555 -0.06187248 0.9184979 -0.6510202 -0.3693767 0.663124 -0.8852191 -0.2125438 -0.4137781 0.8662047 0.368546 -0.3374362 0.8920969 0.1909099 0.4095324 -0.01485991 0.1895955 -0.9817498 0.6598533 0.3421499 -0.6689746 -0.3498319 -0.2795072 0.8941439 -0.6682111 -0.3169709 0.6730703 -0.9648125 -0.2605173 -0.03560227 -0.8774923 -0.3356178 0.3425905 -0.8934515 -0.181425 -0.4108886 -0.6881309 -0.06483489 -0.7226842 0.6998948 0.05757492 0.7119216 0.3630574 0.2389602 -0.9006039 -0.3736775 0.04913651 -0.9262563 -0.3781728 0.07012563 -0.9230752 -0.007828772 0.1550332 -0.9878783 0.6765336 0.2933825 -0.6754472 0.8826572 0.318594 -0.3455637 0.3845863 -0.04565292 0.9219595 -0.3657336 -0.2255684 0.9029716 0.01760303 -0.1681542 0.9856035 -0.8976053 -0.2611127 0.3551406 -0.6833888 -0.2625521 0.6812095 0.906629 0.1453006 0.3961209 0.9685391 0.2470581 0.02990502 -0.9037631 -0.1410602 -0.4041218 -0.6909299 -0.0428369 -0.7216515 0.8958823 0.2689548 -0.3536359 0.6880826 0.2395579 -0.6849484 -0.9810656 -0.192277 -0.02323716 0.004193365 -0.11722 0.9930972 0.002794623 0.1134813 -0.9935363 -0.6955115 -0.1963732 0.6911594 -0.3716276 -0.1824452 0.9102784 0.9114633 0.109152 0.3966366 0.3823805 -0.02893459 0.9235519 -0.9137052 -0.1794507 0.3646099 0.9902296 0.138744 0.0139786 0.9075288 0.2147268 -0.3609488 0.980144 0.1972104 0.0206328 -0.9140936 -0.09058052 -0.395257 -0.3714689 0.03117668 -0.9279219 0.699801 0.1798387 -0.6913296 0.376937 0.1785464 -0.9088673 0.915808 0.1592564 -0.3686911 0.70223 0.03277343 0.7111954 -0.9889511 -0.1471924 -0.01760911 0.3832173 0.1261833 -0.9149985 0.9194089 0.06451606 0.3879756 -0.7049722 -0.1280546 0.6975789 -0.9948741 -0.1001242 -0.01416492 0.7078223 0.123783 -0.6954606 -0.923173 -0.0944516 0.3725998 -0.6955364 -0.01958715 -0.7182238 0.9226525 0.1091148 -0.3698737 -0.3868442 -0.07202607 0.919328 -0.3811238 -0.130894 0.9152112 0.006494283 0.06926387 -0.9975773 -0.3680256 0.01225793 -0.9297349 0.7052186 0.01171755 0.7088932 -0.9176571 -0.04186373 -0.3951617 -0.003110647 -0.03037661 0.9995337 0.3802725 -0.00932312 0.9248275 -0.003354847 -0.07175844 0.9974165 -0.7117552 -0.05799961 0.700029 0.01309007 0.02889847 -0.9994966 0.7128608 0.08003836 -0.6967234 0.3885754 0.07658994 -0.9182283 0.9263625 0.05240887 -0.3729689 -0.9995293 -0.02814781 -0.01220804 0.9219238 0.01441931 0.3871029 0.3919588 0.01909065 -0.9197847 -0.389473 -0.002541482 0.9210343 -0.6947547 0.00510168 -0.7192288 0.9998747 -0.0134412 0.008367121 0.9978623 0.06469106 0.009263575 -0.7135876 0.01818251 0.7003301 0.9269601 -0.004610061 -0.3751317 -0.004807293 0.01794147 0.9998276 0.01314091 -0.01554703 -0.9997928 0.7045131 -0.01161926 0.7095959 -0.3686897 -0.008866846 -0.9295103 0.7127296 -0.02440422 -0.7010143 0.7141943 0.02947396 -0.6993267 0.921951 -0.02500581 0.3864985 -0.9270843 0.04071515 0.3726352 -0.9277437 -0.01538252 0.372901 -0.9175252 0.008555948 -0.3975856 -0.9990509 0.04246973 -0.00968784 0.3907597 -0.04216843 -0.9195264 0.9962261 -0.08619016 0.01024138 0.9268192 -0.05714285 -0.3711347 0.9189147 -0.0635817 0.3892982 -0.7086796 0.09965413 0.6984571 -0.9234059 0.09103024 0.372874 0.9215095 -0.115075 -0.3709152 0.38085 0.02259093 0.9243609 0.3787837 0.007903277 0.9254516 -0.9938875 0.1092938 -0.01557946 -0.9169681 0.06407731 -0.3937814 0.008645534 -0.06916075 -0.9975681 0.7096746 -0.08755785 -0.6990677 0.3903049 -0.09763759 -0.9154939 -0.6935643 0.03081774 -0.7197353 -0.3710981 -0.02638953 -0.9282186 0.703405 -0.03325992 0.7100108 -0.3812296 0.1202575 0.9166254 -0.3871862 0.06376415 0.9197941 -0.9173973 0.1509643 0.3682283 0.7032013 -0.1631134 -0.6920275 0.9875009 -0.1568982 0.01500141 -0.00108844 0.09945702 0.9950413 -0.004409313 0.05835616 0.9982861 -0.7019856 0.1715081 0.6912317 0.9176988 -0.1598611 -0.3636941 0.9115905 -0.1230862 0.3922407 -0.908645 0.1163104 -0.401044 0.378007 -0.1505533 -0.9134793 0.3880277 0.0446127 0.9205674 -0.9100937 0.1993572 0.3632991 -0.9832314 0.1811138 -0.02130019 -0.3722887 -0.04301196 -0.9271199 0.002164781 -0.1238498 -0.9922986 0.9073594 -0.2199497 -0.3582195 -0.6870294 0.2440008 0.6844372 -0.6898359 0.0532763 -0.7220029 0.374297 -0.1974589 -0.9060418 0.6898715 -0.2317853 -0.6858228 0.01667463 0.1453433 0.9892408 -0.3709861 0.1883601 0.9093348 0.9715153 -0.2351428 0.02942627 -0.8981159 0.2564179 0.3572642 -0.9677847 0.2498254 -0.03130763 -0.8996137 0.1595822 -0.4064832 0.8929497 -0.2755146 -0.3559952 0.7002253 -0.05462944 0.7118288 0.8973074 -0.1824133 0.4019512 0.3613179 -0.2429018 -0.900249 0.6782485 -0.2842384 -0.6776338 -0.3546925 0.2603289 0.8980101 -0.8855572 0.309559 0.346355 -0.3768992 -0.06367868 -0.9240629 -0.01135486 -0.1689705 -0.9855558 0.6945481 -0.07777988 0.7152296 0.8827781 -0.3244366 -0.3397702 -0.8880573 0.1996279 -0.4141291 -0.6842994 0.07430118 -0.7254059 0.661935 -0.340916 -0.6675465 0.9495832 -0.310291 0.04484623 0.3456111 -0.292957 -0.8914759 0.01921159 0.1891616 0.9817581 0.3920449 0.06736403 0.9174765 -0.6582809 0.3527266 0.6650189 -0.6711525 0.3039993 0.6761205 -0.8674884 0.3681362 0.3345739 -0.9501438 0.3089523 -0.04213523 -0.02662819 -0.2145299 -0.9763544 -0.3351244 0.3219678 0.8854539 0.8635204 -0.3746064 -0.3376427 0.877875 -0.2372763 0.4159754 0.04011565 0.2338279 0.9714501 -0.635546 0.4164624 0.6501079 0.3328653 -0.3372648 -0.8805983 0.6421133 -0.3961673 -0.6563095 0.8500087 -0.4168444 -0.3220652 -0.9354792 0.3495893 -0.05163508 -0.8734011 0.244445 -0.4212095 0.9247658 -0.3764092 0.05589681 0.6852937 -0.09960573 0.7214231 -0.8444419 0.4275096 0.3227282 -0.3828214 -0.08466035 -0.919935 -0.6741117 0.09495681 -0.7325003 -0.3074755 0.3871319 0.8692456 0.3162797 -0.3720532 -0.8726648 0.6257967 -0.4423665 -0.6424099 0.3975849 0.08436375 0.9136789 -0.9174035 0.39342 -0.05992978 -0.04434901 -0.2606748 -0.9644075 0.8267067 -0.4704146 -0.3086524 -0.826219 0.4726317 0.3065643 0.8568776 -0.2825037 0.4312222 -0.6084239 0.4794616 0.6324058 0.9022365 -0.4253752 0.07088994 0.297189 -0.4126467 -0.8610468 0.6055245 -0.483427 -0.6321696 -0.8507041 0.2932014 -0.4362744 -0.8999992 0.4288647 -0.07795351 0.8063485 -0.511111 -0.2976033 0.6742867 -0.1196542 0.7287114 -0.583766 0.5273514 0.6173473 -0.798356 0.5283299 0.2889555 -0.3939741 -0.09831434 -0.9138484 0.5832782 -0.5278092 -0.6174174 0.05651211 0.2750176 0.9597769 0.4055148 0.09918165 0.9086918 0.2812418 -0.4483457 -0.8484628 -0.0632618 -0.2982146 -0.9524002 0.8838128 -0.4604975 0.08256566 0.8416987 -0.3160946 0.437753 0.07494831 0.3066566 0.9488648 -0.2811162 0.4408726 0.8524115 -0.8768309 0.4735332 -0.08327049 -0.6652815 0.1144919 -0.7377616 -0.3998279 -0.1143972 -0.9094235 0.8587281 -0.503157 0.09705394 0.7818966 -0.5554094 -0.2831221 -0.2596944 0.4827515 0.8363671 -0.5468588 0.586922 0.5970496 -0.7721982 0.5734066 0.2737058 0.2591623 -0.4792572 -0.838539 0.8229047 -0.3429886 0.4529755 -0.08678275 -0.3413937 -0.9359055 -0.8462053 0.5219693 -0.1071672 -0.8221609 0.3407996 -0.4559683 0.7539592 -0.6015646 -0.2639423 0.5534066 -0.5800139 -0.5977668 0.6628512 -0.1355423 0.7363808 0.09907686 0.343041 0.9340807 0.419047 0.1143265 0.9007381 -0.2345103 0.515822 0.8239737 -0.740087 0.6232285 0.2527003 0.2405598 -0.5187814 -0.8203639 -0.6555777 0.1304895 -0.7437677 0.8281396 -0.5484297 0.1158018 0.8044681 -0.3731312 0.4621732 -0.5137417 0.639092 0.5723906 -0.8208719 0.5572098 -0.1252456 -0.7935529 0.3817584 -0.4738507 -0.7032575 0.6720784 0.2318181 -0.4117354 -0.127289 -0.90237 0.493683 -0.6642888 -0.5612465 0.2121545 -0.549658 -0.8080017 0.523702 -0.6243746 -0.5795625 0.7323966 -0.6330276 -0.250742 -0.4773441 0.6834563 0.5522955 0.8001168 -0.5841282 0.1364088 0.6538656 -0.1472585 0.742142 0.7769431 -0.4058582 0.4812885 -0.6473965 0.1439641 -0.7484332 -0.791083 0.5947095 -0.1432078 0.180134 -0.5887312 -0.7880023 -0.1152153 -0.3784096 -0.9184398 0.674855 -0.7064652 -0.2132553 0.7054318 -0.6695291 -0.2325873 0.468609 -0.6972752 -0.5424141 -0.6651067 0.7176693 0.2063587 -0.7696183 0.4123107 -0.4875321 -0.4220185 -0.1417932 -0.8954301 0.7721882 -0.6162539 0.1547794 0.642539 -0.1632904 0.7486521 0.4310861 0.1314227 0.8926886 -0.1604225 0.6092292 0.7765979 -0.2031416 0.5643151 0.8001762 -0.1441506 -0.4132303 -0.8991448 -0.758287 0.6309427 -0.1640497 -0.6350364 0.154733 -0.7568266 0.4413708 -0.7254412 -0.5281354 0.1529449 -0.624562 -0.7658526 0.6448448 -0.739135 -0.1945627 0.7460355 -0.6439949 0.1694155 0.7492386 -0.4375535 0.4971808 -0.742033 0.4373466 -0.5080502 -0.627303 0.7571366 0.1823057 -0.4397361 0.7283082 0.5255469 0.1706174 0.4325197 0.885334 0.1501576 0.4041596 0.9022793 -0.1236224 0.6468449 0.7525351 -0.3873437 0.7780835 0.494521 0.612092 -0.7715207 -0.1734911 0.4139977 -0.7543147 -0.5095247 -0.7142201 0.6729244 -0.1925163 0.1228201 -0.6482949 -0.751418 0.7087798 -0.6791403 0.1907873 0.7255692 -0.4588192 0.5128687 -0.5881109 0.7936804 0.1555536 0.3802589 -0.785369 -0.4884657 0.6276816 -0.1739564 0.7587853 0.4436464 0.144306 0.8845077 -0.4354289 -0.1514705 -0.8873887 -0.1772716 -0.4414042 -0.8796233 0.5748062 -0.8043454 -0.1504206 -0.7166346 0.4617559 -0.522701 -0.6218155 0.1680742 -0.7649161 0.09133005 -0.677506 -0.729825 -0.08133441 0.6827269 0.7261328 0.2010804 0.4543853 0.8678138 -0.5450285 0.8285113 0.1285029 0.3418994 -0.8168205 -0.4646604 0.542277 -0.8302004 -0.1292402 0.6720019 -0.7080093 0.2171092 0.6997486 -0.4781764 0.5307534 -0.6737204 0.706308 -0.2173248 -0.4462584 -0.1604653 -0.8804001 -0.2108532 -0.4683408 -0.8580198 0.6163317 -0.1828812 0.7659567 -0.6921753 0.4841046 -0.5352907 0.06615316 -0.7019634 -0.7091341 0.4530693 0.1539981 0.8780733 0.2235977 0.4684528 0.8547258 -0.3378431 0.8200215 0.4619814 -0.04207354 0.7114226 0.7015038 -0.6047369 0.177183 -0.776466 0.3027734 -0.8461579 -0.4385718 0.6348347 -0.7346228 0.2394039 0.6739944 -0.497077 0.5464853 -0.2888539 0.8539285 0.4328621 -0.6389252 0.7299072 -0.2429198 0.4975 -0.861385 -0.102517 -0.4870745 0.8683895 0.09305036 -0.6659893 0.494631 -0.5583891 0.02717411 -0.721611 -0.6917653 0.6052518 -0.1904045 0.7729271 0.4682545 0.1578388 0.8693817 0.2471498 0.4869793 0.8377161 -0.002198398 0.7380493 0.6747432 -0.4591104 -0.1756917 -0.870833 -0.2441699 -0.4877512 -0.8381407 0.5894734 -0.7632684 0.2644666 0.6439908 -0.516496 0.5643649 -0.2352468 0.8865585 0.3983381 -0.5929339 0.7589906 -0.2690032 0.2619152 -0.8739247 -0.4094584 -0.005595982 -0.7465001 -0.6653618 -0.4276147 0.9020866 0.05818462 -0.6342453 0.5212291 -0.5710107 0.5929492 -0.1972457 0.7807083 0.443656 -0.8935058 -0.06940412 0.2189095 -0.8969178 -0.3842101 0.2772015 0.5051596 0.8172963 0.0362128 0.7571233 0.6522677 -0.5877057 0.1884114 -0.7868311 -0.2821733 -0.5026705 -0.8171294 -0.04091942 -0.7635825 -0.6444123 0.3927859 -0.9190812 -0.03176629 0.5552364 -0.7807542 0.2865931 0.6161776 -0.5285033 0.5839603 -0.5448604 0.7826879 -0.300877 0.1881071 -0.9108893 -0.3672825 -0.1849562 0.9108528 0.3689694 0.06330806 0.773765 0.6303014 -0.6026641 0.5331698 -0.593739 0.5196108 -0.7969482 0.308023 0.5970325 -0.5375193 0.5955043 0.5821638 -0.1997953 0.7881416 0.4781976 0.1687707 0.8618837 0.3029725 0.5109748 0.8044331 -0.4757421 -0.1749142 -0.8620178 -0.2992781 -0.5155475 -0.802897 -0.0761882 -0.7812383 -0.6195661 0.1609085 -0.9263009 -0.3406981 0.3531521 -0.9355155 -0.009714066 -0.1536257 0.9258999 0.3451213 0.09063005 0.7828614 0.6155602 -0.5128904 0.8015572 -0.3073267 -0.381181 0.9241504 0.02543795 -0.5907653 0.5335779 -0.6052199 -0.5798121 0.1937764 -0.7913714 0.1375694 -0.9321992 -0.3347827 0.3489469 -0.9371415 -0.001361489 0.5057096 -0.8001745 0.3224573 0.5862731 -0.5414163 0.6026212 0.5779003 -0.2000352 0.7912124 0.4815335 0.17167 0.8594503 0.3119378 0.5186577 0.796046 -0.1361227 0.9327899 0.333727 0.09560495 0.7869643 0.6095465 -0.5054847 0.7968658 -0.330893 -0.3549758 0.9348448 0.007573783 -0.4807595 -0.1744542 -0.8593232 -0.3106338 -0.5198322 -0.7957896 -0.09522944 -0.7839875 -0.6134288 9.25955e-6 0.8203306 -0.5718897 0.6090148 0.7118672 -0.34978 0.5729337 0.6603821 -0.4854302 -3.27263e-5 0.8203299 0.5718906 0.6090168 0.7118658 0.3497794 1.66697e-5 0.9056 0.424133 3.99572e-7 0.6956047 -0.7184249 0.513676 0.5777336 -0.6343193 0.6303561 0.7426218 0.2261949 -9.27734e-6 0.9601213 0.2795836 -0.001050531 0.5230339 -0.8523113 0.4193179 0.4500734 -0.7884203 0.6416411 0.758931 0.1109985 1.47683e-6 0.9903353 0.1386944 0.6451612 0.7640465 -2.12576e-7 -1.33843e-6 1 1.29827e-7 -0.1421644 0.3049699 0.9416914 -1.73773e-5 -2.08067e-7 1 0.3742925 0.2362873 0.8967015 -9.83663e-7 0.9903353 -0.1386942 0.6416424 0.7589299 -0.1109982 0.4158239 0.4488444 0.7909672 9.77744e-4 0.5230358 0.8523102 -4.00871e-6 0.9601214 -0.2795835 0.6303586 0.7426197 -0.2261946 0.5136827 0.5777304 0.6343168 -2.01723e-5 0.6956045 0.718425 1.13287e-5 0.9055998 -0.4241333 0.5729147 0.6603922 0.485439 0.8783211 0.4525309 -0.1541685 0.8622166 0.4436911 -0.2443785 0.8323342 0.4270055 0.3533923 0.8323336 0.427007 -0.3533921 0.8622169 0.4436904 0.2443785 0.7756514 0.3948006 -0.4924405 0.878322 0.4525296 0.1541679 0.666616 0.3233707 -0.6716059 0.8863797 0.4568988 0.07466399 0.1377105 0.3032054 -0.9429223 0.4922849 0.1744817 -0.8527671 0.8888335 0.4582306 -2.03815e-7 -1.09454e-6 0 -1 0.8863795 0.4568991 -0.07466429 0.6715293 0.3236523 0.6665566 0.775644 0.394806 0.4924478 0.9603081 0.2789415 -1.97623e-7 0.5874722 0.1210863 0.8001342 0.9588183 0.2785305 -0.05557304 0.8146638 0.1857332 0.5493871 0.9538821 0.2771608 -0.1152858 0.8835288 0.2572126 0.3914316 0.9437821 0.2743022 -0.1844823 0.9241659 0.2686092 0.2716001 0.9241662 0.2686092 -0.2715992 0.943782 0.2743021 0.1844828 0.8835242 0.2572156 -0.3914399 0.9538811 0.2771637 0.1152875 0.8200363 0.1852861 -0.5414882 0.9588188 0.278529 0.05557262 0.9605298 0.1598755 0.2276451 0.974755 0.162054 -0.1535947 0.9605297 0.1598755 -0.2276457 0.9747556 0.1620521 0.1535927 0.9315813 0.1511849 -0.3306049 0.9819563 0.1631249 0.09566712 0.9854465 0.1636322 0.04604232 0.6324496 0.07536262 -0.7709267 0.9864963 0.1637834 -2.34094e-7 0.9854466 0.1636309 -0.04604208 0.9819567 0.1631225 -0.09566599 0.93158 0.1511881 0.3306068 0.9970698 0.07649689 0 0.6596823 0.02481549 0.7511349 0.9962108 0.07644259 -0.04148077 0.8847213 0.03714585 0.4646381 0.9933517 0.07626265 -0.08623445 0.9484198 0.07646059 0.3076585 0.9874355 0.07588541 -0.1386095 0.97568 0.07511192 0.2059294 0.9756801 0.07511156 -0.2059289 0.9874358 0.07588487 0.1386074 0.9484186 0.07645851 -0.3076629 0.9933516 0.07626354 0.08623504 0.8863797 0.03609156 -0.4615499 0.9962107 0.07644349 0.04148107 0.9909682 0 -0.1340974 0.9799307 -2.07389e-7 -0.1993389 0.9909683 0 0.134097 0.9550656 -0.0035218 -0.2963737 0.9965158 1.716e-7 0.08340543 0.9991952 0 0.04011511 0.6605547 -0.02745932 -0.7502757 1 0 0 0.9991952 0 -0.04011505 0.9965158 2.58885e-7 -0.08340513 0.9550684 -0.003521203 0.2963647 0.9799305 0 0.1993399 0.6379496 -0.07062196 0.7668331 0.9962108 -0.07644319 -0.04148143 0.8645256 -0.1059334 0.4912979 0.9933516 -0.07626336 -0.08623492 0.95061 -0.0693227 0.3025475 0.9874356 -0.07588559 -0.1386085 0.9756804 -0.07511144 0.2059275 0.9756802 -0.07511192 -0.2059283 0.9874358 -0.07588499 0.1386073 0.9506033 -0.06932592 -0.3025677 0.9933516 -0.07626289 0.0862351 0.8661048 -0.1110783 -0.4873644 0.9962106 -0.07644349 0.04148131 0.9970699 -0.07649683 0 0.9605298 -0.1598756 0.2276451 0.9747555 -0.1620526 0.1535934 0.9273402 -0.1579294 -0.3392619 0.9819564 -0.1631246 0.09566664 0.9854462 -0.1636335 0.04604268 0.578193 -0.1231681 -0.8065498 0.9864963 -0.1637837 0 0.9854464 -0.163632 -0.04604274 0.9819564 -0.1631246 -0.09566646 0.9299429 -0.1558572 0.3330388 0.974755 -0.1620542 -0.1535947 0.9605292 -0.1598769 -0.2276467 0.9588192 -0.2785277 -0.05557298 0.5030191 -0.1731796 0.8467471 0.7939824 -0.2209315 0.5663756 0.9538823 -0.2771605 -0.1152853 0.8836683 -0.2563754 0.3916658 0.9437821 -0.2743019 -0.1844825 0.9241658 -0.2686092 0.2716001 0.9241648 -0.2686114 -0.2716015 0.943783 -0.2743001 0.1844811 0.8863535 -0.2532326 -0.3876221 0.9538821 -0.2771608 0.115286 0.7229104 -0.2814235 -0.631032 0.9588187 -0.2785288 0.0555728 0.9603084 -0.2789409 -1.64884e-7 0.7754324 -0.3957725 -0.4920048 0.8622169 -0.4436906 0.2443782 0.8783226 -0.4525283 0.1541677 0.8863791 -0.4568998 0.07466459 0.3623098 -0.2346668 -0.9020328 0.8888337 -0.45823 -2.88938e-7 0.8863788 -0.4569004 -0.07466477 0.6603668 -0.3296706 0.6747096 0.8783207 -0.4525319 -0.1541682 0.7756504 -0.3948014 0.4924412 0.8622174 -0.4436898 -0.2443779 0.832328 -0.4270129 0.353398 0.8323324 -0.4270082 -0.3533933 0.6303648 -0.7426149 -0.2261933 0.4193205 -0.4500796 0.7884153 0.5136789 -0.577731 0.6343194 0.6090045 -0.7118741 -0.349784 0.572921 -0.6603891 0.4854357 0.5729282 -0.6603853 -0.4854324 0.609013 -0.7118684 0.3497807 0.5136761 -0.577733 -0.6343197 0.6303585 -0.7426196 0.2261953 0.4308977 -0.4420046 -0.7867395 0.6416408 -0.7589311 0.1109983 0.6451634 -0.7640447 -1.41718e-7 0.1376814 -0.3031928 0.9429306 0.641644 -0.7589285 -0.1109977 9.77784e-4 -0.5230335 -0.8523116 -1.29854e-6 -0.9601211 0.2795846 1.94593e-6 -0.9903354 0.138693 -0.1421531 -0.3049765 -0.941691 1.33843e-6 -1 1.31166e-7 4.39441e-6 -0.9903355 -0.1386928 -9.81319e-4 -0.5230369 0.8523096 -2.7541e-7 -0.9601212 -0.2795842 2.49991e-6 -0.6956036 0.7184259 -4.47657e-6 -0.9055995 -0.4241337 1.72363e-5 -0.8203304 0.5718901 -8.79553e-6 -0.8203303 -0.5718901 -5.54296e-6 -0.9056001 0.4241328 -1.3565e-5 -0.6956038 -0.7184257 -0.5136883 -0.5777257 0.6343165 -0.6303684 -0.7426118 -0.2261934 -0.6090142 -0.7118675 -0.3497807 -0.5729084 -0.6603956 0.4854416 -0.5729346 -0.6603807 -0.4854311 -0.6090174 -0.7118653 0.3497795 -0.5136818 -0.5777282 -0.6343196 -0.6303575 -0.7426201 0.2261964 -0.4343757 -0.4430211 -0.7842512 -0.6416392 -0.7589327 0.1109976 -0.6451611 -0.7640467 -2.1009e-7 -0.3743014 -0.2362847 0.8966984 -0.641641 -0.7589313 -0.1109972 -0.4158225 -0.4488473 0.7909665 -0.8863787 -0.4569006 0.07466441 -0.7169767 -0.2798002 -0.6384797 -0.5043438 -0.175686 -0.8454419 -0.8888326 -0.4582322 -3.66867e-7 -0.8863782 -0.4569016 -0.07466459 -0.6715165 -0.3236554 0.6665679 -0.8783223 -0.4525285 -0.1541685 -0.7756589 -0.394792 0.4924353 -0.8622179 -0.4436892 -0.2443777 -0.8323292 -0.4270131 0.3533948 -0.8323283 -0.4270143 -0.3533957 -0.8622167 -0.4436908 0.2443789 -0.7754284 -0.3957723 -0.4920113 -0.8783203 -0.4525319 0.1541703 -0.9538824 -0.2771597 -0.115286 -0.9437803 -0.2743079 -0.1844834 -0.9241659 -0.2686094 0.2716 -0.924166 -0.2686092 -0.2715994 -0.9437811 -0.2743057 0.1844822 -0.886358 -0.2532269 -0.3876155 -0.9538823 -0.2771599 0.1152862 -0.9588187 -0.2785289 0.0555734 -0.960308 -0.2789421 -3.04173e-7 -0.5875284 -0.1210818 0.8000936 -0.9588186 -0.2785294 -0.05557346 -0.814662 -0.1857335 0.5493897 -0.8835289 -0.2572098 0.391433 -0.8631058 -0.1122603 -0.4923882 -0.6379628 -0.07062083 -0.7668222 -0.9864964 -0.1637833 -2.57265e-7 -0.9854464 -0.1636319 -0.04604339 -0.9819566 -0.1631241 -0.09566605 -0.9315791 -0.1511895 0.330609 -0.9747549 -0.1620552 -0.153594 -0.9605296 -0.1598756 0.2276462 -0.960529 -0.1598767 -0.2276478 -0.9747546 -0.162056 0.1535946 -0.9273389 -0.1579317 -0.3392642 -0.9819566 -0.1631239 0.09566605 -0.9854465 -0.1636315 0.04604291 -0.9756799 -0.07511395 0.2059288 -0.9874356 -0.07588613 -0.1386084 -0.9756798 -0.0751146 -0.2059291 -0.9874356 -0.07588613 0.138608 -0.9506052 -0.06932449 -0.3025622 -0.9933519 -0.07626301 0.08623325 -0.9962106 -0.07644397 0.04148161 -0.9970699 -0.07649677 0 -0.6597096 -0.02481472 0.751111 -0.9962106 -0.07644367 -0.04148167 -0.8847268 -0.03714799 0.4646275 -0.9933518 -0.07626271 -0.08623367 -0.9484195 -0.07645994 0.3076595 -1 0 0 -0.6596961 0.02479386 -0.7511235 -0.999195 0 -0.04011535 -0.9965158 0 -0.08340537 -0.955069 0.0035218 0.2963628 -0.9909684 0 -0.1340962 -0.9799304 0 0.1993403 -0.9799309 0 -0.1993381 -0.9909681 -3.9139e-7 0.1340979 -0.9550659 -0.003521442 -0.2963728 -0.9965158 -1.61506e-7 0.08340501 -0.8847156 0.0371434 -0.464649 -0.9991951 0 0.04011523 -0.9756801 0.07511472 -0.2059274 -0.9756801 0.07511484 0.2059274 -0.9874359 0.07588583 0.1386067 -0.9484183 0.07645976 -0.3076633 -0.9933516 0.07626414 0.0862354 -0.9962106 0.07644438 0.04148197 -0.9970699 0.07649695 0 -0.6379557 0.07062345 0.7668278 -0.9962106 0.07644367 -0.04148137 -0.8631073 0.1122595 0.4923856 -0.9933517 0.07626295 -0.08623433 -0.9506101 0.06932401 0.3025471 -0.9874355 0.0758869 -0.1386092 -0.5873985 0.1210733 -0.8001903 -0.9854465 0.1636317 -0.04604327 -0.9819566 0.163124 -0.09566605 -0.9273453 0.1579269 0.3392488 -0.9747549 0.1620548 -0.1535945 -0.9605299 0.1598756 0.2276449 -0.9605289 0.1598775 -0.2276481 -0.9747555 0.1620529 0.153592 -0.9315812 0.1511863 -0.3306044 -0.9819566 0.1631236 0.0956664 -0.814682 0.1857199 -0.5493645 -0.9854464 0.1636319 0.04604297 -0.9864964 0.1637836 0 -0.8835299 0.257208 -0.3914321 -0.9437825 0.2743024 0.1844803 -0.9538828 0.2771583 0.1152861 -0.9588185 0.2785299 0.05557298 -0.9603078 0.2789425 -1.82742e-7 -0.5044236 0.1756796 0.8453955 -0.958818 0.2785313 -0.05557352 -0.7169735 0.2798073 0.6384801 -0.9538826 0.2771591 -0.1152858 -0.8863598 0.2532298 0.3876097 -0.9437817 0.274304 -0.1844817 -0.9241662 0.268609 0.2715995 -0.9241649 0.2686114 -0.2716012 -0.8783226 0.4525279 -0.1541687 -0.7754181 0.3957824 0.4920194 -0.8622215 0.4436837 -0.2443743 -0.8323268 0.4270157 0.3533974 -0.8323312 0.427011 -0.3533926 -0.8622176 0.4436897 0.2443779 -0.7756421 0.3948039 -0.4924523 -0.8783237 0.4525259 0.1541682 -0.6715161 0.3236557 -0.6665683 -0.8863782 0.4569016 0.07466435 -0.374381 0.2362603 -0.8966716 -0.8888335 0.4582304 -2.3199e-7 -0.8863784 0.4569011 -0.07466423 -0.6090077 0.711872 0.3497829 -0.6303622 0.7426168 0.2261943 -0.4158893 0.448829 -0.7909417 -0.6416384 0.7589332 0.1109982 -0.6451615 0.7640464 -1.40474e-7 -0.6416433 0.7589292 -0.1109973 -0.434419 0.4430135 0.7842317 -0.6303614 0.7426174 -0.2261947 -0.5137031 0.5777201 0.6343097 -0.6090123 0.7118688 -0.3497812 -0.5729342 0.6603803 0.4854321 -0.5729304 0.6603835 -0.4854323 -0.5136598 0.5777359 -0.6343303 0.001965045 0.5219615 -0.8529668 0.5137458 0.5777029 -0.6342906 0.4137126 0.4471606 -0.7930255 1.52472e-6 0.9601212 0.2795841 0.6416404 0.7589318 0.1109963 1.5637e-7 0.9903355 0.1386927 -0.2359085 0.282366 -0.9298477 0.3627919 0.2437871 -0.8994165 0.6451683 0.7640407 1.55392e-7 0 1 2.6501e-7 8.4752e-5 -6.15494e-4 -0.9999998 -4.73654e-6 0.9903354 -0.1386932 0.6416401 0.7589321 -0.1109967 0.1421591 0.304994 0.9416844 0.4344241 0.44302 0.7842251 -0.001062393 0.5230429 0.8523058 -5.08776e-6 0.9601215 -0.2795835 0.6303652 0.7426145 -0.2261937 0.5136985 0.5777235 0.6343103 7.95953e-6 0.6956088 0.7184208 -1.173e-5 0.9055998 -0.4241335 0.609011 0.7118694 -0.3497822 0.5729277 0.6603838 0.4854348 5.96967e-6 0.8203303 0.5718901 1.25962e-5 0.8203302 -0.5718902 0.5729202 0.6603886 -0.4854373 0.609022 0.7118617 0.3497788 -1.31184e-6 0.9055999 0.4241333 4.10033e-5 0.6956094 -0.7184202 0.6303577 0.7426202 0.2261956 0.8323286 0.4270138 -0.3533955 0.7756586 0.3947913 -0.4924364 0.8783215 0.45253 0.154169 0.6714587 0.3236693 -0.6666194 0.8863787 0.4569009 0.07466328 0.8888351 0.4582275 0 -3.19257e-6 -2.47819e-6 1 0.5044521 0.1756912 0.8453761 0.8863799 0.4568986 -0.07466298 0.7169684 0.2798108 0.6384844 0.8783226 0.4525281 -0.1541686 0.7754261 0.3957753 0.4920125 0.8622149 0.4436934 -0.2443805 0.832331 0.4270111 0.3533935 0.8622154 0.4436924 0.2443804 0.958819 0.2785282 -0.05557268 0.953883 0.277158 -0.1152855 0.8863618 0.2532243 0.3876084 0.9437795 0.2743098 -0.1844841 0.9241648 0.2686135 0.2715995 0.9241636 0.2686151 -0.2716021 0.9437791 0.2743111 0.1844847 0.8835185 0.2572196 -0.3914502 0.9538825 0.2771599 0.1152861 0.8146815 0.1857162 -0.5493667 0.958819 0.2785278 0.05557268 0.5874879 0.1210849 -0.8001228 0.9603096 0.2789363 0 0.9819567 0.1631234 0.09566533 0.9854465 0.1636319 0.04604202 0.9864968 0.1637809 -2.07357e-7 0.6379949 0.07062667 0.766795 0.9854464 0.1636323 -0.04604196 0.86311 0.1122647 0.4923799 0.9819572 0.163121 -0.09566426 0.9273434 0.1579286 0.3392534 0.9747539 0.1620594 -0.1535959 0.9605301 0.1598756 0.2276437 0.9605297 0.1598767 -0.2276453 0.9747538 0.16206 0.1535959 0.9315794 0.1511881 -0.3306087 0.9962107 0.07644397 -0.04148036 0.9933519 0.07626372 -0.08623248 0.9506098 0.06932193 0.3025487 0.9874353 0.07588768 -0.1386097 0.975681 0.07511299 0.2059242 0.9756805 0.07511353 -0.2059261 0.9874353 0.07588762 0.1386096 0.9484183 0.07645815 -0.307664 0.9933517 0.07626414 0.08623331 0.884718 0.03714406 -0.4646446 0.9962106 0.07644438 0.04148012 0.6597218 0.02480685 -0.7511004 0.9970699 0.07649683 0 0.999195 0 0.04011565 1 0 2.01706e-7 0.6596964 -0.02479046 0.7511233 0.999195 3.76708e-7 -0.04011583 0.8847162 -0.03714084 0.4646481 0.9965158 -1.47256e-7 -0.08340567 0.9550691 0.003521978 0.2963623 0.9909679 -1.82332e-7 -0.1340995 0.9799306 0 0.199339 0.9799306 0 -0.1993387 0.990968 -1.23534e-7 0.1340987 0.9550663 -0.0035218 -0.2963712 0.9965157 0 0.08340567 0.9484208 -0.07645922 0.3076558 0.9874353 -0.07588768 -0.1386096 0.9756801 -0.0751146 0.2059282 0.9756802 -0.07511425 -0.205927 0.9874354 -0.0758872 0.1386089 0.9506076 -0.06932497 -0.3025547 0.9933518 -0.07626354 0.08623307 0.8605387 -0.1139829 -0.4964686 0.9962107 -0.07644367 0.04148018 0.6354123 -0.07548981 -0.7684743 0.9970699 -0.07649701 1.47703e-7 0.9962107 -0.07644367 -0.04148024 0.9933517 -0.07626444 -0.08623325 0.9819568 -0.1631231 0.09566551 0.9854465 -0.1636319 0.04604214 0.9864966 -0.1637821 0 0.5874394 -0.1210734 0.8001601 0.9854463 -0.1636329 -0.04604196 0.8146619 -0.1857362 0.5493888 0.9819564 -0.1631243 -0.09566617 0.9315795 -0.1511887 0.3306081 0.9747539 -0.1620597 -0.1535958 0.9605293 -0.159877 0.2276468 0.9605301 -0.1598747 -0.2276446 0.9747543 -0.1620583 0.1535944 0.9273405 -0.1579257 -0.3392627 0.9437788 -0.2743117 -0.1844851 0.8835188 -0.257219 0.3914499 0.9241644 -0.2686139 0.2716005 0.9241649 -0.2686132 -0.2715994 0.9437804 -0.2743078 0.1844822 0.8863596 -0.2532236 -0.3876137 0.9538825 -0.2771595 0.1152859 0.7241991 -0.2805094 -0.6299605 0.9588189 -0.2785286 0.05557298 0.4431594 -0.2054541 -0.8725814 0.9603095 -0.2789371 0 0.9588188 -0.2785288 -0.0555728 0.953883 -0.277158 -0.1152857 0.8863782 -0.4569015 0.07466387 0.8888365 -0.4582245 0 0.3744059 -0.2362731 0.8966579 0.886379 -0.4569002 -0.07466351 0.6715218 -0.32366 0.6665605 0.8783234 -0.4525268 -0.1541678 0.7756548 -0.3947938 0.4924405 0.862218 -0.4436889 -0.2443776 0.8323337 -0.4270082 0.3533903 0.8323291 -0.4270129 -0.3533953 0.8622165 -0.4436909 0.2443791 0.7754261 -0.3957741 -0.4920134 0.8783241 -0.4525254 0.1541671 0.572912 -0.6603926 -0.4854415 0.5729407 -0.6603769 0.4854289 0.609005 -0.7118734 0.3497846 0.5137112 -0.5777169 -0.6343059 0.6303617 -0.7426171 0.2261945 0.4309073 -0.4420319 -0.786719 0.6416387 -0.7589333 0.1109971 0.6451707 -0.7640386 0 0.6416381 -0.7589336 -0.1109972 0.4158865 -0.4488301 0.7909424 0.6303591 -0.7426192 -0.2261952 0.5137196 -0.5777147 0.6343011 0.6090211 -0.7118626 -0.3497784 -0.1377173 -0.3032162 0.9429178 -0.1165718 -0.305873 -0.9449089 -5.23905e-6 -0.9903354 -0.1386938 9.35359e-4 -0.5230401 0.8523076 3.3102e-6 -0.9601212 -0.2795842 4.19951e-5 -0.6956107 0.718419 2.63951e-6 -0.9055999 -0.4241333 1.61105e-6 -0.8203305 0.5718898 -1.43584e-5 -0.82033 -0.5718905 -1.22234e-5 -0.9055997 0.4241337 1.28274e-5 -0.6956093 -0.7184203 -2.21923e-6 -0.9601212 0.2795841 9.46736e-4 -0.5230315 -0.8523129 -2.05553e-6 -0.9903354 0.1386933 0 -1 2.6501e-7 -0.6090083 -0.7118708 0.3497841 -0.5729222 -0.6603882 -0.4854354 -0.5136841 -0.5777279 -0.634318 -0.6303634 -0.742616 0.2261935 -0.4193778 -0.4500647 -0.7883934 -0.6416408 -0.7589313 0.1109973 -0.6451663 -0.7640421 1.55392e-7 -0.6416423 -0.75893 -0.1109974 -0.419377 -0.4500775 0.7883864 -0.6303535 -0.7426237 -0.2261959 -0.5136789 -0.5777312 0.6343191 -0.6090206 -0.7118625 -0.3497795 -0.5729375 -0.6603802 0.4854283 -0.888835 -0.4582273 0 -0.8863791 -0.4569 -0.07466304 -0.6666161 -0.3233842 0.6715993 -0.8783209 -0.452531 -0.1541693 -0.7756651 -0.3947854 0.4924309 -0.8622173 -0.44369 -0.2443782 -0.8323323 -0.4270087 0.353393 -0.8323302 -0.4270111 -0.3533954 -0.8622128 -0.4436964 0.244382 -0.775645 -0.3948001 -0.4924508 -0.8783231 -0.4525271 0.154168 -0.6665915 -0.3233811 -0.6716252 -0.8863788 -0.4569007 0.07466298 -0.4920846 -0.1745146 -0.8528761 -0.4922801 -0.174496 0.852767 -0.9241665 -0.2686077 -0.2715993 -0.8835251 -0.2572085 -0.3914425 -0.9538832 -0.2771572 0.1152858 -0.8200415 -0.1852819 -0.5414818 -0.9588186 -0.2785298 0.05557209 -0.9603099 -0.2789354 0 -0.9588184 -0.2785301 -0.05557203 -0.8200348 -0.1852948 0.5414876 -0.9538835 -0.2771563 -0.1152853 -0.8835288 -0.2572052 0.3914363 -0.9437793 -0.2743108 -0.1844841 -0.924166 -0.2686088 0.2716004 -0.9437791 -0.2743114 0.1844841 -0.9854463 -0.1636331 -0.04604291 -0.981957 -0.1631221 -0.09566491 -0.9315777 -0.1511886 0.3306132 -0.9747541 -0.1620581 -0.153596 -0.9605296 -0.1598758 0.2276462 -0.9605297 -0.1598751 -0.2276461 -0.9747549 -0.162056 0.1535934 -0.9315786 -0.1511846 -0.3306124 -0.9819567 -0.1631231 0.09566581 -0.9854464 -0.163632 0.04604268 -0.6324986 -0.07536476 -0.7708864 -0.9864968 -0.1637809 0 -0.6324775 -0.07536733 0.7709035 -0.9933517 -0.07626467 0.08623266 -0.9484177 -0.07646083 -0.3076646 -0.8863887 -0.03609615 -0.4615324 -0.9962106 -0.07644575 0.04148054 -0.9970699 -0.07649648 2.27715e-7 -0.9962106 -0.07644546 -0.04148066 -0.8863789 -0.03609728 0.4615511 -0.9933517 -0.0762642 -0.08623313 -0.9484208 -0.0764603 0.3076553 -0.9874355 -0.07588559 -0.1386094 -0.9756803 -0.07511609 0.205926 -0.9756801 -0.07511609 -0.205927 -0.9874359 -0.07588434 0.1386073 -0.9991951 1.57333e-7 -0.04011487 -0.9965156 1.75163e-7 -0.08340668 -0.9550699 0.0035218 0.29636 -0.990968 -2.50038e-7 -0.134099 -0.9799306 -4.4865e-7 0.1993389 -0.9799306 -2.59088e-7 -0.1993389 -0.990968 -2.50632e-7 0.1340988 -0.9550682 0.00352329 -0.2963651 -0.9965158 0 0.08340585 -0.9991951 0 0.04011482 -0.6605308 0.02747637 -0.7502961 -1 -2.36289e-7 1.97847e-7 -0.6605886 0.02746522 0.7502457 -0.8660961 0.1110823 -0.4873791 -0.9933516 0.07626515 0.08623337 -0.9962106 0.07644617 0.04148077 -0.9970699 0.07649624 2.89172e-7 -0.9962106 0.07644534 -0.04148072 -0.8660999 0.111078 0.4873731 -0.9933515 0.07626599 -0.0862345 -0.9506081 0.06932443 0.3025529 -0.9874356 0.07588529 -0.1386089 -0.9756799 0.07511639 0.205928 -0.9756802 0.07511585 -0.2059267 -0.9874356 0.07588607 0.1386089 -0.9506112 0.06932115 -0.3025441 -0.9747547 0.1620562 -0.1535941 -0.9273427 0.1579285 0.3392555 -0.9605293 0.159878 0.2276457 -0.9605297 0.1598768 -0.227645 -0.9747551 0.1620548 0.1535932 -0.9273412 0.1579282 -0.3392594 -0.9819567 0.1631233 0.09566563 -0.9854462 0.1636329 0.04604309 -0.5718191 0.1279861 -0.8103349 -0.9864966 0.1637821 0 -0.57824 0.1231754 0.806515 -0.9854463 0.1636329 -0.04604262 -0.9819567 0.163123 -0.09566599 -0.9588184 0.2785302 0.05557227 -0.9603097 0.2789363 0 -0.9588179 0.2785317 -0.0555725 -0.7229176 0.2814281 0.6310218 -0.9538837 0.2771554 -0.1152862 -0.8863569 0.2532286 0.3876169 -0.9437804 0.2743074 -0.1844829 -0.9241659 0.2686106 0.271599 -0.9241652 0.2686119 -0.2715997 -0.9437807 0.2743068 0.1844826 -0.8863606 0.2532203 -0.3876137 -0.9538834 0.2771561 0.1152863 -0.7227605 0.2809402 -0.6314189 -0.7754239 0.3957747 0.4920166 -0.8323292 0.4270126 0.3533954 -0.8323326 0.4270095 -0.3533915 -0.8622177 0.4436893 0.2443779 -0.7754299 0.3957688 -0.4920116 -0.8783224 0.452528 0.1541693 -0.8863781 0.4569019 0.07466351 -0.8888366 0.4582245 0 -0.3623071 0.2346734 0.9020321 -0.8863781 0.4569022 -0.07466357 -0.8783237 0.4525259 -0.1541685 -0.8622186 0.4436882 -0.244377 -0.6416405 0.7589316 0.1109974 -0.6451689 0.7640401 0 -0.641643 0.7589296 -0.1109972 -0.4309864 0.4420003 0.7866935 -0.6303694 0.7426114 -0.2261919 -0.5136885 0.5777256 0.6343164 -0.6090214 0.7118624 -0.3497785 -0.5729226 0.6603884 0.4854348 -0.5729104 0.6603958 -0.4854393 -0.6090228 0.7118614 0.3497779 -0.5137038 0.5777198 -0.6343094 -0.6303569 0.7426211 0.2261953 -0.4347776 0.4452412 -0.7827699 -9.77526e-4 0.5230326 -0.8523123 0.5136849 0.5777294 -0.6343158 0.4343888 0.4430148 -0.7842478 -6.62172e-6 0.9601212 0.2795841 0.6416417 0.7589305 0.1109983 1.46613e-6 0.9903355 0.1386932 0.6451613 0.7640465 -2.11333e-7 -0.1421319 0.3049702 0.9416962 -2.22258e-6 -5.16172e-7 1 0.3742975 0.2362862 0.8966997 -1.00505e-6 0.9903355 -0.138693 0.6416435 0.758929 -0.1109979 0.4158493 0.4488372 0.7909581 9.78239e-4 0.5230358 0.8523102 3.92755e-6 0.9601213 -0.2795841 0.6303614 0.7426174 -0.2261944 0.5136861 0.5777295 0.6343148 -1.73535e-5 0.6956053 0.7184242 -1.80542e-6 0.9055994 -0.4241344 0.6090112 0.7118697 -0.3497813 0.5729146 0.6603919 0.4854395 -3.28254e-5 0.8203294 0.5718914 7.9874e-6 0.8203308 -0.5718893 0.5729343 0.6603817 -0.48543 0.6090169 0.711866 0.3497791 3.87612e-6 0.9055997 0.4241337 1.50199e-5 0.6956037 -0.7184258 0.6303545 0.742623 0.2261955 0.862217 0.4436905 0.2443785 0.8323292 0.4270117 -0.3533965 0.7754233 0.3957787 -0.4920141 0.8783205 0.4525322 0.1541686 0.7169759 0.2797976 -0.6384817 0.8863796 0.4568988 0.07466429 0.142154 0.3049824 -0.941689 0.5043615 0.1756868 -0.8454311 0.8888328 0.4582318 -3.66867e-7 3.70293e-5 -2.67275e-7 -1 0.8863797 0.4568986 -0.07466417 0.6715292 0.3236514 0.6665571 0.87832 0.452533 -0.154169 0.7756462 0.3948043 0.4924457 0.8622184 0.4436885 -0.2443768 0.8323342 0.4270055 0.3533924 0.9603082 0.2789414 -3.05363e-7 0.9588189 0.2785289 -0.05557262 0.8146732 0.1857301 0.5493743 0.953882 0.2771611 -0.1152861 0.8835274 0.257214 0.3914336 0.9437819 0.2743027 -0.1844828 0.9241659 0.2686092 0.2716002 0.9241646 0.2686117 -0.2716019 0.9437821 0.2743021 0.1844828 0.8863537 0.2532334 -0.387621 0.9538811 0.2771639 0.1152877 0.9588189 0.2785285 0.05557256 0.5874699 0.1210866 0.8001359 0.9605297 0.1598761 -0.2276453 0.9273427 0.1579287 -0.3392553 0.9819563 0.1631251 0.0956673 0.8631117 0.1122609 -0.4923775 0.9854464 0.1636322 0.04604238 0.6379761 0.07062166 -0.766811 0.9864963 0.1637834 -2.56671e-7 0.9854464 0.1636322 -0.04604268 0.9819566 0.1631237 -0.09566658 0.9315803 0.1511882 0.3306063 0.974755 0.162054 -0.1535947 0.9605298 0.1598758 0.2276453 0.9747552 0.1620532 0.1535943 0.9962108 0.07644325 -0.04148119 0.9933517 0.07626283 -0.08623456 0.9484197 0.07646059 0.3076587 0.9874354 0.07588577 -0.13861 0.9756802 0.07511115 0.2059285 0.9756804 0.07511126 -0.205928 0.9874357 0.07588541 0.138608 0.9506057 0.06932425 -0.3025607 0.9933516 0.07626348 0.08623504 0.9962108 0.07644361 0.04148113 0.9970699 0.07649713 0 0.6597052 0.02481591 0.7511148 0.8847197 0.03714573 0.464641 0.9550645 0.003520667 -0.296377 0.8847237 -0.03713923 -0.4646341 0.9991951 0 0.04011505 0.6596974 -0.02478903 -0.7511225 1 0 0 0.9991952 0 -0.04011517 0.9965158 0 -0.08340567 0.9550685 -0.003521203 0.2963644 0.9909682 0 -0.1340971 0.9799305 0 0.19934 0.9799311 0 -0.1993368 0.9909682 0 0.1340972 0.9965158 1.71303e-7 0.08340543 0.8631087 -0.1122617 0.4923827 0.9506102 -0.06932264 0.3025469 0.9874355 -0.07588571 -0.1386095 0.9756803 -0.07511144 0.2059277 0.9756805 -0.07511115 -0.2059269 0.9874359 -0.07588464 0.138607 0.9484184 -0.07645833 -0.3076634 0.9933516 -0.07626384 0.08623558 0.9962107 -0.07644397 0.04148143 0.9970698 -0.07649731 0 0.6379637 -0.07062143 0.7668213 0.9962108 -0.07644331 -0.04148089 0.9933517 -0.07626265 -0.08623456 0.9819566 -0.1631232 0.09566628 0.9854463 -0.1636327 0.04604238 0.5874111 -0.1210722 -0.8001812 0.9864963 -0.1637837 0 0.9854463 -0.1636324 -0.04604268 0.9819567 -0.1631236 -0.09566599 0.9273457 -0.1579286 0.3392473 0.9747549 -0.162054 -0.153595 0.96053 -0.1598753 0.2276449 0.9605289 -0.1598773 -0.227648 0.9747557 -0.162052 0.1535925 0.9315773 -0.1511892 -0.3306143 0.814671 -0.1857232 -0.54938 0.943782 -0.2743019 -0.1844829 0.8863614 -0.2532286 0.3876064 0.9241666 -0.2686079 0.2715987 0.9241647 -0.2686117 -0.2716018 0.943782 -0.2743024 0.1844824 0.8835207 -0.2572187 -0.3914459 0.9538825 -0.2771596 0.1152856 0.9588187 -0.2785292 0.0555725 0.960308 -0.2789418 -1.81849e-7 0.5044125 -0.1756798 0.8454021 0.9588183 -0.2785306 -0.05557304 0.7169654 -0.2798133 0.6384866 0.9538823 -0.2771604 -0.1152853 0.3743477 -0.2362656 -0.8966841 0.8863803 -0.4568974 0.07466405 0.8888338 -0.45823 -2.29592e-7 0.886379 -0.4568998 -0.07466459 0.8783203 -0.4525324 -0.1541685 0.7754206 -0.3957825 0.4920155 0.8622175 -0.4436897 -0.2443779 0.8323308 -0.4270091 0.3533959 0.8323342 -0.4270059 -0.3533918 0.8622167 -0.443691 0.2443785 0.7756543 -0.3947977 -0.4924382 0.878323 -0.4525276 0.1541675 0.6715041 -0.3236588 -0.6665788 0.5137028 -0.5777222 0.6343079 0.5729274 -0.660385 0.4854338 0.5729299 -0.6603839 -0.4854323 0.6090131 -0.7118687 0.3497801 0.5136865 -0.5777291 -0.634315 0.6303569 -0.7426211 0.2261951 0.4158676 -0.4488332 -0.7909507 0.6416419 -0.7589303 0.1109985 0.6451617 -0.7640461 -1.41096e-7 0.1420668 -0.3049764 0.9417041 0.6416451 -0.7589277 -0.1109979 0.4344056 -0.4430183 0.7842364 0.6303631 -0.7426164 -0.226193 0.6090046 -0.7118743 -0.3497834 1.97133e-6 -0.9903352 0.1386945 1.33843e-6 -1 1.29827e-7 -0.1376621 -0.3032037 -0.9429299 4.4051e-6 -0.9903353 -0.1386942 -9.7774e-4 -0.5230364 0.8523098 2.35229e-6 -0.9601215 -0.2795831 2.1672e-5 -0.6956041 0.7184254 -4.58215e-6 -0.9056 -0.424133 1.71373e-5 -0.8203305 0.5718898 -1.02085e-5 -0.8203305 -0.5718899 7.49879e-6 -0.9056004 0.4241321 -7.26405e-6 -0.6956046 -0.7184249 -3.96612e-6 -0.9601213 0.2795836 9.77883e-4 -0.5230346 -0.8523109 -0.6090126 -0.7118685 -0.3497812 -0.5729337 -0.6603813 -0.4854314 -0.6090082 -0.7118717 0.3497825 -0.513673 -0.5777313 -0.6343238 -0.6303594 -0.742619 0.2261945 -0.4193646 -0.4500657 -0.7883999 -0.6416385 -0.7589331 0.1109979 -0.645161 -0.7640467 -2.1009e-7 -0.3743929 -0.2362748 0.8966628 -0.6416398 -0.7589321 -0.1109976 -0.4158367 -0.4488415 0.7909622 -0.6303632 -0.7426163 -0.2261933 -0.5136795 -0.5777288 0.6343208 -0.5729151 -0.6603915 0.4854394 -0.4921753 -0.1744909 -0.8528285 -0.8888332 -0.4582309 -2.02616e-7 -0.8863776 -0.4569027 -0.07466453 -0.6715118 -0.3236557 0.6665725 -0.8783224 -0.4525285 -0.1541684 -0.7756475 -0.3948004 0.4924465 -0.8622159 -0.4436917 -0.2443798 -0.8323329 -0.4270083 0.353392 -0.8323272 -0.427015 -0.3533972 -0.8622176 -0.4436893 0.2443785 -0.7756488 -0.394799 -0.4924456 -0.878323 -0.4525271 0.1541684 -0.666623 -0.3233749 -0.671597 -0.8863784 -0.4569011 0.07466405 -0.924165 -0.2686109 -0.2716016 -0.8835267 -0.2572106 -0.3914375 -0.9538824 -0.2771598 0.1152864 -0.820047 -0.1852808 -0.5414739 -0.9588186 -0.2785295 0.05557316 -0.960308 -0.2789422 -1.97623e-7 -0.5874207 -0.1210921 0.8001711 -0.9588181 -0.278531 -0.05557358 -0.8146847 -0.1857233 0.5493595 -0.9538823 -0.2771601 -0.1152864 -0.8835289 -0.2572098 0.3914331 -0.9437806 -0.2743073 -0.1844829 -0.9241659 -0.2686094 0.2715998 -0.9437811 -0.2743057 0.1844821 -0.9854466 -0.1636311 -0.04604297 -0.9819566 -0.1631241 -0.09566622 -0.931579 -0.1511895 0.3306093 -0.9747552 -0.1620545 -0.1535926 -0.9605296 -0.1598755 0.2276459 -0.9605297 -0.1598754 -0.2276461 -0.9747546 -0.162056 0.1535945 -0.9315804 -0.151187 -0.3306064 -0.9819566 -0.1631237 0.09566622 -0.9854465 -0.1636315 0.04604285 -0.6324302 -0.07536381 -0.7709426 -0.9864964 -0.1637832 -2.35282e-7 -0.9933517 -0.07626324 0.08623397 -0.9484176 -0.07646089 -0.3076652 -0.8863776 -0.03609555 -0.4615537 -0.9962106 -0.07644385 0.04148155 -0.9970699 -0.07649654 0 -0.6597181 -0.02481389 0.7511035 -0.9962107 -0.07644313 -0.04148125 -0.8847227 -0.03714835 0.4646351 -0.9933516 -0.0762633 -0.08623433 -0.9484186 -0.07646071 0.307662 -0.9874354 -0.07588672 -0.1386095 -0.97568 -0.07511383 0.2059287 -0.9756798 -0.0751143 -0.2059293 -0.9874355 -0.07588636 0.1386084 -0.999195 0 -0.04011529 -0.9965158 -2.3365e-7 -0.08340513 -0.955069 0.0035218 0.2963629 -0.9909682 -1.4937e-7 -0.1340972 -0.9799304 0 0.1993403 -0.9799309 0 -0.1993376 -0.9909681 -3.91984e-7 0.1340981 -0.9550658 0.00352168 -0.2963732 -0.9965158 0 0.08340495 -0.9991951 0 0.04011505 -0.6605343 0.02746236 -0.7502936 -1 0 0 -0.8661137 0.1110725 -0.4873502 -0.9933516 0.07626312 0.08623474 -0.9962106 0.07644391 0.04148173 -0.99707 0.07649648 0 -0.6379694 0.07062184 0.7668165 -0.9962106 0.07644361 -0.04148191 -0.8631132 0.112257 0.4923759 -0.9933516 0.07626378 -0.08623492 -0.9506083 0.06932532 0.3025525 -0.9874355 0.07588672 -0.1386087 -0.9756801 0.07511484 0.2059275 -0.9756801 0.0751152 -0.2059276 -0.9874359 0.07588583 0.1386064 -0.9506034 0.06932604 -0.3025677 -0.9273444 0.157928 0.3392509 -0.9747552 0.1620544 -0.1535933 -0.9605301 0.1598756 0.2276445 -0.9605295 0.1598768 -0.227646 -0.9747555 0.1620529 0.1535919 -0.9273397 0.1579309 -0.3392621 -0.9819563 0.1631249 0.09566658 -0.9854463 0.1636328 0.04604315 -0.578206 0.1231664 -0.8065408 -0.9864963 0.1637835 0 -0.9854466 0.1636313 -0.04604327 -0.9819564 0.163125 -0.0956664 -0.9538825 0.2771595 0.1152864 -0.9588185 0.2785294 0.05557322 -0.9603081 0.2789416 -1.63991e-7 -0.504424 0.1756786 0.8453955 -0.9588189 0.2785283 -0.0555734 -0.7169654 0.2798132 0.6384866 -0.9538826 0.2771591 -0.1152857 -0.8863657 0.2532243 0.3875996 -0.9437815 0.2743042 -0.1844821 -0.9241662 0.2686091 0.2715994 -0.9241651 0.2686111 -0.2716007 -0.9437823 0.2743024 0.1844807 -0.8863602 0.2532252 -0.3876113 -0.7229138 0.2814208 -0.6310293 -0.8622215 0.4436837 -0.2443742 -0.7754183 0.3957825 0.4920192 -0.8323269 0.4270158 0.3533971 -0.8323314 0.4270112 -0.3533923 -0.8622175 0.4436897 0.2443778 -0.7754359 0.3957674 -0.4920034 -0.878321 0.4525305 0.1541699 -0.8863779 0.4569022 0.07466453 -0.3623039 0.2346639 -0.9020359 -0.8888335 0.4582304 -2.87439e-7 -0.8863776 0.4569028 -0.07466471 -0.8783202 0.4525322 -0.1541696 -0.6416383 0.7589335 0.1109979 -0.6451631 0.764045 -1.42028e-7 -0.6416415 0.7589308 -0.1109973 -0.4343894 0.4430221 0.7842432 -0.6303561 0.7426214 -0.2261961 -0.5137029 0.5777201 0.6343097 -0.6090174 0.711865 -0.34978 -0.5729343 0.6603804 0.4854318 -0.5729306 0.6603837 -0.4854319 -0.6090167 0.7118653 0.3497807 -0.5136761 0.5777302 -0.6343222 -0.6303581 0.7426198 0.226196 -0.4308919 0.442004 -0.7867431 -5.09665e-6 0.9530478 0.3028199 0.2558507 0.954868 0.1508895 9.12403e-7 0.9885507 0.1508894 0.2588207 0.9659255 -1.32767e-7 -1.88288e-7 1 0 0.2558576 0.9548662 -0.1508892 -3.28996e-6 0.9885507 -0.1508892 -5.48396e-6 0.9530478 -0.3028199 0.2466742 0.9205717 -0.3028196 -0.003908455 0.6585341 0.7525408 0.05180031 0.4779762 0.8768442 0.1728564 0.636606 0.7515674 0.2303574 0.8597243 -0.4558616 -1.05312e-5 0.8900501 -0.4558629 0.2055184 0.7670242 0.6078126 5.79921e-6 0.7940816 0.6078113 0.2055312 0.7670233 -0.6078094 6.78864e-6 0.7940818 -0.607811 0.2303632 0.8597229 0.455861 -1.04215e-5 0.8900507 0.4558616 0.1724696 0.6365477 -0.7517057 -0.003919601 0.6569673 -0.7539089 0.2466642 0.9205743 0.3028197 0.4450259 0.7708067 0.4558607 0.3970277 0.6876999 -0.607814 0.3293467 0.5704343 -0.7524197 0.4765276 0.825361 0.3028215 0.2410115 0.409255 -0.8800135 0.05138945 0.4703714 -0.880971 0.4942713 0.8561124 0.1508888 0.4999994 0.8660258 0 0.4942657 0.8561155 -0.1508898 0.0486288 0.2551636 0.9656744 0.2390319 0.4070342 0.8815822 0.4765238 0.8253638 -0.30282 0.3293235 0.5704398 0.7524257 0.4450287 0.7708051 -0.4558606 0.3970426 0.6876946 0.6078103 0.7071118 0.7071018 -4.97878e-7 0.69901 0.6990118 -0.1508898 0.3802407 0.2786742 0.8819059 0.673916 0.6738988 -0.3028165 0.4649842 0.468163 0.7514075 0.6293708 0.6293546 -0.4558566 0.5615057 0.5614976 0.6078091 0.5614942 0.5615031 -0.6078147 0.629359 0.6293631 0.4558612 0.4649398 0.4675691 -0.7518046 0.6739088 0.6739037 0.3028212 0.3799444 0.2832151 -0.8805859 0.69901 0.6990119 0.1508885 0.2367772 0.1075076 -0.9655976 0.07484149 0.2485611 -0.9657206 1.468e-4 -3.98167e-4 1 0.2274433 0.1282723 0.9653061 2.30529e-4 9.45156e-5 -1 0.5710991 0.3252448 -0.7536987 0.8253636 0.4765229 0.3028215 0.8561062 0.4942817 0.1508902 0.8660258 0.4999993 1.32888e-6 0.8561085 0.4942775 -0.1508909 0.8253666 0.4765198 -0.302818 0.5720334 0.3255241 0.7528691 0.770807 0.4450256 -0.4558606 0.6877061 0.397035 0.6078022 0.6876906 0.3970422 -0.607815 0.770805 0.445025 0.4558646 0.9205737 0.2466672 -0.302819 0.6336465 0.173709 0.7538683 0.8597231 0.2303609 -0.4558619 0.7670415 0.205519 0.6077904 0.7670324 0.2055172 -0.6078027 0.8597238 0.2303617 0.4558603 0.6344206 0.1744745 -0.7530399 0.9205713 0.2466707 0.3028239 0.4689432 0.07018232 -0.8804357 0.9548655 0.2558584 0.1508921 0.9659263 0.2588175 1.10016e-6 0.9548643 0.2558622 -0.1508929 0.4684755 0.06530022 0.8810601 0.953047 -5.83991e-7 0.3028224 0.98855 -3.66893e-7 0.1508939 1 -2.47068e-6 1.94685e-6 0.2358199 -0.1034973 0.9662698 0.9885497 -1.02102e-6 -0.1508961 0.9530477 -4.68158e-7 -0.3028205 0.6596446 -0.00185889 0.7515754 0.8900484 0 -0.4558663 0.7940926 1.73542e-6 0.607797 0.7940881 -8.55659e-7 -0.6078028 0.890053 -1.45691e-6 0.455857 0.6599535 -0.002280652 -0.751303 0.4642572 -0.1233966 0.8770624 0.6362422 -0.1704791 0.752418 0.9205743 -0.2466659 -0.3028183 0.8597182 -0.2303667 -0.4558686 0.7670281 -0.2055237 0.6078059 0.7670272 -0.2055259 -0.6078062 0.8597237 -0.2303633 0.4558597 0.6362182 -0.1704834 -0.7524373 0.9205749 -0.2466657 0.3028169 0.4605147 -0.1193915 -0.8795862 0.9548667 -0.2558552 0.1508899 0.2310852 -0.1193081 -0.9655907 0.9659262 -0.2588178 5.75727e-7 0.9548668 -0.2558549 -0.1508895 0.8561084 -0.4942779 0.1508901 0.8660241 -0.5000021 1.0549e-6 0.8561109 -0.4942727 -0.1508927 0.3626663 -0.3019794 0.8816357 0.8253691 -0.4765161 -0.302817 0.5725426 -0.327991 0.7514101 0.7708077 -0.4450238 -0.4558611 0.6876984 -0.3970385 0.6078087 0.6877089 -0.3970341 -0.6077997 0.770806 -0.4450263 0.4558616 0.5720378 -0.3281704 -0.751716 0.8253679 -0.4765184 0.3028171 0.368206 -0.2957961 -0.8814358 0.6739108 -0.6739025 -0.3028198 0.6293563 -0.6293644 -0.4558629 0.4624767 -0.468331 0.7528489 0.5615119 -0.5614942 0.6078065 0.5614942 -0.5615044 -0.6078134 0.6293504 -0.629369 0.4558647 0.4620949 -0.4673616 -0.7536854 0.673919 -0.6738947 0.3028185 0.6990132 -0.6990088 0.1508883 0.7071074 -0.7071062 6.96425e-7 0.6990137 -0.6990081 -0.1508893 0.08222162 -0.2496463 -0.9648401 0.4999982 -0.8660265 0 0.04730242 -0.2549937 0.965785 0.4942768 -0.8561092 -0.1508895 0.1926662 -0.4337909 0.8801734 0.4765331 -0.8253588 -0.3028191 0.3319066 -0.5672522 0.7536995 0.4450193 -0.7708092 -0.4558629 0.3970533 -0.6876912 0.6078072 0.3970332 -0.6876996 -0.6078108 0.4450157 -0.7708118 0.4558621 0.3327119 -0.568067 -0.7527303 0.4765186 -0.825366 0.302822 0.1909357 -0.4367849 -0.8790692 0.4942617 -0.8561177 0.1508908 0.168879 -0.6375499 0.7516716 0.2055275 -0.7670239 0.6078098 0.205523 -0.7670249 -0.6078103 0.2303586 -0.8597237 0.4558618 0.1658827 -0.6359021 -0.7537318 0.2466754 -0.9205711 0.3028202 0.2558593 -0.9548658 0.1508893 0.2588232 -0.9659248 0 0.2558531 -0.9548673 -0.1508899 0.2466688 -0.920573 -0.3028202 0.2303534 -0.859725 -0.4558622 8.23094e-7 -0.9885507 0.1508895 0 -1 0 4.94098e-6 -0.9885507 -0.1508894 -0.002708494 -0.4794985 0.8775385 1.33328e-6 -0.9530475 -0.3028208 -9.05229e-7 -0.6586834 0.7524203 -3.03683e-6 -0.8900505 -0.455862 -3.63475e-6 -0.7940816 0.6078112 1.34345e-5 -0.7940811 -0.6078118 -2.17812e-6 -0.8900505 0.4558619 0.004743754 -0.6583791 -0.7526717 2.13809e-6 -0.9530476 0.3028208 -0.06143319 -0.4730676 -0.8788817 -0.2055224 -0.7670251 -0.6078103 -0.2303577 -0.8597244 0.4558612 -0.1749857 -0.6347151 -0.7526731 -0.2466706 -0.9205725 0.3028199 -0.2558515 -0.9548678 0.1508898 -0.09794962 -0.2406522 -0.9656565 -0.2588208 -0.9659255 0 -0.2558542 -0.9548671 -0.1508893 -0.1796662 -0.4376385 0.881018 -0.2466707 -0.9205724 -0.3028203 -0.1688907 -0.6375526 0.7516666 -0.2303671 -0.8597227 -0.4558595 -0.2055365 -0.7670218 0.6078094 -0.5000001 -0.8660253 0 -0.4942677 -0.8561143 -0.1508901 -0.4765195 -0.8253654 -0.3028218 -0.331413 -0.5702308 0.7516664 -0.4450283 -0.7708051 -0.455861 -0.3970455 -0.6876936 0.6078096 -0.3970502 -0.6876925 -0.6078076 -0.4450109 -0.770813 0.455865 -0.3250929 -0.5709798 -0.7538546 -0.4765311 -0.8253594 0.3028202 -0.2830345 -0.3819822 -0.8797621 -0.4942684 -0.8561138 0.1508901 -0.176137 -0.1891363 0.9660245 -0.5615082 -0.5614969 -0.6078074 -0.4676677 -0.465037 -0.7516831 -0.629353 -0.6293665 0.4558649 -0.6739145 -0.6738991 0.3028189 -0.6990087 -0.6990132 0.150889 -0.2381006 -0.1027561 -0.9657896 -0.7071107 -0.7071029 -5.74521e-7 -0.6990112 -0.6990105 -0.1508895 -0.3390505 -0.3390157 0.8775609 -0.6739061 -0.6739066 -0.302821 -0.4657584 -0.4657609 0.75242 -0.6293578 -0.6293634 -0.4558624 -0.5615106 -0.5614954 0.6078065 -0.4430723 -0.1698306 0.8802525 -0.8253708 -0.4765143 -0.3028154 -0.5703944 -0.3319615 0.7513002 -0.7708058 -0.4450263 -0.4558621 -0.6877016 -0.3970388 0.607805 -0.6876986 -0.3970387 -0.6078084 -0.7708022 -0.4450298 0.4558647 -0.5698723 -0.3268505 -0.7539327 -0.8253698 -0.4765146 0.3028175 -0.4185338 -0.2431452 -0.8750485 -0.8561076 -0.4942795 0.1508898 -0.8660231 -0.5000041 7.27203e-7 -0.8561054 -0.4942824 -0.1508927 -0.9205728 -0.2466655 0.3028233 -0.4708378 -0.06394463 -0.8798995 -0.9548656 -0.2558575 0.1508929 -0.9659262 -0.2588179 2.45378e-6 -0.2583425 0.02272647 0.9657861 -0.9548644 -0.2558609 -0.1508946 -0.9205731 -0.2466676 -0.3028205 -0.6366874 -0.1661328 0.7530134 -0.8597249 -0.230361 -0.4558585 -0.767029 -0.2055243 0.6078044 -0.7670275 -0.205523 -0.607807 -0.8597229 -0.230359 0.4558634 -0.6344274 -0.174467 -0.7530361 -0.9885502 1.83688e-6 -0.1508925 -0.9530473 6.68452e-7 -0.3028214 -0.6574531 -0.00433886 0.7534831 -0.8900504 3.27321e-6 -0.455862 -0.7940863 -2.82368e-6 0.6078051 -0.7940851 2.51998e-6 -0.6078066 -0.8900535 8.82826e-7 0.4558562 -0.6599412 0.002282381 -0.7513138 -0.9530484 -2.70276e-6 0.3028182 -0.9885503 2.13136e-6 0.1508926 -1 1.46285e-6 1.87262e-6 -0.4762881 0.0614537 0.8771392 -0.4605286 0.1193968 -0.8795782 -0.9548661 0.2558574 0.1508901 -0.2327445 0.1153686 -0.9656708 -0.9659258 0.2588193 1.69218e-6 -0.9548672 0.255853 -0.150891 -0.9205777 0.2466599 -0.3028128 -0.6344687 0.1744701 0.7530005 -0.8597253 0.2303572 -0.4558596 -0.7670323 0.2055203 0.6078017 -0.7670354 0.2055179 -0.6077986 -0.8597254 0.2303568 0.4558596 -0.6362182 0.1704847 -0.7524371 -0.9205781 0.246658 0.3028132 -0.5698857 0.3268504 0.7539225 -0.7708073 0.4450241 -0.4558616 -0.6876949 0.397041 0.6078112 -0.6876957 0.3970388 -0.6078115 -0.7708089 0.4450234 0.4558596 -0.572023 0.3281754 -0.7517252 -0.8253751 0.4765089 0.3028122 -0.3689858 0.2966739 -0.8808145 -0.8561076 0.4942795 0.15089 -0.8660222 0.5000055 1.09473e-6 -0.8561078 0.4942779 -0.1508934 -0.4142652 0.2394623 0.8780902 -0.8253591 0.4765292 -0.302824 -0.6990105 0.6990113 0.150889 -0.7071054 0.7071082 7.03063e-7 -0.1586394 0.2066932 0.9654592 -0.6990078 0.6990137 -0.1508907 -0.2894017 0.3771898 0.8797582 -0.6739063 0.6739068 -0.3028201 -0.4676957 0.4650333 0.751668 -0.6293627 0.6293603 -0.45586 -0.5614977 0.5615009 0.6078135 -0.561497 0.5615006 -0.6078143 -0.6293609 0.6293617 0.4558606 -0.4617483 0.4673309 -0.7539169 -0.6739143 0.6739 0.3028177 -0.4765232 0.8253637 -0.3028208 -0.4450204 0.7708092 -0.4558619 -0.3281313 0.5721192 0.7516713 -0.3970252 0.6877 0.6078155 -0.397052 0.6876915 -0.6078077 -0.4450252 0.7708071 0.4558607 -0.3333814 0.5677452 -0.7526767 -0.476524 0.825363 0.3028212 -0.1830729 0.4419984 -0.8781355 -0.4942708 0.8561124 0.1508901 -0.1019558 0.2438754 -0.9644324 -0.4999972 0.8660271 0 -0.4942697 0.856113 -0.1508909 -0.2588228 0.9659249 0 -0.2558603 0.9548655 -0.1508892 -0.1252104 0.461458 0.8782818 -0.2466691 0.920573 -0.3028199 -0.1686013 0.6352418 0.7536853 -0.2303576 0.8597242 -0.4558615 -0.205507 0.7670285 0.607811 -0.205523 0.7670256 -0.6078093 -0.2303704 0.8597214 0.4558602 -0.165669 0.6372076 -0.7526754 -0.2466707 0.9205725 0.30282 -0.2558583 0.954866 0.1508894 0.2075663 0.9032037 -0.3756851 0.9527856 0.3011314 0.03898018 0.123835 0.3860385 0.914133 -0.3438021 0.9390258 0.005538463</float_array>
          <technique_common>
            <accessor source="#GanondorfNecklace_LOD2-mesh-normals-array" count="1897" stride="3">
              <param name="X" type="float"/>
              <param name="Y" type="float"/>
              <param name="Z" type="float"/>
            </accessor>
          </technique_common>
        </source>
        <source id="GanondorfNecklace_LOD2-mesh-map-0">
          <float_array id="GanondorfNecklace_LOD2-mesh-map-0-array" count="22272">0.8199433 0.7783257 0.8208611 0.7783257 0.8199058 0.7695537 0.8208879 0.803302 0.8208611 0.7783257 0.8199433 0.7783257 0.8208879 0.803302 0.8227369 0.803302 0.8208611 0.7783257 0.822553 0.8406834 0.8227369 0.803302 0.8208879 0.803302 0.822553 0.8406834 0.8252648 0.8406834 0.8227369 0.803302 0.824697 0.8847768 0.8252648 0.8406834 0.822553 0.8406834 0.824697 0.8847768 0.8280026 0.8847768 0.8252648 0.8406834 0.8270499 0.9288704 0.8280026 0.8847768 0.824697 0.8847768 0.8270499 0.9288704 0.8304366 0.9288704 0.8280026 0.8847768 0.8293253 0.9662517 0.8304366 0.9288704 0.8270499 0.9288704 0.8293253 0.9662517 0.8321264 0.9662517 0.8304366 0.9288704 0.8312283 0.9912281 0.8321264 0.9662517 0.8293253 0.9662517 0.8312283 0.9912281 0.8328178 0.9912281 0.8321264 0.9662517 0.8324729 1 0.8328178 0.9912281 0.8312283 0.9912281 0.1791388 0.7783257 0.1800566 0.7783257 0.1800941 0.7695537 0.1791388 0.7783257 0.179112 0.803302 0.1800566 0.7783257 0.177263 0.803302 0.179112 0.803302 0.1791388 0.7783257 0.177263 0.803302 0.177447 0.8406834 0.179112 0.803302 0.1747351 0.8406834 0.177447 0.8406834 0.177263 0.803302 0.1747351 0.8406834 0.1753029 0.8847768 0.177447 0.8406834 0.1719973 0.8847768 0.1753029 0.8847768 0.1747351 0.8406834 0.1719973 0.8847768 0.17295 0.9288704 0.1753029 0.8847768 0.1695634 0.9288704 0.17295 0.9288704 0.1719973 0.8847768 0.1695634 0.9288704 0.1706748 0.9662517 0.17295 0.9288704 0.1678736 0.9662517 0.1706748 0.9662517 0.1695634 0.9288704 0.1678736 0.9662517 0.1687717 0.9912281 0.1706748 0.9662517 0.1671822 0.9912281 0.1687717 0.9912281 0.1678736 0.9662517 0.1671822 0.9912281 0.1675271 1 0.1687717 0.9912281 0.1601946 0.8387938 0.1753029 0.8847768 0.17295 0.9288704 0.1580623 0.8781313 0.17295 0.9288704 0.1706748 0.9662517 0.1563606 0.9061926 0.1706748 0.9662517 0.1687717 0.9912281 0.1535782 0.9068441 0.1687717 0.9912281 0.1675271 1 0.1591495 0.911371 0.1671829 0.9912324 0.1678736 0.9662517 0.1610643 0.8765769 0.1678736 0.9662517 0.1695634 0.9288704 0.1772637 0.8033064 0.1657427 0.785946 0.1747351 0.8406834 0.1800566 0.7783257 0.1669584 0.6841589 0.1800941 0.7695537 0.179112 0.803302 0.1693986 0.7069719 0.1800566 0.7783257 0.177447 0.8406834 0.1684833 0.7302928 0.179112 0.803302 0.1657427 0.785946 0.1581867 0.800658 0.1719974 0.8847771 0.1446884 0.8450267 0.1535782 0.9068441 0.1671829 0.9912324 0.1451109 0.8223719 0.1671829 0.9912324 0.1591495 0.911371 0.1492661 0.8034765 0.1591495 0.911371 0.1610643 0.8765769 0.1581867 0.800658 0.1492661 0.8034765 0.1610643 0.8765769 0.1772637 0.8033064 0.1533926 0.7104511 0.1657427 0.785946 0.1791396 0.7783302 0.1536262 0.6572788 0.1772637 0.8033064 0.1669584 0.6841589 0.1554945 0.6289661 0.1791396 0.7783302 0.1472497 0.7336881 0.1492661 0.8034765 0.1581867 0.800658 0.1533926 0.7104511 0.1472497 0.7336881 0.1581867 0.800658 0.1684833 0.7302928 0.1541759 0.6053215 0.1693986 0.7069719 0.1643496 0.7490113 0.157455 0.6545941 0.1684833 0.7302928 0.1641998 0.8063325 0.1558741 0.6897247 0.1643496 0.7490113 0.1463276 0.7408863 0.1516114 0.7174037 0.1601946 0.8387938 0.1441543 0.7808157 0.1601946 0.8387938 0.1580623 0.8781313 0.1405932 0.7979087 0.1580623 0.8781313 0.1563606 0.9061926 0.1353775 0.7851709 0.1563606 0.9061926 0.1535782 0.9068441 0.1541759 0.6053215 0.1449154 0.5421493 0.1669584 0.6841589 0.1376001 0.7312316 0.1451109 0.8223719 0.1492661 0.8034765 0.1472497 0.7336881 0.1376001 0.7312316 0.1492661 0.8034765 0.1536262 0.6572788 0.140332 0.6310018 0.1533926 0.7104511 0.1558741 0.6897247 0.1464852 0.5801162 0.157455 0.6545941 0.1315978 0.7602096 0.1353775 0.7851709 0.1446884 0.8450267 0.1317054 0.7378527 0.1446884 0.8450267 0.1451109 0.8223719 0.1362505 0.6667771 0.1376001 0.7312316 0.1472497 0.7336881 0.140332 0.6310018 0.1362505 0.6667771 0.1472497 0.7336881 0.1554945 0.6289661 0.1397616 0.5724144 0.1536262 0.6572788 0.1449154 0.5421493 0.1365162 0.5115543 0.1554945 0.6289661 0.1382349 0.684469 0.140408 0.6393164 0.1463276 0.7408863 0.1359988 0.7244077 0.1463276 0.7408863 0.1441543 0.7808157 0.1464852 0.5801162 0.1437693 0.5367596 0.1541759 0.6053215 0.1260467 0.7005811 0.1359988 0.7244077 0.1405932 0.7979087 0.129917 0.6843301 0.1317054 0.7378527 0.1376001 0.7312316 0.1359988 0.7244077 0.1303372 0.6308597 0.1382349 0.684469 0.1260467 0.7005811 0.1280931 0.6711569 0.1359988 0.7244077 0.1293114 0.5656288 0.1362505 0.6667771 0.140332 0.6310018 0.1354398 0.4835056 0.1449154 0.5421493 0.1437693 0.5367596 0.1351928 0.5054963 0.1437693 0.5367596 0.1464852 0.5801162 0.1303372 0.6308597 0.1301463 0.5700054 0.140408 0.6393164 0.1315978 0.7602096 0.1182411 0.6749568 0.1353775 0.7851709 0.1317054 0.7378527 0.1216948 0.697955 0.1315978 0.7602096 0.129917 0.6843301 0.121731 0.6768248 0.1317054 0.7378527 0.1289106 0.6230133 0.1227159 0.6415721 0.129917 0.6843301 0.1292732 0.5102439 0.1293114 0.5656288 0.1397616 0.5724144 0.1301463 0.5700054 0.1393257 0.5758597 0.140408 0.6393164 0.1277619 0.4362952 0.1365162 0.5115543 0.1449154 0.5421493 0.1293658 0.5100502 0.1351928 0.5054963 0.1393257 0.5758597 0.1301463 0.5700054 0.1293658 0.5100502 0.1393257 0.5758597 0.1280931 0.6711569 0.1208865 0.5687282 0.1303372 0.6308597 0.1260467 0.7005811 0.118829 0.6107001 0.1280931 0.6711569 0.1193692 0.5088506 0.1218873 0.582357 0.1293114 0.5656288 0.1256948 0.4232074 0.1277619 0.4362952 0.1354398 0.4835056 0.12542 0.4434343 0.1354398 0.4835056 0.1351928 0.5054963 0.1123018 0.6410014 0.1182411 0.6749568 0.1216948 0.697955 0.1123521 0.6214641 0.1216948 0.697955 0.121731 0.6768248 0.1134553 0.5881239 0.121731 0.6768248 0.1227159 0.6415721 0.1365162 0.5115543 0.1193324 0.4534753 0.1292732 0.5102439 0.1277619 0.4362952 0.1168712 0.3970517 0.1365162 0.5115543 0.1111225 0.6056966 0.118829 0.6107001 0.1260467 0.7005811 0.1193692 0.5088506 0.1139439 0.537447 0.1218873 0.582357 0.1119979 0.5124581 0.1214981 0.5136287 0.1208865 0.5687282 0.1107583 0.5598183 0.1208865 0.5687282 0.118829 0.6107001 0.1193324 0.4534753 0.110018 0.4573993 0.1193692 0.5088506 0.1256948 0.4232074 0.1159305 0.367261 0.1277619 0.4362952 0.12542 0.4434343 0.1173938 0.3736203 0.1256948 0.4232074 0.1209508 0.4563052 0.1152257 0.3813657 0.12542 0.4434343 0.1038084 0.5874961 0.1111225 0.6056966 0.1182411 0.6749568 0.1029699 0.5867617 0.1182411 0.6749568 0.1123018 0.6410014 0.1055819 0.5827494 0.1123018 0.6410014 0.1123521 0.6214641 0.1045754 0.5388078 0.1123521 0.6214641 0.1134553 0.5881239 0.1139439 0.537447 0.1045754 0.5388078 0.1134553 0.5881239 0.110018 0.4573993 0.1061274 0.494827 0.1139439 0.537447 0.1168712 0.3970517 0.108501 0.3944585 0.1193324 0.4534753 0.1016823 0.5491064 0.1107583 0.5598183 0.1111225 0.6056966 0.09851729 0.5441215 0.1029699 0.5867617 0.1055819 0.5827494 0.1152257 0.3813657 0.107636 0.3183296 0.1173938 0.3736203 0.1071877 0.425219 0.1130127 0.407567 0.1144743 0.4693477 0.1035787 0.4617018 0.1071877 0.425219 0.1119979 0.5124581 0.1006467 0.499576 0.1035787 0.4617018 0.1119979 0.5124581 0.108501 0.3944585 0.09998327 0.4052486 0.110018 0.4573993 0.1159305 0.367261 0.1048108 0.3317534 0.1168712 0.3970517 0.107636 0.3183296 0.1052167 0.3086724 0.1159305 0.367261 0.0963971 0.4446735 0.1045754 0.5388078 0.1061274 0.494827 0.1065275 0.3310129 0.107636 0.3183296 0.1152257 0.3813657 0.1130127 0.407567 0.1065275 0.3310129 0.1152257 0.3813657 0.1071877 0.425219 0.1037397 0.3535692 0.1130127 0.407567 0.1029699 0.5867617 0.09258633 0.5250217 0.1038084 0.5874961 0.09851729 0.5441215 0.09444987 0.5399141 0.1029699 0.5867617 0.1035787 0.4617018 0.0989964 0.3783267 0.1071877 0.425219 0.09258633 0.5250217 0.09210532 0.495781 0.1016823 0.5491064 0.09681797 0.3350797 0.09998327 0.4052486 0.108501 0.3944585 0.0989964 0.3783267 0.1037397 0.3535692 0.1071877 0.425219 0.1006467 0.499576 0.09642881 0.4210122 0.1035787 0.4617018 0.09554445 0.4913942 0.08988356 0.499553 0.09851729 0.5441215 0.09982687 0.294464 0.107636 0.3183296 0.1065275 0.3310129 0.09399503 0.2780668 0.09681797 0.3350797 0.1048108 0.3317534 0.09618026 0.2579825 0.1052167 0.3086724 0.107636 0.3183296 0.09210532 0.495781 0.09027326 0.4420272 0.1006467 0.499576 0.08988356 0.499553 0.08676588 0.5003914 0.09444987 0.5399141 0.09681797 0.3350797 0.09022682 0.3580166 0.09998327 0.4052486 0.09305679 0.2474089 0.09399503 0.2780668 0.1052167 0.3086724 0.08738768 0.4012901 0.08792954 0.4538529 0.0963971 0.4446735 0.0876041 0.3739801 0.0989964 0.3783267 0.09642881 0.4210122 0.09027326 0.4420272 0.0876041 0.3739801 0.09642881 0.4210122 0.09153074 0.3379205 0.09538733 0.3079211 0.0989964 0.3783267 0.08199286 0.4707496 0.09210532 0.495781 0.09258633 0.5250217 0.08205944 0.4617091 0.08676588 0.5003914 0.08988356 0.499553 0.08480268 0.2794895 0.09022682 0.3580166 0.09681797 0.3350797 0.09399503 0.2780668 0.08480268 0.2794895 0.09681797 0.3350797 0.08174812 0.4423347 0.09027326 0.4420272 0.09210532 0.495781 0.08200961 0.4262539 0.08205944 0.4617091 0.08792954 0.4538529 0.08738768 0.4012901 0.08200961 0.4262539 0.08792954 0.4538529 0.08737087 0.2669985 0.09250873 0.2565653 0.09538733 0.3079211 0.07975357 0.388873 0.0876041 0.3739801 0.09027326 0.4420272 0.08174812 0.4423347 0.07975357 0.388873 0.09027326 0.4420272 0.07813435 0.4589472 0.08199286 0.4707496 0.08676588 0.5003914 0.08205944 0.4617091 0.07813435 0.4589472 0.08676588 0.5003914 0.0815379 0.3190522 0.08738768 0.4012901 0.09022682 0.3580166 0.08480268 0.2794895 0.0815379 0.3190522 0.09022682 0.3580166 0.08124184 0.2203984 0.08480268 0.2794895 0.09399503 0.2780668 0.09305679 0.2474089 0.08124184 0.2203984 0.09399503 0.2780668 0.08737087 0.2669985 0.08337455 0.2126028 0.09250873 0.2565653 0.07509934 0.3960123 0.08205944 0.4617091 0.08200961 0.4262539 0.08345592 0.1973125 0.07961064 0.1866008 0.09305679 0.2474089 0.07767075 0.3251098 0.08341145 0.2970336 0.0876041 0.3739801 0.07206624 0.4248078 0.08174812 0.4423347 0.08199286 0.4707496 0.0815379 0.3190522 0.07363587 0.3414313 0.08039242 0.3698484 0.08341145 0.2970336 0.07743161 0.220315 0.08737087 0.2669985 0.06808036 0.4151329 0.07206624 0.4248078 0.07813435 0.4589472 0.07172191 0.2788597 0.07363587 0.3414313 0.0815379 0.3190522 0.08480268 0.2794895 0.07172191 0.2788597 0.0815379 0.3190522 0.07463192 0.2560448 0.07743161 0.220315 0.08341145 0.2970336 0.07363587 0.3414313 0.06833577 0.3683198 0.07509934 0.3960123 0.06764626 0.3178989 0.06833577 0.3683198 0.07363587 0.3414313 0.06561654 0.1595714 0.07119983 0.2235898 0.08124184 0.2203984 0.07411009 0.1716048 0.07182174 0.1477105 0.08345592 0.1973125 0.06833577 0.3683198 0.06279247 0.380347 0.07278949 0.420519 0.06898349 0.2864129 0.06829613 0.2289144 0.07463192 0.2560448 0.07206624 0.4248078 0.05932354 0.3451403 0.07210117 0.3972419 0.06808036 0.4151329 0.06031286 0.3767299 0.07206624 0.4248078 0.06157702 0.3430088 0.06279247 0.380347 0.06833577 0.3683198 0.06777095 0.1392863 0.06561654 0.1595714 0.07961064 0.1866008 0.07182174 0.1477105 0.06777095 0.1392863 0.07961064 0.1866008 0.07463192 0.2560448 0.06854957 0.1824452 0.07743161 0.220315 0.07172191 0.2788597 0.06167405 0.2961847 0.06764626 0.3178989 0.07119983 0.2235898 0.06114113 0.2403036 0.07172191 0.2788597 0.06004804 0.3037686 0.06898349 0.2864129 0.06931984 0.3411309 0.05829292 0.377133 0.06031286 0.3767299 0.06808036 0.4151329 0.06279247 0.380347 0.05829292 0.377133 0.06808036 0.4151329 0.06037062 0.2520392 0.06829613 0.2289144 0.06898349 0.2864129 0.06004804 0.3037686 0.06037062 0.2520392 0.06898349 0.2864129 0.06561654 0.1595714 0.05913585 0.1807385 0.07119983 0.2235898 0.0677703 0.1459848 0.06270682 0.1135267 0.07182174 0.1477105 0.06300109 0.1608422 0.0677703 0.1459848 0.06854957 0.1824452 0.06203746 0.2042697 0.06300109 0.1608422 0.06854957 0.1824452 0.0548247 0.3198211 0.0544005 0.3506432 0.06157702 0.3430088 0.05404311 0.2710043 0.06157702 0.3430088 0.06167405 0.2961847 0.06270682 0.1135267 0.05661821 0.1012409 0.06777095 0.1392863 0.04865878 0.3364617 0.05932354 0.3451403 0.06031286 0.3767299 0.05084753 0.351742 0.06031286 0.3767299 0.05829292 0.377133 0.0544005 0.3506432 0.05084753 0.351742 0.05829292 0.377133 0.05913585 0.1807385 0.05097699 0.2083737 0.06114113 0.2403036 0.05594593 0.1822528 0.05745321 0.1410402 0.06203746 0.2042697 0.05328017 0.2266967 0.05594593 0.1822528 0.06037062 0.2520392 0.04887914 0.2651748 0.06037062 0.2520392 0.06004804 0.3037686 0.06044191 0.1190678 0.0517835 0.07827526 0.06270682 0.1135267 0.04865878 0.3364617 0.04356354 0.2932947 0.05932354 0.3451403 0.04715067 0.3279968 0.05084753 0.351742 0.0544005 0.3506432 0.04967856 0.1521683 0.05097699 0.2083737 0.05913585 0.1807385 0.04864859 0.1061031 0.04967856 0.1521683 0.05913585 0.1807385 0.05328017 0.2266967 0.04896247 0.1597425 0.05594593 0.1822528 0.05097699 0.2083737 0.04465961 0.2441787 0.05404311 0.2710043 0.05594593 0.1822528 0.04947543 0.1154846 0.05745321 0.1410402 0.04702603 0.2069149 0.04896247 0.1597425 0.05328017 0.2266967 0.04318904 0.3290352 0.04865878 0.3364617 0.05084753 0.351742 0.04715067 0.3279968 0.04318904 0.3290352 0.05084753 0.351742 0.04728668 0.2970377 0.04141473 0.3121909 0.04715067 0.3279968 0.0424602 0.1855916 0.04465961 0.2441787 0.05097699 0.2083737 0.04967856 0.1521683 0.0424602 0.1855916 0.05097699 0.2083737 0.04347729 0.06756651 0.0517835 0.07827526 0.05237907 0.09252285 0.04318904 0.3290352 0.03704595 0.3043581 0.04865878 0.3364617 0.03999471 0.2776599 0.04141473 0.3121909 0.04728668 0.2970377 0.04259681 0.1337177 0.0424602 0.1855916 0.04967856 0.1521683 0.04864859 0.1061031 0.04259681 0.1337177 0.04967856 0.1521683 0.04702603 0.2069149 0.04261624 0.1414917 0.04896247 0.1597425 0.03695428 0.2320792 0.04702603 0.2069149 0.04887914 0.2651748 0.04347729 0.06756651 0.0409643 0.04924565 0.0517835 0.07827526 0.04061269 0.09123778 0.04347729 0.06756651 0.04947543 0.1154846 0.04261624 0.1414917 0.04947543 0.1154846 0.04896247 0.1597425 0.03496873 0.2968642 0.04318904 0.3290352 0.04141473 0.3121909 0.03425616 0.2647081 0.03496873 0.2968642 0.03999471 0.2776599 0.03379541 0.1666805 0.03619366 0.2238703 0.0424602 0.1855916 0.03567481 0.1184664 0.0424602 0.1855916 0.04259681 0.1337177 0.0362305 0.07614755 0.04259681 0.1337177 0.04864859 0.1061031 0.02787089 0.2564901 0.03695428 0.2320792 0.04356354 0.2932947 0.04061269 0.09123778 0.03341847 0.04448962 0.04347729 0.06756651 0.0296095 0.03538542 0.0362305 0.07614755 0.04280573 0.06277441 0.03277856 0.03164893 0.04280573 0.06277441 0.0409643 0.04924565 0.03341847 0.04448962 0.03277856 0.03164893 0.0409643 0.04924565 0.03425014 0.07649481 0.03341847 0.04448962 0.04061269 0.09123778 0.03702962 0.1276329 0.03425014 0.07649481 0.04061269 0.09123778 0.02713823 0.2833202 0.02787089 0.2564901 0.03704595 0.3043581 0.02835494 0.2835341 0.03251951 0.3033718 0.03496873 0.2968642 0.03425616 0.2647081 0.02835494 0.2835341 0.03496873 0.2968642 0.02795302 0.2082465 0.02783769 0.2524551 0.03425616 0.2647081 0.02738702 0.2116831 0.03288888 0.1707493 0.03695428 0.2320792 0.02787089 0.2564901 0.02738702 0.2116831 0.03695428 0.2320792 0.02683508 0.1026843 0.03379541 0.1666805 0.03567481 0.1184664 0.0362305 0.07614755 0.02683508 0.1026843 0.03567481 0.1184664 0.0296095 0.03538542 0.02382415 0.05529344 0.0362305 0.07614755 0.03084474 0.1143373 0.02787655 0.06447774 0.03425014 0.07649481 0.02683508 0.1026843 0.02447032 0.1507687 0.03379541 0.1666805 0.02192485 0.2844192 0.02713823 0.2833202 0.03251951 0.3033718 0.02835494 0.2835341 0.02192485 0.2844192 0.03251951 0.3033718 0.03341847 0.04448962 0.02347415 0.01650756 0.03277856 0.03164893 0.02046674 0.2415037 0.02243036 0.2740075 0.02783769 0.2524551 0.02795302 0.2082465 0.02046674 0.2415037 0.02783769 0.2524551 0.02787089 0.2564901 0.02049964 0.2007976 0.02738702 0.2116831 0.01723992 0.2690026 0.02787089 0.2564901 0.02713823 0.2833202 0.02192485 0.2844192 0.01723992 0.2690026 0.02713823 0.2833202 0.02447032 0.1507687 0.01912361 0.1956813 0.02795302 0.2082465 0.01822042 0.1465222 0.02485293 0.1038089 0.02604937 0.1577028 0.02382415 0.05529344 0.01727092 0.09059202 0.02683508 0.1026843 0.02347415 0.01650756 0.01911216 0.02050143 0.0296095 0.03538542 0.02067822 0.05353748 0.02433818 0.02874267 0.02787655 0.06447774 0.01822042 0.1465222 0.01800161 0.09447425 0.02485293 0.1038089 0.01591402 0.2386959 0.02049964 0.2007976 0.02787089 0.2564901 0.01855844 0.1431643 0.01912361 0.1956813 0.02447032 0.1507687 0.01800161 0.09447425 0.02067822 0.05353748 0.02485293 0.1038089 0.02067822 0.05353748 0.01713001 0.01962101 0.02433818 0.02874267 0.01195013 0.1917875 0.01822042 0.1465222 0.02049964 0.2007976 0.01912361 0.1956813 0.01303553 0.2336912 0.02046674 0.2415037 0.01727092 0.09059202 0.01264363 0.137875 0.01855844 0.1431643 0.01437455 0.04673272 0.01713001 0.01962101 0.02067822 0.05353748 0.009900569 0.1876873 0.01303553 0.2336912 0.01912361 0.1956813 0.01264363 0.137875 0.009900569 0.1876873 0.01912361 0.1956813 0.01085096 0.04208219 0.01727092 0.09059202 0.02382415 0.05529344 0.01822042 0.1465222 0.0125004 0.08902335 0.01800161 0.09447425 0.01303553 0.2336912 0.008956253 0.2605309 0.01607555 0.2661826 0.01427763 0.006114542 0.007440268 0.01182729 0.01911216 0.02050143 0.0125004 0.08902335 0.01437455 0.04673272 0.01800161 0.09447425 0.01723992 0.2690026 0.005596041 0.2314574 0.01591402 0.2386959 0.008581161 0.08395886 0.01264363 0.137875 0.01727092 0.09059202 0.005860447 0.2697868 0.005464971 0.2600824 0.01380103 0.2748926 0.008956253 0.2605309 0.005860447 0.2697868 0.01380103 0.2748926 0.009900569 0.1876873 0.006501376 0.2297052 0.01303553 0.2336912 0.006326198 0.001347661 0.007440268 0.01182729 0.01427763 0.006114542 0.008929133 0.04268544 0.01075541 0.0142951 0.01437455 0.04673272 0.006208717 0.08543682 0.01437455 0.04673272 0.0125004 0.08902335 0.1831825 0.1335737 0.009900569 0.1876873 0.01264363 0.137875 0.005596041 0.2314574 0.1853462 0.187161 0.01195013 0.1917875 0.008929133 0.04268544 0.217378 0.01110011 0.01075541 0.0142951 0.006501376 0.2297052 0.5155736 0.25804 0.008956253 0.2605309 0.657243 0.03925794 0.008581161 0.08395886 0.01085096 0.04208219 0.007440268 0.01182729 0.657243 0.03925794 0.01085096 0.04208219 0.1853462 0.187161 0.6571707 0.1358564 0.008534371 0.1381347 0.6564668 0.2286043 0.5155736 0.25804 0.006501376 0.2297052 0.6571707 0.1358564 0.6860936 0.0840969 0.006208717 0.08543682 0.5155736 0.25804 0.81423 0.2691029 0.005860447 0.2697868 0.217378 0.01110011 0.8112927 5.98184e-4 0.006326198 0.001347661 0.005464971 0.2600824 0.9941493 0.231532 0.005596041 0.2314574 0.8112927 5.98184e-4 0.9948884 0.01075291 0.007440268 0.01182729 0.6860936 0.0840969 0.9972181 0.0404855 0.003461778 0.04066812 0.995939 0.1873608 0.6571707 0.1358564 0.1853462 0.187161 0.9941493 0.231532 0.995939 0.1873608 0.1853462 0.187161 0.1831825 0.1335737 0.995864 0.1850342 0.2660819 0.1846221 0.63368 0.08222818 0.9949451 0.1338449 0.1831825 0.1335737 0.9945639 0.01169049 0.8112927 5.98184e-4 0.217378 0.01110011 0.9887356 0.1398198 0.9936476 0.0853545 0.6571707 0.1358564 0.9883092 0.1915698 0.6571707 0.1358564 0.995939 0.1873608 0.9941493 0.231532 0.9883092 0.1915698 0.995939 0.1873608 0.995864 0.1850342 0.9894568 0.2319198 0.6564668 0.2286043 0.9949451 0.1338449 0.9900981 0.187534 0.995864 0.1850342 0.9887356 0.1398198 0.9875752 0.0890631 0.9936476 0.0853545 0.81423 0.2691029 0.9868459 0.2647782 0.9958876 0.2594606 0.9865129 0.1386116 0.9900981 0.187534 0.9949451 0.1338449 0.9871913 0.08664125 0.9949451 0.1338449 0.63368 0.08222818 0.9857302 0.006280899 0.9948884 0.01075291 0.8112927 5.98184e-4 0.9945639 0.01169049 0.9857302 0.006280899 0.8112927 5.98184e-4 0.9899749 0.04349899 0.9864935 0.01639533 0.9945639 0.01169049 0.9948884 0.01075291 0.9829563 0.04714798 0.657243 0.03925794 0.9857302 0.006280899 0.9850219 0.01642322 0.9948884 0.01075291 0.9841043 0.2386722 0.9883092 0.1915698 0.9941493 0.231532 0.9868459 0.2647782 0.9841043 0.2386722 0.9941493 0.231532 0.9894568 0.2319198 0.9853645 0.2647739 0.9918305 0.2600291 0.9844382 0.191848 0.9894568 0.2319198 0.9900981 0.187534 0.9875752 0.0890631 0.9811142 0.05146735 0.9899749 0.04349899 0.9790781 0.150054 0.9875752 0.0890631 0.9887356 0.1398198 0.9815735 0.2797933 0.9868459 0.2647782 0.9886403 0.2728191 0.9853645 0.2647739 0.9815735 0.2797933 0.9886403 0.2728191 0.9844382 0.191848 0.9821247 0.2383508 0.9894568 0.2319198 0.9813619 0.09516662 0.9811142 0.05146735 0.9875752 0.0890631 0.9769992 0.2046723 0.9790781 0.150054 0.9883092 0.1915698 0.9841043 0.2386722 0.9769992 0.2046723 0.9883092 0.1915698 0.9775426 0.09655886 0.9865129 0.1386116 0.9871913 0.08664125 0.9811142 0.05146735 0.9791734 0.02385246 0.9864935 0.01639533 0.9728845 0.2839476 0.9841043 0.2386722 0.9868459 0.2647782 0.9786337 0.1983658 0.9821247 0.2383508 0.9844382 0.191848 0.9865129 0.1386116 0.9786337 0.1983658 0.9844382 0.191848 0.9775426 0.09655886 0.977155 0.1485175 0.9865129 0.1386116 0.9739873 0.02968758 0.9829563 0.04714798 0.9850219 0.01642322 0.9857302 0.006280899 0.9739873 0.02968758 0.9850219 0.01642322 0.9791734 0.02385246 0.973991 0.02026998 0.9857302 0.006280899 0.9790781 0.150054 0.9751482 0.1038168 0.9813619 0.09516662 0.9786337 0.1983658 0.9746615 0.2484218 0.9821247 0.2383508 0.9739873 0.02968758 0.970588 0.06358885 0.9829563 0.04714798 0.9729463 0.03286921 0.973991 0.02026998 0.9791734 0.02385246 0.973022 0.06287872 0.9791734 0.02385246 0.9811142 0.05146735 0.9723668 0.2937089 0.9728845 0.2839476 0.9815735 0.2797933 0.9765323 0.275729 0.9723668 0.2937089 0.9815735 0.2797933 0.9769992 0.2046723 0.96855 0.1679284 0.9790781 0.150054 0.9728438 0.2067564 0.9746615 0.2484218 0.9786337 0.1983658 0.9775426 0.09655886 0.9678369 0.1635528 0.977155 0.1485175 0.970588 0.06358885 0.9687412 0.1099743 0.9775426 0.09655886 0.968198 0.116289 0.973022 0.06287872 0.9751482 0.1038168 0.9740566 0.252791 0.9648309 0.2278872 0.9769992 0.2046723 0.9657295 0.04613387 0.973991 0.02026998 0.9729463 0.03286921 0.973022 0.06287872 0.9657295 0.04613387 0.9729463 0.03286921 0.968198 0.116289 0.9667142 0.07453888 0.973022 0.06287872 0.966915 0.2928377 0.9723668 0.2937089 0.9765323 0.275729 0.9746615 0.2484218 0.966915 0.2928377 0.9765323 0.275729 0.9671384 0.2170329 0.9746615 0.2484218 0.9728438 0.2067564 0.9678369 0.1635528 0.9671384 0.2170329 0.9728438 0.2067564 0.9611201 0.05355978 0.970588 0.06358885 0.9739873 0.02968758 0.9638388 0.03844577 0.9739873 0.02968758 0.973991 0.02026998 0.9657295 0.04613387 0.9638388 0.03844577 0.973991 0.02026998 0.9617406 0.2789353 0.9648309 0.2278872 0.9740566 0.252791 0.9728845 0.2839476 0.9617406 0.2789353 0.9740566 0.252791 0.96855 0.1679284 0.9619331 0.1300297 0.968198 0.116289 0.970588 0.06358885 0.9601873 0.1274095 0.9687412 0.1099743 0.9611201 0.05355978 0.9581713 0.08863645 0.970588 0.06358885 0.9595019 0.09096258 0.9657295 0.04613387 0.9667142 0.07453888 0.9619331 0.1300297 0.9667142 0.07453888 0.968198 0.116289 0.9648309 0.2278872 0.9581422 0.1924291 0.96855 0.1679284 0.9595019 0.09096258 0.958329 0.06286334 0.9657295 0.04613387 0.9633653 0.3122875 0.958246 0.3163832 0.9728845 0.2839476 0.9617415 0.273526 0.966915 0.2928377 0.967249 0.2616156 0.9594998 0.2337014 0.967249 0.2616156 0.9671384 0.2170329 0.9678369 0.1635528 0.9594998 0.2337014 0.9671384 0.2170329 0.9601873 0.1274095 0.9593839 0.1811907 0.9678369 0.1635528 0.9536613 0.06296926 0.9611201 0.05355978 0.9638388 0.03844577 0.9617415 0.273526 0.958588 0.3122952 0.966915 0.2928377 0.9564982 0.1439141 0.9595019 0.09096258 0.9619331 0.1300297 0.9617406 0.2789353 0.953048 0.2592225 0.9648309 0.2278872 0.9535377 0.3385209 0.958246 0.3163832 0.9633653 0.3122875 0.958588 0.3122952 0.9535377 0.3385209 0.9633653 0.3122875 0.9544743 0.2921314 0.958588 0.3122952 0.9617415 0.273526 0.9594998 0.2337014 0.9544743 0.2921314 0.9617415 0.273526 0.9519781 0.07962822 0.9536613 0.06296926 0.958329 0.06286334 0.9523178 0.1100912 0.958329 0.06286334 0.9595019 0.09096258 0.9581422 0.1924291 0.9504143 0.1615813 0.9564982 0.1439141 0.9534027 0.1960762 0.9594998 0.2337014 0.9593839 0.1811907 0.9505305 0.1515985 0.9593839 0.1811907 0.9601873 0.1274095 0.9485322 0.2208332 0.9504143 0.1615813 0.9581422 0.1924291 0.9488387 0.3162165 0.953048 0.2592225 0.9617406 0.2789353 0.9534027 0.1960762 0.9526861 0.2511364 0.9594998 0.2337014 0.9470046 0.09033745 0.9439363 0.1276522 0.9581713 0.08863645 0.9494114 0.338482 0.9535377 0.3385209 0.958588 0.3122952 0.9523178 0.1100912 0.9456287 0.09874737 0.9519781 0.07962822 0.9504143 0.1615813 0.9461728 0.128953 0.9523178 0.1100912 0.9535377 0.3385209 0.9474424 0.3489952 0.958246 0.3163832 0.9505305 0.1515985 0.9473425 0.2131734 0.9534027 0.1960762 0.9427164 0.09516882 0.9470046 0.09033745 0.9536613 0.06296926 0.9485322 0.2208332 0.9434247 0.1844732 0.9504143 0.1615813 0.946939 0.2679117 0.9544743 0.2921314 0.9526861 0.2511364 0.9434247 0.1844732 0.9461728 0.128953 0.9504143 0.1615813 0.9429249 0.2926862 0.9485322 0.2208332 0.953048 0.2592225 0.9488387 0.3162165 0.9429249 0.2926862 0.953048 0.2592225 0.9468255 0.3145383 0.9494114 0.338482 0.9544743 0.2921314 0.946939 0.2679117 0.9468255 0.3145383 0.9544743 0.2921314 0.9429249 0.2926862 0.9406524 0.2481504 0.9485322 0.2208332 0.9393625 0.1196429 0.9427164 0.09516882 0.9456287 0.09874737 0.9406679 0.1475071 0.9456287 0.09874737 0.9461728 0.128953 0.9434247 0.1844732 0.9406679 0.1475071 0.9461728 0.128953 0.9397879 0.1843571 0.9413174 0.2319476 0.9473425 0.2131734 0.9406524 0.2481504 0.9378291 0.2046921 0.9434247 0.1844732 0.9474424 0.3489952 0.9358834 0.3636406 0.9488387 0.3162165 0.9400736 0.3371471 0.9494114 0.338482 0.9468255 0.3145383 0.9392864 0.2929066 0.9468255 0.3145383 0.946939 0.2679117 0.9413174 0.2319476 0.9392864 0.2929066 0.946939 0.2679117 0.9427164 0.09516882 0.9352099 0.1284134 0.9470046 0.09033745 0.9341816 0.1717255 0.9393625 0.1196429 0.9406679 0.1475071 0.9378291 0.2046921 0.9406679 0.1475071 0.9434247 0.1844732 0.9444353 0.3674303 0.9365951 0.3886597 0.9474424 0.3489952 0.9331783 0.1423775 0.9329127 0.1295073 0.9393625 0.1196429 0.9341816 0.1717255 0.9331783 0.1423775 0.9393625 0.1196429 0.9345719 0.2716316 0.9378291 0.2046921 0.9406524 0.2481504 0.9351525 0.3224264 0.9406524 0.2481504 0.9429249 0.2926862 0.9358834 0.3636406 0.9351525 0.3224264 0.9429249 0.2926862 0.9369726 0.3948408 0.9365951 0.3886597 0.9444353 0.3674303 0.9403585 0.3687525 0.9369726 0.3948408 0.9444353 0.3674303 0.9397879 0.1843571 0.9345607 0.2552544 0.9413174 0.2319476 0.9352099 0.1284134 0.9298676 0.1757386 0.9439363 0.1276522 0.9234294 0.1739747 0.9298676 0.1757386 0.9352099 0.1284134 0.9275751 0.301279 0.9314683 0.2299826 0.9345719 0.2716316 0.9400736 0.3371471 0.9337894 0.3933888 0.9403585 0.3687525 0.9392864 0.2929066 0.9309881 0.3711285 0.9400736 0.3371471 0.9345607 0.2552544 0.9323555 0.3178876 0.9392864 0.2929066 0.9267693 0.1678938 0.9329127 0.1295073 0.9331783 0.1423775 0.9341816 0.1717255 0.9267693 0.1678938 0.9331783 0.1423775 0.9282527 0.3516479 0.9275751 0.301279 0.9351525 0.3224264 0.9358834 0.3636406 0.9282527 0.3516479 0.9351525 0.3224264 0.9210563 0.1773729 0.9234294 0.1739747 0.9329127 0.1295073 0.9267693 0.1678938 0.9210563 0.1773729 0.9329127 0.1295073 0.9259004 0.288158 0.9323555 0.3178876 0.9345607 0.2552544 0.9267303 0.2315736 0.9259004 0.288158 0.9345607 0.2552544 0.9243809 0.2604078 0.9259298 0.2054345 0.9314683 0.2299826 0.9365951 0.3886597 0.9239704 0.4150757 0.9358834 0.3636406 0.9258609 0.4411177 0.9220392 0.4519232 0.9365951 0.3886597 0.9277899 0.4178932 0.9258609 0.4411177 0.9337894 0.3933888 0.9255089 0.3449703 0.9309881 0.3711285 0.9323555 0.3178876 0.9201651 0.1963839 0.9210563 0.1773729 0.9267693 0.1678938 0.9259298 0.2054345 0.9201651 0.1963839 0.9267693 0.1678938 0.9184083 0.2218144 0.9267303 0.2315736 0.9298676 0.1757386 0.918722 0.3422787 0.9243809 0.2604078 0.9275751 0.301279 0.9202845 0.388535 0.9275751 0.301279 0.9282527 0.3516479 0.9239704 0.4150757 0.9202845 0.388535 0.9282527 0.3516479 0.9232969 0.402783 0.9277899 0.4178932 0.9309881 0.3711285 0.9255089 0.3449703 0.9232969 0.402783 0.9309881 0.3711285 0.9178416 0.3216905 0.9255089 0.3449703 0.9259004 0.288158 0.9144415 0.282743 0.9259004 0.288158 0.9267303 0.2315736 0.9178416 0.3216905 0.9169982 0.3813859 0.9255089 0.3449703 0.9210563 0.1773729 0.9106164 0.2299116 0.9234294 0.1739747 0.9118447 0.2708306 0.9126936 0.2309961 0.9189593 0.2366156 0.9188912 0.2857861 0.9118447 0.2708306 0.9189593 0.2366156 0.9169982 0.3813859 0.9162666 0.4342173 0.9232969 0.402783 0.9202845 0.388535 0.9107808 0.3822245 0.918722 0.3422787 0.914812 0.4594944 0.9098086 0.4417228 0.9202845 0.388535 0.9083973 0.2666297 0.9144415 0.282743 0.9184083 0.2218144 0.9144415 0.282743 0.9107682 0.3533629 0.9178416 0.3216905 0.9045676 0.2714978 0.9089036 0.232865 0.9126936 0.2309961 0.9107808 0.3822245 0.9056925 0.352672 0.9127089 0.3161457 0.9127089 0.3161457 0.9053774 0.3038566 0.9118447 0.2708306 0.9083862 0.4212532 0.9162666 0.4342173 0.9169982 0.3813859 0.9107682 0.3533629 0.9083862 0.4212532 0.9169982 0.3813859 0.905411 0.3242418 0.9107682 0.3533629 0.9144415 0.282743 0.8974999 0.2946956 0.9083973 0.2666297 0.9106164 0.2299116 0.9046416 0.415076 0.9056925 0.352672 0.9107808 0.3822245 0.903417 0.5204177 0.9098086 0.4417228 0.914812 0.4594944 0.9056192 0.5347898 0.903417 0.5204177 0.914812 0.4594944 0.9162666 0.4342173 0.9085536 0.5073944 0.9185624 0.4589725 0.896752 0.2946754 0.8974999 0.2946956 0.9089036 0.232865 0.9027293 0.3917236 0.9083862 0.4212532 0.9107682 0.3533629 0.8963034 0.3262286 0.905411 0.3242418 0.9083973 0.2666297 0.9056925 0.352672 0.8997957 0.3338247 0.9053774 0.3038566 0.8962792 0.3155034 0.896752 0.2946754 0.9045676 0.2714978 0.8993663 0.3873877 0.8997957 0.3338247 0.9056925 0.352672 0.8983561 0.4504705 0.8993663 0.3873877 0.9046416 0.415076 0.9002336 0.4943405 0.9046416 0.415076 0.9098086 0.4417228 0.8962391 0.3697216 0.9027293 0.3917236 0.905411 0.3242418 0.9011628 0.4567884 0.9075699 0.4757854 0.9083862 0.4212532 0.9027293 0.3917236 0.9011628 0.4567884 0.9083862 0.4212532 0.8988005 0.5768029 0.9056192 0.5347898 0.907227 0.5310721 0.8999127 0.5525614 0.907227 0.5310721 0.9085536 0.5073944 0.9075699 0.4757854 0.8999127 0.5525614 0.9085536 0.5073944 0.9011628 0.4567884 0.897995 0.5250467 0.9075699 0.4757854 0.892967 0.424309 0.8942391 0.3649304 0.8993663 0.3873877 0.8928182 0.4423348 0.9011628 0.4567884 0.9027293 0.3917236 0.8942391 0.3649304 0.8897786 0.3519671 0.8962792 0.3155034 0.8900864 0.4996461 0.892967 0.424309 0.8983561 0.4504705 0.8920102 0.5429127 0.8983561 0.4504705 0.9002336 0.4943405 0.8928182 0.4423348 0.894793 0.4898808 0.9011628 0.4567884 0.8879403 0.4018018 0.8897786 0.3519671 0.8942391 0.3649304 0.9056192 0.5347898 0.8917123 0.5883181 0.903417 0.5204177 0.8988005 0.5768029 0.8919087 0.6128048 0.9056192 0.5347898 0.8853449 0.360021 0.8963034 0.3262286 0.8974999 0.2946956 0.8855118 0.3568016 0.8853449 0.360021 0.8974999 0.2946956 0.8900864 0.4996461 0.8864768 0.4634348 0.892967 0.424309 0.8868393 0.4193276 0.8928182 0.4423348 0.8962391 0.3697216 0.8830611 0.3972886 0.8962391 0.3697216 0.8963034 0.3262286 0.8828992 0.3924523 0.8855118 0.3568016 0.8897786 0.3519671 0.897995 0.5250467 0.8906693 0.6040772 0.8999127 0.5525614 0.8906693 0.6040772 0.8896936 0.6291561 0.8988005 0.5768029 0.8850696 0.5430656 0.897995 0.5250467 0.894793 0.4898808 0.8801448 0.4494795 0.8828992 0.3924523 0.8879403 0.4018018 0.8864768 0.4634348 0.8801448 0.4494795 0.8879403 0.4018018 0.8900864 0.4996461 0.8794636 0.5075125 0.8864768 0.4634348 0.8920102 0.5429127 0.8812319 0.5550956 0.8900864 0.4996461 0.8917123 0.5883181 0.8833442 0.5968104 0.8920102 0.5429127 0.8828955 0.4961812 0.8850696 0.5430656 0.8928182 0.4423348 0.8734481 0.429149 0.8830611 0.3972886 0.8853449 0.360021 0.872876 0.4320854 0.8853449 0.360021 0.8855118 0.3568016 0.8794636 0.5075125 0.8801448 0.4494795 0.8864768 0.4634348 0.8919087 0.6128048 0.8805959 0.6576295 0.8917123 0.5883181 0.8782902 0.46688 0.8828955 0.4961812 0.8868393 0.4193276 0.8745816 0.4434241 0.872876 0.4320854 0.8828992 0.3924523 0.8896936 0.6291561 0.8798341 0.6867607 0.8919087 0.6128048 0.8906693 0.6040772 0.8806695 0.6834493 0.8896936 0.6291561 0.8877443 0.5813601 0.8806402 0.6626661 0.8906693 0.6040772 0.8658869 0.4970849 0.8782902 0.46688 0.8830611 0.3972886 0.8706325 0.5100626 0.8745816 0.4434241 0.8801448 0.4494795 0.8794636 0.5075125 0.8706325 0.5100626 0.8801448 0.4494795 0.871977 0.6154392 0.8794636 0.5075125 0.8812319 0.5550956 0.8742458 0.6556956 0.8812319 0.5550956 0.8833442 0.5968104 0.8805959 0.6576295 0.8742458 0.6556956 0.8833442 0.5968104 0.877405 0.6408688 0.8806402 0.6626661 0.8877443 0.5813601 0.8850696 0.5430656 0.877405 0.6408688 0.8877443 0.5813601 0.8731375 0.5514583 0.8850696 0.5430656 0.8828955 0.4961812 0.8697314 0.5708131 0.8706325 0.5100626 0.8794636 0.5075125 0.8731375 0.5514583 0.8731102 0.611258 0.8850696 0.5430656 0.8658869 0.4970849 0.8681584 0.5252401 0.8782902 0.46688 0.8706325 0.5100626 0.8661648 0.4966921 0.8745816 0.4434241 0.8701106 0.7256454 0.8742458 0.6556956 0.8805959 0.6576295 0.8660854 0.775578 0.8805959 0.6576295 0.8798341 0.6867607 0.8711561 0.7426638 0.8798341 0.6867607 0.8806695 0.6834493 0.87106 0.7207071 0.8806695 0.6834493 0.8806402 0.6626661 0.872876 0.4320854 0.8551014 0.542043 0.8734481 0.429149 0.8661648 0.4966921 0.8591114 0.5182261 0.872876 0.4320854 0.8617267 0.6848298 0.8697314 0.5708131 0.871977 0.6154392 0.8639606 0.7247793 0.871977 0.6154392 0.8742458 0.6556956 0.8669878 0.7031752 0.87106 0.7207071 0.877405 0.6408688 0.8681584 0.5252401 0.8627621 0.6124194 0.8731375 0.5514583 0.8619136 0.5674777 0.8581168 0.5493101 0.8661648 0.4966921 0.8627621 0.6124194 0.861959 0.6776278 0.8731102 0.611258 0.8658869 0.4970849 0.8571025 0.5914252 0.8681584 0.5252401 0.8660854 0.775578 0.8594076 0.7979052 0.8701106 0.7256454 0.8593395 0.6410611 0.8549002 0.61505 0.8619136 0.5674777 0.87106 0.7207071 0.860764 0.8094911 0.8711561 0.7426638 0.8669878 0.7031752 0.8621256 0.7764959 0.87106 0.7207071 0.846622 0.6156759 0.8571025 0.5914252 0.8658869 0.4970849 0.847667 0.5930573 0.8551014 0.542043 0.8591114 0.5182261 0.8482841 0.6154498 0.8591114 0.5182261 0.8581168 0.5493101 0.8617267 0.6848298 0.8463559 0.7317504 0.8593395 0.6410611 0.8639606 0.7247793 0.8518854 0.7534294 0.8617267 0.6848298 0.8594076 0.7979052 0.8541058 0.7929294 0.8639606 0.7247793 0.8488219 0.696924 0.861959 0.6776278 0.8627621 0.6124194 0.8464744 0.6733699 0.8482841 0.6154498 0.8549002 0.61505 0.8593395 0.6410611 0.8464744 0.6733699 0.8549002 0.61505 0.8548727 0.7777872 0.8527517 0.8359385 0.8621256 0.7764959 0.8441267 0.6711468 0.8488219 0.696924 0.8571025 0.5914252 0.8541058 0.7929294 0.8398079 0.8387764 0.8518854 0.7534294 0.8594076 0.7979052 0.8419423 0.8780979 0.8541058 0.7929294 0.8660854 0.775578 0.8436564 0.906075 0.8594076 0.7979052 0.860764 0.8094911 0.8464142 0.9068946 0.8660854 0.775578 0.8527517 0.8359385 0.8467478 0.9008695 0.860764 0.8094911 0.8330279 0.6842467 0.846622 0.6156759 0.8551014 0.542043 0.833101 0.6902408 0.8551014 0.542043 0.847667 0.5930573 0.8339945 0.7132734 0.847667 0.5930573 0.8482841 0.6154498 0.8358178 0.7478384 0.8339945 0.7132734 0.8464744 0.6733699 0.8463559 0.7317504 0.8358178 0.7478384 0.8464744 0.6733699 0.8398079 0.8387764 0.8331206 0.8252884 0.8463559 0.7317504 0.8438771 0.8460195 0.8408555 0.9113388 0.8527517 0.8359385 0.8342559 0.7859525 0.8485539 0.7593822 0.8488219 0.696924 0.8227363 0.8033061 0.8488219 0.696924 0.8441267 0.6711468 0.8208604 0.7783302 0.8441267 0.6711468 0.846622 0.6156759 0.8331206 0.8252884 0.8358178 0.7478384 0.8463559 0.7317504 0.822553 0.8406832 0.8339945 0.7132734 0.8358178 0.7478384 0.8331206 0.8252884 0.822553 0.8406832 0.8358178 0.7478384 0.8398079 0.8387764 0.824697 0.8847768 0.8331206 0.8252884 0.8419423 0.8780979 0.8270499 0.9288704 0.8398079 0.8387764 0.8436564 0.906075 0.8293253 0.9662517 0.8419423 0.8780979 0.8464142 0.9068946 0.8312283 0.9912281 0.8436564 0.906075 0.8467478 0.9008695 0.8324729 1 0.8464142 0.9068946 0.8408555 0.9113388 0.8328178 0.9912281 0.8467478 0.9008695 0.8304366 0.9288704 0.8321264 0.9662517 0.8408555 0.9113388 0.8252648 0.8406834 0.8363669 0.8339169 0.8342559 0.7859525 0.8199058 0.7695537 0.8208604 0.7783302 0.8330279 0.6842467 0.8199433 0.7783257 0.8330279 0.6842467 0.833101 0.6902408 0.8208879 0.803302 0.833101 0.6902408 0.8339945 0.7132734 0.824697 0.8847768 0.822553 0.8406832 0.8331206 0.8252884 0 0 1 1 0 1 1 0 0 1 0 0 0 0 1 1 0 1 1 0 0 1 0 0 0 0 1 1 0 1 1 0 0 1 0 0 1 0 0 1 0 0 0 0 1 0 1 1 0 0 1 1 0 1 1 0 0 1 0 0 0 0 1 1 0 1 1 0 0 1 0 0 0 0 1 1 0 1 1 0 0 1 0 0 0 0 1 1 0 1 1 0 0 1 0 0 0 0 1 1 0 1 1 0 0 1 0 0 0 0 1 1 0 1 1 0 0 1 0 0 0 0 1 1 0 1 1 0 0 1 0 0 0 0 1 1 0 1 1 0 0 1 0 0 0 0 1 0 1 1 0 0 1 1 0 1 1 0.4397798 0 1 0 0 0 0 1 1 0 1 1 0 0 1 0 0 1 0 0 1 0 0 0 0 1 0 1 1 0 0 1 1 0 1 1 0 0 1 0 0 0 0 1 1 0 1 1 0 0 1 0 0 0 0 1 1 0 1 1 0 0 1 0 0 0 0 1 1 0 1 1 0 0 1 0 0 0 0 1 1 0 1 1 0 0 1 0 0 0 0 1 1 0 1 1 0 0 1 0 0 1 0 0 1 0 0 0 0 1 1 0 1 1 0 0 1 0 0 0 0 1 1 0 1 1 0 0 1 0 0 1 0 0 1 0 0 0 0 1 0.4193604 0 1 1 0 0 1 0 0 0 0 1 0 1 1 0 0 1 1 0 1 0 0 1 1 0 1 1 0.4192667 0 1 0 0 0 0 1 1 0 1 1 0 0 1 0 0 0 0 1 0 1 1 0 0 1 1 0 1 1 0 0 1 0 0 0 0 1 1 0 1 1 0 0 1 0 0 0 0 1 1 0 1 1 0 0 1 0 0 0 0 1 1 0 1 1 0 0 1 0 0 0 0 1 1 0 1 1 0 0 1 0 0 0 0 1 1 0 1 1 0 0 1 0 0 0 0 1 1 0 1 1 0 0 1 0 0 0 0 1 1 0 1 1 0 0 1 0 0 1 0 0 1 0 0 0 0 1 0.4866774 0 1 1 0 0 1 0 0 0 0 1 0 1 1 0 0 1 1 0 1 0 0 1 1 0 1 1 0.4866231 0 1 0 0 0 0 1 1 0 1 1 0 0 1 0 0 0 0 1 0 1 1 1 0 0 1 0 0 0 0 1 1 0 1 1 0 0 1 0 0 0 0 1 1 0 1 1 0 0 1 0 0 0 0 1 1 0 1 1 0 0 1 0 0 0 0 1 1 0 1 1 0 0 1 0 0 0 0 1 1 0 1 1 0 0 1 0 0 0 0 1 1 0 1 0 0 1 1 0 1 0 0 1 1 0 1 1 0 0 1 0 0 0 0 1 1 0 1 0 0 1 1 0 1 1 0.5412049 0 1 0 0 0 0 1 1 0 1 0 0 1 0 1 1 1 0 0 1 0 0 1 0 0 1 0 0 0 0 1 0.5412425 0 1 1 0 0 1 0 0 0 0 1 1 0 1 1 0 0 1 0 0 1 0 0 1 0 0 0 0 1 1 0 1 1 0 0 1 0 0 0 0 1 1 0 1 1 0 0 1 0 0 0 0 1 1 0 1 1 0 0 1 0 0 0 0 1 1 0 1 1 0 0 1 0 0 0 0 1 1 0 1 1 0 0 1 0 0 0 0 1 1 0 1 0 0 1 1 0 1 0 0 1 0 1 1 1 0 0 1 0 0 0 0 1 1 0 1 0 0 1 1 0 1 1 0.6198282 0 1 0 0 0 0 1 1 0 1 0 0 1 0 1 1 1 0 0 1 0 0 0 0 1 0.5436062 0 1 1 0 0 1 0 0 0 0 1 1 0 1 1 0 0 1 0 0 0 0 1 1 0 1 1 0 0 1 0 0 0 0 1 1 0 1 1 0 0 1 0 0 0 0 1 1 0 1 1 0 0 1 0 0 0 0 1 1 0 1 1 0 0 1 0 0 0 0 1 1 0 1 1 0 0 1 0 0 0 0 1 1 0 1 1 0 0 1 0 0 0 0 1 1 0 1 0 0 1 1 0 1 0 0 1 0 1 1 1 0 0 1 0 0 0 0 1 1 0 1 1 0 0 1 0 0 0 0 1 1 0 1 1 0 0 1 0 0 0 0 1 1 0 1 0 0 1 0 1 1 1 0 0 1 0 0 0 0 1 0.6099837 0 1 1 0 0 1 0 0 0 0 1 1 0 1 1 0 0 1 0 0 0 0 1 1 0 1 1 0 0 1 0 0 0 0 1 1 0 1 1 0 0 1 0 0 0 0 1 1 0 1 1 0 0 1 0 0 0 0 1 1 0 1 1 0 0 1 0 0 0 0 1 1 0 1 1 0 0 1 0 0 0 0 1 1 0 1 1 0 0 1 0 0 0 0 1 1 0 1 1 0 0 1 0 0 1 0 0 1 0 0 0 0 1 0 1 1 0 0 1 1 0 1 1 0 0 1 0 0 0 0 1 1 0 1 1 0 0 1 0 0 0 0 1 1 0 1 1 0 0 1 0 0 0 0 1 0 1 1 0 0 1 1 0 1 1 0.4397805 0 1 0 0 0 0 1 1 0 1 1 0 0 1 0 0 0 0 1 1 0 1 1 0 0 1 0 0 0 0 1 1 0 1 1 0 0 1 0 0 0 0 1 1 0 1 1 0 0 1 0 0 0 0 1 1 0 1 0 0 1 1 0 1 1 0 0 1 0 0 0 0 1 1 0 1 1 0 0 1 0 0 0 0 1 1 0 1 1 0 0 1 0 0 1 0 0 1 0 0 1 0 0 1 0 0 0 0 1 0 1 1 0 0 1 1 0 1 1 0 0 1 0 0 0 0 1 1 0 1 1 0 0 1 0 0 0 0 1 1 0 1 1 0 0 1 0 0 0 0 1 0 1 1 0 0 1 1 0 1 0 0 1 1 0 1 1 0.4192295 0 1 0 0 0 0 1 1 0 1 1 0 0 1 0 0 0 0 1 1 0 1 1 0 0 1 0 0 0 0 1 1 0 1 1 0 0 1 0 0 0 0 1 1 0 1 1 0 0 1 0 0 1 0 0 1 0 0 0 0 1 1 0 1 1 0 0 1 0 0 0 0 1 1 0 1 1 0 0 1 0 0 1 0 0 1 0 0 1 0 0 1 0 0 0 0 1 0 1 1 0 0 1 1 0 1 1 0 0 1 0 0 0 0 1 1 0 1 1 0 0 1 0 0 0 0 1 1 0 1 1 0 0 1 0 0 0 0 1 0 1 1 0 0 1 1 0 1 0 0 1 1 0 1 1 0.4865607 0 1 0 0 0 0 1 1 0 1 1 0 0 1 0 0 0 0 1 1 0 1 1 0 0 1 0 0 0 0 1 1 0 1 1 0 0 1 0 0 0 0 1 1 0 1 1 0 0 1 0 0 0 0 1 1 0 1 1 0 0 1 0 0 0 0 1 1 0 1 1 0 0 1 0 0 0 0 1 1 0 1 0 0 1 1 0 1 0 0 1 1 0 1 0 0 1 0 1 1 1 0 0 1 0 0 0 0 1 1 0 1 1 0 0 1 0 0 0 0 1 1 0 1 1 0 0 1 0 0 0 0 1 1 0 1 0 0 1 0 1 1 1 0 0 1 0 0 1 0 0 1 0 0 0 0 1 0.5411876 0 1 1 0 0 1 0 0 0 0 1 1 0 1 1 0 0 1 0 0 0 0 1 1 0 1 1 0 0 1 0 0 0 0 1 1 0 1 1 0 0 1 0 0 0 0 1 1 0 1 1 0 0 1 0 0 0 0 1 1 0 1 1 0 0 1 0 0 0 0 1 1 0 1 0 0 1 1 0 1 0 0 1 1 0 1 0 0 1 0 1 1 1 0 0 1 0 0 0 0 1 1 0 1 1 0 0 1 0 0 0 0 1 1 0 1 1 0 0 1 0 0 0 0 1 1 0 1 1 0 0 1 0 0 0 0 1 1 0 1 1 0 0 1 0 0 0 0 1 0.6199936 0 1 1 0 0 1 0 0 0 0 1 1 0 1 1 0 0 1 0 0 0 0 1 1 0 1 1 0 0 1 0 0 0 0 1 1 0 1 1 0 0 1 0 0 0 0 1 1 0 1 1 0 0 1 0 0 0 0 1 1 0 1 0 0 1 0 1 1 1 0 0 1 0 0 0 0 1 1 0 1 1 0 0 1 0 0 0 0 1 1 0 1 0 0 1 1 0 1 0 0 1 0 1 1 1 0 0 1 0 0 0 0 1 1 0 1 1 0 0 1 0 0 0 0 1 1 0 1 1 0 0 1 0 0 0 0 1 1 0 1 1 0 0 1 0 0 0 0 1 1 0 1 1 0 0 1 0 0 1 0 0 1 0 0 0 0 1 1 0 1 1 0 0 1 0 0 0 0 1 1 0 1 1 0 0 1 0 0 0 0 1 1 0 1 1 0 0 1 0 0 0 0 1 1 0 1 1 0 0 1 0 0 0 0 1 1 0 1 1 0 0 1 0 0 0 0 1 1 0 1 0 0 1 0 1 1 1 0 0 1 0 0 0 0 1 0.6100085 0 1 0 0 1 1 0 1 1 0 0 1 0 0 0 0 1 1 0 1 1 0 0 1 0 0 0 0 1 0 1 1 0 0 1 1 0 1 1 0.389523 0 1 0 0 0 0 1 1 0 1 1 0 0 1 0 0 0 0 1 1 0 1 1 0 0 1 0 0 0 0 1 1 0 1 1 0 0 1 0 0 0 0 1 1 0 1 1 0 0 1 0 0 0 0 1 1 0 1 1 0 0 1 0 0 0 0 1 1 0 1 1 0 0 1 0 0 1 0 0 1 0 0 0 0 1 0 1 1 0 0 1 1 0 1 1 0 0 1 0 0 0 0 1 1 0 1 1 0 0 1 0 0 0 0 1 1 0 1 1 0 0 1 0 0 0 0 1 1 0 1 1 0 0 1 0 0 0 0 1 1 0 1 1 0.3801456 0 1 0 0 0 0 1 1 0 1 1 0 0 1 0 0 0 0 1 1 0 1 1 0 0 1 0 0 0 0 1 1 0 1 1 0 0 1 0 0 0 0 1 1 0 1 1 0 0 1 0 0 0 0 1 1 0 1 1 0 0 1 0 0 0 0 1 0 1 1 0 0 1 1 0 1 1 0 0 1 0 0 1 0 0 1 0 0 1 0 0 1 0 0 0 0 1 0 1 1 0 0 1 1 0 1 1 0 0 1 0 0 0 0 1 1 0 1 1 0 0 1 0 0 0 0 1 1 0 1 1 0 0 1 0 0 0 0 1 1 0 1 1 0 0 1 0 0 0 0 1 1 0 1 0 0 1 1 0 1 1 0.4588347 0 1 0 0 0 0 1 1 0 1 1 0 0 1 0 0 0 0 1 1 0 1 1 0 0 1 0 0 0 0 1 1 0 1 1 0 0 1 0 0 0 0 1 1 0 1 1 0 0 1 0 0 0 0 1 1 0 1 1 0 0 1 0 0 0 0 1 0 1 1 0 0 1 1 0 1 1 0 0 1 0 0 1 0 0 1 0 0 0 0 1 0 1 1 0 0 1 1 0 1 1 0 0 1 0 0 0 0 1 1 0 1 1 0 0 1 0 0 0 0 1 1 0 1 1 0 0 1 0 0 0 0 1 1 0 1 1 0 0 1 0 0 0 0 1 1 0 1 1 0 0 1 0 0 0 0 1 0.5132912 0 1 1 0 0 1 0 0 0 0 1 1 0 1 1 0 0 1 0 0 0 0 1 1 0 1 1 0 0 1 0 0 0 0 1 1 0 1 1 0 0 1 0 0 0 0 1 1 0 1 1 0 0 1 0 0 0 0 1 1 0 1 0 0 1 0 1 1 1 0 0 1 0 0 1 0 0 1 0 0 0 0 1 1 0 1 0 0 1 1 0 1 0 0 1 0 1 1 1 0 0 1 0 0 0 0 1 1 0 1 1 0 0 1 0 0 0 0 1 1 0 1 1 0 0 1 0 0 0 0 1 1 0 1 1 0 0 1 0 0 0 0 1 1 0 1 1 0 0 1 0 0 0 0 1 1 0 1 1 0 0 1 0 0 0 0 1 1 0 1 1 0 0 1 0 0 0 0 1 1 0 1 1 0 0 1 0 0 0 0 1 1 0 1 1 0 0 1 0 0 0 0 1 1 0 1 1 0 0 1 0 0 0 0 1 1 0 1 0 0 1 0 1 1 1 0 0 1 0 0 1 0 0 1 0 0 0 0 1 0.5806318 0 1 0 0 1 1 0 1 0 0 1 0 1 1 1 0 0 1 0 0 0 0 1 1 0 1 1 0 0 1 0 0 0 0 1 1 0 1 1 0 0 1 0 0 0 0 1 1 0 1 1 0 0 1 0 0 0 0 1 1 0 1 1 0 0 1 0 0 0 0 1 1 0 1 0 0 1 1 0 1 1 0 0 1 0 0 0 0 1 1 0 1 1 0 0 1 0 0 0 0 1 1 0 1 1 0 0 1 0 0 0 0 1 1 0 1 0 0 1 1 0 1 1 0 0 1 0 0 0 0 1 0.5605925 0 1 1 0 0 1 0 0 0 0 1 1 0 1 1 0 0 1 0 0 0 0 1 1 0 1 0 0 1 0 1 1 0 0 1 0 1 1 1 0 0 1 0 0 0 0 1 1 0 1 1 0 0 1 0 0 0 0 1 1 0 1 1 0 0 1 0 0 0 0 1 1 0 1 1 0 0 1 0 0 0 0 1 1 0 1 1 0 0 1 0 0 0 0 1 1 0 1 1 0 0 1 0 0 0 0 1 1 0 1 1 0 0 1 0 0 0 0 1 1 0 1 1 0 0 1 0 0 0 0 1 1 0 1 1 0 0 1 0 0 0 0 1 1 0 1 1 0 0 1 0 0 1 0 0 1 0 0 0 0 1 1 0 1 1 0.3895022 0 1 0 0 0 0 1 1 0 1 1 0 0 1 0 0 0 0 1 1 0 1 1 0 0 1 0 0 0 0 1 1 0 1 0 0 1 1 0 1 1 0 0 1 0 0 0 0 1 1 0 1 1 0 0 1 0 0 0 0 1 1 0 1 1 0 0 1 0 0 0 0 1 1 0 1 1 0 0 1 0 0 0 0 1 1 0 1 1 0 0 1 0 0 0 0 1 1 0 1 1 0 0 1 0 0 0 0 1 1 0 1 1 0 0 1 0 0 0 0 1 0 1 1 0 0 1 0 1 1 0 0 1 1 0 1 1 0 0 1 0 0 0 0 1 1 0 1 1 0 0 1 0 0 1 0 0 1 0 0 0 0 1 1 0 1 1 0.4558553 0 1 0 0 0 0 1 1 0 1 1 0 0 1 0 0 0 0 1 1 0 1 1 0 0 1 0 0 0 0 1 1 0 1 1 0 0 1 0 0 0 0 1 1 0 1 1 0.4193143 0 1 0 0 0 0 1 1 0 1 1 0 0 1 0 0 0 0 1 1 0 1 1 0 0 1 0 0 0 0 1 1 0 1 1 0 0 1 0 0 1 0 0 1 0 0 0 0 1 0.4193358 0 1 1 0 0 1 0 0 0 0 1 0 1 1 0 0 1 0 1 1 0 0 1 1 0 1 1 0 0 1 0 0 0 0 1 1 0 1 1 0 0 1 0 0 1 0 0 1 0 0 0 0 1 1 0 1 1 0.5242039 0 1 0 0 0 0 1 1 0 1 1 0 0 1 0 0 0 0 1 1 0 1 1 0 0 1 0 0 0 0 1 1 0 1 1 0 0 1 0 0 0 0 1 1 0 1 0 0 1 1 0 1 1 0.4866416 0 1 0 0 0 0 1 1 0 1 1 0 0 1 0 0 0 0 1 1 0 1 1 0 0 1 0 0 0 0 1 1 0 1 1 0 0 1 0 0 1 0 0 1 0 0 0 0 1 0.4866771 0 1 1 0 0 1 0 0 0 0 1 0 1 1 0 0 1 0 1 1 0 0 1 1 0 1 1 0 0 1 0 0 0 0 1 1 0 1 0 0 1 1 0 1 1 0 0 1 0 0 0 0 1 0.5166684 0 1 1 0 0 1 0 0 0 0 1 1 0 1 1 0 0 1 0 0 0 0 1 1 0 1 1 0 0 1 0 0 0 0 1 1 0 1 1 0 0 1 0 0 0 0 1 1 0 1 1 0 0 1 0 0 0 0 1 1 0 1 1 0 0 1 0 0 0 0 1 1 0 1 1 0 0 1 0 0 0 0 1 1 0 1 0 0 1 1 0 1 1 0.5411462 0 1 0 0 0 0 1 1 0 1 0 0 1 0 1 1 0 0 1 0 1 1 1 0 0 1 0 0 1 0 0 1 0 0 0 0 1 0.5411121 0 1 0 0 1 1 0 1 1 0 0 1 0 0 0 0 1 0.5111002 0 1 1 0 0 1 0 0 0 0 1 1 0 1 1 0 0 1 0 0 0 0 1 1 0 1 1 0 0 1 0 0 0 0 1 1 0 1 1 0 0 1 0 0 0 0 1 1 0 1 1 0 0 1 0 0 0 0 1 1 0 1 0 0 1 1 0 1 1 0 0 1 0 0 0 0 1 1 0 1 1 0 0 1 0 0 0 0 1 1 0 1 0 0 1 1 0 1 1 0.6198408 0 1 0 0 0 0 1 1 0 1 0 0 1 0 1 1 0 0 1 0 1 1 1 0 0 1 0 0 1 0 0 1 0 0 0 0 1 0.6198754 0 1 1 0 0 1 0 0 0 0 1 1 0 1 1 0 0 1 0 0 0 0 1 0.5606226 0 1 1 0 0 1 0 0 0 0 1 1 0 1 1 0 0 1 0 0 0 0 1 1 0 1 1 0 0 1 0 0 0 0 1 1 0 1 1 0 0 1 0 0 0 0 1 1 0 1 1 0 0 1 0 0 0 0 1 1 0 1 1 0 0 1 0 0 0 0 1 1 0 1 1 0 0 1 0 0 0 0 1 1 0 1 1 0 0 1 0 0 0 0 1 1 0 1 0 0 1 1 0 1 0 0 1 0 1 1 1 0 0 1 0 0 0 0 1 1 0 1 1 0 0 1 0 0 0 0 1 1 0 1 1 0 0 1 0 0 0 0 1 1 0 1 0 0 1 1 0 1 1 0 0 1 0 0 1 0 0 1 0 0 0 0 1 0 1 1 0 0 1 1 0 1 1 0 0 1 0 0 0 0 1 1 0 1 1 0 0 1 0 0 0 0 1 1 0 1 1 0 0 1 0 0 0 0 1 1 0 1 1 0 0 1 0 0 0 0 1 1 0 1 1 0 0 1 0 0 1 0 0 1 0 0 0 0 1 1 0 1 1 0 0 1 0 0 0 0 1 1 0 1 1 0 0 1 0 0 0 0 1 1 0 1 1 0 0 1 0 0 0 0 1 0 1 1 0 0 1 1 0 1 1 0.4397777 0 1 0 0 0 0 1 1 0 1 1 0 0 1 0 0 0 0 1 1 0 1 1 0 0 1 0 0 0 0 1 1 0 1 0 0 1 1 0 1 1 0 0 1 0 0 0 0 1 1 0 1 1 0 0 1 0 0 0 0 1 1 0 1 1 0 0 1 0 0 0 0 1 1 0 1 1 0 0 1 0 0 0 0 1 1 0 1 1 0 0 1 0 0 1 0 0 1 0 0 1 0 0 1 0 0 0 0 1 0 1 1 0 0 1 1 0 1 1 0 0 1 0 0 0 0 1 1 0 1 1 0 0 1 0 0 0 0 1 1 0 1 1 0 0 1 0 0 0 0 1 0 1 1 0 0 1 1 0 1 0 0 1 1 0 1 1 0.4192624 0 1 0 0 0 0 1 1 0 1 1 0 0 1 0 0 0 0 1 1 0 1 1 0 0 1 0 0 0 0 1 1 0 1 1 0 0 1 0 0 0 0 1 1 0 1 1 0 0 1 0 0 0 0 1 1 0 1 1 0 0 1 0 0 0 0 1 1 0 1 1 0 0 1 0 0 1 0 0 1 0 0 1 0 0 1 0 0 0 0 1 0 1 1 0 0 1 1 0 1 1 0 0 1 0 0 0 0 1 1 0 1 1 0 0 1 0 0 0 0 1 1 0 1 1 0 0 1 0 0 0 0 1 0 1 1 0 0 1 1 0 1 0 0 1 1 0 1 1 0.4866206 0 1 0 0 0 0 1 1 0 1 1 0 0 1 0 0 0 0 1 1 0 1 1 0 0 1 0 0 0 0 1 1 0 1 1 0 0 1 0 0 0 0 1 1 0 1 1 0 0 1 0 0 0 0 1 1 0 1 1 0 0 1 0 0 0 0 1 1 0 1 1 0 0 1 0 0 0 0 1 1 0 1 0 0 1 1 0 1 0 0 1 1 0 1 0 0 1 0 1 1 1 0 0 1 0 0 0 0 1 1 0 1 1 0 0 1 0 0 0 0 1 1 0 1 1 0 0 1 0 0 0 0 1 1 0 1 0 0 1 0 1 1 1 0 0 1 0 0 1 0 0 1 0 0 0 0 1 0.5412379 0 1 1 0 0 1 0 0 0 0 1 1 0 1 1 0 0 1 0 0 0 0 1 1 0 1 1 0 0 1 0 0 0 0 1 1 0 1 1 0 0 1 0 0 1 0 0 1 0 0 0 0 1 1 0 1 1 0 0 1 0 0 0 0 1 1 0 1 1 0 0 1 0 0 0 0 1 1 0 1 0 0 1 1 0 1 0 0 1 1 0 1 0 0 1 0 1 1 1 0 0 1 0 0 0 0 1 1 0 1 1 0 0 1 0 0 0 0 1 1 0 1 1 0 0 1 0 0 0 0 1 1 0 1 0 0 1 0 1 1 1 0 0 1 0 0 1 0 0 1 0 0 0 0 1 0.6199698 0 1 1 0 0 1 0 0 0 0 1 1 0 1 1 0 0 1 0 0 0 0 1 1 0 1 1 0 0 1 0 0 0 0 1 1 0 1 1 0 0 1 0 0 0 0 1 1 0 1 0 0 1 1 0 1 1 0 0 1 0 0 0 0 1 1 0 1 1 0 0 1 0 0 0 0 1 1 0 1 1 0 0 1 0 0 0 0 1 1 0 1 0 0 1 1 0 1 0 0 1 0 1 1 1 0 0 1 0 0 0 0 1 1 0 1 1 0 0 1 0 0 0 0 1 1 0 1 1 0 0 1 0 0 0 0 1 1 0 1 0 0 1 0 1 1 1 0 0 1 0 0 0 0 1 0.6099831 0 1 1 0 0 1 0 0 0 0 1 1 0 1 1 0 0 1 0 0 0 0 1 1 0 1 1 0 0 1 0 0 0 0 1 1 0 1 1 0 0 1 0 0 0 0 1 1 0 1 1 0 0 1 0 0 0 0 1 1 0 1 1 0 0 1 0 0 0 0 1 1 0 1 1 0 0 1 0 0 0 0 1 1 0 1 1 0 0 1 0 0 0 0 1 1 0 1 1 0 0 1 0 0 1 0 0 1 0 0 0 0 1 0 1 1 0 0 1 1 0 1 1 0 0 1 0 0 0 0 1 1 0 1 1 0 0 1 0 0 0 0 1 1 0 1 1 0 0 1 0 0 0 0 1 0 1 1 0 0 1 1 0 1 1 0.439787 0 1 0 0 0 0 1 1 0 1 1 0 0 1 0 0 0 0 1 1 0 1 1 0 0 1 0 0 0 0 1 1 0 1 1 0 0 1 0 0 0 0 1 1 0 1 1 0 0 1 0 0 0 0 1 1 0 1 1 0 0 1 0 0 0 0 1 1 0 1 1 0 0 1 0 0 0 0 1 1 0 1 1 0 0 1 0 0 0 0 1 1 0 1 1 0 0 1 0 0 1 0 0 1 0 0 0 0 1 0 1 1 0 0 1 1 0 1 1 0 0 1 0 0 0 0 1 1 0 1 1 0 0 1 0 0 0 0 1 1 0 1 1 0 0 1 0 0 0 0 1 1 0 1 1 0 0 1 0 0 0 0 1 1 0 1 1 0.4192352 0 1 0 0 0 0 1 1 0 1 1 0 0 1 0 0 0 0 1 1 0 1 1 0 0 1 0 0 0 0 1 1 0 1 1 0 0 1 0 0 1 0 0 1 0 0 0 0 1 0.4193249 0 1 1 0 0 1 0 0 0 0 1 0 1 1 0 0 1 1 0 1 1 0 0 1 0 0 0 0 1 1 0 1 1 0 0 1 0 0 1 0 0 1 0 0 0 0 1 0 1 1 0 0 1 1 0 1 1 0 0 1 0 0 0 0 1 1 0 1 1 0 0 1 0 0 0 0 1 1 0 1 1 0 0 1 0 0 0 0 1 1 0 1 1 0 0 1 0 0 0 0 1 1 0 1 0 0 1 1 0 1 1 0.4865619 0 1 0 0 0 0 1 1 0 1 1 0 0 1 0 0 0 0 1 1 0 1 1 0 0 1 0 0 0 0 1 1 0 1 1 0 0 1 0 0 1 0 0 1 0 0 0 0 1 0.4866362 0 1 1 0 0 1 0 0 0 0 1 0 1 1 0 0 1 1 0 1 1 0 0 1 0 0 0 0 1 1 0 1 0 0 1 1 0 1 0 0 1 0 1 1 1 0 0 1 0 0 0 0 1 1 0 1 1 0 0 1 0 0 0 0 1 1 0 1 1 0 0 1 0 0 0 0 1 1 0 1 1 0 0 1 0 0 0 0 1 1 0 1 1 0 0 1 0 0 0 0 1 1 0 1 0 0 1 0.5411922 0 1 1 0 0 1 0 0 0 0 1 1 0 1 1 0 0 1 0 0 0 0 1 1 0 1 1 0 0 1 0 0 0 0 1 1 0 1 0 0 1 1 0 1 1 0.5411481 0 1 0 0 0 0 1 1 0 1 0 0 1 0 1 1 1 0 0 1 0 0 1 0 0 1 0 0 0 0 1 1 0 1 0 0 1 1 0 1 0 0 1 0 1 1 1 0 0 1 0 0 0 0 1 1 0 1 1 0 0 1 0 0 0 0 1 1 0 1 1 0 0 1 0 0 0 0 1 1 0 1 1 0 0 1 0 0 0 0 1 1 0 1 1 0 0 1 0 0 0 0 1 1 0 1 1 0 0 1 0 0 1 0 0 1 0 0 0 0 1 1 0 1 1 0 0 1 0 0 0 0 1 1 0 1 1 0 0 1 0 0 0 0 1 1 0 1 0 0 1 1 0 1 1 0.6198453 0 1 0 0 0 0 1 1 0 1 0 0 1 0 1 1 1 0 0 1 0 0 1 0 0 1 0 0 0 0 1 0.6199826 0 1 0 0 1 1 0 1 0 0 1 0 1 1 1 0 0 1 0 0 0 0 1 1 0 1 1 0 0 1 0 0 0 0 1 1 0 1 1 0 0 1 0 0 0 0 1 1 0 1 1 0 0 1 0 0 0 0 1 1 0 1 1 0 0 1 0 0 0 0 1 1 0 1 1 0 0 1 0 0 0 0 1 1 0 1 1 0 0 1 0 0 0 0 1 1 0 1 1 0 0 1 0 0 0 0 1 1 0 1 1 0 0 1 0 0 0 0 1 1 0 1 1 0 0 1 0 0 0 0 1 1 0 1 0 0 1 0 1 1 1 0 0 1 0 0 0 0 1 0.610018 0 1 1 0 0 1 0 0 0 0 1 1 0 1 1 0 0 1 0 0 0 0 1 1 0 1 1 0 0 1 0 0 1 0 0 1 0 0 1 0 0 1 0 0 0 0 1 1 0 1 0 0 1 0.4092348 0 1 1 0 0 1 0 0 1 0 0 1 0 0 1 0 0 1 0 0 1 0 0 1 0 0 1 0 0 1 0 0 1 0 0 1 0 0 1 0 0 1 0 0 0 0 1 1 0 1 1 0 0 1 0 0 1 0 0 1 0 0 1 0 0 1 0 0 1 0 0 1 0 0 0 0 1 1 0 1 1 0.5000191 0 1 0 0 1 0 0 1 0 0 0 0 1 1 0 1 0 0 1 1 0 1 1 0 0 1 0 0 0 0 1 1 0 1 0 0 1 1 0 1 1 0 0 1 0 0 0 0 1 1 0 1 1 0 0 1 0 0 1 0 0 1 0 0 1 0 0 1 0 0 1 0 0 1 0 0 0 0 1 1 0 1 0 0 1 1 0 1 1 0 0 1 0 0 0 0 1 1 0 1 1 0 0 1 0 0 1 0 0 1 0 0 0 0 1 1 0 1 0 0 1 0 1 1 0 0 1 0 1 1 1 0 0 1 0 0 1 0 0 1 0 0 1 0 0 1 0 0 1 0 0 1 0 0 1 0 0 1 0 0 1 0 0 1 0 0 1 0.5593299 0 1 0 0 0 0 1 1 0 1 0 0 1 1 0 1 1 0 0 1 0 0 0 0 1 1 0 1 1 0 0 1 0 0 1 0 0 1 0 0 0 0 1 1 0 1 0 0 1 1 0 1 1 0 0 1 0 0 1 0 0 1 0 0 1 0 0 1 0 0 1 0 0 1 0 0 1 0 0 1 0 0 0 0 1 1 0 1 1 0 0 1 0 0 0 0 1 1 0 1 0 0 1 0.4114485 0 1 0 0 1 1 0 1 1 0 0 1 0 0 0 0 1 0 1 1 1 0 0 1 0 0 1 0 0 1 0 0 1 0.530678 0 1 0 0 1 0 0 1 0 0 1 0 0 1 0 0 1 0 0 1 0 0 0 0 1 1 0 1 1 0 0 1 0 0 1 0 0 1 0 0 0 0 1 1 0 1 0 0 1 1 0 1 1 0 0 1 0 0 0 0 1 1 0 1 1 0 0 1 0 0 1 0 0 1 0 0 1 0 0 1 0 0 1 0 0 1 0 0 1 0 0 1 0 0 1 0 0 1 0 0 1 0 0 1 0 0 0 0 1 0 1 1 1 0 0 1 0 0 0 0 1 0.5846555 0 1 0 0 1 1 0 1 1 0 0 1 0 0 1 0 0 1 0 0 0 0 1 1 0 1 1 0.4777629 0 1 0 0 1 0 0 1 0 0 1 0 0 1 0 0 1 0 0 1 0 0 1 0 0 1 0 0 1 0 0 1 0 0 0 0 1 1 0 1 1 0 0 1 0 0 0 0 1 1 0 1 0 0 1 1 0 1 0 0 1 1 0 1 0 0 1 1 0 1 0 0 1 1 0 1 1 0 0 1 0 0 0 0 1 1 0 1 1 0 0 1 0 0 1 0 0 1 0 0 1 0 0 1 0 0 0 0 1 1 0 1 1 0 0 1 0 0 1 0.5593344 0 1 0 0 1 0 0 1 0 0 1 0 0 1 0 0 0 0 1 0 1 1 0 0 1 0 1 1 1 0 0 1 0 0 0 0 1 1 0 1 1 0 0 1 0 0 1 0 0 1 0 0 0 0 1 1 0 1 0 0 1 1 0 1 1 0 0 1 0 0 1 0 0 1 0 0 1 0 0 1 0 0 1 0 0 1 0 0 1 0 0 1 0 0 0 0 1 1 0 1 0 0 1 1 0 1 1 0 0 1 0 0 0 0 1 1 0 1 1 0 0 1 0 0 1 0 0 1 0 0 1 0 0 1 0 0 1 0 0 1 0 0 1 0 0 1 0 0 1 0 0 1 0 0 1 0.4999944 0 1 0 0 0 0 1 1 0 1 0 0 1 1 0 1 1 0 0 1 0 0 1 0.4299896 0 1 0 0 1 0 0 1 0 0 0 0 1 1 0 1 0 0 1 1 0 1 1 0 0 1 0 0 1 0 0 1 0 0 0 0 1 1 0 1 1 0 0 1 0 0 1 0 0 1 0 0 1 0 0 1 0 0 1 0 0 1 0 0 1 0 0 1 0 0 1 0 0 1 0 0 1 0 0 1 0 0 1 0 0 1 0 0 1 0 0 1 0 0 1 0.4999504 0 1 0 0 1 0 0 1 0 0 0 0 1 0 1 1 1 0 0 1 0 0 0 0 1 0.4999976 0 1 1 0 0 1 0 0 1 0 0 1 0 0 1 0 0 1 0 0 1 0 0 1 0 0 0 0 1 1 0 1 1 0 0 1 0 0 1 0.4999954 0 1 0 0 1 0 0 1 0 0 1 0 0 1 0 0 0 0 1 1 0 1 1 0 0 1 0 0 0 0 1 1 0 1 0 0 1 1 0 1 0 0 1 1 0 1 1 0 0 1 0 0 1 0 0 1 0 0 0 0 1 0 1 1 0 0 1 1 0 1 0 0 1 1 0 1 1 0 0 1 0 0 1 0.5001141 0 1 0 0 0 0 1 1 0 1 0 0 1 0 1 1 1 0 0 1 0 0 1 0.5885847 0 1 0 0 1 0 0 1 0 0 0 0 1 1 0 1 1 0 0 1 0 0 1 0 0 1 0 0 0 0 1 1 0 1 1 0 0 1 0 0 1 0.4999656 0 1 0 0 1 0 0 1 0 0 1 0 0 1 0 0 1 0 0 1 0 0 0 0 1 1 0 1 1 0 0 1 0 0 0 0 1 1 0 1 1 0 0 1 0 0 0 0 1 1 0 1 1 0 0 1 0 0 1 0 0 1 0 0 1 0 0 1 0 0 1 0 0 1 0 0 1 0 0 1 0 0 1 0 0 1 0 0 0 0 1 1 0 1 1 0 0 1 0 0 0 0 1 0 1 1 1 0 0 1 0 0 1 0 0 1 0 0 0 0 1 0.5424398 0 1 0 0 1 1 0 1 1 0 0 1 0 0 1 0 0 1 0 0 0 0 1 1 0 1 1 0 0 1 0 0 0 0 1 1 0 1 1 0 0 1 0 0 0 0 1 1 0 1 1 0 0 1 0 0 1 0 0 1 0 0 1 0 0 1 0 0 1 0 0 1 0 0 1 0 0 1 0 0 1 0 0 1 0 0 1 0 0 1 0 0 1 0 0 1 0 0 1 0.4152728 0 1 0 0 1 0 0 1 0 0 1 0 0 1 0 0 1 0 0 1 0 0 1 0 0 1 0 0 0 0 1 0 1 1 1 0 0 1 0 0 0 0 1 1 0 1 0 0 1 0.5424647 0 1 1 0 0 1 0 0 0 0 1 1 0 1 1 0 0 1 0 0 0 0 1 1 0 1 1 0 0 1 0 0 1 0 0 1 0 0 1 0 0 1 0 0 1 0 0 1 0 0 1 0 0 1 0 0 1 0 0 1 0 0 1 0 0 1 0 0 0 0 1 1 0 1 0 0 1 1 0 1 0 0 1 1 0 1 1 0 0 1 0 0 1 0 0 1 0 0 1 0 0 1 0 0 1 0.4153289 0 1 0 0 1 0 0 1 0 0 1 0 0 1 0 0 1 0 0 1 0 0 0 0 1 0 1 1 0 0 1 1 0 1 0 0 1 1 0 1 0 0 1 1 0 1 1 0 0 1 0 0 0 0 1 1 0 1 1 0 0 1 0 0 0 0 1 1 0 1 1 0 0 1 0 0 0 0 1 1 0 1 1 0 0 1 0 0 0 0 1 1 0 1 0 0 1 1 0 1 0 0 1 1 0 1 1 0 0 1 0 0 1 0 0 1 0 0 1 0 0 1 0 0 1 0 0 1 0 0 1 0 0 1 0 0 1 0 0 1 0 0 1 0 0 1 0 0 0 0 1 0 1 1 0 0 1 1 0 1 1 0 0 1 0 0 1 0.5000022 0 1 0 0 1 0 0 1 0 0 0 0 1 0 1 1 0 0 1 1 0 1 1 0 0 1 0 0 0 0 1 1 0 1 0 0 1 1 0 1 0 0 1 1 0 1 1 0 0 1 0 0 1 0 0 1 0 0 0 0 1 1 0 1 1 0 0 1 0 0 1 0 0 1 0 0 1 0 0 1 0 0 1 0 0 1 0 0 0 0 1 1 0 1 1 0 0 1 0 0 1 0 0 1 0 0 0 0 1 1 0 1 1 0 0 1 0 0 0 0 1 1 0 1 0 0 1 1 0 1 0 0 1 0 1 1 1 0 0 1 0 0 1 0.5000023 0 1 0 0 0 0 1 1 0 1 0 0 1 1 0 1 0 0 1 1 0 1 1 0 0 1 0 0 0.1601946 0.8387938 0.1641998 0.8063325 0.1753029 0.8847768 0.1580623 0.8781313 0.1601946 0.8387938 0.17295 0.9288704 0.1563606 0.9061926 0.1580623 0.8781313 0.1706748 0.9662517 0.1535782 0.9068441 0.1563606 0.9061926 0.1687717 0.9912281 0.1671829 0.9912324 0.1535782 0.9068441 0.1675271 1 0.1610643 0.8765769 0.1591495 0.911371 0.1678736 0.9662517 0.1719974 0.8847771 0.1610643 0.8765769 0.1695634 0.9288704 0.1747351 0.8406834 0.1657427 0.785946 0.1719974 0.8847771 0.1800941 0.7695537 0.1669584 0.6841589 0.1791396 0.7783302 0.1800566 0.7783257 0.1693986 0.7069719 0.1669584 0.6841589 0.179112 0.803302 0.1684833 0.7302928 0.1693986 0.7069719 0.1753029 0.8847768 0.1641998 0.8063325 0.177447 0.8406834 0.1719974 0.8847771 0.1581867 0.800658 0.1610643 0.8765769 0.177447 0.8406834 0.1643496 0.7490113 0.1684833 0.7302928 0.1641998 0.8063325 0.1643496 0.7490113 0.177447 0.8406834 0.1451109 0.8223719 0.1446884 0.8450267 0.1671829 0.9912324 0.1492661 0.8034765 0.1451109 0.8223719 0.1591495 0.911371 0.1657427 0.785946 0.1533926 0.7104511 0.1581867 0.800658 0.1772637 0.8033064 0.1536262 0.6572788 0.1533926 0.7104511 0.1791396 0.7783302 0.1554945 0.6289661 0.1536262 0.6572788 0.1601946 0.8387938 0.1516114 0.7174037 0.1641998 0.8063325 0.1693986 0.7069719 0.1541759 0.6053215 0.1669584 0.6841589 0.1684833 0.7302928 0.157455 0.6545941 0.1541759 0.6053215 0.1643496 0.7490113 0.1558741 0.6897247 0.157455 0.6545941 0.1641998 0.8063325 0.1516114 0.7174037 0.1558741 0.6897247 0.1441543 0.7808157 0.1463276 0.7408863 0.1601946 0.8387938 0.1405932 0.7979087 0.1441543 0.7808157 0.1580623 0.8781313 0.1353775 0.7851709 0.1405932 0.7979087 0.1563606 0.9061926 0.1446884 0.8450267 0.1353775 0.7851709 0.1535782 0.9068441 0.1669584 0.6841589 0.1449154 0.5421493 0.1554945 0.6289661 0.1533926 0.7104511 0.140332 0.6310018 0.1472497 0.7336881 0.157455 0.6545941 0.1464852 0.5801162 0.1541759 0.6053215 0.1558741 0.6897247 0.1483013 0.6370937 0.1464852 0.5801162 0.1516114 0.7174037 0.1483013 0.6370937 0.1558741 0.6897247 0.1463276 0.7408863 0.140408 0.6393164 0.1516114 0.7174037 0.1317054 0.7378527 0.1315978 0.7602096 0.1446884 0.8450267 0.1376001 0.7312316 0.1317054 0.7378527 0.1451109 0.8223719 0.1536262 0.6572788 0.1397616 0.5724144 0.140332 0.6310018 0.1554945 0.6289661 0.1365162 0.5115543 0.1397616 0.5724144 0.1516114 0.7174037 0.140408 0.6393164 0.1483013 0.6370937 0.1359988 0.7244077 0.1382349 0.684469 0.1463276 0.7408863 0.1405932 0.7979087 0.1359988 0.7244077 0.1441543 0.7808157 0.1541759 0.6053215 0.1437693 0.5367596 0.1449154 0.5421493 0.1483013 0.6370937 0.1393257 0.5758597 0.1464852 0.5801162 0.140408 0.6393164 0.1393257 0.5758597 0.1483013 0.6370937 0.1353775 0.7851709 0.1260467 0.7005811 0.1405932 0.7979087 0.1362505 0.6667771 0.129917 0.6843301 0.1376001 0.7312316 0.1382349 0.684469 0.1303372 0.6308597 0.140408 0.6393164 0.1359988 0.7244077 0.1280931 0.6711569 0.1303372 0.6308597 0.1362505 0.6667771 0.1289106 0.6230133 0.129917 0.6843301 0.1293114 0.5656288 0.1289106 0.6230133 0.1362505 0.6667771 0.1397616 0.5724144 0.1293114 0.5656288 0.140332 0.6310018 0.1351928 0.5054963 0.1354398 0.4835056 0.1437693 0.5367596 0.1393257 0.5758597 0.1351928 0.5054963 0.1464852 0.5801162 0.1353775 0.7851709 0.1182411 0.6749568 0.1260467 0.7005811 0.1315978 0.7602096 0.1216948 0.697955 0.1182411 0.6749568 0.1317054 0.7378527 0.121731 0.6768248 0.1216948 0.697955 0.129917 0.6843301 0.1227159 0.6415721 0.121731 0.6768248 0.1365162 0.5115543 0.1292732 0.5102439 0.1397616 0.5724144 0.1289106 0.6230133 0.1218873 0.582357 0.1227159 0.6415721 0.1293114 0.5656288 0.1218873 0.582357 0.1289106 0.6230133 0.1354398 0.4835056 0.1277619 0.4362952 0.1449154 0.5421493 0.1303372 0.6308597 0.1208865 0.5687282 0.1301463 0.5700054 0.1280931 0.6711569 0.118829 0.6107001 0.1208865 0.5687282 0.1292732 0.5102439 0.1193692 0.5088506 0.1293114 0.5656288 0.12542 0.4434343 0.1256948 0.4232074 0.1354398 0.4835056 0.1293658 0.5100502 0.12542 0.4434343 0.1351928 0.5054963 0.1208865 0.5687282 0.1214981 0.5136287 0.1301463 0.5700054 0.1123521 0.6214641 0.1123018 0.6410014 0.1216948 0.697955 0.1134553 0.5881239 0.1123521 0.6214641 0.121731 0.6768248 0.1218873 0.582357 0.1134553 0.5881239 0.1227159 0.6415721 0.1292732 0.5102439 0.1193324 0.4534753 0.1193692 0.5088506 0.1365162 0.5115543 0.1168712 0.3970517 0.1193324 0.4534753 0.1301463 0.5700054 0.1214981 0.5136287 0.1293658 0.5100502 0.1182411 0.6749568 0.1111225 0.6056966 0.1260467 0.7005811 0.1218873 0.582357 0.1139439 0.537447 0.1134553 0.5881239 0.1293658 0.5100502 0.1209508 0.4563052 0.12542 0.4434343 0.1214981 0.5136287 0.1209508 0.4563052 0.1293658 0.5100502 0.1119979 0.5124581 0.1144743 0.4693477 0.1214981 0.5136287 0.1107583 0.5598183 0.1119979 0.5124581 0.1208865 0.5687282 0.1111225 0.6056966 0.1107583 0.5598183 0.118829 0.6107001 0.1193692 0.5088506 0.110018 0.4573993 0.1139439 0.537447 0.1277619 0.4362952 0.1159305 0.367261 0.1168712 0.3970517 0.1256948 0.4232074 0.1173938 0.3736203 0.1159305 0.367261 0.12542 0.4434343 0.1152257 0.3813657 0.1173938 0.3736203 0.1214981 0.5136287 0.1144743 0.4693477 0.1209508 0.4563052 0.1029699 0.5867617 0.1038084 0.5874961 0.1182411 0.6749568 0.1055819 0.5827494 0.1029699 0.5867617 0.1123018 0.6410014 0.1045754 0.5388078 0.1055819 0.5827494 0.1123521 0.6214641 0.1139439 0.537447 0.1061274 0.494827 0.1045754 0.5388078 0.1193324 0.4534753 0.108501 0.3944585 0.110018 0.4573993 0.1209508 0.4563052 0.1130127 0.407567 0.1152257 0.3813657 0.1144743 0.4693477 0.1130127 0.407567 0.1209508 0.4563052 0.1119979 0.5124581 0.1071877 0.425219 0.1144743 0.4693477 0.1107583 0.5598183 0.1006467 0.499576 0.1119979 0.5124581 0.1016823 0.5491064 0.1006467 0.499576 0.1107583 0.5598183 0.1038084 0.5874961 0.1016823 0.5491064 0.1111225 0.6056966 0.1045754 0.5388078 0.09851729 0.5441215 0.1055819 0.5827494 0.1173938 0.3736203 0.107636 0.3183296 0.1159305 0.367261 0.110018 0.4573993 0.09998327 0.4052486 0.1061274 0.494827 0.1168712 0.3970517 0.1048108 0.3317534 0.108501 0.3944585 0.1159305 0.367261 0.1052167 0.3086724 0.1048108 0.3317534 0.1045754 0.5388078 0.09554445 0.4913942 0.09851729 0.5441215 0.0963971 0.4446735 0.09554445 0.4913942 0.1045754 0.5388078 0.09998327 0.4052486 0.0963971 0.4446735 0.1061274 0.494827 0.1130127 0.407567 0.1037397 0.3535692 0.1065275 0.3310129 0.1038084 0.5874961 0.09258633 0.5250217 0.1016823 0.5491064 0.1029699 0.5867617 0.09444987 0.5399141 0.09258633 0.5250217 0.1016823 0.5491064 0.09210532 0.495781 0.1006467 0.499576 0.1048108 0.3317534 0.09681797 0.3350797 0.108501 0.3944585 0.1035787 0.4617018 0.09642881 0.4210122 0.0989964 0.3783267 0.09851729 0.5441215 0.08988356 0.499553 0.09444987 0.5399141 0.1037397 0.3535692 0.09982687 0.294464 0.1065275 0.3310129 0.1052167 0.3086724 0.09399503 0.2780668 0.1048108 0.3317534 0.09982687 0.294464 0.09618026 0.2579825 0.107636 0.3183296 0.1006467 0.499576 0.09027326 0.4420272 0.09642881 0.4210122 0.09444987 0.5399141 0.08676588 0.5003914 0.09258633 0.5250217 0.09554445 0.4913942 0.08792954 0.4538529 0.08988356 0.499553 0.0963971 0.4446735 0.08792954 0.4538529 0.09554445 0.4913942 0.09998327 0.4052486 0.09022682 0.3580166 0.0963971 0.4446735 0.09618026 0.2579825 0.09305679 0.2474089 0.1052167 0.3086724 0.1037397 0.3535692 0.09538733 0.3079211 0.09982687 0.294464 0.0989964 0.3783267 0.09538733 0.3079211 0.1037397 0.3535692 0.09022682 0.3580166 0.08738768 0.4012901 0.0963971 0.4446735 0.0876041 0.3739801 0.09153074 0.3379205 0.0989964 0.3783267 0.09982687 0.294464 0.09250873 0.2565653 0.09618026 0.2579825 0.09538733 0.3079211 0.09250873 0.2565653 0.09982687 0.294464 0.08676588 0.5003914 0.08199286 0.4707496 0.09258633 0.5250217 0.08792954 0.4538529 0.08205944 0.4617091 0.08988356 0.499553 0.08199286 0.4707496 0.08174812 0.4423347 0.09210532 0.495781 0.09153074 0.3379205 0.08737087 0.2669985 0.09538733 0.3079211 0.0876041 0.3739801 0.08341145 0.2970336 0.09153074 0.3379205 0.08738768 0.4012901 0.08039242 0.3698484 0.08200961 0.4262539 0.0815379 0.3190522 0.08039242 0.3698484 0.08738768 0.4012901 0.09618026 0.2579825 0.08345592 0.1973125 0.09305679 0.2474089 0.09250873 0.2565653 0.08345592 0.1973125 0.09618026 0.2579825 0.09153074 0.3379205 0.08341145 0.2970336 0.08737087 0.2669985 0.09250873 0.2565653 0.08337455 0.2126028 0.08345592 0.1973125 0.08205944 0.4617091 0.07278949 0.420519 0.07813435 0.4589472 0.07509934 0.3960123 0.07278949 0.420519 0.08205944 0.4617091 0.08039242 0.3698484 0.07509934 0.3960123 0.08200961 0.4262539 0.09305679 0.2474089 0.07961064 0.1866008 0.08124184 0.2203984 0.07975357 0.388873 0.07767075 0.3251098 0.0876041 0.3739801 0.07813435 0.4589472 0.07206624 0.4248078 0.08199286 0.4707496 0.08174812 0.4423347 0.07210117 0.3972419 0.07975357 0.388873 0.07206624 0.4248078 0.07210117 0.3972419 0.08174812 0.4423347 0.08039242 0.3698484 0.07363587 0.3414313 0.07509934 0.3960123 0.08737087 0.2669985 0.07743161 0.220315 0.08337455 0.2126028 0.07278949 0.420519 0.06808036 0.4151329 0.07813435 0.4589472 0.08480268 0.2794895 0.07119983 0.2235898 0.07172191 0.2788597 0.08124184 0.2203984 0.07119983 0.2235898 0.08480268 0.2794895 0.07767075 0.3251098 0.07463192 0.2560448 0.08341145 0.2970336 0.07975357 0.388873 0.06931984 0.3411309 0.07767075 0.3251098 0.07210117 0.3972419 0.06931984 0.3411309 0.07975357 0.388873 0.07509934 0.3960123 0.06833577 0.3683198 0.07278949 0.420519 0.08337455 0.2126028 0.07411009 0.1716048 0.08345592 0.1973125 0.07743161 0.220315 0.07411009 0.1716048 0.08337455 0.2126028 0.07767075 0.3251098 0.06898349 0.2864129 0.07463192 0.2560448 0.06931984 0.3411309 0.06898349 0.2864129 0.07767075 0.3251098 0.07172191 0.2788597 0.06764626 0.3178989 0.07363587 0.3414313 0.07961064 0.1866008 0.06561654 0.1595714 0.08124184 0.2203984 0.08345592 0.1973125 0.07182174 0.1477105 0.07961064 0.1866008 0.07278949 0.420519 0.06279247 0.380347 0.06808036 0.4151329 0.07210117 0.3972419 0.05932354 0.3451403 0.06931984 0.3411309 0.07206624 0.4248078 0.06031286 0.3767299 0.05932354 0.3451403 0.06764626 0.3178989 0.06157702 0.3430088 0.06833577 0.3683198 0.07743161 0.220315 0.06854957 0.1824452 0.07411009 0.1716048 0.07463192 0.2560448 0.06829613 0.2289144 0.06854957 0.1824452 0.06764626 0.3178989 0.06167405 0.2961847 0.06157702 0.3430088 0.07172191 0.2788597 0.06114113 0.2403036 0.06167405 0.2961847 0.07411009 0.1716048 0.0677703 0.1459848 0.07182174 0.1477105 0.06854957 0.1824452 0.0677703 0.1459848 0.07411009 0.1716048 0.05932354 0.3451403 0.06004804 0.3037686 0.06931984 0.3411309 0.06037062 0.2520392 0.06203746 0.2042697 0.06829613 0.2289144 0.07119983 0.2235898 0.05913585 0.1807385 0.06114113 0.2403036 0.07182174 0.1477105 0.06270682 0.1135267 0.06777095 0.1392863 0.06829613 0.2289144 0.06203746 0.2042697 0.06854957 0.1824452 0.06279247 0.380347 0.0544005 0.3506432 0.05829292 0.377133 0.06157702 0.3430088 0.0544005 0.3506432 0.06279247 0.380347 0.0677703 0.1459848 0.06044191 0.1190678 0.06270682 0.1135267 0.06300109 0.1608422 0.06044191 0.1190678 0.0677703 0.1459848 0.05404311 0.2710043 0.0548247 0.3198211 0.06157702 0.3430088 0.06114113 0.2403036 0.05404311 0.2710043 0.06167405 0.2961847 0.06777095 0.1392863 0.05661821 0.1012409 0.06561654 0.1595714 0.06300109 0.1608422 0.05745321 0.1410402 0.06044191 0.1190678 0.06203746 0.2042697 0.05745321 0.1410402 0.06300109 0.1608422 0.06037062 0.2520392 0.05594593 0.1822528 0.06203746 0.2042697 0.05084753 0.351742 0.04865878 0.3364617 0.06031286 0.3767299 0.06114113 0.2403036 0.05097699 0.2083737 0.05404311 0.2710043 0.04887914 0.2651748 0.05328017 0.2266967 0.06037062 0.2520392 0.05932354 0.3451403 0.04887914 0.2651748 0.06004804 0.3037686 0.0548247 0.3198211 0.04728668 0.2970377 0.0544005 0.3506432 0.05404311 0.2710043 0.04728668 0.2970377 0.0548247 0.3198211 0.06561654 0.1595714 0.04864859 0.1061031 0.05913585 0.1807385 0.05661821 0.1012409 0.04864859 0.1061031 0.06561654 0.1595714 0.06270682 0.1135267 0.0517835 0.07827526 0.05661821 0.1012409 0.05932354 0.3451403 0.04356354 0.2932947 0.04887914 0.2651748 0.04728668 0.2970377 0.04715067 0.3279968 0.0544005 0.3506432 0.06044191 0.1190678 0.05237907 0.09252285 0.0517835 0.07827526 0.05745321 0.1410402 0.05237907 0.09252285 0.06044191 0.1190678 0.05404311 0.2710043 0.04465961 0.2441787 0.04728668 0.2970377 0.05745321 0.1410402 0.04947543 0.1154846 0.05237907 0.09252285 0.05594593 0.1822528 0.04896247 0.1597425 0.04947543 0.1154846 0.04887914 0.2651748 0.04702603 0.2069149 0.05328017 0.2266967 0.05661821 0.1012409 0.04280573 0.06277441 0.04864859 0.1061031 0.0517835 0.07827526 0.04280573 0.06277441 0.05661821 0.1012409 0.04715067 0.3279968 0.04141473 0.3121909 0.04318904 0.3290352 0.04947543 0.1154846 0.04347729 0.06756651 0.05237907 0.09252285 0.04865878 0.3364617 0.03704595 0.3043581 0.04356354 0.2932947 0.04465961 0.2441787 0.03999471 0.2776599 0.04728668 0.2970377 0.04702603 0.2069149 0.03987193 0.1870827 0.04261624 0.1414917 0.03695428 0.2320792 0.03987193 0.1870827 0.04702603 0.2069149 0.04356354 0.2932947 0.03695428 0.2320792 0.04887914 0.2651748 0.0517835 0.07827526 0.0409643 0.04924565 0.04280573 0.06277441 0.04261624 0.1414917 0.04061269 0.09123778 0.04947543 0.1154846 0.04318904 0.3290352 0.03251951 0.3033718 0.03704595 0.3043581 0.03496873 0.2968642 0.03251951 0.3033718 0.04318904 0.3290352 0.03999471 0.2776599 0.03496873 0.2968642 0.04141473 0.3121909 0.04465961 0.2441787 0.03619366 0.2238703 0.03999471 0.2776599 0.0424602 0.1855916 0.03619366 0.2238703 0.04465961 0.2441787 0.03987193 0.1870827 0.03702962 0.1276329 0.04261624 0.1414917 0.03619366 0.2238703 0.03425616 0.2647081 0.03999471 0.2776599 0.03567481 0.1184664 0.03379541 0.1666805 0.0424602 0.1855916 0.0362305 0.07614755 0.03567481 0.1184664 0.04259681 0.1337177 0.04280573 0.06277441 0.0362305 0.07614755 0.04864859 0.1061031 0.04261624 0.1414917 0.03702962 0.1276329 0.04061269 0.09123778 0.03987193 0.1870827 0.03288888 0.1707493 0.03702962 0.1276329 0.03695428 0.2320792 0.03288888 0.1707493 0.03987193 0.1870827 0.03704595 0.3043581 0.02787089 0.2564901 0.04356354 0.2932947 0.04347729 0.06756651 0.03341847 0.04448962 0.0409643 0.04924565 0.03619366 0.2238703 0.02795302 0.2082465 0.03425616 0.2647081 0.03379541 0.1666805 0.02795302 0.2082465 0.03619366 0.2238703 0.03277856 0.03164893 0.0296095 0.03538542 0.04280573 0.06277441 0.03288888 0.1707493 0.03084474 0.1143373 0.03702962 0.1276329 0.03251951 0.3033718 0.02713823 0.2833202 0.03704595 0.3043581 0.03425616 0.2647081 0.02783769 0.2524551 0.02835494 0.2835341 0.03702962 0.1276329 0.03084474 0.1143373 0.03425014 0.07649481 0.0362305 0.07614755 0.02382415 0.05529344 0.02683508 0.1026843 0.03425014 0.07649481 0.02787655 0.06447774 0.03341847 0.04448962 0.03288888 0.1707493 0.02604937 0.1577028 0.03084474 0.1143373 0.02738702 0.2116831 0.02604937 0.1577028 0.03288888 0.1707493 0.03379541 0.1666805 0.02447032 0.1507687 0.02795302 0.2082465 0.02604937 0.1577028 0.02485293 0.1038089 0.03084474 0.1143373 0.02835494 0.2835341 0.02243036 0.2740075 0.02192485 0.2844192 0.02783769 0.2524551 0.02243036 0.2740075 0.02835494 0.2835341 0.03277856 0.03164893 0.02347415 0.01650756 0.0296095 0.03538542 0.03341847 0.04448962 0.02433818 0.02874267 0.02347415 0.01650756 0.02787655 0.06447774 0.02433818 0.02874267 0.03341847 0.04448962 0.03084474 0.1143373 0.02485293 0.1038089 0.02787655 0.06447774 0.02738702 0.2116831 0.02049964 0.2007976 0.02604937 0.1577028 0.02795302 0.2082465 0.01912361 0.1956813 0.02046674 0.2415037 0.02049964 0.2007976 0.01822042 0.1465222 0.02604937 0.1577028 0.02683508 0.1026843 0.01727092 0.09059202 0.02447032 0.1507687 0.0296095 0.03538542 0.01911216 0.02050143 0.02382415 0.05529344 0.02485293 0.1038089 0.02067822 0.05353748 0.02787655 0.06447774 0.01723992 0.2690026 0.01591402 0.2386959 0.02787089 0.2564901 0.02243036 0.2740075 0.01607555 0.2661826 0.02192485 0.2844192 0.02046674 0.2415037 0.01607555 0.2661826 0.02243036 0.2740075 0.01727092 0.09059202 0.01855844 0.1431643 0.02447032 0.1507687 0.02192485 0.2844192 0.01380103 0.2748926 0.01723992 0.2690026 0.01607555 0.2661826 0.01380103 0.2748926 0.02192485 0.2844192 0.02433818 0.02874267 0.01713001 0.01962101 0.02347415 0.01650756 0.01591402 0.2386959 0.01195013 0.1917875 0.02049964 0.2007976 0.02046674 0.2415037 0.01303553 0.2336912 0.01607555 0.2661826 0.01855844 0.1431643 0.01264363 0.137875 0.01912361 0.1956813 0.02347415 0.01650756 0.01427763 0.006114542 0.01911216 0.02050143 0.01713001 0.01962101 0.01427763 0.006114542 0.02347415 0.01650756 0.01800161 0.09447425 0.01437455 0.04673272 0.02067822 0.05353748 0.01911216 0.02050143 0.01085096 0.04208219 0.02382415 0.05529344 0.01822042 0.1465222 0.008534371 0.1381347 0.0125004 0.08902335 0.01195013 0.1917875 0.008534371 0.1381347 0.01822042 0.1465222 0.01607555 0.2661826 0.008956253 0.2605309 0.01380103 0.2748926 0.01911216 0.02050143 0.007440268 0.01182729 0.01085096 0.04208219 0.01713001 0.01962101 0.01075541 0.0142951 0.01427763 0.006114542 0.01437455 0.04673272 0.01075541 0.0142951 0.01713001 0.01962101 0.01591402 0.2386959 0.005596041 0.2314574 0.01195013 0.1917875 0.01723992 0.2690026 0.005464971 0.2600824 0.005596041 0.2314574 0.01380103 0.2748926 0.005464971 0.2600824 0.01723992 0.2690026 0.01085096 0.04208219 0.008581161 0.08395886 0.01727092 0.09059202 0.008534371 0.1381347 0.006208717 0.08543682 0.0125004 0.08902335 0.01303553 0.2336912 0.006501376 0.2297052 0.008956253 0.2605309 0.01075541 0.0142951 0.006326198 0.001347661 0.01427763 0.006114542 0.006208717 0.08543682 0.008929133 0.04268544 0.01437455 0.04673272 0.008581161 0.08395886 0.1831825 0.1335737 0.01264363 0.137875 0.01195013 0.1917875 0.1853462 0.187161 0.008534371 0.1381347 0.01075541 0.0142951 0.217378 0.01110011 0.006326198 0.001347661 0.008929133 0.04268544 0.003461778 0.04066812 0.217378 0.01110011 0.006208717 0.08543682 0.003461778 0.04066812 0.008929133 0.04268544 0.008956253 0.2605309 0.5155736 0.25804 0.005860447 0.2697868 0.009900569 0.1876873 0.2660819 0.1846221 0.006501376 0.2297052 0.1831825 0.1335737 0.2660819 0.1846221 0.009900569 0.1876873 0.008581161 0.08395886 0.63368 0.08222818 0.1831825 0.1335737 0.657243 0.03925794 0.63368 0.08222818 0.008581161 0.08395886 0.008534371 0.1381347 0.6571707 0.1358564 0.006208717 0.08543682 0.2660819 0.1846221 0.6564668 0.2286043 0.006501376 0.2297052 0.005860447 0.2697868 0.81423 0.2691029 0.005464971 0.2600824 0.006326198 0.001347661 0.8112927 5.98184e-4 0.007440268 0.01182729 0.006208717 0.08543682 0.6860936 0.0840969 0.003461778 0.04066812 0.005596041 0.2314574 0.9941493 0.231532 0.1853462 0.187161 0.005464971 0.2600824 0.9958876 0.2594606 0.9941493 0.231532 0.81423 0.2691029 0.9958876 0.2594606 0.005464971 0.2600824 0.007440268 0.01182729 0.9948884 0.01075291 0.657243 0.03925794 0.003461778 0.04066812 0.9972181 0.0404855 0.217378 0.01110011 0.2660819 0.1846221 0.995864 0.1850342 0.6564668 0.2286043 0.1831825 0.1335737 0.9949451 0.1338449 0.995864 0.1850342 0.9972181 0.0404855 0.9945639 0.01169049 0.217378 0.01110011 0.6571707 0.1358564 0.9936476 0.0853545 0.6860936 0.0840969 0.6860936 0.0840969 0.9936476 0.0853545 0.9972181 0.0404855 0.5155736 0.25804 0.9918305 0.2600291 0.81423 0.2691029 0.6564668 0.2286043 0.9918305 0.2600291 0.5155736 0.25804 0.9972181 0.0404855 0.9899749 0.04349899 0.9945639 0.01169049 0.9936476 0.0853545 0.9899749 0.04349899 0.9972181 0.0404855 0.9883092 0.1915698 0.9887356 0.1398198 0.6571707 0.1358564 0.6564668 0.2286043 0.9894568 0.2319198 0.9918305 0.2600291 0.995864 0.1850342 0.9900981 0.187534 0.9894568 0.2319198 0.9958876 0.2594606 0.9868459 0.2647782 0.9941493 0.231532 0.81423 0.2691029 0.9886403 0.2728191 0.9868459 0.2647782 0.9918305 0.2600291 0.9886403 0.2728191 0.81423 0.2691029 0.9871913 0.08664125 0.9865129 0.1386116 0.9949451 0.1338449 0.657243 0.03925794 0.9871913 0.08664125 0.63368 0.08222818 0.9945639 0.01169049 0.9864935 0.01639533 0.9857302 0.006280899 0.9936476 0.0853545 0.9875752 0.0890631 0.9899749 0.04349899 0.657243 0.03925794 0.9829563 0.04714798 0.9871913 0.08664125 0.9948884 0.01075291 0.9850219 0.01642322 0.9829563 0.04714798 0.9918305 0.2600291 0.9853645 0.2647739 0.9886403 0.2728191 0.9865129 0.1386116 0.9844382 0.191848 0.9900981 0.187534 0.9899749 0.04349899 0.9811142 0.05146735 0.9864935 0.01639533 0.9790781 0.150054 0.9813619 0.09516662 0.9875752 0.0890631 0.9883092 0.1915698 0.9790781 0.150054 0.9887356 0.1398198 0.9894568 0.2319198 0.9821247 0.2383508 0.9853645 0.2647739 0.9829563 0.04714798 0.9775426 0.09655886 0.9871913 0.08664125 0.9864935 0.01639533 0.9791734 0.02385246 0.9857302 0.006280899 0.9815735 0.2797933 0.9728845 0.2839476 0.9868459 0.2647782 0.9853645 0.2647739 0.9765323 0.275729 0.9815735 0.2797933 0.9821247 0.2383508 0.9765323 0.275729 0.9853645 0.2647739 0.9865129 0.1386116 0.977155 0.1485175 0.9786337 0.1983658 0.9857302 0.006280899 0.973991 0.02026998 0.9739873 0.02968758 0.9841043 0.2386722 0.9740566 0.252791 0.9769992 0.2046723 0.9728845 0.2839476 0.9740566 0.252791 0.9841043 0.2386722 0.9813619 0.09516662 0.9751482 0.1038168 0.9811142 0.05146735 0.9821247 0.2383508 0.9746615 0.2484218 0.9765323 0.275729 0.9829563 0.04714798 0.970588 0.06358885 0.9775426 0.09655886 0.973022 0.06287872 0.9729463 0.03286921 0.9791734 0.02385246 0.9751482 0.1038168 0.973022 0.06287872 0.9811142 0.05146735 0.9790781 0.150054 0.96855 0.1679284 0.9751482 0.1038168 0.977155 0.1485175 0.9728438 0.2067564 0.9786337 0.1983658 0.96855 0.1679284 0.968198 0.116289 0.9751482 0.1038168 0.977155 0.1485175 0.9678369 0.1635528 0.9728438 0.2067564 0.9775426 0.09655886 0.9687412 0.1099743 0.9678369 0.1635528 0.9769992 0.2046723 0.9648309 0.2278872 0.96855 0.1679284 0.973022 0.06287872 0.9667142 0.07453888 0.9657295 0.04613387 0.9746615 0.2484218 0.967249 0.2616156 0.966915 0.2928377 0.9671384 0.2170329 0.967249 0.2616156 0.9746615 0.2484218 0.9638388 0.03844577 0.9611201 0.05355978 0.9739873 0.02968758 0.9723668 0.2937089 0.9633653 0.3122875 0.9728845 0.2839476 0.966915 0.2928377 0.9633653 0.3122875 0.9723668 0.2937089 0.9687412 0.1099743 0.9601873 0.1274095 0.9678369 0.1635528 0.970588 0.06358885 0.9581713 0.08863645 0.9601873 0.1274095 0.9619331 0.1300297 0.9595019 0.09096258 0.9667142 0.07453888 0.96855 0.1679284 0.9581422 0.1924291 0.9619331 0.1300297 0.9657295 0.04613387 0.958329 0.06286334 0.9638388 0.03844577 0.9728845 0.2839476 0.958246 0.3163832 0.9617406 0.2789353 0.9594998 0.2337014 0.9617415 0.273526 0.967249 0.2616156 0.9678369 0.1635528 0.9593839 0.1811907 0.9594998 0.2337014 0.958329 0.06286334 0.9536613 0.06296926 0.9638388 0.03844577 0.9581422 0.1924291 0.9564982 0.1439141 0.9619331 0.1300297 0.966915 0.2928377 0.958588 0.3122952 0.9633653 0.3122875 0.9648309 0.2278872 0.953048 0.2592225 0.9581422 0.1924291 0.9611201 0.05355978 0.9470046 0.09033745 0.9581713 0.08863645 0.9536613 0.06296926 0.9470046 0.09033745 0.9611201 0.05355978 0.9523178 0.1100912 0.9519781 0.07962822 0.958329 0.06286334 0.9564982 0.1439141 0.9523178 0.1100912 0.9595019 0.09096258 0.9505305 0.1515985 0.9534027 0.1960762 0.9593839 0.1811907 0.9581713 0.08863645 0.9505305 0.1515985 0.9601873 0.1274095 0.9564982 0.1439141 0.9504143 0.1615813 0.9523178 0.1100912 0.953048 0.2592225 0.9485322 0.2208332 0.9581422 0.1924291 0.958246 0.3163832 0.9488387 0.3162165 0.9617406 0.2789353 0.9594998 0.2337014 0.9526861 0.2511364 0.9544743 0.2921314 0.9581713 0.08863645 0.9439363 0.1276522 0.9505305 0.1515985 0.9544743 0.2921314 0.9494114 0.338482 0.958588 0.3122952 0.9519781 0.07962822 0.9456287 0.09874737 0.9536613 0.06296926 0.9523178 0.1100912 0.9461728 0.128953 0.9456287 0.09874737 0.958246 0.3163832 0.9474424 0.3489952 0.9488387 0.3162165 0.9534027 0.1960762 0.9473425 0.2131734 0.9526861 0.2511364 0.9456287 0.09874737 0.9427164 0.09516882 0.9536613 0.06296926 0.9473425 0.2131734 0.946939 0.2679117 0.9526861 0.2511364 0.9505305 0.1515985 0.9397879 0.1843571 0.9473425 0.2131734 0.9439363 0.1276522 0.9397879 0.1843571 0.9505305 0.1515985 0.9485322 0.2208332 0.9406524 0.2481504 0.9434247 0.1844732 0.9535377 0.3385209 0.9444353 0.3674303 0.9474424 0.3489952 0.9494114 0.338482 0.9444353 0.3674303 0.9535377 0.3385209 0.9406679 0.1475071 0.9393625 0.1196429 0.9456287 0.09874737 0.9473425 0.2131734 0.9413174 0.2319476 0.946939 0.2679117 0.9488387 0.3162165 0.9358834 0.3636406 0.9429249 0.2926862 0.9494114 0.338482 0.9403585 0.3687525 0.9444353 0.3674303 0.9400736 0.3371471 0.9403585 0.3687525 0.9494114 0.338482 0.9392864 0.2929066 0.9400736 0.3371471 0.9468255 0.3145383 0.9470046 0.09033745 0.9352099 0.1284134 0.9439363 0.1276522 0.9427164 0.09516882 0.9329127 0.1295073 0.9352099 0.1284134 0.9393625 0.1196429 0.9329127 0.1295073 0.9427164 0.09516882 0.9378291 0.2046921 0.9341816 0.1717255 0.9406679 0.1475071 0.9474424 0.3489952 0.9365951 0.3886597 0.9358834 0.3636406 0.9345719 0.2716316 0.9314683 0.2299826 0.9378291 0.2046921 0.9351525 0.3224264 0.9345719 0.2716316 0.9406524 0.2481504 0.9413174 0.2319476 0.9345607 0.2552544 0.9392864 0.2929066 0.9439363 0.1276522 0.9298676 0.1757386 0.9397879 0.1843571 0.9378291 0.2046921 0.9314683 0.2299826 0.9341816 0.1717255 0.9397879 0.1843571 0.9267303 0.2315736 0.9345607 0.2552544 0.9298676 0.1757386 0.9267303 0.2315736 0.9397879 0.1843571 0.9329127 0.1295073 0.9234294 0.1739747 0.9352099 0.1284134 0.9351525 0.3224264 0.9275751 0.301279 0.9345719 0.2716316 0.9403585 0.3687525 0.9337894 0.3933888 0.9369726 0.3948408 0.9400736 0.3371471 0.9309881 0.3711285 0.9337894 0.3933888 0.9392864 0.2929066 0.9323555 0.3178876 0.9309881 0.3711285 0.9341816 0.1717255 0.9259298 0.2054345 0.9267693 0.1678938 0.9314683 0.2299826 0.9259298 0.2054345 0.9341816 0.1717255 0.9275751 0.301279 0.9243809 0.2604078 0.9314683 0.2299826 0.9369726 0.3948408 0.9258609 0.4411177 0.9365951 0.3886597 0.9337894 0.3933888 0.9258609 0.4411177 0.9369726 0.3948408 0.9358834 0.3636406 0.9239704 0.4150757 0.9282527 0.3516479 0.9365951 0.3886597 0.9220392 0.4519232 0.9239704 0.4150757 0.9309881 0.3711285 0.9277899 0.4178932 0.9337894 0.3933888 0.9259004 0.288158 0.9255089 0.3449703 0.9323555 0.3178876 0.9234294 0.1739747 0.9184083 0.2218144 0.9298676 0.1757386 0.9259298 0.2054345 0.9189593 0.2366156 0.9201651 0.1963839 0.9243809 0.2604078 0.9189593 0.2366156 0.9259298 0.2054345 0.918722 0.3422787 0.9188912 0.2857861 0.9243809 0.2604078 0.9202845 0.388535 0.918722 0.3422787 0.9275751 0.301279 0.9243809 0.2604078 0.9188912 0.2857861 0.9189593 0.2366156 0.9277899 0.4178932 0.9185624 0.4589725 0.9258609 0.4411177 0.9232969 0.402783 0.9185624 0.4589725 0.9277899 0.4178932 0.9144415 0.282743 0.9178416 0.3216905 0.9259004 0.288158 0.9184083 0.2218144 0.9144415 0.282743 0.9267303 0.2315736 0.9201651 0.1963839 0.9126936 0.2309961 0.9210563 0.1773729 0.9189593 0.2366156 0.9126936 0.2309961 0.9201651 0.1963839 0.918722 0.3422787 0.9127089 0.3161457 0.9188912 0.2857861 0.9255089 0.3449703 0.9169982 0.3813859 0.9232969 0.402783 0.9234294 0.1739747 0.9106164 0.2299116 0.9184083 0.2218144 0.9210563 0.1773729 0.9089036 0.232865 0.9106164 0.2299116 0.9126936 0.2309961 0.9089036 0.232865 0.9210563 0.1773729 0.9188912 0.2857861 0.9127089 0.3161457 0.9118447 0.2708306 0.9239704 0.4150757 0.914812 0.4594944 0.9202845 0.388535 0.9220392 0.4519232 0.914812 0.4594944 0.9239704 0.4150757 0.9232969 0.402783 0.9162666 0.4342173 0.9185624 0.4589725 0.918722 0.3422787 0.9107808 0.3822245 0.9127089 0.3161457 0.9202845 0.388535 0.9098086 0.4417228 0.9107808 0.3822245 0.9258609 0.4411177 0.9148768 0.4922548 0.9220392 0.4519232 0.9185624 0.4589725 0.9148768 0.4922548 0.9258609 0.4411177 0.9106164 0.2299116 0.9083973 0.2666297 0.9184083 0.2218144 0.9178416 0.3216905 0.9107682 0.3533629 0.9169982 0.3813859 0.9118447 0.2708306 0.9045676 0.2714978 0.9126936 0.2309961 0.9118447 0.2708306 0.9053774 0.3038566 0.9045676 0.2714978 0.9127089 0.3161457 0.9056925 0.352672 0.9053774 0.3038566 0.9220392 0.4519232 0.9056192 0.5347898 0.914812 0.4594944 0.9148768 0.4922548 0.9056192 0.5347898 0.9220392 0.4519232 0.9083973 0.2666297 0.905411 0.3242418 0.9144415 0.282743 0.9089036 0.232865 0.8974999 0.2946956 0.9106164 0.2299116 0.9098086 0.4417228 0.9046416 0.415076 0.9107808 0.3822245 0.9185624 0.4589725 0.9085536 0.5073944 0.9148768 0.4922548 0.9162666 0.4342173 0.9075699 0.4757854 0.9085536 0.5073944 0.9083862 0.4212532 0.9075699 0.4757854 0.9162666 0.4342173 0.9045676 0.2714978 0.896752 0.2946754 0.9089036 0.232865 0.9148768 0.4922548 0.907227 0.5310721 0.9056192 0.5347898 0.9085536 0.5073944 0.907227 0.5310721 0.9148768 0.4922548 0.905411 0.3242418 0.9027293 0.3917236 0.9107682 0.3533629 0.8974999 0.2946956 0.8963034 0.3262286 0.9083973 0.2666297 0.9053774 0.3038566 0.8997957 0.3338247 0.9045676 0.2714978 0.9046416 0.415076 0.8993663 0.3873877 0.9056925 0.352672 0.8997957 0.3338247 0.8962792 0.3155034 0.9045676 0.2714978 0.9002336 0.4943405 0.8983561 0.4504705 0.9046416 0.415076 0.903417 0.5204177 0.9002336 0.4943405 0.9098086 0.4417228 0.8963034 0.3262286 0.8962391 0.3697216 0.905411 0.3242418 0.8997957 0.3338247 0.8942391 0.3649304 0.8962792 0.3155034 0.8993663 0.3873877 0.8942391 0.3649304 0.8997957 0.3338247 0.8983561 0.4504705 0.892967 0.424309 0.8993663 0.3873877 0.8999127 0.5525614 0.8988005 0.5768029 0.907227 0.5310721 0.9075699 0.4757854 0.897995 0.5250467 0.8999127 0.5525614 0.8962391 0.3697216 0.8928182 0.4423348 0.9027293 0.3917236 0.8962792 0.3155034 0.8897786 0.3519671 0.896752 0.2946754 0.8920102 0.5429127 0.8900864 0.4996461 0.8983561 0.4504705 0.903417 0.5204177 0.8920102 0.5429127 0.9002336 0.4943405 0.9011628 0.4567884 0.894793 0.4898808 0.897995 0.5250467 0.896752 0.2946754 0.8855118 0.3568016 0.8974999 0.2946956 0.8897786 0.3519671 0.8855118 0.3568016 0.896752 0.2946754 0.892967 0.424309 0.8879403 0.4018018 0.8942391 0.3649304 0.903417 0.5204177 0.8917123 0.5883181 0.8920102 0.5429127 0.9056192 0.5347898 0.8919087 0.6128048 0.8917123 0.5883181 0.8830611 0.3972886 0.8868393 0.4193276 0.8962391 0.3697216 0.8853449 0.360021 0.8830611 0.3972886 0.8963034 0.3262286 0.8879403 0.4018018 0.8828992 0.3924523 0.8897786 0.3519671 0.892967 0.424309 0.8864768 0.4634348 0.8879403 0.4018018 0.8999127 0.5525614 0.8906693 0.6040772 0.8988005 0.5768029 0.8988005 0.5768029 0.8896936 0.6291561 0.8919087 0.6128048 0.897995 0.5250467 0.8877443 0.5813601 0.8906693 0.6040772 0.8850696 0.5430656 0.8877443 0.5813601 0.897995 0.5250467 0.8928182 0.4423348 0.8850696 0.5430656 0.894793 0.4898808 0.8900864 0.4996461 0.8812319 0.5550956 0.8794636 0.5075125 0.8920102 0.5429127 0.8833442 0.5968104 0.8812319 0.5550956 0.8868393 0.4193276 0.8828955 0.4961812 0.8928182 0.4423348 0.872876 0.4320854 0.8734481 0.429149 0.8853449 0.360021 0.8828992 0.3924523 0.872876 0.4320854 0.8855118 0.3568016 0.8917123 0.5883181 0.8805959 0.6576295 0.8833442 0.5968104 0.8830611 0.3972886 0.8782902 0.46688 0.8868393 0.4193276 0.8801448 0.4494795 0.8745816 0.4434241 0.8828992 0.3924523 0.8919087 0.6128048 0.8798341 0.6867607 0.8805959 0.6576295 0.8896936 0.6291561 0.8806695 0.6834493 0.8798341 0.6867607 0.8906693 0.6040772 0.8806402 0.6626661 0.8806695 0.6834493 0.8734481 0.429149 0.8658869 0.4970849 0.8830611 0.3972886 0.871977 0.6154392 0.8697314 0.5708131 0.8794636 0.5075125 0.8742458 0.6556956 0.871977 0.6154392 0.8812319 0.5550956 0.8782902 0.46688 0.8731375 0.5514583 0.8828955 0.4961812 0.8850696 0.5430656 0.8731102 0.611258 0.877405 0.6408688 0.8782902 0.46688 0.8681584 0.5252401 0.8731375 0.5514583 0.8745816 0.4434241 0.8661648 0.4966921 0.872876 0.4320854 0.8660854 0.775578 0.8701106 0.7256454 0.8805959 0.6576295 0.8711561 0.7426638 0.8660854 0.775578 0.8798341 0.6867607 0.87106 0.7207071 0.8711561 0.7426638 0.8806695 0.6834493 0.877405 0.6408688 0.87106 0.7207071 0.8806402 0.6626661 0.8734481 0.429149 0.8551014 0.542043 0.8658869 0.4970849 0.872876 0.4320854 0.8591114 0.5182261 0.8551014 0.542043 0.8706325 0.5100626 0.8619136 0.5674777 0.8661648 0.4966921 0.8697314 0.5708131 0.8619136 0.5674777 0.8706325 0.5100626 0.8617267 0.6848298 0.8593395 0.6410611 0.8697314 0.5708131 0.8639606 0.7247793 0.8617267 0.6848298 0.871977 0.6154392 0.8701106 0.7256454 0.8639606 0.7247793 0.8742458 0.6556956 0.8731102 0.611258 0.8669878 0.7031752 0.877405 0.6408688 0.8731375 0.5514583 0.8627621 0.6124194 0.8731102 0.611258 0.8661648 0.4966921 0.8581168 0.5493101 0.8591114 0.5182261 0.8697314 0.5708131 0.8593395 0.6410611 0.8619136 0.5674777 0.8731102 0.611258 0.861959 0.6776278 0.8669878 0.7031752 0.8681584 0.5252401 0.8571025 0.5914252 0.8627621 0.6124194 0.8701106 0.7256454 0.8594076 0.7979052 0.8639606 0.7247793 0.8619136 0.5674777 0.8549002 0.61505 0.8581168 0.5493101 0.8711561 0.7426638 0.860764 0.8094911 0.8660854 0.775578 0.87106 0.7207071 0.8621256 0.7764959 0.860764 0.8094911 0.8551014 0.542043 0.846622 0.6156759 0.8658869 0.4970849 0.8482841 0.6154498 0.847667 0.5930573 0.8591114 0.5182261 0.8549002 0.61505 0.8482841 0.6154498 0.8581168 0.5493101 0.8617267 0.6848298 0.8518854 0.7534294 0.8463559 0.7317504 0.8639606 0.7247793 0.8541058 0.7929294 0.8518854 0.7534294 0.8669878 0.7031752 0.8548727 0.7777872 0.8621256 0.7764959 0.861959 0.6776278 0.8548727 0.7777872 0.8669878 0.7031752 0.8571025 0.5914252 0.8488219 0.696924 0.8627621 0.6124194 0.8593395 0.6410611 0.8463559 0.7317504 0.8464744 0.6733699 0.8621256 0.7764959 0.8527517 0.8359385 0.860764 0.8094911 0.861959 0.6776278 0.8485539 0.7593822 0.8548727 0.7777872 0.8488219 0.696924 0.8485539 0.7593822 0.861959 0.6776278 0.846622 0.6156759 0.8441267 0.6711468 0.8571025 0.5914252 0.8518854 0.7534294 0.8398079 0.8387764 0.8463559 0.7317504 0.8541058 0.7929294 0.8419423 0.8780979 0.8398079 0.8387764 0.8594076 0.7979052 0.8436564 0.906075 0.8419423 0.8780979 0.8660854 0.775578 0.8464142 0.9068946 0.8436564 0.906075 0.860764 0.8094911 0.8467478 0.9008695 0.8464142 0.9068946 0.833101 0.6902408 0.8330279 0.6842467 0.8551014 0.542043 0.8339945 0.7132734 0.833101 0.6902408 0.847667 0.5930573 0.8464744 0.6733699 0.8339945 0.7132734 0.8482841 0.6154498 0.8548727 0.7777872 0.8438771 0.8460195 0.8527517 0.8359385 0.8485539 0.7593822 0.8438771 0.8460195 0.8548727 0.7777872 0.8527517 0.8359385 0.8408555 0.9113388 0.8467478 0.9008695 0.8485539 0.7593822 0.8363669 0.8339169 0.8438771 0.8460195 0.8342559 0.7859525 0.8363669 0.8339169 0.8485539 0.7593822 0.8227363 0.8033061 0.8342559 0.7859525 0.8488219 0.696924 0.8208604 0.7783302 0.8227363 0.8033061 0.8441267 0.6711468 0.8330279 0.6842467 0.8208604 0.7783302 0.846622 0.6156759 0.8438771 0.8460195 0.8304366 0.9288704 0.8408555 0.9113388 0.8363669 0.8339169 0.8304366 0.9288704 0.8438771 0.8460195 0.8398079 0.8387764 0.8270499 0.9288704 0.824697 0.8847768 0.8419423 0.8780979 0.8293253 0.9662517 0.8270499 0.9288704 0.8436564 0.906075 0.8312283 0.9912281 0.8293253 0.9662517 0.8464142 0.9068946 0.8324729 1 0.8312283 0.9912281 0.8467478 0.9008695 0.8328178 0.9912281 0.8324729 1 0.8408555 0.9113388 0.8321264 0.9662517 0.8328178 0.9912281 0.8363669 0.8339169 0.8280026 0.8847768 0.8304366 0.9288704 0.8252648 0.8406834 0.8280026 0.8847768 0.8363669 0.8339169 0.8227363 0.8033061 0.8252648 0.8406834 0.8342559 0.7859525 0.8199433 0.7783257 0.8199058 0.7695537 0.8330279 0.6842467 0.8208879 0.803302 0.8199433 0.7783257 0.833101 0.6902408 0.822553 0.8406832 0.8208879 0.803302 0.8339945 0.7132734 0 0 1 0 1 1 1 0 1 1 0 1 0 0 1 0 1 1 1 0 1 1 0 1 0 0 1 0 1 1 1 0 1 1 0 1 0 0.3902365 1 0 1 1 1 0 1 1 0 1 0 0 1 0 1 1 1 0 1 1 0 1 0 0 1 0 1 1 1 0 1 1 0 1 0 0 1 0 1 1 1 0 1 1 0 1 0 0 1 0 1 1 1 0 1 1 0 1 0 0 1 0 1 1 1 0 1 1 0 1 0 0 1 0 1 1 1 0 1 1 0 1 0 0 1 0 1 1 1 0 1 1 0 1 0 0 1 0 1 1 1 0 1 1 0 1 0 0 1 0 1 1 0 0 1 0 1 1 1 0 1 1 0 1 0 0.4563922 1 0 1 1 1 0 1 1 0 1 0 0 1 0 1 1 1 0 1 1 0 1 0 0 1 0 1 1 1 0 1 1 0 1 0 0 1 0 1 1 1 0 1 1 0 1 0 0 1 0 1 1 1 0 1 1 0 1 0 0 1 0 1 1 1 0 1 1 0 1 0 0 1 0 1 1 1 0 1 1 0 1 1 0 1 1 0 1 0 0 1 0 1 1 1 0 1 1 0 1 0 0 1 0 1 1 1 0 1 1 0 1 0 0.4193604 1 0 1 1 1 0 1 1 0 1 1 0 1 1 0 1 0 0 1 0 1 1 0 0 1 0 1 1 0 0 1 0 1 1 1 0 1 1 0 1 0 0 1 0 1 1 1 0 1 1 0 1 0 0 1 0 1 1 1 0 1 1 0 1 0 0 1 0 1 1 1 0 1 1 0 1 0 0 1 0 1 1 1 0 1 1 0 1 0 0 1 0 1 1 1 0 1 1 0 1 0 0 1 0 1 1 1 0 1 1 0 1 0 0.5243735 1 0 1 1 0 0 1 0 1 1 1 0 1 1 0 1 0 0 1 0 1 1 1 0 1 1 0 1 0 0.4866774 1 0 1 1 1 0 1 1 0 1 1 0 1 1 0 1 0 0 1 0 1 1 0 0 1 0 1 1 0 0 1 0 1 1 1 0 1 1 0 1 1 0 1 1 0 1 0 0 1 0 1 1 1 0 1 1 0 1 0 0 1 0 1 1 1 0 1 1 0 1 0 0 1 0 1 1 1 0 1 1 0 1 0 0 1 0 1 1 1 0 1 1 0 1 0 0 1 0 1 1 1 0 1 1 0 1 0 0 1 0 1 1 1 0 1 1 0 0.5164688 0 0 1 0 1 1 0 0 1 0 1 1 1 0 1 1 0 1 0 0 1 0 1 1 1 0 1 1 0 0.5412049 0 0 1 0 1 1 0 0 1 0 1 1 1 0 1 1 0 1 1 0 1 1 0 1 1 0 1 1 0 1 0 0 1 0 1 1 1 0 1 1 0 1 1 0 1 1 0 1 0 0 1 0 1 1 1 0 1 1 0 1 0 0 1 0 1 1 1 0 1 1 0 1 0 0 1 0 1 1 1 0 1 1 0 1 0 0 1 0 1 1 1 0 1 1 0 1 0 0 1 0 1 1 1 0 1 1 0 1 0 0 1 0 1 1 1 0 1 1 0 0.5107477 0 0 1 0 1 1 1 0 1 1 0 1 0 0 1 0 1 1 1 0 1 1 0 0.6198282 0 0 1 0 1 1 0 0 1 0 1 1 1 0 1 1 0 1 1 0 1 1 0 1 0 0 1 0 1 1 1 0 1 1 0 1 0 0 1 0 1 1 1 0 1 1 0 1 0 0 1 0 1 1 1 0 1 1 0 1 0 0 1 0 1 1 1 0 1 1 0 1 0 0 1 0 1 1 1 0 1 1 0 1 0 0 1 0 1 1 1 0 1 1 0 1 0 0 1 0 1 1 1 0 1 1 0 1 0 0 1 0 1 1 1 0 1 1 0 0.5597789 0 0 1 0 1 1 1 0 1 1 0 1 0 0 1 0 1 1 1 0 1 1 0 1 0 0 1 0 1 1 1 0 1 1 0 1 0 0 1 0 1 1 1 0 1 1 0 1 1 0 1 1 0 1 0 0 1 0 1 1 1 0 1 1 0 1 0 0 1 0 1 1 1 0 1 1 0 1 0 0 1 0 1 1 1 0 1 1 0 1 0 0 1 0 1 1 1 0 1 1 0 1 0 0 1 0 1 1 1 0 1 1 0 1 0 0 1 0 1 1 1 0 1 1 0 1 0 0 1 0 1 1 1 0 1 1 0 1 0 0 1 0 1 1 1 0 1 1 0 1 0 0.3902126 1 0 1 1 1 0 1 1 0 1 0 0 1 0 1 1 1 0 1 1 0 1 0 0 1 0 1 1 1 0 1 1 0 1 0 0 1 0 1 1 1 0 1 1 0 1 0 0 1 0 1 1 0 0 1 0 1 1 1 0 1 1 0 1 0 0 1 0 1 1 1 0 1 1 0 1 0 0 1 0 1 1 1 0 1 1 0 1 0 0 1 0 1 1 1 0 1 1 0 1 0 0 1 0 1 1 0 0 1 0 1 1 1 0 1 1 0 1 0 0 1 0 1 1 1 0 1 1 0 1 0 0 1 0 1 1 1 0 1 1 0 1 0 0.3801547 1 0 1 1 1 0 1 1 0 1 1 0 1 1 0 1 0 0 1 0 1 1 1 0 1 1 0 1 0 0 1 0 1 1 1 0 1 1 0 1 0 0 1 0 1 1 1 0 1 1 0 1 0 0 1 0 1 1 0 0 1 0 1 1 0 0 1 0 1 1 1 0 1 1 0 1 0 0 1 0 1 1 1 0 1 1 0 1 0 0 1 0 1 1 1 0 1 1 0 1 0 0 1 0 1 1 1 0 1 1 0 1 1 0 1 1 0 1 0 0 1 0 1 1 1 0 1 1 0 1 0 0 1 0 1 1 1 0 1 1 0 1 0 0.4588584 1 0 1 1 1 0 1 1 0 1 1 0 1 1 0 1 0 0 1 0 1 1 1 0 1 1 0 1 0 0 1 0 1 1 1 0 1 1 0 1 0 0 1 0 1 1 1 0 1 1 0 1 0 0 1 0 1 1 0 0 1 0 1 1 0 0 1 0 1 1 1 0 1 1 0 1 0 0 1 0 1 1 1 0 1 1 0 1 0 0 1 0 1 1 1 0 1 1 0 1 0 0 1 0 1 1 1 0 1 1 0 1 0 0 1 0 1 1 1 0 1 1 0 1 0 0 1 0 1 1 1 0 1 1 0 1 0 0 1 0 1 1 1 0 1 1 0 0.5133639 0 0 1 0 1 1 0 0 1 0 1 1 1 0 1 1 0 1 0 0 1 0 1 1 1 0 1 1 0 1 0 0 1 0 1 1 1 0 1 1 0 1 0 0 1 0 1 1 1 0 1 1 0 1 1 0 1 1 0 1 1 0 1 1 0 1 0 0 1 0 1 1 1 0 1 1 0 1 0 0 1 0 1 1 1 0 1 1 0 1 0 0 1 0 1 1 1 0 1 1 0 1 0 0 1 0 1 1 1 0 1 1 0 1 0 0 1 0 1 1 1 0 1 1 0 1 0 0 1 0 1 1 1 0 1 1 0 0.5806773 0 0 1 0 1 1 0 0 1 0 1 1 1 0 1 1 0 1 0 0 1 0 1 1 1 0 1 1 0 1 0 0 1 0 1 1 1 0 1 1 0 1 0 0 1 0 1 1 1 0 1 1 0 1 0 0 1 0 1 1 1 0 1 1 0 1 1 0 1 1 0 1 0 0 1 0 1 1 1 0 1 1 0 1 0 0 1 0 1 1 1 0 1 1 0 1 0 0 1 0 1 1 1 0 1 1 0 1 0 0 1 0 1 1 1 0 1 1 0 1 0 0 1 0 1 1 1 0 1 1 0 1 0 0 1 0 1 1 1 0 1 1 0 1 0 0 1 0 1 1 1 0 1 1 0 0.5597587 0 0 1 0 1 1 1 0 1 1 0 1 0 0 1 0 1 1 1 0 1 1 0 1 0 0 1 0 1 1 1 0 1 1 0 1 0 0 1 0 1 1 1 0 1 1 0 1 0 0 1 0 1 1 1 0 1 1 0 1 1 0 1 1 0 1 0 0 1 0 1 1 1 0 1 1 0 1 0 0 1 0 1 1 1 0 1 1 0 1 0 0 1 0 1 1 1 0 1 1 0 1 0 0 1 0 1 1 1 0 1 1 0 1 0 0 1 0 1 1 1 0 1 1 0 1 0 0 1 0 1 1 1 0 1 1 0 1 0 0 1 0 1 1 1 0 1 1 0 1 0 0 1 0 1 1 1 0 1 1 0 1 0 0 1 0 1 1 0 0 1 0 1 1 1 0 1 1 0 1 0 0 1 0 1 1 1 0 1 1 0 1 0 0 1 0 1 1 1 0 1 1 0 1 0 0 1 0 1 1 1 0 1 1 0 1 0 0 1 0 1 1 1 0 1 1 0 1 0 0 1 0 1 1 1 0 1 1 0 1 0 0.4398226 1 0 1 1 1 0 1 1 0 1 0 0 1 0 1 1 1 0 1 1 0 1 0 0 1 0 1 1 1 0 1 1 0 1 0 0 1 0 1 1 1 0 1 1 0 1 0 0 1 0 1 1 1 0 1 1 0 1 0 0 1 0 1 1 0 0 1 0 1 1 1 0 1 1 0 1 0 0 1 0 1 1 1 0 1 1 0 1 0 0 1 0 1 1 1 0 1 1 0 1 0 0 1 0 1 1 1 0 1 1 0 1 0 0 1 0 1 1 1 0 1 1 0 1 0 0 1 0 1 1 1 0 1 1 0 1 0 0.4193458 1 0 1 1 1 0 1 1 0 1 1 0 1 1 0 1 0 0 1 0 1 1 1 0 1 1 0 1 0 0 1 0 1 1 1 0 1 1 0 1 0 0 1 0 1 1 1 0 1 1 0 1 0 0 1 0 1 1 1 0 1 1 0 1 0 0 1 0 1 1 0 0 1 0 1 1 0 0 1 0 1 1 1 0 1 1 0 1 0 0 1 0 1 1 1 0 1 1 0 1 0 0 1 0 1 1 1 0 1 1 0 1 0 0 1 0 1 1 1 0 1 1 0 1 0 0 1 0 1 1 1 0 1 1 0 1 0 0 1 0 1 1 0 0.4866955 1 0 1 1 1 0 1 1 0 1 1 0 1 1 0 1 0 0 1 0 1 1 1 0 1 1 0 1 0 0 1 0 1 1 1 0 1 1 0 1 0 0 1 0 1 1 1 0 1 1 0 1 0 0 1 0 1 1 1 0 1 1 0 1 0 0 1 0 1 1 1 0 1 1 0 1 1 0 1 1 0 1 0 0 1 0 1 1 1 0 1 1 0 1 0 0 1 0 1 1 1 0 1 1 0 1 0 0 1 0 1 1 1 0 1 1 0 1 0 0 1 0 1 1 1 0 1 1 0 1 0 0 1 0 1 1 1 0 1 1 0 1 1 0 1 1 0 1 0 0 1 0 1 1 0 0 1 0 1 1 1 0 1 1 0 1 0 0 1 0 1 1 1 0 1 1 0 1 0 0 1 0 1 1 1 0 1 1 0 1 0 0 1 0 1 1 1 0 1 1 0 1 0 0 1 0 1 1 1 0 1 1 0 1 0 0 1 0 1 1 1 0 1 1 0 0.5411395 1 0 1 1 0 1 0 0 1 0 1 1 1 0 1 1 0 1 0 0 1 0 1 1 1 0 1 1 0 1 0 0 1 0 1 1 1 0 1 1 0 1 0 0 1 0 1 1 1 0 1 1 0 1 0 0 1 0 1 1 1 0 1 1 0 1 1 0 1 1 0 1 0 0 1 0 1 1 1 0 1 1 0 1 0 0 1 0 1 1 1 0 1 1 0 1 0 0 1 0 1 1 1 0 1 1 0 1 0 0 1 0 1 1 1 0 1 1 0 1 0 0 1 0 1 1 1 0 1 1 0 1 0 0 1 0 1 1 1 0 1 1 0 0.6198448 0 0 1 0 1 1 1 0 1 1 0 1 0 0 1 0 1 1 1 0 1 1 0 1 0 0 1 0 1 1 1 0 1 1 0 1 0 0 1 0 1 1 1 0 1 1 0 0.4420362 0 0 1 0 1 1 1 0 1 1 0 1 1 0 1 1 0 1 0 0 1 0 1 1 1 0 1 1 0 1 0 0 1 0 1 1 1 0 1 1 0 1 0 0 1 0 1 1 1 0 1 1 0 1 0 0 1 0 1 1 1 0 1 1 0 1 0 0 1 0 1 1 1 0 1 1 0 1 0 0 1 0 1 1 1 0 1 1 0 1 0 0 1 0 1 1 1 0 1 1 0 1 0 0 1 0 1 1 1 0 1 1 0 1 0 0 1 0 1 1 1 0 1 1 0 1 0 0 1 0 1 1 1 0 1 1 0 1 0 0 1 0 1 1 1 0 1 1 0 1 0 0.3898497 1 0 1 1 1 0 1 1 0 1 0 0 1 0 1 1 0 0 1 0 1 1 1 0 1 1 0 1 0 0 1 0 1 1 1 0 1 1 0 1 0 0 1 0 1 1 0 0 1 0 1 1 1 0 1 1 0 1 0 0 1 0 1 1 1 0 1 1 0 1 0 0 1 0 1 1 1 0 1 1 0 1 0 0 1 0 1 1 1 0 1 1 0 1 0 0 1 0 1 1 1 0 1 1 0 1 0 0 1 0 1 1 1 0 1 1 0 1 0 0 1 0 1 1 1 0 1 1 0 1 0 0 1 0 1 1 1 0 1 1 0 1 0 0 1 0 1 1 1 0 1 1 0 1 0 0.4561187 1 0 1 1 1 0 1 1 0 1 0 0 1 0 1 1 0 0 1 0 1 1 1 0 1 1 0 1 0 0 1 0 1 1 1 0 1 1 0 1 0 0 1 0 1 1 1 0 1 1 0 1 1 0 1 1 0 0.4193143 0 0 1 0 1 1 0 0 1 0 1 1 1 0 1 1 0 1 0 0 1 0 1 1 1 0 1 1 0 1 0 0 1 0 1 1 1 0 1 1 0 1 0 0.4193358 1 0 1 1 1 0 1 1 0 1 1 0 1 1 0 1 0 0 1 0 1 1 1 0 1 1 0 1 0 0 1 0 1 1 1 0 1 1 0 1 0 0.5243627 1 0 1 1 1 0 1 1 0 1 0 0 1 0 1 1 0 0 1 0 1 1 1 0 1 1 0 1 0 0 1 0 1 1 1 0 1 1 0 1 0 0 1 0 1 1 1 0 1 1 0 1 0 0 1 0 1 1 0 0 1 0 1 1 0 0 1 0 1 1 1 0 1 1 0 1 0 0 1 0 1 1 1 0 1 1 0 1 0 0 1 0 1 1 1 0 1 1 0 1 0 0.4866771 1 0 1 1 1 0 1 1 0 1 1 0 1 1 0 1 0 0 1 0 1 1 1 0 1 1 0 0.4866416 1 0 1 1 0 1 0 0 1 0 1 1 1 0 1 1 0 0.5165292 0 0 1 0 1 1 1 0 1 1 0 1 1 0 1 1 0 1 0 0 1 0 1 1 1 0 1 1 0 1 0 0 1 0 1 1 1 0 1 1 0 1 0 0 1 0 1 1 1 0 1 1 0 1 0 0 1 0 1 1 1 0 1 1 0 1 0 0 1 0 1 1 1 0 1 1 0 1 0 0 1 0 1 1 1 0 1 1 0 1 0 0 1 0 1 1 1 0 1 1 0 0.5411462 0 0 1 0 1 1 0 0 1 0 1 1 1 0 1 1 0 1 0 0.5411121 1 0 1 1 1 0 1 1 0 1 1 0 1 1 0 0.5109239 0 0 1 0 1 1 1 0 1 1 0 1 1 0 1 1 0 1 0 0 1 0 1 1 1 0 1 1 0 1 0 0 1 0 1 1 1 0 1 1 0 1 0 0 1 0 1 1 1 0 1 1 0 1 0 0 1 0 1 1 1 0 1 1 0 1 0 0 1 0 1 1 0 0 1 0 1 1 1 0 1 1 0 1 0 0 1 0 1 1 1 0 1 1 0 1 0 0 1 0 1 1 1 0 1 1 0 0.6198408 0 0 1 0 1 1 0 0 1 0 1 1 1 0 1 1 0 1 0 0.6198754 1 0 1 1 1 0 1 1 0 1 1 0 1 1 0 1 0 0 1 0 1 1 1 0 1 1 0 1 1 0 1 1 0 1 0 0 1 0 1 1 1 0 1 1 0 1 0 0 1 0 1 1 1 0 1 1 0 1 0 0 1 0 1 1 1 0 1 1 0 1 0 0 1 0 1 1 1 0 1 1 0 1 0 0 1 0 1 1 1 0 1 1 0 0.5602065 1 0 1 1 0 1 0 0 1 0 1 1 1 0 1 1 0 1 0 0 1 0 1 1 1 0 1 1 0 1 0 0 1 0 1 1 1 0 1 1 0 0.5266625 0 0 1 0 1 1 1 0 1 1 0 1 0 0 1 0 1 1 1 0 1 1 0 1 0 0 1 0 1 1 1 0 1 1 0 1 0 0 1 0 1 1 0 0 1 0 1 1 1 0 1 1 0 1 0 0.390227 1 0 1 1 1 0 1 1 0 1 0 0 1 0 1 1 1 0 1 1 0 1 0 0 1 0 1 1 1 0 1 1 0 1 0 0 1 0 1 1 1 0 1 1 0 1 0 0 1 0 1 1 1 0 1 1 0 1 0 0 1 0 1 1 1 0 1 1 0 1 1 0 1 1 0 1 0 0 1 0 1 1 1 0 1 1 0 1 0 0 1 0 1 1 1 0 1 1 0 1 0 0 1 0 1 1 1 0 1 1 0 1 0 0 1 0 1 1 0 0 1 0 1 1 1 0 1 1 0 1 0 0 1 0 1 1 1 0 1 1 0 1 0 0 1 0 1 1 0 0 1 0 1 1 1 0 1 1 0 1 0 0 1 0 1 1 1 0 1 1 0 1 0 0 1 0 1 1 1 0 1 1 0 1 0 0 1 0 1 1 1 0 1 1 0 1 0 0 1 0 1 1 1 0 1 1 0 1 0 0.3801619 1 0 1 1 1 0 1 1 0 1 1 0 1 1 0 1 0 0 1 0 1 1 1 0 1 1 0 1 0 0 1 0 1 1 1 0 1 1 0 1 0 0 1 0 1 1 1 0 1 1 0 1 0 0 1 0 1 1 0 0 1 0 1 1 0 0 1 0 1 1 1 0 1 1 0 1 0 0 1 0 1 1 1 0 1 1 0 1 0 0 1 0 1 1 1 0 1 1 0 1 0 0 1 0 1 1 1 0 1 1 0 1 0 0 1 0 1 1 1 0 1 1 0 1 0 0 1 0 1 1 1 0 1 1 0 1 0 0.4588076 1 0 1 1 1 0 1 1 0 1 1 0 1 1 0 1 0 0 1 0 1 1 1 0 1 1 0 1 0 0 1 0 1 1 1 0 1 1 0 1 0 0 1 0 1 1 1 0 1 1 0 1 0 0 1 0 1 1 0 0 1 0 1 1 0 0 1 0 1 1 1 0 1 1 0 1 0 0 1 0 1 1 1 0 1 1 0 1 0 0 1 0 1 1 1 0 1 1 0 1 0 0 1 0 1 1 1 0 1 1 0 1 0 0 1 0 1 1 1 0 1 1 0 1 0 0 1 0 1 1 1 0 1 1 0 1 0 0 1 0 1 1 1 0 1 1 0 0.5133226 0 0 1 0 1 1 0 0 1 0 1 1 1 0 1 1 0 1 0 0 1 0 1 1 1 0 1 1 0 1 0 0 1 0 1 1 1 0 1 1 0 1 0 0 1 0 1 1 1 0 1 1 0 1 1 0 1 1 0 1 1 0 1 1 0 1 0 0 1 0 1 1 1 0 1 1 0 1 0 0 1 0 1 1 1 0 1 1 0 1 0 0 1 0 1 1 1 0 1 1 0 1 1 0 1 1 0 1 0 0 1 0 1 1 1 0 1 1 0 1 0 0 1 0 1 1 1 0 1 1 0 1 0 0 1 0 1 1 1 0 1 1 0 0.5806342 0 0 1 0 1 1 0 0 1 0 1 1 1 0 1 1 0 1 0 0 1 0 1 1 1 0 1 1 0 1 0 0 1 0 1 1 1 0 1 1 0 1 0 0 1 0 1 1 1 0 1 1 0 1 1 0 1 1 0 1 1 0 1 1 0 1 0 0 1 0 1 1 1 0 1 1 0 1 0 0 1 0 1 1 1 0 1 1 0 1 0 0 1 0 1 1 1 0 1 1 0 1 0 0 1 0 1 1 0 0 1 0 1 1 1 0 1 1 0 1 0 0 1 0 1 1 1 0 1 1 0 1 0 0 1 0 1 1 1 0 1 1 0 1 0 0 1 0 1 1 1 0 1 1 0 0.5597724 0 0 1 0 1 1 1 0 1 1 0 1 0 0 1 0 1 1 1 0 1 1 0 1 0 0 1 0 1 1 1 0 1 1 0 1 0 0 1 0 1 1 1 0 1 1 0 1 1 0 1 1 0 1 0 0 1 0 1 1 1 0 1 1 0 1 0 0 1 0 1 1 1 0 1 1 0 1 0 0 1 0 1 1 1 0 1 1 0 1 0 0 1 0 1 1 1 0 1 1 0 1 0 0 1 0 1 1 1 0 1 1 0 1 0 0 1 0 1 1 1 0 1 1 0 1 0 0 1 0 1 1 1 0 1 1 0 1 0 0 1 0 1 1 1 0 1 1 0 1 0 0.3901987 1 0 1 1 1 0 1 1 0 1 0 0 1 0 1 1 1 0 1 1 0 1 0 0 1 0 1 1 1 0 1 1 0 1 0 0 1 0 1 1 1 0 1 1 0 1 0 0 1 0 1 1 0 0 1 0 1 1 1 0 1 1 0 1 0 0 1 0 1 1 1 0 1 1 0 1 0 0 1 0 1 1 1 0 1 1 0 1 0 0 1 0 1 1 1 0 1 1 0 1 0 0 1 0 1 1 1 0 1 1 0 1 0 0 1 0 1 1 1 0 1 1 0 1 0 0 1 0 1 1 1 0 1 1 0 1 0 0 1 0 1 1 1 0 1 1 0 1 0 0.4564002 1 0 1 1 1 0 1 1 0 1 0 0 1 0 1 1 1 0 1 1 0 1 0 0 1 0 1 1 1 0 1 1 0 1 0 0 1 0 1 1 1 0 1 1 0 1 0 0 1 0 1 1 1 0 1 1 0 1 0 0 1 0 1 1 0 0 1 0 1 1 1 0 1 1 0 1 0 0 1 0 1 1 1 0 1 1 0 1 0 0 1 0 1 1 1 0 1 1 0 1 0 0.4193249 1 0 1 1 1 0 1 1 0 1 1 0 1 1 0 1 0 0 1 0 1 1 1 0 1 1 0 1 0 0 1 0 1 1 1 0 1 1 0 1 0 0.5243991 1 0 1 1 1 0 1 1 0 1 0 0 1 0 1 1 1 0 1 1 0 1 0 0 1 0 1 1 1 0 1 1 0 1 0 0 1 0 1 1 1 0 1 1 0 1 0 0 1 0 1 1 1 0 1 1 0 1 0 0 1 0 1 1 0 0 1 0 1 1 0 0 1 0 1 1 1 0 1 1 0 1 0 0 1 0 1 1 1 0 1 1 0 1 0 0 1 0 1 1 1 0 1 1 0 1 0 0.4866362 1 0 1 1 1 0 1 1 0 1 1 0 1 1 0 1 0 0 1 0 1 1 1 0 1 1 0 1 0 0 1 0 1 1 1 0 1 1 0 0.5165526 0 0 1 0 1 1 1 0 1 1 0 1 0 0 1 0 1 1 1 0 1 1 0 1 0 0 1 0 1 1 1 0 1 1 0 1 0 0 1 0 1 1 1 0 1 1 0 1 0 0 1 0 1 1 1 0 1 1 0 1 0 0 1 0 1 1 1 0 1 1 0 1 0 0 1 0 1 1 1 0 1 1 0 1 0 0 1 0 1 1 1 0 1 1 0 1 0 0 1 0 1 1 1 0 1 1 0 0.5411481 0 0 1 0 1 1 0 0 1 0 1 1 1 0 1 1 0 1 1 0 1 1 0 1 0 0 1 0 1 1 1 0 1 1 0 0.5107095 0 0 1 0 1 1 1 0 1 1 0 1 0 0 1 0 1 1 1 0 1 1 0 1 0 0 1 0 1 1 1 0 1 1 0 1 0 0 1 0 1 1 1 0 1 1 0 1 0 0 1 0 1 1 1 0 1 1 0 1 0 0 1 0 1 1 1 0 1 1 0 1 1 0 1 1 0 1 0 0 1 0 1 1 1 0 1 1 0 1 0 0 1 0 1 1 1 0 1 1 0 1 0 0 1 0 1 1 1 0 1 1 0 0.6198453 0 0 1 0 1 1 0 0 1 0 1 1 1 0 1 1 0 1 1 0 1 1 0 1 1 0 1 1 0 0.5597718 0 0 1 0 1 1 1 0 1 1 0 1 0 0 1 0 1 1 1 0 1 1 0 1 0 0 1 0 1 1 1 0 1 1 0 1 0 0 1 0 1 1 1 0 1 1 0 1 0 0 1 0 1 1 1 0 1 1 0 1 0 0 1 0 1 1 1 0 1 1 0 1 0 0 1 0 1 1 1 0 1 1 0 1 0 0 1 0 1 1 1 0 1 1 0 1 0 0 1 0 1 1 1 0 1 1 0 1 0 0 1 0 1 1 1 0 1 1 0 1 0 0 1 0 1 1 1 0 1 1 0 1 1 0 1 1 0 1 0 0 1 0 1 1 1 0 1 1 0 1 0 0 1 0 1 1 1 0 1 1 0 0.4999091 1 0 1 1 0 1 1 0 1 1 0 1 1 0 1 1 0 1 0 0 1 0 1 1 1 0 1 1 0 1 1 0 1 1 0 1 1 0 1 1 0 1 1 0 1 1 0 1 1 0 1 1 0 1 1 0 1 1 0 1 1 0 1 1 0 1 0 0 1 0 1 1 1 0 1 1 0 1 1 0 1 1 0 1 1 0 1 1 0 1 1 0 1 1 0 0.3310849 1 0 1 1 0 1 0 0 1 0 1 1 1 0 1 1 0 1 0 0 1 0 1 1 0 0 1 0 1 1 1 0 1 1 0 1 0 0 1 0 1 1 0 0 1 0 1 1 1 0 1 1 0 1 0 0 1 0 1 1 1 0 1 1 0 1 1 0 1 1 0 1 1 0 1 1 0 1 1 0 1 1 0 1 0 0 1 0 1 1 0 0 1 0 1 1 1 0 1 1 0 1 0 0 1 0 1 1 1 0 1 1 0 1 1 0 1 1 0 1 0 0 1 0 1 1 1 0 1 1 0 1 1 0 1 1 0 1 1 0 1 1 0 0.5307651 1 0 1 1 0 1 1 0 1 1 0 1 1 0 1 1 0 1 1 0 1 1 0 1 0 0 1 0 1 1 0 0 1 0 1 1 1 0 1 1 0 1 0 0 1 0 1 1 1 0 1 1 0 1 1 0 1 1 0 1 0 0 1 0 1 1 0 0 1 0 1 1 1 0 1 1 0 1 1 0 1 1 0 1 1 0 1 1 0 1 1 0 1 1 0 1 1 0 1 1 0 1 0 0 1 0 1 1 1 0 1 1 0 0.4727457 1 0 1 1 0 1 0 0 1 0 1 1 0 0.457578 1 0 1 1 0 0 1 0 1 1 1 0 1 1 0 1 1 0 1 1 0 1 1 0 1 1 0 0.530678 1 0 1 1 0 1 1 0 1 1 0 1 1 0 1 1 0 1 1 0 1 1 0 1 0 0 1 0 1 1 1 0 1 1 0 1 1 0 1 1 0 1 0 0 1 0 1 1 0 0 1 0 1 1 1 0 1 1 0 1 0 0 1 0 1 1 1 0 1 1 0 1 1 0 1 1 0 1 1 0 1 1 0 1 1 0 1 1 0 1 1 0 1 1 0 1 1 0 1 1 0 1 1 0 1 1 0 1 1 0 1 1 0 1 0 0 1 0 1 1 1 0 1 1 0 1 0 0.5886568 1 0 1 1 1 0 1 1 0 1 0 0 1 0 1 1 1 0 1 1 0 1 1 0 1 1 0 1 1 0 1 1 0 1 1 0 1 1 0 1 1 0 1 1 0 1 0 0 1 0 1 1 1 0 1 1 0 1 0 0 1 0 1 1 0 0 1 0 1 1 0 0 1 0 1 1 0 0 1 0 1 1 0 0 1 0 1 1 1 0 1 1 0 1 0 0 1 0 1 1 1 0 1 1 0 1 1 0 1 1 0 0.4999172 1 0 1 1 0 1 1 0 1 1 0 1 0 0 1 0 1 1 1 0 1 1 0 1 1 0 1 1 0 1 1 0 1 1 0 1 1 0 1 1 0 1 0 0 1 0 1 1 1 0 1 1 0 1 1 0 1 1 0 1 0 0 1 0 1 1 0 0 1 0 1 1 1 0 1 1 0 1 1 0 1 1 0 1 1 0 1 1 0 1 1 0 1 1 0 1 1 0 1 1 0 1 0 0 1 0 1 1 0 0 1 0 1 1 1 0 1 1 0 1 0 0 1 0 1 1 1 0 1 1 0 1 1 0 1 1 0 1 1 0 1 1 0 0.427182 1 0 1 1 0 1 1 0 1 1 0 1 1 0 1 1 0 1 1 0 1 1 0 1 0 0 1 0 1 1 0 0 1 0 1 1 1 0 1 1 0 1 1 0 1 1 0 1 0 0 1 0 1 1 0 0 1 0 1 1 1 0 1 1 0 1 1 0 1 1 0 1 0 0 1 0 1 1 1 0 1 1 0 1 1 0 1 1 0 1 1 0 1 1 0 1 1 0 1 1 0 1 0 0.500001 1 0 1 1 1 0 1 1 0 1 1 0 1 1 0 1 1 0 1 1 0 1 1 0 1 1 0 1 1 0 1 1 0 0.4999504 1 0 1 1 0 1 1 0 1 1 0 1 1 0 1 1 0 1 1 0 1 1 0 1 1 0 1 1 0 1 1 0 1 1 0 1 1 0 1 1 0 1 0 0 1 0 1 1 0 0.4999954 1 0 1 1 1 0 1 1 0 1 1 0 1 1 0 1 1 0 1 1 0 1 0 0 1 0 1 1 1 0 1 1 0 1 0 0 1 0 1 1 0 0 1 0 1 1 0 0 1 0 1 1 1 0 1 1 0 1 1 0 1 1 0 0.4156532 1 0 1 1 0 1 0 0 1 0 1 1 0 0 1 0 1 1 1 0 1 1 0 0.5001141 1 0 1 1 0 1 0 0 1 0 1 1 1 0 1 1 0 1 1 0 1 1 0 1 0 0 1 0 1 1 1 0 1 1 0 1 1 0 1 1 0 1 0 0 1 0 1 1 1 0 1 1 0 1 1 0 1 1 0 1 1 0 1 1 0 1 1 0 1 1 0 1 0 0 1 0 1 1 1 0 1 1 0 1 0 0 1 0 1 1 1 0 1 1 0 1 0 0 1 0 1 1 1 0 1 1 0 1 1 0 1 1 0 1 0 0.4157485 1 0 1 1 1 0 1 1 0 1 1 0 1 1 0 1 1 0 1 1 0 1 1 0 1 1 0 1 0 0 1 0 1 1 1 0 1 1 0 0.4726985 1 0 1 1 0 1 1 0 1 1 0 1 0 0.5424398 1 0 1 1 1 0 1 1 0 1 0 0 1 0 1 1 1 0 1 1 0 1 1 0 1 1 0 1 0 0 1 0 1 1 1 0 1 1 0 1 0 0 1 0 1 1 1 0 1 1 0 1 0 0 1 0 1 1 1 0 1 1 0 1 1 0 1 1 0 1 1 0 1 1 0 1 1 0 1 1 0 1 1 0 1 1 0 1 0 0.4575669 1 0 1 1 1 0 1 1 0 1 1 0 1 1 0 1 1 0 1 1 0 1 1 0 1 1 0 1 1 0 1 1 0 1 1 0 1 1 0 1 1 0 1 1 0 1 1 0 1 1 0 1 0 0 1 0 1 1 1 0 1 1 0 1 0 0 1 0 1 1 1 0 1 1 0 1 0 0 1 0 1 1 1 0 1 1 0 1 1 0 1 1 0 1 1 0 1 1 0 1 1 0 1 1 0 1 1 0 1 1 0 1 1 0 1 1 0 1 1 0 1 1 0 1 0 0 1 0 1 1 0 0 1 0 1 1 0 0 1 0 1 1 1 0 1 1 0 1 0 0.588649 1 0 1 1 1 0 1 1 0 1 1 0 1 1 0 1 1 0 1 1 0 1 1 0 1 1 0 1 1 0 1 1 0 1 0 0 1 0 1 1 0 0 1 0 1 1 0 0 1 0 1 1 1 0 1 1 0 1 0 0 1 0 1 1 1 0 1 1 0 1 0 0 1 0 1 1 1 0 1 1 0 1 0 0 1 0 1 1 1 0 1 1 0 1 1 0 1 1 0 0.499916 0 0 1 0 1 1 0 0 1 0 1 1 0 0 1 0 1 1 1 0 1 1 0 1 1 0 1 1 0 1 1 0 1 1 0 1 1 0 1 1 0 1 1 0 1 1 0 1 1 0 1 1 0 1 1 0 1 1 0 1 0 0 1 0 1 1 1 0 1 1 0 1 1 0 1 1 0 1 0 0 1 0 1 1 1 0 1 1 0 1 0 0 1 0 1 1 0 0 1 0 1 1 0 0 1 0 1 1 1 0 1 1 0 1 1 0 1 1 0 1 0 0 1 0 1 1 1 0 1 1 0 1 1 0 1 1 0 1 1 0 1 1 0 0.500074 1 0 1 1 0 1 1 0 1 1 0 1 0 0 1 0 1 1 1 0 1 1 0 1 1 0 1 1 0 1 0 0 1 0 1 1 1 0 1 1 0 1 0 0 1 0 1 1 0 0 1 0 1 1 1 0 1 1 0 1 0 0 1 0 1 1 0 0 1 0 1 1 0 0 1 0 1 1 1 0 1 1 0 1</float_array>
          <technique_common>
            <accessor source="#GanondorfNecklace_LOD2-mesh-map-0-array" count="11136" stride="2">
              <param name="S" type="float"/>
              <param name="T" type="float"/>
            </accessor>
          </technique_common>
        </source>
        <vertices id="GanondorfNecklace_LOD2-mesh-vertices">
          <input semantic="POSITION" source="#GanondorfNecklace_LOD2-mesh-positions"/>
        </vertices>
        <triangles material="Gold-material" count="3096">
          <input semantic="VERTEX" source="#GanondorfNecklace_LOD2-mesh-vertices" offset="0"/>
          <input semantic="NORMAL" source="#GanondorfNecklace_LOD2-mesh-normals" offset="1"/>
          <input semantic="TEXCOORD" source="#GanondorfNecklace_LOD2-mesh-map-0" offset="2" set="0"/>
          <p>12 0 0 10 1 1 11 2 2 13 3 3 10 1 4 12 0 5 13 3 6 9 4 7 10 1 8 14 5 9 9 4 10 13 3 11 14 5 12 8 6 13 9 4 14 15 7 15 8 6 16 14 5 17 15 7 18 7 8 19 8 6 20 0 9 21 7 8 22 15 7 23 0 9 24 6 10 25 7 8 26 1 11 27 6 10 28 0 9 29 1 11 30 5 12 31 6 10 32 2 13 33 5 12 34 1 11 35 2 13 36 4 14 37 5 12 38 3 15 39 4 14 40 2 13 41 26 16 42 28 17 43 27 18 44 26 16 45 29 19 46 28 17 47 25 20 48 29 19 49 26 16 50 25 20 51 30 21 52 29 19 53 24 22 54 30 21 55 25 20 56 24 22 57 31 23 58 30 21 59 23 24 60 31 23 61 24 22 62 23 24 63 16 25 64 31 23 65 22 26 66 16 25 67 23 24 68 22 26 69 17 27 70 16 25 71 21 28 72 17 27 73 22 26 74 21 28 75 18 29 76 17 27 77 20 30 78 18 29 79 21 28 80 20 30 81 19 31 82 18 29 83 48 32 84 47 33 85 32 34 86 49 35 87 32 34 88 33 36 89 50 37 90 33 36 91 34 38 92 51 39 93 34 38 94 35 40 95 52 41 96 36 42 97 37 43 98 53 44 99 37 43 100 38 45 101 41 46 102 54 47 103 40 48 104 44 49 105 55 50 106 43 51 107 45 52 108 56 53 109 44 49 110 46 54 111 57 55 112 45 52 113 54 47 114 59 56 115 39 57 116 61 58 117 51 39 118 36 42 119 62 59 120 36 42 121 52 41 122 63 60 123 52 41 124 53 44 125 59 56 126 63 60 127 53 44 128 41 46 129 64 61 130 54 47 131 42 62 132 65 63 133 41 46 134 55 50 135 66 64 136 42 62 137 67 65 138 63 60 139 59 56 140 64 61 141 67 65 142 59 56 143 57 55 144 68 66 145 56 53 146 60 67 147 69 68 148 57 55 149 58 69 150 70 70 151 60 67 152 72 71 153 71 72 154 48 32 155 73 73 156 48 32 157 49 35 158 74 74 159 49 35 160 50 37 161 75 75 162 50 37 163 51 39 164 68 66 165 76 76 166 55 50 167 77 77 168 62 59 169 63 60 170 67 65 171 77 77 172 63 60 173 65 63 174 78 78 175 64 61 176 70 70 177 79 79 178 69 68 179 81 80 180 75 75 181 61 58 182 82 81 183 61 58 184 62 59 185 83 82 186 77 77 187 67 65 188 78 78 189 83 82 190 67 65 191 66 64 192 84 83 193 65 63 194 76 76 195 85 84 196 66 64 197 87 85 198 86 86 199 72 71 200 88 87 201 72 71 202 73 73 203 79 79 204 89 88 205 68 66 206 91 89 207 88 87 208 74 74 209 92 90 210 82 81 211 77 77 212 88 87 213 93 91 214 87 85 215 91 89 216 94 92 217 88 87 218 96 93 219 83 82 220 78 78 221 97 94 222 76 76 223 89 88 224 98 95 225 89 88 226 79 79 227 93 91 228 104 96 229 86 86 230 81 80 231 99 97 232 75 75 233 82 81 234 100 98 235 81 80 236 92 90 237 101 99 238 82 81 239 95 100 240 102 101 241 92 90 242 103 102 243 96 93 244 84 83 245 104 96 246 90 103 247 86 86 248 106 104 249 85 84 250 76 76 251 107 105 252 98 95 253 90 103 254 104 96 255 107 105 256 90 103 257 94 92 258 108 106 259 93 91 260 91 89 261 109 107 262 94 92 263 110 108 264 105 109 265 96 93 266 111 110 267 106 104 268 97 94 269 112 111 270 97 94 271 98 95 272 113 112 273 99 97 274 100 98 275 114 113 276 100 98 277 101 99 278 115 114 279 101 99 280 102 101 281 85 84 282 116 115 283 103 102 284 106 104 285 117 116 286 85 84 287 119 117 288 109 107 289 91 89 290 110 108 291 120 118 292 105 109 293 122 119 294 118 120 295 108 106 296 123 121 297 108 106 298 109 107 299 116 115 300 124 122 301 110 108 302 111 110 303 125 123 304 106 104 305 112 111 306 126 124 307 111 110 308 121 125 309 127 126 310 112 111 311 129 127 312 119 117 313 99 97 314 130 128 315 99 97 316 113 112 317 131 129 318 113 112 319 114 113 320 132 130 321 114 113 322 115 114 323 120 118 324 132 130 325 115 114 326 124 122 327 133 131 328 120 118 329 117 116 330 134 132 331 116 115 332 137 133 333 123 121 334 119 117 335 138 134 336 130 128 337 131 129 338 127 126 339 139 135 340 126 124 341 140 136 342 135 137 343 128 138 344 141 139 345 140 136 346 122 119 347 136 140 348 141 139 349 122 119 350 134 132 351 142 141 352 124 122 353 125 123 354 143 142 355 117 116 356 139 135 357 144 143 358 125 123 359 146 144 360 132 130 361 133 131 362 147 145 363 139 135 364 127 126 365 135 137 366 147 145 367 127 126 368 140 136 369 148 146 370 135 137 371 130 128 372 149 147 373 129 127 374 138 134 375 150 148 376 130 128 377 141 139 378 153 149 379 140 136 380 149 147 381 151 150 382 137 133 383 152 151 384 142 141 385 134 132 386 153 149 387 148 146 388 140 136 389 136 140 390 154 152 391 141 139 392 145 153 393 155 154 394 138 134 395 156 155 396 139 135 397 147 145 398 157 156 399 152 151 400 143 142 401 158 157 402 144 143 403 139 135 404 151 150 405 159 158 406 136 140 407 155 154 408 160 159 409 150 148 410 152 151 411 162 160 412 142 141 413 163 161 414 157 156 415 144 143 416 165 162 417 161 163 418 146 144 419 166 164 420 153 149 421 154 152 422 159 158 423 166 164 424 154 152 425 168 165 426 164 166 427 153 149 428 169 167 429 151 150 430 149 147 431 170 168 432 160 159 433 155 154 434 171 169 435 162 160 436 152 151 437 157 156 438 171 169 439 152 151 440 172 170 441 159 158 442 151 150 443 173 171 444 170 168 445 161 163 446 165 162 447 173 171 448 161 163 449 174 172 450 167 173 451 164 166 452 175 174 453 166 164 454 159 158 455 172 170 456 175 174 457 159 158 458 176 175 459 169 167 460 160 159 461 170 168 462 176 175 463 160 159 464 178 176 465 165 162 466 162 160 467 171 169 468 178 176 469 162 160 470 181 177 471 171 169 472 157 156 473 163 161 474 181 177 475 157 156 476 174 172 477 182 178 478 167 173 479 184 179 480 170 168 481 173 171 482 179 180 483 185 181 484 163 161 485 186 182 486 180 183 487 166 164 488 187 184 489 172 170 490 169 167 491 178 176 492 189 185 493 177 186 494 180 183 495 190 187 496 174 172 497 191 188 498 187 184 499 176 175 500 192 189 501 189 185 502 178 176 503 171 169 504 192 189 505 178 176 506 194 190 507 190 187 508 180 183 509 189 185 510 196 191 511 184 179 512 199 192 513 196 191 514 189 185 515 200 193 516 193 194 517 181 177 518 197 195 519 201 196 520 179 180 521 196 191 522 202 197 523 183 198 524 198 199 525 208 200 526 194 190 527 187 184 528 203 201 529 188 202 530 191 188 531 204 203 532 187 184 533 205 204 534 202 197 535 196 191 536 206 205 537 200 193 538 185 181 539 201 196 540 206 205 541 185 181 542 194 190 543 207 206 544 190 187 545 192 189 546 209 207 547 199 192 548 193 194 549 210 208 550 192 189 551 212 209 552 198 199 553 195 210 554 213 211 555 204 203 556 191 188 557 202 197 558 213 211 559 191 188 560 214 212 561 208 200 562 198 199 563 212 209 564 214 212 565 198 199 566 200 193 567 215 213 568 193 194 569 211 214 570 216 215 571 201 196 572 220 216 573 211 214 574 207 206 575 217 217 576 220 216 577 207 206 578 221 218 579 218 219 580 205 204 581 222 220 582 205 204 583 209 207 584 216 215 585 223 221 586 206 205 587 225 222 588 203 201 589 204 203 590 226 223 591 204 203 592 213 211 593 218 219 594 226 223 595 213 211 596 215 213 597 227 224 598 210 208 599 228 225 600 224 226 601 217 217 602 229 227 603 228 225 604 214 212 605 230 228 606 214 212 607 212 209 608 219 229 609 233 230 610 216 215 611 225 222 612 234 231 613 203 201 614 235 232 615 226 223 616 218 219 617 236 233 618 227 224 619 215 213 620 232 234 621 236 233 622 215 213 623 229 227 624 240 235 625 228 225 626 227 224 627 238 236 628 222 220 629 228 225 630 239 237 631 224 226 632 241 238 633 240 235 634 229 227 635 242 239 636 225 222 637 226 223 638 235 232 639 242 239 640 226 223 641 231 240 642 244 241 643 235 232 644 245 242 645 238 236 646 227 224 647 236 233 648 245 242 649 227 224 650 246 243 651 233 230 652 237 244 653 242 239 654 247 245 655 225 222 656 248 246 657 244 241 658 231 240 659 249 247 660 245 242 661 236 233 662 232 234 663 249 247 664 236 233 665 241 238 666 254 248 667 240 235 668 251 249 669 241 238 670 230 228 671 246 243 672 252 250 673 233 230 674 253 251 675 246 243 676 239 237 677 254 248 678 239 237 679 240 235 680 256 252 681 242 239 682 244 241 683 258 253 684 256 252 685 248 246 686 259 254 687 257 255 688 245 242 689 260 256 690 245 242 691 249 247 692 261 257 693 249 247 694 232 234 695 264 258 696 251 249 697 234 231 698 253 251 699 265 259 700 246 243 701 267 260 702 261 257 703 243 261 704 268 262 705 243 261 706 252 250 707 265 259 708 268 262 709 252 250 710 269 263 711 265 259 712 253 251 713 262 264 714 269 263 715 253 251 716 270 265 717 264 258 718 247 245 719 271 266 720 255 267 721 256 252 722 258 253 723 271 266 724 256 252 725 266 268 726 272 269 727 258 253 728 274 270 729 263 271 730 251 249 731 264 258 732 274 270 733 251 249 734 275 272 735 259 254 736 260 256 737 261 257 738 275 272 739 260 256 740 267 260 741 276 273 742 261 257 743 273 274 744 277 275 745 269 263 746 275 272 747 279 276 748 259 254 749 280 277 750 270 265 751 255 267 752 271 266 753 280 277 754 255 267 755 265 259 756 282 278 757 268 262 758 285 279 759 281 280 760 272 269 761 266 268 762 285 279 763 272 269 764 264 258 765 286 281 766 274 270 767 287 282 768 264 258 769 270 265 770 280 277 771 287 282 772 270 265 773 279 276 774 288 283 775 266 268 776 289 284 777 284 285 778 278 286 779 276 273 780 290 287 781 275 272 782 282 278 783 291 288 784 267 260 785 292 289 786 283 290 787 277 275 788 289 284 789 296 291 790 284 285 791 293 292 792 286 281 793 264 258 794 295 293 795 288 283 796 279 276 797 296 291 798 292 289 799 284 285 800 292 289 801 298 294 802 283 290 803 299 295 804 289 284 805 286 281 806 288 283 807 300 296 808 285 279 809 290 287 810 301 297 811 295 293 812 303 298 813 298 294 814 292 289 815 304 299 816 300 296 817 288 283 818 301 297 819 304 299 820 288 283 821 305 300 822 290 287 823 276 273 824 289 284 825 310 301 826 296 291 827 300 296 828 307 302 829 294 303 830 302 304 831 308 305 832 291 288 833 310 301 834 303 298 835 296 291 836 287 282 837 311 306 838 293 292 839 313 307 840 301 297 841 290 287 842 314 308 843 312 309 844 297 310 845 307 302 846 314 308 847 297 310 848 304 299 849 315 311 850 300 296 851 316 312 852 308 305 853 302 304 854 317 313 855 309 314 856 303 298 857 318 315 858 303 298 859 310 301 860 319 316 861 304 299 862 301 297 863 311 306 864 320 317 865 299 295 866 317 313 867 321 318 868 309 314 869 315 311 870 323 319 871 307 302 872 326 320 873 313 307 874 305 300 875 308 305 876 326 320 877 305 300 878 320 317 879 327 321 880 306 322 881 328 323 882 323 319 883 315 311 884 327 321 885 331 324 886 318 315 887 323 319 888 329 325 889 314 308 890 321 318 891 330 326 892 316 312 893 312 309 894 332 327 895 311 306 896 330 326 897 334 328 898 308 305 899 331 324 900 335 329 901 322 330 902 336 331 903 327 321 904 320 317 905 332 327 906 336 331 907 320 317 908 319 316 909 337 332 910 324 333 911 325 334 912 338 335 913 319 316 914 339 336 915 330 326 916 321 318 917 343 337 918 340 338 919 327 321 920 344 339 921 327 321 922 336 331 923 332 327 924 344 339 925 336 331 926 337 332 927 345 340 928 328 323 929 338 335 930 346 341 931 337 332 932 343 337 933 353 342 934 340 338 935 329 325 936 347 343 937 333 344 938 349 345 939 346 341 940 338 335 941 350 346 942 338 335 943 325 334 944 351 347 945 334 328 946 330 326 947 339 336 948 351 347 949 330 326 950 342 348 951 352 349 952 339 336 953 334 328 954 354 350 955 326 320 956 351 347 957 355 351 958 334 328 959 356 352 960 344 339 961 332 327 962 347 343 963 356 352 964 332 327 965 345 340 966 357 353 967 341 354 968 358 355 969 345 340 970 346 341 971 353 342 972 359 356 973 342 348 974 360 357 975 353 342 976 343 337 977 361 358 978 347 343 979 348 359 980 357 353 981 361 358 982 348 359 983 358 355 984 362 360 985 345 340 986 363 361 987 359 356 988 353 342 989 364 362 990 360 357 991 344 339 992 356 352 993 364 362 994 344 339 995 365 363 996 349 345 997 350 346 998 359 356 999 366 364 1000 352 349 1001 367 365 1002 356 352 1003 347 343 1004 369 366 1005 362 360 1006 358 355 1007 349 345 1008 369 366 1009 358 355 1010 365 363 1011 370 367 1012 349 345 1013 371 368 1014 354 350 1015 355 351 1016 351 347 1017 371 368 1018 355 351 1019 366 364 1020 372 369 1021 351 347 1022 360 357 1023 374 370 1024 363 361 1025 369 366 1026 375 371 1027 362 360 1028 371 368 1029 376 372 1030 354 350 1031 377 373 1032 372 369 1033 366 364 1034 378 374 1035 366 364 1036 359 356 1037 379 375 1038 367 365 1039 361 358 1040 368 376 1041 379 375 1042 361 358 1043 364 362 1044 380 377 1045 360 357 1046 381 378 1047 375 371 1048 369 366 1049 365 363 1050 382 379 1051 370 367 1052 376 372 1053 383 380 1054 365 363 1055 384 381 1056 378 374 1057 374 370 1058 373 382 1059 385 383 1060 364 362 1061 386 384 1062 372 369 1063 377 373 1064 378 374 1065 386 384 1066 377 373 1067 384 381 1068 387 385 1069 378 374 1070 388 386 1071 379 375 1072 368 376 1073 375 371 1074 388 386 1075 368 376 1076 390 387 1077 375 371 1078 381 378 1079 382 379 1080 390 387 1081 381 378 1082 391 388 1083 376 372 1084 371 368 1085 392 389 1086 371 368 1087 372 369 1088 386 384 1089 392 389 1090 372 369 1091 393 390 1092 385 383 1093 373 382 1094 367 365 1095 393 390 1096 373 382 1097 380 377 1098 398 391 1099 384 381 1100 376 372 1101 395 392 1102 383 380 1103 391 388 1104 396 393 1105 376 372 1106 397 394 1107 386 384 1108 387 385 1109 398 391 1110 387 385 1111 384 381 1112 385 383 1113 399 395 1114 380 377 1115 397 394 1116 400 396 1117 386 384 1118 394 397 1119 401 398 1120 367 365 1121 402 399 1122 388 386 1123 389 400 1124 403 401 1125 389 400 1126 390 387 1127 382 379 1128 403 401 1129 390 387 1130 395 392 1131 404 402 1132 382 379 1133 405 403 1134 391 388 1135 392 389 1136 402 399 1137 406 404 1138 388 386 1139 407 405 1140 397 394 1141 398 391 1142 393 390 1143 408 406 1144 385 383 1145 409 407 1146 401 398 1147 394 397 1148 406 404 1149 409 407 1150 394 397 1151 410 408 1152 406 404 1153 402 399 1154 403 401 1155 410 408 1156 402 399 1157 412 409 1158 405 403 1159 400 396 1160 413 410 1161 400 396 1162 397 394 1163 399 395 1164 416 411 1165 407 405 1166 414 412 1167 403 401 1168 404 402 1169 415 413 1170 404 402 1171 395 392 1172 417 414 1173 416 411 1174 399 395 1175 418 415 1176 408 406 1177 393 390 1178 414 412 1179 419 416 1180 403 401 1181 411 417 1182 420 418 1183 396 393 1184 421 419 1185 409 407 1186 406 404 1187 413 410 1188 422 420 1189 412 409 1190 416 411 1191 423 421 1192 413 410 1193 409 407 1194 424 422 1195 401 398 1196 415 413 1197 425 423 1198 414 412 1199 426 424 1200 411 417 1201 405 403 1202 417 414 1203 428 425 1204 416 411 1205 427 426 1206 410 408 1207 419 416 1208 428 425 1209 423 421 1210 416 411 1211 429 427 1212 417 414 1213 408 406 1214 418 415 1215 429 427 1216 408 406 1217 430 428 1218 421 419 1219 410 408 1220 427 426 1221 430 428 1222 410 408 1223 429 427 1224 432 429 1225 417 414 1226 434 430 1227 426 424 1228 422 420 1229 435 431 1230 422 420 1231 423 421 1232 428 425 1233 435 431 1234 423 421 1235 431 432 1236 436 433 1237 425 423 1238 432 429 1239 444 434 1240 428 425 1241 424 422 1242 437 435 1243 418 415 1244 439 436 1245 421 419 1246 430 428 1247 440 437 1248 430 428 1249 427 426 1250 436 433 1251 440 437 1252 427 426 1253 426 424 1254 441 438 1255 411 417 1256 443 439 1257 434 430 1258 435 431 1259 444 434 1260 435 431 1261 428 425 1262 433 440 1263 445 441 1264 424 422 1265 446 442 1266 442 443 1267 434 430 1268 443 439 1269 446 442 1270 434 430 1271 447 444 1272 444 434 1273 432 429 1274 448 445 1275 432 429 1276 429 427 1277 437 435 1278 448 445 1279 429 427 1280 449 446 1281 445 441 1282 433 440 1283 438 447 1284 449 446 1285 433 440 1286 431 432 1287 450 448 1288 436 433 1289 441 438 1290 451 449 1291 420 418 1292 454 450 1293 451 449 1294 441 438 1295 455 451 1296 452 452 1297 447 444 1298 439 436 1299 456 453 1300 438 447 1301 440 437 1302 457 454 1303 439 436 1304 450 448 1305 458 455 1306 440 437 1307 459 456 1308 442 443 1309 446 442 1310 443 439 1311 459 456 1312 446 442 1313 461 457 1314 455 451 1315 448 445 1316 437 435 1317 461 457 1318 448 445 1319 462 458 1320 454 450 1321 442 443 1322 459 456 1323 462 458 1324 442 443 1325 464 459 1326 458 455 1327 450 448 1328 453 460 1329 464 459 1330 450 448 1331 465 461 1332 460 462 1333 452 452 1334 445 441 1335 466 463 1336 437 435 1337 463 464 1338 467 465 1339 445 441 1340 468 466 1341 463 464 1342 456 453 1343 469 467 1344 457 454 1345 458 455 1346 470 468 1347 462 458 1348 459 456 1349 460 462 1350 470 468 1351 459 456 1352 471 469 1353 453 460 1354 451 449 1355 473 470 1356 465 461 1357 455 451 1358 474 471 1359 455 451 1360 461 457 1361 466 463 1362 474 471 1363 461 457 1364 476 472 1365 468 466 1366 457 454 1367 469 467 1368 476 472 1369 457 454 1370 478 473 1371 469 467 1372 464 459 1373 479 474 1374 464 459 1375 453 460 1376 478 473 1377 481 475 1378 469 467 1379 462 458 1380 482 476 1381 454 450 1382 484 477 1383 480 478 1384 472 479 1385 475 480 1386 484 477 1387 472 479 1388 481 475 1389 487 481 1390 476 472 1391 474 471 1392 488 482 1393 473 470 1394 486 483 1395 489 484 1396 474 471 1397 491 485 1398 479 474 1399 471 469 1400 479 474 1401 492 486 1402 478 473 1403 493 487 1404 483 488 1405 480 478 1406 488 482 1407 495 489 1408 485 490 1409 485 490 1410 494 491 1411 484 477 1412 497 492 1413 487 481 1414 481 475 1415 492 486 1416 497 492 1417 481 475 1418 498 493 1419 492 486 1420 479 474 1421 499 494 1422 491 485 1423 482 476 1424 500 495 1425 495 489 1426 488 482 1427 501 496 1428 489 484 1429 486 483 1430 496 497 1431 501 496 1432 486 483 1433 487 481 1434 502 498 1435 477 499 1436 504 500 1437 499 494 1438 483 488 1439 506 501 1440 497 492 1441 492 486 1442 507 502 1443 498 493 1444 491 485 1445 495 489 1446 508 503 1447 494 491 1448 509 504 1449 504 500 1450 493 487 1451 510 505 1452 508 503 1453 495 489 1454 511 506 1455 510 505 1456 500 495 1457 512 507 1458 500 495 1459 489 484 1460 513 508 1461 506 501 1462 498 493 1463 514 509 1464 503 510 1465 497 492 1466 506 501 1467 514 509 1468 497 492 1469 516 511 1470 496 497 1471 505 512 1472 517 513 1473 505 512 1474 502 498 1475 503 510 1476 517 513 1477 502 498 1478 514 509 1479 518 514 1480 503 510 1481 519 515 1482 515 516 1483 510 505 1484 520 517 1485 514 509 1486 506 501 1487 515 516 1488 521 518 1489 509 504 1490 522 519 1491 519 515 1492 511 506 1493 523 520 1494 511 506 1495 512 507 1496 520 517 1497 524 521 1498 514 509 1499 526 522 1500 521 518 1501 515 516 1502 496 497 1503 527 523 1504 501 496 1505 516 511 1506 528 524 1507 496 497 1508 529 525 1509 507 502 1510 499 494 1511 525 526 1512 529 525 1513 499 494 1514 522 519 1515 533 527 1516 519 515 1517 530 528 1518 520 517 1519 513 508 1520 531 529 1521 513 508 1522 507 502 1523 532 530 1524 525 526 1525 521 518 1526 518 514 1527 534 531 1528 517 513 1529 534 531 1530 535 532 1531 516 511 1532 537 533 1533 518 514 1534 524 521 1535 538 534 1536 532 530 1537 526 522 1538 533 527 1539 538 534 1540 526 522 1541 522 519 1542 544 535 1543 533 527 1544 523 520 1545 539 536 1546 522 519 1547 527 523 1548 540 537 1549 523 520 1550 541 538 1551 537 533 1552 520 517 1553 542 539 1554 531 529 1555 529 525 1556 543 540 1557 529 525 1558 525 526 1559 544 535 1560 538 534 1561 533 527 1562 528 524 1563 545 541 1564 527 523 1565 546 542 1566 541 538 1567 530 528 1568 547 543 1569 543 540 1570 532 530 1571 535 532 1572 548 544 1573 528 524 1574 534 531 1575 549 545 1576 535 532 1577 536 546 1578 550 547 1579 534 531 1580 551 548 1581 546 542 1582 531 529 1583 552 549 1584 547 543 1585 538 534 1586 544 535 1587 552 549 1588 538 534 1589 553 550 1590 544 535 1591 539 536 1592 554 551 1593 539 536 1594 540 537 1595 545 541 1596 554 551 1597 540 537 1598 555 552 1599 550 547 1600 536 546 1601 537 533 1602 555 552 1603 536 546 1604 556 553 1605 537 533 1606 541 538 1607 557 554 1608 552 549 1609 544 535 1610 556 553 1611 558 555 1612 537 533 1613 551 548 1614 559 556 1615 546 542 1616 552 549 1617 560 557 1618 547 543 1619 561 558 1620 554 551 1621 545 541 1622 562 559 1623 545 541 1624 548 544 1625 563 560 1626 548 544 1627 549 545 1628 564 561 1629 549 545 1630 550 547 1631 543 540 1632 565 562 1633 542 539 1634 560 557 1635 566 563 1636 543 540 1637 568 564 1638 557 554 1639 553 550 1640 569 565 1641 553 550 1642 554 551 1643 570 566 1644 564 561 1645 555 552 1646 559 556 1647 571 567 1648 556 553 1649 567 568 1650 572 569 1651 560 557 1652 571 567 1653 574 570 1654 558 555 1655 551 548 1656 575 571 1657 559 556 1658 562 559 1659 576 572 1660 561 558 1661 573 573 1662 577 574 1663 567 568 1664 564 561 1665 578 575 1666 563 560 1667 570 566 1668 579 576 1669 564 561 1670 580 577 1671 575 571 1672 551 548 1673 581 578 1674 565 562 1675 566 563 1676 582 579 1677 566 563 1678 572 569 1679 568 564 1680 588 580 1681 573 573 1682 569 565 1683 583 581 1684 568 564 1685 576 572 1686 584 582 1687 569 565 1688 586 583 1689 574 570 1690 571 567 1691 587 584 1692 582 579 1693 577 574 1694 573 573 1695 587 584 1696 577 574 1697 585 585 1698 589 586 1699 579 576 1700 591 587 1701 586 583 1702 575 571 1703 584 582 1704 592 588 1705 583 581 1706 576 572 1707 593 589 1708 584 582 1709 562 559 1710 594 590 1711 576 572 1712 578 575 1713 595 591 1714 562 559 1715 589 586 1716 596 592 1717 578 575 1718 597 593 1719 580 577 1720 565 562 1721 598 594 1722 565 562 1723 581 578 1724 599 595 1725 581 578 1726 582 579 1727 601 596 1728 599 595 1729 587 584 1730 588 580 1731 601 596 1732 587 584 1733 592 588 1734 607 597 1735 588 580 1736 600 598 1737 602 599 1738 589 586 1739 604 600 1740 590 601 1741 586 583 1742 605 602 1743 586 583 1744 591 587 1745 606 603 1746 591 587 1747 580 577 1748 607 597 1749 601 596 1750 588 580 1751 609 604 1752 599 595 1753 601 596 1754 607 597 1755 609 604 1756 601 596 1757 592 588 1758 621 605 1759 607 597 1760 593 589 1761 610 606 1762 592 588 1763 594 590 1764 611 607 1765 593 589 1766 595 591 1767 612 608 1768 594 590 1769 596 592 1770 613 609 1771 595 591 1772 602 599 1773 614 610 1774 596 592 1775 608 611 1776 615 612 1777 602 599 1778 617 613 1779 603 614 1780 604 600 1781 618 615 1782 606 603 1783 597 593 1784 619 616 1785 597 593 1786 598 594 1787 620 617 1788 598 594 1789 599 595 1790 621 605 1791 609 604 1792 607 597 1793 944 618 1794 643 619 1795 644 620 1796 623 621 1797 637 622 1798 624 623 1799 631 624 1800 644 620 1801 645 625 1802 624 623 1803 638 626 1804 625 627 1805 632 628 1806 645 625 1807 646 629 1808 625 627 1809 639 630 1810 626 631 1811 626 631 1812 640 632 1813 627 633 1814 942 634 1815 848 635 1816 648 636 1817 628 637 1818 640 632 1819 641 638 1820 942 634 1821 634 639 1822 622 640 1823 629 641 1824 641 638 1825 642 642 1826 622 640 1827 635 643 1828 943 644 1829 630 645 1830 642 642 1831 643 619 1832 943 644 1833 636 646 1834 623 621 1835 643 619 1836 657 647 1837 658 648 1838 635 643 1839 651 649 1840 636 646 1841 644 620 1842 658 648 1843 659 650 1844 636 646 1845 652 651 1846 637 622 1847 645 625 1848 659 650 1849 660 652 1850 637 622 1851 653 653 1852 638 626 1853 646 629 1854 660 652 1855 661 654 1856 638 626 1857 654 655 1858 639 630 1859 647 656 1860 661 654 1861 673 657 1862 639 630 1863 655 658 1864 640 632 1865 633 659 1866 647 656 1867 673 657 1868 641 638 1869 655 658 1870 656 660 1871 648 636 1872 649 661 1873 634 639 1874 642 642 1875 656 660 1876 657 647 1877 634 639 1878 650 662 1879 635 643 1880 654 655 1881 667 663 1882 655 658 1883 648 636 1884 848 635 1885 674 664 1886 656 660 1887 667 663 1888 668 665 1889 648 636 1890 675 666 1891 649 661 1892 657 647 1893 668 665 1894 669 667 1895 649 661 1896 662 668 1897 650 662 1898 658 648 1899 669 667 1900 670 669 1901 650 662 1902 663 670 1903 651 649 1904 659 650 1905 670 669 1906 671 671 1907 651 649 1908 664 672 1909 652 651 1910 660 652 1911 671 671 1912 672 673 1913 652 651 1914 665 674 1915 653 653 1916 661 654 1917 672 673 1918 687 675 1919 653 653 1920 666 676 1921 654 655 1922 662 668 1923 677 677 1924 663 670 1925 671 671 1926 684 678 1927 685 679 1928 663 670 1929 678 680 1930 664 672 1931 672 673 1932 685 679 1933 686 681 1934 664 672 1935 679 682 1936 665 674 1937 665 674 1938 680 683 1939 666 676 1940 673 657 1941 687 675 1942 688 684 1943 666 676 1944 681 685 1945 667 663 1946 633 659 1947 673 657 1948 688 684 1949 668 665 1950 681 685 1951 682 686 1952 669 667 1953 682 686 1954 683 687 1955 675 666 1956 676 688 1957 662 668 1958 670 669 1959 683 687 1960 684 678 1961 680 683 1962 694 689 1963 681 685 1964 674 664 1965 848 635 1966 700 690 1967 682 686 1968 694 689 1969 695 691 1970 674 664 1971 701 692 1972 675 666 1973 683 687 1974 695 691 1975 696 693 1976 675 666 1977 689 694 1978 676 688 1979 684 678 1980 696 693 1981 697 695 1982 676 688 1983 690 696 1984 677 677 1985 685 679 1986 697 695 1987 698 697 1988 677 677 1989 691 698 1990 678 680 1991 686 681 1992 698 697 1993 699 699 1994 678 680 1995 692 700 1996 679 682 1997 687 675 1998 699 699 1999 713 701 2000 679 682 2001 693 702 2002 680 683 2003 698 697 2004 710 703 2005 711 704 2006 690 696 2007 704 705 2008 691 698 2009 699 699 2010 711 704 2011 712 706 2012 691 698 2013 705 707 2014 692 700 2015 692 700 2016 706 708 2017 693 702 2018 688 684 2019 713 701 2020 714 709 2021 693 702 2022 707 710 2023 694 689 2024 633 659 2025 688 684 2026 714 709 2027 695 691 2028 707 710 2029 708 711 2030 696 693 2031 708 711 2032 709 712 2033 701 692 2034 702 713 2035 689 694 2036 697 695 2037 709 712 2038 710 703 2039 689 694 2040 703 714 2041 690 696 2042 700 690 2043 848 635 2044 726 715 2045 707 710 2046 721 716 2047 708 711 2048 701 692 2049 726 715 2050 727 717 2051 708 711 2052 722 718 2053 709 712 2054 702 713 2055 727 717 2056 715 719 2057 709 712 2058 723 720 2059 710 703 2060 703 714 2061 715 719 2062 716 721 2063 710 703 2064 724 722 2065 711 704 2066 704 705 2067 716 721 2068 717 723 2069 711 704 2070 725 724 2071 712 706 2072 705 707 2073 717 723 2074 718 725 2075 712 706 2076 739 726 2077 713 701 2078 706 708 2079 718 725 2080 719 727 2081 707 710 2082 719 727 2083 720 728 2084 717 723 2085 729 729 2086 730 730 2087 724 722 2088 738 731 2089 725 724 2090 718 725 2091 730 730 2092 731 732 2093 719 727 2094 731 732 2095 732 733 2096 739 726 2097 752 734 2098 714 709 2099 720 728 2100 732 733 2101 733 735 2102 633 659 2103 714 709 2104 752 734 2105 720 728 2106 734 736 2107 721 716 2108 721 716 2109 735 737 2110 722 718 2111 715 719 2112 727 717 2113 728 738 2114 722 718 2115 736 739 2116 723 720 2117 716 721 2118 728 738 2119 729 729 2120 723 720 2121 737 740 2122 724 722 2123 733 735 2124 747 741 2125 734 736 2126 727 717 2127 753 742 2128 740 743 2129 734 736 2130 748 744 2131 735 737 2132 728 738 2133 740 743 2134 741 745 2135 735 737 2136 749 746 2137 736 739 2138 729 729 2139 741 745 2140 742 747 2141 736 739 2142 750 748 2143 737 740 2144 730 730 2145 742 747 2146 743 749 2147 737 740 2148 751 750 2149 738 731 2150 731 732 2151 743 749 2152 744 751 2153 738 731 2154 766 752 2155 739 726 2156 732 733 2157 744 751 2158 745 753 2159 733 735 2160 745 753 2161 746 754 2162 726 715 2163 848 635 2164 753 742 2165 750 748 2166 765 755 2167 751 750 2168 744 751 2169 757 756 2170 758 757 2171 745 753 2172 758 757 2173 759 758 2174 766 752 2175 780 759 2176 752 734 2177 746 754 2178 759 758 2179 760 760 2180 633 659 2181 752 734 2182 780 759 2183 746 754 2184 761 761 2185 747 741 2186 740 743 2187 753 742 2188 754 762 2189 747 741 2190 762 763 2191 748 744 2192 741 745 2193 754 762 2194 755 764 2195 748 744 2196 763 765 2197 749 746 2198 742 747 2199 755 764 2200 756 766 2201 749 746 2202 764 767 2203 750 748 2204 743 749 2205 756 766 2206 757 756 2207 761 761 2208 775 768 2209 762 763 2210 755 764 2211 767 769 2212 768 770 2213 762 763 2214 776 771 2215 763 765 2216 756 766 2217 768 770 2218 769 772 2219 763 765 2220 777 773 2221 764 767 2222 757 756 2223 769 772 2224 770 774 2225 764 767 2226 778 775 2227 765 755 2228 758 757 2229 770 774 2230 771 776 2231 765 755 2232 779 777 2233 766 752 2234 759 758 2235 771 776 2236 772 778 2237 760 760 2238 772 778 2239 773 779 2240 753 742 2241 848 635 2242 781 780 2243 760 760 2244 774 781 2245 761 761 2246 754 762 2247 781 780 2248 767 769 2249 778 775 2250 794 782 2251 779 777 2252 772 778 2253 786 783 2254 787 784 2255 779 777 2256 808 785 2257 780 759 2258 773 779 2259 787 784 2260 788 786 2261 633 659 2262 780 759 2263 808 785 2264 773 779 2265 789 787 2266 774 781 2267 767 769 2268 781 780 2269 782 788 2270 774 781 2271 790 789 2272 775 768 2273 768 770 2274 782 788 2275 783 790 2276 775 768 2277 791 791 2278 776 771 2279 769 772 2280 783 790 2281 784 792 2282 776 771 2283 792 793 2284 777 773 2285 770 774 2286 784 792 2287 785 794 2288 777 773 2289 793 795 2290 778 775 2291 771 776 2292 785 794 2293 786 783 2294 782 788 2295 796 796 2296 783 790 2297 791 791 2298 803 797 2299 804 798 2300 783 790 2301 797 799 2302 784 792 2303 792 793 2304 804 798 2305 805 800 2306 784 792 2307 798 801 2308 785 794 2309 793 795 2310 805 800 2311 806 802 2312 785 794 2313 799 803 2314 786 783 2315 794 782 2316 806 802 2317 807 804 2318 786 783 2319 800 805 2320 787 784 2321 787 784 2322 801 806 2323 788 786 2324 781 780 2325 848 635 2326 809 807 2327 789 787 2328 801 806 2329 802 808 2330 781 780 2331 795 809 2332 782 788 2333 790 789 2334 802 808 2335 803 797 2336 799 803 2337 815 810 2338 800 805 2339 808 785 2340 833 811 2341 834 812 2342 800 805 2343 816 813 2344 801 806 2345 633 659 2346 808 785 2347 834 812 2348 802 808 2349 816 813 2350 817 814 2351 809 807 2352 810 815 2353 795 809 2354 803 797 2355 817 814 2356 818 816 2357 795 809 2358 811 817 2359 796 796 2360 804 798 2361 818 816 2362 819 818 2363 796 796 2364 812 819 2365 797 799 2366 805 800 2367 819 818 2368 820 820 2369 797 799 2370 813 821 2371 798 801 2372 806 802 2373 820 820 2374 821 822 2375 798 801 2376 814 823 2377 799 803 2378 807 804 2379 821 822 2380 833 811 2381 819 818 2382 829 824 2383 830 825 2384 811 817 2385 823 826 2386 812 819 2387 820 820 2388 830 825 2389 831 827 2390 812 819 2391 824 828 2392 813 821 2393 821 822 2394 831 827 2395 832 829 2396 813 821 2397 825 830 2398 814 823 2399 814 823 2400 826 831 2401 815 810 2402 815 810 2403 827 832 2404 816 813 2405 809 807 2406 848 635 2407 835 833 2408 817 814 2409 827 832 2410 828 834 2411 809 807 2412 836 835 2413 810 815 2414 818 816 2415 828 834 2416 829 824 2417 810 815 2418 822 836 2419 811 817 2420 834 812 2421 860 837 2422 861 838 2423 826 831 2424 842 839 2425 827 832 2426 633 659 2427 834 812 2428 861 838 2429 828 834 2430 842 839 2431 843 840 2432 829 824 2433 843 840 2434 844 841 2435 836 835 2436 837 842 2437 822 836 2438 830 825 2439 844 841 2440 845 843 2441 822 836 2442 838 844 2443 823 826 2444 831 827 2445 845 843 2446 846 845 2447 823 826 2448 839 846 2449 824 828 2450 832 829 2451 846 845 2452 847 847 2453 824 828 2454 840 848 2455 825 830 2456 833 811 2457 847 847 2458 860 837 2459 825 830 2460 841 849 2461 826 831 2462 837 842 2463 850 850 2464 838 844 2465 846 845 2466 857 851 2467 858 852 2468 838 844 2469 851 853 2470 839 846 2471 847 847 2472 858 852 2473 859 854 2474 839 846 2475 852 855 2476 840 848 2477 840 848 2478 853 856 2479 841 849 2480 841 849 2481 854 857 2482 842 839 2483 835 833 2484 848 635 2485 862 858 2486 843 840 2487 854 857 2488 855 859 2489 835 833 2490 863 860 2491 836 835 2492 844 841 2493 855 859 2494 856 861 2495 836 835 2496 849 862 2497 837 842 2498 845 843 2499 856 861 2500 857 851 2501 853 856 2502 869 863 2503 854 857 2504 633 659 2505 861 838 2506 888 864 2507 855 859 2508 869 863 2509 870 865 2510 856 861 2511 870 865 2512 871 866 2513 863 860 2514 864 867 2515 849 862 2516 857 851 2517 871 866 2518 872 868 2519 849 862 2520 865 869 2521 850 850 2522 858 852 2523 872 868 2524 873 870 2525 850 850 2526 866 871 2527 851 853 2528 859 854 2529 873 870 2530 874 872 2531 851 853 2532 867 873 2533 852 855 2534 860 837 2535 874 872 2536 887 874 2537 852 855 2538 868 875 2539 853 856 2540 861 838 2541 887 874 2542 888 864 2543 872 868 2544 885 876 2545 873 870 2546 866 871 2547 877 877 2548 878 878 2549 873 870 2550 886 879 2551 874 872 2552 867 873 2553 878 878 2554 879 880 2555 868 875 2556 879 880 2557 880 881 2558 869 863 2559 880 881 2560 881 882 2561 862 858 2562 848 635 2563 875 883 2564 869 863 2565 882 884 2566 870 865 2567 863 860 2568 875 883 2569 889 885 2570 870 865 2571 883 886 2572 871 866 2573 864 867 2574 889 885 2575 876 887 2576 871 866 2577 884 888 2578 872 868 2579 865 869 2580 876 887 2581 877 877 2582 633 659 2583 888 864 2584 914 889 2585 881 882 2586 896 890 2587 882 884 2588 882 884 2589 897 891 2590 883 886 2591 876 887 2592 889 885 2593 890 892 2594 883 886 2595 898 893 2596 884 888 2597 877 877 2598 890 892 2599 891 894 2600 884 888 2601 899 895 2602 885 876 2603 878 878 2604 891 894 2605 892 896 2606 885 876 2607 900 897 2608 886 879 2609 879 880 2610 892 896 2611 893 898 2612 886 879 2613 913 899 2614 887 874 2615 880 881 2616 893 898 2617 894 900 2618 887 874 2619 914 889 2620 888 864 2621 881 882 2622 894 900 2623 895 901 2624 899 895 2625 912 902 2626 900 897 2627 893 898 2628 904 903 2629 905 904 2630 894 900 2631 905 904 2632 906 905 2633 895 901 2634 906 905 2635 907 906 2636 875 883 2637 848 635 2638 901 907 2639 895 901 2640 908 908 2641 896 890 2642 889 885 2643 901 907 2644 915 909 2645 896 890 2646 909 910 2647 897 891 2648 890 892 2649 915 909 2650 902 911 2651 897 891 2652 910 912 2653 898 893 2654 891 894 2655 902 911 2656 903 913 2657 898 893 2658 911 914 2659 899 895 2660 892 896 2661 903 913 2662 904 903 2663 908 908 2664 923 915 2665 909 910 2666 902 911 2667 915 909 2668 916 916 2669 909 910 2670 924 917 2671 910 912 2672 903 913 2673 916 916 2674 917 918 2675 910 912 2676 925 919 2677 911 914 2678 904 903 2679 917 918 2680 918 920 2681 911 914 2682 926 921 2683 912 902 2684 905 904 2685 918 920 2686 919 922 2687 912 902 2688 927 923 2689 913 899 2690 906 905 2691 919 922 2692 920 924 2693 913 899 2694 941 925 2695 914 889 2696 907 906 2697 920 924 2698 921 926 2699 633 659 2700 914 889 2701 941 925 2702 907 906 2703 922 927 2704 908 908 2705 919 922 2706 931 928 2707 932 929 2708 926 921 2709 940 930 2710 927 923 2711 920 924 2712 932 929 2713 933 931 2714 921 926 2715 933 931 2716 934 932 2717 901 907 2718 848 635 2719 942 634 2720 921 926 2721 935 933 2722 922 927 2723 915 909 2724 942 634 2725 928 934 2726 922 927 2727 936 935 2728 923 915 2729 916 916 2730 928 934 2731 929 936 2732 923 915 2733 937 937 2734 924 917 2735 917 918 2736 929 936 2737 930 938 2738 924 917 2739 938 939 2740 925 919 2741 918 920 2742 930 938 2743 931 928 2744 925 919 2745 939 940 2746 926 921 2747 935 933 2748 629 641 2749 936 935 2750 929 936 2751 622 640 2752 943 644 2753 936 935 2754 630 645 2755 937 937 2756 930 938 2757 943 644 2758 623 621 2759 937 937 2760 944 618 2761 938 939 2762 931 928 2763 623 621 2764 624 623 2765 938 939 2766 631 624 2767 939 940 2768 932 929 2769 624 623 2770 625 627 2771 939 940 2772 632 628 2773 940 930 2774 933 931 2775 625 627 2776 626 631 2777 940 930 2778 647 656 2779 941 925 2780 934 932 2781 626 631 2782 627 633 2783 633 659 2784 941 925 2785 647 656 2786 934 932 2787 628 637 2788 935 933 2789 928 934 2790 942 634 2791 622 640 2792 955 941 2793 969 942 2794 970 943 2795 948 944 2796 963 945 2797 949 946 2798 1265 947 2799 970 943 2800 984 948 2801 949 946 2802 964 949 2803 950 950 2804 956 951 2805 1265 947 2806 984 948 2807 951 952 2808 964 949 2809 965 953 2810 957 954 2811 958 955 2812 945 956 2813 952 957 2814 965 953 2815 966 958 2816 945 956 2817 959 959 2818 1263 960 2819 953 961 2820 966 958 2821 967 962 2822 1263 960 2823 960 963 2824 946 964 2825 1264 965 2826 967 962 2827 968 966 2828 946 964 2829 961 967 2830 947 968 2831 954 969 2832 968 966 2833 969 942 2834 947 968 2835 962 970 2836 948 944 2837 969 942 2838 981 971 2839 982 972 2840 961 967 2841 975 973 2842 962 970 2843 970 943 2844 982 972 2845 983 974 2846 962 970 2847 976 975 2848 963 945 2849 963 945 2850 977 976 2851 964 949 2852 957 954 2853 1170 977 2854 971 978 2855 965 953 2856 977 976 2857 978 979 2858 957 954 2859 985 980 2860 958 955 2861 966 958 2862 978 979 2863 979 981 2864 958 955 2865 972 982 2866 959 959 2867 967 962 2868 979 981 2869 980 983 2870 959 959 2871 973 984 2872 960 963 2873 968 966 2874 980 983 2875 981 971 2876 960 963 2877 974 985 2878 961 967 2879 979 981 2880 992 986 2881 993 987 2882 985 980 2883 986 988 2884 972 982 2885 980 983 2886 993 987 2887 994 989 2888 972 982 2889 987 990 2890 973 984 2891 981 971 2892 994 989 2893 995 991 2894 973 984 2895 988 992 2896 974 985 2897 982 972 2898 995 991 2899 996 993 2900 974 985 2901 989 994 2902 975 973 2903 983 974 2904 996 993 2905 1009 995 2906 975 973 2907 990 996 2908 976 975 2909 984 948 2910 1009 995 2911 1010 997 2912 976 975 2913 991 998 2914 977 976 2915 956 951 2916 984 948 2917 1010 997 2918 978 979 2919 991 998 2920 992 986 2921 988 992 2922 1001 999 2923 989 994 2924 989 994 2925 1002 1000 2926 990 996 2927 990 996 2928 1003 1001 2929 991 998 2930 971 978 2931 1170 977 2932 1011 1002 2933 992 986 2934 1003 1001 2935 1004 1003 2936 971 978 2937 997 1004 2938 985 980 2939 993 987 2940 1004 1003 2941 1005 1005 2942 985 980 2943 998 1006 2944 986 988 2945 994 989 2946 1005 1005 2947 1006 1007 2948 986 988 2949 999 1008 2950 987 990 2951 995 991 2952 1006 1007 2953 1007 1009 2954 987 990 2955 1000 1010 2956 988 992 2957 996 993 2958 1007 1009 2959 1008 1011 2960 1005 1005 2961 1018 1012 2962 1019 1013 2963 997 1004 2964 1012 1014 2965 998 1006 2966 1006 1007 2967 1019 1013 2968 1020 1015 2969 998 1006 2970 1013 1016 2971 999 1008 2972 1007 1009 2973 1020 1015 2974 1021 1017 2975 999 1008 2976 1014 1018 2977 1000 1010 2978 1008 1011 2979 1021 1017 2980 1022 1019 2981 1000 1010 2982 1015 1020 2983 1001 999 2984 1009 995 2985 1022 1019 2986 1035 1021 2987 1001 999 2988 1016 1022 2989 1002 1000 2990 1010 997 2991 1035 1021 2992 1036 1023 2993 1002 1000 2994 1017 1024 2995 1003 1001 2996 956 951 2997 1010 997 2998 1036 1023 2999 1004 1003 3000 1017 1024 3001 1018 1012 3002 1015 1020 3003 1028 1025 3004 1016 1022 3005 1016 1022 3006 1029 1026 3007 1017 1024 3008 1011 1002 3009 1170 977 3010 1037 1027 3011 1018 1012 3012 1029 1026 3013 1030 1028 3014 1011 1002 3015 1023 1029 3016 997 1004 3017 1019 1013 3018 1030 1028 3019 1031 1030 3020 997 1004 3021 1024 1031 3022 1012 1014 3023 1020 1015 3024 1031 1030 3025 1032 1032 3026 1012 1014 3027 1025 1033 3028 1013 1016 3029 1021 1017 3030 1032 1032 3031 1033 1034 3032 1013 1016 3033 1026 1035 3034 1014 1018 3035 1022 1019 3036 1033 1034 3037 1034 1036 3038 1014 1018 3039 1027 1037 3040 1015 1020 3041 1024 1031 3042 1023 1029 3043 1038 1038 3044 1031 1030 3045 1046 1039 3046 1032 1032 3047 1025 1033 3048 1038 1038 3049 1039 1040 3050 1032 1032 3051 1047 1041 3052 1033 1034 3053 1026 1035 3054 1039 1040 3055 1040 1042 3056 1033 1034 3057 1048 1043 3058 1034 1036 3059 1027 1037 3060 1040 1042 3061 1041 1044 3062 1034 1036 3063 1049 1045 3064 1035 1021 3065 1028 1025 3066 1041 1044 3067 1042 1046 3068 1035 1021 3069 1061 1047 3070 1036 1023 3071 1029 1026 3072 1042 1046 3073 1043 1048 3074 956 951 3075 1036 1023 3076 1061 1047 3077 1029 1026 3078 1044 1049 3079 1030 1028 3080 1030 1028 3081 1045 1050 3082 1031 1030 3083 1042 1046 3084 1053 1051 3085 1054 1052 3086 1043 1048 3087 1054 1052 3088 1055 1053 3089 1037 1027 3090 1170 977 3091 1062 1054 3092 1043 1048 3093 1056 1055 3094 1044 1049 3095 1023 1029 3096 1062 1054 3097 1063 1056 3098 1044 1049 3099 1057 1057 3100 1045 1050 3101 1038 1038 3102 1063 1056 3103 1050 1058 3104 1045 1050 3105 1058 1059 3106 1046 1039 3107 1039 1040 3108 1050 1058 3109 1051 1060 3110 1046 1039 3111 1059 1061 3112 1047 1041 3113 1040 1042 3114 1051 1060 3115 1052 1062 3116 1047 1041 3117 1060 1063 3118 1048 1043 3119 1041 1044 3120 1052 1062 3121 1053 1051 3122 1057 1057 3123 1072 1064 3124 1058 1059 3125 1051 1060 3126 1064 1065 3127 1065 1066 3128 1058 1059 3129 1073 1067 3130 1059 1061 3131 1052 1062 3132 1065 1066 3133 1066 1068 3134 1059 1061 3135 1074 1069 3136 1060 1063 3137 1053 1051 3138 1066 1068 3139 1067 1070 3140 1060 1063 3141 1075 1071 3142 1049 1045 3143 1054 1052 3144 1067 1070 3145 1068 1072 3146 1049 1045 3147 1102 1073 3148 1061 1047 3149 1055 1053 3150 1068 1072 3151 1069 1074 3152 956 951 3153 1061 1047 3154 1102 1073 3155 1055 1053 3156 1070 1075 3157 1056 1055 3158 1056 1055 3159 1071 1076 3160 1057 1057 3161 1050 1058 3162 1063 1056 3163 1064 1065 3164 1069 1074 3165 1081 1077 3166 1082 1078 3167 1062 1054 3168 1170 977 3169 1088 1079 3170 1069 1074 3171 1083 1080 3172 1070 1075 3173 1063 1056 3174 1088 1079 3175 1076 1081 3176 1070 1075 3177 1084 1082 3178 1071 1076 3179 1064 1065 3180 1076 1081 3181 1077 1083 3182 1071 1076 3183 1085 1084 3184 1072 1064 3185 1065 1066 3186 1077 1083 3187 1078 1085 3188 1072 1064 3189 1086 1086 3190 1073 1067 3191 1066 1068 3192 1078 1085 3193 1079 1087 3194 1073 1067 3195 1087 1088 3196 1074 1069 3197 1067 1070 3198 1079 1087 3199 1080 1089 3200 1068 1072 3201 1080 1089 3202 1081 1077 3203 1085 1084 3204 1099 1090 3205 1086 1086 3206 1079 1087 3207 1091 1091 3208 1092 1092 3209 1086 1086 3210 1100 1093 3211 1087 1088 3212 1080 1089 3213 1092 1092 3214 1093 1094 3215 1087 1088 3216 1101 1095 3217 1075 1071 3218 1081 1077 3219 1093 1094 3220 1094 1096 3221 1082 1078 3222 1094 1096 3223 1095 1097 3224 1082 1078 3225 1096 1098 3226 1083 1080 3227 1076 1081 3228 1088 1079 3229 1089 1099 3230 1083 1080 3231 1097 1100 3232 1084 1082 3233 1077 1083 3234 1089 1099 3235 1090 1101 3236 1084 1082 3237 1098 1102 3238 1085 1084 3239 1078 1085 3240 1090 1101 3241 1091 1091 3242 1088 1079 3243 1170 977 3244 1116 1103 3245 956 951 3246 1102 1073 3247 1130 1104 3248 1095 1097 3249 1110 1105 3250 1096 1098 3251 1089 1099 3252 1116 1103 3253 1103 1106 3254 1096 1098 3255 1111 1107 3256 1097 1100 3257 1090 1101 3258 1103 1106 3259 1104 1108 3260 1097 1100 3261 1112 1109 3262 1098 1102 3263 1091 1091 3264 1104 1108 3265 1105 1110 3266 1098 1102 3267 1113 1111 3268 1099 1090 3269 1092 1092 3270 1105 1110 3271 1106 1112 3272 1099 1090 3273 1114 1113 3274 1100 1093 3275 1093 1094 3276 1106 1112 3277 1107 1114 3278 1100 1093 3279 1115 1115 3280 1101 1095 3281 1094 1096 3282 1107 1114 3283 1108 1116 3284 1101 1095 3285 1130 1104 3286 1102 1073 3287 1095 1097 3288 1108 1116 3289 1109 1117 3290 1105 1110 3291 1120 1118 3292 1106 1112 3293 1114 1113 3294 1127 1119 3295 1128 1120 3296 1106 1112 3297 1121 1121 3298 1107 1114 3299 1115 1115 3300 1128 1120 3301 1129 1122 3302 1107 1114 3303 1122 1123 3304 1108 1116 3305 1108 1116 3306 1123 1124 3307 1109 1117 3308 1110 1105 3309 1123 1124 3310 1124 1125 3311 1116 1103 3312 1117 1126 3313 1103 1106 3314 1111 1107 3315 1124 1125 3316 1125 1127 3317 1103 1106 3318 1118 1128 3319 1104 1108 3320 1112 1109 3321 1125 1127 3322 1126 1129 3323 1104 1108 3324 1119 1130 3325 1105 1110 3326 1113 1111 3327 1126 1129 3328 1127 1119 3329 1124 1125 3330 1137 1131 3331 1138 1132 3332 1116 1103 3333 1131 1133 3334 1117 1126 3335 1125 1127 3336 1138 1132 3337 1139 1134 3338 1117 1126 3339 1132 1135 3340 1118 1128 3341 1126 1129 3342 1139 1134 3343 1140 1136 3344 1118 1128 3345 1133 1137 3346 1119 1130 3347 1127 1119 3348 1140 1136 3349 1141 1138 3350 1119 1130 3351 1134 1139 3352 1120 1118 3353 1128 1120 3354 1141 1138 3355 1142 1140 3356 1120 1118 3357 1135 1141 3358 1121 1121 3359 1129 1122 3360 1142 1140 3361 1143 1142 3362 1121 1121 3363 1136 1143 3364 1122 1123 3365 1130 1104 3366 1143 1142 3367 1156 1144 3368 1122 1123 3369 1137 1131 3370 1123 1124 3371 1116 1103 3372 1170 977 3373 1144 1145 3374 956 951 3375 1130 1104 3376 1156 1144 3377 1142 1140 3378 1154 1146 3379 1155 1147 3380 1134 1139 3381 1148 1148 3382 1135 1141 3383 1143 1142 3384 1155 1147 3385 1169 1149 3386 1135 1141 3387 1149 1150 3388 1136 1143 3389 1136 1143 3390 1150 1151 3391 1137 1131 3392 1138 1132 3393 1150 1151 3394 1151 1152 3395 1144 1145 3396 1157 1153 3397 1131 1133 3398 1139 1134 3399 1151 1152 3400 1152 1154 3401 1131 1133 3402 1145 1155 3403 1132 1135 3404 1140 1136 3405 1152 1154 3406 1153 1156 3407 1132 1135 3408 1146 1157 3409 1133 1137 3410 1141 1138 3411 1153 1156 3412 1154 1146 3413 1133 1137 3414 1147 1158 3415 1134 1139 3416 1152 1154 3417 1164 1159 3418 1165 1160 3419 1157 1153 3420 1158 1161 3421 1145 1155 3422 1153 1156 3423 1165 1160 3424 1166 1162 3425 1145 1155 3426 1159 1163 3427 1146 1157 3428 1154 1146 3429 1166 1162 3430 1167 1164 3431 1146 1157 3432 1160 1165 3433 1147 1158 3434 1155 1147 3435 1167 1164 3436 1168 1166 3437 1147 1158 3438 1161 1167 3439 1148 1148 3440 1148 1148 3441 1162 1168 3442 1149 1150 3443 1156 1144 3444 1169 1149 3445 1184 1169 3446 1149 1150 3447 1163 1170 3448 1150 1151 3449 1144 1145 3450 1170 977 3451 1171 1171 3452 956 951 3453 1156 1144 3454 1184 1169 3455 1151 1152 3456 1163 1170 3457 1164 1159 3458 1160 1165 3459 1176 1172 3460 1161 1167 3461 1169 1149 3462 1183 1173 3463 1196 1174 3464 1161 1167 3465 1177 1175 3466 1162 1168 3467 1162 1168 3468 1178 1176 3469 1163 1170 3470 1164 1159 3471 1178 1176 3472 1179 1177 3473 1171 1171 3474 1172 1178 3475 1157 1153 3476 1165 1160 3477 1179 1177 3478 1180 1179 3479 1157 1153 3480 1173 1180 3481 1158 1161 3482 1166 1162 3483 1180 1179 3484 1181 1181 3485 1158 1161 3486 1174 1182 3487 1159 1163 3488 1167 1164 3489 1181 1181 3490 1182 1183 3491 1159 1163 3492 1175 1184 3493 1160 1165 3494 1168 1166 3495 1182 1183 3496 1183 1173 3497 1180 1179 3498 1191 1185 3499 1192 1186 3500 1172 1178 3501 1185 1187 3502 1173 1180 3503 1181 1181 3504 1192 1186 3505 1193 1188 3506 1173 1180 3507 1186 1189 3508 1174 1182 3509 1182 1183 3510 1193 1188 3511 1194 1190 3512 1174 1182 3513 1187 1191 3514 1175 1184 3515 1183 1173 3516 1194 1190 3517 1195 1192 3518 1175 1184 3519 1188 1193 3520 1176 1172 3521 1176 1172 3522 1189 1194 3523 1177 1175 3524 1184 1169 3525 1196 1174 3526 1209 1195 3527 1177 1175 3528 1190 1196 3529 1178 1176 3530 1171 1171 3531 1170 977 3532 1197 1197 3533 956 951 3534 1184 1169 3535 1209 1195 3536 1179 1177 3537 1190 1196 3538 1191 1185 3539 1195 1192 3540 1222 1198 3541 1196 1174 3542 1189 1194 3543 1201 1199 3544 1202 1200 3545 1190 1196 3546 1202 1200 3547 1203 1201 3548 1190 1196 3549 1204 1202 3550 1191 1185 3551 1172 1178 3552 1197 1197 3553 1210 1203 3554 1191 1185 3555 1205 1204 3556 1192 1186 3557 1185 1187 3558 1210 1203 3559 1198 1205 3560 1192 1186 3561 1206 1206 3562 1193 1188 3563 1186 1189 3564 1198 1205 3565 1199 1207 3566 1193 1188 3567 1207 1208 3568 1194 1190 3569 1187 1191 3570 1199 1207 3571 1200 1209 3572 1194 1190 3573 1208 1210 3574 1195 1192 3575 1188 1193 3576 1200 1209 3577 1201 1199 3578 1205 1204 3579 1219 1211 3580 1206 1206 3581 1199 1207 3582 1211 1212 3583 1212 1213 3584 1206 1206 3585 1220 1214 3586 1207 1208 3587 1200 1209 3588 1212 1213 3589 1213 1215 3590 1207 1208 3591 1221 1216 3592 1208 1210 3593 1201 1199 3594 1213 1215 3595 1214 1217 3596 1202 1200 3597 1214 1217 3598 1215 1218 3599 1222 1198 3600 1235 1219 3601 1209 1195 3602 1203 1201 3603 1215 1218 3604 1216 1220 3605 1197 1197 3606 1170 977 3607 1223 1221 3608 956 951 3609 1209 1195 3610 1235 1219 3611 1203 1201 3612 1217 1222 3613 1204 1202 3614 1204 1202 3615 1218 1223 3616 1205 1204 3617 1198 1205 3618 1210 1203 3619 1211 1212 3620 1216 1220 3621 1228 1224 3622 1229 1225 3623 1216 1220 3624 1230 1226 3625 1217 1222 3626 1210 1203 3627 1223 1221 3628 1236 1227 3629 1217 1222 3630 1231 1228 3631 1218 1223 3632 1211 1212 3633 1236 1227 3634 1224 1229 3635 1218 1223 3636 1232 1230 3637 1219 1211 3638 1212 1213 3639 1224 1229 3640 1225 1231 3641 1219 1211 3642 1233 1232 3643 1220 1214 3644 1213 1215 3645 1225 1231 3646 1226 1233 3647 1220 1214 3648 1234 1234 3649 1221 1216 3650 1214 1217 3651 1226 1233 3652 1227 1235 3653 1221 1216 3654 1248 1236 3655 1222 1198 3656 1215 1218 3657 1227 1235 3658 1228 1224 3659 1225 1231 3660 1237 1237 3661 1238 1238 3662 1232 1230 3663 1246 1239 3664 1233 1232 3665 1226 1233 3666 1238 1238 3667 1239 1240 3668 1233 1232 3669 1247 1241 3670 1234 1234 3671 1227 1235 3672 1239 1240 3673 1240 1242 3674 1228 1224 3675 1240 1242 3676 1241 1243 3677 1248 1236 3678 1265 947 3679 1235 1219 3680 1229 1225 3681 1241 1243 3682 1242 1244 3683 1223 1221 3684 1170 977 3685 1249 1245 3686 956 951 3687 1235 1219 3688 1265 947 3689 1229 1225 3690 1243 1246 3691 1230 1226 3692 1230 1226 3693 1244 1247 3694 1231 1228 3695 1224 1229 3696 1236 1227 3697 1237 1237 3698 1231 1228 3699 1245 1248 3700 1232 1230 3701 1242 1244 3702 1255 1249 3703 1256 1250 3704 1242 1244 3705 1257 1251 3706 1243 1246 3707 1236 1227 3708 1249 1245 3709 1250 1252 3710 1243 1246 3711 1258 1253 3712 1244 1247 3713 1237 1237 3714 1250 1252 3715 1251 1254 3716 1244 1247 3717 1259 1255 3718 1245 1248 3719 1238 1238 3720 1251 1254 3721 1252 1256 3722 1245 1248 3723 1260 1257 3724 1246 1239 3725 1239 1240 3726 1252 1256 3727 1253 1258 3728 1246 1239 3729 1261 1259 3730 1247 1241 3731 1240 1242 3732 1253 1258 3733 1254 1260 3734 1247 1241 3735 1262 1261 3736 1248 1236 3737 1241 1243 3738 1254 1260 3739 1255 1249 3740 1259 1255 3741 1264 965 3742 1260 1257 3743 1253 1258 3744 946 964 3745 947 968 3746 1260 1257 3747 954 969 3748 1261 1259 3749 1254 1260 3750 947 968 3751 948 944 3752 1261 1259 3753 955 941 3754 1262 1261 3755 1255 1249 3756 948 944 3757 949 946 3758 1256 1250 3759 949 946 3760 950 950 3761 1249 1245 3762 1170 977 3763 957 954 3764 1256 1250 3765 951 952 3766 1257 1251 3767 1250 1252 3768 957 954 3769 945 956 3770 1257 1251 3771 952 957 3772 1258 1253 3773 1251 1254 3774 945 956 3775 1263 960 3776 1258 1253 3777 953 961 3778 1259 1255 3779 1252 1256 3780 1263 960 3781 946 964 3782 1276 1262 3783 1289 1263 3784 1290 1264 3785 1269 1265 3786 1283 1266 3787 1270 1267 3788 1270 1267 3789 1284 1268 3790 1271 633 3791 1585 1269 3792 1492 1270 3793 1292 1271 3794 1272 1272 3795 1284 1268 3796 1285 1273 3797 1585 1269 3798 1278 1274 3799 1266 1275 3800 1273 1276 3801 1285 1273 3802 1286 1277 3803 1266 1275 3804 1279 1278 3805 1586 1279 3806 1274 1280 3807 1286 1277 3808 1287 1281 3809 1586 1279 3810 1280 1282 3811 1267 1283 3812 1587 1284 3813 1287 1281 3814 1288 1285 3815 1267 1283 3816 1281 1286 3817 1268 1287 3818 1275 1288 3819 1288 1285 3820 1289 1263 3821 1268 1287 3822 1282 1289 3823 1269 1265 3824 1280 1282 3825 1296 1290 3826 1281 1286 3827 1289 1263 3828 1303 1291 3829 1304 1292 3830 1281 1286 3831 1297 1293 3832 1282 1289 3833 1290 1264 3834 1304 1292 3835 1316 1294 3836 1282 1289 3837 1298 1295 3838 1283 1266 3839 1291 1296 3840 1316 1294 3841 1317 1297 3842 1283 1266 3843 1299 1298 3844 1284 1268 3845 1277 1299 3846 1291 1296 3847 1317 1297 3848 1285 1273 3849 1299 1298 3850 1300 1300 3851 1292 1271 3852 1293 1301 3853 1278 1274 3854 1286 1277 3855 1300 1300 3856 1301 1302 3857 1278 1274 3858 1294 1303 3859 1279 1278 3860 1287 1281 3861 1301 1302 3862 1302 1304 3863 1279 1278 3864 1295 1305 3865 1280 1282 3866 1288 1285 3867 1302 1304 3868 1303 1291 3869 1300 1300 3870 1310 1306 3871 1311 1307 3872 1292 1271 3873 1319 1308 3874 1293 1301 3875 1301 1302 3876 1311 1307 3877 1312 1309 3878 1293 1301 3879 1305 1310 3880 1294 1303 3881 1302 1304 3882 1312 1309 3883 1313 1311 3884 1294 1303 3885 1306 1312 3886 1295 1305 3887 1303 1291 3888 1313 1311 3889 1314 1313 3890 1295 1305 3891 1307 1314 3892 1296 1290 3893 1304 1292 3894 1314 1313 3895 1315 1315 3896 1296 1290 3897 1308 1316 3898 1297 1293 3899 1297 1293 3900 1309 1317 3901 1298 1295 3902 1298 1295 3903 1310 1306 3904 1299 1298 3905 1292 1271 3906 1492 1270 3907 1318 1318 3908 1315 1315 3909 1329 1319 3910 1330 1320 3911 1307 1314 3912 1323 1321 3913 1308 1316 3914 1316 1294 3915 1330 1320 3916 1342 1322 3917 1308 1316 3918 1324 1323 3919 1309 1317 3920 1317 1297 3921 1342 1322 3922 1343 1324 3923 1309 1317 3924 1325 1325 3925 1310 1306 3926 1277 1299 3927 1317 1297 3928 1343 1324 3929 1311 1307 3930 1325 1325 3931 1326 1326 3932 1312 1309 3933 1326 1326 3934 1327 1327 3935 1319 1308 3936 1320 1328 3937 1305 1310 3938 1313 1311 3939 1327 1327 3940 1328 1329 3941 1305 1310 3942 1321 1330 3943 1306 1312 3944 1314 1313 3945 1328 1329 3946 1329 1319 3947 1306 1312 3948 1322 1331 3949 1307 1314 3950 1327 1327 3951 1337 1332 3952 1338 1333 3953 1319 1308 3954 1331 1334 3955 1320 1328 3956 1328 1329 3957 1338 1333 3958 1339 1335 3959 1320 1328 3960 1332 1336 3961 1321 1330 3962 1329 1319 3963 1339 1335 3964 1340 1337 3965 1321 1330 3966 1333 1338 3967 1322 1331 3968 1330 1320 3969 1340 1337 3970 1341 1339 3971 1322 1331 3972 1334 1340 3973 1323 1321 3974 1323 1321 3975 1335 1341 3976 1324 1323 3977 1324 1323 3978 1336 1342 3979 1325 1325 3980 1318 1318 3981 1492 1270 3982 1344 1343 3983 1326 1326 3984 1336 1342 3985 1337 1332 3986 1318 1318 3987 1345 1344 3988 1319 1308 3989 1342 1322 3990 1356 1345 3991 1368 1346 3992 1334 1340 3993 1350 1347 3994 1335 1341 3995 1343 1324 3996 1368 1346 3997 1369 1348 3998 1335 1341 3999 1351 1349 4000 1336 1342 4001 1277 1299 4002 1343 1324 4003 1369 1348 4004 1337 1332 4005 1351 1349 4006 1352 1350 4007 1338 1333 4008 1352 1350 4009 1353 1351 4010 1345 1344 4011 1346 1352 4012 1331 1334 4013 1339 1335 4014 1353 1351 4015 1354 1353 4016 1331 1334 4017 1347 1354 4018 1332 1336 4019 1340 1337 4020 1354 1353 4021 1355 1355 4022 1332 1336 4023 1348 1356 4024 1333 1338 4025 1341 1339 4026 1355 1355 4027 1356 1345 4028 1333 1338 4029 1349 1357 4030 1334 1340 4031 1346 1352 4032 1371 1358 4033 1357 1359 4034 1353 1351 4035 1365 1360 4036 1354 1353 4037 1347 1354 4038 1357 1359 4039 1358 1361 4040 1354 1353 4041 1366 1362 4042 1355 1355 4043 1348 1356 4044 1358 1361 4045 1359 1363 4046 1355 1355 4047 1367 1364 4048 1356 1345 4049 1349 1357 4050 1359 1363 4051 1360 1365 4052 1350 1347 4053 1360 1365 4054 1361 1366 4055 1351 1349 4056 1361 1366 4057 1362 1367 4058 1344 1343 4059 1492 1270 4060 1370 1368 4061 1351 1349 4062 1363 1369 4063 1352 1350 4064 1345 1344 4065 1370 1368 4066 1371 1358 4067 1352 1350 4068 1364 1370 4069 1353 1351 4070 1361 1366 4071 1375 1371 4072 1376 1372 4073 1368 1346 4074 1395 1373 4075 1369 1348 4076 1362 1367 4077 1376 1372 4078 1377 1374 4079 1277 1299 4080 1369 1348 4081 1395 1373 4082 1362 1367 4083 1378 1375 4084 1363 1369 4085 1363 1369 4086 1379 1376 4087 1364 1370 4088 1357 1359 4089 1371 1358 4090 1372 1377 4091 1364 1370 4092 1380 1378 4093 1365 1360 4094 1358 1361 4095 1372 1377 4096 1373 1379 4097 1365 1360 4098 1381 1380 4099 1366 1362 4100 1359 1363 4101 1373 1379 4102 1374 1381 4103 1366 1362 4104 1382 1382 4105 1367 1364 4106 1360 1365 4107 1374 1381 4108 1375 1371 4109 1367 1364 4110 1394 1383 4111 1368 1346 4112 1379 1376 4113 1391 1384 4114 1380 1378 4115 1373 1379 4116 1383 1385 4117 1384 1386 4118 1380 1378 4119 1392 1387 4120 1381 1380 4121 1374 1381 4122 1384 1386 4123 1385 1388 4124 1381 1380 4125 1393 1389 4126 1382 1382 4127 1375 1371 4128 1385 1388 4129 1386 1390 4130 1376 1372 4131 1386 1390 4132 1387 1391 4133 1377 1374 4134 1387 1391 4135 1388 1392 4136 1370 1368 4137 1492 1270 4138 1396 1393 4139 1377 1374 4140 1389 1394 4141 1378 1375 4142 1371 1358 4143 1396 1393 4144 1397 1395 4145 1378 1375 4146 1390 1396 4147 1379 1376 4148 1372 1377 4149 1397 1395 4150 1383 1385 4151 1394 1383 4152 1423 1397 4153 1395 1373 4154 1388 1392 4155 1402 1398 4156 1403 1399 4157 1277 1299 4158 1395 1373 4159 1423 1397 4160 1388 1392 4161 1404 1400 4162 1389 1394 4163 1389 1394 4164 1405 1401 4165 1390 1396 4166 1383 1385 4167 1397 1395 4168 1398 1402 4169 1390 1396 4170 1406 1403 4171 1391 1384 4172 1384 1386 4173 1398 1402 4174 1399 1404 4175 1391 1384 4176 1407 1405 4177 1392 1387 4178 1385 1388 4179 1399 1404 4180 1400 1406 4181 1392 1387 4182 1408 1407 4183 1393 1389 4184 1386 1390 4185 1400 1406 4186 1401 1408 4187 1393 1389 4188 1409 1409 4189 1394 1383 4190 1387 1391 4191 1401 1408 4192 1402 1398 4193 1399 1404 4194 1411 1410 4195 1412 1411 4196 1406 1403 4197 1420 1412 4198 1407 1405 4199 1400 1406 4200 1412 1411 4201 1413 1413 4202 1407 1405 4203 1421 1414 4204 1408 1407 4205 1401 1408 4206 1413 1413 4207 1414 1415 4208 1408 1407 4209 1422 1416 4210 1409 1409 4211 1402 1398 4212 1414 1415 4213 1415 1417 4214 1403 1399 4215 1415 1417 4216 1416 1418 4217 1396 1393 4218 1492 1270 4219 1424 1419 4220 1403 1399 4221 1417 1420 4222 1404 1400 4223 1397 1395 4224 1424 1419 4225 1410 1421 4226 1404 1400 4227 1418 1422 4228 1405 1401 4229 1398 1402 4230 1410 1421 4231 1411 1410 4232 1405 1401 4233 1419 1423 4234 1406 1403 4235 1416 1418 4236 1430 1424 4237 1431 1425 4238 1277 1299 4239 1423 1397 4240 1452 1426 4241 1416 1418 4242 1432 1427 4243 1417 1420 4244 1410 1421 4245 1424 1419 4246 1425 1428 4247 1417 1420 4248 1433 1429 4249 1418 1422 4250 1411 1410 4251 1425 1428 4252 1426 1430 4253 1418 1422 4254 1434 1431 4255 1419 1423 4256 1412 1411 4257 1426 1430 4258 1427 1432 4259 1419 1423 4260 1435 1433 4261 1420 1412 4262 1413 1413 4263 1427 1432 4264 1428 1434 4265 1420 1412 4266 1436 1435 4267 1421 1414 4268 1414 1415 4269 1428 1434 4270 1429 1436 4271 1421 1414 4272 1437 1437 4273 1422 1416 4274 1415 1417 4275 1429 1436 4276 1430 1424 4277 1422 1416 4278 1452 1426 4279 1423 1397 4280 1435 1433 4281 1448 1438 4282 1449 1439 4283 1427 1432 4284 1442 1440 4285 1428 1434 4286 1436 1435 4287 1449 1439 4288 1450 1441 4289 1428 1434 4290 1443 1442 4291 1429 1436 4292 1437 1437 4293 1450 1441 4294 1451 1443 4295 1429 1436 4296 1444 1444 4297 1430 1424 4298 1430 1424 4299 1445 1445 4300 1431 1425 4301 1424 1419 4302 1492 1270 4303 1438 1446 4304 1432 1427 4305 1445 1445 4306 1446 1447 4307 1424 1419 4308 1439 1448 4309 1425 1428 4310 1433 1429 4311 1446 1447 4312 1447 1449 4313 1425 1428 4314 1440 1450 4315 1426 1430 4316 1434 1431 4317 1447 1449 4318 1448 1438 4319 1426 1430 4320 1441 1451 4321 1427 1432 4322 1277 1299 4323 1452 1426 4324 1478 1452 4325 1446 1447 4326 1459 1453 4327 1460 1454 4328 1438 1446 4329 1453 1455 4330 1439 1448 4331 1447 1449 4332 1460 1454 4333 1461 1456 4334 1439 1448 4335 1454 1457 4336 1440 1450 4337 1448 1438 4338 1461 1456 4339 1462 1458 4340 1440 1450 4341 1455 1459 4342 1441 1451 4343 1449 1439 4344 1462 1458 4345 1463 1460 4346 1441 1451 4347 1456 1461 4348 1442 1440 4349 1450 1441 4350 1463 1460 4351 1464 1462 4352 1442 1440 4353 1457 1463 4354 1443 1442 4355 1451 1443 4356 1464 1462 4357 1465 1464 4358 1443 1442 4359 1458 1465 4360 1444 1444 4361 1452 1426 4362 1465 1464 4363 1478 1452 4364 1444 1444 4365 1459 1453 4366 1445 1445 4367 1464 1462 4368 1476 1466 4369 1477 1467 4370 1456 1461 4371 1470 1468 4372 1457 1463 4373 1465 1464 4374 1477 1467 4375 1491 1469 4376 1457 1463 4377 1471 1470 4378 1458 1465 4379 1458 1465 4380 1472 1471 4381 1459 1453 4382 1438 1446 4383 1492 1270 4384 1466 1472 4385 1460 1454 4386 1472 1471 4387 1473 1473 4388 1438 1446 4389 1479 1474 4390 1453 1455 4391 1461 1456 4392 1473 1473 4393 1474 1475 4394 1453 1455 4395 1467 1476 4396 1454 1457 4397 1462 1458 4398 1474 1475 4399 1475 1477 4400 1454 1457 4401 1468 1478 4402 1455 1459 4403 1463 1460 4404 1475 1477 4405 1476 1466 4406 1455 1459 4407 1469 1479 4408 1456 1461 4409 1474 1475 4410 1486 1480 4411 1487 1481 4412 1479 1474 4413 1480 1482 4414 1467 1476 4415 1475 1477 4416 1487 1481 4417 1488 1483 4418 1467 1476 4419 1481 1484 4420 1468 1478 4421 1476 1466 4422 1488 1483 4423 1489 1485 4424 1468 1478 4425 1482 1486 4426 1469 1479 4427 1477 1467 4428 1489 1485 4429 1490 1487 4430 1469 1479 4431 1483 1488 4432 1470 1468 4433 1470 1468 4434 1484 1489 4435 1471 1470 4436 1478 1452 4437 1491 1469 4438 1505 1490 4439 1471 1470 4440 1485 1491 4441 1472 1471 4442 1277 1299 4443 1478 1452 4444 1505 1490 4445 1473 1473 4446 1485 1491 4447 1486 1480 4448 1482 1486 4449 1497 1492 4450 1483 1488 4451 1491 1469 4452 1504 1493 4453 1518 1494 4454 1483 1488 4455 1498 1495 4456 1484 1489 4457 1484 1489 4458 1499 1496 4459 1485 1491 4460 1466 1472 4461 1492 1270 4462 1506 1497 4463 1486 1480 4464 1499 1496 4465 1500 1498 4466 1466 1472 4467 1493 1499 4468 1479 1474 4469 1487 1481 4470 1500 1498 4471 1501 1500 4472 1479 1474 4473 1494 1501 4474 1480 1482 4475 1488 1483 4476 1501 1500 4477 1502 1502 4478 1480 1482 4479 1495 1503 4480 1481 1484 4481 1489 1485 4482 1502 1502 4483 1503 1504 4484 1481 1484 4485 1496 1505 4486 1482 1486 4487 1490 1487 4488 1503 1504 4489 1504 1493 4490 1501 1500 4491 1513 1506 4492 1514 1507 4493 1493 1499 4494 1507 1508 4495 1494 1501 4496 1502 1502 4497 1514 1507 4498 1515 1509 4499 1494 1501 4500 1508 1510 4501 1495 1503 4502 1503 1504 4503 1515 1509 4504 1516 1511 4505 1495 1503 4506 1509 1512 4507 1496 1505 4508 1504 1493 4509 1516 1511 4510 1517 1513 4511 1496 1505 4512 1510 1514 4513 1497 1492 4514 1497 1492 4515 1511 1515 4516 1498 1495 4517 1505 1490 4518 1518 1494 4519 1531 1516 4520 1498 1495 4521 1512 1517 4522 1499 1496 4523 1277 1299 4524 1505 1490 4525 1531 1516 4526 1500 1498 4527 1512 1517 4528 1513 1506 4529 1517 1513 4530 1544 1518 4531 1518 1494 4532 1511 1515 4533 1523 1519 4534 1524 1520 4535 1512 1517 4536 1524 1520 4537 1525 1521 4538 1506 1497 4539 1492 1270 4540 1532 1522 4541 1512 1517 4542 1526 1523 4543 1513 1506 4544 1493 1499 4545 1532 1522 4546 1519 1524 4547 1513 1506 4548 1527 1525 4549 1514 1507 4550 1507 1508 4551 1519 1524 4552 1520 1526 4553 1514 1507 4554 1528 1527 4555 1515 1509 4556 1508 1510 4557 1520 1526 4558 1521 1528 4559 1515 1509 4560 1529 1529 4561 1516 1511 4562 1509 1512 4563 1521 1528 4564 1522 1530 4565 1516 1511 4566 1530 1531 4567 1517 1513 4568 1510 1514 4569 1522 1530 4570 1523 1519 4571 1520 1526 4572 1519 1524 4573 1533 1532 4574 1527 1525 4575 1541 1533 4576 1528 1527 4577 1521 1528 4578 1533 1532 4579 1534 1534 4580 1528 1527 4581 1542 1535 4582 1529 1529 4583 1522 1530 4584 1534 1534 4585 1535 1536 4586 1529 1529 4587 1543 1537 4588 1530 1531 4589 1523 1519 4590 1535 1536 4591 1536 1538 4592 1524 1520 4593 1536 1538 4594 1537 1539 4595 1544 1518 4596 1556 1540 4597 1531 1516 4598 1525 1521 4599 1537 1539 4600 1538 1541 4601 1277 1299 4602 1531 1516 4603 1556 1540 4604 1525 1521 4605 1539 1542 4606 1526 1523 4607 1526 1523 4608 1540 1543 4609 1527 1525 4610 1537 1539 4611 1548 1544 4612 1549 1545 4613 1538 1541 4614 1549 1545 4615 1550 1546 4616 1532 1522 4617 1492 1270 4618 1557 1547 4619 1538 1541 4620 1551 1548 4621 1539 1542 4622 1519 1524 4623 1557 1547 4624 1558 1549 4625 1539 1542 4626 1552 1550 4627 1540 1543 4628 1533 1532 4629 1558 1549 4630 1545 1551 4631 1540 1543 4632 1553 1552 4633 1541 1533 4634 1534 1534 4635 1545 1551 4636 1546 1553 4637 1541 1533 4638 1554 1554 4639 1542 1535 4640 1535 1536 4641 1546 1553 4642 1547 1555 4643 1542 1535 4644 1555 1556 4645 1543 1537 4646 1536 1538 4647 1547 1555 4648 1548 1544 4649 1543 1537 4650 1570 1557 4651 1544 1518 4652 1552 1550 4653 1567 1558 4654 1553 1552 4655 1546 1553 4656 1559 1559 4657 1560 1560 4658 1553 1552 4659 1568 1561 4660 1554 1554 4661 1547 1555 4662 1560 1560 4663 1561 1562 4664 1554 1554 4665 1569 1563 4666 1555 1556 4667 1548 1544 4668 1561 1562 4669 1562 1564 4670 1549 1545 4671 1562 1564 4672 1563 1565 4673 1570 1557 4674 1584 1566 4675 1556 1540 4676 1550 1546 4677 1563 1565 4678 1564 1567 4679 1277 1299 4680 1556 1540 4681 1584 1566 4682 1550 1546 4683 1565 1568 4684 1551 1548 4685 1551 1548 4686 1566 1569 4687 1552 1550 4688 1545 1551 4689 1558 1549 4690 1559 1559 4691 1564 1567 4692 1576 1570 4693 1577 1571 4694 1557 1547 4695 1492 1270 4696 1585 1269 4697 1564 1567 4698 1578 1572 4699 1565 1568 4700 1558 1549 4701 1585 1269 4702 1571 1573 4703 1565 1568 4704 1579 1574 4705 1566 1569 4706 1559 1559 4707 1571 1573 4708 1572 1575 4709 1566 1569 4710 1580 1576 4711 1567 1558 4712 1560 1560 4713 1572 1575 4714 1573 1577 4715 1567 1558 4716 1581 1578 4717 1568 1561 4718 1561 1562 4719 1573 1577 4720 1574 1579 4721 1568 1561 4722 1582 1580 4723 1569 1563 4724 1562 1564 4725 1574 1579 4726 1575 1581 4727 1569 1563 4728 1583 1582 4729 1570 1557 4730 1563 1565 4731 1575 1581 4732 1576 1570 4733 1580 1576 4734 1587 1284 4735 1581 1578 4736 1574 1579 4737 1267 1283 4738 1268 1287 4739 1581 1578 4740 1275 1288 4741 1582 1580 4742 1575 1581 4743 1268 1287 4744 1269 1265 4745 1582 1580 4746 1276 1262 4747 1583 1582 4748 1576 1570 4749 1269 1265 4750 1270 1267 4751 1583 1582 4752 1291 1296 4753 1584 1566 4754 1577 1571 4755 1270 1267 4756 1271 633 4757 1277 1299 4758 1584 1566 4759 1291 1296 4760 1577 1571 4761 1272 1272 4762 1578 1572 4763 1571 1573 4764 1585 1269 4765 1266 1275 4766 1578 1572 4767 1273 1276 4768 1579 1574 4769 1572 1575 4770 1266 1275 4771 1586 1279 4772 1579 1574 4773 1274 1280 4774 1580 1576 4775 1573 1577 4776 1586 1279 4777 1267 1283 4778 48 32 5727 58 69 5728 47 33 5729 49 35 5730 48 32 5731 32 34 5732 50 37 5733 49 35 5734 33 36 5735 51 39 5736 50 37 5737 34 38 5738 36 42 5739 51 39 5740 35 40 5741 53 44 5742 52 41 5743 37 43 5744 39 57 5745 53 44 5746 38 45 5747 40 48 5748 54 47 5749 39 57 5750 43 51 5751 55 50 5752 42 62 5753 44 49 5754 56 53 5755 55 50 5756 45 52 5757 57 55 5758 56 53 5759 47 33 5760 58 69 5761 46 54 5762 39 57 5763 59 56 5764 53 44 5765 46 54 5766 60 67 5767 57 55 5768 58 69 5769 60 67 5770 46 54 5771 62 59 5772 61 58 5773 36 42 5774 63 60 5775 62 59 5776 52 41 5777 54 47 5778 64 61 5779 59 56 5780 41 46 5781 65 63 5782 64 61 5783 42 62 5784 66 64 5785 65 63 5786 48 32 5787 71 72 5788 58 69 5789 56 53 5790 68 66 5791 55 50 5792 57 55 5793 69 68 5794 68 66 5795 60 67 5796 70 70 5797 69 68 5798 58 69 5799 71 72 5800 70 70 5801 73 73 5802 72 71 5803 48 32 5804 74 74 5805 73 73 5806 49 35 5807 75 75 5808 74 74 5809 50 37 5810 61 58 5811 75 75 5812 51 39 5813 55 50 5814 76 76 5815 66 64 5816 64 61 5817 78 78 5818 67 65 5819 69 68 5820 79 79 5821 68 66 5822 70 70 5823 80 1893 5824 79 79 5825 71 72 5826 80 1893 5827 70 70 5828 72 71 5829 86 86 5830 71 72 5831 82 81 5832 81 80 5833 61 58 5834 77 77 5835 82 81 5836 62 59 5837 65 63 5838 84 83 5839 78 78 5840 66 64 5841 85 84 5842 84 83 5843 71 72 5844 86 86 5845 80 1893 5846 88 87 5847 87 85 5848 72 71 5849 74 74 5850 88 87 5851 73 73 5852 68 66 5853 89 88 5854 76 76 5855 80 1893 5856 90 103 5857 79 79 5858 86 86 5859 90 103 5860 80 1893 5861 75 75 5862 91 89 5863 74 74 5864 83 82 5865 92 90 5866 77 77 5867 87 85 5868 93 91 5869 86 86 5870 88 87 5871 94 92 5872 93 91 5873 83 82 5874 95 100 5875 92 90 5876 96 93 5877 95 100 5878 83 82 5879 84 83 5880 96 93 5881 78 78 5882 98 95 5883 97 94 5884 89 88 5885 90 103 5886 98 95 5887 79 79 5888 75 75 5889 99 97 5890 91 89 5891 81 80 5892 100 98 5893 99 97 5894 82 81 5895 101 99 5896 100 98 5897 92 90 5898 102 101 5899 101 99 5900 85 84 5901 103 102 5902 84 83 5903 95 100 5904 105 109 5905 102 101 5906 96 93 5907 105 109 5908 95 100 5909 97 94 5910 106 104 5911 76 76 5912 93 91 5913 108 106 5914 104 96 5915 94 92 5916 109 107 5917 108 106 5918 103 102 5919 110 108 5920 96 93 5921 112 111 5922 111 110 5923 97 94 5924 107 105 5925 112 111 5926 98 95 5927 108 106 5928 118 120 5929 104 96 5930 114 113 5931 113 112 5932 100 98 5933 115 114 5934 114 113 5935 101 99 5936 105 109 5937 115 114 5938 102 101 5939 103 102 5940 116 115 5941 110 108 5942 85 84 5943 117 116 5944 116 115 5945 104 96 5946 118 120 5947 107 105 5948 99 97 5949 119 117 5950 91 89 5951 105 109 5952 120 118 5953 115 114 5954 107 105 5955 121 125 5956 112 111 5957 118 120 5958 121 125 5959 107 105 5960 122 119 5961 128 138 5962 118 120 5963 123 121 5964 122 119 5965 108 106 5966 119 117 5967 123 121 5968 109 107 5969 110 108 5970 124 122 5971 120 118 5972 106 104 5973 125 123 5974 117 116 5975 111 110 5976 126 124 5977 125 123 5978 112 111 5979 127 126 5980 126 124 5981 118 120 5982 128 138 5983 121 125 5984 130 128 5985 129 127 5986 99 97 5987 131 129 5988 130 128 5989 113 112 5990 132 130 5991 131 129 5992 114 113 5993 120 118 5994 133 131 5995 132 130 5996 116 115 5997 134 132 5998 124 122 5999 121 125 6000 135 137 6001 127 126 6002 128 138 6003 135 137 6004 121 125 6005 122 119 6006 140 136 6007 128 138 6008 123 121 6009 136 140 6010 122 119 6011 137 133 6012 136 140 6013 123 121 6014 129 127 6015 137 133 6016 119 117 6017 132 130 6018 138 134 6019 131 129 6020 126 124 6021 139 135 6022 125 123 6023 124 122 6024 142 141 6025 133 131 6026 117 116 6027 143 142 6028 134 132 6029 125 123 6030 144 143 6031 143 142 6032 132 130 6033 145 153 6034 138 134 6035 146 144 6036 145 153 6037 132 130 6038 142 141 6039 146 144 6040 133 131 6041 135 137 6042 148 146 6043 147 145 6044 129 127 6045 149 147 6046 137 133 6047 130 128 6048 150 148 6049 149 147 6050 137 133 6051 151 150 6052 136 140 6053 143 142 6054 152 151 6055 134 132 6056 141 139 6057 154 152 6058 153 149 6059 138 134 6060 155 154 6061 150 148 6062 148 146 6063 156 155 6064 147 145 6065 144 143 6066 157 156 6067 143 142 6068 156 155 6069 158 157 6070 139 135 6071 136 140 6072 159 158 6073 154 152 6074 150 148 6075 160 159 6076 149 147 6077 145 153 6078 161 163 6079 155 154 6080 146 144 6081 161 163 6082 145 153 6083 142 141 6084 162 160 6085 146 144 6086 158 157 6087 163 161 6088 144 143 6089 148 146 6090 164 166 6091 156 155 6092 153 149 6093 164 166 6094 148 146 6095 162 160 6096 165 162 6097 146 144 6098 166 164 6099 168 165 6100 153 149 6101 156 155 6102 167 173 6103 158 157 6104 164 166 6105 167 173 6106 156 155 6107 160 159 6108 169 167 6109 149 147 6110 161 163 6111 170 168 6112 155 154 6113 169 167 6114 172 170 6115 151 150 6116 168 165 6117 174 172 6118 164 166 6119 166 164 6120 180 183 6121 168 165 6122 165 162 6123 177 186 6124 173 171 6125 178 176 6126 177 186 6127 165 162 6128 158 157 6129 179 180 6130 163 161 6131 167 173 6132 179 180 6133 158 157 6134 168 165 6135 180 183 6136 174 172 6137 167 173 6138 182 178 6139 179 180 6140 170 168 6141 183 198 6142 176 175 6143 184 179 6144 183 198 6145 170 168 6146 177 186 6147 184 179 6148 173 171 6149 163 161 6150 185 181 6151 181 177 6152 175 174 6153 186 182 6154 166 164 6155 176 175 6156 187 184 6157 169 167 6158 172 170 6159 188 202 6160 175 174 6161 187 184 6162 188 202 6163 172 170 6164 177 186 6165 189 185 6166 184 179 6167 174 172 6168 190 187 6169 182 178 6170 183 198 6171 191 188 6172 176 175 6173 171 169 6174 193 194 6175 192 189 6176 181 177 6177 193 194 6178 171 169 6179 186 182 6180 194 190 6181 180 183 6182 175 174 6183 195 210 6184 186 182 6185 188 202 6186 195 210 6187 175 174 6188 184 179 6189 196 191 6190 183 198 6191 182 178 6192 197 195 6193 179 180 6194 190 187 6195 197 195 6196 182 178 6197 186 182 6198 198 199 6199 194 190 6200 195 210 6201 198 199 6202 186 182 6203 192 189 6204 199 192 6205 189 185 6206 185 181 6207 200 193 6208 181 177 6209 179 180 6210 201 196 6211 185 181 6212 183 198 6213 202 197 6214 191 188 6215 188 202 6216 203 201 6217 195 210 6218 187 184 6219 204 203 6220 203 201 6221 199 192 6222 205 204 6223 196 191 6224 190 187 6225 207 206 6226 197 195 6227 194 190 6228 208 200 6229 207 206 6230 199 192 6231 209 207 6232 205 204 6233 192 189 6234 210 208 6235 209 207 6236 197 195 6237 211 214 6238 201 196 6239 207 206 6240 211 214 6241 197 195 6242 203 201 6243 212 209 6244 195 210 6245 214 212 6246 217 217 6247 208 200 6248 193 194 6249 215 213 6250 210 208 6251 201 196 6252 216 215 6253 206 205 6254 208 200 6255 217 217 6256 207 206 6257 202 197 6258 218 219 6259 213 211 6260 205 204 6261 218 219 6262 202 197 6263 211 214 6264 219 229 6265 216 215 6266 220 216 6267 219 229 6268 211 214 6269 222 220 6270 221 218 6271 205 204 6272 210 208 6273 222 220 6274 209 207 6275 206 205 6276 223 221 6277 200 193 6278 220 216 6279 224 226 6280 219 229 6281 217 217 6282 224 226 6283 220 216 6284 214 212 6285 228 225 6286 217 217 6287 226 223 6288 225 222 6289 204 203 6290 210 208 6291 227 224 6292 222 220 6293 230 228 6294 229 227 6295 214 212 6296 203 201 6297 230 228 6298 212 209 6299 221 218 6300 231 240 6301 218 219 6302 222 220 6303 231 240 6304 221 218 6305 200 193 6306 232 234 6307 215 213 6308 223 221 6309 232 234 6310 200 193 6311 216 215 6312 233 230 6313 223 221 6314 203 201 6315 234 231 6316 230 228 6317 231 240 6318 235 232 6319 218 219 6320 219 229 6321 237 244 6322 233 230 6323 224 226 6324 237 244 6325 219 229 6326 222 220 6327 238 236 6328 231 240 6329 224 226 6330 239 237 6331 237 244 6332 228 225 6333 240 235 6334 239 237 6335 230 228 6336 241 238 6337 229 227 6338 223 221 6339 243 261 6340 232 234 6341 233 230 6342 243 261 6343 223 221 6344 235 232 6345 244 241 6346 242 239 6347 239 237 6348 246 243 6349 237 244 6350 225 222 6351 247 245 6352 234 231 6353 238 236 6354 248 246 6355 231 240 6356 241 238 6357 250 1894 6358 254 248 6359 251 249 6360 250 1894 6361 241 238 6362 234 231 6363 251 249 6364 230 228 6365 233 230 6366 252 250 6367 243 261 6368 254 248 6369 253 251 6370 239 237 6371 242 239 6372 255 267 6373 247 245 6374 256 252 6375 255 267 6376 242 239 6377 248 246 6378 256 252 6379 244 241 6380 238 236 6381 257 255 6382 248 246 6383 245 242 6384 257 255 6385 238 236 6386 250 1894 6387 262 264 6388 254 248 6389 257 255 6390 258 253 6391 248 246 6392 260 256 6393 259 254 6394 245 242 6395 261 257 6396 260 256 6397 249 247 6398 243 261 6399 261 257 6400 232 234 6401 254 248 6402 262 264 6403 253 251 6404 250 1894 6405 263 271 6406 262 264 6407 251 249 6408 263 271 6409 250 1894 6410 247 245 6411 264 258 6412 234 231 6413 246 243 6414 265 259 6415 252 250 6416 257 255 6417 266 268 6418 258 253 6419 259 254 6420 266 268 6421 257 255 6422 268 262 6423 267 260 6424 243 261 6425 263 271 6426 273 274 6427 262 264 6428 255 267 6429 270 265 6430 247 245 6431 258 253 6432 272 269 6433 271 266 6434 262 264 6435 273 274 6436 269 263 6437 261 257 6438 276 273 6439 275 272 6440 269 263 6441 277 275 6442 265 259 6443 263 271 6444 278 286 6445 273 274 6446 274 270 6447 278 286 6448 263 271 6449 259 254 6450 279 276 6451 266 268 6452 278 286 6453 284 285 6454 273 274 6455 271 266 6456 281 280 6457 280 277 6458 272 269 6459 281 280 6460 271 266 6461 268 262 6462 282 278 6463 267 260 6464 265 259 6465 283 290 6466 282 278 6467 277 275 6468 283 290 6469 265 259 6470 273 274 6471 284 285 6472 277 275 6473 274 270 6474 286 281 6475 278 286 6476 266 268 6477 288 283 6478 285 279 6479 286 281 6480 289 284 6481 278 286 6482 275 272 6483 290 287 6484 279 276 6485 267 260 6486 291 288 6487 276 273 6488 284 285 6489 292 289 6490 277 275 6491 287 282 6492 293 292 6493 264 258 6494 281 280 6495 294 303 6496 280 277 6497 285 279 6498 294 303 6499 281 280 6500 290 287 6501 295 293 6502 279 276 6503 280 277 6504 297 310 6505 287 282 6506 294 303 6507 297 310 6508 280 277 6509 283 290 6510 298 294 6511 282 278 6512 293 292 6513 299 295 6514 286 281 6515 285 279 6516 300 296 6517 294 303 6518 295 293 6519 301 297 6520 288 283 6521 282 278 6522 302 304 6523 291 288 6524 298 294 6525 302 304 6526 282 278 6527 296 291 6528 303 298 6529 292 289 6530 291 288 6531 305 300 6532 276 273 6533 289 284 6534 306 322 6535 310 301 6536 299 295 6537 306 322 6538 289 284 6539 294 303 6540 307 302 6541 297 310 6542 291 288 6543 308 305 6544 305 300 6545 298 294 6546 309 314 6547 302 304 6548 303 298 6549 309 314 6550 298 294 6551 293 292 6552 311 306 6553 299 295 6554 287 282 6555 312 309 6556 311 306 6557 297 310 6558 312 309 6559 287 282 6560 305 300 6561 313 307 6562 290 287 6563 306 322 6564 318 315 6565 310 301 6566 300 296 6567 315 311 6568 307 302 6569 309 314 6570 316 312 6571 302 304 6572 318 315 6573 317 313 6574 303 298 6575 313 307 6576 319 316 6577 301 297 6578 299 295 6579 320 317 6580 306 322 6581 309 314 6582 321 318 6583 316 312 6584 317 313 6585 322 330 6586 321 318 6587 318 315 6588 322 330 6589 317 313 6590 307 302 6591 323 319 6592 314 308 6593 304 299 6594 324 333 6595 315 311 6596 319 316 6597 324 333 6598 304 299 6599 313 307 6600 325 334 6601 319 316 6602 326 320 6603 325 334 6604 313 307 6605 306 322 6606 327 321 6607 318 315 6608 324 333 6609 328 323 6610 315 311 6611 314 308 6612 329 325 6613 312 309 6614 316 312 6615 330 326 6616 308 305 6617 318 315 6618 331 324 6619 322 330 6620 311 306 6621 332 327 6622 320 317 6623 312 309 6624 333 344 6625 332 327 6626 329 325 6627 333 344 6628 312 309 6629 308 305 6630 334 328 6631 326 320 6632 322 330 6633 335 329 6634 321 318 6635 324 333 6636 337 332 6637 328 323 6638 319 316 6639 338 335 6640 337 332 6641 335 329 6642 339 336 6643 321 318 6644 327 321 6645 340 338 6646 331 324 6647 331 324 6648 340 338 6649 335 329 6650 323 319 6651 341 354 6652 329 325 6653 328 323 6654 341 354 6655 323 319 6656 335 329 6657 342 348 6658 339 336 6659 340 338 6660 342 348 6661 335 329 6662 344 339 6663 343 337 6664 327 321 6665 328 323 6666 345 340 6667 341 354 6668 337 332 6669 346 341 6670 345 340 6671 333 344 6672 347 343 6673 332 327 6674 329 325 6675 348 359 6676 347 343 6677 341 354 6678 348 359 6679 329 325 6680 350 346 6681 349 345 6682 338 335 6683 326 320 6684 350 346 6685 325 334 6686 339 336 6687 352 349 6688 351 347 6689 340 338 6690 353 342 6691 342 348 6692 326 320 6693 354 350 6694 350 346 6695 334 328 6696 355 351 6697 354 350 6698 341 354 6699 357 353 6700 348 359 6701 349 345 6702 358 355 6703 346 341 6704 342 348 6705 359 356 6706 352 349 6707 360 357 6708 363 361 6709 353 342 6710 344 339 6711 360 357 6712 343 337 6713 345 340 6714 362 360 6715 357 353 6716 354 350 6717 365 363 6718 350 346 6719 352 349 6720 366 364 6721 351 347 6722 361 358 6723 367 365 6724 347 343 6725 357 353 6726 368 376 6727 361 358 6728 362 360 6729 368 376 6730 357 353 6731 349 345 6732 370 367 6733 369 366 6734 351 347 6735 372 369 6736 371 368 6737 356 352 6738 373 382 6739 364 362 6740 367 365 6741 373 382 6742 356 352 6743 363 361 6744 374 370 6745 359 356 6746 362 360 6747 375 371 6748 368 376 6749 354 350 6750 376 372 6751 365 363 6752 378 374 6753 377 373 6754 366 364 6755 374 370 6756 378 374 6757 359 356 6758 360 357 6759 380 377 6760 374 370 6761 370 367 6762 381 378 6763 369 366 6764 380 377 6765 384 381 6766 374 370 6767 370 367 6768 382 379 6769 381 378 6770 365 363 6771 383 380 6772 382 379 6773 364 362 6774 385 383 6775 380 377 6776 378 374 6777 387 385 6778 386 384 6779 375 371 6780 389 400 6781 388 386 6782 390 387 6783 389 400 6784 375 371 6785 392 389 6786 391 388 6787 371 368 6788 379 375 6789 394 397 6790 367 365 6791 388 386 6792 394 397 6793 379 375 6794 383 380 6795 395 392 6796 382 379 6797 376 372 6798 396 393 6799 395 392 6800 398 391 6801 397 394 6802 387 385 6803 380 377 6804 399 395 6805 398 391 6806 386 384 6807 400 396 6808 392 389 6809 367 365 6810 401 398 6811 393 390 6812 403 401 6813 402 399 6814 389 400 6815 382 379 6816 404 402 6817 403 401 6818 400 396 6819 405 403 6820 392 389 6821 399 395 6822 407 405 6823 398 391 6824 388 386 6825 406 404 6826 394 397 6827 385 383 6828 408 406 6829 399 395 6830 391 388 6831 411 417 6832 396 393 6833 405 403 6834 411 417 6835 391 388 6836 413 410 6837 412 409 6838 400 396 6839 407 405 6840 413 410 6841 397 394 6842 415 413 6843 414 412 6844 404 402 6845 396 393 6846 415 413 6847 395 392 6848 407 405 6849 416 411 6850 413 410 6851 408 406 6852 417 414 6853 399 395 6854 401 398 6855 418 415 6856 393 390 6857 403 401 6858 419 416 6859 410 408 6860 396 393 6861 420 418 6862 415 413 6863 410 408 6864 421 419 6865 406 404 6866 412 409 6867 422 420 6868 405 403 6869 413 410 6870 423 421 6871 422 420 6872 401 398 6873 424 422 6874 418 415 6875 414 412 6876 425 423 6877 419 416 6878 422 420 6879 426 424 6880 405 403 6881 425 423 6882 427 426 6883 419 416 6884 415 413 6885 431 432 6886 425 423 6887 420 418 6888 431 432 6889 415 413 6890 417 414 6891 432 429 6892 428 425 6893 409 407 6894 433 440 6895 424 422 6896 421 419 6897 433 440 6898 409 407 6899 435 431 6900 434 430 6901 422 420 6902 425 423 6903 436 433 6904 427 426 6905 418 415 6906 437 435 6907 429 427 6908 421 419 6909 438 447 6910 433 440 6911 439 436 6912 438 447 6913 421 419 6914 440 437 6915 439 436 6916 430 428 6917 411 417 6918 441 438 6919 420 418 6920 426 424 6921 442 443 6922 441 438 6923 434 430 6924 442 443 6925 426 424 6926 444 434 6927 443 439 6928 435 431 6929 424 422 6930 445 441 6931 437 435 6932 447 444 6933 452 452 6934 444 434 6935 448 445 6936 447 444 6937 432 429 6938 436 433 6939 450 448 6940 440 437 6941 420 418 6942 451 449 6943 431 432 6944 444 434 6945 452 452 6946 443 439 6947 431 432 6948 453 460 6949 450 448 6950 451 449 6951 453 460 6952 431 432 6953 442 443 6954 454 450 6955 441 438 6956 448 445 6957 455 451 6958 447 444 6959 438 447 6960 456 453 6961 449 446 6962 439 436 6963 457 454 6964 456 453 6965 440 437 6966 458 455 6967 457 454 6968 443 439 6969 460 462 6970 459 456 6971 452 452 6972 460 462 6973 443 439 6974 455 451 6975 465 461 6976 452 452 6977 449 446 6978 463 464 6979 445 441 6980 456 453 6981 463 464 6982 449 446 6983 437 435 6984 466 463 6985 461 457 6986 445 441 6987 467 465 6988 466 463 6989 457 454 6990 468 466 6991 456 453 6992 464 459 6993 469 467 6994 458 455 6995 454 450 6996 471 469 6997 451 449 6998 460 462 6999 472 479 7000 470 468 7001 465 461 7002 472 479 7003 460 462 7004 473 470 7005 475 480 7006 465 461 7007 474 471 7008 473 470 7009 455 451 7010 465 461 7011 475 480 7012 472 479 7013 468 466 7014 477 499 7015 463 464 7016 476 472 7017 477 499 7018 468 466 7019 479 474 7020 478 473 7021 464 459 7022 471 469 7023 479 474 7024 453 460 7025 470 468 7026 480 478 7027 462 458 7028 472 479 7029 480 478 7030 470 468 7031 473 470 7032 485 490 7033 475 480 7034 469 467 7035 481 475 7036 476 472 7037 454 450 7038 482 476 7039 471 469 7040 462 458 7041 483 488 7042 482 476 7043 480 478 7044 483 488 7045 462 458 7046 475 480 7047 485 490 7048 484 477 7049 466 463 7050 486 483 7051 474 471 7052 467 465 7053 486 483 7054 466 463 7055 476 472 7056 487 481 7057 477 499 7058 473 470 7059 488 482 7060 485 490 7061 474 471 7062 489 484 7063 488 482 7064 463 464 7065 490 1895 7066 467 465 7067 477 499 7068 490 1895 7069 463 464 7070 482 476 7071 491 485 7072 471 469 7073 478 473 7074 492 486 7075 481 475 7076 484 477 7077 493 487 7078 480 478 7079 484 477 7080 494 491 7081 493 487 7082 485 490 7083 495 489 7084 494 491 7085 467 465 7086 496 497 7087 486 483 7088 490 1895 7089 496 497 7090 467 465 7091 491 485 7092 498 493 7093 479 474 7094 483 488 7095 499 494 7096 482 476 7097 489 484 7098 500 495 7099 488 482 7100 477 499 7101 502 498 7102 490 1895 7103 487 481 7104 503 510 7105 502 498 7106 497 492 7107 503 510 7108 487 481 7109 493 487 7110 504 500 7111 483 488 7112 490 1895 7113 505 512 7114 496 497 7115 502 498 7116 505 512 7117 490 1895 7118 498 493 7119 506 501 7120 492 486 7121 499 494 7122 507 502 7123 491 485 7124 494 491 7125 508 503 7126 493 487 7127 500 495 7128 510 505 7129 495 489 7130 508 503 7131 509 504 7132 493 487 7133 512 507 7134 511 506 7135 500 495 7136 501 496 7137 512 507 7138 489 484 7139 507 502 7140 513 508 7141 498 493 7142 508 503 7143 515 516 7144 509 504 7145 510 505 7146 515 516 7147 508 503 7148 511 506 7149 519 515 7150 510 505 7151 517 513 7152 516 511 7153 505 512 7154 503 510 7155 518 514 7156 517 513 7157 513 508 7158 520 517 7159 506 501 7160 509 504 7161 521 518 7162 504 500 7163 523 520 7164 522 519 7165 511 506 7166 501 496 7167 523 520 7168 512 507 7169 514 509 7170 524 521 7171 518 514 7172 504 500 7173 525 526 7174 499 494 7175 521 518 7176 525 526 7177 504 500 7178 519 515 7179 526 522 7180 515 516 7181 501 496 7182 527 523 7183 523 520 7184 496 497 7185 528 524 7186 527 523 7187 531 529 7188 530 528 7189 513 508 7190 529 525 7191 531 529 7192 507 502 7193 526 522 7194 532 530 7195 521 518 7196 519 515 7197 533 527 7198 526 522 7199 517 513 7200 534 531 7201 516 511 7202 516 511 7203 535 532 7204 528 524 7205 518 514 7206 536 546 7207 534 531 7208 537 533 7209 536 546 7210 518 514 7211 520 517 7212 537 533 7213 524 521 7214 522 519 7215 539 536 7216 544 535 7217 523 520 7218 540 537 7219 539 536 7220 530 528 7221 541 538 7222 520 517 7223 543 540 7224 542 539 7225 529 525 7226 532 530 7227 543 540 7228 525 526 7229 527 523 7230 545 541 7231 540 537 7232 531 529 7233 546 542 7234 530 528 7235 538 534 7236 547 543 7237 532 530 7238 528 524 7239 548 544 7240 545 541 7241 535 532 7242 549 545 7243 548 544 7244 534 531 7245 550 547 7246 549 545 7247 542 539 7248 551 548 7249 531 529 7250 553 550 7251 557 554 7252 544 535 7253 554 551 7254 553 550 7255 539 536 7256 546 542 7257 556 553 7258 541 538 7259 537 533 7260 558 555 7261 555 552 7262 546 542 7263 559 556 7264 556 553 7265 547 543 7266 560 557 7267 543 540 7268 562 559 7269 561 558 7270 545 541 7271 563 560 7272 562 559 7273 548 544 7274 564 561 7275 563 560 7276 549 545 7277 555 552 7278 564 561 7279 550 547 7280 542 539 7281 565 562 7282 551 548 7283 543 540 7284 566 563 7285 565 562 7286 552 549 7287 567 568 7288 560 557 7289 557 554 7290 567 568 7291 552 549 7292 568 564 7293 573 573 7294 557 554 7295 569 565 7296 568 564 7297 553 550 7298 561 558 7299 569 565 7300 554 551 7301 558 555 7302 570 566 7303 555 552 7304 556 553 7305 571 567 7306 558 555 7307 560 557 7308 572 569 7309 566 563 7310 557 554 7311 573 573 7312 567 568 7313 558 555 7314 574 570 7315 570 566 7316 559 556 7317 575 571 7318 571 567 7319 561 558 7320 576 572 7321 569 565 7322 567 568 7323 577 574 7324 572 569 7325 563 560 7326 578 575 7327 562 559 7328 564 561 7329 579 576 7330 578 575 7331 565 562 7332 580 577 7333 551 548 7334 582 579 7335 581 578 7336 566 563 7337 577 574 7338 582 579 7339 572 569 7340 568 564 7341 583 581 7342 588 580 7343 569 565 7344 584 582 7345 583 581 7346 570 566 7347 585 585 7348 579 576 7349 574 570 7350 585 585 7351 570 566 7352 575 571 7353 586 583 7354 571 567 7355 573 573 7356 588 580 7357 587 584 7358 579 576 7359 589 586 7360 578 575 7361 574 570 7362 590 601 7363 585 585 7364 586 583 7365 590 601 7366 574 570 7367 580 577 7368 591 587 7369 575 571 7370 583 581 7371 592 588 7372 588 580 7373 584 582 7374 593 589 7375 592 588 7376 576 572 7377 594 590 7378 593 589 7379 562 559 7380 595 591 7381 594 590 7382 578 575 7383 596 592 7384 595 591 7385 598 594 7386 597 593 7387 565 562 7388 599 595 7389 598 594 7390 581 578 7391 587 584 7392 599 595 7393 582 579 7394 585 585 7395 600 598 7396 589 586 7397 590 601 7398 600 598 7399 585 585 7400 589 586 7401 602 599 7402 596 592 7403 590 601 7404 603 614 7405 600 598 7406 604 600 7407 603 614 7408 590 601 7409 605 602 7410 604 600 7411 586 583 7412 606 603 7413 605 602 7414 591 587 7415 597 593 7416 606 603 7417 580 577 7418 600 598 7419 608 611 7420 602 599 7421 603 614 7422 608 611 7423 600 598 7424 592 588 7425 610 606 7426 621 605 7427 593 589 7428 611 607 7429 610 606 7430 594 590 7431 612 608 7432 611 607 7433 595 591 7434 613 609 7435 612 608 7436 596 592 7437 614 610 7438 613 609 7439 602 599 7440 615 612 7441 614 610 7442 603 614 7443 616 1896 7444 608 611 7445 617 613 7446 616 1896 7447 603 614 7448 605 602 7449 617 613 7450 604 600 7451 619 616 7452 618 615 7453 597 593 7454 620 617 7455 619 616 7456 598 594 7457 609 604 7458 620 617 7459 599 595 7460 944 618 7461 630 645 7462 643 619 7463 623 621 7464 636 646 7465 637 622 7466 631 624 7467 944 618 7468 644 620 7469 624 623 7470 637 622 7471 638 626 7472 632 628 7473 631 624 7474 645 625 7475 625 627 7476 638 626 7477 639 630 7478 647 656 7479 632 628 7480 646 629 7481 626 631 7482 639 630 7483 640 632 7484 628 637 7485 627 633 7486 640 632 7487 942 634 7488 648 636 7489 634 639 7490 629 641 7491 628 637 7492 641 638 7493 622 640 7494 634 639 7495 635 643 7496 630 645 7497 629 641 7498 642 642 7499 943 644 7500 635 643 7501 636 646 7502 643 619 7503 642 642 7504 657 647 7505 635 643 7506 650 662 7507 651 649 7508 644 620 7509 643 619 7510 658 648 7511 636 646 7512 651 649 7513 652 651 7514 645 625 7515 644 620 7516 659 650 7517 637 622 7518 652 651 7519 653 653 7520 646 629 7521 645 625 7522 660 652 7523 638 626 7524 653 653 7525 654 655 7526 647 656 7527 646 629 7528 661 654 7529 639 630 7530 654 655 7531 655 658 7532 641 638 7533 640 632 7534 655 658 7535 642 642 7536 641 638 7537 656 660 7538 634 639 7539 649 661 7540 650 662 7541 673 657 7542 661 654 7543 687 675 7544 654 655 7545 666 676 7546 667 663 7547 656 660 7548 655 658 7549 667 663 7550 648 636 7551 674 664 7552 675 666 7553 657 647 7554 656 660 7555 668 665 7556 649 661 7557 675 666 7558 662 668 7559 658 648 7560 657 647 7561 669 667 7562 650 662 7563 662 668 7564 663 670 7565 659 650 7566 658 648 7567 670 669 7568 651 649 7569 663 670 7570 664 672 7571 660 652 7572 659 650 7573 671 671 7574 652 651 7575 664 672 7576 665 674 7577 661 654 7578 660 652 7579 672 673 7580 653 653 7581 665 674 7582 666 676 7583 662 668 7584 676 688 7585 677 677 7586 671 671 7587 670 669 7588 684 678 7589 663 670 7590 677 677 7591 678 680 7592 672 673 7593 671 671 7594 685 679 7595 664 672 7596 678 680 7597 679 682 7598 687 675 7599 672 673 7600 686 681 7601 665 674 7602 679 682 7603 680 683 7604 666 676 7605 680 683 7606 681 685 7607 668 665 7608 667 663 7609 681 685 7610 669 667 7611 668 665 7612 682 686 7613 670 669 7614 669 667 7615 683 687 7616 680 683 7617 693 702 7618 694 689 7619 682 686 7620 681 685 7621 694 689 7622 674 664 7623 700 690 7624 701 692 7625 683 687 7626 682 686 7627 695 691 7628 675 666 7629 701 692 7630 689 694 7631 684 678 7632 683 687 7633 696 693 7634 676 688 7635 689 694 7636 690 696 7637 685 679 7638 684 678 7639 697 695 7640 677 677 7641 690 696 7642 691 698 7643 686 681 7644 685 679 7645 698 697 7646 678 680 7647 691 698 7648 692 700 7649 687 675 7650 686 681 7651 699 699 7652 679 682 7653 692 700 7654 693 702 7655 688 684 7656 687 675 7657 713 701 7658 698 697 7659 697 695 7660 710 703 7661 690 696 7662 703 714 7663 704 705 7664 699 699 7665 698 697 7666 711 704 7667 691 698 7668 704 705 7669 705 707 7670 713 701 7671 699 699 7672 712 706 7673 692 700 7674 705 707 7675 706 708 7676 693 702 7677 706 708 7678 707 710 7679 695 691 7680 694 689 7681 707 710 7682 696 693 7683 695 691 7684 708 711 7685 697 695 7686 696 693 7687 709 712 7688 689 694 7689 702 713 7690 703 714 7691 707 710 7692 720 728 7693 721 716 7694 701 692 7695 700 690 7696 726 715 7697 708 711 7698 721 716 7699 722 718 7700 702 713 7701 701 692 7702 727 717 7703 709 712 7704 722 718 7705 723 720 7706 703 714 7707 702 713 7708 715 719 7709 710 703 7710 723 720 7711 724 722 7712 704 705 7713 703 714 7714 716 721 7715 711 704 7716 724 722 7717 725 724 7718 705 707 7719 704 705 7720 717 723 7721 712 706 7722 725 724 7723 739 726 7724 706 708 7725 705 707 7726 718 725 7727 713 701 7728 739 726 7729 714 709 7730 707 710 7731 706 708 7732 719 727 7733 717 723 7734 716 721 7735 729 729 7736 724 722 7737 737 740 7738 738 731 7739 718 725 7740 717 723 7741 730 730 7742 725 724 7743 738 731 7744 739 726 7745 719 727 7746 718 725 7747 731 732 7748 720 728 7749 719 727 7750 732 733 7751 720 728 7752 733 735 7753 734 736 7754 721 716 7755 734 736 7756 735 737 7757 722 718 7758 735 737 7759 736 739 7760 716 721 7761 715 719 7762 728 738 7763 723 720 7764 736 739 7765 737 740 7766 733 735 7767 746 754 7768 747 741 7769 727 717 7770 726 715 7771 753 742 7772 734 736 7773 747 741 7774 748 744 7775 728 738 7776 727 717 7777 740 743 7778 735 737 7779 748 744 7780 749 746 7781 729 729 7782 728 738 7783 741 745 7784 736 739 7785 749 746 7786 750 748 7787 730 730 7788 729 729 7789 742 747 7790 737 740 7791 750 748 7792 751 750 7793 731 732 7794 730 730 7795 743 749 7796 738 731 7797 751 750 7798 766 752 7799 732 733 7800 731 732 7801 744 751 7802 739 726 7803 766 752 7804 752 734 7805 733 735 7806 732 733 7807 745 753 7808 750 748 7809 764 767 7810 765 755 7811 744 751 7812 743 749 7813 757 756 7814 751 750 7815 765 755 7816 766 752 7817 745 753 7818 744 751 7819 758 757 7820 746 754 7821 745 753 7822 759 758 7823 746 754 7824 760 760 7825 761 761 7826 747 741 7827 761 761 7828 762 763 7829 741 745 7830 740 743 7831 754 762 7832 748 744 7833 762 763 7834 763 765 7835 742 747 7836 741 745 7837 755 764 7838 749 746 7839 763 765 7840 764 767 7841 743 749 7842 742 747 7843 756 766 7844 761 761 7845 774 781 7846 775 768 7847 755 764 7848 754 762 7849 767 769 7850 762 763 7851 775 768 7852 776 771 7853 756 766 7854 755 764 7855 768 770 7856 763 765 7857 776 771 7858 777 773 7859 757 756 7860 756 766 7861 769 772 7862 764 767 7863 777 773 7864 778 775 7865 758 757 7866 757 756 7867 770 774 7868 765 755 7869 778 775 7870 779 777 7871 759 758 7872 758 757 7873 771 776 7874 766 752 7875 779 777 7876 780 759 7877 760 760 7878 759 758 7879 772 778 7880 760 760 7881 773 779 7882 774 781 7883 754 762 7884 753 742 7885 781 780 7886 778 775 7887 793 795 7888 794 782 7889 772 778 7890 771 776 7891 786 783 7892 779 777 7893 794 782 7894 808 785 7895 773 779 7896 772 778 7897 787 784 7898 773 779 7899 788 786 7900 789 787 7901 774 781 7902 789 787 7903 790 789 7904 768 770 7905 767 769 7906 782 788 7907 775 768 7908 790 789 7909 791 791 7910 769 772 7911 768 770 7912 783 790 7913 776 771 7914 791 791 7915 792 793 7916 770 774 7917 769 772 7918 784 792 7919 777 773 7920 792 793 7921 793 795 7922 771 776 7923 770 774 7924 785 794 7925 782 788 7926 795 809 7927 796 796 7928 791 791 7929 790 789 7930 803 797 7931 783 790 7932 796 796 7933 797 799 7934 792 793 7935 791 791 7936 804 798 7937 784 792 7938 797 799 7939 798 801 7940 793 795 7941 792 793 7942 805 800 7943 785 794 7944 798 801 7945 799 803 7946 794 782 7947 793 795 7948 806 802 7949 786 783 7950 799 803 7951 800 805 7952 808 785 7953 794 782 7954 807 804 7955 787 784 7956 800 805 7957 801 806 7958 789 787 7959 788 786 7960 801 806 7961 781 780 7962 809 807 7963 795 809 7964 790 789 7965 789 787 7966 802 808 7967 799 803 7968 814 823 7969 815 810 7970 808 785 7971 807 804 7972 833 811 7973 800 805 7974 815 810 7975 816 813 7976 802 808 7977 801 806 7978 816 813 7979 803 797 7980 802 808 7981 817 814 7982 795 809 7983 810 815 7984 811 817 7985 804 798 7986 803 797 7987 818 816 7988 796 796 7989 811 817 7990 812 819 7991 805 800 7992 804 798 7993 819 818 7994 797 799 7995 812 819 7996 813 821 7997 806 802 7998 805 800 7999 820 820 8000 798 801 8001 813 821 8002 814 823 8003 807 804 8004 806 802 8005 821 822 8006 819 818 8007 818 816 8008 829 824 8009 811 817 8010 822 836 8011 823 826 8012 820 820 8013 819 818 8014 830 825 8015 812 819 8016 823 826 8017 824 828 8018 821 822 8019 820 820 8020 831 827 8021 813 821 8022 824 828 8023 825 830 8024 833 811 8025 821 822 8026 832 829 8027 814 823 8028 825 830 8029 826 831 8030 815 810 8031 826 831 8032 827 832 8033 817 814 8034 816 813 8035 827 832 8036 809 807 8037 835 833 8038 836 835 8039 818 816 8040 817 814 8041 828 834 8042 810 815 8043 836 835 8044 822 836 8045 834 812 8046 833 811 8047 860 837 8048 826 831 8049 841 849 8050 842 839 8051 828 834 8052 827 832 8053 842 839 8054 829 824 8055 828 834 8056 843 840 8057 830 825 8058 829 824 8059 844 841 8060 822 836 8061 837 842 8062 838 844 8063 831 827 8064 830 825 8065 845 843 8066 823 826 8067 838 844 8068 839 846 8069 832 829 8070 831 827 8071 846 845 8072 824 828 8073 839 846 8074 840 848 8075 833 811 8076 832 829 8077 847 847 8078 825 830 8079 840 848 8080 841 849 8081 837 842 8082 849 862 8083 850 850 8084 846 845 8085 845 843 8086 857 851 8087 838 844 8088 850 850 8089 851 853 8090 847 847 8091 846 845 8092 858 852 8093 839 846 8094 851 853 8095 852 855 8096 860 837 8097 847 847 8098 859 854 8099 840 848 8100 852 855 8101 853 856 8102 841 849 8103 853 856 8104 854 857 8105 843 840 8106 842 839 8107 854 857 8108 835 833 8109 862 858 8110 863 860 8111 844 841 8112 843 840 8113 855 859 8114 836 835 8115 863 860 8116 849 862 8117 845 843 8118 844 841 8119 856 861 8120 853 856 8121 868 875 8122 869 863 8123 855 859 8124 854 857 8125 869 863 8126 856 861 8127 855 859 8128 870 865 8129 857 851 8130 856 861 8131 871 866 8132 849 862 8133 864 867 8134 865 869 8135 858 852 8136 857 851 8137 872 868 8138 850 850 8139 865 869 8140 866 871 8141 859 854 8142 858 852 8143 873 870 8144 851 853 8145 866 871 8146 867 873 8147 860 837 8148 859 854 8149 874 872 8150 852 855 8151 867 873 8152 868 875 8153 861 838 8154 860 837 8155 887 874 8156 872 868 8157 884 888 8158 885 876 8159 866 871 8160 865 869 8161 877 877 8162 873 870 8163 885 876 8164 886 879 8165 867 873 8166 866 871 8167 878 878 8168 874 872 8169 886 879 8170 887 874 8171 868 875 8172 867 873 8173 879 880 8174 869 863 8175 868 875 8176 880 881 8177 869 863 8178 881 882 8179 882 884 8180 863 860 8181 862 858 8182 875 883 8183 870 865 8184 882 884 8185 883 886 8186 864 867 8187 863 860 8188 889 885 8189 871 866 8190 883 886 8191 884 888 8192 865 869 8193 864 867 8194 876 887 8195 881 882 8196 895 901 8197 896 890 8198 882 884 8199 896 890 8200 897 891 8201 883 886 8202 897 891 8203 898 893 8204 877 877 8205 876 887 8206 890 892 8207 884 888 8208 898 893 8209 899 895 8210 878 878 8211 877 877 8212 891 894 8213 885 876 8214 899 895 8215 900 897 8216 879 880 8217 878 878 8218 892 896 8219 886 879 8220 900 897 8221 913 899 8222 880 881 8223 879 880 8224 893 898 8225 887 874 8226 913 899 8227 914 889 8228 881 882 8229 880 881 8230 894 900 8231 899 895 8232 911 914 8233 912 902 8234 893 898 8235 892 896 8236 904 903 8237 900 897 8238 912 902 8239 913 899 8240 894 900 8241 893 898 8242 905 904 8243 895 901 8244 894 900 8245 906 905 8246 895 901 8247 907 906 8248 908 908 8249 889 885 8250 875 883 8251 901 907 8252 896 890 8253 908 908 8254 909 910 8255 890 892 8256 889 885 8257 915 909 8258 897 891 8259 909 910 8260 910 912 8261 891 894 8262 890 892 8263 902 911 8264 898 893 8265 910 912 8266 911 914 8267 892 896 8268 891 894 8269 903 913 8270 908 908 8271 922 927 8272 923 915 8273 909 910 8274 923 915 8275 924 917 8276 903 913 8277 902 911 8278 916 916 8279 910 912 8280 924 917 8281 925 919 8282 904 903 8283 903 913 8284 917 918 8285 911 914 8286 925 919 8287 926 921 8288 905 904 8289 904 903 8290 918 920 8291 912 902 8292 926 921 8293 927 923 8294 906 905 8295 905 904 8296 919 922 8297 913 899 8298 927 923 8299 941 925 8300 907 906 8301 906 905 8302 920 924 8303 907 906 8304 921 926 8305 922 927 8306 919 922 8307 918 920 8308 931 928 8309 926 921 8310 939 940 8311 940 930 8312 920 924 8313 919 922 8314 932 929 8315 927 923 8316 940 930 8317 941 925 8318 921 926 8319 920 924 8320 933 931 8321 921 926 8322 934 932 8323 935 933 8324 915 909 8325 901 907 8326 942 634 8327 922 927 8328 935 933 8329 936 935 8330 916 916 8331 915 909 8332 928 934 8333 923 915 8334 936 935 8335 937 937 8336 917 918 8337 916 916 8338 929 936 8339 924 917 8340 937 937 8341 938 939 8342 918 920 8343 917 918 8344 930 938 8345 925 919 8346 938 939 8347 939 940 8348 935 933 8349 628 637 8350 629 641 8351 929 936 8352 928 934 8353 622 640 8354 936 935 8355 629 641 8356 630 645 8357 930 938 8358 929 936 8359 943 644 8360 937 937 8361 630 645 8362 944 618 8363 931 928 8364 930 938 8365 623 621 8366 938 939 8367 944 618 8368 631 624 8369 932 929 8370 931 928 8371 624 623 8372 939 940 8373 631 624 8374 632 628 8375 933 931 8376 932 929 8377 625 627 8378 940 930 8379 632 628 8380 647 656 8381 934 932 8382 933 931 8383 626 631 8384 934 932 8385 627 633 8386 628 637 8387 955 941 8388 954 969 8389 969 942 8390 948 944 8391 962 970 8392 963 945 8393 1265 947 8394 955 941 8395 970 943 8396 949 946 8397 963 945 8398 964 949 8399 951 952 8400 950 950 8401 964 949 8402 952 957 8403 951 952 8404 965 953 8405 945 956 8406 958 955 8407 959 959 8408 953 961 8409 952 957 8410 966 958 8411 1263 960 8412 959 959 8413 960 963 8414 1264 965 8415 953 961 8416 967 962 8417 946 964 8418 960 963 8419 961 967 8420 954 969 8421 1264 965 8422 968 966 8423 947 968 8424 961 967 8425 962 970 8426 969 942 8427 968 966 8428 981 971 8429 961 967 8430 974 985 8431 975 973 8432 970 943 8433 969 942 8434 982 972 8435 962 970 8436 975 973 8437 976 975 8438 984 948 8439 970 943 8440 983 974 8441 963 945 8442 976 975 8443 977 976 8444 965 953 8445 964 949 8446 977 976 8447 957 954 8448 971 978 8449 985 980 8450 966 958 8451 965 953 8452 978 979 8453 958 955 8454 985 980 8455 972 982 8456 967 962 8457 966 958 8458 979 981 8459 959 959 8460 972 982 8461 973 984 8462 968 966 8463 967 962 8464 980 983 8465 960 963 8466 973 984 8467 974 985 8468 979 981 8469 978 979 8470 992 986 8471 980 983 8472 979 981 8473 993 987 8474 972 982 8475 986 988 8476 987 990 8477 981 971 8478 980 983 8479 994 989 8480 973 984 8481 987 990 8482 988 992 8483 982 972 8484 981 971 8485 995 991 8486 974 985 8487 988 992 8488 989 994 8489 983 974 8490 982 972 8491 996 993 8492 975 973 8493 989 994 8494 990 996 8495 984 948 8496 983 974 8497 1009 995 8498 976 975 8499 990 996 8500 991 998 8501 978 979 8502 977 976 8503 991 998 8504 988 992 8505 1000 1010 8506 1001 999 8507 1009 995 8508 996 993 8509 1008 1011 8510 989 994 8511 1001 999 8512 1002 1000 8513 990 996 8514 1002 1000 8515 1003 1001 8516 992 986 8517 991 998 8518 1003 1001 8519 971 978 8520 1011 1002 8521 997 1004 8522 993 987 8523 992 986 8524 1004 1003 8525 985 980 8526 997 1004 8527 998 1006 8528 994 989 8529 993 987 8530 1005 1005 8531 986 988 8532 998 1006 8533 999 1008 8534 995 991 8535 994 989 8536 1006 1007 8537 987 990 8538 999 1008 8539 1000 1010 8540 996 993 8541 995 991 8542 1007 1009 8543 1005 1005 8544 1004 1003 8545 1018 1012 8546 1006 1007 8547 1005 1005 8548 1019 1013 8549 998 1006 8550 1012 1014 8551 1013 1016 8552 1007 1009 8553 1006 1007 8554 1020 1015 8555 999 1008 8556 1013 1016 8557 1014 1018 8558 1008 1011 8559 1007 1009 8560 1021 1017 8561 1000 1010 8562 1014 1018 8563 1015 1020 8564 1009 995 8565 1008 1011 8566 1022 1019 8567 1001 999 8568 1015 1020 8569 1016 1022 8570 1010 997 8571 1009 995 8572 1035 1021 8573 1002 1000 8574 1016 1022 8575 1017 1024 8576 1004 1003 8577 1003 1001 8578 1017 1024 8579 1035 1021 8580 1022 1019 8581 1034 1036 8582 1015 1020 8583 1027 1037 8584 1028 1025 8585 1016 1022 8586 1028 1025 8587 1029 1026 8588 1018 1012 8589 1017 1024 8590 1029 1026 8591 1011 1002 8592 1037 1027 8593 1023 1029 8594 1019 1013 8595 1018 1012 8596 1030 1028 8597 997 1004 8598 1023 1029 8599 1024 1031 8600 1020 1015 8601 1019 1013 8602 1031 1030 8603 1012 1014 8604 1024 1031 8605 1025 1033 8606 1021 1017 8607 1020 1015 8608 1032 1032 8609 1013 1016 8610 1025 1033 8611 1026 1035 8612 1022 1019 8613 1021 1017 8614 1033 1034 8615 1014 1018 8616 1026 1035 8617 1027 1037 8618 1031 1030 8619 1045 1050 8620 1046 1039 8621 1025 1033 8622 1024 1031 8623 1038 1038 8624 1032 1032 8625 1046 1039 8626 1047 1041 8627 1026 1035 8628 1025 1033 8629 1039 1040 8630 1033 1034 8631 1047 1041 8632 1048 1043 8633 1027 1037 8634 1026 1035 8635 1040 1042 8636 1034 1036 8637 1048 1043 8638 1049 1045 8639 1028 1025 8640 1027 1037 8641 1041 1044 8642 1035 1021 8643 1049 1045 8644 1061 1047 8645 1029 1026 8646 1028 1025 8647 1042 1046 8648 1029 1026 8649 1043 1048 8650 1044 1049 8651 1030 1028 8652 1044 1049 8653 1045 1050 8654 1042 1046 8655 1041 1044 8656 1053 1051 8657 1043 1048 8658 1042 1046 8659 1054 1052 8660 1043 1048 8661 1055 1053 8662 1056 1055 8663 1023 1029 8664 1037 1027 8665 1062 1054 8666 1044 1049 8667 1056 1055 8668 1057 1057 8669 1038 1038 8670 1023 1029 8671 1063 1056 8672 1045 1050 8673 1057 1057 8674 1058 1059 8675 1039 1040 8676 1038 1038 8677 1050 1058 8678 1046 1039 8679 1058 1059 8680 1059 1061 8681 1040 1042 8682 1039 1040 8683 1051 1060 8684 1047 1041 8685 1059 1061 8686 1060 1063 8687 1041 1044 8688 1040 1042 8689 1052 1062 8690 1048 1043 8691 1060 1063 8692 1049 1045 8693 1057 1057 8694 1071 1076 8695 1072 1064 8696 1051 1060 8697 1050 1058 8698 1064 1065 8699 1058 1059 8700 1072 1064 8701 1073 1067 8702 1052 1062 8703 1051 1060 8704 1065 1066 8705 1059 1061 8706 1073 1067 8707 1074 1069 8708 1053 1051 8709 1052 1062 8710 1066 1068 8711 1060 1063 8712 1074 1069 8713 1075 1071 8714 1054 1052 8715 1053 1051 8716 1067 1070 8717 1049 1045 8718 1075 1071 8719 1102 1073 8720 1055 1053 8721 1054 1052 8722 1068 1072 8723 1055 1053 8724 1069 1074 8725 1070 1075 8726 1056 1055 8727 1070 1075 8728 1071 1076 8729 1069 1074 8730 1068 1072 8731 1081 1077 8732 1069 1074 8733 1082 1078 8734 1083 1080 8735 1063 1056 8736 1062 1054 8737 1088 1079 8738 1070 1075 8739 1083 1080 8740 1084 1082 8741 1064 1065 8742 1063 1056 8743 1076 1081 8744 1071 1076 8745 1084 1082 8746 1085 1084 8747 1065 1066 8748 1064 1065 8749 1077 1083 8750 1072 1064 8751 1085 1084 8752 1086 1086 8753 1066 1068 8754 1065 1066 8755 1078 1085 8756 1073 1067 8757 1086 1086 8758 1087 1088 8759 1067 1070 8760 1066 1068 8761 1079 1087 8762 1074 1069 8763 1087 1088 8764 1075 1071 8765 1068 1072 8766 1067 1070 8767 1080 1089 8768 1085 1084 8769 1098 1102 8770 1099 1090 8771 1079 1087 8772 1078 1085 8773 1091 1091 8774 1086 1086 8775 1099 1090 8776 1100 1093 8777 1080 1089 8778 1079 1087 8779 1092 1092 8780 1087 1088 8781 1100 1093 8782 1101 1095 8783 1081 1077 8784 1080 1089 8785 1093 1094 8786 1075 1071 8787 1101 1095 8788 1102 1073 8789 1082 1078 8790 1081 1077 8791 1094 1096 8792 1082 1078 8793 1095 1097 8794 1096 1098 8795 1083 1080 8796 1096 1098 8797 1097 1100 8798 1077 1083 8799 1076 1081 8800 1089 1099 8801 1084 1082 8802 1097 1100 8803 1098 1102 8804 1078 1085 8805 1077 1083 8806 1090 1101 8807 1095 1097 8808 1109 1117 8809 1110 1105 8810 1089 1099 8811 1088 1079 8812 1116 1103 8813 1096 1098 8814 1110 1105 8815 1111 1107 8816 1090 1101 8817 1089 1099 8818 1103 1106 8819 1097 1100 8820 1111 1107 8821 1112 1109 8822 1091 1091 8823 1090 1101 8824 1104 1108 8825 1098 1102 8826 1112 1109 8827 1113 1111 8828 1092 1092 8829 1091 1091 8830 1105 1110 8831 1099 1090 8832 1113 1111 8833 1114 1113 8834 1093 1094 8835 1092 1092 8836 1106 1112 8837 1100 1093 8838 1114 1113 8839 1115 1115 8840 1094 1096 8841 1093 1094 8842 1107 1114 8843 1101 1095 8844 1115 1115 8845 1130 1104 8846 1095 1097 8847 1094 1096 8848 1108 1116 8849 1105 1110 8850 1119 1130 8851 1120 1118 8852 1114 1113 8853 1113 1111 8854 1127 1119 8855 1106 1112 8856 1120 1118 8857 1121 1121 8858 1115 1115 8859 1114 1113 8860 1128 1120 8861 1107 1114 8862 1121 1121 8863 1122 1123 8864 1130 1104 8865 1115 1115 8866 1129 1122 8867 1108 1116 8868 1122 1123 8869 1123 1124 8870 1110 1105 8871 1109 1117 8872 1123 1124 8873 1111 1107 8874 1110 1105 8875 1124 1125 8876 1103 1106 8877 1117 1126 8878 1118 1128 8879 1112 1109 8880 1111 1107 8881 1125 1127 8882 1104 1108 8883 1118 1128 8884 1119 1130 8885 1113 1111 8886 1112 1109 8887 1126 1129 8888 1124 1125 8889 1123 1124 8890 1137 1131 8891 1116 1103 8892 1144 1145 8893 1131 1133 8894 1125 1127 8895 1124 1125 8896 1138 1132 8897 1117 1126 8898 1131 1133 8899 1132 1135 8900 1126 1129 8901 1125 1127 8902 1139 1134 8903 1118 1128 8904 1132 1135 8905 1133 1137 8906 1127 1119 8907 1126 1129 8908 1140 1136 8909 1119 1130 8910 1133 1137 8911 1134 1139 8912 1128 1120 8913 1127 1119 8914 1141 1138 8915 1120 1118 8916 1134 1139 8917 1135 1141 8918 1129 1122 8919 1128 1120 8920 1142 1140 8921 1121 1121 8922 1135 1141 8923 1136 1143 8924 1130 1104 8925 1129 1122 8926 1143 1142 8927 1122 1123 8928 1136 1143 8929 1137 1131 8930 1142 1140 8931 1141 1138 8932 1154 1146 8933 1134 1139 8934 1147 1158 8935 1148 1148 8936 1143 1142 8937 1142 1140 8938 1155 1147 8939 1135 1141 8940 1148 1148 8941 1149 1150 8942 1156 1144 8943 1143 1142 8944 1169 1149 8945 1136 1143 8946 1149 1150 8947 1150 1151 8948 1138 1132 8949 1137 1131 8950 1150 1151 8951 1139 1134 8952 1138 1132 8953 1151 1152 8954 1131 1133 8955 1157 1153 8956 1145 1155 8957 1140 1136 8958 1139 1134 8959 1152 1154 8960 1132 1135 8961 1145 1155 8962 1146 1157 8963 1141 1138 8964 1140 1136 8965 1153 1156 8966 1133 1137 8967 1146 1157 8968 1147 1158 8969 1144 1145 8970 1171 1171 8971 1157 1153 8972 1152 1154 8973 1151 1152 8974 1164 1159 8975 1153 1156 8976 1152 1154 8977 1165 1160 8978 1145 1155 8979 1158 1161 8980 1159 1163 8981 1154 1146 8982 1153 1156 8983 1166 1162 8984 1146 1157 8985 1159 1163 8986 1160 1165 8987 1155 1147 8988 1154 1146 8989 1167 1164 8990 1147 1158 8991 1160 1165 8992 1161 1167 8993 1169 1149 8994 1155 1147 8995 1168 1166 8996 1148 1148 8997 1161 1167 8998 1162 1168 8999 1149 1150 9000 1162 1168 9001 1163 1170 9002 1151 1152 9003 1150 1151 9004 1163 1170 9005 1160 1165 9006 1175 1184 9007 1176 1172 9008 1169 1149 9009 1168 1166 9010 1183 1173 9011 1161 1167 9012 1176 1172 9013 1177 1175 9014 1184 1169 9015 1169 1149 9016 1196 1174 9017 1162 1168 9018 1177 1175 9019 1178 1176 9020 1164 1159 9021 1163 1170 9022 1178 1176 9023 1165 1160 9024 1164 1159 9025 1179 1177 9026 1157 1153 9027 1172 1178 9028 1173 1180 9029 1166 1162 9030 1165 1160 9031 1180 1179 9032 1158 1161 9033 1173 1180 9034 1174 1182 9035 1167 1164 9036 1166 1162 9037 1181 1181 9038 1159 1163 9039 1174 1182 9040 1175 1184 9041 1168 1166 9042 1167 1164 9043 1182 1183 9044 1180 1179 9045 1179 1177 9046 1191 1185 9047 1181 1181 9048 1180 1179 9049 1192 1186 9050 1173 1180 9051 1185 1187 9052 1186 1189 9053 1182 1183 9054 1181 1181 9055 1193 1188 9056 1174 1182 9057 1186 1189 9058 1187 1191 9059 1183 1173 9060 1182 1183 9061 1194 1190 9062 1175 1184 9063 1187 1191 9064 1188 1193 9065 1196 1174 9066 1183 1173 9067 1195 1192 9068 1176 1172 9069 1188 1193 9070 1189 1194 9071 1177 1175 9072 1189 1194 9073 1190 1196 9074 1179 1177 9075 1178 1176 9076 1190 1196 9077 1171 1171 9078 1197 1197 9079 1172 1178 9080 1195 1192 9081 1208 1210 9082 1222 1198 9083 1189 1194 9084 1188 1193 9085 1201 1199 9086 1196 1174 9087 1222 1198 9088 1209 1195 9089 1190 1196 9090 1189 1194 9091 1202 1200 9092 1190 1196 9093 1203 1201 9094 1204 1202 9095 1191 1185 9096 1204 1202 9097 1205 1204 9098 1185 1187 9099 1172 1178 9100 1210 1203 9101 1192 1186 9102 1205 1204 9103 1206 1206 9104 1186 1189 9105 1185 1187 9106 1198 1205 9107 1193 1188 9108 1206 1206 9109 1207 1208 9110 1187 1191 9111 1186 1189 9112 1199 1207 9113 1194 1190 9114 1207 1208 9115 1208 1210 9116 1188 1193 9117 1187 1191 9118 1200 1209 9119 1205 1204 9120 1218 1223 9121 1219 1211 9122 1199 1207 9123 1198 1205 9124 1211 1212 9125 1206 1206 9126 1219 1211 9127 1220 1214 9128 1200 1209 9129 1199 1207 9130 1212 1213 9131 1207 1208 9132 1220 1214 9133 1221 1216 9134 1201 1199 9135 1200 1209 9136 1213 1215 9137 1208 1210 9138 1221 1216 9139 1222 1198 9140 1202 1200 9141 1201 1199 9142 1214 1217 9143 1203 1201 9144 1202 1200 9145 1215 1218 9146 1203 1201 9147 1216 1220 9148 1217 1222 9149 1210 1203 9150 1197 1197 9151 1223 1221 9152 1204 1202 9153 1217 1222 9154 1218 1223 9155 1222 1198 9156 1248 1236 9157 1235 1219 9158 1216 1220 9159 1215 1218 9160 1228 1224 9161 1216 1220 9162 1229 1225 9163 1230 1226 9164 1217 1222 9165 1230 1226 9166 1231 1228 9167 1211 1212 9168 1210 1203 9169 1236 1227 9170 1218 1223 9171 1231 1228 9172 1232 1230 9173 1212 1213 9174 1211 1212 9175 1224 1229 9176 1219 1211 9177 1232 1230 9178 1233 1232 9179 1213 1215 9180 1212 1213 9181 1225 1231 9182 1220 1214 9183 1233 1232 9184 1234 1234 9185 1214 1217 9186 1213 1215 9187 1226 1233 9188 1221 1216 9189 1234 1234 9190 1248 1236 9191 1215 1218 9192 1214 1217 9193 1227 1235 9194 1225 1231 9195 1224 1229 9196 1237 1237 9197 1232 1230 9198 1245 1248 9199 1246 1239 9200 1226 1233 9201 1225 1231 9202 1238 1238 9203 1233 1232 9204 1246 1239 9205 1247 1241 9206 1227 1235 9207 1226 1233 9208 1239 1240 9209 1234 1234 9210 1247 1241 9211 1248 1236 9212 1228 1224 9213 1227 1235 9214 1240 1242 9215 1229 1225 9216 1228 1224 9217 1241 1243 9218 1229 1225 9219 1242 1244 9220 1243 1246 9221 1236 1227 9222 1223 1221 9223 1249 1245 9224 1230 1226 9225 1243 1246 9226 1244 1247 9227 1231 1228 9228 1244 1247 9229 1245 1248 9230 1242 1244 9231 1241 1243 9232 1255 1249 9233 1242 1244 9234 1256 1250 9235 1257 1251 9236 1243 1246 9237 1257 1251 9238 1258 1253 9239 1237 1237 9240 1236 1227 9241 1250 1252 9242 1244 1247 9243 1258 1253 9244 1259 1255 9245 1238 1238 9246 1237 1237 9247 1251 1254 9248 1245 1248 9249 1259 1255 9250 1260 1257 9251 1239 1240 9252 1238 1238 9253 1252 1256 9254 1246 1239 9255 1260 1257 9256 1261 1259 9257 1240 1242 9258 1239 1240 9259 1253 1258 9260 1247 1241 9261 1261 1259 9262 1262 1261 9263 1241 1243 9264 1240 1242 9265 1254 1260 9266 1248 1236 9267 1262 1261 9268 1265 947 9269 1259 1255 9270 953 961 9271 1264 965 9272 1253 1258 9273 1252 1256 9274 946 964 9275 1260 1257 9276 1264 965 9277 954 969 9278 1254 1260 9279 1253 1258 9280 947 968 9281 1261 1259 9282 954 969 9283 955 941 9284 1255 1249 9285 1254 1260 9286 948 944 9287 1262 1261 9288 955 941 9289 1265 947 9290 1256 1250 9291 1255 1249 9292 949 946 9293 1256 1250 9294 950 950 9295 951 952 9296 1250 1252 9297 1249 1245 9298 957 954 9299 1257 1251 9300 951 952 9301 952 957 9302 1251 1254 9303 1250 1252 9304 945 956 9305 1258 1253 9306 952 957 9307 953 961 9308 1252 1256 9309 1251 1254 9310 1263 960 9311 1276 1262 9312 1275 1288 9313 1289 1263 9314 1269 1265 9315 1282 1289 9316 1283 1266 9317 1291 1296 9318 1276 1262 9319 1290 1264 9320 1270 1267 9321 1283 1266 9322 1284 1268 9323 1272 1272 9324 1271 633 9325 1284 1268 9326 1585 1269 9327 1292 1271 9328 1278 1274 9329 1273 1276 9330 1272 1272 9331 1285 1273 9332 1266 1275 9333 1278 1274 9334 1279 1278 9335 1274 1280 9336 1273 1276 9337 1286 1277 9338 1586 1279 9339 1279 1278 9340 1280 1282 9341 1587 1284 9342 1274 1280 9343 1287 1281 9344 1267 1283 9345 1280 1282 9346 1281 1286 9347 1275 1288 9348 1587 1284 9349 1288 1285 9350 1268 1287 9351 1281 1286 9352 1282 1289 9353 1280 1282 9354 1295 1305 9355 1296 1290 9356 1289 1263 9357 1288 1285 9358 1303 1291 9359 1281 1286 9360 1296 1290 9361 1297 1293 9362 1290 1264 9363 1289 1263 9364 1304 1292 9365 1282 1289 9366 1297 1293 9367 1298 1295 9368 1291 1296 9369 1290 1264 9370 1316 1294 9371 1283 1266 9372 1298 1295 9373 1299 1298 9374 1285 1273 9375 1284 1268 9376 1299 1298 9377 1286 1277 9378 1285 1273 9379 1300 1300 9380 1278 1274 9381 1293 1301 9382 1294 1303 9383 1287 1281 9384 1286 1277 9385 1301 1302 9386 1279 1278 9387 1294 1303 9388 1295 1305 9389 1288 1285 9390 1287 1281 9391 1302 1304 9392 1300 1300 9393 1299 1298 9394 1310 1306 9395 1292 1271 9396 1318 1318 9397 1319 1308 9398 1301 1302 9399 1300 1300 9400 1311 1307 9401 1293 1301 9402 1319 1308 9403 1305 1310 9404 1302 1304 9405 1301 1302 9406 1312 1309 9407 1294 1303 9408 1305 1310 9409 1306 1312 9410 1303 1291 9411 1302 1304 9412 1313 1311 9413 1295 1305 9414 1306 1312 9415 1307 1314 9416 1304 1292 9417 1303 1291 9418 1314 1313 9419 1296 1290 9420 1307 1314 9421 1308 1316 9422 1316 1294 9423 1304 1292 9424 1315 1315 9425 1297 1293 9426 1308 1316 9427 1309 1317 9428 1298 1295 9429 1309 1317 9430 1310 1306 9431 1315 1315 9432 1314 1313 9433 1329 1319 9434 1307 1314 9435 1322 1331 9436 1323 1321 9437 1316 1294 9438 1315 1315 9439 1330 1320 9440 1308 1316 9441 1323 1321 9442 1324 1323 9443 1317 1297 9444 1316 1294 9445 1342 1322 9446 1309 1317 9447 1324 1323 9448 1325 1325 9449 1311 1307 9450 1310 1306 9451 1325 1325 9452 1312 1309 9453 1311 1307 9454 1326 1326 9455 1313 1311 9456 1312 1309 9457 1327 1327 9458 1305 1310 9459 1320 1328 9460 1321 1330 9461 1314 1313 9462 1313 1311 9463 1328 1329 9464 1306 1312 9465 1321 1330 9466 1322 1331 9467 1327 1327 9468 1326 1326 9469 1337 1332 9470 1319 1308 9471 1345 1344 9472 1331 1334 9473 1328 1329 9474 1327 1327 9475 1338 1333 9476 1320 1328 9477 1331 1334 9478 1332 1336 9479 1329 1319 9480 1328 1329 9481 1339 1335 9482 1321 1330 9483 1332 1336 9484 1333 1338 9485 1330 1320 9486 1329 1319 9487 1340 1337 9488 1322 1331 9489 1333 1338 9490 1334 1340 9491 1342 1322 9492 1330 1320 9493 1341 1339 9494 1323 1321 9495 1334 1340 9496 1335 1341 9497 1324 1323 9498 1335 1341 9499 1336 1342 9500 1326 1326 9501 1325 1325 9502 1336 1342 9503 1318 1318 9504 1344 1343 9505 1345 1344 9506 1342 1322 9507 1341 1339 9508 1356 1345 9509 1334 1340 9510 1349 1357 9511 1350 1347 9512 1343 1324 9513 1342 1322 9514 1368 1346 9515 1335 1341 9516 1350 1347 9517 1351 1349 9518 1337 1332 9519 1336 1342 9520 1351 1349 9521 1338 1333 9522 1337 1332 9523 1352 1350 9524 1339 1335 9525 1338 1333 9526 1353 1351 9527 1331 1334 9528 1346 1352 9529 1347 1354 9530 1340 1337 9531 1339 1335 9532 1354 1353 9533 1332 1336 9534 1347 1354 9535 1348 1356 9536 1341 1339 9537 1340 1337 9538 1355 1355 9539 1333 1338 9540 1348 1356 9541 1349 1357 9542 1346 1352 9543 1345 1344 9544 1371 1358 9545 1353 1351 9546 1364 1370 9547 1365 1360 9548 1347 1354 9549 1346 1352 9550 1357 1359 9551 1354 1353 9552 1365 1360 9553 1366 1362 9554 1348 1356 9555 1347 1354 9556 1358 1361 9557 1355 1355 9558 1366 1362 9559 1367 1364 9560 1349 1357 9561 1348 1356 9562 1359 1363 9563 1356 1345 9564 1367 1364 9565 1368 1346 9566 1350 1347 9567 1349 1357 9568 1360 1365 9569 1351 1349 9570 1350 1347 9571 1361 1366 9572 1351 1349 9573 1362 1367 9574 1363 1369 9575 1345 1344 9576 1344 1343 9577 1370 1368 9578 1352 1350 9579 1363 1369 9580 1364 1370 9581 1361 1366 9582 1360 1365 9583 1375 1371 9584 1368 1346 9585 1394 1383 9586 1395 1373 9587 1362 1367 9588 1361 1366 9589 1376 1372 9590 1362 1367 9591 1377 1374 9592 1378 1375 9593 1363 1369 9594 1378 1375 9595 1379 1376 9596 1364 1370 9597 1379 1376 9598 1380 1378 9599 1358 1361 9600 1357 1359 9601 1372 1377 9602 1365 1360 9603 1380 1378 9604 1381 1380 9605 1359 1363 9606 1358 1361 9607 1373 1379 9608 1366 1362 9609 1381 1380 9610 1382 1382 9611 1360 1365 9612 1359 1363 9613 1374 1381 9614 1367 1364 9615 1382 1382 9616 1394 1383 9617 1379 1376 9618 1390 1396 9619 1391 1384 9620 1373 1379 9621 1372 1377 9622 1383 1385 9623 1380 1378 9624 1391 1384 9625 1392 1387 9626 1374 1381 9627 1373 1379 9628 1384 1386 9629 1381 1380 9630 1392 1387 9631 1393 1389 9632 1375 1371 9633 1374 1381 9634 1385 1388 9635 1382 1382 9636 1393 1389 9637 1394 1383 9638 1376 1372 9639 1375 1371 9640 1386 1390 9641 1377 1374 9642 1376 1372 9643 1387 1391 9644 1377 1374 9645 1388 1392 9646 1389 1394 9647 1371 1358 9648 1370 1368 9649 1396 1393 9650 1378 1375 9651 1389 1394 9652 1390 1396 9653 1372 1377 9654 1371 1358 9655 1397 1395 9656 1394 1383 9657 1409 1409 9658 1423 1397 9659 1388 1392 9660 1387 1391 9661 1402 1398 9662 1388 1392 9663 1403 1399 9664 1404 1400 9665 1389 1394 9666 1404 1400 9667 1405 1401 9668 1390 1396 9669 1405 1401 9670 1406 1403 9671 1384 1386 9672 1383 1385 9673 1398 1402 9674 1391 1384 9675 1406 1403 9676 1407 1405 9677 1385 1388 9678 1384 1386 9679 1399 1404 9680 1392 1387 9681 1407 1405 9682 1408 1407 9683 1386 1390 9684 1385 1388 9685 1400 1406 9686 1393 1389 9687 1408 1407 9688 1409 1409 9689 1387 1391 9690 1386 1390 9691 1401 1408 9692 1399 1404 9693 1398 1402 9694 1411 1410 9695 1406 1403 9696 1419 1423 9697 1420 1412 9698 1400 1406 9699 1399 1404 9700 1412 1411 9701 1407 1405 9702 1420 1412 9703 1421 1414 9704 1401 1408 9705 1400 1406 9706 1413 1413 9707 1408 1407 9708 1421 1414 9709 1422 1416 9710 1402 1398 9711 1401 1408 9712 1414 1415 9713 1409 1409 9714 1422 1416 9715 1423 1397 9716 1403 1399 9717 1402 1398 9718 1415 1417 9719 1403 1399 9720 1416 1418 9721 1417 1420 9722 1397 1395 9723 1396 1393 9724 1424 1419 9725 1404 1400 9726 1417 1420 9727 1418 1422 9728 1398 1402 9729 1397 1395 9730 1410 1421 9731 1405 1401 9732 1418 1422 9733 1419 1423 9734 1416 1418 9735 1415 1417 9736 1430 1424 9737 1416 1418 9738 1431 1425 9739 1432 1427 9740 1417 1420 9741 1432 1427 9742 1433 1429 9743 1411 1410 9744 1410 1421 9745 1425 1428 9746 1418 1422 9747 1433 1429 9748 1434 1431 9749 1412 1411 9750 1411 1410 9751 1426 1430 9752 1419 1423 9753 1434 1431 9754 1435 1433 9755 1413 1413 9756 1412 1411 9757 1427 1432 9758 1420 1412 9759 1435 1433 9760 1436 1435 9761 1414 1415 9762 1413 1413 9763 1428 1434 9764 1421 1414 9765 1436 1435 9766 1437 1437 9767 1415 1417 9768 1414 1415 9769 1429 1436 9770 1422 1416 9771 1437 1437 9772 1452 1426 9773 1435 1433 9774 1434 1431 9775 1448 1438 9776 1427 1432 9777 1441 1451 9778 1442 1440 9779 1436 1435 9780 1435 1433 9781 1449 1439 9782 1428 1434 9783 1442 1440 9784 1443 1442 9785 1437 1437 9786 1436 1435 9787 1450 1441 9788 1429 1436 9789 1443 1442 9790 1444 1444 9791 1452 1426 9792 1437 1437 9793 1451 1443 9794 1430 1424 9795 1444 1444 9796 1445 1445 9797 1432 1427 9798 1431 1425 9799 1445 1445 9800 1424 1419 9801 1438 1446 9802 1439 1448 9803 1433 1429 9804 1432 1427 9805 1446 1447 9806 1425 1428 9807 1439 1448 9808 1440 1450 9809 1434 1431 9810 1433 1429 9811 1447 1449 9812 1426 1430 9813 1440 1450 9814 1441 1451 9815 1446 1447 9816 1445 1445 9817 1459 1453 9818 1447 1449 9819 1446 1447 9820 1460 1454 9821 1439 1448 9822 1453 1455 9823 1454 1457 9824 1448 1438 9825 1447 1449 9826 1461 1456 9827 1440 1450 9828 1454 1457 9829 1455 1459 9830 1449 1439 9831 1448 1438 9832 1462 1458 9833 1441 1451 9834 1455 1459 9835 1456 1461 9836 1450 1441 9837 1449 1439 9838 1463 1460 9839 1442 1440 9840 1456 1461 9841 1457 1463 9842 1451 1443 9843 1450 1441 9844 1464 1462 9845 1443 1442 9846 1457 1463 9847 1458 1465 9848 1452 1426 9849 1451 1443 9850 1465 1464 9851 1444 1444 9852 1458 1465 9853 1459 1453 9854 1464 1462 9855 1463 1460 9856 1476 1466 9857 1456 1461 9858 1469 1479 9859 1470 1468 9860 1465 1464 9861 1464 1462 9862 1477 1467 9863 1457 1463 9864 1470 1468 9865 1471 1470 9866 1478 1452 9867 1465 1464 9868 1491 1469 9869 1458 1465 9870 1471 1470 9871 1472 1471 9872 1460 1454 9873 1459 1453 9874 1472 1471 9875 1438 1446 9876 1466 1472 9877 1479 1474 9878 1461 1456 9879 1460 1454 9880 1473 1473 9881 1453 1455 9882 1479 1474 9883 1467 1476 9884 1462 1458 9885 1461 1456 9886 1474 1475 9887 1454 1457 9888 1467 1476 9889 1468 1478 9890 1463 1460 9891 1462 1458 9892 1475 1477 9893 1455 1459 9894 1468 1478 9895 1469 1479 9896 1474 1475 9897 1473 1473 9898 1486 1480 9899 1475 1477 9900 1474 1475 9901 1487 1481 9902 1467 1476 9903 1480 1482 9904 1481 1484 9905 1476 1466 9906 1475 1477 9907 1488 1483 9908 1468 1478 9909 1481 1484 9910 1482 1486 9911 1477 1467 9912 1476 1466 9913 1489 1485 9914 1469 1479 9915 1482 1486 9916 1483 1488 9917 1491 1469 9918 1477 1467 9919 1490 1487 9920 1470 1468 9921 1483 1488 9922 1484 1489 9923 1471 1470 9924 1484 1489 9925 1485 1491 9926 1473 1473 9927 1472 1471 9928 1485 1491 9929 1482 1486 9930 1496 1505 9931 1497 1492 9932 1491 1469 9933 1490 1487 9934 1504 1493 9935 1483 1488 9936 1497 1492 9937 1498 1495 9938 1505 1490 9939 1491 1469 9940 1518 1494 9941 1484 1489 9942 1498 1495 9943 1499 1496 9944 1486 1480 9945 1485 1491 9946 1499 1496 9947 1466 1472 9948 1506 1497 9949 1493 1499 9950 1487 1481 9951 1486 1480 9952 1500 1498 9953 1479 1474 9954 1493 1499 9955 1494 1501 9956 1488 1483 9957 1487 1481 9958 1501 1500 9959 1480 1482 9960 1494 1501 9961 1495 1503 9962 1489 1485 9963 1488 1483 9964 1502 1502 9965 1481 1484 9966 1495 1503 9967 1496 1505 9968 1490 1487 9969 1489 1485 9970 1503 1504 9971 1501 1500 9972 1500 1498 9973 1513 1506 9974 1502 1502 9975 1501 1500 9976 1514 1507 9977 1494 1501 9978 1507 1508 9979 1508 1510 9980 1503 1504 9981 1502 1502 9982 1515 1509 9983 1495 1503 9984 1508 1510 9985 1509 1512 9986 1504 1493 9987 1503 1504 9988 1516 1511 9989 1496 1505 9990 1509 1512 9991 1510 1514 9992 1518 1494 9993 1504 1493 9994 1517 1513 9995 1497 1492 9996 1510 1514 9997 1511 1515 9998 1498 1495 9999 1511 1515 10000 1512 1517 10001 1500 1498 10002 1499 1496 10003 1512 1517 10004 1517 1513 10005 1530 1531 10006 1544 1518 10007 1511 1515 10008 1510 1514 10009 1523 1519 10010 1518 1494 10011 1544 1518 10012 1531 1516 10013 1512 1517 10014 1511 1515 10015 1524 1520 10016 1512 1517 10017 1525 1521 10018 1526 1523 10019 1493 1499 10020 1506 1497 10021 1532 1522 10022 1513 1506 10023 1526 1523 10024 1527 1525 10025 1507 1508 10026 1493 1499 10027 1519 1524 10028 1514 1507 10029 1527 1525 10030 1528 1527 10031 1508 1510 10032 1507 1508 10033 1520 1526 10034 1515 1509 10035 1528 1527 10036 1529 1529 10037 1509 1512 10038 1508 1510 10039 1521 1528 10040 1516 1511 10041 1529 1529 10042 1530 1531 10043 1510 1514 10044 1509 1512 10045 1522 1530 10046 1527 1525 10047 1540 1543 10048 1541 1533 10049 1521 1528 10050 1520 1526 10051 1533 1532 10052 1528 1527 10053 1541 1533 10054 1542 1535 10055 1522 1530 10056 1521 1528 10057 1534 1534 10058 1529 1529 10059 1542 1535 10060 1543 1537 10061 1523 1519 10062 1522 1530 10063 1535 1536 10064 1530 1531 10065 1543 1537 10066 1544 1518 10067 1524 1520 10068 1523 1519 10069 1536 1538 10070 1525 1521 10071 1524 1520 10072 1537 1539 10073 1525 1521 10074 1538 1541 10075 1539 1542 10076 1526 1523 10077 1539 1542 10078 1540 1543 10079 1537 1539 10080 1536 1538 10081 1548 1544 10082 1544 1518 10083 1570 1557 10084 1556 1540 10085 1538 1541 10086 1537 1539 10087 1549 1545 10088 1538 1541 10089 1550 1546 10090 1551 1548 10091 1519 1524 10092 1532 1522 10093 1557 1547 10094 1539 1542 10095 1551 1548 10096 1552 1550 10097 1533 1532 10098 1519 1524 10099 1558 1549 10100 1540 1543 10101 1552 1550 10102 1553 1552 10103 1534 1534 10104 1533 1532 10105 1545 1551 10106 1541 1533 10107 1553 1552 10108 1554 1554 10109 1535 1536 10110 1534 1534 10111 1546 1553 10112 1542 1535 10113 1554 1554 10114 1555 1556 10115 1536 1538 10116 1535 1536 10117 1547 1555 10118 1543 1537 10119 1555 1556 10120 1570 1557 10121 1552 1550 10122 1566 1569 10123 1567 1558 10124 1546 1553 10125 1545 1551 10126 1559 1559 10127 1553 1552 10128 1567 1558 10129 1568 1561 10130 1547 1555 10131 1546 1553 10132 1560 1560 10133 1554 1554 10134 1568 1561 10135 1569 1563 10136 1548 1544 10137 1547 1555 10138 1561 1562 10139 1555 1556 10140 1569 1563 10141 1570 1557 10142 1549 1545 10143 1548 1544 10144 1562 1564 10145 1550 1546 10146 1549 1545 10147 1563 1565 10148 1550 1546 10149 1564 1567 10150 1565 1568 10151 1551 1548 10152 1565 1568 10153 1566 1569 10154 1570 1557 10155 1583 1582 10156 1584 1566 10157 1564 1567 10158 1563 1565 10159 1576 1570 10160 1564 1567 10161 1577 1571 10162 1578 1572 10163 1558 1549 10164 1557 1547 10165 1585 1269 10166 1565 1568 10167 1578 1572 10168 1579 1574 10169 1559 1559 10170 1558 1549 10171 1571 1573 10172 1566 1569 10173 1579 1574 10174 1580 1576 10175 1560 1560 10176 1559 1559 10177 1572 1575 10178 1567 1558 10179 1580 1576 10180 1581 1578 10181 1561 1562 10182 1560 1560 10183 1573 1577 10184 1568 1561 10185 1581 1578 10186 1582 1580 10187 1562 1564 10188 1561 1562 10189 1574 1579 10190 1569 1563 10191 1582 1580 10192 1583 1582 10193 1563 1565 10194 1562 1564 10195 1575 1581 10196 1580 1576 10197 1274 1280 10198 1587 1284 10199 1574 1579 10200 1573 1577 10201 1267 1283 10202 1581 1578 10203 1587 1284 10204 1275 1288 10205 1575 1581 10206 1574 1579 10207 1268 1287 10208 1582 1580 10209 1275 1288 10210 1276 1262 10211 1576 1570 10212 1575 1581 10213 1269 1265 10214 1583 1582 10215 1276 1262 10216 1291 1296 10217 1577 1571 10218 1576 1570 10219 1270 1267 10220 1577 1571 10221 1271 633 10222 1272 1272 10223 1578 1572 10224 1272 1272 10225 1273 1276 10226 1572 1575 10227 1571 1573 10228 1266 1275 10229 1579 1574 10230 1273 1276 10231 1274 1280 10232 1573 1577 10233 1572 1575 10234 1586 1279 10235</p>
        </triangles>
        <triangles material="Gem-material" count="616">
          <input semantic="VERTEX" source="#GanondorfNecklace_LOD2-mesh-vertices" offset="0"/>
          <input semantic="NORMAL" source="#GanondorfNecklace_LOD2-mesh-normals" offset="1"/>
          <input semantic="TEXCOORD" source="#GanondorfNecklace_LOD2-mesh-map-0" offset="2" set="0"/>
          <p>1590 1583 4779 1603 1584 4780 1591 1585 4781 1591 1585 4782 1604 1586 4783 1592 1587 4784 1592 1587 4785 1605 1588 4786 1593 1589 4787 1594 1590 4788 1605 1588 4789 1606 1591 4790 1896 1592 4791 1598 1593 4792 1599 1594 4793 1594 1590 4794 1607 1595 4795 1595 1596 4796 1896 1592 4797 1600 1597 4798 1588 1598 4799 1595 1596 4800 1608 1599 4801 1897 1600 4802 1588 1598 4803 1601 1601 4804 1589 1602 4805 1897 1600 4806 1609 1603 4807 1596 1604 4808 1589 1602 4809 1602 1605 4810 1590 1583 4811 1600 1597 4812 1615 1606 4813 1601 1601 4814 1609 1603 4815 1622 1607 4816 1623 1608 4817 1601 1601 4818 1616 1609 4819 1602 1605 4820 1609 1603 4821 1624 1610 4822 1610 1611 4823 1602 1605 4824 1617 1612 4825 1603 1584 4826 1603 1584 4827 1618 1613 4828 1604 1586 4829 1605 1588 4830 1618 1613 4831 1619 1614 4832 1611 1615 4833 1612 1616 4834 1598 1593 4835 1605 1588 4836 1620 1617 4837 1606 1591 4838 1599 1594 4839 1612 1616 4840 1613 1618 4841 1607 1595 4842 1620 1617 4843 1621 1619 4844 1599 1594 4845 1614 1620 4846 1600 1597 4847 1608 1599 4848 1621 1619 4849 1622 1607 4850 1619 1614 4851 1631 1621 4852 1632 1622 4853 1611 1615 4854 1637 1623 4855 1612 1616 4856 1620 1617 4857 1632 1622 4858 1633 1624 4859 1612 1616 4860 1626 1625 4861 1613 1618 4862 1620 1617 4863 1634 1626 4864 1621 1619 4865 1613 1618 4866 1627 1627 4867 1614 1620 4868 1621 1619 4869 1635 1628 4870 1622 1607 4871 1615 1606 4872 1627 1627 4873 1628 1629 4874 1623 1608 4875 1635 1628 4876 1636 1630 4877 1615 1606 4878 1629 1631 4879 1616 1609 4880 1624 1610 4881 1636 1630 4882 1649 1632 4883 1616 1609 4884 1630 1633 4885 1617 1612 4886 1624 1610 4887 1675 1634 4888 1625 1635 4889 1618 1613 4890 1630 1633 4891 1631 1621 4892 1611 1615 4893 1804 1636 4894 1650 1637 4895 1597 1638 4896 1625 1635 4897 1675 1634 4898 1635 1628 4899 1648 1639 4900 1636 1630 4901 1628 1629 4902 1641 1640 4903 1629 1631 4904 1629 1631 4905 1642 1641 4906 1630 1633 4907 1630 1633 4908 1643 1642 4909 1631 1621 4910 1631 1621 4911 1644 1643 4912 1632 1622 4913 1632 1622 4914 1645 1644 4915 1633 1624 4916 1637 1623 4917 1638 1645 4918 1626 1625 4919 1634 1626 4920 1645 1644 4921 1646 1646 4922 1627 1627 4923 1638 1645 4924 1639 1647 4925 1634 1626 4926 1647 1648 4927 1635 1628 4928 1628 1629 4929 1639 1647 4930 1640 1649 4931 1644 1643 4932 1658 1650 4933 1645 1644 4934 1637 1623 4935 1651 1651 4936 1638 1645 4937 1646 1646 4938 1658 1650 4939 1659 1652 4940 1639 1647 4941 1651 1651 4942 1652 1653 4943 1646 1646 4944 1660 1654 4945 1647 1648 4946 1639 1647 4947 1653 1655 4948 1640 1649 4949 1647 1648 4950 1661 1656 4951 1648 1639 4952 1640 1649 4953 1654 1657 4954 1641 1640 4955 1648 1639 4956 1674 1658 4957 1649 1632 4958 1642 1641 4959 1654 1657 4960 1655 1659 4961 1642 1641 4962 1656 1660 4963 1643 1642 4964 1644 1643 4965 1656 1660 4966 1657 1661 4967 1637 1623 4968 1650 1637 4969 1662 1662 4970 1655 1659 4971 1666 1663 4972 1667 1664 4973 1655 1659 4974 1668 1665 4975 1656 1660 4976 1650 1637 4977 1804 1636 4978 1700 1666 4979 1656 1660 4980 1669 1667 4981 1657 1661 4982 1657 1661 4983 1670 1668 4984 1658 1650 4985 1662 1662 4986 1663 1669 4987 1651 1651 4988 1658 1650 4989 1671 1670 4990 1659 1652 4991 1651 1651 4992 1664 1671 4993 1652 1653 4994 1659 1652 4995 1672 1672 4996 1660 1654 4997 1653 1655 4998 1664 1671 4999 1665 1673 5000 1660 1654 5001 1673 1674 5002 1661 1656 5003 1653 1655 5004 1666 1663 5005 1654 1657 5006 1663 1669 5007 1676 1675 5008 1677 1676 5009 1671 1670 5010 1684 1677 5011 1685 1678 5012 1663 1669 5013 1678 1679 5014 1664 1671 5015 1672 1672 5016 1685 1678 5017 1686 1680 5018 1664 1671 5019 1679 1681 5020 1665 1673 5021 1672 1672 5022 1687 1682 5023 1673 1674 5024 1665 1673 5025 1680 1683 5026 1666 1663 5027 1673 1674 5028 1688 1684 5029 1674 1658 5030 1666 1663 5031 1681 1685 5032 1667 1664 5033 1674 1658 5034 1714 1686 5035 1675 1634 5036 1667 1664 5037 1682 1687 5038 1668 1665 5039 1597 1638 5040 1675 1634 5041 1714 1686 5042 1668 1665 5043 1683 1688 5044 1669 1667 5045 1662 1662 5046 1700 1666 5047 1676 1675 5048 1670 1668 5049 1683 1688 5050 1684 1677 5051 1680 1683 5052 1693 1689 5053 1681 1685 5054 1681 1685 5055 1694 1690 5056 1682 1687 5057 1683 1688 5058 1694 1690 5059 1695 1691 5060 1700 1666 5061 1701 1692 5062 1676 1675 5063 1683 1688 5064 1696 1693 5065 1684 1677 5066 1676 1675 5067 1689 1694 5068 1677 1676 5069 1684 1677 5070 1697 1695 5071 1685 1678 5072 1677 1676 5073 1690 1696 5074 1678 1679 5075 1685 1678 5076 1698 1697 5077 1686 1680 5078 1679 1681 5079 1690 1696 5080 1691 1698 5081 1686 1680 5082 1699 1699 5083 1687 1682 5084 1680 1683 5085 1691 1698 5086 1692 1700 5087 1688 1684 5088 1699 1699 5089 1713 1701 5090 1697 1695 5091 1709 1702 5092 1710 1703 5093 1690 1696 5094 1702 1704 5095 1703 1705 5096 1698 1697 5097 1710 1703 5098 1711 1706 5099 1690 1696 5100 1704 1707 5101 1691 1698 5102 1699 1699 5103 1711 1706 5104 1712 1708 5105 1691 1698 5106 1705 1709 5107 1692 1700 5108 1692 1700 5109 1706 1710 5110 1693 1689 5111 1693 1689 5112 1707 1711 5113 1694 1690 5114 1695 1691 5115 1707 1711 5116 1708 1712 5117 1695 1691 5118 1709 1702 5119 1696 1693 5120 1701 1692 5121 1702 1704 5122 1689 1694 5123 1713 1701 5124 1739 1713 5125 1714 1686 5126 1706 1710 5127 1720 1714 5128 1707 1711 5129 1700 1666 5130 1804 1636 5131 1752 1715 5132 1597 1638 5133 1714 1686 5134 1739 1713 5135 1707 1711 5136 1721 1716 5137 1708 1712 5138 1701 1692 5139 1752 1715 5140 1726 1717 5141 1708 1712 5142 1722 1718 5143 1709 1702 5144 1701 1692 5145 1715 1719 5146 1702 1704 5147 1710 1703 5148 1722 1718 5149 1723 1720 5150 1703 1705 5151 1715 1719 5152 1716 1721 5153 1710 1703 5154 1724 1722 5155 1711 1706 5156 1703 1705 5157 1717 1723 5158 1704 1707 5159 1711 1706 5160 1725 1724 5161 1712 1708 5162 1704 1707 5163 1718 1725 5164 1705 1709 5165 1712 1708 5166 1738 1726 5167 1713 1701 5168 1706 1710 5169 1718 1725 5170 1719 1727 5171 1716 1721 5172 1727 1728 5173 1728 1729 5174 1723 1720 5175 1736 1730 5176 1724 1722 5177 1717 1723 5178 1728 1729 5179 1729 1731 5180 1724 1722 5181 1737 1732 5182 1725 1724 5183 1717 1723 5184 1730 1733 5185 1718 1725 5186 1718 1725 5187 1731 1734 5188 1719 1727 5189 1719 1727 5190 1732 1735 5191 1720 1714 5192 1720 1714 5193 1733 1736 5194 1721 1716 5195 1721 1716 5196 1734 1737 5197 1722 1718 5198 1726 1717 5199 1727 1728 5200 1715 1719 5201 1723 1720 5202 1734 1737 5203 1735 1738 5204 1732 1735 5205 1745 1739 5206 1746 1740 5207 1732 1735 5208 1747 1741 5209 1733 1736 5210 1752 1715 5211 1740 1742 5212 1726 1717 5213 1733 1736 5214 1748 1743 5215 1734 1737 5216 1727 1728 5217 1740 1742 5218 1741 1744 5219 1735 1738 5220 1748 1743 5221 1749 1745 5222 1727 1728 5223 1742 1746 5224 1728 1729 5225 1735 1738 5226 1750 1747 5227 1736 1730 5228 1729 1731 5229 1742 1746 5230 1743 1748 5231 1736 1730 5232 1751 1749 5233 1737 1732 5234 1729 1731 5235 1744 1750 5236 1730 1733 5237 1737 1732 5238 1764 1751 5239 1738 1726 5240 1730 1733 5241 1745 1739 5242 1731 1734 5243 1749 1745 5244 1762 1752 5245 1750 1747 5246 1742 1746 5247 1755 1753 5248 1743 1748 5249 1750 1747 5250 1763 1754 5251 1751 1749 5252 1743 1748 5253 1756 1755 5254 1744 1750 5255 1744 1750 5256 1757 1756 5257 1745 1739 5258 1764 1751 5259 1765 1757 5260 1739 1713 5261 1745 1739 5262 1758 1758 5263 1746 1740 5264 1597 1638 5265 1739 1713 5266 1765 1757 5267 1746 1740 5268 1759 1759 5269 1747 1741 5270 1740 1742 5271 1752 1715 5272 1766 1760 5273 1747 1741 5274 1760 1761 5275 1748 1743 5276 1740 1742 5277 1753 1762 5278 1741 1744 5279 1748 1743 5280 1761 1763 5281 1749 1745 5282 1741 1744 5283 1754 1764 5284 1742 1746 5285 1759 1759 5286 1772 1765 5287 1773 1766 5288 1759 1759 5289 1774 1767 5290 1760 1761 5291 1766 1760 5292 1767 1768 5293 1753 1762 5294 1760 1761 5295 1775 1769 5296 1761 1763 5297 1753 1762 5298 1768 1770 5299 1754 1764 5300 1762 1752 5301 1775 1769 5302 1776 1771 5303 1754 1764 5304 1769 1772 5305 1755 1753 5306 1763 1754 5307 1776 1771 5308 1777 1773 5309 1756 1755 5310 1769 1772 5311 1770 1774 5312 1764 1751 5313 1777 1773 5314 1791 1775 5315 1756 1755 5316 1771 1776 5317 1757 1756 5318 1757 1756 5319 1772 1765 5320 1758 1758 5321 1752 1715 5322 1804 1636 5323 1778 1777 5324 1777 1773 5325 1789 1778 5326 1790 1779 5327 1770 1774 5328 1782 1780 5329 1783 1781 5330 1770 1774 5331 1784 1782 5332 1771 1776 5333 1791 1775 5334 1829 1783 5335 1765 1757 5336 1772 1765 5337 1784 1782 5338 1785 1784 5339 1597 1638 5340 1765 1757 5341 1829 1783 5342 1772 1765 5343 1786 1785 5344 1773 1766 5345 1778 1777 5346 1779 1786 5347 1766 1760 5348 1773 1766 5349 1787 1787 5350 1774 1767 5351 1767 1768 5352 1779 1786 5353 1780 1788 5354 1774 1767 5355 1788 1789 5356 1775 1769 5357 1767 1768 5358 1781 1790 5359 1768 1770 5360 1776 1771 5361 1788 1789 5362 1789 1778 5363 1768 1770 5364 1782 1780 5365 1769 1772 5366 1778 1777 5367 1805 1791 5368 1779 1786 5369 1786 1785 5370 1799 1792 5371 1787 1787 5372 1779 1786 5373 1792 1793 5374 1780 1788 5375 1787 1787 5376 1800 1794 5377 1788 1789 5378 1781 1790 5379 1792 1793 5380 1793 1795 5381 1788 1789 5382 1801 1796 5383 1789 1778 5384 1782 1780 5385 1793 1795 5386 1794 1797 5387 1789 1778 5388 1802 1798 5389 1790 1779 5390 1783 1781 5391 1794 1797 5392 1795 1799 5393 1790 1779 5394 1803 1800 5395 1791 1775 5396 1783 1781 5397 1796 1801 5398 1784 1782 5399 1784 1782 5400 1797 1802 5401 1785 1784 5402 1785 1784 5403 1798 1803 5404 1786 1785 5405 1794 1797 5406 1809 1804 5407 1795 1799 5408 1802 1798 5409 1828 1805 5410 1803 1800 5411 1796 1801 5412 1809 1804 5413 1810 1806 5414 1796 1801 5415 1811 1807 5416 1797 1802 5417 1778 1777 5418 1804 1636 5419 1843 1808 5420 1797 1802 5421 1812 1809 5422 1798 1803 5423 1798 1803 5424 1813 1810 5425 1799 1792 5426 1792 1793 5427 1805 1791 5428 1806 1811 5429 1800 1794 5430 1813 1810 5431 1814 1812 5432 1792 1793 5433 1807 1813 5434 1793 1795 5435 1800 1794 5436 1815 1814 5437 1801 1796 5438 1794 1797 5439 1807 1813 5440 1808 1815 5441 1801 1796 5442 1816 1816 5443 1802 1798 5444 1813 1810 5445 1823 1817 5446 1824 1818 5447 1805 1791 5448 1817 1819 5449 1806 1811 5450 1814 1812 5451 1824 1818 5452 1825 1820 5453 1806 1811 5454 1818 1821 5455 1807 1813 5456 1814 1812 5457 1826 1822 5458 1815 1814 5459 1807 1813 5460 1819 1823 5461 1808 1815 5462 1815 1814 5463 1827 1824 5464 1816 1816 5465 1808 1815 5466 1820 1825 5467 1809 1804 5468 1809 1804 5469 1821 1826 5470 1810 1806 5471 1810 1806 5472 1822 1827 5473 1811 1807 5474 1811 1807 5475 1823 1817 5476 1812 1809 5477 1843 1808 5478 1830 1828 5479 1805 1791 5480 1827 1824 5481 1842 1829 5482 1828 1805 5483 1820 1825 5484 1835 1830 5485 1821 1826 5486 1828 1805 5487 1868 1831 5488 1829 1783 5489 1821 1826 5490 1836 1832 5491 1822 1827 5492 1597 1638 5493 1829 1783 5494 1868 1831 5495 1822 1827 5496 1837 1833 5497 1823 1817 5498 1824 1818 5499 1837 1833 5500 1838 1834 5501 1817 1819 5502 1830 1828 5503 1831 1835 5504 1824 1818 5505 1839 1836 5506 1825 1820 5507 1818 1821 5508 1831 1835 5509 1832 1837 5510 1825 1820 5511 1840 1838 5512 1826 1822 5513 1819 1823 5514 1832 1837 5515 1833 1839 5516 1826 1822 5517 1841 1840 5518 1827 1824 5519 1819 1823 5520 1834 1841 5521 1820 1825 5522 1830 1828 5523 1845 1842 5524 1831 1835 5525 1838 1834 5526 1853 1843 5527 1839 1836 5528 1831 1835 5529 1846 1844 5530 1832 1837 5531 1839 1836 5532 1854 1845 5533 1840 1838 5534 1832 1837 5535 1847 1846 5536 1833 1839 5537 1841 1840 5538 1854 1845 5539 1855 1847 5540 1834 1841 5541 1847 1846 5542 1848 1848 5543 1842 1829 5544 1855 1847 5545 1856 1849 5546 1834 1841 5547 1849 1850 5548 1835 1830 5549 1835 1830 5550 1850 1851 5551 1836 1832 5552 1836 1832 5553 1851 1852 5554 1837 1833 5555 1843 1808 5556 1844 1853 5557 1830 1828 5558 1837 1833 5559 1852 1854 5560 1838 1834 5561 1848 1848 5562 1861 1855 5563 1849 1850 5564 1849 1850 5565 1862 1856 5566 1850 1851 5567 1843 1808 5568 1804 1636 5569 1869 1857 5570 1851 1852 5571 1862 1856 5572 1863 1858 5573 1844 1853 5574 1869 1857 5575 1870 1859 5576 1852 1854 5577 1863 1858 5578 1864 1860 5579 1844 1853 5580 1857 1861 5581 1845 1842 5582 1853 1843 5583 1864 1860 5584 1865 1862 5585 1845 1842 5586 1858 1863 5587 1846 1844 5588 1854 1845 5589 1865 1862 5590 1866 1864 5591 1846 1844 5592 1859 1865 5593 1847 1846 5594 1855 1847 5595 1866 1864 5596 1867 1866 5597 1847 1846 5598 1860 1867 5599 1848 1848 5600 1865 1862 5601 1878 1868 5602 1879 1869 5603 1858 1863 5604 1871 1870 5605 1872 1871 5606 1866 1864 5607 1879 1869 5608 1880 1872 5609 1858 1863 5610 1873 1873 5611 1859 1865 5612 1866 1864 5613 1881 1874 5614 1867 1866 5615 1859 1865 5616 1874 1875 5617 1860 1867 5618 1867 1866 5619 1882 1876 5620 1856 1849 5621 1860 1867 5622 1875 1877 5623 1861 1855 5624 1856 1849 5625 1895 1878 5626 1868 1831 5627 1861 1855 5628 1876 1879 5629 1862 1856 5630 1597 1638 5631 1868 1831 5632 1895 1878 5633 1863 1858 5634 1876 1879 5635 1877 1880 5636 1863 1858 5637 1878 1868 5638 1864 1860 5639 1870 1859 5640 1871 1870 5641 1857 1861 5642 1875 1877 5643 1889 1881 5644 1876 1879 5645 1869 1857 5646 1804 1636 5647 1611 1615 5648 1877 1880 5649 1889 1881 5650 1890 1882 5651 1869 1857 5652 1883 1883 5653 1870 1859 5654 1878 1868 5655 1890 1882 5656 1891 1884 5657 1871 1870 5658 1883 1883 5659 1884 1885 5660 1879 1869 5661 1891 1884 5662 1892 1886 5663 1871 1870 5664 1885 1887 5665 1872 1871 5666 1879 1869 5667 1893 1888 5668 1880 1872 5669 1873 1873 5670 1885 1887 5671 1886 1889 5672 1880 1872 5673 1894 1890 5674 1881 1874 5675 1873 1873 5676 1887 1891 5677 1874 1875 5678 1874 1875 5679 1888 1892 5680 1875 1877 5681 1892 1886 5682 1897 1600 5683 1893 1888 5684 1886 1889 5685 1588 1598 5686 1589 1602 5687 1893 1888 5688 1596 1604 5689 1894 1890 5690 1886 1889 5691 1590 1583 5692 1887 1891 5693 1882 1876 5694 1596 1604 5695 1610 1611 5696 1887 1891 5697 1591 1585 5698 1888 1892 5699 1895 1878 5700 1610 1611 5701 1625 1635 5702 1889 1881 5703 1591 1585 5704 1592 1587 5705 1597 1638 5706 1895 1878 5707 1625 1635 5708 1889 1881 5709 1593 1589 5710 1890 1882 5711 1611 1615 5712 1598 1593 5713 1883 1883 5714 1891 1884 5715 1593 1589 5716 1594 1590 5717 1884 1885 5718 1598 1593 5719 1896 1592 5720 1892 1886 5721 1594 1590 5722 1595 1596 5723 1884 1885 5724 1588 1598 5725 1885 1887 5726 1596 1604 10236 1609 1603 10237 1610 1611 10238 1590 1583 10239 1602 1605 10240 1603 1584 10241 1591 1585 10242 1603 1584 10243 1604 1586 10244 1592 1587 10245 1604 1586 10246 1605 1588 10247 1594 1590 10248 1593 1589 10249 1605 1588 10250 1594 1590 10251 1606 1591 10252 1607 1595 10253 1896 1592 10254 1599 1594 10255 1600 1597 10256 1595 1596 10257 1607 1595 10258 1608 1599 10259 1588 1598 10260 1600 1597 10261 1601 1601 10262 1897 1600 10263 1608 1599 10264 1609 1603 10265 1589 1602 10266 1601 1601 10267 1602 1605 10268 1600 1597 10269 1614 1620 10270 1615 1606 10271 1609 1603 10272 1608 1599 10273 1622 1607 10274 1601 1601 10275 1615 1606 10276 1616 1609 10277 1609 1603 10278 1623 1608 10279 1624 1610 10280 1602 1605 10281 1616 1609 10282 1617 1612 10283 1610 1611 10284 1624 1610 10285 1625 1635 10286 1603 1584 10287 1617 1612 10288 1618 1613 10289 1605 1588 10290 1604 1586 10291 1618 1613 10292 1605 1588 10293 1619 1614 10294 1620 1617 10295 1599 1594 10296 1598 1593 10297 1612 1616 10298 1607 1595 10299 1606 1591 10300 1620 1617 10301 1599 1594 10302 1613 1618 10303 1614 1620 10304 1608 1599 10305 1607 1595 10306 1621 1619 10307 1619 1614 10308 1618 1613 10309 1631 1621 10310 1611 1615 10311 1650 1637 10312 1637 1623 10313 1620 1617 10314 1619 1614 10315 1632 1622 10316 1612 1616 10317 1637 1623 10318 1626 1625 10319 1620 1617 10320 1633 1624 10321 1634 1626 10322 1613 1618 10323 1626 1625 10324 1627 1627 10325 1621 1619 10326 1634 1626 10327 1635 1628 10328 1615 1606 10329 1614 1620 10330 1627 1627 10331 1623 1608 10332 1622 1607 10333 1635 1628 10334 1615 1606 10335 1628 1629 10336 1629 1631 10337 1624 1610 10338 1623 1608 10339 1636 1630 10340 1616 1609 10341 1629 1631 10342 1630 1633 10343 1624 1610 10344 1649 1632 10345 1675 1634 10346 1618 1613 10347 1617 1612 10348 1630 1633 10349 1635 1628 10350 1647 1648 10351 1648 1639 10352 1628 1629 10353 1640 1649 10354 1641 1640 10355 1636 1630 10356 1648 1639 10357 1649 1632 10358 1629 1631 10359 1641 1640 10360 1642 1641 10361 1630 1633 10362 1642 1641 10363 1643 1642 10364 1631 1621 10365 1643 1642 10366 1644 1643 10367 1632 1622 10368 1644 1643 10369 1645 1644 10370 1634 1626 10371 1633 1624 10372 1645 1644 10373 1627 1627 10374 1626 1625 10375 1638 1645 10376 1634 1626 10377 1646 1646 10378 1647 1648 10379 1628 1629 10380 1627 1627 10381 1639 1647 10382 1644 1643 10383 1657 1661 10384 1658 1650 10385 1637 1623 10386 1662 1662 10387 1651 1651 10388 1646 1646 10389 1645 1644 10390 1658 1650 10391 1639 1647 10392 1638 1645 10393 1651 1651 10394 1646 1646 10395 1659 1652 10396 1660 1654 10397 1639 1647 10398 1652 1653 10399 1653 1655 10400 1647 1648 10401 1660 1654 10402 1661 1656 10403 1640 1649 10404 1653 1655 10405 1654 1657 10406 1648 1639 10407 1661 1656 10408 1674 1658 10409 1642 1641 10410 1641 1640 10411 1654 1657 10412 1649 1632 10413 1674 1658 10414 1675 1634 10415 1642 1641 10416 1655 1659 10417 1656 1660 10418 1644 1643 10419 1643 1642 10420 1656 1660 10421 1674 1658 10422 1661 1656 10423 1673 1674 10424 1655 1659 10425 1654 1657 10426 1666 1663 10427 1655 1659 10428 1667 1664 10429 1668 1665 10430 1656 1660 10431 1668 1665 10432 1669 1667 10433 1650 1637 10434 1700 1666 10435 1662 1662 10436 1657 1661 10437 1669 1667 10438 1670 1668 10439 1658 1650 10440 1670 1668 10441 1671 1670 10442 1651 1651 10443 1663 1669 10444 1664 1671 10445 1659 1652 10446 1671 1670 10447 1672 1672 10448 1653 1655 10449 1652 1653 10450 1664 1671 10451 1660 1654 10452 1672 1672 10453 1673 1674 10454 1653 1655 10455 1665 1673 10456 1666 1663 10457 1663 1669 10458 1662 1662 10459 1676 1675 10460 1671 1670 10461 1670 1668 10462 1684 1677 10463 1663 1669 10464 1677 1676 10465 1678 1679 10466 1672 1672 10467 1671 1670 10468 1685 1678 10469 1664 1671 10470 1678 1679 10471 1679 1681 10472 1672 1672 10473 1686 1680 10474 1687 1682 10475 1665 1673 10476 1679 1681 10477 1680 1683 10478 1673 1674 10479 1687 1682 10480 1688 1684 10481 1666 1663 10482 1680 1683 10483 1681 1685 10484 1674 1658 10485 1688 1684 10486 1714 1686 10487 1667 1664 10488 1681 1685 10489 1682 1687 10490 1668 1665 10491 1682 1687 10492 1683 1688 10493 1670 1668 10494 1669 1667 10495 1683 1688 10496 1680 1683 10497 1692 1700 10498 1693 1689 10499 1714 1686 10500 1688 1684 10501 1713 1701 10502 1681 1685 10503 1693 1689 10504 1694 1690 10505 1683 1688 10506 1682 1687 10507 1694 1690 10508 1683 1688 10509 1695 1691 10510 1696 1693 10511 1676 1675 10512 1701 1692 10513 1689 1694 10514 1684 1677 10515 1696 1693 10516 1697 1695 10517 1677 1676 10518 1689 1694 10519 1690 1696 10520 1685 1678 10521 1697 1695 10522 1698 1697 10523 1679 1681 10524 1678 1679 10525 1690 1696 10526 1686 1680 10527 1698 1697 10528 1699 1699 10529 1680 1683 10530 1679 1681 10531 1691 1698 10532 1688 1684 10533 1687 1682 10534 1699 1699 10535 1697 1695 10536 1696 1693 10537 1709 1702 10538 1690 1696 10539 1689 1694 10540 1702 1704 10541 1698 1697 10542 1697 1695 10543 1710 1703 10544 1690 1696 10545 1703 1705 10546 1704 1707 10547 1699 1699 10548 1698 1697 10549 1711 1706 10550 1691 1698 10551 1704 1707 10552 1705 1709 10553 1699 1699 10554 1712 1708 10555 1713 1701 10556 1692 1700 10557 1705 1709 10558 1706 1710 10559 1693 1689 10560 1706 1710 10561 1707 1711 10562 1695 1691 10563 1694 1690 10564 1707 1711 10565 1695 1691 10566 1708 1712 10567 1709 1702 10568 1713 1701 10569 1738 1726 10570 1739 1713 10571 1706 1710 10572 1719 1727 10573 1720 1714 10574 1707 1711 10575 1720 1714 10576 1721 1716 10577 1701 1692 10578 1700 1666 10579 1752 1715 10580 1708 1712 10581 1721 1716 10582 1722 1718 10583 1701 1692 10584 1726 1717 10585 1715 1719 10586 1710 1703 10587 1709 1702 10588 1722 1718 10589 1703 1705 10590 1702 1704 10591 1715 1719 10592 1710 1703 10593 1723 1720 10594 1724 1722 10595 1703 1705 10596 1716 1721 10597 1717 1723 10598 1711 1706 10599 1724 1722 10600 1725 1724 10601 1704 1707 10602 1717 1723 10603 1718 1725 10604 1712 1708 10605 1725 1724 10606 1738 1726 10607 1706 1710 10608 1705 1709 10609 1718 1725 10610 1716 1721 10611 1715 1719 10612 1727 1728 10613 1723 1720 10614 1735 1738 10615 1736 1730 10616 1717 1723 10617 1716 1721 10618 1728 1729 10619 1724 1722 10620 1736 1730 10621 1737 1732 10622 1717 1723 10623 1729 1731 10624 1730 1733 10625 1725 1724 10626 1737 1732 10627 1738 1726 10628 1718 1725 10629 1730 1733 10630 1731 1734 10631 1719 1727 10632 1731 1734 10633 1732 1735 10634 1720 1714 10635 1732 1735 10636 1733 1736 10637 1721 1716 10638 1733 1736 10639 1734 1737 10640 1723 1720 10641 1722 1718 10642 1734 1737 10643 1732 1735 10644 1731 1734 10645 1745 1739 10646 1732 1735 10647 1746 1740 10648 1747 1741 10649 1733 1736 10650 1747 1741 10651 1748 1743 10652 1727 1728 10653 1726 1717 10654 1740 1742 10655 1735 1738 10656 1734 1737 10657 1748 1743 10658 1727 1728 10659 1741 1744 10660 1742 1746 10661 1735 1738 10662 1749 1745 10663 1750 1747 10664 1729 1731 10665 1728 1729 10666 1742 1746 10667 1736 1730 10668 1750 1747 10669 1751 1749 10670 1729 1731 10671 1743 1748 10672 1744 1750 10673 1737 1732 10674 1751 1749 10675 1764 1751 10676 1730 1733 10677 1744 1750 10678 1745 1739 10679 1739 1713 10680 1738 1726 10681 1764 1751 10682 1749 1745 10683 1761 1763 10684 1762 1752 10685 1742 1746 10686 1754 1764 10687 1755 1753 10688 1750 1747 10689 1762 1752 10690 1763 1754 10691 1743 1748 10692 1755 1753 10693 1756 1755 10694 1751 1749 10695 1763 1754 10696 1764 1751 10697 1744 1750 10698 1756 1755 10699 1757 1756 10700 1745 1739 10701 1757 1756 10702 1758 1758 10703 1746 1740 10704 1758 1758 10705 1759 1759 10706 1747 1741 10707 1759 1759 10708 1760 1761 10709 1740 1742 10710 1766 1760 10711 1753 1762 10712 1748 1743 10713 1760 1761 10714 1761 1763 10715 1741 1744 10716 1753 1762 10717 1754 1764 10718 1759 1759 10719 1758 1758 10720 1772 1765 10721 1766 1760 10722 1752 1715 10723 1778 1777 10724 1759 1759 10725 1773 1766 10726 1774 1767 10727 1760 1761 10728 1774 1767 10729 1775 1769 10730 1753 1762 10731 1767 1768 10732 1768 1770 10733 1762 1752 10734 1761 1763 10735 1775 1769 10736 1754 1764 10737 1768 1770 10738 1769 1772 10739 1763 1754 10740 1762 1752 10741 1776 1771 10742 1756 1755 10743 1755 1753 10744 1769 1772 10745 1764 1751 10746 1763 1754 10747 1777 1773 10748 1756 1755 10749 1770 1774 10750 1771 1776 10751 1764 1751 10752 1791 1775 10753 1765 1757 10754 1757 1756 10755 1771 1776 10756 1772 1765 10757 1777 1773 10758 1776 1771 10759 1789 1778 10760 1770 1774 10761 1769 1772 10762 1782 1780 10763 1777 1773 10764 1790 1779 10765 1791 1775 10766 1770 1774 10767 1783 1781 10768 1784 1782 10769 1772 1765 10770 1771 1776 10771 1784 1782 10772 1772 1765 10773 1785 1784 10774 1786 1785 10775 1773 1766 10776 1786 1785 10777 1787 1787 10778 1767 1768 10779 1766 1760 10780 1779 1786 10781 1774 1767 10782 1787 1787 10783 1788 1789 10784 1767 1768 10785 1780 1788 10786 1781 1790 10787 1776 1771 10788 1775 1769 10789 1788 1789 10790 1768 1770 10791 1781 1790 10792 1782 1780 10793 1786 1785 10794 1798 1803 10795 1799 1792 10796 1779 1786 10797 1805 1791 10798 1792 1793 10799 1787 1787 10800 1799 1792 10801 1800 1794 10802 1781 1790 10803 1780 1788 10804 1792 1793 10805 1788 1789 10806 1800 1794 10807 1801 1796 10808 1782 1780 10809 1781 1790 10810 1793 1795 10811 1789 1778 10812 1801 1796 10813 1802 1798 10814 1783 1781 10815 1782 1780 10816 1794 1797 10817 1790 1779 10818 1802 1798 10819 1803 1800 10820 1783 1781 10821 1795 1799 10822 1796 1801 10823 1829 1783 10824 1791 1775 10825 1803 1800 10826 1784 1782 10827 1796 1801 10828 1797 1802 10829 1785 1784 10830 1797 1802 10831 1798 1803 10832 1794 1797 10833 1808 1815 10834 1809 1804 10835 1802 1798 10836 1816 1816 10837 1828 1805 10838 1796 1801 10839 1795 1799 10840 1809 1804 10841 1803 1800 10842 1828 1805 10843 1829 1783 10844 1796 1801 10845 1810 1806 10846 1811 1807 10847 1797 1802 10848 1811 1807 10849 1812 1809 10850 1805 1791 10851 1778 1777 10852 1843 1808 10853 1798 1803 10854 1812 1809 10855 1813 1810 10856 1800 1794 10857 1799 1792 10858 1813 1810 10859 1792 1793 10860 1806 1811 10861 1807 1813 10862 1800 1794 10863 1814 1812 10864 1815 1814 10865 1794 1797 10866 1793 1795 10867 1807 1813 10868 1801 1796 10869 1815 1814 10870 1816 1816 10871 1813 1810 10872 1812 1809 10873 1823 1817 10874 1805 1791 10875 1830 1828 10876 1817 1819 10877 1814 1812 10878 1813 1810 10879 1824 1818 10880 1806 1811 10881 1817 1819 10882 1818 1821 10883 1814 1812 10884 1825 1820 10885 1826 1822 10886 1807 1813 10887 1818 1821 10888 1819 1823 10889 1815 1814 10890 1826 1822 10891 1827 1824 10892 1808 1815 10893 1819 1823 10894 1820 1825 10895 1828 1805 10896 1816 1816 10897 1827 1824 10898 1809 1804 10899 1820 1825 10900 1821 1826 10901 1810 1806 10902 1821 1826 10903 1822 1827 10904 1811 1807 10905 1822 1827 10906 1823 1817 10907 1827 1824 10908 1841 1840 10909 1842 1829 10910 1820 1825 10911 1834 1841 10912 1835 1830 10913 1828 1805 10914 1842 1829 10915 1868 1831 10916 1821 1826 10917 1835 1830 10918 1836 1832 10919 1822 1827 10920 1836 1832 10921 1837 1833 10922 1824 1818 10923 1823 1817 10924 1837 1833 10925 1824 1818 10926 1838 1834 10927 1839 1836 10928 1818 1821 10929 1817 1819 10930 1831 1835 10931 1825 1820 10932 1839 1836 10933 1840 1838 10934 1819 1823 10935 1818 1821 10936 1832 1837 10937 1826 1822 10938 1840 1838 10939 1841 1840 10940 1819 1823 10941 1833 1839 10942 1834 1841 10943 1830 1828 10944 1844 1853 10945 1845 1842 10946 1838 1834 10947 1852 1854 10948 1853 1843 10949 1831 1835 10950 1845 1842 10951 1846 1844 10952 1839 1836 10953 1853 1843 10954 1854 1845 10955 1832 1837 10956 1846 1844 10957 1847 1846 10958 1841 1840 10959 1840 1838 10960 1854 1845 10961 1834 1841 10962 1833 1839 10963 1847 1846 10964 1842 1829 10965 1841 1840 10966 1855 1847 10967 1834 1841 10968 1848 1848 10969 1849 1850 10970 1868 1831 10971 1842 1829 10972 1856 1849 10973 1835 1830 10974 1849 1850 10975 1850 1851 10976 1836 1832 10977 1850 1851 10978 1851 1852 10979 1837 1833 10980 1851 1852 10981 1852 1854 10982 1848 1848 10983 1860 1867 10984 1861 1855 10985 1849 1850 10986 1861 1855 10987 1862 1856 10988 1851 1852 10989 1850 1851 10990 1862 1856 10991 1844 1853 10992 1843 1808 10993 1869 1857 10994 1852 1854 10995 1851 1852 10996 1863 1858 10997 1844 1853 10998 1870 1859 10999 1857 1861 11000 1853 1843 11001 1852 1854 11002 1864 1860 11003 1845 1842 11004 1857 1861 11005 1858 1863 11006 1854 1845 11007 1853 1843 11008 1865 1862 11009 1846 1844 11010 1858 1863 11011 1859 1865 11012 1855 1847 11013 1854 1845 11014 1866 1864 11015 1847 1846 11016 1859 1865 11017 1860 1867 11018 1855 1847 11019 1867 1866 11020 1856 1849 11021 1865 1862 11022 1864 1860 11023 1878 1868 11024 1858 1863 11025 1857 1861 11026 1871 1870 11027 1866 1864 11028 1865 1862 11029 1879 1869 11030 1858 1863 11031 1872 1871 11032 1873 1873 11033 1866 1864 11034 1880 1872 11035 1881 1874 11036 1859 1865 11037 1873 1873 11038 1874 1875 11039 1867 1866 11040 1881 1874 11041 1882 1876 11042 1860 1867 11043 1874 1875 11044 1875 1877 11045 1856 1849 11046 1882 1876 11047 1895 1878 11048 1861 1855 11049 1875 1877 11050 1876 1879 11051 1863 1858 11052 1862 1856 11053 1876 1879 11054 1863 1858 11055 1877 1880 11056 1878 1868 11057 1875 1877 11058 1888 1892 11059 1889 1881 11060 1877 1880 11061 1876 1879 11062 1889 1881 11063 1869 1857 11064 1611 1615 11065 1883 1883 11066 1878 1868 11067 1877 1880 11068 1890 1882 11069 1871 1870 11070 1870 1859 11071 1883 1883 11072 1879 1869 11073 1878 1868 11074 1891 1884 11075 1871 1870 11076 1884 1885 11077 1885 1887 11078 1879 1869 11079 1892 1886 11080 1893 1888 11081 1873 1873 11082 1872 1871 11083 1885 1887 11084 1880 1872 11085 1893 1888 11086 1894 1890 11087 1873 1873 11088 1886 1889 11089 1887 1891 11090 1881 1874 11091 1894 1890 11092 1882 1876 11093 1874 1875 11094 1887 1891 11095 1888 1892 11096 1892 1886 11097 1595 1596 11098 1897 1600 11099 1886 1889 11100 1885 1887 11101 1588 1598 11102 1893 1888 11103 1897 1600 11104 1596 1604 11105 1886 1889 11106 1589 1602 11107 1590 1583 11108 1882 1876 11109 1894 1890 11110 1596 1604 11111 1887 1891 11112 1590 1583 11113 1591 1585 11114 1895 1878 11115 1882 1876 11116 1610 1611 11117 1889 1881 11118 1888 1892 11119 1591 1585 11120 1889 1881 11121 1592 1587 11122 1593 1589 11123 1891 1884 11124 1890 1882 11125 1593 1589 11126 1884 1885 11127 1883 1883 11128 1598 1593 11129 1892 1886 11130 1891 1884 11131 1594 1590 11132 1884 1885 11133 1896 1592 11134 1588 1598 11135</p>
        </triangles>
      </mesh>
    </geometry>
  </library_geometries>
  <library_controllers>
    <controller id="GanondorfRig_GanondorfNecklace_LOD2-skin" name="GanondorfRig">
      <skin source="#GanondorfNecklace_LOD2-mesh">
        <bind_shape_matrix>1 0 0 0 0 1 0 0 0 0 1 0 0 0 0 1</bind_shape_matrix>
        <source id="GanondorfRig_GanondorfNecklace_LOD2-skin-joints">
          <Name_array id="GanondorfRig_GanondorfNecklace_LOD2-skin-joints-array" count="2">mChest mNeck</Name_array>
          <technique_common>
            <accessor source="#GanondorfRig_GanondorfNecklace_LOD2-skin-joints-array" count="2" stride="1">
              <param name="JOINT" type="name"/>
            </accessor>
          </technique_common>
        </source>
        <source id="GanondorfRig_GanondorfNecklace_LOD2-skin-bind_poses">
          <float_array id="GanondorfRig_GanondorfNecklace_LOD2-skin-bind_poses-array" count="32">1 0 0 0.01499998 0 1 0 0 0 0 1 -1.356 0 0 0 1 1 0 0 0.02499997 0 1 0 0 0 0 1 -1.607 0 0 0 1</float_array>
          <technique_common>
            <accessor source="#GanondorfRig_GanondorfNecklace_LOD2-skin-bind_poses-array" count="2" stride="16">
              <param name="TRANSFORM" type="float4x4"/>
            </accessor>
          </technique_common>
        </source>
        <source id="GanondorfRig_GanondorfNecklace_LOD2-skin-weights">
          <float_array id="GanondorfRig_GanondorfNecklace_LOD2-skin-weights-array" count="3796">0.75 0.25 0.75 0.25 0.75 0.25 0.75 0.25 0.75 0.25 0.75 0.25 0.75 0.25 0.75 0.25 0.75 0.25 0.75 0.25 0.75 0.25 0.75 0.25 0.75 0.25 0.75 0.25 0.75 0.25 0.75 0.25 0.75 0.25 0.75 0.25 0.75 0.25 0.75 0.25 0.75 0.25 0.75 0.25 0.75 0.25 0.75 0.25 0.75 0.25 0.75 0.25 0.75 0.25 0.75 0.25 0.75 0.25 0.75 0.25 0.75 0.25 0.75 0.25 0.75 0.25 0.75 0.25 0.75 0.25 0.75 0.25 0.75 0.25 0.75 0.25 0.75 0.25 0.75 0.25 0.75 0.25 0.75 0.25 0.75 0.25 0.75 0.25 0.75 0.25 0.75 0.25 0.75 0.25 0.75 0.25 0.75 0.25 0.75 0.25 0.75 0.25 0.75 0.25 0.75 0.25 0.75 0.25 0.75 0.25 0.75 0.25 0.75 0.25 0.75 0.25 0.75 0.25 0.75 0.25 0.75 0.25 0.75 0.25 0.75 0.25 0.75 0.25 0.75 0.25 0.75 0.25 0.75 0.25 0.75 0.25 0.75 0.25 0.75 0.25 0.75 0.25 0.75 0.25 0.75 0.25 0.75 0.25 0.75 0.25 0.75 0.25 0.75 0.25 0.75 0.25 0.75 0.25 0.75 0.25 0.75 0.25 0.75 0.25 0.75 0.25 0.75 0.25 0.75 0.25 0.75 0.25 0.75 0.25 0.75 0.25 0.75 0.25 0.75 0.25 0.75 0.25 0.75 0.25 0.75 0.25 0.75 0.25 0.75 0.25 0.75 0.25 0.75 0.25 0.75 0.25 0.75 0.25 0.75 0.25 0.75 0.25 0.75 0.25 0.75 0.25 0.75 0.25 0.75 0.25 0.75 0.25 0.75 0.25 0.75 0.25 0.75 0.25 0.75 0.25 0.75 0.25 0.75 0.25 0.75 0.25 0.75 0.25 0.75 0.25 0.75 0.25 0.75 0.25 0.75 0.25 0.75 0.25 0.75 0.25 0.75 0.25 0.75 0.25 0.75 0.25 0.75 0.25 0.75 0.25 0.75 0.25 0.75 0.25 0.75 0.25 0.75 0.25 0.75 0.25 0.75 0.25 0.75 0.25 0.75 0.25 0.75 0.25 0.75 0.25 0.75 0.25 0.75 0.25 0.75 0.25 0.75 0.25 0.75 0.25 0.75 0.25 0.75 0.25 0.75 0.25 0.75 0.25 0.75 0.25 0.75 0.25 0.75 0.25 0.75 0.25 0.75 0.25 0.75 0.25 0.75 0.25 0.75 0.25 0.75 0.25 0.75 0.25 0.75 0.25 0.75 0.25 0.75 0.25 0.75 0.25 0.75 0.25 0.75 0.25 0.75 0.25 0.75 0.25 0.75 0.25 0.75 0.25 0.75 0.25 0.75 0.25 0.75 0.25 0.75 0.25 0.75 0.25 0.75 0.25 0.75 0.25 0.75 0.25 0.75 0.25 0.75 0.25 0.75 0.25 0.75 0.25 0.75 0.25 0.75 0.25 0.75 0.25 0.75 0.25 0.75 0.25 0.75 0.25 0.75 0.25 0.75 0.25 0.75 0.25 0.75 0.25 0.75 0.25 0.75 0.25 0.75 0.25 0.75 0.25 0.75 0.25 0.75 0.25 0.75 0.25 0.75 0.25 0.75 0.25 0.75 0.25 0.75 0.25 0.75 0.25 0.75 0.25 0.75 0.25 0.75 0.25 0.75 0.25 0.75 0.25 0.75 0.25 0.75 0.25 0.75 0.25 0.75 0.25 0.75 0.25 0.75 0.25 0.75 0.25 0.75 0.25 0.75 0.25 0.75 0.25 0.75 0.25 0.75 0.25 0.75 0.25 0.75 0.25 0.75 0.25 0.75 0.25 0.75 0.25 0.75 0.25 0.75 0.25 0.75 0.25 0.75 0.25 0.75 0.25 0.75 0.25 0.75 0.25 0.75 0.25 0.75 0.25 0.75 0.25 0.75 0.25 0.75 0.25 0.75 0.25 0.75 0.25 0.75 0.25 0.75 0.25 0.75 0.25 0.75 0.25 0.75 0.25 0.75 0.25 0.75 0.25 0.75 0.25 0.75 0.25 0.75 0.25 0.75 0.25 0.75 0.25 0.75 0.25 0.75 0.25 0.75 0.25 0.75 0.25 0.75 0.25 0.75 0.25 0.75 0.25 0.75 0.25 0.75 0.25 0.75 0.25 0.75 0.25 0.75 0.25 0.75 0.25 0.75 0.25 0.75 0.25 0.75 0.25 0.75 0.25 0.75 0.25 0.75 0.25 0.75 0.25 0.75 0.25 0.75 0.25 0.75 0.25 0.75 0.25 0.75 0.25 0.75 0.25 0.75 0.25 0.75 0.25 0.75 0.25 0.75 0.25 0.75 0.25 0.75 0.25 0.75 0.25 0.75 0.25 0.75 0.25 0.75 0.25 0.75 0.25 0.75 0.25 0.75 0.25 0.75 0.25 0.75 0.25 0.75 0.25 0.75 0.25 0.75 0.25 0.75 0.25 0.75 0.25 0.75 0.25 0.75 0.25 0.75 0.25 0.75 0.25 0.75 0.25 0.75 0.25 0.75 0.25 0.75 0.25 0.75 0.25 0.75 0.25 0.75 0.25 0.75 0.25 0.75 0.25 0.75 0.25 0.75 0.25 0.75 0.25 0.75 0.25 0.75 0.25 0.75 0.25 0.75 0.25 0.75 0.25 0.75 0.25 0.75 0.25 0.75 0.25 0.75 0.25 0.75 0.25 0.75 0.25 0.75 0.25 0.75 0.25 0.75 0.25 0.75 0.25 0.75 0.25 0.75 0.25 0.75 0.25 0.75 0.25 0.75 0.25 0.75 0.25 0.75 0.25 0.75 0.25 0.75 0.25 0.75 0.25 0.75 0.25 0.75 0.25 0.75 0.25 0.75 0.25 0.75 0.25 0.75 0.25 0.75 0.25 0.75 0.25 0.75 0.25 0.75 0.25 0.75 0.25 0.75 0.25 0.75 0.25 0.75 0.25 0.75 0.25 0.75 0.25 0.75 0.25 0.75 0.25 0.75 0.25 0.75 0.25 0.75 0.25 0.75 0.25 0.75 0.25 0.75 0.25 0.75 0.25 0.75 0.25 0.75 0.25 0.75 0.25 0.75 0.25 0.75 0.25 0.75 0.25 0.75 0.25 0.75 0.25 0.75 0.25 0.75 0.25 0.75 0.25 0.75 0.25 0.75 0.25 0.75 0.25 0.75 0.25 0.75 0.25 0.75 0.25 0.75 0.25 0.75 0.25 0.75 0.25 0.75 0.25 0.75 0.25 0.75 0.25 0.75 0.25 0.75 0.25 0.75 0.25 0.75 0.25 0.75 0.25 0.75 0.25 0.75 0.25 0.75 0.25 0.75 0.25 0.75 0.25 0.75 0.25 0.75 0.25 0.75 0.25 0.75 0.25 0.75 0.25 0.75 0.25 0.75 0.25 0.75 0.25 0.75 0.25 0.75 0.25 0.75 0.25 0.75 0.25 0.75 0.25 0.75 0.25 0.75 0.25 0.75 0.25 0.75 0.25 0.75 0.25 0.75 0.25 0.75 0.25 0.75 0.25 0.75 0.25 0.75 0.25 0.75 0.25 0.75 0.25 0.75 0.25 0.75 0.25 0.75 0.25 0.75 0.25 0.75 0.25 0.75 0.25 0.75 0.25 0.75 0.25 0.75 0.25 0.75 0.25 0.75 0.25 0.75 0.25 0.75 0.25 0.75 0.25 0.75 0.25 0.75 0.25 0.75 0.25 0.75 0.25 0.75 0.25 0.75 0.25 0.75 0.25 0.75 0.25 0.75 0.25 0.75 0.25 0.75 0.25 0.75 0.25 0.75 0.25 0.75 0.25 0.75 0.25 0.75 0.25 0.75 0.25 0.75 0.25 0.75 0.25 0.75 0.25 0.75 0.25 0.75 0.25 0.75 0.25 0.75 0.25 0.75 0.25 0.75 0.25 0.75 0.25 0.75 0.25 0.75 0.25 0.75 0.25 0.75 0.25 0.75 0.25 0.75 0.25 0.75 0.25 0.75 0.25 0.75 0.25 0.75 0.25 0.75 0.25 0.75 0.25 0.75 0.25 0.75 0.25 0.75 0.25 0.75 0.25 0.75 0.25 0.75 0.25 0.75 0.25 0.75 0.25 0.75 0.25 0.75 0.25 0.75 0.25 0.75 0.25 0.75 0.25 0.75 0.25 0.75 0.25 0.75 0.25 0.75 0.25 0.75 0.25 0.75 0.25 0.75 0.25 0.75 0.25 0.75 0.25 0.75 0.25 0.75 0.25 0.75 0.25 0.75 0.25 0.75 0.25 0.75 0.25 0.75 0.25 0.75 0.25 0.75 0.25 0.75 0.25 0.75 0.25 0.75 0.25 0.75 0.25 0.75 0.25 0.75 0.25 0.75 0.25 0.75 0.25 0.75 0.25 0.75 0.25 0.75 0.25 0.75 0.25 0.75 0.25 0.75 0.25 0.75 0.25 0.75 0.25 0.75 0.25 0.75 0.25 0.75 0.25 0.75 0.25 0.75 0.25 0.75 0.25 0.75 0.25 0.75 0.25 0.75 0.25 0.75 0.25 0.75 0.25 0.75 0.25 0.75 0.25 0.75 0.25 0.75 0.25 0.75 0.25 0.75 0.25 0.75 0.25 0.75 0.25 0.75 0.25 0.75 0.25 0.75 0.25 0.75 0.25 0.75 0.25 0.75 0.25 0.75 0.25 0.75 0.25 0.75 0.25 0.75 0.25 0.75 0.25 0.75 0.25 0.75 0.25 0.75 0.25 0.75 0.25 0.75 0.25 0.75 0.25 0.75 0.25 0.75 0.25 0.75 0.25 0.75 0.25 0.75 0.25 0.75 0.25 0.75 0.25 0.75 0.25 0.75 0.25 0.75 0.25 0.75 0.25 0.75 0.25 0.75 0.25 0.75 0.25 0.75 0.25 0.75 0.25 0.75 0.25 0.75 0.25 0.75 0.25 0.75 0.25 0.75 0.25 0.75 0.25 0.75 0.25 0.75 0.25 0.75 0.25 0.75 0.25 0.75 0.25 0.75 0.25 0.75 0.25 0.75 0.25 0.75 0.25 0.75 0.25 0.75 0.25 0.75 0.25 0.75 0.25 0.75 0.25 0.75 0.25 0.75 0.25 0.75 0.25 0.75 0.25 0.75 0.25 0.75 0.25 0.75 0.25 0.75 0.25 0.75 0.25 0.75 0.25 0.75 0.25 0.75 0.25 0.75 0.25 0.75 0.25 0.75 0.25 0.75 0.25 0.75 0.25 0.75 0.25 0.75 0.25 0.75 0.25 0.75 0.25 0.75 0.25 0.75 0.25 0.75 0.25 0.75 0.25 0.75 0.25 0.75 0.25 0.75 0.25 0.75 0.25 0.75 0.25 0.75 0.25 0.75 0.25 0.75 0.25 0.75 0.25 0.75 0.25 0.75 0.25 0.75 0.25 0.75 0.25 0.75 0.25 0.75 0.25 0.75 0.25 0.75 0.25 0.75 0.25 0.75 0.25 0.75 0.25 0.75 0.25 0.75 0.25 0.75 0.25 0.75 0.25 0.75 0.25 0.75 0.25 0.75 0.25 0.75 0.25 0.75 0.25 0.75 0.25 0.75 0.25 0.75 0.25 0.75 0.25 0.75 0.25 0.75 0.25 0.75 0.25 0.75 0.25 0.75 0.25 0.75 0.25 0.75 0.25 0.75 0.25 0.75 0.25 0.75 0.25 0.75 0.25 0.75 0.25 0.75 0.25 0.75 0.25 0.75 0.25 0.75 0.25 0.75 0.25 0.75 0.25 0.75 0.25 0.75 0.25 0.75 0.25 0.75 0.25 0.75 0.25 0.75 0.25 0.75 0.25 0.75 0.25 0.75 0.25 0.75 0.25 0.75 0.25 0.75 0.25 0.75 0.25 0.75 0.25 0.75 0.25 0.75 0.25 0.75 0.25 0.75 0.25 0.75 0.25 0.75 0.25 0.75 0.25 0.75 0.25 0.75 0.25 0.75 0.25 0.75 0.25 0.75 0.25 0.75 0.25 0.75 0.25 0.75 0.25 0.75 0.25 0.75 0.25 0.75 0.25 0.75 0.25 0.75 0.25 0.75 0.25 0.75 0.25 0.75 0.25 0.75 0.25 0.75 0.25 0.75 0.25 0.75 0.25 0.75 0.25 0.75 0.25 0.75 0.25 0.75 0.25 0.75 0.25 0.75 0.25 0.75 0.25 0.75 0.25 0.75 0.25 0.75 0.25 0.75 0.25 0.75 0.25 0.75 0.25 0.75 0.25 0.75 0.25 0.75 0.25 0.75 0.25 0.75 0.25 0.75 0.25 0.75 0.25 0.75 0.25 0.75 0.25 0.75 0.25 0.75 0.25 0.75 0.25 0.75 0.25 0.75 0.25 0.75 0.25 0.75 0.25 0.75 0.25 0.75 0.25 0.75 0.25 0.75 0.25 0.75 0.25 0.75 0.25 0.75 0.25 0.75 0.25 0.75 0.25 0.75 0.25 0.75 0.25 0.75 0.25 0.75 0.25 0.75 0.25 0.75 0.25 0.75 0.25 0.75 0.25 0.75 0.25 0.75 0.25 0.75 0.25 0.75 0.25 0.75 0.25 0.75 0.25 0.75 0.25 0.75 0.25 0.75 0.25 0.75 0.25 0.75 0.25 0.75 0.25 0.75 0.25 0.75 0.25 0.75 0.25 0.75 0.25 0.75 0.25 0.75 0.25 0.75 0.25 0.75 0.25 0.75 0.25 0.75 0.25 0.75 0.25 0.75 0.25 0.75 0.25 0.75 0.25 0.75 0.25 0.75 0.25 0.75 0.25 0.75 0.25 0.75 0.25 0.75 0.25 0.75 0.25 0.75 0.25 0.75 0.25 0.75 0.25 0.75 0.25 0.75 0.25 0.75 0.25 0.75 0.25 0.75 0.25 0.75 0.25 0.75 0.25 0.75 0.25 0.75 0.25 0.75 0.25 0.75 0.25 0.75 0.25 0.75 0.25 0.75 0.25 0.75 0.25 0.75 0.25 0.75 0.25 0.75 0.25 0.75 0.25 0.75 0.25 0.75 0.25 0.75 0.25 0.75 0.25 0.75 0.25 0.75 0.25 0.75 0.25 0.75 0.25 0.75 0.25 0.75 0.25 0.75 0.25 0.75 0.25 0.75 0.25 0.75 0.25 0.75 0.25 0.75 0.25 0.75 0.25 0.75 0.25 0.75 0.25 0.75 0.25 0.75 0.25 0.75 0.25 0.75 0.25 0.75 0.25 0.75 0.25 0.75 0.25 0.75 0.25 0.75 0.25 0.75 0.25 0.75 0.25 0.75 0.25 0.75 0.25 0.75 0.25 0.75 0.25 0.75 0.25 0.75 0.25 0.75 0.25 0.75 0.25 0.75 0.25 0.75 0.25 0.75 0.25 0.75 0.25 0.75 0.25 0.75 0.25 0.75 0.25 0.75 0.25 0.75 0.25 0.75 0.25 0.75 0.25 0.75 0.25 0.75 0.25 0.75 0.25 0.75 0.25 0.75 0.25 0.75 0.25 0.75 0.25 0.75 0.25 0.75 0.25 0.75 0.25 0.75 0.25 0.75 0.25 0.75 0.25 0.75 0.25 0.75 0.25 0.75 0.25 0.75 0.25 0.75 0.25 0.75 0.25 0.75 0.25 0.75 0.25 0.75 0.25 0.75 0.25 0.75 0.25 0.75 0.25 0.75 0.25 0.75 0.25 0.75 0.25 0.75 0.25 0.75 0.25 0.75 0.25 0.75 0.25 0.75 0.25 0.75 0.25 0.75 0.25 0.75 0.25 0.75 0.25 0.75 0.25 0.75 0.25 0.75 0.25 0.75 0.25 0.75 0.25 0.75 0.25 0.75 0.25 0.75 0.25 0.75 0.25 0.75 0.25 0.75 0.25 0.75 0.25 0.75 0.25 0.75 0.25 0.75 0.25 0.75 0.25 0.75 0.25 0.75 0.25 0.75 0.25 0.75 0.25 0.75 0.25 0.75 0.25 0.75 0.25 0.75 0.25 0.75 0.25 0.75 0.25 0.75 0.25 0.75 0.25 0.75 0.25 0.75 0.25 0.75 0.25 0.75 0.25 0.75 0.25 0.75 0.25 0.75 0.25 0.75 0.25 0.75 0.25 0.75 0.25 0.75 0.25 0.75 0.25 0.75 0.25 0.75 0.25 0.75 0.25 0.75 0.25 0.75 0.25 0.75 0.25 0.75 0.25 0.75 0.25 0.75 0.25 0.75 0.25 0.75 0.25 0.75 0.25 0.75 0.25 0.75 0.25 0.75 0.25 0.75 0.25 0.75 0.25 0.75 0.25 0.75 0.25 0.75 0.25 0.75 0.25 0.75 0.25 0.75 0.25 0.75 0.25 0.75 0.25 0.75 0.25 0.75 0.25 0.75 0.25 0.75 0.25 0.75 0.25 0.75 0.25 0.75 0.25 0.75 0.25 0.75 0.25 0.75 0.25 0.75 0.25 0.75 0.25 0.75 0.25 0.75 0.25 0.75 0.25 0.75 0.25 0.75 0.25 0.75 0.25 0.75 0.25 0.75 0.25 0.75 0.25 0.75 0.25 0.75 0.25 0.75 0.25 0.75 0.25 0.75 0.25 0.75 0.25 0.75 0.25 0.75 0.25 0.75 0.25 0.75 0.25 0.75 0.25 0.75 0.25 0.75 0.25 0.75 0.25 0.75 0.25 0.75 0.25 0.75 0.25 0.75 0.25 0.75 0.25 0.75 0.25 0.75 0.25 0.75 0.25 0.75 0.25 0.75 0.25 0.75 0.25 0.75 0.25 0.75 0.25 0.75 0.25 0.75 0.25 0.75 0.25 0.75 0.25 0.75 0.25 0.75 0.25 0.75 0.25 0.75 0.25 0.75 0.25 0.75 0.25 0.75 0.25 0.75 0.25 0.75 0.25 0.75 0.25 0.75 0.25 0.75 0.25 0.75 0.25 0.75 0.25 0.75 0.25 0.75 0.25 0.75 0.25 0.75 0.25 0.75 0.25 0.75 0.25 0.75 0.25 0.75 0.25 0.75 0.25 0.75 0.25 0.75 0.25 0.75 0.25 0.75 0.25 0.75 0.25 0.75 0.25 0.75 0.25 0.75 0.25 0.75 0.25 0.75 0.25 0.75 0.25 0.75 0.25 0.75 0.25 0.75 0.25 0.75 0.25 0.75 0.25 0.75 0.25 0.75 0.25 0.75 0.25 0.75 0.25 0.75 0.25 0.75 0.25 0.75 0.25 0.75 0.25 0.75 0.25 0.75 0.25 0.75 0.25 0.75 0.25 0.75 0.25 0.75 0.25 0.75 0.25 0.75 0.25 0.75 0.25 0.75 0.25 0.75 0.25 0.75 0.25 0.75 0.25 0.75 0.25 0.75 0.25 0.75 0.25 0.75 0.25 0.75 0.25 0.75 0.25 0.75 0.25 0.75 0.25 0.75 0.25 0.75 0.25 0.75 0.25 0.75 0.25 0.75 0.25 0.75 0.25 0.75 0.25 0.75 0.25 0.75 0.25 0.75 0.25 0.75 0.25 0.75 0.25 0.75 0.25 0.75 0.25 0.75 0.25 0.75 0.25 0.75 0.25 0.75 0.25 0.75 0.25 0.75 0.25 0.75 0.25 0.75 0.25 0.75 0.25 0.75 0.25 0.75 0.25 0.75 0.25 0.75 0.25 0.75 0.25 0.75 0.25 0.75 0.25 0.75 0.25 0.75 0.25 0.75 0.25 0.75 0.25 0.75 0.25 0.75 0.25 0.75 0.25 0.75 0.25 0.75 0.25 0.75 0.25 0.75 0.25 0.75 0.25 0.75 0.25 0.75 0.25 0.75 0.25 0.75 0.25 0.75 0.25 0.75 0.25 0.75 0.25 0.75 0.25 0.75 0.25 0.75 0.25 0.75 0.25 0.75 0.25 0.75 0.25 0.75 0.25 0.75 0.25 0.75 0.25 0.75 0.25 0.75 0.25 0.75 0.25 0.75 0.25 0.75 0.25 0.75 0.25 0.75 0.25 0.75 0.25 0.75 0.25 0.75 0.25 0.75 0.25 0.75 0.25 0.75 0.25 0.75 0.25 0.75 0.25 0.75 0.25 0.75 0.25 0.75 0.25 0.75 0.25 0.75 0.25 0.75 0.25 0.75 0.25 0.75 0.25 0.75 0.25 0.75 0.25 0.75 0.25 0.75 0.25 0.75 0.25 0.75 0.25 0.75 0.25 0.75 0.25 0.75 0.25 0.75 0.25 0.75 0.25 0.75 0.25 0.75 0.25 0.75 0.25 0.75 0.25 0.75 0.25 0.75 0.25 0.75 0.25 0.75 0.25 0.75 0.25 0.75 0.25 0.75 0.25 0.75 0.25 0.75 0.25 0.75 0.25 0.75 0.25 0.75 0.25 0.75 0.25 0.75 0.25 0.75 0.25 0.75 0.25 0.75 0.25 0.75 0.25 0.75 0.25 0.75 0.25 0.75 0.25 0.75 0.25 0.75 0.25 0.75 0.25 0.75 0.25 0.75 0.25 0.75 0.25 0.75 0.25 0.75 0.25 0.75 0.25 0.75 0.25 0.75 0.25 0.75 0.25 0.75 0.25 0.75 0.25 0.75 0.25 0.75 0.25 0.75 0.25 0.75 0.25 0.75 0.25 0.75 0.25 0.75 0.25 0.75 0.25 0.75 0.25 0.75 0.25 0.75 0.25 0.75 0.25 0.75 0.25 0.75 0.25 0.75 0.25 0.75 0.25 0.75 0.25 0.75 0.25 0.75 0.25 0.75 0.25 0.75 0.25 0.75 0.25 0.75 0.25 0.75 0.25 0.75 0.25 0.75 0.25 0.75 0.25 0.75 0.25 0.75 0.25 0.75 0.25 0.75 0.25 0.75 0.25 0.75 0.25 0.75 0.25 0.75 0.25 0.75 0.25 0.75 0.25 0.75 0.25 0.75 0.25 0.75 0.25 0.75 0.25 0.75 0.25 0.75 0.25 0.75 0.25 0.75 0.25 0.75 0.25 0.75 0.25 0.75 0.25 0.75 0.25 0.75 0.25 0.75 0.25 0.75 0.25 0.75 0.25 0.75 0.25 0.75 0.25 0.75 0.25 0.75 0.25 0.75 0.25 0.75 0.25 0.75 0.25 0.75 0.25 0.75 0.25 0.75 0.25 0.75 0.25 0.75 0.25 0.75 0.25 0.75 0.25 0.75 0.25 0.75 0.25 0.75 0.25 0.75 0.25 0.75 0.25 0.75 0.25 0.75 0.25 0.75 0.25 0.75 0.25 0.75 0.25 0.75 0.25 0.75 0.25 0.75 0.25 0.75 0.25 0.75 0.25 0.75 0.25 0.75 0.25 0.75 0.25 0.75 0.25 0.75 0.25 0.75 0.25 0.75 0.25 0.75 0.25 0.75 0.25 0.75 0.25 0.75 0.25 0.75 0.25 0.75 0.25 0.75 0.25 0.75 0.25 0.75 0.25 0.75 0.25 0.75 0.25 0.75 0.25 0.75 0.25 0.75 0.25 0.75 0.25 0.75 0.25 0.75 0.25 0.75 0.25 0.75 0.25 0.75 0.25 0.75 0.25 0.75 0.25 0.75 0.25 0.75 0.25 0.75 0.25 0.75 0.25 0.75 0.25 0.75 0.25 0.75 0.25 0.75 0.25 0.75 0.25 0.75 0.25 0.75 0.25 0.75 0.25 0.75 0.25 0.75 0.25 0.75 0.25 0.75 0.25 0.75 0.25 0.75 0.25 0.75 0.25 0.75 0.25 0.75 0.25 0.75 0.25 0.75 0.25 0.75 0.25 0.75 0.25 0.75 0.25 0.75 0.25 0.75 0.25 0.75 0.25 0.75 0.25 0.75 0.25 0.75 0.25 0.75 0.25 0.75 0.25 0.75 0.25 0.75 0.25 0.75 0.25 0.75 0.25 0.75 0.25 0.75 0.25 0.75 0.25 0.75 0.25 0.75 0.25 0.75 0.25 0.75 0.25 0.75 0.25 0.75 0.25 0.75 0.25 0.75 0.25 0.75 0.25 0.75 0.25 0.75 0.25 0.75 0.25 0.75 0.25 0.75 0.25 0.75 0.25 0.75 0.25 0.75 0.25 0.75 0.25 0.75 0.25 0.75 0.25 0.75 0.25 0.75 0.25 0.75 0.25 0.75 0.25 0.75 0.25 0.75 0.25 0.75 0.25 0.75 0.25 0.75 0.25 0.75 0.25 0.75 0.25 0.75 0.25 0.75 0.25 0.75 0.25 0.75 0.25 0.75 0.25 0.75 0.25 0.75 0.25 0.75 0.25 0.75 0.25 0.75 0.25 0.75 0.25 0.75 0.25 0.75 0.25 0.75 0.25 0.75 0.25 0.75 0.25 0.75 0.25 0.75 0.25 0.75 0.25 0.75 0.25 0.75 0.25 0.75 0.25 0.75 0.25 0.75 0.25 0.75 0.25 0.75 0.25 0.75 0.25 0.75 0.25 0.75 0.25 0.75 0.25 0.75 0.25 0.75 0.25 0.75 0.25 0.75 0.25 0.75 0.25 0.75 0.25 0.75 0.25 0.75 0.25 0.75 0.25 0.75 0.25 0.75 0.25 0.75 0.25 0.75 0.25 0.75 0.25 0.75 0.25 0.75 0.25 0.75 0.25 0.75 0.25 0.75 0.25 0.75 0.25 0.75 0.25 0.75 0.25 0.75 0.25 0.75 0.25 0.75 0.25 0.75 0.25 0.75 0.25 0.75 0.25 0.75 0.25 0.75 0.25 0.75 0.25 0.75 0.25 0.75 0.25 0.75 0.25 0.75 0.25 0.75 0.25 0.75 0.25 0.75 0.25 0.75 0.25 0.75 0.25 0.75 0.25 0.75 0.25 0.75 0.25 0.75 0.25 0.75 0.25 0.75 0.25 0.75 0.25 0.75 0.25 0.75 0.25 0.75 0.25 0.75 0.25 0.75 0.25 0.75 0.25 0.75 0.25 0.75 0.25 0.75 0.25 0.75 0.25 0.75 0.25 0.75 0.25 0.75 0.25 0.75 0.25 0.75 0.25 0.75 0.25 0.75 0.25 0.75 0.25 0.75 0.25 0.75 0.25 0.75 0.25 0.75 0.25 0.75 0.25 0.75 0.25 0.75 0.25 0.75 0.25 0.75 0.25 0.75 0.25 0.75 0.25 0.75 0.25 0.75 0.25 0.75 0.25 0.75 0.25 0.75 0.25 0.75 0.25 0.75 0.25 0.75 0.25 0.75 0.25 0.75 0.25 0.75 0.25 0.75 0.25 0.75 0.25 0.75 0.25 0.75 0.25 0.75 0.25 0.75 0.25 0.75 0.25 0.75 0.25 0.75 0.25 0.75 0.25 0.75 0.25 0.75 0.25 0.75 0.25 0.75 0.25 0.75 0.25 0.75 0.25 0.75 0.25 0.75 0.25 0.75 0.25 0.75 0.25 0.75 0.25 0.75 0.25 0.75 0.25 0.75 0.25 0.75 0.25 0.75 0.25 0.75 0.25 0.75 0.25 0.75 0.25 0.75 0.25 0.75 0.25 0.75 0.25 0.75 0.25 0.75 0.25 0.75 0.25 0.75 0.25 0.75 0.25 0.75 0.25 0.75 0.25 0.75 0.25 0.75 0.25 0.75 0.25 0.75 0.25 0.75 0.25 0.75 0.25 0.75 0.25 0.75 0.25 0.75 0.25 0.75 0.25 0.75 0.25 0.75 0.25 0.75 0.25 0.75 0.25 0.75 0.25 0.75 0.25 0.75 0.25 0.75 0.25 0.75 0.25 0.75 0.25 0.75 0.25 0.75 0.25 0.75 0.25 0.75 0.25 0.75 0.25 0.75 0.25 0.75 0.25 0.75 0.25 0.75 0.25 0.75 0.25 0.75 0.25 0.75 0.25 0.75 0.25 0.75 0.25 0.75 0.25 0.75 0.25 0.75 0.25 0.75 0.25 0.75 0.25 0.75 0.25 0.75 0.25 0.75 0.25 0.75 0.25 0.75 0.25 0.75 0.25 0.75 0.25 0.75 0.25 0.75 0.25 0.75 0.25 0.75 0.25 0.75 0.25 0.75 0.25 0.75 0.25 0.75 0.25 0.75 0.25 0.75 0.25 0.75 0.25 0.75 0.25 0.75 0.25 0.75 0.25 0.75 0.25 0.75 0.25 0.75 0.25 0.75 0.25 0.75 0.25 0.75 0.25 0.75 0.25 0.75 0.25 0.75 0.25 0.75 0.25 0.75 0.25 0.75 0.25 0.75 0.25 0.75 0.25 0.75 0.25 0.75 0.25 0.75 0.25 0.75 0.25 0.75 0.25 0.75 0.25 0.75 0.25 0.75 0.25 0.75 0.25 0.75 0.25 0.75 0.25 0.75 0.25 0.75 0.25 0.75 0.25 0.75 0.25 0.75 0.25 0.75 0.25 0.75 0.25 0.75 0.25 0.75 0.25 0.75 0.25 0.75 0.25 0.75 0.25 0.75 0.25 0.75 0.25 0.75 0.25 0.75 0.25 0.75 0.25 0.75 0.25 0.75 0.25 0.75 0.25 0.75 0.25 0.75 0.25 0.75 0.25 0.75 0.25 0.75 0.25 0.75 0.25 0.75 0.25 0.75 0.25 0.75 0.25 0.75 0.25 0.75 0.25 0.75 0.25 0.75 0.25 0.75 0.25 0.75 0.25 0.75 0.25 0.75 0.25 0.75 0.25 0.75 0.25 0.75 0.25 0.75 0.25 0.75 0.25 0.75 0.25 0.75 0.25 0.75 0.25 0.75 0.25 0.75 0.25 0.75 0.25 0.75 0.25 0.75 0.25 0.75 0.25 0.75 0.25 0.75 0.25 0.75 0.25 0.75 0.25 0.75 0.25 0.75 0.25 0.75 0.25 0.75 0.25 0.75 0.25 0.75 0.25 0.75 0.25 0.75 0.25 0.75 0.25 0.75 0.25 0.75 0.25 0.75 0.25 0.75 0.25 0.75 0.25 0.75 0.25 0.75 0.25 0.75 0.25 0.75 0.25 0.75 0.25 0.75 0.25 0.75 0.25 0.75 0.25 0.75 0.25 0.75 0.25 0.75 0.25 0.75 0.25 0.75 0.25 0.75 0.25 0.75 0.25 0.75 0.25 0.75 0.25 0.75 0.25 0.75 0.25 0.75 0.25 0.75 0.25 0.75 0.25 0.75 0.25 0.75 0.25 0.75 0.25 0.75 0.25 0.75 0.25 0.75 0.25 0.75 0.25 0.75 0.25 0.75 0.25 0.75 0.25 0.75 0.25 0.75 0.25 0.75 0.25 0.75 0.25 0.75 0.25 0.75 0.25 0.75 0.25 0.75 0.25 0.75 0.25 0.75 0.25 0.75 0.25 0.75 0.25 0.75 0.25 0.75 0.25 0.75 0.25 0.75 0.25 0.75 0.25 0.75 0.25 0.75 0.25 0.75 0.25 0.75 0.25 0.75 0.25 0.75 0.25 0.75 0.25 0.75 0.25 0.75 0.25 0.75 0.25 0.75 0.25 0.75 0.25 0.75 0.25 0.75 0.25 0.75 0.25 0.75 0.25 0.75 0.25 0.75 0.25 0.75 0.25 0.75 0.25 0.75 0.25 0.75 0.25 0.75 0.25 0.75 0.25 0.75 0.25 0.75 0.25 0.75 0.25 0.75 0.25 0.75 0.25 0.75 0.25 0.75 0.25 0.75 0.25 0.75 0.25 0.75 0.25 0.75 0.25 0.75 0.25 0.75 0.25 0.75 0.25 0.75 0.25 0.75 0.25 0.75 0.25 0.75 0.25 0.75 0.25 0.75 0.25 0.75 0.25 0.75 0.25 0.75 0.25 0.75 0.25 0.75 0.25 0.75 0.25 0.75 0.25 0.75 0.25 0.75 0.25 0.75 0.25 0.75 0.25 0.75 0.25 0.75 0.25 0.75 0.25 0.75 0.25 0.75 0.25 0.75 0.25 0.75 0.25 0.75 0.25 0.75 0.25 0.75 0.25 0.75 0.25 0.75 0.25 0.75 0.25 0.75 0.25 0.75 0.25 0.75 0.25 0.75 0.25 0.75 0.25 0.75 0.25 0.75 0.25 0.75 0.25 0.75 0.25 0.75 0.25 0.75 0.25 0.75 0.25 0.75 0.25 0.75 0.25 0.75 0.25 0.75 0.25 0.75 0.25 0.75 0.25 0.75 0.25 0.75 0.25 0.75 0.25 0.75 0.25 0.75 0.25 0.75 0.25 0.75 0.25 0.75 0.25 0.75 0.25 0.75 0.25 0.75 0.25 0.75 0.25 0.75 0.25 0.75 0.25 0.75 0.25 0.75 0.25 0.75 0.25 0.75 0.25 0.75 0.25 0.75 0.25 0.75 0.25 0.75 0.25 0.75 0.25 0.75 0.25 0.75 0.25 0.75 0.25 0.75 0.25 0.75 0.25 0.75 0.25 0.75 0.25 0.75 0.25 0.75 0.25 0.75 0.25 0.75 0.25 0.75 0.25 0.75 0.25 0.75 0.25 0.75 0.25 0.75 0.25 0.75 0.25 0.75 0.25 0.75 0.25 0.75 0.25 0.75 0.25 0.75 0.25 0.75 0.25 0.75 0.25 0.75 0.25 0.75 0.25 0.75 0.25 0.75 0.25 0.75 0.25 0.75 0.25 0.75 0.25 0.75 0.25 0.75 0.25 0.75 0.25 0.75 0.25 0.75 0.25 0.75 0.25 0.75 0.25 0.75 0.25</float_array>
          <technique_common>
            <accessor source="#GanondorfRig_GanondorfNecklace_LOD2-skin-weights-array" count="3796" stride="1">
              <param name="WEIGHT" type="float"/>
            </accessor>
          </technique_common>
        </source>
        <joints>
          <input semantic="JOINT" source="#GanondorfRig_GanondorfNecklace_LOD2-skin-joints"/>
          <input semantic="INV_BIND_MATRIX" source="#GanondorfRig_GanondorfNecklace_LOD2-skin-bind_poses"/>
        </joints>
        <vertex_weights count="1898">
          <input semantic="JOINT" source="#GanondorfRig_GanondorfNecklace_LOD2-skin-joints" offset="0"/>
          <input semantic="WEIGHT" source="#GanondorfRig_GanondorfNecklace_LOD2-skin-weights" offset="1"/>
          <vcount>2 2 2 2 2 2 2 2 2 2 2 2 2 2 2 2 2 2 2 2 2 2 2 2 2 2 2 2 2 2 2 2 2 2 2 2 2 2 2 2 2 2 2 2 2 2 2 2 2 2 2 2 2 2 2 2 2 2 2 2 2 2 2 2 2 2 2 2 2 2 2 2 2 2 2 2 2 2 2 2 2 2 2 2 2 2 2 2 2 2 2 2 2 2 2 2 2 2 2 2 2 2 2 2 2 2 2 2 2 2 2 2 2 2 2 2 2 2 2 2 2 2 2 2 2 2 2 2 2 2 2 2 2 2 2 2 2 2 2 2 2 2 2 2 2 2 2 2 2 2 2 2 2 2 2 2 2 2 2 2 2 2 2 2 2 2 2 2 2 2 2 2 2 2 2 2 2 2 2 2 2 2 2 2 2 2 2 2 2 2 2 2 2 2 2 2 2 2 2 2 2 2 2 2 2 2 2 2 2 2 2 2 2 2 2 2 2 2 2 2 2 2 2 2 2 2 2 2 2 2 2 2 2 2 2 2 2 2 2 2 2 2 2 2 2 2 2 2 2 2 2 2 2 2 2 2 2 2 2 2 2 2 2 2 2 2 2 2 2 2 2 2 2 2 2 2 2 2 2 2 2 2 2 2 2 2 2 2 2 2 2 2 2 2 2 2 2 2 2 2 2 2 2 2 2 2 2 2 2 2 2 2 2 2 2 2 2 2 2 2 2 2 2 2 2 2 2 2 2 2 2 2 2 2 2 2 2 2 2 2 2 2 2 2 2 2 2 2 2 2 2 2 2 2 2 2 2 2 2 2 2 2 2 2 2 2 2 2 2 2 2 2 2 2 2 2 2 2 2 2 2 2 2 2 2 2 2 2 2 2 2 2 2 2 2 2 2 2 2 2 2 2 2 2 2 2 2 2 2 2 2 2 2 2 2 2 2 2 2 2 2 2 2 2 2 2 2 2 2 2 2 2 2 2 2 2 2 2 2 2 2 2 2 2 2 2 2 2 2 2 2 2 2 2 2 2 2 2 2 2 2 2 2 2 2 2 2 2 2 2 2 2 2 2 2 2 2 2 2 2 2 2 2 2 2 2 2 2 2 2 2 2 2 2 2 2 2 2 2 2 2 2 2 2 2 2 2 2 2 2 2 2 2 2 2 2 2 2 2 2 2 2 2 2 2 2 2 2 2 2 2 2 2 2 2 2 2 2 2 2 2 2 2 2 2 2 2 2 2 2 2 2 2 2 2 2 2 2 2 2 2 2 2 2 2 2 2 2 2 2 2 2 2 2 2 2 2 2 2 2 2 2 2 2 2 2 2 2 2 2 2 2 2 2 2 2 2 2 2 2 2 2 2 2 2 2 2 2 2 2 2 2 2 2 2 2 2 2 2 2 2 2 2 2 2 2 2 2 2 2 2 2 2 2 2 2 2 2 2 2 2 2 2 2 2 2 2 2 2 2 2 2 2 2 2 2 2 2 2 2 2 2 2 2 2 2 2 2 2 2 2 2 2 2 2 2 2 2 2 2 2 2 2 2 2 2 2 2 2 2 2 2 2 2 2 2 2 2 2 2 2 2 2 2 2 2 2 2 2 2 2 2 2 2 2 2 2 2 2 2 2 2 2 2 2 2 2 2 2 2 2 2 2 2 2 2 2 2 2 2 2 2 2 2 2 2 2 2 2 2 2 2 2 2 2 2 2 2 2 2 2 2 2 2 2 2 2 2 2 2 2 2 2 2 2 2 2 2 2 2 2 2 2 2 2 2 2 2 2 2 2 2 2 2 2 2 2 2 2 2 2 2 2 2 2 2 2 2 2 2 2 2 2 2 2 2 2 2 2 2 2 2 2 2 2 2 2 2 2 2 2 2 2 2 2 2 2 2 2 2 2 2 2 2 2 2 2 2 2 2 2 2 2 2 2 2 2 2 2 2 2 2 2 2 2 2 2 2 2 2 2 2 2 2 2 2 2 2 2 2 2 2 2 2 2 2 2 2 2 2 2 2 2 2 2 2 2 2 2 2 2 2 2 2 2 2 2 2 2 2 2 2 2 2 2 2 2 2 2 2 2 2 2 2 2 2 2 2 2 2 2 2 2 2 2 2 2 2 2 2 2 2 2 2 2 2 2 2 2 2 2 2 2 2 2 2 2 2 2 2 2 2 2 2 2 2 2 2 2 2 2 2 2 2 2 2 2 2 2 2 2 2 2 2 2 2 2 2 2 2 2 2 2 2 2 2 2 2 2 2 2 2 2 2 2 2 2 2 2 2 2 2 2 2 2 2 2 2 2 2 2 2 2 2 2 2 2 2 2 2 2 2 2 2 2 2 2 2 2 2 2 2 2 2 2 2 2 2 2 2 2 2 2 2 2 2 2 2 2 2 2 2 2 2 2 2 2 2 2 2 2 2 2 2 2 2 2 2 2 2 2 2 2 2 2 2 2 2 2 2 2 2 2 2 2 2 2 2 2 2 2 2 2 2 2 2 2 2 2 2 2 2 2 2 2 2 2 2 2 2 2 2 2 2 2 2 2 2 2 2 2 2 2 2 2 2 2 2 2 2 2 2 2 2 2 2 2 2 2 2 2 2 2 2 2 2 2 2 2 2 2 2 2 2 2 2 2 2 2 2 2 2 2 2 2 2 2 2 2 2 2 2 2 2 2 2 2 2 2 2 2 2 2 2 2 2 2 2 2 2 2 2 2 2 2 2 2 2 2 2 2 2 2 2 2 2 2 2 2 2 2 2 2 2 2 2 2 2 2 2 2 2 2 2 2 2 2 2 2 2 2 2 2 2 2 2 2 2 2 2 2 2 2 2 2 2 2 2 2 2 2 2 2 2 2 2 2 2 2 2 2 2 2 2 2 2 2 2 2 2 2 2 2 2 2 2 2 2 2 2 2 2 2 2 2 2 2 2 2 2 2 2 2 2 2 2 2 2 2 2 2 2 2 2 2 2 2 2 2 2 2 2 2 2 2 2 2 2 2 2 2 2 2 2 2 2 2 2 2 2 2 2 2 2 2 2 2 2 2 2 2 2 2 2 2 2 2 2 2 2 2 2 2 2 2 2 2 2 2 2 2 2 2 2 2 2 2 2 2 2 2 2 2 2 2 2 2 2 2 2 2 2 2 2 2 2 2 2 2 2 2 2 2 2 2 2 2 2 2 2 2 2 2 2 2 2 2 2 2 2 2 2 2 2 2 2 2 2 2 2 2 2 2 2 2 2 2 2 2 2 2 2 2 2 2 2 2 2 2 2 2 2 2 2 2 2 2 2 2 2 2 2 2 2 2 2 2 2 2 2 2 2 2 2 2 2 2 2 2 2 2 2 2 2 2 2 2 2 2 2 2 2 2 2 2 2 2 2 2 2 2 2 2 2 2 2 2 2 2 2 2 2 2 2 2 2 2 2 2 2 2 2 2 2 2 2 2 2 2 2 2 2 2 2 2 2 2 2 2 2 2 2 2 2 2 2 2 2 2 2 2 2 2 2 2 2 2 2 2 2 2 2 2 2 2 2 2 2 2 2 2 2 2 2 2 2 2 2 2 2 2 2 2 2 2 2 2 2 2 2 2 2 2 2 2 2 2 2 2 2 2 2 2 2 2 2 2 2 2 2 2 2 2 2 2 2 2 2 2 2 2 2 2 2 2 2 2 2 2 2 2 2 2 2 2 2 2 2 2 2 2 2 2 2 2 2 2 2 2 2 2 2 2 2 2 2 2 2 2 2 2 2 2 2 2 2 2 2 2 2 2 2 2 2 2 2 2 2 2 2 2 2 2 2 2 2 2 2 2 2 2 2 2 2 2 2 2 2 2 2 2 2 2 2 2 2 2 2 2 2 2 2 2 2 2 2 2 2 2 2 2 2 2 2 2 2 2 2 2 2 2 2 2 2 2 2 2 2 2 2 2 2 2 2 2 2 2 2 2 2 2 2 2 2 2 2 2 2 2 2 2 2 2 2 2 2 2 2 2 2 2 2 2 2 2 2 2 2 2 2 2 2 2 2 2 2 2 2 2 2 2 2 2 2 2 2 2 2 2 2 2 2 2 2 2 2 2 2 2 2 2 2 2 2 2 2 2 2 2 2 2 2 2 2 2 2 2 2 2 2 2 2 2 2 2 2 2 2 2 2 2 2 2 2 2 2 2 2 2 2 2 2 2 2 2 2 2 2 2 2 2 2 2 2 2 2 2 2 2 2 2 2 2 2 2 2 2 2 2 2 2 2 2 2 2 2 2 2 2 2 2 2 2 2 2 2 2 2 </vcount>
          <v>0 0 1 1 0 2 1 3 0 4 1 5 0 6 1 7 0 8 1 9 0 10 1 11 0 12 1 13 0 14 1 15 0 16 1 17 0 18 1 19 0 20 1 21 0 22 1 23 0 24 1 25 0 26 1 27 0 28 1 29 0 30 1 31 0 32 1 33 0 34 1 35 0 36 1 37 0 38 1 39 0 40 1 41 0 42 1 43 0 44 1 45 0 46 1 47 0 48 1 49 0 50 1 51 0 52 1 53 0 54 1 55 0 56 1 57 0 58 1 59 0 60 1 61 0 62 1 63 0 64 1 65 0 66 1 67 0 68 1 69 0 70 1 71 0 72 1 73 0 74 1 75 0 76 1 77 0 78 1 79 0 80 1 81 0 82 1 83 0 84 1 85 0 86 1 87 0 88 1 89 0 90 1 91 0 92 1 93 0 94 1 95 0 96 1 97 0 98 1 99 0 100 1 101 0 102 1 103 0 104 1 105 0 106 1 107 0 108 1 109 0 110 1 111 0 112 1 113 0 114 1 115 0 116 1 117 0 118 1 119 0 120 1 121 0 122 1 123 0 124 1 125 0 126 1 127 0 128 1 129 0 130 1 131 0 132 1 133 0 134 1 135 0 136 1 137 0 138 1 139 0 140 1 141 0 142 1 143 0 144 1 145 0 146 1 147 0 148 1 149 0 150 1 151 0 152 1 153 0 154 1 155 0 156 1 157 0 158 1 159 0 160 1 161 0 162 1 163 0 164 1 165 0 166 1 167 0 168 1 169 0 170 1 171 0 172 1 173 0 174 1 175 0 176 1 177 0 178 1 179 0 180 1 181 0 182 1 183 0 184 1 185 0 186 1 187 0 188 1 189 0 190 1 191 0 192 1 193 0 194 1 195 0 196 1 197 0 198 1 199 0 200 1 201 0 202 1 203 0 204 1 205 0 206 1 207 0 208 1 209 0 210 1 211 0 212 1 213 0 214 1 215 0 216 1 217 0 218 1 219 0 220 1 221 0 222 1 223 0 224 1 225 0 226 1 227 0 228 1 229 0 230 1 231 0 232 1 233 0 234 1 235 0 236 1 237 0 238 1 239 0 240 1 241 0 242 1 243 0 244 1 245 0 246 1 247 0 248 1 249 0 250 1 251 0 252 1 253 0 254 1 255 0 256 1 257 0 258 1 259 0 260 1 261 0 262 1 263 0 264 1 265 0 266 1 267 0 268 1 269 0 270 1 271 0 272 1 273 0 274 1 275 0 276 1 277 0 278 1 279 0 280 1 281 0 282 1 283 0 284 1 285 0 286 1 287 0 288 1 289 0 290 1 291 0 292 1 293 0 294 1 295 0 296 1 297 0 298 1 299 0 300 1 301 0 302 1 303 0 304 1 305 0 306 1 307 0 308 1 309 0 310 1 311 0 312 1 313 0 314 1 315 0 316 1 317 0 318 1 319 0 320 1 321 0 322 1 323 0 324 1 325 0 326 1 327 0 328 1 329 0 330 1 331 0 332 1 333 0 334 1 335 0 336 1 337 0 338 1 339 0 340 1 341 0 342 1 343 0 344 1 345 0 346 1 347 0 348 1 349 0 350 1 351 0 352 1 353 0 354 1 355 0 356 1 357 0 358 1 359 0 360 1 361 0 362 1 363 0 364 1 365 0 366 1 367 0 368 1 369 0 370 1 371 0 372 1 373 0 374 1 375 0 376 1 377 0 378 1 379 0 380 1 381 0 382 1 383 0 384 1 385 0 386 1 387 0 388 1 389 0 390 1 391 0 392 1 393 0 394 1 395 0 396 1 397 0 398 1 399 0 400 1 401 0 402 1 403 0 404 1 405 0 406 1 407 0 408 1 409 0 410 1 411 0 412 1 413 0 414 1 415 0 416 1 417 0 418 1 419 0 420 1 421 0 422 1 423 0 424 1 425 0 426 1 427 0 428 1 429 0 430 1 431 0 432 1 433 0 434 1 435 0 436 1 437 0 438 1 439 0 440 1 441 0 442 1 443 0 444 1 445 0 446 1 447 0 448 1 449 0 450 1 451 0 452 1 453 0 454 1 455 0 456 1 457 0 458 1 459 0 460 1 461 0 462 1 463 0 464 1 465 0 466 1 467 0 468 1 469 0 470 1 471 0 472 1 473 0 474 1 475 0 476 1 477 0 478 1 479 0 480 1 481 0 482 1 483 0 484 1 485 0 486 1 487 0 488 1 489 0 490 1 491 0 492 1 493 0 494 1 495 0 496 1 497 0 498 1 499 0 500 1 501 0 502 1 503 0 504 1 505 0 506 1 507 0 508 1 509 0 510 1 511 0 512 1 513 0 514 1 515 0 516 1 517 0 518 1 519 0 520 1 521 0 522 1 523 0 524 1 525 0 526 1 527 0 528 1 529 0 530 1 531 0 532 1 533 0 534 1 535 0 536 1 537 0 538 1 539 0 540 1 541 0 542 1 543 0 544 1 545 0 546 1 547 0 548 1 549 0 550 1 551 0 552 1 553 0 554 1 555 0 556 1 557 0 558 1 559 0 560 1 561 0 562 1 563 0 564 1 565 0 566 1 567 0 568 1 569 0 570 1 571 0 572 1 573 0 574 1 575 0 576 1 577 0 578 1 579 0 580 1 581 0 582 1 583 0 584 1 585 0 586 1 587 0 588 1 589 0 590 1 591 0 592 1 593 0 594 1 595 0 596 1 597 0 598 1 599 0 600 1 601 0 602 1 603 0 604 1 605 0 606 1 607 0 608 1 609 0 610 1 611 0 612 1 613 0 614 1 615 0 616 1 617 0 618 1 619 0 620 1 621 0 622 1 623 0 624 1 625 0 626 1 627 0 628 1 629 0 630 1 631 0 632 1 633 0 634 1 635 0 636 1 637 0 638 1 639 0 640 1 641 0 642 1 643 0 644 1 645 0 646 1 647 0 648 1 649 0 650 1 651 0 652 1 653 0 654 1 655 0 656 1 657 0 658 1 659 0 660 1 661 0 662 1 663 0 664 1 665 0 666 1 667 0 668 1 669 0 670 1 671 0 672 1 673 0 674 1 675 0 676 1 677 0 678 1 679 0 680 1 681 0 682 1 683 0 684 1 685 0 686 1 687 0 688 1 689 0 690 1 691 0 692 1 693 0 694 1 695 0 696 1 697 0 698 1 699 0 700 1 701 0 702 1 703 0 704 1 705 0 706 1 707 0 708 1 709 0 710 1 711 0 712 1 713 0 714 1 715 0 716 1 717 0 718 1 719 0 720 1 721 0 722 1 723 0 724 1 725 0 726 1 727 0 728 1 729 0 730 1 731 0 732 1 733 0 734 1 735 0 736 1 737 0 738 1 739 0 740 1 741 0 742 1 743 0 744 1 745 0 746 1 747 0 748 1 749 0 750 1 751 0 752 1 753 0 754 1 755 0 756 1 757 0 758 1 759 0 760 1 761 0 762 1 763 0 764 1 765 0 766 1 767 0 768 1 769 0 770 1 771 0 772 1 773 0 774 1 775 0 776 1 777 0 778 1 779 0 780 1 781 0 782 1 783 0 784 1 785 0 786 1 787 0 788 1 789 0 790 1 791 0 792 1 793 0 794 1 795 0 796 1 797 0 798 1 799 0 800 1 801 0 802 1 803 0 804 1 805 0 806 1 807 0 808 1 809 0 810 1 811 0 812 1 813 0 814 1 815 0 816 1 817 0 818 1 819 0 820 1 821 0 822 1 823 0 824 1 825 0 826 1 827 0 828 1 829 0 830 1 831 0 832 1 833 0 834 1 835 0 836 1 837 0 838 1 839 0 840 1 841 0 842 1 843 0 844 1 845 0 846 1 847 0 848 1 849 0 850 1 851 0 852 1 853 0 854 1 855 0 856 1 857 0 858 1 859 0 860 1 861 0 862 1 863 0 864 1 865 0 866 1 867 0 868 1 869 0 870 1 871 0 872 1 873 0 874 1 875 0 876 1 877 0 878 1 879 0 880 1 881 0 882 1 883 0 884 1 885 0 886 1 887 0 888 1 889 0 890 1 891 0 892 1 893 0 894 1 895 0 896 1 897 0 898 1 899 0 900 1 901 0 902 1 903 0 904 1 905 0 906 1 907 0 908 1 909 0 910 1 911 0 912 1 913 0 914 1 915 0 916 1 917 0 918 1 919 0 920 1 921 0 922 1 923 0 924 1 925 0 926 1 927 0 928 1 929 0 930 1 931 0 932 1 933 0 934 1 935 0 936 1 937 0 938 1 939 0 940 1 941 0 942 1 943 0 944 1 945 0 946 1 947 0 948 1 949 0 950 1 951 0 952 1 953 0 954 1 955 0 956 1 957 0 958 1 959 0 960 1 961 0 962 1 963 0 964 1 965 0 966 1 967 0 968 1 969 0 970 1 971 0 972 1 973 0 974 1 975 0 976 1 977 0 978 1 979 0 980 1 981 0 982 1 983 0 984 1 985 0 986 1 987 0 988 1 989 0 990 1 991 0 992 1 993 0 994 1 995 0 996 1 997 0 998 1 999 0 1000 1 1001 0 1002 1 1003 0 1004 1 1005 0 1006 1 1007 0 1008 1 1009 0 1010 1 1011 0 1012 1 1013 0 1014 1 1015 0 1016 1 1017 0 1018 1 1019 0 1020 1 1021 0 1022 1 1023 0 1024 1 1025 0 1026 1 1027 0 1028 1 1029 0 1030 1 1031 0 1032 1 1033 0 1034 1 1035 0 1036 1 1037 0 1038 1 1039 0 1040 1 1041 0 1042 1 1043 0 1044 1 1045 0 1046 1 1047 0 1048 1 1049 0 1050 1 1051 0 1052 1 1053 0 1054 1 1055 0 1056 1 1057 0 1058 1 1059 0 1060 1 1061 0 1062 1 1063 0 1064 1 1065 0 1066 1 1067 0 1068 1 1069 0 1070 1 1071 0 1072 1 1073 0 1074 1 1075 0 1076 1 1077 0 1078 1 1079 0 1080 1 1081 0 1082 1 1083 0 1084 1 1085 0 1086 1 1087 0 1088 1 1089 0 1090 1 1091 0 1092 1 1093 0 1094 1 1095 0 1096 1 1097 0 1098 1 1099 0 1100 1 1101 0 1102 1 1103 0 1104 1 1105 0 1106 1 1107 0 1108 1 1109 0 1110 1 1111 0 1112 1 1113 0 1114 1 1115 0 1116 1 1117 0 1118 1 1119 0 1120 1 1121 0 1122 1 1123 0 1124 1 1125 0 1126 1 1127 0 1128 1 1129 0 1130 1 1131 0 1132 1 1133 0 1134 1 1135 0 1136 1 1137 0 1138 1 1139 0 1140 1 1141 0 1142 1 1143 0 1144 1 1145 0 1146 1 1147 0 1148 1 1149 0 1150 1 1151 0 1152 1 1153 0 1154 1 1155 0 1156 1 1157 0 1158 1 1159 0 1160 1 1161 0 1162 1 1163 0 1164 1 1165 0 1166 1 1167 0 1168 1 1169 0 1170 1 1171 0 1172 1 1173 0 1174 1 1175 0 1176 1 1177 0 1178 1 1179 0 1180 1 1181 0 1182 1 1183 0 1184 1 1185 0 1186 1 1187 0 1188 1 1189 0 1190 1 1191 0 1192 1 1193 0 1194 1 1195 0 1196 1 1197 0 1198 1 1199 0 1200 1 1201 0 1202 1 1203 0 1204 1 1205 0 1206 1 1207 0 1208 1 1209 0 1210 1 1211 0 1212 1 1213 0 1214 1 1215 0 1216 1 1217 0 1218 1 1219 0 1220 1 1221 0 1222 1 1223 0 1224 1 1225 0 1226 1 1227 0 1228 1 1229 0 1230 1 1231 0 1232 1 1233 0 1234 1 1235 0 1236 1 1237 0 1238 1 1239 0 1240 1 1241 0 1242 1 1243 0 1244 1 1245 0 1246 1 1247 0 1248 1 1249 0 1250 1 1251 0 1252 1 1253 0 1254 1 1255 0 1256 1 1257 0 1258 1 1259 0 1260 1 1261 0 1262 1 1263 0 1264 1 1265 0 1266 1 1267 0 1268 1 1269 0 1270 1 1271 0 1272 1 1273 0 1274 1 1275 0 1276 1 1277 0 1278 1 1279 0 1280 1 1281 0 1282 1 1283 0 1284 1 1285 0 1286 1 1287 0 1288 1 1289 0 1290 1 1291 0 1292 1 1293 0 1294 1 1295 0 1296 1 1297 0 1298 1 1299 0 1300 1 1301 0 1302 1 1303 0 1304 1 1305 0 1306 1 1307 0 1308 1 1309 0 1310 1 1311 0 1312 1 1313 0 1314 1 1315 0 1316 1 1317 0 1318 1 1319 0 1320 1 1321 0 1322 1 1323 0 1324 1 1325 0 1326 1 1327 0 1328 1 1329 0 1330 1 1331 0 1332 1 1333 0 1334 1 1335 0 1336 1 1337 0 1338 1 1339 0 1340 1 1341 0 1342 1 1343 0 1344 1 1345 0 1346 1 1347 0 1348 1 1349 0 1350 1 1351 0 1352 1 1353 0 1354 1 1355 0 1356 1 1357 0 1358 1 1359 0 1360 1 1361 0 1362 1 1363 0 1364 1 1365 0 1366 1 1367 0 1368 1 1369 0 1370 1 1371 0 1372 1 1373 0 1374 1 1375 0 1376 1 1377 0 1378 1 1379 0 1380 1 1381 0 1382 1 1383 0 1384 1 1385 0 1386 1 1387 0 1388 1 1389 0 1390 1 1391 0 1392 1 1393 0 1394 1 1395 0 1396 1 1397 0 1398 1 1399 0 1400 1 1401 0 1402 1 1403 0 1404 1 1405 0 1406 1 1407 0 1408 1 1409 0 1410 1 1411 0 1412 1 1413 0 1414 1 1415 0 1416 1 1417 0 1418 1 1419 0 1420 1 1421 0 1422 1 1423 0 1424 1 1425 0 1426 1 1427 0 1428 1 1429 0 1430 1 1431 0 1432 1 1433 0 1434 1 1435 0 1436 1 1437 0 1438 1 1439 0 1440 1 1441 0 1442 1 1443 0 1444 1 1445 0 1446 1 1447 0 1448 1 1449 0 1450 1 1451 0 1452 1 1453 0 1454 1 1455 0 1456 1 1457 0 1458 1 1459 0 1460 1 1461 0 1462 1 1463 0 1464 1 1465 0 1466 1 1467 0 1468 1 1469 0 1470 1 1471 0 1472 1 1473 0 1474 1 1475 0 1476 1 1477 0 1478 1 1479 0 1480 1 1481 0 1482 1 1483 0 1484 1 1485 0 1486 1 1487 0 1488 1 1489 0 1490 1 1491 0 1492 1 1493 0 1494 1 1495 0 1496 1 1497 0 1498 1 1499 0 1500 1 1501 0 1502 1 1503 0 1504 1 1505 0 1506 1 1507 0 1508 1 1509 0 1510 1 1511 0 1512 1 1513 0 1514 1 1515 0 1516 1 1517 0 1518 1 1519 0 1520 1 1521 0 1522 1 1523 0 1524 1 1525 0 1526 1 1527 0 1528 1 1529 0 1530 1 1531 0 1532 1 1533 0 1534 1 1535 0 1536 1 1537 0 1538 1 1539 0 1540 1 1541 0 1542 1 1543 0 1544 1 1545 0 1546 1 1547 0 1548 1 1549 0 1550 1 1551 0 1552 1 1553 0 1554 1 1555 0 1556 1 1557 0 1558 1 1559 0 1560 1 1561 0 1562 1 1563 0 1564 1 1565 0 1566 1 1567 0 1568 1 1569 0 1570 1 1571 0 1572 1 1573 0 1574 1 1575 0 1576 1 1577 0 1578 1 1579 0 1580 1 1581 0 1582 1 1583 0 1584 1 1585 0 1586 1 1587 0 1588 1 1589 0 1590 1 1591 0 1592 1 1593 0 1594 1 1595 0 1596 1 1597 0 1598 1 1599 0 1600 1 1601 0 1602 1 1603 0 1604 1 1605 0 1606 1 1607 0 1608 1 1609 0 1610 1 1611 0 1612 1 1613 0 1614 1 1615 0 1616 1 1617 0 1618 1 1619 0 1620 1 1621 0 1622 1 1623 0 1624 1 1625 0 1626 1 1627 0 1628 1 1629 0 1630 1 1631 0 1632 1 1633 0 1634 1 1635 0 1636 1 1637 0 1638 1 1639 0 1640 1 1641 0 1642 1 1643 0 1644 1 1645 0 1646 1 1647 0 1648 1 1649 0 1650 1 1651 0 1652 1 1653 0 1654 1 1655 0 1656 1 1657 0 1658 1 1659 0 1660 1 1661 0 1662 1 1663 0 1664 1 1665 0 1666 1 1667 0 1668 1 1669 0 1670 1 1671 0 1672 1 1673 0 1674 1 1675 0 1676 1 1677 0 1678 1 1679 0 1680 1 1681 0 1682 1 1683 0 1684 1 1685 0 1686 1 1687 0 1688 1 1689 0 1690 1 1691 0 1692 1 1693 0 1694 1 1695 0 1696 1 1697 0 1698 1 1699 0 1700 1 1701 0 1702 1 1703 0 1704 1 1705 0 1706 1 1707 0 1708 1 1709 0 1710 1 1711 0 1712 1 1713 0 1714 1 1715 0 1716 1 1717 0 1718 1 1719 0 1720 1 1721 0 1722 1 1723 0 1724 1 1725 0 1726 1 1727 0 1728 1 1729 0 1730 1 1731 0 1732 1 1733 0 1734 1 1735 0 1736 1 1737 0 1738 1 1739 0 1740 1 1741 0 1742 1 1743 0 1744 1 1745 0 1746 1 1747 0 1748 1 1749 0 1750 1 1751 0 1752 1 1753 0 1754 1 1755 0 1756 1 1757 0 1758 1 1759 0 1760 1 1761 0 1762 1 1763 0 1764 1 1765 0 1766 1 1767 0 1768 1 1769 0 1770 1 1771 0 1772 1 1773 0 1774 1 1775 0 1776 1 1777 0 1778 1 1779 0 1780 1 1781 0 1782 1 1783 0 1784 1 1785 0 1786 1 1787 0 1788 1 1789 0 1790 1 1791 0 1792 1 1793 0 1794 1 1795 0 1796 1 1797 0 1798 1 1799 0 1800 1 1801 0 1802 1 1803 0 1804 1 1805 0 1806 1 1807 0 1808 1 1809 0 1810 1 1811 0 1812 1 1813 0 1814 1 1815 0 1816 1 1817 0 1818 1 1819 0 1820 1 1821 0 1822 1 1823 0 1824 1 1825 0 1826 1 1827 0 1828 1 1829 0 1830 1 1831 0 1832 1 1833 0 1834 1 1835 0 1836 1 1837 0 1838 1 1839 0 1840 1 1841 0 1842 1 1843 0 1844 1 1845 0 1846 1 1847 0 1848 1 1849 0 1850 1 1851 0 1852 1 1853 0 1854 1 1855 0 1856 1 1857 0 1858 1 1859 0 1860 1 1861 0 1862 1 1863 0 1864 1 1865 0 1866 1 1867 0 1868 1 1869 0 1870 1 1871 0 1872 1 1873 0 1874 1 1875 0 1876 1 1877 0 1878 1 1879 0 1880 1 1881 0 1882 1 1883 0 1884 1 1885 0 1886 1 1887 0 1888 1 1889 0 1890 1 1891 0 1892 1 1893 0 1894 1 1895 0 1896 1 1897 0 1898 1 1899 0 1900 1 1901 0 1902 1 1903 0 1904 1 1905 0 1906 1 1907 0 1908 1 1909 0 1910 1 1911 0 1912 1 1913 0 1914 1 1915 0 1916 1 1917 0 1918 1 1919 0 1920 1 1921 0 1922 1 1923 0 1924 1 1925 0 1926 1 1927 0 1928 1 1929 0 1930 1 1931 0 1932 1 1933 0 1934 1 1935 0 1936 1 1937 0 1938 1 1939 0 1940 1 1941 0 1942 1 1943 0 1944 1 1945 0 1946 1 1947 0 1948 1 1949 0 1950 1 1951 0 1952 1 1953 0 1954 1 1955 0 1956 1 1957 0 1958 1 1959 0 1960 1 1961 0 1962 1 1963 0 1964 1 1965 0 1966 1 1967 0 1968 1 1969 0 1970 1 1971 0 1972 1 1973 0 1974 1 1975 0 1976 1 1977 0 1978 1 1979 0 1980 1 1981 0 1982 1 1983 0 1984 1 1985 0 1986 1 1987 0 1988 1 1989 0 1990 1 1991 0 1992 1 1993 0 1994 1 1995 0 1996 1 1997 0 1998 1 1999 0 2000 1 2001 0 2002 1 2003 0 2004 1 2005 0 2006 1 2007 0 2008 1 2009 0 2010 1 2011 0 2012 1 2013 0 2014 1 2015 0 2016 1 2017 0 2018 1 2019 0 2020 1 2021 0 2022 1 2023 0 2024 1 2025 0 2026 1 2027 0 2028 1 2029 0 2030 1 2031 0 2032 1 2033 0 2034 1 2035 0 2036 1 2037 0 2038 1 2039 0 2040 1 2041 0 2042 1 2043 0 2044 1 2045 0 2046 1 2047 0 2048 1 2049 0 2050 1 2051 0 2052 1 2053 0 2054 1 2055 0 2056 1 2057 0 2058 1 2059 0 2060 1 2061 0 2062 1 2063 0 2064 1 2065 0 2066 1 2067 0 2068 1 2069 0 2070 1 2071 0 2072 1 2073 0 2074 1 2075 0 2076 1 2077 0 2078 1 2079 0 2080 1 2081 0 2082 1 2083 0 2084 1 2085 0 2086 1 2087 0 2088 1 2089 0 2090 1 2091 0 2092 1 2093 0 2094 1 2095 0 2096 1 2097 0 2098 1 2099 0 2100 1 2101 0 2102 1 2103 0 2104 1 2105 0 2106 1 2107 0 2108 1 2109 0 2110 1 2111 0 2112 1 2113 0 2114 1 2115 0 2116 1 2117 0 2118 1 2119 0 2120 1 2121 0 2122 1 2123 0 2124 1 2125 0 2126 1 2127 0 2128 1 2129 0 2130 1 2131 0 2132 1 2133 0 2134 1 2135 0 2136 1 2137 0 2138 1 2139 0 2140 1 2141 0 2142 1 2143 0 2144 1 2145 0 2146 1 2147 0 2148 1 2149 0 2150 1 2151 0 2152 1 2153 0 2154 1 2155 0 2156 1 2157 0 2158 1 2159 0 2160 1 2161 0 2162 1 2163 0 2164 1 2165 0 2166 1 2167 0 2168 1 2169 0 2170 1 2171 0 2172 1 2173 0 2174 1 2175 0 2176 1 2177 0 2178 1 2179 0 2180 1 2181 0 2182 1 2183 0 2184 1 2185 0 2186 1 2187 0 2188 1 2189 0 2190 1 2191 0 2192 1 2193 0 2194 1 2195 0 2196 1 2197 0 2198 1 2199 0 2200 1 2201 0 2202 1 2203 0 2204 1 2205 0 2206 1 2207 0 2208 1 2209 0 2210 1 2211 0 2212 1 2213 0 2214 1 2215 0 2216 1 2217 0 2218 1 2219 0 2220 1 2221 0 2222 1 2223 0 2224 1 2225 0 2226 1 2227 0 2228 1 2229 0 2230 1 2231 0 2232 1 2233 0 2234 1 2235 0 2236 1 2237 0 2238 1 2239 0 2240 1 2241 0 2242 1 2243 0 2244 1 2245 0 2246 1 2247 0 2248 1 2249 0 2250 1 2251 0 2252 1 2253 0 2254 1 2255 0 2256 1 2257 0 2258 1 2259 0 2260 1 2261 0 2262 1 2263 0 2264 1 2265 0 2266 1 2267 0 2268 1 2269 0 2270 1 2271 0 2272 1 2273 0 2274 1 2275 0 2276 1 2277 0 2278 1 2279 0 2280 1 2281 0 2282 1 2283 0 2284 1 2285 0 2286 1 2287 0 2288 1 2289 0 2290 1 2291 0 2292 1 2293 0 2294 1 2295 0 2296 1 2297 0 2298 1 2299 0 2300 1 2301 0 2302 1 2303 0 2304 1 2305 0 2306 1 2307 0 2308 1 2309 0 2310 1 2311 0 2312 1 2313 0 2314 1 2315 0 2316 1 2317 0 2318 1 2319 0 2320 1 2321 0 2322 1 2323 0 2324 1 2325 0 2326 1 2327 0 2328 1 2329 0 2330 1 2331 0 2332 1 2333 0 2334 1 2335 0 2336 1 2337 0 2338 1 2339 0 2340 1 2341 0 2342 1 2343 0 2344 1 2345 0 2346 1 2347 0 2348 1 2349 0 2350 1 2351 0 2352 1 2353 0 2354 1 2355 0 2356 1 2357 0 2358 1 2359 0 2360 1 2361 0 2362 1 2363 0 2364 1 2365 0 2366 1 2367 0 2368 1 2369 0 2370 1 2371 0 2372 1 2373 0 2374 1 2375 0 2376 1 2377 0 2378 1 2379 0 2380 1 2381 0 2382 1 2383 0 2384 1 2385 0 2386 1 2387 0 2388 1 2389 0 2390 1 2391 0 2392 1 2393 0 2394 1 2395 0 2396 1 2397 0 2398 1 2399 0 2400 1 2401 0 2402 1 2403 0 2404 1 2405 0 2406 1 2407 0 2408 1 2409 0 2410 1 2411 0 2412 1 2413 0 2414 1 2415 0 2416 1 2417 0 2418 1 2419 0 2420 1 2421 0 2422 1 2423 0 2424 1 2425 0 2426 1 2427 0 2428 1 2429 0 2430 1 2431 0 2432 1 2433 0 2434 1 2435 0 2436 1 2437 0 2438 1 2439 0 2440 1 2441 0 2442 1 2443 0 2444 1 2445 0 2446 1 2447 0 2448 1 2449 0 2450 1 2451 0 2452 1 2453 0 2454 1 2455 0 2456 1 2457 0 2458 1 2459 0 2460 1 2461 0 2462 1 2463 0 2464 1 2465 0 2466 1 2467 0 2468 1 2469 0 2470 1 2471 0 2472 1 2473 0 2474 1 2475 0 2476 1 2477 0 2478 1 2479 0 2480 1 2481 0 2482 1 2483 0 2484 1 2485 0 2486 1 2487 0 2488 1 2489 0 2490 1 2491 0 2492 1 2493 0 2494 1 2495 0 2496 1 2497 0 2498 1 2499 0 2500 1 2501 0 2502 1 2503 0 2504 1 2505 0 2506 1 2507 0 2508 1 2509 0 2510 1 2511 0 2512 1 2513 0 2514 1 2515 0 2516 1 2517 0 2518 1 2519 0 2520 1 2521 0 2522 1 2523 0 2524 1 2525 0 2526 1 2527 0 2528 1 2529 0 2530 1 2531 0 2532 1 2533 0 2534 1 2535 0 2536 1 2537 0 2538 1 2539 0 2540 1 2541 0 2542 1 2543 0 2544 1 2545 0 2546 1 2547 0 2548 1 2549 0 2550 1 2551 0 2552 1 2553 0 2554 1 2555 0 2556 1 2557 0 2558 1 2559 0 2560 1 2561 0 2562 1 2563 0 2564 1 2565 0 2566 1 2567 0 2568 1 2569 0 2570 1 2571 0 2572 1 2573 0 2574 1 2575 0 2576 1 2577 0 2578 1 2579 0 2580 1 2581 0 2582 1 2583 0 2584 1 2585 0 2586 1 2587 0 2588 1 2589 0 2590 1 2591 0 2592 1 2593 0 2594 1 2595 0 2596 1 2597 0 2598 1 2599 0 2600 1 2601 0 2602 1 2603 0 2604 1 2605 0 2606 1 2607 0 2608 1 2609 0 2610 1 2611 0 2612 1 2613 0 2614 1 2615 0 2616 1 2617 0 2618 1 2619 0 2620 1 2621 0 2622 1 2623 0 2624 1 2625 0 2626 1 2627 0 2628 1 2629 0 2630 1 2631 0 2632 1 2633 0 2634 1 2635 0 2636 1 2637 0 2638 1 2639 0 2640 1 2641 0 2642 1 2643 0 2644 1 2645 0 2646 1 2647 0 2648 1 2649 0 2650 1 2651 0 2652 1 2653 0 2654 1 2655 0 2656 1 2657 0 2658 1 2659 0 2660 1 2661 0 2662 1 2663 0 2664 1 2665 0 2666 1 2667 0 2668 1 2669 0 2670 1 2671 0 2672 1 2673 0 2674 1 2675 0 2676 1 2677 0 2678 1 2679 0 2680 1 2681 0 2682 1 2683 0 2684 1 2685 0 2686 1 2687 0 2688 1 2689 0 2690 1 2691 0 2692 1 2693 0 2694 1 2695 0 2696 1 2697 0 2698 1 2699 0 2700 1 2701 0 2702 1 2703 0 2704 1 2705 0 2706 1 2707 0 2708 1 2709 0 2710 1 2711 0 2712 1 2713 0 2714 1 2715 0 2716 1 2717 0 2718 1 2719 0 2720 1 2721 0 2722 1 2723 0 2724 1 2725 0 2726 1 2727 0 2728 1 2729 0 2730 1 2731 0 2732 1 2733 0 2734 1 2735 0 2736 1 2737 0 2738 1 2739 0 2740 1 2741 0 2742 1 2743 0 2744 1 2745 0 2746 1 2747 0 2748 1 2749 0 2750 1 2751 0 2752 1 2753 0 2754 1 2755 0 2756 1 2757 0 2758 1 2759 0 2760 1 2761 0 2762 1 2763 0 2764 1 2765 0 2766 1 2767 0 2768 1 2769 0 2770 1 2771 0 2772 1 2773 0 2774 1 2775 0 2776 1 2777 0 2778 1 2779 0 2780 1 2781 0 2782 1 2783 0 2784 1 2785 0 2786 1 2787 0 2788 1 2789 0 2790 1 2791 0 2792 1 2793 0 2794 1 2795 0 2796 1 2797 0 2798 1 2799 0 2800 1 2801 0 2802 1 2803 0 2804 1 2805 0 2806 1 2807 0 2808 1 2809 0 2810 1 2811 0 2812 1 2813 0 2814 1 2815 0 2816 1 2817 0 2818 1 2819 0 2820 1 2821 0 2822 1 2823 0 2824 1 2825 0 2826 1 2827 0 2828 1 2829 0 2830 1 2831 0 2832 1 2833 0 2834 1 2835 0 2836 1 2837 0 2838 1 2839 0 2840 1 2841 0 2842 1 2843 0 2844 1 2845 0 2846 1 2847 0 2848 1 2849 0 2850 1 2851 0 2852 1 2853 0 2854 1 2855 0 2856 1 2857 0 2858 1 2859 0 2860 1 2861 0 2862 1 2863 0 2864 1 2865 0 2866 1 2867 0 2868 1 2869 0 2870 1 2871 0 2872 1 2873 0 2874 1 2875 0 2876 1 2877 0 2878 1 2879 0 2880 1 2881 0 2882 1 2883 0 2884 1 2885 0 2886 1 2887 0 2888 1 2889 0 2890 1 2891 0 2892 1 2893 0 2894 1 2895 0 2896 1 2897 0 2898 1 2899 0 2900 1 2901 0 2902 1 2903 0 2904 1 2905 0 2906 1 2907 0 2908 1 2909 0 2910 1 2911 0 2912 1 2913 0 2914 1 2915 0 2916 1 2917 0 2918 1 2919 0 2920 1 2921 0 2922 1 2923 0 2924 1 2925 0 2926 1 2927 0 2928 1 2929 0 2930 1 2931 0 2932 1 2933 0 2934 1 2935 0 2936 1 2937 0 2938 1 2939 0 2940 1 2941 0 2942 1 2943 0 2944 1 2945 0 2946 1 2947 0 2948 1 2949 0 2950 1 2951 0 2952 1 2953 0 2954 1 2955 0 2956 1 2957 0 2958 1 2959 0 2960 1 2961 0 2962 1 2963 0 2964 1 2965 0 2966 1 2967 0 2968 1 2969 0 2970 1 2971 0 2972 1 2973 0 2974 1 2975 0 2976 1 2977 0 2978 1 2979 0 2980 1 2981 0 2982 1 2983 0 2984 1 2985 0 2986 1 2987 0 2988 1 2989 0 2990 1 2991 0 2992 1 2993 0 2994 1 2995 0 2996 1 2997 0 2998 1 2999 0 3000 1 3001 0 3002 1 3003 0 3004 1 3005 0 3006 1 3007 0 3008 1 3009 0 3010 1 3011 0 3012 1 3013 0 3014 1 3015 0 3016 1 3017 0 3018 1 3019 0 3020 1 3021 0 3022 1 3023 0 3024 1 3025 0 3026 1 3027 0 3028 1 3029 0 3030 1 3031 0 3032 1 3033 0 3034 1 3035 0 3036 1 3037 0 3038 1 3039 0 3040 1 3041 0 3042 1 3043 0 3044 1 3045 0 3046 1 3047 0 3048 1 3049 0 3050 1 3051 0 3052 1 3053 0 3054 1 3055 0 3056 1 3057 0 3058 1 3059 0 3060 1 3061 0 3062 1 3063 0 3064 1 3065 0 3066 1 3067 0 3068 1 3069 0 3070 1 3071 0 3072 1 3073 0 3074 1 3075 0 3076 1 3077 0 3078 1 3079 0 3080 1 3081 0 3082 1 3083 0 3084 1 3085 0 3086 1 3087 0 3088 1 3089 0 3090 1 3091 0 3092 1 3093 0 3094 1 3095 0 3096 1 3097 0 3098 1 3099 0 3100 1 3101 0 3102 1 3103 0 3104 1 3105 0 3106 1 3107 0 3108 1 3109 0 3110 1 3111 0 3112 1 3113 0 3114 1 3115 0 3116 1 3117 0 3118 1 3119 0 3120 1 3121 0 3122 1 3123 0 3124 1 3125 0 3126 1 3127 0 3128 1 3129 0 3130 1 3131 0 3132 1 3133 0 3134 1 3135 0 3136 1 3137 0 3138 1 3139 0 3140 1 3141 0 3142 1 3143 0 3144 1 3145 0 3146 1 3147 0 3148 1 3149 0 3150 1 3151 0 3152 1 3153 0 3154 1 3155 0 3156 1 3157 0 3158 1 3159 0 3160 1 3161 0 3162 1 3163 0 3164 1 3165 0 3166 1 3167 0 3168 1 3169 0 3170 1 3171 0 3172 1 3173 0 3174 1 3175 0 3176 1 3177 0 3178 1 3179 0 3180 1 3181 0 3182 1 3183 0 3184 1 3185 0 3186 1 3187 0 3188 1 3189 0 3190 1 3191 0 3192 1 3193 0 3194 1 3195 0 3196 1 3197 0 3198 1 3199 0 3200 1 3201 0 3202 1 3203 0 3204 1 3205 0 3206 1 3207 0 3208 1 3209 0 3210 1 3211 0 3212 1 3213 0 3214 1 3215 0 3216 1 3217 0 3218 1 3219 0 3220 1 3221 0 3222 1 3223 0 3224 1 3225 0 3226 1 3227 0 3228 1 3229 0 3230 1 3231 0 3232 1 3233 0 3234 1 3235 0 3236 1 3237 0 3238 1 3239 0 3240 1 3241 0 3242 1 3243 0 3244 1 3245 0 3246 1 3247 0 3248 1 3249 0 3250 1 3251 0 3252 1 3253 0 3254 1 3255 0 3256 1 3257 0 3258 1 3259 0 3260 1 3261 0 3262 1 3263 0 3264 1 3265 0 3266 1 3267 0 3268 1 3269 0 3270 1 3271 0 3272 1 3273 0 3274 1 3275 0 3276 1 3277 0 3278 1 3279 0 3280 1 3281 0 3282 1 3283 0 3284 1 3285 0 3286 1 3287 0 3288 1 3289 0 3290 1 3291 0 3292 1 3293 0 3294 1 3295 0 3296 1 3297 0 3298 1 3299 0 3300 1 3301 0 3302 1 3303 0 3304 1 3305 0 3306 1 3307 0 3308 1 3309 0 3310 1 3311 0 3312 1 3313 0 3314 1 3315 0 3316 1 3317 0 3318 1 3319 0 3320 1 3321 0 3322 1 3323 0 3324 1 3325 0 3326 1 3327 0 3328 1 3329 0 3330 1 3331 0 3332 1 3333 0 3334 1 3335 0 3336 1 3337 0 3338 1 3339 0 3340 1 3341 0 3342 1 3343 0 3344 1 3345 0 3346 1 3347 0 3348 1 3349 0 3350 1 3351 0 3352 1 3353 0 3354 1 3355 0 3356 1 3357 0 3358 1 3359 0 3360 1 3361 0 3362 1 3363 0 3364 1 3365 0 3366 1 3367 0 3368 1 3369 0 3370 1 3371 0 3372 1 3373 0 3374 1 3375 0 3376 1 3377 0 3378 1 3379 0 3380 1 3381 0 3382 1 3383 0 3384 1 3385 0 3386 1 3387 0 3388 1 3389 0 3390 1 3391 0 3392 1 3393 0 3394 1 3395 0 3396 1 3397 0 3398 1 3399 0 3400 1 3401 0 3402 1 3403 0 3404 1 3405 0 3406 1 3407 0 3408 1 3409 0 3410 1 3411 0 3412 1 3413 0 3414 1 3415 0 3416 1 3417 0 3418 1 3419 0 3420 1 3421 0 3422 1 3423 0 3424 1 3425 0 3426 1 3427 0 3428 1 3429 0 3430 1 3431 0 3432 1 3433 0 3434 1 3435 0 3436 1 3437 0 3438 1 3439 0 3440 1 3441 0 3442 1 3443 0 3444 1 3445 0 3446 1 3447 0 3448 1 3449 0 3450 1 3451 0 3452 1 3453 0 3454 1 3455 0 3456 1 3457 0 3458 1 3459 0 3460 1 3461 0 3462 1 3463 0 3464 1 3465 0 3466 1 3467 0 3468 1 3469 0 3470 1 3471 0 3472 1 3473 0 3474 1 3475 0 3476 1 3477 0 3478 1 3479 0 3480 1 3481 0 3482 1 3483 0 3484 1 3485 0 3486 1 3487 0 3488 1 3489 0 3490 1 3491 0 3492 1 3493 0 3494 1 3495 0 3496 1 3497 0 3498 1 3499 0 3500 1 3501 0 3502 1 3503 0 3504 1 3505 0 3506 1 3507 0 3508 1 3509 0 3510 1 3511 0 3512 1 3513 0 3514 1 3515 0 3516 1 3517 0 3518 1 3519 0 3520 1 3521 0 3522 1 3523 0 3524 1 3525 0 3526 1 3527 0 3528 1 3529 0 3530 1 3531 0 3532 1 3533 0 3534 1 3535 0 3536 1 3537 0 3538 1 3539 0 3540 1 3541 0 3542 1 3543 0 3544 1 3545 0 3546 1 3547 0 3548 1 3549 0 3550 1 3551 0 3552 1 3553 0 3554 1 3555 0 3556 1 3557 0 3558 1 3559 0 3560 1 3561 0 3562 1 3563 0 3564 1 3565 0 3566 1 3567 0 3568 1 3569 0 3570 1 3571 0 3572 1 3573 0 3574 1 3575 0 3576 1 3577 0 3578 1 3579 0 3580 1 3581 0 3582 1 3583 0 3584 1 3585 0 3586 1 3587 0 3588 1 3589 0 3590 1 3591 0 3592 1 3593 0 3594 1 3595 0 3596 1 3597 0 3598 1 3599 0 3600 1 3601 0 3602 1 3603 0 3604 1 3605 0 3606 1 3607 0 3608 1 3609 0 3610 1 3611 0 3612 1 3613 0 3614 1 3615 0 3616 1 3617 0 3618 1 3619 0 3620 1 3621 0 3622 1 3623 0 3624 1 3625 0 3626 1 3627 0 3628 1 3629 0 3630 1 3631 0 3632 1 3633 0 3634 1 3635 0 3636 1 3637 0 3638 1 3639 0 3640 1 3641 0 3642 1 3643 0 3644 1 3645 0 3646 1 3647 0 3648 1 3649 0 3650 1 3651 0 3652 1 3653 0 3654 1 3655 0 3656 1 3657 0 3658 1 3659 0 3660 1 3661 0 3662 1 3663 0 3664 1 3665 0 3666 1 3667 0 3668 1 3669 0 3670 1 3671 0 3672 1 3673 0 3674 1 3675 0 3676 1 3677 0 3678 1 3679 0 3680 1 3681 0 3682 1 3683 0 3684 1 3685 0 3686 1 3687 0 3688 1 3689 0 3690 1 3691 0 3692 1 3693 0 3694 1 3695 0 3696 1 3697 0 3698 1 3699 0 3700 1 3701 0 3702 1 3703 0 3704 1 3705 0 3706 1 3707 0 3708 1 3709 0 3710 1 3711 0 3712 1 3713 0 3714 1 3715 0 3716 1 3717 0 3718 1 3719 0 3720 1 3721 0 3722 1 3723 0 3724 1 3725 0 3726 1 3727 0 3728 1 3729 0 3730 1 3731 0 3732 1 3733 0 3734 1 3735 0 3736 1 3737 0 3738 1 3739 0 3740 1 3741 0 3742 1 3743 0 3744 1 3745 0 3746 1 3747 0 3748 1 3749 0 3750 1 3751 0 3752 1 3753 0 3754 1 3755 0 3756 1 3757 0 3758 1 3759 0 3760 1 3761 0 3762 1 3763 0 3764 1 3765 0 3766 1 3767 0 3768 1 3769 0 3770 1 3771 0 3772 1 3773 0 3774 1 3775 0 3776 1 3777 0 3778 1 3779 0 3780 1 3781 0 3782 1 3783 0 3784 1 3785 0 3786 1 3787 0 3788 1 3789 0 3790 1 3791 0 3792 1 3793 0 3794 1 3795</v>
        </vertex_weights>
      </skin>
    </controller>
  </library_controllers>
  <library_visual_scenes>
    <visual_scene id="Scene" name="Scene">
      <node id="GanondorfRig" name="GanondorfRig" type="NODE">
        <matrix sid="transform">1 0 0 0 0 1 0 0 0 0 1 0 0 0 0 1</matrix>
        <node id="GanondorfRig_mPelvis" name="mPelvis" sid="mPelvis" type="JOINT">
          <matrix sid="transform">1 0 0 0 0 1 0 0 0 0 1 1.067 0 0 0 1</matrix>
          <node id="GanondorfRig_PELVIS" name="PELVIS" sid="PELVIS" type="JOINT">
            <matrix sid="transform">1 0 0 -0.01 0 1 0 0 0 0 1 -0.01999998 0 0 0 1</matrix>
            <extra>
              <technique profile="blender">
                <layer sid="layer" type="string">0</layer>
                <roll sid="roll" type="float">0.1396263</roll>
                <tip_x sid="tip_x" type="float">0</tip_x>
                <tip_y sid="tip_y" type="float">0.02999997</tip_y>
                <tip_z sid="tip_z" type="float">0</tip_z>
              </technique>
            </extra>
          </node>
          <node id="GanondorfRig_BUTT" name="BUTT" sid="BUTT" type="JOINT">
            <matrix sid="transform">1 0 0 -0.06 0 1 0 0 0 0 1 -0.1 0 0 0 1</matrix>
            <extra>
              <technique profile="blender">
                <layer sid="layer" type="string">0</layer>
                <tip_x sid="tip_x" type="float">0</tip_x>
                <tip_y sid="tip_y" type="float">0.02999997</tip_y>
                <tip_z sid="tip_z" type="float">0</tip_z>
              </technique>
            </extra>
          </node>
          <node id="GanondorfRig_mSpine1" name="mSpine1" sid="mSpine1" type="JOINT">
            <matrix sid="transform">1 0 0 0 0 1 0 0 0 0 1 0.08399999 0 0 0 1</matrix>
            <node id="GanondorfRig_mSpine2" name="mSpine2" sid="mSpine2" type="JOINT">
              <matrix sid="transform">1 0 0 0 0 1 0 0 0 0 1 -0.08399999 0 0 0 1</matrix>
              <node id="GanondorfRig_mTorso" name="mTorso" sid="mTorso" type="JOINT">
                <matrix sid="transform">1 0 0 0 0 1 0 0 0 0 1 0.08399999 0 0 0 1</matrix>
                <node id="GanondorfRig_BELLY" name="BELLY" sid="BELLY" type="JOINT">
                  <matrix sid="transform">1 0 0 0.028 0 1 0 0 0 0 1 0.03999996 0 0 0 1</matrix>
                  <extra>
                    <technique profile="blender">
                      <layer sid="layer" type="string">0</layer>
                      <roll sid="roll" type="float">0.1396263</roll>
                      <tip_x sid="tip_x" type="float">0</tip_x>
                      <tip_y sid="tip_y" type="float">0.02999997</tip_y>
                      <tip_z sid="tip_z" type="float">0</tip_z>
                    </technique>
                  </extra>
                </node>
                <node id="GanondorfRig_LEFT_HANDLE" name="LEFT_HANDLE" sid="LEFT_HANDLE" type="JOINT">
                  <matrix sid="transform">1 0 0 0 0 1 0 0.1 0 0 1 0.05799997 0 0 0 1</matrix>
                  <extra>
                    <technique profile="blender">
                      <layer sid="layer" type="string">0</layer>
                      <tip_x sid="tip_x" type="float">0</tip_x>
                      <tip_y sid="tip_y" type="float">0.02999997</tip_y>
                      <tip_z sid="tip_z" type="float">0</tip_z>
                    </technique>
                  </extra>
                </node>
                <node id="GanondorfRig_RIGHT_HANDLE" name="RIGHT_HANDLE" sid="RIGHT_HANDLE" type="JOINT">
                  <matrix sid="transform">1 0 0 0 0 1 0 -0.09999999 0 0 1 0.05799997 0 0 0 1</matrix>
                  <extra>
                    <technique profile="blender">
                      <layer sid="layer" type="string">0</layer>
                      <tip_x sid="tip_x" type="float">0</tip_x>
                      <tip_y sid="tip_y" type="float">0.02999997</tip_y>
                      <tip_z sid="tip_z" type="float">0</tip_z>
                    </technique>
                  </extra>
                </node>
                <node id="GanondorfRig_LOWER_BACK" name="LOWER_BACK" sid="LOWER_BACK" type="JOINT">
                  <matrix sid="transform">1 0 0 0 0 1 0 0 0 0 1 0.023 0 0 0 1</matrix>
                  <extra>
                    <technique profile="blender">
                      <layer sid="layer" type="string">0</layer>
                      <tip_x sid="tip_x" type="float">0</tip_x>
                      <tip_y sid="tip_y" type="float">0.02999997</tip_y>
                      <tip_z sid="tip_z" type="float">0</tip_z>
                    </technique>
                  </extra>
                </node>
                <node id="GanondorfRig_mSpine3" name="mSpine3" sid="mSpine3" type="JOINT">
                  <matrix sid="transform">1 0 0 -0.015 0 1 0 0 0 0 1 0.2049999 0 0 0 1</matrix>
                  <node id="GanondorfRig_mSpine4" name="mSpine4" sid="mSpine4" type="JOINT">
                    <matrix sid="transform">1 0 0 0.015 0 1 0 0 0 0 1 -0.2049999 0 0 0 1</matrix>
                    <node id="GanondorfRig_mChest" name="mChest" sid="mChest" type="JOINT">
                      <matrix sid="transform">1 0 0 -0.015 0 1 0 0 0 0 1 0.2049999 0 0 0 1</matrix>
                      <node id="GanondorfRig_CHEST" name="CHEST" sid="CHEST" type="JOINT">
                        <matrix sid="transform">1 0 -1.49012e-8 0.028 0 1 0 0 1.49012e-8 0 1 0.07000005 0 0 0 1</matrix>
                        <extra>
                          <technique profile="blender">
                            <layer sid="layer" type="string">0</layer>
                            <roll sid="roll" type="float">-0.1745329</roll>
                            <tip_x sid="tip_x" type="float">0</tip_x>
                            <tip_y sid="tip_y" type="float">0.02999997</tip_y>
                            <tip_z sid="tip_z" type="float">0</tip_z>
                          </technique>
                        </extra>
                      </node>
                      <node id="GanondorfRig_LEFT_PEC" name="LEFT_PEC" sid="LEFT_PEC" type="JOINT">
                        <matrix sid="transform">1 0 0 0.119 0 1 0 0.082 0 0 1 0.04200006 0 0 0 1</matrix>
                        <extra>
                          <technique profile="blender">
                            <layer sid="layer" type="string">0</layer>
                            <roll sid="roll" type="float">0.07487457</roll>
                            <tip_x sid="tip_x" type="float">0</tip_x>
                            <tip_y sid="tip_y" type="float">0.02999997</tip_y>
                            <tip_z sid="tip_z" type="float">0</tip_z>
                          </technique>
                        </extra>
                      </node>
                      <node id="GanondorfRig_RIGHT_PEC" name="RIGHT_PEC" sid="RIGHT_PEC" type="JOINT">
                        <matrix sid="transform">1 0 0 0.119 0 1 0 -0.082 0 0 1 0.04200006 0 0 0 1</matrix>
                        <extra>
                          <technique profile="blender">
                            <layer sid="layer" type="string">0</layer>
                            <roll sid="roll" type="float">0.07487457</roll>
                            <tip_x sid="tip_x" type="float">0</tip_x>
                            <tip_y sid="tip_y" type="float">0.02999997</tip_y>
                            <tip_z sid="tip_z" type="float">0</tip_z>
                          </technique>
                        </extra>
                      </node>
                      <node id="GanondorfRig_UPPER_BACK" name="UPPER_BACK" sid="UPPER_BACK" type="JOINT">
                        <matrix sid="transform">1 0 0 0 0 1 0 0 0 0 1 0.01700008 0 0 0 1</matrix>
                        <extra>
                          <technique profile="blender">
                            <layer sid="layer" type="string">0</layer>
                            <tip_x sid="tip_x" type="float">0</tip_x>
                            <tip_y sid="tip_y" type="float">0.02999997</tip_y>
                            <tip_z sid="tip_z" type="float">0</tip_z>
                          </technique>
                        </extra>
                      </node>
                      <node id="GanondorfRig_mNeck" name="mNeck" sid="mNeck" type="JOINT">
                        <matrix sid="transform">1 0 0 -0.01 0 1 0 0 0 0 1 0.251 0 0 0 1</matrix>
                        <node id="GanondorfRig_NECK" name="NECK" sid="NECK" type="JOINT">
                          <matrix sid="transform">1 0 0 0 0 1 0 0 0 0 1 0.01999998 0 0 0 1</matrix>
                          <extra>
                            <technique profile="blender">
                              <layer sid="layer" type="string">0</layer>
                              <tip_x sid="tip_x" type="float">0</tip_x>
                              <tip_y sid="tip_y" type="float">0.02999997</tip_y>
                              <tip_z sid="tip_z" type="float">0</tip_z>
                            </technique>
                          </extra>
                        </node>
                        <node id="GanondorfRig_mHead" name="mHead" sid="mHead" type="JOINT">
                          <matrix sid="transform">1 0 0 0 0 1 0 0 0 0 1 0.07599998 0 0 0 1</matrix>
                          <node id="GanondorfRig_HEAD" name="HEAD" sid="HEAD" type="JOINT">
                            <matrix sid="transform">1 0 0 0.02 0 1 0 0 0 0 1 0.07000005 0 0 0 1</matrix>
                            <extra>
                              <technique profile="blender">
                                <layer sid="layer" type="string">0</layer>
                                <tip_x sid="tip_x" type="float">0</tip_x>
                                <tip_y sid="tip_y" type="float">0.02999997</tip_y>
                                <tip_z sid="tip_z" type="float">0</tip_z>
                              </technique>
                            </extra>
                          </node>
                          <node id="GanondorfRig_mSkull" name="mSkull" sid="mSkull" type="JOINT">
                            <matrix sid="transform">1 0 0 0 0 1 0 0 0 0 1 0.079 0 0 0 1</matrix>
                            <extra>
                              <technique profile="blender">
                                <layer sid="layer" type="string">0</layer>
                                <tip_x sid="tip_x" type="float">0</tip_x>
                                <tip_y sid="tip_y" type="float">0.02999997</tip_y>
                                <tip_z sid="tip_z" type="float">0</tip_z>
                              </technique>
                            </extra>
                          </node>
                          <node id="GanondorfRig_mEyeRight" name="mEyeRight" sid="mEyeRight" type="JOINT">
                            <matrix sid="transform">1 0 0 0.098 0 1 0 -0.036 0 0 1 0.079 0 0 0 1</matrix>
                            <extra>
                              <technique profile="blender">
                                <layer sid="layer" type="string">0</layer>
                                <tip_x sid="tip_x" type="float">0</tip_x>
                                <tip_y sid="tip_y" type="float">0.02999997</tip_y>
                                <tip_z sid="tip_z" type="float">0</tip_z>
                              </technique>
                            </extra>
                          </node>
                          <node id="GanondorfRig_mEyeLeft" name="mEyeLeft" sid="mEyeLeft" type="JOINT">
                            <matrix sid="transform">1 0 0 0.098 0 1 0 0.036 0 0 1 0.079 0 0 0 1</matrix>
                            <extra>
                              <technique profile="blender">
                                <layer sid="layer" type="string">0</layer>
                                <tip_x sid="tip_x" type="float">0</tip_x>
                                <tip_y sid="tip_y" type="float">0.02999997</tip_y>
                                <tip_z sid="tip_z" type="float">0</tip_z>
                              </technique>
                            </extra>
                          </node>
                          <node id="GanondorfRig_mFaceRoot" name="mFaceRoot" sid="mFaceRoot" type="JOINT">
                            <matrix sid="transform">1 0 0 0.025 0 1 0 0 0 0 1 0.04500008 0 0 0 1</matrix>
                            <node id="GanondorfRig_mFaceEyeAltRight" name="mFaceEyeAltRight" sid="mFaceEyeAltRight" type="JOINT">
                              <matrix sid="transform">1 0 0 0.073 0 1 0 -0.036 0 0 1 0.03399992 0 0 0 1</matrix>
                              <extra>
                                <technique profile="blender">
                                  <layer sid="layer" type="string">0</layer>
                                  <tip_x sid="tip_x" type="float">0</tip_x>
                                  <tip_y sid="tip_y" type="float">0.02999997</tip_y>
                                  <tip_z sid="tip_z" type="float">0</tip_z>
                                </technique>
                              </extra>
                            </node>
                            <node id="GanondorfRig_mFaceEyeAltLeft" name="mFaceEyeAltLeft" sid="mFaceEyeAltLeft" type="JOINT">
                              <matrix sid="transform">1 0 0 0.073 0 1 0 0.036 0 0 1 0.03399992 0 0 0 1</matrix>
                              <extra>
                                <technique profile="blender">
                                  <layer sid="layer" type="string">0</layer>
                                  <tip_x sid="tip_x" type="float">0</tip_x>
                                  <tip_y sid="tip_y" type="float">0.02999997</tip_y>
                                  <tip_z sid="tip_z" type="float">0</tip_z>
                                </technique>
                              </extra>
                            </node>
                            <node id="GanondorfRig_mFaceForeheadLeft" name="mFaceForeheadLeft" sid="mFaceForeheadLeft" type="JOINT">
                              <matrix sid="transform">1 0 0 0.061 0 1 0 0.035 0 0 1 0.08299994 0 0 0 1</matrix>
                              <extra>
                                <technique profile="blender">
                                  <layer sid="layer" type="string">0</layer>
                                  <tip_x sid="tip_x" type="float">0</tip_x>
                                  <tip_y sid="tip_y" type="float">0.02999997</tip_y>
                                  <tip_z sid="tip_z" type="float">0</tip_z>
                                </technique>
                              </extra>
                            </node>
                            <node id="GanondorfRig_mFaceForeheadRight" name="mFaceForeheadRight" sid="mFaceForeheadRight" type="JOINT">
                              <matrix sid="transform">1 0 0 0.061 0 1 0 -0.035 0 0 1 0.08299994 0 0 0 1</matrix>
                              <extra>
                                <technique profile="blender">
                                  <layer sid="layer" type="string">0</layer>
                                  <tip_x sid="tip_x" type="float">0</tip_x>
                                  <tip_y sid="tip_y" type="float">0.02999997</tip_y>
                                  <tip_z sid="tip_z" type="float">0</tip_z>
                                </technique>
                              </extra>
                            </node>
                            <node id="GanondorfRig_mFaceEyebrowOuterLeft" name="mFaceEyebrowOuterLeft" sid="mFaceEyebrowOuterLeft" type="JOINT">
                              <matrix sid="transform">1 0 0 0.064 0 1 0 0.051 0 0 1 0.04799998 0 0 0 1</matrix>
                              <extra>
                                <technique profile="blender">
                                  <layer sid="layer" type="string">0</layer>
                                  <tip_x sid="tip_x" type="float">0</tip_x>
                                  <tip_y sid="tip_y" type="float">0.02999997</tip_y>
                                  <tip_z sid="tip_z" type="float">0</tip_z>
                                </technique>
                              </extra>
                            </node>
                            <node id="GanondorfRig_mFaceEyebrowCenterLeft" name="mFaceEyebrowCenterLeft" sid="mFaceEyebrowCenterLeft" type="JOINT">
                              <matrix sid="transform">1 0 0 0.07 0 1 0 0.043 0 0 1 0.05599999 0 0 0 1</matrix>
                              <extra>
                                <technique profile="blender">
                                  <layer sid="layer" type="string">0</layer>
                                  <tip_x sid="tip_x" type="float">0</tip_x>
                                  <tip_y sid="tip_y" type="float">0.02999997</tip_y>
                                  <tip_z sid="tip_z" type="float">0</tip_z>
                                </technique>
                              </extra>
                            </node>
                            <node id="GanondorfRig_mFaceEyebrowInnerLeft" name="mFaceEyebrowInnerLeft" sid="mFaceEyebrowInnerLeft" type="JOINT">
                              <matrix sid="transform">1 0 0 0.075 0 1 0 0.022 0 0 1 0.051 0 0 0 1</matrix>
                              <extra>
                                <technique profile="blender">
                                  <layer sid="layer" type="string">0</layer>
                                  <tip_x sid="tip_x" type="float">0</tip_x>
                                  <tip_y sid="tip_y" type="float">0.02999997</tip_y>
                                  <tip_z sid="tip_z" type="float">0</tip_z>
                                </technique>
                              </extra>
                            </node>
                            <node id="GanondorfRig_mFaceEyebrowOuterRight" name="mFaceEyebrowOuterRight" sid="mFaceEyebrowOuterRight" type="JOINT">
                              <matrix sid="transform">1 0 0 0.064 0 1 0 -0.051 0 0 1 0.04799998 0 0 0 1</matrix>
                              <extra>
                                <technique profile="blender">
                                  <layer sid="layer" type="string">0</layer>
                                  <tip_x sid="tip_x" type="float">0</tip_x>
                                  <tip_y sid="tip_y" type="float">0.02999997</tip_y>
                                  <tip_z sid="tip_z" type="float">0</tip_z>
                                </technique>
                              </extra>
                            </node>
                            <node id="GanondorfRig_mFaceEyebrowCenterRight" name="mFaceEyebrowCenterRight" sid="mFaceEyebrowCenterRight" type="JOINT">
                              <matrix sid="transform">1 0 0 0.07 0 1 0 -0.043 0 0 1 0.05599999 0 0 0 1</matrix>
                              <extra>
                                <technique profile="blender">
                                  <layer sid="layer" type="string">0</layer>
                                  <tip_x sid="tip_x" type="float">0</tip_x>
                                  <tip_y sid="tip_y" type="float">0.02999997</tip_y>
                                  <tip_z sid="tip_z" type="float">0</tip_z>
                                </technique>
                              </extra>
                            </node>
                            <node id="GanondorfRig_mFaceEyebrowInnerRight" name="mFaceEyebrowInnerRight" sid="mFaceEyebrowInnerRight" type="JOINT">
                              <matrix sid="transform">1 0 0 0.075 0 1 0 -0.022 0 0 1 0.051 0 0 0 1</matrix>
                              <extra>
                                <technique profile="blender">
                                  <layer sid="layer" type="string">0</layer>
                                  <tip_x sid="tip_x" type="float">0</tip_x>
                                  <tip_y sid="tip_y" type="float">0.02999997</tip_y>
                                  <tip_z sid="tip_z" type="float">0</tip_z>
                                </technique>
                              </extra>
                            </node>
                            <node id="GanondorfRig_mFaceEyeLidUpperLeft" name="mFaceEyeLidUpperLeft" sid="mFaceEyeLidUpperLeft" type="JOINT">
                              <matrix sid="transform">1 0 0 0.073 0 1 0 0.036 0 0 1 0.03399992 0 0 0 1</matrix>
                              <extra>
                                <technique profile="blender">
                                  <layer sid="layer" type="string">0</layer>
                                  <tip_x sid="tip_x" type="float">0</tip_x>
                                  <tip_y sid="tip_y" type="float">0.02999997</tip_y>
                                  <tip_z sid="tip_z" type="float">0</tip_z>
                                </technique>
                              </extra>
                            </node>
                            <node id="GanondorfRig_mFaceEyeLidLowerLeft" name="mFaceEyeLidLowerLeft" sid="mFaceEyeLidLowerLeft" type="JOINT">
                              <matrix sid="transform">1 0 0 0.073 0 1 0 0.036 0 0 1 0.03399992 0 0 0 1</matrix>
                              <extra>
                                <technique profile="blender">
                                  <layer sid="layer" type="string">0</layer>
                                  <tip_x sid="tip_x" type="float">0</tip_x>
                                  <tip_y sid="tip_y" type="float">0.02999997</tip_y>
                                  <tip_z sid="tip_z" type="float">0</tip_z>
                                </technique>
                              </extra>
                            </node>
                            <node id="GanondorfRig_mFaceEyeLidUpperRight" name="mFaceEyeLidUpperRight" sid="mFaceEyeLidUpperRight" type="JOINT">
                              <matrix sid="transform">1 0 0 0.073 0 1 0 -0.036 0 0 1 0.03399992 0 0 0 1</matrix>
                              <extra>
                                <technique profile="blender">
                                  <layer sid="layer" type="string">0</layer>
                                  <tip_x sid="tip_x" type="float">0</tip_x>
                                  <tip_y sid="tip_y" type="float">0.02999997</tip_y>
                                  <tip_z sid="tip_z" type="float">0</tip_z>
                                </technique>
                              </extra>
                            </node>
                            <node id="GanondorfRig_mFaceEyeLidLowerRight" name="mFaceEyeLidLowerRight" sid="mFaceEyeLidLowerRight" type="JOINT">
                              <matrix sid="transform">1 0 0 0.073 0 1 0 -0.036 0 0 1 0.03399992 0 0 0 1</matrix>
                              <extra>
                                <technique profile="blender">
                                  <layer sid="layer" type="string">0</layer>
                                  <tip_x sid="tip_x" type="float">0</tip_x>
                                  <tip_y sid="tip_y" type="float">0.02999997</tip_y>
                                  <tip_z sid="tip_z" type="float">0</tip_z>
                                </technique>
                              </extra>
                            </node>
                            <node id="GanondorfRig_mFaceEar1Left" name="mFaceEar1Left" sid="mFaceEar1Left" type="JOINT">
                              <matrix sid="transform">1 0 0 0 0 1 0 0.08 0 0 1 0.001999974 0 0 0 1</matrix>
                              <node id="GanondorfRig_mFaceEar2Left" name="mFaceEar2Left" sid="mFaceEar2Left" type="JOINT">
                                <matrix sid="transform">1 0 0 -0.019 0 1 0 0.018 0 0 1 0.02499998 0 0 0 1</matrix>
                                <extra>
                                  <technique profile="blender">
                                    <layer sid="layer" type="string">0</layer>
                                    <tip_x sid="tip_x" type="float">0</tip_x>
                                    <tip_y sid="tip_y" type="float">0.02999997</tip_y>
                                    <tip_z sid="tip_z" type="float">0</tip_z>
                                  </technique>
                                </extra>
                              </node>
                              <extra>
                                <technique profile="blender">
                                  <layer sid="layer" type="string">0</layer>
                                  <tip_x sid="tip_x" type="float">0</tip_x>
                                  <tip_y sid="tip_y" type="float">0.02999997</tip_y>
                                  <tip_z sid="tip_z" type="float">0</tip_z>
                                </technique>
                              </extra>
                            </node>
                            <node id="GanondorfRig_mFaceEar1Right" name="mFaceEar1Right" sid="mFaceEar1Right" type="JOINT">
                              <matrix sid="transform">1 0 0 0 0 1 0 -0.08 0 0 1 0.001999974 0 0 0 1</matrix>
                              <node id="GanondorfRig_mFaceEar2Right" name="mFaceEar2Right" sid="mFaceEar2Right" type="JOINT">
                                <matrix sid="transform">1 0 0 -0.019 0 1 0 -0.018 0 0 1 0.02499998 0 0 0 1</matrix>
                                <extra>
                                  <technique profile="blender">
                                    <layer sid="layer" type="string">0</layer>
                                    <tip_x sid="tip_x" type="float">0</tip_x>
                                    <tip_y sid="tip_y" type="float">0.02999997</tip_y>
                                    <tip_z sid="tip_z" type="float">0</tip_z>
                                  </technique>
                                </extra>
                              </node>
                              <extra>
                                <technique profile="blender">
                                  <layer sid="layer" type="string">0</layer>
                                  <tip_x sid="tip_x" type="float">0</tip_x>
                                  <tip_y sid="tip_y" type="float">0.02999997</tip_y>
                                  <tip_z sid="tip_z" type="float">0</tip_z>
                                </technique>
                              </extra>
                            </node>
                            <node id="GanondorfRig_mFaceNoseLeft" name="mFaceNoseLeft" sid="mFaceNoseLeft" type="JOINT">
                              <matrix sid="transform">1 0 0 0.086 0 1 0 0.015 0 0 1 -0.004000068 0 0 0 1</matrix>
                              <extra>
                                <technique profile="blender">
                                  <layer sid="layer" type="string">0</layer>
                                  <tip_x sid="tip_x" type="float">0</tip_x>
                                  <tip_y sid="tip_y" type="float">0.02999997</tip_y>
                                  <tip_z sid="tip_z" type="float">0</tip_z>
                                </technique>
                              </extra>
                            </node>
                            <node id="GanondorfRig_mFaceNoseCenter" name="mFaceNoseCenter" sid="mFaceNoseCenter" type="JOINT">
                              <matrix sid="transform">1 0 0 0.102 0 1 0 0 0 0 1 0 0 0 0 1</matrix>
                              <extra>
                                <technique profile="blender">
                                  <layer sid="layer" type="string">0</layer>
                                  <tip_x sid="tip_x" type="float">0</tip_x>
                                  <tip_y sid="tip_y" type="float">0.02999997</tip_y>
                                  <tip_z sid="tip_z" type="float">0</tip_z>
                                </technique>
                              </extra>
                            </node>
                            <node id="GanondorfRig_mFaceNoseRight" name="mFaceNoseRight" sid="mFaceNoseRight" type="JOINT">
                              <matrix sid="transform">1 0 0 0.086 0 1 0 -0.015 0 0 1 -0.004000068 0 0 0 1</matrix>
                              <extra>
                                <technique profile="blender">
                                  <layer sid="layer" type="string">0</layer>
                                  <tip_x sid="tip_x" type="float">0</tip_x>
                                  <tip_y sid="tip_y" type="float">0.02999997</tip_y>
                                  <tip_z sid="tip_z" type="float">0</tip_z>
                                </technique>
                              </extra>
                            </node>
                            <node id="GanondorfRig_mFaceCheekLowerLeft" name="mFaceCheekLowerLeft" sid="mFaceCheekLowerLeft" type="JOINT">
                              <matrix sid="transform">1 0 0 0.05 0 1 0 0.034 0 0 1 -0.03100002 0 0 0 1</matrix>
                              <extra>
                                <technique profile="blender">
                                  <layer sid="layer" type="string">0</layer>
                                  <tip_x sid="tip_x" type="float">0</tip_x>
                                  <tip_y sid="tip_y" type="float">0.02999997</tip_y>
                                  <tip_z sid="tip_z" type="float">0</tip_z>
                                </technique>
                              </extra>
                            </node>
                            <node id="GanondorfRig_mFaceCheekUpperLeft" name="mFaceCheekUpperLeft" sid="mFaceCheekUpperLeft" type="JOINT">
                              <matrix sid="transform">1 0 0 0.07 0 1 0 0.034 0 0 1 -0.004999995 0 0 0 1</matrix>
                              <extra>
                                <technique profile="blender">
                                  <layer sid="layer" type="string">0</layer>
                                  <tip_x sid="tip_x" type="float">0</tip_x>
                                  <tip_y sid="tip_y" type="float">0.02999997</tip_y>
                                  <tip_z sid="tip_z" type="float">0</tip_z>
                                </technique>
                              </extra>
                            </node>
                            <node id="GanondorfRig_mFaceCheekLowerRight" name="mFaceCheekLowerRight" sid="mFaceCheekLowerRight" type="JOINT">
                              <matrix sid="transform">1 0 0 0.05 0 1 0 -0.034 0 0 1 -0.03100002 0 0 0 1</matrix>
                              <extra>
                                <technique profile="blender">
                                  <layer sid="layer" type="string">0</layer>
                                  <tip_x sid="tip_x" type="float">0</tip_x>
                                  <tip_y sid="tip_y" type="float">0.02999997</tip_y>
                                  <tip_z sid="tip_z" type="float">0</tip_z>
                                </technique>
                              </extra>
                            </node>
                            <node id="GanondorfRig_mFaceCheekUpperRight" name="mFaceCheekUpperRight" sid="mFaceCheekUpperRight" type="JOINT">
                              <matrix sid="transform">1 0 0 0.07 0 1 0 -0.034 0 0 1 -0.004999995 0 0 0 1</matrix>
                              <extra>
                                <technique profile="blender">
                                  <layer sid="layer" type="string">0</layer>
                                  <tip_x sid="tip_x" type="float">0</tip_x>
                                  <tip_y sid="tip_y" type="float">0.02999997</tip_y>
                                  <tip_z sid="tip_z" type="float">0</tip_z>
                                </technique>
                              </extra>
                            </node>
                            <node id="GanondorfRig_mFaceJaw" name="mFaceJaw" sid="mFaceJaw" type="JOINT">
                              <matrix sid="transform">1 0 0 -0.001 0 1 0 0 0 0 1 -0.01499999 0 0 0 1</matrix>
                              <node id="GanondorfRig_mFaceChin" name="mFaceChin" sid="mFaceChin" type="JOINT">
                                <matrix sid="transform">1 0 0 0.074 0 1 0 0 0 0 1 -0.05400002 0 0 0 1</matrix>
                                <extra>
                                  <technique profile="blender">
                                    <layer sid="layer" type="string">0</layer>
                                    <tip_x sid="tip_x" type="float">0</tip_x>
                                    <tip_y sid="tip_y" type="float">0.02999997</tip_y>
                                    <tip_z sid="tip_z" type="float">0</tip_z>
                                  </technique>
                                </extra>
                              </node>
                              <node id="GanondorfRig_mFaceTeethLower" name="mFaceTeethLower" sid="mFaceTeethLower" type="JOINT">
                                <matrix sid="transform">1 0 0 0.021 0 1 0 0 0 0 1 -0.03900003 0 0 0 1</matrix>
                                <node id="GanondorfRig_mFaceLipLowerLeft" name="mFaceLipLowerLeft" sid="mFaceLipLowerLeft" type="JOINT">
                                  <matrix sid="transform">1 0 0 0.045 0 1 0 0 0 0 1 0 0 0 0 1</matrix>
                                  <extra>
                                    <technique profile="blender">
                                      <layer sid="layer" type="string">0</layer>
                                      <tip_x sid="tip_x" type="float">0</tip_x>
                                      <tip_y sid="tip_y" type="float">0.02999997</tip_y>
                                      <tip_z sid="tip_z" type="float">0</tip_z>
                                    </technique>
                                  </extra>
                                </node>
                                <node id="GanondorfRig_mFaceLipLowerRight" name="mFaceLipLowerRight" sid="mFaceLipLowerRight" type="JOINT">
                                  <matrix sid="transform">1 0 0 0.045 0 1 0 0 0 0 1 0 0 0 0 1</matrix>
                                  <extra>
                                    <technique profile="blender">
                                      <layer sid="layer" type="string">0</layer>
                                      <tip_x sid="tip_x" type="float">0</tip_x>
                                      <tip_y sid="tip_y" type="float">0.02999997</tip_y>
                                      <tip_z sid="tip_z" type="float">0</tip_z>
                                    </technique>
                                  </extra>
                                </node>
                                <node id="GanondorfRig_mFaceLipLowerCenter" name="mFaceLipLowerCenter" sid="mFaceLipLowerCenter" type="JOINT">
                                  <matrix sid="transform">1 0 0 0.045 0 1 0 0 0 0 1 0 0 0 0 1</matrix>
                                  <extra>
                                    <technique profile="blender">
                                      <layer sid="layer" type="string">0</layer>
                                      <tip_x sid="tip_x" type="float">0</tip_x>
                                      <tip_y sid="tip_y" type="float">0.02999997</tip_y>
                                      <tip_z sid="tip_z" type="float">0</tip_z>
                                    </technique>
                                  </extra>
                                </node>
                                <node id="GanondorfRig_mFaceTongueBase" name="mFaceTongueBase" sid="mFaceTongueBase" type="JOINT">
                                  <matrix sid="transform">1 0 0 0.039 0 1 0 0 0 0 1 0.004999995 0 0 0 1</matrix>
                                  <node id="GanondorfRig_mFaceTongueTip" name="mFaceTongueTip" sid="mFaceTongueTip" type="JOINT">
                                    <matrix sid="transform">1 0 0 0.022 0 1 0 0 0 0 1 0.006999969 0 0 0 1</matrix>
                                    <extra>
                                      <technique profile="blender">
                                        <layer sid="layer" type="string">0</layer>
                                        <tip_x sid="tip_x" type="float">0</tip_x>
                                        <tip_y sid="tip_y" type="float">0.02999997</tip_y>
                                        <tip_z sid="tip_z" type="float">0</tip_z>
                                      </technique>
                                    </extra>
                                  </node>
                                  <extra>
                                    <technique profile="blender">
                                      <layer sid="layer" type="string">0</layer>
                                      <tip_x sid="tip_x" type="float">0</tip_x>
                                      <tip_y sid="tip_y" type="float">0.02999997</tip_y>
                                      <tip_z sid="tip_z" type="float">0</tip_z>
                                    </technique>
                                  </extra>
                                </node>
                                <extra>
                                  <technique profile="blender">
                                    <layer sid="layer" type="string">0</layer>
                                    <tip_x sid="tip_x" type="float">0</tip_x>
                                    <tip_y sid="tip_y" type="float">0.02999997</tip_y>
                                    <tip_z sid="tip_z" type="float">0</tip_z>
                                  </technique>
                                </extra>
                              </node>
                              <extra>
                                <technique profile="blender">
                                  <layer sid="layer" type="string">0</layer>
                                  <tip_x sid="tip_x" type="float">0</tip_x>
                                  <tip_y sid="tip_y" type="float">0.02999997</tip_y>
                                  <tip_z sid="tip_z" type="float">0</tip_z>
                                </technique>
                              </extra>
                            </node>
                            <node id="GanondorfRig_mFaceJawShaper" name="mFaceJawShaper" sid="mFaceJawShaper" type="JOINT">
                              <matrix sid="transform">1 0 0 0 0 1 0 0 0 0 1 0 0 0 0 1</matrix>
                              <extra>
                                <technique profile="blender">
                                  <layer sid="layer" type="string">0</layer>
                                  <tip_x sid="tip_x" type="float">0</tip_x>
                                  <tip_y sid="tip_y" type="float">0.02999997</tip_y>
                                  <tip_z sid="tip_z" type="float">0</tip_z>
                                </technique>
                              </extra>
                            </node>
                            <node id="GanondorfRig_mFaceForeheadCenter" name="mFaceForeheadCenter" sid="mFaceForeheadCenter" type="JOINT">
                              <matrix sid="transform">1 0 0 0.069 0 1 0 0 0 0 1 0.06499994 0 0 0 1</matrix>
                              <extra>
                                <technique profile="blender">
                                  <layer sid="layer" type="string">0</layer>
                                  <tip_x sid="tip_x" type="float">0</tip_x>
                                  <tip_y sid="tip_y" type="float">0.02999997</tip_y>
                                  <tip_z sid="tip_z" type="float">0</tip_z>
                                </technique>
                              </extra>
                            </node>
                            <node id="GanondorfRig_mFaceNoseBase" name="mFaceNoseBase" sid="mFaceNoseBase" type="JOINT">
                              <matrix sid="transform">1 0 0 0.094 0 1 0 0 0 0 1 -0.01600003 0 0 0 1</matrix>
                              <extra>
                                <technique profile="blender">
                                  <layer sid="layer" type="string">0</layer>
                                  <tip_x sid="tip_x" type="float">0</tip_x>
                                  <tip_y sid="tip_y" type="float">0.02999997</tip_y>
                                  <tip_z sid="tip_z" type="float">0</tip_z>
                                </technique>
                              </extra>
                            </node>
                            <node id="GanondorfRig_mFaceTeethUpper" name="mFaceTeethUpper" sid="mFaceTeethUpper" type="JOINT">
                              <matrix sid="transform">1 0 0 0.02 0 1 0 0 0 0 1 -0.03000009 0 0 0 1</matrix>
                              <node id="GanondorfRig_mFaceLipUpperLeft" name="mFaceLipUpperLeft" sid="mFaceLipUpperLeft" type="JOINT">
                                <matrix sid="transform">1 0 0 0.045 0 1 0 0 0 0 1 -0.002999902 0 0 0 1</matrix>
                                <extra>
                                  <technique profile="blender">
                                    <layer sid="layer" type="string">0</layer>
                                    <tip_x sid="tip_x" type="float">0</tip_x>
                                    <tip_y sid="tip_y" type="float">0.02999997</tip_y>
                                    <tip_z sid="tip_z" type="float">0</tip_z>
                                  </technique>
                                </extra>
                              </node>
                              <node id="GanondorfRig_mFaceLipUpperRight" name="mFaceLipUpperRight" sid="mFaceLipUpperRight" type="JOINT">
                                <matrix sid="transform">1 0 0 0.045 0 1 0 0 0 0 1 -0.002999902 0 0 0 1</matrix>
                                <extra>
                                  <technique profile="blender">
                                    <layer sid="layer" type="string">0</layer>
                                    <tip_x sid="tip_x" type="float">0</tip_x>
                                    <tip_y sid="tip_y" type="float">0.02999997</tip_y>
                                    <tip_z sid="tip_z" type="float">0</tip_z>
                                  </technique>
                                </extra>
                              </node>
                              <node id="GanondorfRig_mFaceLipCornerLeft" name="mFaceLipCornerLeft" sid="mFaceLipCornerLeft" type="JOINT">
                                <matrix sid="transform">1 0 0 0.028 0 1 0 -0.019 0 0 1 -0.00999999 0 0 0 1</matrix>
                                <extra>
                                  <technique profile="blender">
                                    <layer sid="layer" type="string">0</layer>
                                    <tip_x sid="tip_x" type="float">0</tip_x>
                                    <tip_y sid="tip_y" type="float">0.02999997</tip_y>
                                    <tip_z sid="tip_z" type="float">0</tip_z>
                                  </technique>
                                </extra>
                              </node>
                              <node id="GanondorfRig_mFaceLipCornerRight" name="mFaceLipCornerRight" sid="mFaceLipCornerRight" type="JOINT">
                                <matrix sid="transform">1 0 0 0.028 0 1 0 0.019 0 0 1 -0.00999999 0 0 0 1</matrix>
                                <extra>
                                  <technique profile="blender">
                                    <layer sid="layer" type="string">0</layer>
                                    <tip_x sid="tip_x" type="float">0</tip_x>
                                    <tip_y sid="tip_y" type="float">0.02999997</tip_y>
                                    <tip_z sid="tip_z" type="float">0</tip_z>
                                  </technique>
                                </extra>
                              </node>
                              <node id="GanondorfRig_mFaceLipUpperCenter" name="mFaceLipUpperCenter" sid="mFaceLipUpperCenter" type="JOINT">
                                <matrix sid="transform">1 0 0 0.045 0 1 0 0 0 0 1 -0.002999902 0 0 0 1</matrix>
                                <extra>
                                  <technique profile="blender">
                                    <layer sid="layer" type="string">0</layer>
                                    <tip_x sid="tip_x" type="float">0</tip_x>
                                    <tip_y sid="tip_y" type="float">0.02999997</tip_y>
                                    <tip_z sid="tip_z" type="float">0</tip_z>
                                  </technique>
                                </extra>
                              </node>
                              <extra>
                                <technique profile="blender">
                                  <layer sid="layer" type="string">0</layer>
                                  <tip_x sid="tip_x" type="float">0</tip_x>
                                  <tip_y sid="tip_y" type="float">0.02999997</tip_y>
                                  <tip_z sid="tip_z" type="float">0</tip_z>
                                </technique>
                              </extra>
                            </node>
                            <node id="GanondorfRig_mFaceEyecornerInnerLeft" name="mFaceEyecornerInnerLeft" sid="mFaceEyecornerInnerLeft" type="JOINT">
                              <matrix sid="transform">1 0 0 0.075 0 1 0 0.017 0 0 1 0.03199995 0 0 0 1</matrix>
                              <extra>
                                <technique profile="blender">
                                  <layer sid="layer" type="string">0</layer>
                                  <tip_x sid="tip_x" type="float">0</tip_x>
                                  <tip_y sid="tip_y" type="float">0.02999997</tip_y>
                                  <tip_z sid="tip_z" type="float">0</tip_z>
                                </technique>
                              </extra>
                            </node>
                            <node id="GanondorfRig_mFaceEyecornerInnerRight" name="mFaceEyecornerInnerRight" sid="mFaceEyecornerInnerRight" type="JOINT">
                              <matrix sid="transform">1 0 0 0.075 0 1 0 -0.017 0 0 1 0.03199995 0 0 0 1</matrix>
                              <extra>
                                <technique profile="blender">
                                  <layer sid="layer" type="string">0</layer>
                                  <tip_x sid="tip_x" type="float">0</tip_x>
                                  <tip_y sid="tip_y" type="float">0.02999997</tip_y>
                                  <tip_z sid="tip_z" type="float">0</tip_z>
                                </technique>
                              </extra>
                            </node>
                            <node id="GanondorfRig_mFaceNoseBridge" name="mFaceNoseBridge" sid="mFaceNoseBridge" type="JOINT">
                              <matrix sid="transform">1 0 0 0.091 0 1 0 0 0 0 1 0.01999998 0 0 0 1</matrix>
                              <extra>
                                <technique profile="blender">
                                  <layer sid="layer" type="string">0</layer>
                                  <tip_x sid="tip_x" type="float">0</tip_x>
                                  <tip_y sid="tip_y" type="float">0.02999997</tip_y>
                                  <tip_z sid="tip_z" type="float">0</tip_z>
                                </technique>
                              </extra>
                            </node>
                            <extra>
                              <technique profile="blender">
                                <layer sid="layer" type="string">0</layer>
                                <tip_x sid="tip_x" type="float">0</tip_x>
                                <tip_y sid="tip_y" type="float">0.02999997</tip_y>
                                <tip_z sid="tip_z" type="float">0</tip_z>
                              </technique>
                            </extra>
                          </node>
                          <extra>
                            <technique profile="blender">
                              <layer sid="layer" type="string">0</layer>
                              <tip_x sid="tip_x" type="float">0</tip_x>
                              <tip_y sid="tip_y" type="float">0.02999997</tip_y>
                              <tip_z sid="tip_z" type="float">0</tip_z>
                            </technique>
                          </extra>
                        </node>
                        <extra>
                          <technique profile="blender">
                            <layer sid="layer" type="string">0</layer>
                            <tip_x sid="tip_x" type="float">0</tip_x>
                            <tip_y sid="tip_y" type="float">0.02999997</tip_y>
                            <tip_z sid="tip_z" type="float">0</tip_z>
                          </technique>
                        </extra>
                      </node>
                      <node id="GanondorfRig_mCollarLeft" name="mCollarLeft" sid="mCollarLeft" type="JOINT">
                        <matrix sid="transform">1 0 0 -0.021 0 1 0 0.085 0 0 1 0.1650001 0 0 0 1</matrix>
                        <node id="GanondorfRig_L_CLAVICLE" name="L_CLAVICLE" sid="L_CLAVICLE" type="JOINT">
                          <matrix sid="transform">1 0 0 0.02 0 1 0 0 0 0 1 0.01999998 0 0 0 1</matrix>
                          <extra>
                            <technique profile="blender">
                              <layer sid="layer" type="string">0</layer>
                              <tip_x sid="tip_x" type="float">0</tip_x>
                              <tip_y sid="tip_y" type="float">0.02999997</tip_y>
                              <tip_z sid="tip_z" type="float">0</tip_z>
                            </technique>
                          </extra>
                        </node>
                        <node id="GanondorfRig_mShoulderLeft" name="mShoulderLeft" sid="mShoulderLeft" type="JOINT">
                          <matrix sid="transform">1 0 0 0 0 1 0 0.079 0 0 1 0 0 0 0 1</matrix>
                          <node id="GanondorfRig_L_UPPER_ARM" name="L_UPPER_ARM" sid="L_UPPER_ARM" type="JOINT">
                            <matrix sid="transform">1 0 0 0 0 1 0 0.12 0 0 1 0.00999999 0 0 0 1</matrix>
                            <extra>
                              <technique profile="blender">
                                <layer sid="layer" type="string">0</layer>
                                <tip_x sid="tip_x" type="float">0</tip_x>
                                <tip_y sid="tip_y" type="float">0.02988582</tip_y>
                                <tip_z sid="tip_z" type="float">-0.002614617</tip_z>
                              </technique>
                            </extra>
                          </node>
                          <node id="GanondorfRig_mElbowLeft" name="mElbowLeft" sid="mElbowLeft" type="JOINT">
                            <matrix sid="transform">1 0 0 0 0 1 0 0.248 0 0 1 0 0 0 0 1</matrix>
                            <node id="GanondorfRig_L_LOWER_ARM" name="L_LOWER_ARM" sid="L_LOWER_ARM" type="JOINT">
                              <matrix sid="transform">1 0 0 0 0 0.9999999 0 0.1 0 0 0.9999999 0 0 0 0 1</matrix>
                              <extra>
                                <technique profile="blender">
                                  <layer sid="layer" type="string">0</layer>
                                  <tip_x sid="tip_x" type="float">0</tip_x>
                                  <tip_y sid="tip_y" type="float">0.0299589</tip_y>
                                  <tip_z sid="tip_z" type="float">-0.001570105</tip_z>
                                </technique>
                              </extra>
                            </node>
                            <node id="GanondorfRig_mWristLeft" name="mWristLeft" sid="mWristLeft" type="JOINT">
                              <matrix sid="transform">1 0 0 0 0 1 0 0.205 0 0 1 0 0 0 0 1</matrix>
                              <node id="GanondorfRig_L_HAND" name="L_HAND" sid="L_HAND" type="JOINT">
                                <matrix sid="transform">0.9999999 -7.567e-10 9.31323e-10 0.009999998 1.41154e-8 0.9999999 3.72529e-9 0.05000001 -9.31323e-10 3.72529e-9 1 0 0 0 0 1</matrix>
                                <extra>
                                  <technique profile="blender">
                                    <layer sid="layer" type="string">0</layer>
                                    <roll sid="roll" type="float">0.004581928</roll>
                                    <tip_x sid="tip_x" type="float">0.005202293</tip_x>
                                    <tip_y sid="tip_y" type="float">0.02950376</tip_y>
                                    <tip_z sid="tip_z" type="float">-0.001570105</tip_z>
                                  </technique>
                                </extra>
                              </node>
                              <node id="GanondorfRig_mHandMiddle1Left" name="mHandMiddle1Left" sid="mHandMiddle1Left" type="JOINT">
                                <matrix sid="transform">1 0 0 0.013 0 1 0 0.101 0 0 1 0.01499999 0 0 0 1</matrix>
                                <node id="GanondorfRig_mHandMiddle2Left" name="mHandMiddle2Left" sid="mHandMiddle2Left" type="JOINT">
                                  <matrix sid="transform">1 0 0 -0.001 0 1 0 0.04000002 0 0 1 -0.006000042 0 0 0 1</matrix>
                                  <node id="GanondorfRig_mHandMiddle3Left" name="mHandMiddle3Left" sid="mHandMiddle3Left" type="JOINT">
                                    <matrix sid="transform">1 0 0 -0.001 0 1 0 0.04899997 0 0 1 -0.008000016 0 0 0 1</matrix>
                                    <extra>
                                      <technique profile="blender">
                                        <layer sid="layer" type="string">0</layer>
                                        <tip_x sid="tip_x" type="float">0</tip_x>
                                        <tip_y sid="tip_y" type="float">0.02999997</tip_y>
                                        <tip_z sid="tip_z" type="float">0</tip_z>
                                      </technique>
                                    </extra>
                                  </node>
                                  <extra>
                                    <technique profile="blender">
                                      <layer sid="layer" type="string">0</layer>
                                      <tip_x sid="tip_x" type="float">0</tip_x>
                                      <tip_y sid="tip_y" type="float">0.02999997</tip_y>
                                      <tip_z sid="tip_z" type="float">0</tip_z>
                                    </technique>
                                  </extra>
                                </node>
                                <extra>
                                  <technique profile="blender">
                                    <layer sid="layer" type="string">0</layer>
                                    <tip_x sid="tip_x" type="float">0</tip_x>
                                    <tip_y sid="tip_y" type="float">0.02999997</tip_y>
                                    <tip_z sid="tip_z" type="float">0</tip_z>
                                  </technique>
                                </extra>
                              </node>
                              <node id="GanondorfRig_mHandIndex1Left" name="mHandIndex1Left" sid="mHandIndex1Left" type="JOINT">
                                <matrix sid="transform">1 0 0 0.038 0 1 0 0.097 0 0 1 0.01499999 0 0 0 1</matrix>
                                <node id="GanondorfRig_mHandIndex2Left" name="mHandIndex2Left" sid="mHandIndex2Left" type="JOINT">
                                  <matrix sid="transform">1 0 0 0.017 0 1 0 0.03600001 0 0 1 -0.006000042 0 0 0 1</matrix>
                                  <node id="GanondorfRig_mHandIndex3Left" name="mHandIndex3Left" sid="mHandIndex3Left" type="JOINT">
                                    <matrix sid="transform">1 0 0 0.014 0 1 0 0.03200001 0 0 1 -0.005999923 0 0 0 1</matrix>
                                    <extra>
                                      <technique profile="blender">
                                        <layer sid="layer" type="string">0</layer>
                                        <tip_x sid="tip_x" type="float">0</tip_x>
                                        <tip_y sid="tip_y" type="float">0.02999997</tip_y>
                                        <tip_z sid="tip_z" type="float">0</tip_z>
                                      </technique>
                                    </extra>
                                  </node>
                                  <extra>
                                    <technique profile="blender">
                                      <layer sid="layer" type="string">0</layer>
                                      <tip_x sid="tip_x" type="float">0</tip_x>
                                      <tip_y sid="tip_y" type="float">0.02999997</tip_y>
                                      <tip_z sid="tip_z" type="float">0</tip_z>
                                    </technique>
                                  </extra>
                                </node>
                                <extra>
                                  <technique profile="blender">
                                    <layer sid="layer" type="string">0</layer>
                                    <tip_x sid="tip_x" type="float">0</tip_x>
                                    <tip_y sid="tip_y" type="float">0.02999997</tip_y>
                                    <tip_z sid="tip_z" type="float">0</tip_z>
                                  </technique>
                                </extra>
                              </node>
                              <node id="GanondorfRig_mHandRing1Left" name="mHandRing1Left" sid="mHandRing1Left" type="JOINT">
                                <matrix sid="transform">1 0 0 -0.01 0 1 0 0.09900004 0 0 1 0.008999944 0 0 0 1</matrix>
                                <node id="GanondorfRig_mHandRing2Left" name="mHandRing2Left" sid="mHandRing2Left" type="JOINT">
                                  <matrix sid="transform">1 0 0 -0.013 0 1 0 0.03799999 0 0 1 -0.008000016 0 0 0 1</matrix>
                                  <node id="GanondorfRig_mHandRing3Left" name="mHandRing3Left" sid="mHandRing3Left" type="JOINT">
                                    <matrix sid="transform">1 0 0 -0.013 0 1 0 0.04000002 0 0 1 -0.008999944 0 0 0 1</matrix>
                                    <extra>
                                      <technique profile="blender">
                                        <layer sid="layer" type="string">0</layer>
                                        <tip_x sid="tip_x" type="float">0</tip_x>
                                        <tip_y sid="tip_y" type="float">0.02999997</tip_y>
                                        <tip_z sid="tip_z" type="float">0</tip_z>
                                      </technique>
                                    </extra>
                                  </node>
                                  <extra>
                                    <technique profile="blender">
                                      <layer sid="layer" type="string">0</layer>
                                      <tip_x sid="tip_x" type="float">0</tip_x>
                                      <tip_y sid="tip_y" type="float">0.02999997</tip_y>
                                      <tip_z sid="tip_z" type="float">0</tip_z>
                                    </technique>
                                  </extra>
                                </node>
                                <extra>
                                  <technique profile="blender">
                                    <layer sid="layer" type="string">0</layer>
                                    <tip_x sid="tip_x" type="float">0</tip_x>
                                    <tip_y sid="tip_y" type="float">0.02999997</tip_y>
                                    <tip_z sid="tip_z" type="float">0</tip_z>
                                  </technique>
                                </extra>
                              </node>
                              <node id="GanondorfRig_mHandPinky1Left" name="mHandPinky1Left" sid="mHandPinky1Left" type="JOINT">
                                <matrix sid="transform">1 0 0 -0.031 0 1 0 0.09500003 0 0 1 0.003000021 0 0 0 1</matrix>
                                <node id="GanondorfRig_mHandPinky2Left" name="mHandPinky2Left" sid="mHandPinky2Left" type="JOINT">
                                  <matrix sid="transform">1 0 0 -0.024 0 1 0 0.02499998 0 0 1 -0.006000042 0 0 0 1</matrix>
                                  <node id="GanondorfRig_mHandPinky3Left" name="mHandPinky3Left" sid="mHandPinky3Left" type="JOINT">
                                    <matrix sid="transform">1 0 0 -0.015 0 1 0 0.01800001 0 0 1 -0.003999949 0 0 0 1</matrix>
                                    <extra>
                                      <technique profile="blender">
                                        <layer sid="layer" type="string">0</layer>
                                        <tip_x sid="tip_x" type="float">0</tip_x>
                                        <tip_y sid="tip_y" type="float">0.02999997</tip_y>
                                        <tip_z sid="tip_z" type="float">0</tip_z>
                                      </technique>
                                    </extra>
                                  </node>
                                  <extra>
                                    <technique profile="blender">
                                      <layer sid="layer" type="string">0</layer>
                                      <tip_x sid="tip_x" type="float">0</tip_x>
                                      <tip_y sid="tip_y" type="float">0.02999997</tip_y>
                                      <tip_z sid="tip_z" type="float">0</tip_z>
                                    </technique>
                                  </extra>
                                </node>
                                <extra>
                                  <technique profile="blender">
                                    <layer sid="layer" type="string">0</layer>
                                    <tip_x sid="tip_x" type="float">0</tip_x>
                                    <tip_y sid="tip_y" type="float">0.02999997</tip_y>
                                    <tip_z sid="tip_z" type="float">0</tip_z>
                                  </technique>
                                </extra>
                              </node>
                              <node id="GanondorfRig_mHandThumb1Left" name="mHandThumb1Left" sid="mHandThumb1Left" type="JOINT">
                                <matrix sid="transform">1 0 0 0.031 0 1 0 0.02600002 0 0 1 0.003999949 0 0 0 1</matrix>
                                <node id="GanondorfRig_mHandThumb2Left" name="mHandThumb2Left" sid="mHandThumb2Left" type="JOINT">
                                  <matrix sid="transform">1 0 0 0.028 0 1 0 0.03200001 0 0 1 -9.99928e-4 0 0 0 1</matrix>
                                  <node id="GanondorfRig_mHandThumb3Left" name="mHandThumb3Left" sid="mHandThumb3Left" type="JOINT">
                                    <matrix sid="transform">1 0 0 0.023 0 1 0 0.03099996 0 0 1 -0.001000047 0 0 0 1</matrix>
                                    <extra>
                                      <technique profile="blender">
                                        <layer sid="layer" type="string">0</layer>
                                        <tip_x sid="tip_x" type="float">0</tip_x>
                                        <tip_y sid="tip_y" type="float">0.02999997</tip_y>
                                        <tip_z sid="tip_z" type="float">0</tip_z>
                                      </technique>
                                    </extra>
                                  </node>
                                  <extra>
                                    <technique profile="blender">
                                      <layer sid="layer" type="string">0</layer>
                                      <tip_x sid="tip_x" type="float">0</tip_x>
                                      <tip_y sid="tip_y" type="float">0.02999997</tip_y>
                                      <tip_z sid="tip_z" type="float">0</tip_z>
                                    </technique>
                                  </extra>
                                </node>
                                <extra>
                                  <technique profile="blender">
                                    <layer sid="layer" type="string">0</layer>
                                    <tip_x sid="tip_x" type="float">0</tip_x>
                                    <tip_y sid="tip_y" type="float">0.02999997</tip_y>
                                    <tip_z sid="tip_z" type="float">0</tip_z>
                                  </technique>
                                </extra>
                              </node>
                              <extra>
                                <technique profile="blender">
                                  <layer sid="layer" type="string">0</layer>
                                  <tip_x sid="tip_x" type="float">0</tip_x>
                                  <tip_y sid="tip_y" type="float">0.02999997</tip_y>
                                  <tip_z sid="tip_z" type="float">0</tip_z>
                                </technique>
                              </extra>
                            </node>
                            <extra>
                              <technique profile="blender">
                                <layer sid="layer" type="string">0</layer>
                                <tip_x sid="tip_x" type="float">0</tip_x>
                                <tip_y sid="tip_y" type="float">0.02999997</tip_y>
                                <tip_z sid="tip_z" type="float">0</tip_z>
                              </technique>
                            </extra>
                          </node>
                          <extra>
                            <technique profile="blender">
                              <layer sid="layer" type="string">0</layer>
                              <tip_x sid="tip_x" type="float">0</tip_x>
                              <tip_y sid="tip_y" type="float">0.02999997</tip_y>
                              <tip_z sid="tip_z" type="float">0</tip_z>
                            </technique>
                          </extra>
                        </node>
                        <extra>
                          <technique profile="blender">
                            <layer sid="layer" type="string">0</layer>
                            <tip_x sid="tip_x" type="float">0</tip_x>
                            <tip_y sid="tip_y" type="float">0.02999997</tip_y>
                            <tip_z sid="tip_z" type="float">0</tip_z>
                          </technique>
                        </extra>
                      </node>
                      <node id="GanondorfRig_mCollarRight" name="mCollarRight" sid="mCollarRight" type="JOINT">
                        <matrix sid="transform">1 0 0 -0.021 0 1 0 -0.085 0 0 1 0.1650001 0 0 0 1</matrix>
                        <node id="GanondorfRig_R_CLAVICLE" name="R_CLAVICLE" sid="R_CLAVICLE" type="JOINT">
                          <matrix sid="transform">1 0 0 0.02 0 1 0 0 0 0 1 0.01999998 0 0 0 1</matrix>
                          <extra>
                            <technique profile="blender">
                              <layer sid="layer" type="string">0</layer>
                              <tip_x sid="tip_x" type="float">0</tip_x>
                              <tip_y sid="tip_y" type="float">0.02999997</tip_y>
                              <tip_z sid="tip_z" type="float">0</tip_z>
                            </technique>
                          </extra>
                        </node>
                        <node id="GanondorfRig_mShoulderRight" name="mShoulderRight" sid="mShoulderRight" type="JOINT">
                          <matrix sid="transform">1 0 0 0 0 1 0 -0.079 0 0 1 0 0 0 0 1</matrix>
                          <node id="GanondorfRig_R_UPPER_ARM" name="R_UPPER_ARM" sid="R_UPPER_ARM" type="JOINT">
                            <matrix sid="transform">1 0 0 0 0 1 0 -0.12 0 0 1 0.00999999 0 0 0 1</matrix>
                            <extra>
                              <technique profile="blender">
                                <layer sid="layer" type="string">0</layer>
                                <tip_x sid="tip_x" type="float">0</tip_x>
                                <tip_y sid="tip_y" type="float">0.02988582</tip_y>
                                <tip_z sid="tip_z" type="float">0.002614617</tip_z>
                              </technique>
                            </extra>
                          </node>
                          <node id="GanondorfRig_mElbowRight" name="mElbowRight" sid="mElbowRight" type="JOINT">
                            <matrix sid="transform">1 0 0 0 0 1 0 -0.248 0 0 1 0 0 0 0 1</matrix>
                            <node id="GanondorfRig_R_LOWER_ARM" name="R_LOWER_ARM" sid="R_LOWER_ARM" type="JOINT">
                              <matrix sid="transform">1 0 0 0 0 1 0 -0.1 0 0 1 0 0 0 0 1</matrix>
                              <extra>
                                <technique profile="blender">
                                  <layer sid="layer" type="string">0</layer>
                                  <tip_x sid="tip_x" type="float">0</tip_x>
                                  <tip_y sid="tip_y" type="float">0.02995884</tip_y>
                                  <tip_z sid="tip_z" type="float">0.001570105</tip_z>
                                </technique>
                              </extra>
                            </node>
                            <node id="GanondorfRig_mWristRight" name="mWristRight" sid="mWristRight" type="JOINT">
                              <matrix sid="transform">1 0 0 0 0 1 0 -0.205 0 0 1 0 0 0 0 1</matrix>
                              <node id="GanondorfRig_R_HAND" name="R_HAND" sid="R_HAND" type="JOINT">
                                <matrix sid="transform">0.9999999 7.567e-10 9.31323e-10 0.009999998 -1.41154e-8 0.9999999 -3.72529e-9 -0.05000001 -9.31323e-10 -3.72529e-9 1 0 0 0 0 1</matrix>
                                <extra>
                                  <technique profile="blender">
                                    <layer sid="layer" type="string">0</layer>
                                    <roll sid="roll" type="float">0.004581928</roll>
                                    <tip_x sid="tip_x" type="float">-0.005202293</tip_x>
                                    <tip_y sid="tip_y" type="float">0.02950376</tip_y>
                                    <tip_z sid="tip_z" type="float">0.001570105</tip_z>
                                  </technique>
                                </extra>
                              </node>
                              <node id="GanondorfRig_mHandMiddle1Right" name="mHandMiddle1Right" sid="mHandMiddle1Right" type="JOINT">
                                <matrix sid="transform">1 0 0 0.013 0 1 0 -0.101 0 0 1 0.01499999 0 0 0 1</matrix>
                                <node id="GanondorfRig_mHandMiddle2Right" name="mHandMiddle2Right" sid="mHandMiddle2Right" type="JOINT">
                                  <matrix sid="transform">1 0 0 -0.001 0 1 0 -0.04000002 0 0 1 -0.006000042 0 0 0 1</matrix>
                                  <node id="GanondorfRig_mHandMiddle3Right" name="mHandMiddle3Right" sid="mHandMiddle3Right" type="JOINT">
                                    <matrix sid="transform">1 0 0 -0.001 0 1 0 -0.04899997 0 0 1 -0.008000016 0 0 0 1</matrix>
                                    <extra>
                                      <technique profile="blender">
                                        <layer sid="layer" type="string">0</layer>
                                        <tip_x sid="tip_x" type="float">0</tip_x>
                                        <tip_y sid="tip_y" type="float">0.02999997</tip_y>
                                        <tip_z sid="tip_z" type="float">0</tip_z>
                                      </technique>
                                    </extra>
                                  </node>
                                  <extra>
                                    <technique profile="blender">
                                      <layer sid="layer" type="string">0</layer>
                                      <tip_x sid="tip_x" type="float">0</tip_x>
                                      <tip_y sid="tip_y" type="float">0.02999997</tip_y>
                                      <tip_z sid="tip_z" type="float">0</tip_z>
                                    </technique>
                                  </extra>
                                </node>
                                <extra>
                                  <technique profile="blender">
                                    <layer sid="layer" type="string">0</layer>
                                    <tip_x sid="tip_x" type="float">0</tip_x>
                                    <tip_y sid="tip_y" type="float">0.02999997</tip_y>
                                    <tip_z sid="tip_z" type="float">0</tip_z>
                                  </technique>
                                </extra>
                              </node>
                              <node id="GanondorfRig_mHandIndex1Right" name="mHandIndex1Right" sid="mHandIndex1Right" type="JOINT">
                                <matrix sid="transform">1 0 0 0.038 0 1 0 -0.097 0 0 1 0.01499999 0 0 0 1</matrix>
                                <node id="GanondorfRig_mHandIndex2Right" name="mHandIndex2Right" sid="mHandIndex2Right" type="JOINT">
                                  <matrix sid="transform">1 0 0 0.017 0 1 0 -0.03600001 0 0 1 -0.006000042 0 0 0 1</matrix>
                                  <node id="GanondorfRig_mHandIndex3Right" name="mHandIndex3Right" sid="mHandIndex3Right" type="JOINT">
                                    <matrix sid="transform">1 0 0 0.014 0 1 0 -0.03200001 0 0 1 -0.005999923 0 0 0 1</matrix>
                                    <extra>
                                      <technique profile="blender">
                                        <layer sid="layer" type="string">0</layer>
                                        <tip_x sid="tip_x" type="float">0</tip_x>
                                        <tip_y sid="tip_y" type="float">0.02999997</tip_y>
                                        <tip_z sid="tip_z" type="float">0</tip_z>
                                      </technique>
                                    </extra>
                                  </node>
                                  <extra>
                                    <technique profile="blender">
                                      <layer sid="layer" type="string">0</layer>
                                      <tip_x sid="tip_x" type="float">0</tip_x>
                                      <tip_y sid="tip_y" type="float">0.02999997</tip_y>
                                      <tip_z sid="tip_z" type="float">0</tip_z>
                                    </technique>
                                  </extra>
                                </node>
                                <extra>
                                  <technique profile="blender">
                                    <layer sid="layer" type="string">0</layer>
                                    <tip_x sid="tip_x" type="float">0</tip_x>
                                    <tip_y sid="tip_y" type="float">0.02999997</tip_y>
                                    <tip_z sid="tip_z" type="float">0</tip_z>
                                  </technique>
                                </extra>
                              </node>
                              <node id="GanondorfRig_mHandRing1Right" name="mHandRing1Right" sid="mHandRing1Right" type="JOINT">
                                <matrix sid="transform">1 0 0 -0.01 0 1 0 -0.09900004 0 0 1 0.008999944 0 0 0 1</matrix>
                                <node id="GanondorfRig_mHandRing2Right" name="mHandRing2Right" sid="mHandRing2Right" type="JOINT">
                                  <matrix sid="transform">1 0 0 -0.013 0 1 0 -0.03799999 0 0 1 -0.008000016 0 0 0 1</matrix>
                                  <node id="GanondorfRig_mHandRing3Right" name="mHandRing3Right" sid="mHandRing3Right" type="JOINT">
                                    <matrix sid="transform">1 0 0 -0.013 0 1 0 -0.04000002 0 0 1 -0.008999944 0 0 0 1</matrix>
                                    <extra>
                                      <technique profile="blender">
                                        <layer sid="layer" type="string">0</layer>
                                        <tip_x sid="tip_x" type="float">0</tip_x>
                                        <tip_y sid="tip_y" type="float">0.02999997</tip_y>
                                        <tip_z sid="tip_z" type="float">0</tip_z>
                                      </technique>
                                    </extra>
                                  </node>
                                  <extra>
                                    <technique profile="blender">
                                      <layer sid="layer" type="string">0</layer>
                                      <tip_x sid="tip_x" type="float">0</tip_x>
                                      <tip_y sid="tip_y" type="float">0.02999997</tip_y>
                                      <tip_z sid="tip_z" type="float">0</tip_z>
                                    </technique>
                                  </extra>
                                </node>
                                <extra>
                                  <technique profile="blender">
                                    <layer sid="layer" type="string">0</layer>
                                    <tip_x sid="tip_x" type="float">0</tip_x>
                                    <tip_y sid="tip_y" type="float">0.02999997</tip_y>
                                    <tip_z sid="tip_z" type="float">0</tip_z>
                                  </technique>
                                </extra>
                              </node>
                              <node id="GanondorfRig_mHandPinky1Right" name="mHandPinky1Right" sid="mHandPinky1Right" type="JOINT">
                                <matrix sid="transform">1 0 0 -0.031 0 1 0 -0.09500003 0 0 1 0.003000021 0 0 0 1</matrix>
                                <node id="GanondorfRig_mHandPinky2Right" name="mHandPinky2Right" sid="mHandPinky2Right" type="JOINT">
                                  <matrix sid="transform">1 0 0 -0.024 0 1 0 -0.02499998 0 0 1 -0.006000042 0 0 0 1</matrix>
                                  <node id="GanondorfRig_mHandPinky3Right" name="mHandPinky3Right" sid="mHandPinky3Right" type="JOINT">
                                    <matrix sid="transform">1 0 0 -0.015 0 1 0 -0.01800001 0 0 1 -0.003999949 0 0 0 1</matrix>
                                    <extra>
                                      <technique profile="blender">
                                        <layer sid="layer" type="string">0</layer>
                                        <tip_x sid="tip_x" type="float">0</tip_x>
                                        <tip_y sid="tip_y" type="float">0.02999997</tip_y>
                                        <tip_z sid="tip_z" type="float">0</tip_z>
                                      </technique>
                                    </extra>
                                  </node>
                                  <extra>
                                    <technique profile="blender">
                                      <layer sid="layer" type="string">0</layer>
                                      <tip_x sid="tip_x" type="float">0</tip_x>
                                      <tip_y sid="tip_y" type="float">0.02999997</tip_y>
                                      <tip_z sid="tip_z" type="float">0</tip_z>
                                    </technique>
                                  </extra>
                                </node>
                                <extra>
                                  <technique profile="blender">
                                    <layer sid="layer" type="string">0</layer>
                                    <tip_x sid="tip_x" type="float">0</tip_x>
                                    <tip_y sid="tip_y" type="float">0.02999997</tip_y>
                                    <tip_z sid="tip_z" type="float">0</tip_z>
                                  </technique>
                                </extra>
                              </node>
                              <node id="GanondorfRig_mHandThumb1Right" name="mHandThumb1Right" sid="mHandThumb1Right" type="JOINT">
                                <matrix sid="transform">1 0 0 0.031 0 1 0 -0.02600002 0 0 1 0.003999949 0 0 0 1</matrix>
                                <node id="GanondorfRig_mHandThumb2Right" name="mHandThumb2Right" sid="mHandThumb2Right" type="JOINT">
                                  <matrix sid="transform">1 0 0 0.028 0 1 0 -0.03200001 0 0 1 -9.99928e-4 0 0 0 1</matrix>
                                  <node id="GanondorfRig_mHandThumb3Right" name="mHandThumb3Right" sid="mHandThumb3Right" type="JOINT">
                                    <matrix sid="transform">1 0 0 0.023 0 1 0 -0.03099996 0 0 1 -0.001000047 0 0 0 1</matrix>
                                    <extra>
                                      <technique profile="blender">
                                        <layer sid="layer" type="string">0</layer>
                                        <tip_x sid="tip_x" type="float">0</tip_x>
                                        <tip_y sid="tip_y" type="float">0.02999997</tip_y>
                                        <tip_z sid="tip_z" type="float">0</tip_z>
                                      </technique>
                                    </extra>
                                  </node>
                                  <extra>
                                    <technique profile="blender">
                                      <layer sid="layer" type="string">0</layer>
                                      <tip_x sid="tip_x" type="float">0</tip_x>
                                      <tip_y sid="tip_y" type="float">0.02999997</tip_y>
                                      <tip_z sid="tip_z" type="float">0</tip_z>
                                    </technique>
                                  </extra>
                                </node>
                                <extra>
                                  <technique profile="blender">
                                    <layer sid="layer" type="string">0</layer>
                                    <tip_x sid="tip_x" type="float">0</tip_x>
                                    <tip_y sid="tip_y" type="float">0.02999997</tip_y>
                                    <tip_z sid="tip_z" type="float">0</tip_z>
                                  </technique>
                                </extra>
                              </node>
                              <extra>
                                <technique profile="blender">
                                  <layer sid="layer" type="string">0</layer>
                                  <tip_x sid="tip_x" type="float">0</tip_x>
                                  <tip_y sid="tip_y" type="float">0.02999997</tip_y>
                                  <tip_z sid="tip_z" type="float">0</tip_z>
                                </technique>
                              </extra>
                            </node>
                            <extra>
                              <technique profile="blender">
                                <layer sid="layer" type="string">0</layer>
                                <tip_x sid="tip_x" type="float">0</tip_x>
                                <tip_y sid="tip_y" type="float">0.02999997</tip_y>
                                <tip_z sid="tip_z" type="float">0</tip_z>
                              </technique>
                            </extra>
                          </node>
                          <extra>
                            <technique profile="blender">
                              <layer sid="layer" type="string">0</layer>
                              <tip_x sid="tip_x" type="float">0</tip_x>
                              <tip_y sid="tip_y" type="float">0.02999997</tip_y>
                              <tip_z sid="tip_z" type="float">0</tip_z>
                            </technique>
                          </extra>
                        </node>
                        <extra>
                          <technique profile="blender">
                            <layer sid="layer" type="string">0</layer>
                            <tip_x sid="tip_x" type="float">0</tip_x>
                            <tip_y sid="tip_y" type="float">0.02999997</tip_y>
                            <tip_z sid="tip_z" type="float">0</tip_z>
                          </technique>
                        </extra>
                      </node>
                      <node id="GanondorfRig_mWingsRoot" name="mWingsRoot" sid="mWingsRoot" type="JOINT">
                        <matrix sid="transform">1 0 0 -0.014 0 1 0 0 0 0 1 0 0 0 0 1</matrix>
                        <node id="GanondorfRig_mWing1Left" name="mWing1Left" sid="mWing1Left" type="JOINT">
                          <matrix sid="transform">1 0 0 -0.09900001 0 1 0 0.105 0 0 1 0.181 0 0 0 1</matrix>
                          <node id="GanondorfRig_mWing2Left" name="mWing2Left" sid="mWing2Left" type="JOINT">
                            <matrix sid="transform">1 0 0 -0.168 0 1 0 0.169 0 0 1 0.06700003 0 0 0 1</matrix>
                            <node id="GanondorfRig_mWing3Left" name="mWing3Left" sid="mWing3Left" type="JOINT">
                              <matrix sid="transform">1 0 0 -0.181 0 1 0 0.183 0 0 1 0 0 0 0 1</matrix>
                              <node id="GanondorfRig_mWing4Left" name="mWing4Left" sid="mWing4Left" type="JOINT">
                                <matrix sid="transform">1 0 0 -0.171 0 1 0 0.173 0 0 1 0 0 0 0 1</matrix>
                                <extra>
                                  <technique profile="blender">
                                    <layer sid="layer" type="string">0</layer>
                                    <tip_x sid="tip_x" type="float">0</tip_x>
                                    <tip_y sid="tip_y" type="float">0.02999997</tip_y>
                                    <tip_z sid="tip_z" type="float">0</tip_z>
                                  </technique>
                                </extra>
                              </node>
                              <node id="GanondorfRig_mWing4FanLeft" name="mWing4FanLeft" sid="mWing4FanLeft" type="JOINT">
                                <matrix sid="transform">1 0 0 -0.171 0 1 0 0.173 0 0 1 0 0 0 0 1</matrix>
                                <extra>
                                  <technique profile="blender">
                                    <layer sid="layer" type="string">0</layer>
                                    <tip_x sid="tip_x" type="float">0</tip_x>
                                    <tip_y sid="tip_y" type="float">0.02999997</tip_y>
                                    <tip_z sid="tip_z" type="float">0</tip_z>
                                  </technique>
                                </extra>
                              </node>
                              <extra>
                                <technique profile="blender">
                                  <layer sid="layer" type="string">0</layer>
                                  <tip_x sid="tip_x" type="float">0</tip_x>
                                  <tip_y sid="tip_y" type="float">0.02999997</tip_y>
                                  <tip_z sid="tip_z" type="float">0</tip_z>
                                </technique>
                              </extra>
                            </node>
                            <extra>
                              <technique profile="blender">
                                <layer sid="layer" type="string">0</layer>
                                <tip_x sid="tip_x" type="float">0</tip_x>
                                <tip_y sid="tip_y" type="float">0.02999997</tip_y>
                                <tip_z sid="tip_z" type="float">0</tip_z>
                              </technique>
                            </extra>
                          </node>
                          <extra>
                            <technique profile="blender">
                              <layer sid="layer" type="string">0</layer>
                              <tip_x sid="tip_x" type="float">0</tip_x>
                              <tip_y sid="tip_y" type="float">0.02999997</tip_y>
                              <tip_z sid="tip_z" type="float">0</tip_z>
                            </technique>
                          </extra>
                        </node>
                        <node id="GanondorfRig_mWing1Right" name="mWing1Right" sid="mWing1Right" type="JOINT">
                          <matrix sid="transform">1 0 0 -0.09900001 0 1 0 -0.105 0 0 1 0.181 0 0 0 1</matrix>
                          <node id="GanondorfRig_mWing2Right" name="mWing2Right" sid="mWing2Right" type="JOINT">
                            <matrix sid="transform">1 0 0 -0.168 0 1 0 -0.169 0 0 1 0.06700003 0 0 0 1</matrix>
                            <node id="GanondorfRig_mWing3Right" name="mWing3Right" sid="mWing3Right" type="JOINT">
                              <matrix sid="transform">1 0 0 -0.181 0 1 0 -0.183 0 0 1 0 0 0 0 1</matrix>
                              <node id="GanondorfRig_mWing4Right" name="mWing4Right" sid="mWing4Right" type="JOINT">
                                <matrix sid="transform">1 0 0 -0.171 0 1 0 -0.173 0 0 1 0 0 0 0 1</matrix>
                                <extra>
                                  <technique profile="blender">
                                    <layer sid="layer" type="string">0</layer>
                                    <tip_x sid="tip_x" type="float">0</tip_x>
                                    <tip_y sid="tip_y" type="float">0.02999997</tip_y>
                                    <tip_z sid="tip_z" type="float">0</tip_z>
                                  </technique>
                                </extra>
                              </node>
                              <node id="GanondorfRig_mWing4FanRight" name="mWing4FanRight" sid="mWing4FanRight" type="JOINT">
                                <matrix sid="transform">1 0 0 -0.171 0 1 0 -0.173 0 0 1 0 0 0 0 1</matrix>
                                <extra>
                                  <technique profile="blender">
                                    <layer sid="layer" type="string">0</layer>
                                    <tip_x sid="tip_x" type="float">0</tip_x>
                                    <tip_y sid="tip_y" type="float">0.02999997</tip_y>
                                    <tip_z sid="tip_z" type="float">0</tip_z>
                                  </technique>
                                </extra>
                              </node>
                              <extra>
                                <technique profile="blender">
                                  <layer sid="layer" type="string">0</layer>
                                  <tip_x sid="tip_x" type="float">0</tip_x>
                                  <tip_y sid="tip_y" type="float">0.02999997</tip_y>
                                  <tip_z sid="tip_z" type="float">0</tip_z>
                                </technique>
                              </extra>
                            </node>
                            <extra>
                              <technique profile="blender">
                                <layer sid="layer" type="string">0</layer>
                                <tip_x sid="tip_x" type="float">0</tip_x>
                                <tip_y sid="tip_y" type="float">0.02999997</tip_y>
                                <tip_z sid="tip_z" type="float">0</tip_z>
                              </technique>
                            </extra>
                          </node>
                          <extra>
                            <technique profile="blender">
                              <layer sid="layer" type="string">0</layer>
                              <tip_x sid="tip_x" type="float">0</tip_x>
                              <tip_y sid="tip_y" type="float">0.02999997</tip_y>
                              <tip_z sid="tip_z" type="float">0</tip_z>
                            </technique>
                          </extra>
                        </node>
                        <extra>
                          <technique profile="blender">
                            <layer sid="layer" type="string">0</layer>
                            <tip_x sid="tip_x" type="float">0</tip_x>
                            <tip_y sid="tip_y" type="float">0.02999997</tip_y>
                            <tip_z sid="tip_z" type="float">0</tip_z>
                          </technique>
                        </extra>
                      </node>
                      <extra>
                        <technique profile="blender">
                          <layer sid="layer" type="string">0</layer>
                          <tip_x sid="tip_x" type="float">0</tip_x>
                          <tip_y sid="tip_y" type="float">0.02999997</tip_y>
                          <tip_z sid="tip_z" type="float">0</tip_z>
                        </technique>
                      </extra>
                    </node>
                    <extra>
                      <technique profile="blender">
                        <layer sid="layer" type="string">0</layer>
                        <tip_x sid="tip_x" type="float">0</tip_x>
                        <tip_y sid="tip_y" type="float">0.02999997</tip_y>
                        <tip_z sid="tip_z" type="float">0</tip_z>
                      </technique>
                    </extra>
                  </node>
                  <extra>
                    <technique profile="blender">
                      <layer sid="layer" type="string">0</layer>
                      <tip_x sid="tip_x" type="float">0</tip_x>
                      <tip_y sid="tip_y" type="float">0.02999997</tip_y>
                      <tip_z sid="tip_z" type="float">0</tip_z>
                    </technique>
                  </extra>
                </node>
                <extra>
                  <technique profile="blender">
                    <layer sid="layer" type="string">0</layer>
                    <tip_x sid="tip_x" type="float">0</tip_x>
                    <tip_y sid="tip_y" type="float">0.02999997</tip_y>
                    <tip_z sid="tip_z" type="float">0</tip_z>
                  </technique>
                </extra>
              </node>
              <extra>
                <technique profile="blender">
                  <layer sid="layer" type="string">0</layer>
                  <tip_x sid="tip_x" type="float">0</tip_x>
                  <tip_y sid="tip_y" type="float">0.02999997</tip_y>
                  <tip_z sid="tip_z" type="float">0</tip_z>
                </technique>
              </extra>
            </node>
            <extra>
              <technique profile="blender">
                <layer sid="layer" type="string">0</layer>
                <tip_x sid="tip_x" type="float">0</tip_x>
                <tip_y sid="tip_y" type="float">0.02999997</tip_y>
                <tip_z sid="tip_z" type="float">0</tip_z>
              </technique>
            </extra>
          </node>
          <node id="GanondorfRig_mHipRight" name="mHipRight" sid="mHipRight" type="JOINT">
            <matrix sid="transform">1 0 0 0.034 0 1 0 -0.129 0 0 1 -0.04100001 0 0 0 1</matrix>
            <node id="GanondorfRig_R_UPPER_LEG" name="R_UPPER_LEG" sid="R_UPPER_LEG" type="JOINT">
              <matrix sid="transform">1 0 0 -0.02 0 1 0 0.04999999 0 0 1 -0.22 0 0 0 1</matrix>
              <extra>
                <technique profile="blender">
                  <layer sid="layer" type="string">0</layer>
                  <tip_x sid="tip_x" type="float">0</tip_x>
                  <tip_y sid="tip_y" type="float">0.02999997</tip_y>
                  <tip_z sid="tip_z" type="float">0</tip_z>
                </technique>
              </extra>
            </node>
            <node id="GanondorfRig_mKneeRight" name="mKneeRight" sid="mKneeRight" type="JOINT">
              <matrix sid="transform">1 0 0 -0.001000002 0 1 0 0.04899999 0 0 1 -0.491 0 0 0 1</matrix>
              <node id="GanondorfRig_R_LOWER_LEG" name="R_LOWER_LEG" sid="R_LOWER_LEG" type="JOINT">
                <matrix sid="transform">1 0 0 -0.02 0 1 0 0 0 0 1 -0.2 0 0 0 1</matrix>
                <extra>
                  <technique profile="blender">
                    <layer sid="layer" type="string">0</layer>
                    <tip_x sid="tip_x" type="float">0</tip_x>
                    <tip_y sid="tip_y" type="float">0.02999997</tip_y>
                    <tip_z sid="tip_z" type="float">0</tip_z>
                  </technique>
                </extra>
              </node>
              <node id="GanondorfRig_mAnkleRight" name="mAnkleRight" sid="mAnkleRight" type="JOINT">
                <matrix sid="transform">1 0 0 -0.029 0 1 0 0 0 0 1 -0.468 0 0 0 1</matrix>
                <node id="GanondorfRig_R_FOOT" name="R_FOOT" sid="R_FOOT" type="JOINT">
                  <matrix sid="transform">1 0 1.49012e-8 0.077 0 1 0 0 -1.49012e-8 0 1 -0.041 0 0 0 1</matrix>
                  <extra>
                    <technique profile="blender">
                      <layer sid="layer" type="string">0</layer>
                      <roll sid="roll" type="float">0.1745329</roll>
                      <tip_x sid="tip_x" type="float">0</tip_x>
                      <tip_y sid="tip_y" type="float">0.02999997</tip_y>
                      <tip_z sid="tip_z" type="float">0</tip_z>
                    </technique>
                  </extra>
                </node>
                <node id="GanondorfRig_mFootRight" name="mFootRight" sid="mFootRight" type="JOINT">
                  <matrix sid="transform">1 0 0 0.112 0 1 0 0 0 0 1 -0.061 0 0 0 1</matrix>
                  <node id="GanondorfRig_mToeRight" name="mToeRight" sid="mToeRight" type="JOINT">
                    <matrix sid="transform">1 0 0 0.109 0 1 0 0 0 0 1 0 0 0 0 1</matrix>
                    <extra>
                      <technique profile="blender">
                        <layer sid="layer" type="string">0</layer>
                        <tip_x sid="tip_x" type="float">0</tip_x>
                        <tip_y sid="tip_y" type="float">0.02999997</tip_y>
                        <tip_z sid="tip_z" type="float">0</tip_z>
                      </technique>
                    </extra>
                  </node>
                  <extra>
                    <technique profile="blender">
                      <layer sid="layer" type="string">0</layer>
                      <tip_x sid="tip_x" type="float">0</tip_x>
                      <tip_y sid="tip_y" type="float">0.02999997</tip_y>
                      <tip_z sid="tip_z" type="float">0</tip_z>
                    </technique>
                  </extra>
                </node>
                <extra>
                  <technique profile="blender">
                    <layer sid="layer" type="string">0</layer>
                    <tip_x sid="tip_x" type="float">0</tip_x>
                    <tip_y sid="tip_y" type="float">0.02999997</tip_y>
                    <tip_z sid="tip_z" type="float">0</tip_z>
                  </technique>
                </extra>
              </node>
              <extra>
                <technique profile="blender">
                  <layer sid="layer" type="string">0</layer>
                  <tip_x sid="tip_x" type="float">0</tip_x>
                  <tip_y sid="tip_y" type="float">0.02999997</tip_y>
                  <tip_z sid="tip_z" type="float">0</tip_z>
                </technique>
              </extra>
            </node>
            <extra>
              <technique profile="blender">
                <layer sid="layer" type="string">0</layer>
                <tip_x sid="tip_x" type="float">0</tip_x>
                <tip_y sid="tip_y" type="float">0.02999997</tip_y>
                <tip_z sid="tip_z" type="float">0</tip_z>
              </technique>
            </extra>
          </node>
          <node id="GanondorfRig_mHipLeft" name="mHipLeft" sid="mHipLeft" type="JOINT">
            <matrix sid="transform">1 0 0 0.034 0 1 0 0.127 0 0 1 -0.04100001 0 0 0 1</matrix>
            <node id="GanondorfRig_L_UPPER_LEG" name="L_UPPER_LEG" sid="L_UPPER_LEG" type="JOINT">
              <matrix sid="transform">1 0 0 -0.02 0 1 0 -0.05 0 0 1 -0.22 0 0 0 1</matrix>
              <extra>
                <technique profile="blender">
                  <layer sid="layer" type="string">0</layer>
                  <tip_x sid="tip_x" type="float">0</tip_x>
                  <tip_y sid="tip_y" type="float">0.02999997</tip_y>
                  <tip_z sid="tip_z" type="float">0</tip_z>
                </technique>
              </extra>
            </node>
            <node id="GanondorfRig_mKneeLeft" name="mKneeLeft" sid="mKneeLeft" type="JOINT">
              <matrix sid="transform">1 0 0 -0.001000002 0 1 0 -0.046 0 0 1 -0.491 0 0 0 1</matrix>
              <node id="GanondorfRig_L_LOWER_LEG" name="L_LOWER_LEG" sid="L_LOWER_LEG" type="JOINT">
                <matrix sid="transform">1 0 0 -0.02 0 1 0 0 0 0 1 -0.2 0 0 0 1</matrix>
                <extra>
                  <technique profile="blender">
                    <layer sid="layer" type="string">0</layer>
                    <tip_x sid="tip_x" type="float">0</tip_x>
                    <tip_y sid="tip_y" type="float">0.02999997</tip_y>
                    <tip_z sid="tip_z" type="float">0</tip_z>
                  </technique>
                </extra>
              </node>
              <node id="GanondorfRig_mAnkleLeft" name="mAnkleLeft" sid="mAnkleLeft" type="JOINT">
                <matrix sid="transform">1 0 0 -0.029 0 1 0 0.001000002 0 0 1 -0.468 0 0 0 1</matrix>
                <node id="GanondorfRig_L_FOOT" name="L_FOOT" sid="L_FOOT" type="JOINT">
                  <matrix sid="transform">1 0 1.49012e-8 0.077 0 1 0 0 -1.49012e-8 0 1 -0.041 0 0 0 1</matrix>
                  <extra>
                    <technique profile="blender">
                      <layer sid="layer" type="string">0</layer>
                      <roll sid="roll" type="float">0.1745329</roll>
                      <tip_x sid="tip_x" type="float">0</tip_x>
                      <tip_y sid="tip_y" type="float">0.02999997</tip_y>
                      <tip_z sid="tip_z" type="float">0</tip_z>
                    </technique>
                  </extra>
                </node>
                <node id="GanondorfRig_mFootLeft" name="mFootLeft" sid="mFootLeft" type="JOINT">
                  <matrix sid="transform">1 0 0 0.112 0 1 0 0 0 0 1 -0.061 0 0 0 1</matrix>
                  <node id="GanondorfRig_mToeLeft" name="mToeLeft" sid="mToeLeft" type="JOINT">
                    <matrix sid="transform">1 0 0 0.109 0 1 0 0 0 0 1 0 0 0 0 1</matrix>
                    <extra>
                      <technique profile="blender">
                        <layer sid="layer" type="string">0</layer>
                        <tip_x sid="tip_x" type="float">0</tip_x>
                        <tip_y sid="tip_y" type="float">0.02999997</tip_y>
                        <tip_z sid="tip_z" type="float">0</tip_z>
                      </technique>
                    </extra>
                  </node>
                  <extra>
                    <technique profile="blender">
                      <layer sid="layer" type="string">0</layer>
                      <tip_x sid="tip_x" type="float">0</tip_x>
                      <tip_y sid="tip_y" type="float">0.02999997</tip_y>
                      <tip_z sid="tip_z" type="float">0</tip_z>
                    </technique>
                  </extra>
                </node>
                <extra>
                  <technique profile="blender">
                    <layer sid="layer" type="string">0</layer>
                    <tip_x sid="tip_x" type="float">0</tip_x>
                    <tip_y sid="tip_y" type="float">0.02999997</tip_y>
                    <tip_z sid="tip_z" type="float">0</tip_z>
                  </technique>
                </extra>
              </node>
              <extra>
                <technique profile="blender">
                  <layer sid="layer" type="string">0</layer>
                  <tip_x sid="tip_x" type="float">0</tip_x>
                  <tip_y sid="tip_y" type="float">0.02999997</tip_y>
                  <tip_z sid="tip_z" type="float">0</tip_z>
                </technique>
              </extra>
            </node>
            <extra>
              <technique profile="blender">
                <layer sid="layer" type="string">0</layer>
                <tip_x sid="tip_x" type="float">0</tip_x>
                <tip_y sid="tip_y" type="float">0.02999997</tip_y>
                <tip_z sid="tip_z" type="float">0</tip_z>
              </technique>
            </extra>
          </node>
          <node id="GanondorfRig_mTail1" name="mTail1" sid="mTail1" type="JOINT">
            <matrix sid="transform">1 0 0 -0.116 0 1 0 0 0 0 1 0.04699993 0 0 0 1</matrix>
            <node id="GanondorfRig_mTail2" name="mTail2" sid="mTail2" type="JOINT">
              <matrix sid="transform">1 0 0 -0.197 0 1 0 0 0 0 1 0 0 0 0 1</matrix>
              <node id="GanondorfRig_mTail3" name="mTail3" sid="mTail3" type="JOINT">
                <matrix sid="transform">1 0 0 -0.168 0 1 0 0 0 0 1 0 0 0 0 1</matrix>
                <node id="GanondorfRig_mTail4" name="mTail4" sid="mTail4" type="JOINT">
                  <matrix sid="transform">1 0 0 -0.142 0 1 0 0 0 0 1 0 0 0 0 1</matrix>
                  <node id="GanondorfRig_mTail5" name="mTail5" sid="mTail5" type="JOINT">
                    <matrix sid="transform">1 0 0 -0.112 0 1 0 0 0 0 1 0 0 0 0 1</matrix>
                    <node id="GanondorfRig_mTail6" name="mTail6" sid="mTail6" type="JOINT">
                      <matrix sid="transform">1 0 0 -0.09399998 0 1 0 0 0 0 1 0 0 0 0 1</matrix>
                      <extra>
                        <technique profile="blender">
                          <layer sid="layer" type="string">0</layer>
                          <tip_x sid="tip_x" type="float">0</tip_x>
                          <tip_y sid="tip_y" type="float">0.02999997</tip_y>
                          <tip_z sid="tip_z" type="float">0</tip_z>
                        </technique>
                      </extra>
                    </node>
                    <extra>
                      <technique profile="blender">
                        <layer sid="layer" type="string">0</layer>
                        <tip_x sid="tip_x" type="float">0</tip_x>
                        <tip_y sid="tip_y" type="float">0.02999997</tip_y>
                        <tip_z sid="tip_z" type="float">0</tip_z>
                      </technique>
                    </extra>
                  </node>
                  <extra>
                    <technique profile="blender">
                      <layer sid="layer" type="string">0</layer>
                      <tip_x sid="tip_x" type="float">0</tip_x>
                      <tip_y sid="tip_y" type="float">0.02999997</tip_y>
                      <tip_z sid="tip_z" type="float">0</tip_z>
                    </technique>
                  </extra>
                </node>
                <extra>
                  <technique profile="blender">
                    <layer sid="layer" type="string">0</layer>
                    <tip_x sid="tip_x" type="float">0</tip_x>
                    <tip_y sid="tip_y" type="float">0.02999997</tip_y>
                    <tip_z sid="tip_z" type="float">0</tip_z>
                  </technique>
                </extra>
              </node>
              <extra>
                <technique profile="blender">
                  <layer sid="layer" type="string">0</layer>
                  <tip_x sid="tip_x" type="float">0</tip_x>
                  <tip_y sid="tip_y" type="float">0.02999997</tip_y>
                  <tip_z sid="tip_z" type="float">0</tip_z>
                </technique>
              </extra>
            </node>
            <extra>
              <technique profile="blender">
                <layer sid="layer" type="string">0</layer>
                <tip_x sid="tip_x" type="float">0</tip_x>
                <tip_y sid="tip_y" type="float">0.02999997</tip_y>
                <tip_z sid="tip_z" type="float">0</tip_z>
              </technique>
            </extra>
          </node>
          <node id="GanondorfRig_mGroin" name="mGroin" sid="mGroin" type="JOINT">
            <matrix sid="transform">1 0 0 0.064 0 1 0 0 0 0 1 -0.097 0 0 0 1</matrix>
            <extra>
              <technique profile="blender">
                <layer sid="layer" type="string">0</layer>
                <tip_x sid="tip_x" type="float">0</tip_x>
                <tip_y sid="tip_y" type="float">0.02999997</tip_y>
                <tip_z sid="tip_z" type="float">0</tip_z>
              </technique>
            </extra>
          </node>
          <node id="GanondorfRig_mHindLimbsRoot" name="mHindLimbsRoot" sid="mHindLimbsRoot" type="JOINT">
            <matrix sid="transform">1 0 0 -0.2 0 1 0 0 0 0 1 0.08399999 0 0 0 1</matrix>
            <node id="GanondorfRig_mHindLimb1Left" name="mHindLimb1Left" sid="mHindLimb1Left" type="JOINT">
              <matrix sid="transform">1 0 0 -0.204 0 1 0 0.129 0 0 1 -0.125 0 0 0 1</matrix>
              <node id="GanondorfRig_mHindLimb2Left" name="mHindLimb2Left" sid="mHindLimb2Left" type="JOINT">
                <matrix sid="transform">1 0 0 0.002000004 0 1 0 -0.046 0 0 1 -0.491 0 0 0 1</matrix>
                <node id="GanondorfRig_mHindLimb3Left" name="mHindLimb3Left" sid="mHindLimb3Left" type="JOINT">
                  <matrix sid="transform">1 0 0 -0.03 0 1 0 -0.002999999 0 0 1 -0.468 0 0 0 1</matrix>
                  <node id="GanondorfRig_mHindLimb4Left" name="mHindLimb4Left" sid="mHindLimb4Left" type="JOINT">
                    <matrix sid="transform">1 0 0 0.112 0 1 0 0 0 0 1 -0.061 0 0 0 1</matrix>
                    <extra>
                      <technique profile="blender">
                        <layer sid="layer" type="string">0</layer>
                        <tip_x sid="tip_x" type="float">0</tip_x>
                        <tip_y sid="tip_y" type="float">0.02999997</tip_y>
                        <tip_z sid="tip_z" type="float">0</tip_z>
                      </technique>
                    </extra>
                  </node>
                  <extra>
                    <technique profile="blender">
                      <layer sid="layer" type="string">0</layer>
                      <tip_x sid="tip_x" type="float">0</tip_x>
                      <tip_y sid="tip_y" type="float">0.02999997</tip_y>
                      <tip_z sid="tip_z" type="float">0</tip_z>
                    </technique>
                  </extra>
                </node>
                <extra>
                  <technique profile="blender">
                    <layer sid="layer" type="string">0</layer>
                    <tip_x sid="tip_x" type="float">0</tip_x>
                    <tip_y sid="tip_y" type="float">0.02999997</tip_y>
                    <tip_z sid="tip_z" type="float">0</tip_z>
                  </technique>
                </extra>
              </node>
              <extra>
                <technique profile="blender">
                  <layer sid="layer" type="string">0</layer>
                  <tip_x sid="tip_x" type="float">0</tip_x>
                  <tip_y sid="tip_y" type="float">0.02999997</tip_y>
                  <tip_z sid="tip_z" type="float">0</tip_z>
                </technique>
              </extra>
            </node>
            <node id="GanondorfRig_mHindLimb1Right" name="mHindLimb1Right" sid="mHindLimb1Right" type="JOINT">
              <matrix sid="transform">1 0 0 -0.204 0 1 0 -0.129 0 0 1 -0.125 0 0 0 1</matrix>
              <node id="GanondorfRig_mHindLimb2Right" name="mHindLimb2Right" sid="mHindLimb2Right" type="JOINT">
                <matrix sid="transform">1 0 0 0.002000004 0 1 0 0.046 0 0 1 -0.491 0 0 0 1</matrix>
                <node id="GanondorfRig_mHindLimb3Right" name="mHindLimb3Right" sid="mHindLimb3Right" type="JOINT">
                  <matrix sid="transform">1 0 0 -0.03 0 1 0 0.002999999 0 0 1 -0.468 0 0 0 1</matrix>
                  <node id="GanondorfRig_mHindLimb4Right" name="mHindLimb4Right" sid="mHindLimb4Right" type="JOINT">
                    <matrix sid="transform">1 0 0 0.112 0 1 0 0 0 0 1 -0.061 0 0 0 1</matrix>
                    <extra>
                      <technique profile="blender">
                        <layer sid="layer" type="string">0</layer>
                        <tip_x sid="tip_x" type="float">0</tip_x>
                        <tip_y sid="tip_y" type="float">0.02999997</tip_y>
                        <tip_z sid="tip_z" type="float">0</tip_z>
                      </technique>
                    </extra>
                  </node>
                  <extra>
                    <technique profile="blender">
                      <layer sid="layer" type="string">0</layer>
                      <tip_x sid="tip_x" type="float">0</tip_x>
                      <tip_y sid="tip_y" type="float">0.02999997</tip_y>
                      <tip_z sid="tip_z" type="float">0</tip_z>
                    </technique>
                  </extra>
                </node>
                <extra>
                  <technique profile="blender">
                    <layer sid="layer" type="string">0</layer>
                    <tip_x sid="tip_x" type="float">0</tip_x>
                    <tip_y sid="tip_y" type="float">0.02999997</tip_y>
                    <tip_z sid="tip_z" type="float">0</tip_z>
                  </technique>
                </extra>
              </node>
              <extra>
                <technique profile="blender">
                  <layer sid="layer" type="string">0</layer>
                  <tip_x sid="tip_x" type="float">0</tip_x>
                  <tip_y sid="tip_y" type="float">0.02999997</tip_y>
                  <tip_z sid="tip_z" type="float">0</tip_z>
                </technique>
              </extra>
            </node>
            <extra>
              <technique profile="blender">
                <layer sid="layer" type="string">0</layer>
                <tip_x sid="tip_x" type="float">0</tip_x>
                <tip_y sid="tip_y" type="float">0.02999997</tip_y>
                <tip_z sid="tip_z" type="float">0</tip_z>
              </technique>
            </extra>
          </node>
          <extra>
            <technique profile="blender">
              <layer sid="layer" type="string">0</layer>
              <tip_x sid="tip_x" type="float">0</tip_x>
              <tip_y sid="tip_y" type="float">0.02999997</tip_y>
              <tip_z sid="tip_z" type="float">0</tip_z>
            </technique>
          </extra>
        </node>
        <node id="GanondorfNecklace_LOD2" name="GanondorfNecklace_LOD2" type="NODE">
          <matrix sid="transform">1 0 0 0 0 1 0 0 0 0 1 0 0 0 0 1</matrix>
          <instance_controller url="#GanondorfRig_GanondorfNecklace_LOD2-skin">
            <skeleton>#GanondorfRig_mPelvis</skeleton>
            <bind_material>
              <technique_common>
                <instance_material symbol="Gold-material" target="#Gold-material">
                  <bind_vertex_input semantic="UVMap" input_semantic="TEXCOORD" input_set="0"/>
                </instance_material>
                <instance_material symbol="Gem-material" target="#Gem-material">
                  <bind_vertex_input semantic="UVMap" input_semantic="TEXCOORD" input_set="0"/>
                </instance_material>
              </technique_common>
            </bind_material>
          </instance_controller>
        </node>
      </node>
    </visual_scene>
  </library_visual_scenes>
  <scene>
    <instance_visual_scene url="#Scene"/>
  </scene>
</COLLADA>