<?xml version="1.0" encoding="utf-8"?>
<COLLADA xmlns="http://www.collada.org/2005/11/COLLADASchema" version="1.4.1" xmlns:xsi="http://www.w3.org/2001/XMLSchema-instance">
  <asset>
    <contributor>
      <author>Blender User</author>
      <authoring_tool>Blender 3.6.19 commit date:2024-12-16, commit time:12:51, hash:56679ff9b2b2</authoring_tool>
    </contributor>
    <created>2026-07-11T11:34:58</created>
    <modified>2026-07-11T11:34:58</modified>
    <unit name="meter" meter="1"/>
    <up_axis>Z_UP</up_axis>
  </asset>
  <library_effects>
    <effect id="Gold-effect">
      <profile_COMMON>
        <technique sid="common">
          <lambert>
            <emission>
              <color sid="emission">0 0 0 1</color>
            </emission>
            <diffuse>
              <color sid="diffuse">0.85 0.65 0.2 1</color>
            </diffuse>
            <reflectivity>
              <float sid="specular">0.5</float>
            </reflectivity>
          </lambert>
        </technique>
      </profile_COMMON>
    </effect>
    <effect id="Gem-effect">
      <profile_COMMON>
        <technique sid="common">
          <lambert>
            <emission>
              <color sid="emission">0 0 0 1</color>
            </emission>
            <diffuse>
              <color sid="diffuse">0.6 0.06 0.1 1</color>
            </diffuse>
            <reflectivity>
              <float sid="specular">0.5</float>
            </reflectivity>
          </lambert>
        </technique>
      </profile_COMMON>
    </effect>
  </library_effects>
  <library_images/>
  <library_materials>
    <material id="Gold-material" name="Gold">
      <instance_effect url="#Gold-effect"/>
    </material>
    <material id="Gem-material" name="Gem">
      <instance_effect url="#Gem-effect"/>
    </material>
  </library_materials>
  <library_geometries>
    <geometry id="GanondorfNecklace_LOD0-mesh" name="GanondorfNecklace_LOD0">
      <mesh>
        <source id="GanondorfNecklace_LOD0-mesh-positions">
          <float_array id="GanondorfNecklace_LOD0-mesh-positions-array" count="1089">0.06432288 -0.1223201 1.544633 0.06515526 -0.1197165 1.547417 0.06510311 -0.1162872 1.549277 0.06417441 -0.1125542 1.549931 0.06251055 -0.109086 1.549277 0.06036478 -0.1064104 1.547417 0.05806386 -0.1049349 1.544633 0.05595803 -0.104884 1.541348 0.05436784 -0.1062655 1.538064 0.05353552 -0.1088691 1.535279 0.05358767 -0.1122984 1.533419 0.05451637 -0.1160314 1.532766 0.05618023 -0.1194996 1.533419 0.058326 -0.1221752 1.535279 0.06062692 -0.1236507 1.538064 0.06273275 -0.1237016 1.541348 0.06432288 0.1223201 1.544633 0.06515526 0.1197165 1.547417 0.06510311 0.1162872 1.549277 0.06417441 0.1125543 1.549931 0.06251049 0.109086 1.549277 0.06036478 0.1064104 1.547417 0.0580638 0.1049349 1.544633 0.05595797 0.104884 1.541348 0.05436784 0.1062655 1.538064 0.05353552 0.1088691 1.535279 0.05358767 0.1122984 1.533419 0.05451637 0.1160314 1.532766 0.05618023 0.1194996 1.533419 0.058326 0.1221752 1.535279 0.06062692 0.1236507 1.538064 0.06273275 0.1237016 1.541348 0.06490582 0.1219439 1.545765 0.06488811 0.1146212 1.549883 0.06150358 0.1075295 1.548574 0.05579364 0.104435 1.541344 0.05335998 0.1104563 1.534104 0.05534076 0.1183356 1.532761 0.06063407 0.1236776 1.53806 0.08691906 0.1104267 1.517098 0.08928573 0.1129093 1.524476 0.08199793 0.09411132 1.524813 0.08458065 0.1139395 1.522837 0.09239208 0.09625583 1.530277 0.08507353 0.09463006 1.5299 0.08303558 0.09405249 1.519858 0.08338654 0.09605669 1.516314 0.09635484 0.09190791 1.506243 0.09430086 0.1086648 1.527493 0.09369784 0.1020248 1.53155 0.08438122 0.1051273 1.514056 0.1021012 0.08195716 1.516683 0.1100646 0.09735876 1.506637 0.1159884 0.09395325 1.511827 0.1179484 0.09022694 1.51388 0.1090957 0.0898782 1.49977 0.1059738 0.0818969 1.518394 0.1175237 0.09269732 1.506529 0.1239623 0.08079397 1.511869 0.107625 0.07502859 1.508517 0.1079427 0.07452553 1.504052 0.1124907 0.09136402 1.50087 0.1232528 0.07591795 1.51238 0.1148334 0.07870101 1.516012 0.1047232 0.07952368 1.502754 0.1234369 0.0681346 1.488957 0.1204949 0.06680911 1.509194 0.1190685 0.06383579 1.505882 0.1324939 0.07257676 1.492377 0.1372662 0.06923139 1.498316 0.1294105 0.07155686 1.490093 0.1186732 0.0630294 1.493872 0.1381382 0.06546092 1.501045 0.1318858 0.05700689 1.505177 0.1291848 0.06509178 1.487005 0.1353278 0.07109946 1.495208 0.123678 0.06002938 1.48887 0.1263976 0.04810237 1.492327 0.1349413 0.04284942 1.500028 0.1445639 0.04810601 1.498774 0.1439252 0.0415374 1.49924 0.1250843 0.05255937 1.500021 0.1287556 0.04380083 1.495108 0.1323353 0.03673011 1.485208 0.1421272 0.04766309 1.48199 0.1445348 0.05286771 1.486874 0.1493715 0.04454493 1.490561 0.1519432 0.03496181 1.492266 0.1362965 0.0296576 1.494859 0.1378027 0.02704423 1.479895 0.1411121 0.03966295 1.479434 0.1516962 0.0362972 1.484848 0.1455045 0.02261751 1.49649 0.1403844 0.02885806 1.478188 0.1503505 0.03274977 1.481035 0.1366669 0.01902133 1.490058 0.1365872 0.01597887 1.485768 0.1561358 0.01957577 1.486259 0.1535134 0.01700222 1.493085 0.1505648 0.01717954 1.476698 0.1423648 0.01613545 1.495272 0.1467655 0.01438236 1.475841 0.1515787 0.002345025 1.494376 0.1381935 0.00598526 1.481497 0.1553522 0.01150655 1.479948 0.1565809 0.005246579 1.4893 0.1402354 0.004312336 1.492403 0.1437698 -0.01376271 1.476032 0.1434074 -0.005904674 1.49465 0.1402673 -0.007770776 1.478326 0.1463446 -0.0177896 1.49599 0.1466747 -0.01756739 1.475917 0.157266 -0.006586372 1.483716 0.1536346 -0.01538819 1.493008 0.1363542 -0.01675117 1.48597 0.152794 -0.007517397 1.477046 0.1554305 -0.0175324 1.490032 0.1385913 -0.006666302 1.490781 0.1360674 -0.02295601 1.482831 0.1535072 -0.02476328 1.481243 0.1548296 -0.02566748 1.487072 0.1479257 -0.02982848 1.478371 0.1445267 -0.04060196 1.498857 0.139863 -0.02828711 1.496904 0.1347737 -0.02684617 1.491227 0.1358072 -0.03100955 1.495247 0.1329002 -0.0426737 1.483012 0.1489678 -0.04349058 1.494164 0.1447417 -0.04814457 1.498661 0.1446035 -0.05020189 1.484641 0.1499094 -0.04332411 1.488343 0.129234 -0.04128783 1.490483 0.1369817 -0.05034643 1.482048 0.1365109 -0.04806149 1.502241 0.1249547 -0.06613135 1.487991 0.1397243 -0.05315101 1.48352 0.1255598 -0.05190944 1.489507 0.1252554 -0.05111378 1.497309 0.127933 -0.0564742 1.504386 0.1382771 -0.06695193 1.493297 0.1266368 -0.05214422 1.501047 0.1389843 -0.06622892 1.497185 0.1338138 -0.07206761 1.503796 0.1180717 -0.06187933 1.497626 0.1268374 -0.07517117 1.491752 0.1285119 -0.07789891 1.494912 0.1178325 -0.08112645 1.494235 0.1202373 -0.07324856 1.512566 0.1244258 -0.07417261 1.511635 0.1095056 -0.07916331 1.497879 0.1122665 -0.07225584 1.510177 0.1097023 -0.0744493 1.499583 0.1091214 -0.07323211 1.507624 0.121415 -0.08873873 1.508351 0.1192005 -0.09082204 1.505489 0.1087878 -0.07953357 1.516635 0.1038091 -0.07829374 1.506642 0.1111507 -0.09252047 1.501703 0.119925 -0.0862599 1.514168 0.1084157 -0.09861397 1.507687 0.1008546 -0.1000487 1.526555 0.09988594 -0.0962162 1.527232 0.09051042 -0.0996437 1.509887 0.08577471 -0.09476387 1.5148 0.09504556 -0.09454709 1.528593 0.09353375 -0.08688604 1.519744 0.09783703 -0.1074517 1.523336 0.09819388 -0.105081 1.526421 0.08378368 -0.09366178 1.519383 0.08917742 -0.1048834 1.512444 0.09478718 -0.1098909 1.520981 0.0909872 -0.1077774 1.514518 0.08757376 -0.09493595 1.53011 0.08173882 -0.1003927 1.515527 0.0845806 -0.1139396 1.522837 0.07751208 -0.09630036 1.529996 0.06501948 -0.1214604 1.546214 0.06488811 -0.114621 1.549883 0.06163406 -0.1077592 1.548648 0.05523478 -0.1180814 1.532734 0.05834096 -0.1223667 1.535192 0.05335992 -0.1104561 1.534104 0.05567425 -0.1046209 1.541049 0.06194812 -0.1240812 1.539898 0.1232133 -0.03925681 1.496164 0.1241 -0.03155487 1.472336 0.1252028 -0.03710031 1.44363 0.1266457 -0.0333929 1.460093 0.1280758 -0.04965621 1.501863 0.127344 -0.03642237 1.485847 0.129157 -0.04281497 1.445339 0.1236029 -0.05874288 1.425942 0.1254959 -0.04894715 1.505899 0.1312963 -0.04522407 1.472414 0.1259474 -0.05028861 1.429788 0.131335 -0.05639541 1.490707 0.1322783 -0.05474323 1.457281 0.1281605 -0.06569182 1.50537 0.1303985 -0.06525814 1.438638 0.1293873 -0.07535326 1.4975 0.1314566 -0.07906216 1.463464 0.127344 -0.08757758 1.485847 0.1266457 -0.09060704 1.460093 0.127111 -0.08344626 1.44138 0.1258931 -0.0742678 1.430308 0.1266095 -0.06471163 1.427275 0.1248825 -0.07042515 1.508436 0.1233019 -0.09012049 1.484105 0.1234686 -0.09145629 1.456423 0.1231118 -0.07533073 1.430198 0.123869 -0.08049595 1.501997 0.1195161 -0.08478301 1.485156 0.1194372 -0.08639645 1.454806 0.1221172 -0.08155089 1.436425 0.1245971 -0.05874282 1.510058 0.118852 -0.07345682 1.498247 0.1158111 -0.07280087 1.463179 0.1167222 -0.05842626 1.490176 0.1224054 -0.06691956 1.509097 0.1186324 -0.06625998 1.435176 0.1223516 -0.06587588 1.426671 0.1199653 -0.05688101 1.505175 0.1177725 -0.04299211 1.481258 0.1159673 -0.05480325 1.455969 0.1187484 -0.04413241 1.444278 0.1226007 -0.04962676 1.50599 0.1213256 -0.03479367 1.480775 0.1215543 -0.0333929 1.460093 0.1219375 -0.05044293 1.430165 0.1229526 -0.0414682 1.437172 0.1505007 0.01237308 1.485991 0.1511847 0.02893853 1.45978 0.1510846 0.02773469 1.43137 0.1509372 0.01344543 1.410319 0.1523901 0.02301359 1.475951 0.1524744 0.03055745 1.453081 0.152 0.02347606 1.420924 0.1513751 0.00387454 1.489951 0.1556655 0.02695369 1.43737 0.1533282 0.01374083 1.485356 0.1565838 0.02278304 1.465156 0.1560946 0.02024638 1.423329 0.1541625 0.01155716 1.410165 0.152 0.005567371 1.406456 0.1575106 0.0103963 1.477782 0.1604598 0.009313702 1.442717 0.1576976 0.00539875 1.416726 0.1593778 -0.003573775 1.470176 0.1595206 -0.01225727 1.43472 0.1572096 -0.01853871 1.471398 0.1566628 -0.02439641 1.434806 0.1559759 -0.01234388 1.414137 0.1543319 -0.002284348 1.488944 0.1541625 -0.01155704 1.485835 0.1547743 -0.0272063 1.460775 0.1539262 -0.002950608 1.406915 0.1513534 -0.02329272 1.475563 0.1529881 -0.01333081 1.410198 0.1511847 -0.02893853 1.45978 0.1524819 -0.0301218 1.441046 0.1510846 -0.02773469 1.43137 0.152 -0.02347606 1.420924 0.1511408 -0.01390117 1.48539 0.1496289 -0.01256608 1.410906 0.1471213 -0.02547508 1.452461 0.147659 -0.0215649 1.427455 0.1480184 -0.01106584 1.483011 0.1473863 1.16991e-4 1.411297 0.1517032 -0.003169357 1.489983 0.1436747 -0.009370028 1.453717 0.144765 -0.005604445 1.425293 0.1469473 0.002591371 1.483446 0.1513096 -0.002824068 1.406038 0.1441326 0.01277899 1.452489 0.1482114 0.01871711 1.475446 0.1471213 0.02547508 1.452461 0.1468576 0.01621663 1.420459 0.1231118 0.07533079 1.505802 0.1241 0.09244507 1.472336 0.1232133 0.08474314 1.496164 0.1252028 0.08689963 1.44363 0.1258931 0.07426786 1.430308 0.1247988 0.06915009 1.509186 0.1266457 0.09060704 1.460093 0.127344 0.08757758 1.485847 0.129157 0.08118498 1.445339 0.1243968 0.06516891 1.426016 0.1274583 0.0747652 1.503425 0.1312963 0.07877588 1.472414 0.1322783 0.06925672 1.457281 0.1303986 0.0587418 1.438638 0.1278362 0.06390368 1.429857 0.1263519 0.05786222 1.427227 0.1281605 0.05830812 1.50537 0.1315976 0.06199997 1.492003 0.1314566 0.04493778 1.463464 0.127344 0.03642237 1.485847 0.1266457 0.0333929 1.460093 0.127111 0.04055368 1.44138 0.1261787 0.04864007 1.505209 0.1249591 0.0480988 1.43061 0.1233019 0.03387951 1.484105 0.1234686 0.03254365 1.456423 0.123869 0.04350399 1.501997 0.1224408 0.05268007 1.428231 0.1195162 0.03921693 1.485156 0.119292 0.03710746 1.463752 0.1214787 0.03983068 1.440996 0.1250742 0.06117141 1.510152 0.118852 0.05054312 1.498247 0.1160835 0.05107778 1.47245 0.1184023 0.05660122 1.436726 0.1167222 0.06557369 1.490176 0.1155489 0.05790179 1.456979 0.1224054 0.05708038 1.509097 0.1203058 0.06860202 1.505794 0.1221832 0.06457632 1.426831 0.1177725 0.08100783 1.481258 0.1181307 0.07614451 1.441813 0.1213256 0.08920627 1.480775 0.1215543 0.09060704 1.460093 0.121089 0.08344626 1.44138 0.1229993 0.07760679 1.431581 0.1682228 0.01534003 1.450575 0.1674356 0.01235038 1.434004 0.1667392 0.007767379 1.463194 0.1733235 0.01432502 1.445545 0.1683986 0.00800991 1.428746 0.1664535 0.001079559 1.426426 0.1731587 0.008797347 1.46072 0.1783053 0.008206963 1.434953 0.1789501 0.01004594 1.451951 0.1815862 0.005547642 1.44007 0.1820086 2.58719e-4 1.454458 0.179768 -0.001260221 1.433066 0.1771497 8.81726e-4 1.462027 0.182934 -0.004187345 1.447496 0.1722959 6.69476e-4 1.4649 0.173165 9.42409e-4 1.427258 0.1767441 -0.009118676 1.4574 0.1788806 -0.01105177 1.444016 0.1760911 -0.006684899 1.431421 0.1734341 -0.01301419 1.438286 0.1708211 -0.01463901 1.450001 0.1689464 -0.006713271 1.428049 0.1684253 -0.01247191 1.457826 0.1642509 -0.01490163 1.445364 0.1628136 -0.01249611 1.435962 0.1692205 -0.005489349 1.464646 0.1596976 -0.01029288 1.456793 0.1624459 -0.006008803 1.429214 0.1657062 0.001851916 1.465444 0.1554325 -0.00794512 1.440472 0.1622326 -0.003857195 1.463713 0.1549441 -0.003695964 1.455954 0.1525104 -2.5371e-4 1.447281 0.1555583 4.81485e-4 1.434357 0.1576125 0.005378603 1.459197 0.1546815 0.007877945 1.444845 0.1592558 0.009118676 1.4346 0.161145 0.001271009 1.428366 0.1614385 0.01225578 1.454669 0.1608129 0.01310098 1.441224</float_array>
          <technique_common>
            <accessor source="#GanondorfNecklace_LOD0-mesh-positions-array" count="363" stride="3">
              <param name="X" type="float"/>
              <param name="Y" type="float"/>
              <param name="Z" type="float"/>
            </accessor>
          </technique_common>
        </source>
        <source id="GanondorfNecklace_LOD0-mesh-normals">
          <float_array id="GanondorfNecklace_LOD0-mesh-normals-array" count="1089">-0.8075165 -0.2907074 0.5132313 -0.8074808 -0.2907303 0.5132745 -0.8074707 -0.2907718 0.5132669 -0.8075222 -0.2907066 0.5132226 -0.8075076 -0.2907171 0.5132398 -0.8074944 -0.2907255 0.513256 -0.8075141 -0.2907122 0.5132325 -0.8074996 -0.2907205 0.5132506 -0.8075033 -0.290718 0.5132462 -0.807517 -0.2907099 0.5132291 -0.8074817 -0.2907339 0.513271 -0.8075162 -0.2907114 0.5132294 -0.8074736 -0.2907395 0.5132806 -0.8075024 -0.2907169 0.5132482 -0.8075012 -0.2907149 0.5132511 -0.8075242 -0.2907335 0.5132042 -0.8075011 0.2907185 0.5132493 -0.8074842 0.2907292 0.5132699 -0.807526 0.2907354 0.5132004 -0.8074855 0.2907332 0.5132654 -0.8075174 0.2907114 0.5132277 -0.8074859 0.2907317 0.5132656 -0.8075172 0.2907106 0.5132285 -0.8075018 0.2907198 0.5132473 -0.8075076 0.2907156 0.5132406 -0.8075125 0.2907138 0.5132339 -0.8074981 0.2907237 0.5132509 -0.8075088 0.2907164 0.5132384 -0.8075035 0.2907218 0.5132436 -0.8075124 0.29071 0.5132364 -0.8075188 0.2907058 0.5132287 -0.8075274 0.2907346 0.5131987 0.1291513 0.9300923 -0.3438726 0.03217214 0.7608985 -0.6480729 -0.3717013 0.4240512 -0.8258442 0.2534743 -0.455777 0.8532398 0.5448773 0.04143965 0.8374912 0.158587 -0.662316 0.7322484 -0.09701347 -0.8435248 0.5282561 -0.3981022 -0.9167092 0.03404277 -0.4026266 -0.9097662 0.1010813 -0.6190996 -0.3800789 -0.6872088 -0.6242907 -0.7288322 -0.2811845 -0.5808405 -0.0861774 -0.8094429 -0.372343 0.3128796 -0.8737661 0.6471737 0.6257377 0.4354521 0.449737 0.8910064 -0.06200194 0.5452791 0.7381849 0.3971824 0.5579447 0.06196612 0.8275616 -0.3028855 -0.8061412 0.5083274 0.3466492 0.8194852 -0.4563752 0.182156 0.909799 -0.3729408 0.7423528 0.4421185 0.5034318 -0.1404726 -0.6920336 0.7080656 0.698423 0.2203922 0.6809057 -0.653393 -0.7460227 0.1285605 -0.6355798 -0.5975267 -0.4888765 -0.7699691 -0.6258106 -0.1245343 0.2085922 0.6583555 -0.723227 0.4476036 -0.09917175 0.8887159 0.1690572 -0.4139309 0.8944725 -0.7524648 -0.4640448 -0.4673963 -0.1911116 0.4118719 -0.8909758 -0.3350328 0.1920368 -0.9224289 -0.2358492 -0.5837441 0.7769286 0.8508696 0.5183721 0.08550661 0.6254783 0.7449604 -0.2319722 0.6911789 0.7010674 0.1754317 -0.7951849 -0.3584941 -0.4890429 0.8328253 0.305759 0.4614256 0.02728474 -0.3404244 0.939876 -0.6516367 -0.09837907 -0.7521244 -0.6919427 -0.5943359 0.4098539 -0.8932754 -0.4483393 0.03241807 -0.4261103 -0.5971192 0.6796166 -0.4205772 -0.3891941 0.8195381 0.7292113 0.1369709 0.6704401 0.4411593 -0.05126482 0.8959634 -0.8859 -0.4109584 0.2151613 -0.8754271 -0.2225938 -0.4290447 0.9265604 0.3672836 0.08117085 0.7332454 0.490234 -0.4711921 0.9137832 0.1966476 0.3554297 0.3369486 0.3657224 -0.8675903 0.01394653 0.204728 -0.9787195 -0.01831436 0.3237047 -0.9459809 0.8923129 0.3218801 -0.3164979 -0.09724014 -0.1531911 0.9834007 0.6271755 0.2728102 -0.7295379 -0.9848558 -0.158859 0.06944745 -0.92589 -0.2289776 0.3004946 0.7517136 0.05046796 0.6575558 0.4268323 0.1472423 -0.8922633 -0.3411983 -0.1115956 0.9333435 -0.6789394 -0.3232323 0.6592134 -0.03056979 0.04404234 -0.9985619 0.4384524 -0.002458512 0.8987511 -0.6558381 -0.03741496 -0.7539739 -0.9245067 -0.02763324 -0.380163 0.8392008 0.08442872 -0.5372279 0.9874268 0.1579095 -0.00727117 0.9362233 0.02252727 0.3506829 -0.6511113 -0.04899913 0.757399 -0.3027092 -0.01900053 -0.9528936 -0.3301051 0.06206637 -0.9419016 -0.5339757 0.02812254 0.8450321 -0.6703763 0.01327931 -0.7419025 0.9795461 -0.05385607 -0.1938788 -0.1344138 0.1211674 0.9834894 0.1039575 -0.1147539 -0.9879395 0.7154484 -0.03225576 0.6979206 0.5575265 -0.04635792 -0.8288637 -0.9908778 0.1346382 0.005823433 0.9313539 -0.09901493 0.3503939 -0.9228184 0.1603233 -0.3502895 0.8089335 -0.2187877 -0.5456727 0.3702874 -0.2518512 -0.8941244 0.4386591 0.04662513 0.8974432 -0.8857871 0.2767103 0.3725756 -0.8116995 0.06372916 0.5805882 -0.6452072 0.3728514 0.6668505 -0.6757411 0.07874774 -0.7329207 0.8921271 -0.24022 0.3826273 0.7098548 -0.1365861 0.6909779 0.9775989 -0.2098795 0.01584798 0.9186322 -0.3569287 -0.1694606 0.6488868 -0.4358602 -0.6236762 -0.9352788 0.3515821 -0.04054301 -0.07011765 -0.2266578 -0.9714473 0.03977948 0.293403 0.9551609 -0.4127579 0.2748063 0.8683965 0.3125778 -0.435113 -0.8443767 -0.8482788 0.33842 -0.4073022 -0.7778778 0.5324243 0.3338123 -0.2962808 0.5130354 0.8056132 0.7285317 -0.5784385 -0.3669478 -0.5872937 0.5298808 0.6118108 0.8722293 -0.4668766 0.1457471 0.8084886 -0.3870347 0.4433401 -0.8337158 0.5406712 -0.112218 0.218461 -0.5004246 -0.8377649 -0.09816169 -0.4295837 -0.897676 -0.2284941 -0.2326474 -0.945339 0.6980644 -0.3090904 0.6458865 0.1765651 0.3577934 0.9169562 0.4569721 0.08547896 0.8853644 -0.6280031 0.1398891 -0.7655346 -0.5089431 0.7091122 0.4879928 -0.7666459 0.3762533 -0.5202764 -0.6326978 0.7385833 0.2327836 0.757049 -0.6295377 0.1748121 0.594383 -0.7659889 -0.2448875 -0.1623868 0.6883189 0.706999 -0.7096692 0.6900973 -0.1418997 0.1235197 -0.6438197 -0.7551419 0.6210368 -0.2063432 0.7561322 0.4616742 0.1340269 0.8768659 -0.4187328 -0.191201 -0.8877528 -0.6824705 0.5009366 -0.5322561 0.2556709 0.4523636 0.8544002 -0.4442989 0.849847 0.2834759 0.4365744 -0.8890764 -0.1376449 0.633494 -0.7358208 0.2392762 0.653905 -0.507942 0.5607168 -0.5963518 0.756892 -0.2673558 -0.2346398 -0.4937818 -0.8373313 0.3730264 -0.8201119 -0.4338985 0.0683242 -0.7732474 -0.6304128 -0.01915842 0.7856723 0.6183463 -0.5848809 0.1590141 -0.7953798 -0.2563498 0.9331025 0.2521996 0.5775876 -0.6792611 0.452766 0.539546 -0.03258633 0.8413254 0.1564224 0.6681437 0.7274037 -0.4057846 -0.3274601 -0.853293 -0.06578356 -0.7853901 -0.6154957 0.3000466 -0.9440818 -0.1366813 -0.3962268 0.9177359 0.02766114 -0.6202686 0.3828408 -0.6846166 0.1811292 -0.9086602 -0.3762031 -0.284376 0.7372541 -0.6128513 0.1983122 0.8858197 -0.4195185 0.5330404 0.4357311 -0.7252631 -0.1944959 0.8007164 0.5665903 0.6628065 0.7031334 0.2574706 0.03283488 0.9966051 0.07549953 0.1400938 0.1592524 0.9772474 0.4317448 0.5025283 0.7490406 -0.5567988 0.4594738 0.6919964 0.887791 0.2904615 0.3570142 0.9742501 0.2235577 0.0293042 0.4805388 0.8646552 -0.1464713 0.9210323 0.3229354 -0.2177442 0.9892905 0.06738656 0.1294734 -0.1498722 0.1704712 -0.9738984 0.6680856 -0.1087873 -0.736089 0.9962455 0.06608152 -0.05593121 0.891586 -0.06561791 0.4480721 0.9741958 -0.04626947 -0.2209115 0.918875 -0.2706995 0.2870374 0.9765978 -0.213797 -0.02340322 0.6545965 -0.6454207 -0.3936185 0.6091082 -0.4202858 -0.6725676 0.726389 -0.6436032 0.2411101 0.6520546 -0.756464 -0.05086588 0.2810985 -0.4068219 0.8691833 -0.0521903 -0.7206937 0.6912865 -0.4707596 -0.1813392 -0.8634244 -0.2128086 -0.9498565 0.2290968 -0.1783252 -0.9634667 -0.1998307 -0.3505405 -0.5363548 -0.7677531 -0.5373153 -0.174272 0.8251797 -0.8796017 -0.4575435 -0.1302111 -0.8909367 -0.4225036 0.1665011 -0.9318953 -0.2260107 0.283708 -0.9920028 -0.1244111 -0.02127021 -0.9574785 -0.07280349 -0.2791681 -0.8827984 0.1244035 0.4529799 -0.994416 0.08571058 -0.06156861 -0.9907279 0.04196149 0.1292191 -0.9577999 0.26809 0.1036696 -0.9210553 0.3294615 -0.207635 -0.6151162 0.3973418 -0.6809931 -0.6447656 0.7354427 0.2083299 -0.5222774 0.8403337 -0.1451406 0.09899955 0.8515529 0.5148369 0.1144959 0.9919444 0.05419468 -0.2993369 0.9057309 0.3000819 -0.1581006 0.1812888 0.9706383 0.4605492 0.5284882 0.7131583 -0.5293704 0.4482011 0.7203353 -0.2744114 0.9212342 -0.2757284 0.7477506 0.6531487 -0.1194397 -0.02925407 0.8483117 -0.5286887 -0.3479216 0.551944 -0.7578315 0.6568237 0.392387 -0.6439061 0.8719513 0.4589555 0.1704726 0.9475072 0.1861353 0.2599686 0.9938068 0.108527 -0.02387291 -0.2640717 -0.1620649 0.9507898 0.7345444 -0.05977267 0.6759229 0.8644816 0.4231619 -0.2713036 0.9649863 0.07308483 -0.2519131 0.6688231 -0.1027301 -0.7362895 -0.2978314 -0.1228023 -0.946687 -0.04769754 0.2334061 -0.9712088 0.9894483 -0.04411751 0.1380065 0.9883421 -0.134385 -0.07155901 0.6598749 -0.376141 0.6504485 0.9010719 -0.3630088 0.2372642 0.8918766 -0.2819656 -0.3536263 0.2906671 -0.5481899 -0.7842197 0.8560415 -0.4960282 -0.145427 -0.1434363 -0.8415127 0.520848 0.0331192 -0.8422351 -0.5380923 0.7073429 -0.6878106 0.163042 0.06596857 -0.9940887 -0.08623194 -0.2392523 -0.5900599 0.771095 -0.2153372 -0.9333174 -0.2873129 -0.2529833 -0.944599 0.2091225 -0.6742269 -0.4161425 -0.6101177 -0.8707382 -0.4905009 0.03498524 -0.8911394 -0.4052577 -0.2040509 -0.885621 -0.2445982 0.394775 -0.9938578 -0.1030844 0.04025405 -0.9881426 -0.07478904 -0.1340925 -0.9118283 0.01734763 -0.410205 -0.9334319 0.04098725 0.3564056 -0.990977 0.1312544 0.02714669 -0.8549212 0.4295649 0.2908328 -0.8709933 0.4903968 0.02969348 -0.9059686 0.3285446 -0.266982 -0.2982996 0.607885 -0.7358623 0.2353662 0.8746457 -0.4237896 0.6022621 0.4013592 -0.6900661 -0.2079451 0.8040537 0.5570068 0.669906 0.6959473 0.2586185 0.03283238 0.9966053 0.07549947 0.9743208 0.2222695 0.03599101 0.4805359 0.8646568 -0.1464713 0.9207873 0.3249099 -0.2158343 0.183878 0.1618129 -0.9695388 0.8944328 0.0834462 -0.4393483 0.5774107 -0.1802553 -0.7963072 0.9960187 0.06747561 -0.05825752 0.7831864 0.3923662 0.4823567 0.9888278 -0.01034426 0.1487028 0.9750841 -0.06422513 -0.2123352 0.2761533 0.008837938 0.9610731 0.9104239 -0.08376324 0.4051077 0.1799398 0.2557825 0.9498406 0.5416386 -0.4516662 0.7089608 0.7432119 -0.6208149 0.2494494 0.9759639 -0.2167376 -0.0227884 0.6543883 -0.635894 -0.4091637 0.3003287 -0.6001369 -0.741376 0.6520553 -0.7564634 -0.05086529 -0.2001076 -0.9542719 -0.2220861 -0.1202657 -0.7494657 0.651028 -0.2050367 -0.9492361 0.2385599 -0.4725157 -0.3349769 -0.8151807 -0.4994207 -0.2431103 0.8315506 -0.5395475 -0.7132075 -0.4474638 -0.8871893 -0.4605205 -0.028566 -0.8863996 -0.4273227 0.1780195 -0.9304137 -0.2237394 0.290295 -0.9967763 -0.04831886 -0.06405037 -0.9622629 -0.09654182 -0.2544208 -0.9914209 -0.1270262 0.03080767 -0.6839568 0.07640826 -0.7255101 -0.8476633 0.1567195 0.5068589 -0.9901052 0.0469287 0.1322475 -0.9552132 0.2086727 -0.2098176 -0.9599061 0.263363 0.09602302 -0.2754517 0.6014323 0.7499371 -0.6447653 0.7354431 0.2083297 -0.5292012 0.8359704 -0.1452571 -0.7053188 0.6098313 -0.3614295 0.01911717 0.9810682 0.1927166 0.7252735 0.6445425 0.2419577 0.3747555 0.9237824 -0.07864266 0.6556992 0.590059 -0.4710509 -0.004114985 0.8815405 -0.4720906 -0.2145058 0.1531183 0.9646461 0.345358 0.06562 0.9361741 -0.1017612 0.6067733 0.7883343 0.4184283 0.0844748 -0.9043129 0.03132295 0.5897384 -0.8069867 0.9219257 0.3464249 -0.1733289 0.6933124 0.05277198 0.7187024 0.3967497 0.6568581 0.641192 0.93492 0.03606808 0.3530209 0.8439615 -0.09641695 -0.5276674 0.9670933 -0.251745 0.03681302 0.6179557 -0.6130138 0.4922855 0.7062049 -0.7033386 -0.0811761 0.5803169 -0.5158301 -0.6301997 0.08387613 -0.5333846 -0.8417041 0.1177083 -0.4537117 0.8833405 -0.1269961 0.07331508 -0.98919 0.01921117 -0.8560045 0.5166113 0.3255032 -0.8822149 -0.3402124 0.2125518 -0.9654391 0.1508282 -0.2771682 -0.9606891 -0.01595091 -0.55404 -0.7159103 0.4248675 -0.4626594 -0.449728 -0.7639967 -0.8217487 -0.5313317 -0.2059507 -0.331825 -0.8414274 -0.4264885 -0.8826317 -0.2406027 0.4038212 -0.9985045 -0.02220368 0.04995691 -0.4701673 -0.2976477 0.8308721 -0.8716992 0.01774048 -0.4897202 -0.732269 0.3642912 0.5753903 -0.8618623 0.5063064 -0.02910846 -0.4381919 0.883903 -0.1634122 -0.6154701 0.5994122 -0.5117633 -0.5470834 0.1236582 -0.8278939 -0.456233 0.81312 0.3615068 0.5369752 0.6273296 -0.5640172 0.1963716 0.5142262 -0.834871 0.7488242 0.6127089 -0.252686 0.5430582 -0.6758493 -0.4983129 -0.4269555 -0.695431 -0.5780007</float_array>
          <technique_common>
            <accessor source="#GanondorfNecklace_LOD0-mesh-normals-array" count="363" stride="3">
              <param name="X" type="float"/>
              <param name="Y" type="float"/>
              <param name="Z" type="float"/>
            </accessor>
          </technique_common>
        </source>
        <source id="GanondorfNecklace_LOD0-mesh-map-0">
          <float_array id="GanondorfNecklace_LOD0-mesh-map-0-array" count="3954">0.8199433 0.7783257 0.8208611 0.7783257 0.8199058 0.7695537 0.8208879 0.803302 0.8208611 0.7783257 0.8199433 0.7783257 0.8208879 0.803302 0.8227369 0.803302 0.8208611 0.7783257 0.822553 0.8406834 0.8227369 0.803302 0.8208879 0.803302 0.822553 0.8406834 0.8252648 0.8406834 0.8227369 0.803302 0.824697 0.8847768 0.8252648 0.8406834 0.822553 0.8406834 0.824697 0.8847768 0.8280026 0.8847768 0.8252648 0.8406834 0.8270499 0.9288704 0.8280026 0.8847768 0.824697 0.8847768 0.8270499 0.9288704 0.8304366 0.9288704 0.8280026 0.8847768 0.8293253 0.9662517 0.8304366 0.9288704 0.8270499 0.9288704 0.8293253 0.9662517 0.8321264 0.9662517 0.8304366 0.9288704 0.8312283 0.9912281 0.8321264 0.9662517 0.8293253 0.9662517 0.8312283 0.9912281 0.8328178 0.9912281 0.8321264 0.9662517 0.8324729 1 0.8328178 0.9912281 0.8312283 0.9912281 0.1791388 0.7783257 0.1800566 0.7783257 0.1800941 0.7695537 0.1791388 0.7783257 0.179112 0.803302 0.1800566 0.7783257 0.177263 0.803302 0.179112 0.803302 0.1791388 0.7783257 0.177263 0.803302 0.177447 0.8406834 0.179112 0.803302 0.1747351 0.8406834 0.177447 0.8406834 0.177263 0.803302 0.1747351 0.8406834 0.1753029 0.8847768 0.177447 0.8406834 0.1719973 0.8847768 0.1753029 0.8847768 0.1747351 0.8406834 0.1719973 0.8847768 0.17295 0.9288704 0.1753029 0.8847768 0.1695634 0.9288704 0.17295 0.9288704 0.1719973 0.8847768 0.1695634 0.9288704 0.1706748 0.9662517 0.17295 0.9288704 0.1678736 0.9662517 0.1706748 0.9662517 0.1695634 0.9288704 0.1678736 0.9662517 0.1687717 0.9912281 0.1706748 0.9662517 0.1671822 0.9912281 0.1687717 0.9912281 0.1678736 0.9662517 0.1671822 0.9912281 0.1675271 1 0.1687717 0.9912281 0.177447 0.8406834 0.1436887 0.5630531 0.1800056 0.77581 0.1280868 0.7392071 0.1681402 0.9957193 0.167544 0.9781827 0.1340172 0.7420727 0.167544 0.9781827 0.172054 0.8856808 0.1357906 0.6649392 0.1340172 0.7420727 0.172054 0.8856808 0.1781631 0.7913315 0.1347439 0.5987113 0.172054 0.8856808 0.1800056 0.77581 0.1206833 0.4237578 0.1781631 0.7913315 0.1436887 0.5630531 0.1416321 0.5240744 0.1800056 0.77581 0.1361706 0.6982817 0.1433756 0.6608998 0.1724991 0.9325107 0.1308251 0.7350497 0.1724991 0.9325107 0.1681402 0.9957193 0.1357906 0.6649392 0.107496 0.556259 0.1340172 0.7420727 0.1151184 0.4218874 0.1436887 0.5630531 0.1483026 0.637658 0.1433756 0.6608998 0.1151184 0.4218874 0.1483026 0.637658 0.1308251 0.7350497 0.1037605 0.5196244 0.1361706 0.6982817 0.1046409 0.5781306 0.1280868 0.7392071 0.1340172 0.7420727 0.09161186 0.4973807 0.1037605 0.5196244 0.1308251 0.7350497 0.1347439 0.5987113 0.09667062 0.4482793 0.1357906 0.6649392 0.1360605 0.5515964 0.09600818 0.3876124 0.1347439 0.5987113 0.1151184 0.4218874 0.1084867 0.3430209 0.1436887 0.5630531 0.08761435 0.5020821 0.09161186 0.4973807 0.1308251 0.7350497 0.0955252 0.5466948 0.1308251 0.7350497 0.1280868 0.7392071 0.1206833 0.4237578 0.1032995 0.3680219 0.1360605 0.5515964 0.1094908 0.3306321 0.07982009 0.1939648 0.1416321 0.5240744 0.107496 0.556259 0.0804758 0.4556277 0.1046409 0.5781306 0.07420098 0.3119496 0.1061365 0.4210437 0.1082419 0.4909212 0.1037605 0.5196244 0.07420098 0.3119496 0.1082419 0.4909212 0.07761317 0.2499447 0.09600818 0.3876124 0.1032995 0.3680219 0.1206833 0.4237578 0.07761317 0.2499447 0.1032995 0.3680219 0.07031697 0.3474098 0.07420098 0.3119496 0.1037605 0.5196244 0.09161186 0.4973807 0.07031697 0.3474098 0.1037605 0.5196244 0.06478232 0.4041746 0.08761435 0.5020821 0.0955252 0.5466948 0.0804758 0.4556277 0.06478232 0.4041746 0.0955252 0.5466948 0.07180726 0.183671 0.07761317 0.2499447 0.1206833 0.4237578 0.07982009 0.1939648 0.07180726 0.183671 0.1206833 0.4237578 0.09600818 0.3876124 0.06344282 0.3329139 0.09667062 0.4482793 0.05773419 0.231811 0.06344282 0.3329139 0.09600818 0.3876124 0.07761317 0.2499447 0.05773419 0.231811 0.09600818 0.3876124 0.07824426 0.4105854 0.04879015 0.3357803 0.0804758 0.4556277 0.08761435 0.5020821 0.05102074 0.3178267 0.09161186 0.4973807 0.06478232 0.4041746 0.0445379 0.3284434 0.08761435 0.5020821 0.06344282 0.3329139 0.04879015 0.3357803 0.07824426 0.4105854 0.05773419 0.231811 0.05212509 0.2663854 0.06344282 0.3329139 0.07180726 0.183671 0.04293876 0.1383514 0.07761317 0.2499447 0.04609012 0.204966 0.05573761 0.1565906 0.07420098 0.3119496 0.03589898 0.2329044 0.07420098 0.3119496 0.07031697 0.3474098 0.05143523 0.09117871 0.04354172 0.05728322 0.07416772 0.1590608 0.04609012 0.204966 0.03731751 0.1307091 0.05573761 0.1565906 0.02440488 0.2935062 0.0445379 0.3284434 0.06478232 0.4041746 0.04879015 0.3357803 0.02440488 0.2935062 0.06478232 0.4041746 0.03410571 0.07732295 0.05143523 0.09117871 0.05573761 0.1565906 0.06435394 0.1470307 0.0219416 0.201979 0.05773419 0.231811 0.01749414 0.243741 0.03589898 0.2329044 0.05102074 0.3178267 0.03410571 0.07732295 0.06792581 0.02447175 0.05143523 0.09117871 0.0179274 0.2698879 0.02440488 0.2935062 0.04879015 0.3357803 0.03399604 0.2671874 0.0179274 0.2698879 0.04879015 0.3357803 0.06792581 0.02447175 0.01552158 0.008886218 0.04354172 0.05728322 0.4365249 0.2637133 0.01749414 0.243741 0.0445379 0.3284434 0.02440488 0.2935062 0.4365249 0.2637133 0.0445379 0.3284434 0.03068476 0.07133924 0.2841215 0.08535981 0.04293876 0.1383514 0.01166176 0.0659635 0.06792581 0.02447175 0.03410571 0.07732295 0.01979732 0.151167 0.01166176 0.0659635 0.03731751 0.1307091 0.2818266 0.1892499 0.01979732 0.151167 0.03589898 0.2329044 0.0219416 0.201979 0.2864196 0.2303695 0.03399604 0.2671874 0.01552158 0.008886218 0.7420502 0.02480936 0.03218412 0.04250961 0.2864196 0.2303695 0.7815485 0.2605628 0.0179274 0.2698879 0.7962396 0.04262501 0.2841215 0.08535981 0.03068476 0.07133924 0.7420502 0.02480936 0.7962396 0.04262501 0.03068476 0.07133924 0.2818266 0.1892499 0.8500534 0.1130266 0.01979732 0.151167 0.7815485 0.2605628 0.9362086 0.2852762 0.02440488 0.2935062 0.06792581 0.02447175 0.9331241 0.01478189 0.01552158 0.008886218 0.4365249 0.2637133 0.9841411 0.2411241 0.01749414 0.243741 0.8500534 0.1130266 0.9916235 0.03014409 0.01166176 0.0659635 0.2841215 0.08535981 0.9805983 0.1471158 0.06435394 0.1470307 0.9916235 0.03014409 0.9331241 0.01478189 0.06792581 0.02447175 0.982144 0.1987121 0.8500534 0.1130266 0.2818266 0.1892499 0.9841411 0.2411241 0.982144 0.1987121 0.2818266 0.1892499 0.9734753 0.1051161 0.9805983 0.1471158 0.2841215 0.08535981 0.8500534 0.1130266 0.974661 0.08241379 0.9916235 0.03014409 0.974661 0.08241379 0.9683735 0.04261112 0.9916235 0.03014409 0.9566856 0.3268274 0.9841411 0.2411241 0.4365249 0.2637133 0.9805983 0.1471158 0.9687686 0.2155452 0.8312193 0.1977702 0.9687686 0.2155452 0.96435 0.2696753 0.8312193 0.1977702 0.7420502 0.02480936 0.9507957 0.1130991 0.7962396 0.04262501 0.9841411 0.2411241 0.9548763 0.2560636 0.982144 0.1987121 0.9490423 0.3189641 0.9548763 0.2560636 0.9841411 0.2411241 0.9566856 0.3268274 0.9490423 0.3189641 0.9841411 0.2411241 0.9738824 0.158875 0.9549277 0.1732738 0.974661 0.08241379 0.9469293 0.129163 0.9683735 0.04261112 0.974661 0.08241379 0.9548763 0.2560636 0.9549277 0.1732738 0.9738824 0.158875 0.9734753 0.1051161 0.9508406 0.2042447 0.9805983 0.1471158 0.9440348 0.09301608 0.7420502 0.02480936 0.9331241 0.01478189 0.9462056 0.3629912 0.9566856 0.3268274 0.9362086 0.2852762 0.9682953 0.2917593 0.9462056 0.3629912 0.9362086 0.2852762 0.942209 0.1111904 0.9440348 0.09301608 0.9683735 0.04261112 0.9377455 0.1933839 0.9508406 0.2042447 0.9734753 0.1051161 0.9508406 0.2042447 0.9384773 0.2979238 0.9687686 0.2155452 0.9340588 0.3958675 0.9462056 0.3629912 0.9682953 0.2917593 0.9284058 0.2457399 0.9469293 0.129163 0.9549277 0.1732738 0.9379028 0.3458795 0.9340588 0.3958675 0.96435 0.2696753 0.9384773 0.2979238 0.9379028 0.3458795 0.96435 0.2696753 0.9548763 0.2560636 0.9293233 0.2954286 0.9549277 0.1732738 0.9215102 0.3849784 0.9293233 0.2954286 0.9548763 0.2560636 0.9490423 0.3189641 0.9215102 0.3849784 0.9548763 0.2560636 0.9377455 0.1933839 0.9232727 0.3004304 0.9508406 0.2042447 0.9149471 0.2218268 0.9440348 0.09301608 0.942209 0.1111904 0.9469293 0.129163 0.9149471 0.2218268 0.942209 0.1111904 0.9042997 0.2591223 0.9230275 0.1831381 0.9440348 0.09301608 0.9149471 0.2218268 0.9042997 0.2591223 0.9440348 0.09301608 0.9566856 0.3268274 0.9005588 0.5073742 0.9490423 0.3189641 0.91312 0.5035888 0.9145906 0.4895139 0.9566856 0.3268274 0.900635 0.3073511 0.9377455 0.1933839 0.9507957 0.1130991 0.9091398 0.4698066 0.9340588 0.3958675 0.9379028 0.3458795 0.9384773 0.2979238 0.9091398 0.4698066 0.9379028 0.3458795 0.9052104 0.3264538 0.9232727 0.3004304 0.9377455 0.1933839 0.9232727 0.3004304 0.9060305 0.433968 0.9384773 0.2979238 0.9215102 0.3849784 0.8996565 0.4444131 0.9293233 0.2954286 0.8996565 0.4444131 0.8964496 0.4050569 0.9284058 0.2457399 0.9091398 0.4698066 0.8996397 0.555029 0.9340588 0.3958675 0.8972111 0.4199027 0.9060305 0.433968 0.9232727 0.3004304 0.8895762 0.3537863 0.9042997 0.2591223 0.9149471 0.2218268 0.9005588 0.5073742 0.8996565 0.4444131 0.9215102 0.3849784 0.9145906 0.4895139 0.8758378 0.6899374 0.9005588 0.5073742 0.91312 0.5035888 0.878181 0.6989029 0.9145906 0.4895139 0.8675604 0.466302 0.900635 0.3073511 0.9230275 0.1831381 0.9042997 0.2591223 0.8675604 0.466302 0.9230275 0.1831381 0.8673061 0.5322503 0.8972111 0.4199027 0.9052104 0.3264538 0.8996397 0.555029 0.8755652 0.7161275 0.91312 0.5035888 0.8810572 0.5913351 0.9091398 0.4698066 0.9060305 0.433968 0.8996565 0.4444131 0.8634398 0.6145871 0.8964496 0.4050569 0.9005588 0.5073742 0.8676795 0.6453729 0.8996565 0.4444131 0.8758378 0.6899374 0.8697397 0.6867637 0.9005588 0.5073742 0.8663058 0.5926735 0.8810572 0.5913351 0.8972111 0.4199027 0.8622708 0.4991869 0.8675604 0.466302 0.9042997 0.2591223 0.8634398 0.6145871 0.8826337 0.4352297 0.8964496 0.4050569 0.8617005 0.5267614 0.8622708 0.4991869 0.8895762 0.3537863 0.8810572 0.5913351 0.868717 0.7360318 0.8996397 0.555029 0.8588804 0.5402157 0.8673061 0.5322503 0.900635 0.3073511 0.8580427 0.7300966 0.868717 0.7360318 0.8810572 0.5913351 0.8663058 0.5926735 0.8580427 0.7300966 0.8810572 0.5913351 0.8697397 0.6867637 0.8281872 0.9475882 0.8676795 0.6453729 0.8758378 0.6899374 0.8281872 0.9475882 0.8697397 0.6867637 0.878181 0.6989029 0.8318598 0.9957197 0.8758378 0.6899374 0.8755652 0.7161275 0.8318598 0.9957197 0.878181 0.6989029 0.868717 0.7360318 0.832486 0.9793271 0.8755652 0.7161275 0.8199221 0.7739101 0.8588804 0.5402157 0.8675604 0.466302 0.8199221 0.7739101 0.8675604 0.466302 0.8622708 0.4991869 0.8208868 0.8033096 0.8622708 0.4991869 0.8617005 0.5267614 0.8281872 0.9475882 0.8237983 0.8662984 0.8634398 0.6145871 0.8580427 0.7300966 0.832486 0.9793271 0.868717 0.7360318 0.8277218 0.8816402 0.8580427 0.7300966 0.8663058 0.5926735 0.821837 0.7913317 0.8663058 0.5926735 0.8673061 0.5322503 0.821837 0.7913317 0.8673061 0.5322503 0.8588804 0.5402157 0.8237983 0.8662984 0.8516947 0.6376717 0.8634398 0.6145871 0.8237983 0.8662984 0.8208868 0.8033096 0.8516947 0.6376717 0.5305438 0 1 1 0 1 1 0 0.4426674 1 0 0 1 0.3517133 0 1 0 0 1 0 0.6219776 1 0 0 1 0 0.510802 1 0 0 0.4903481 0 1 1 0 1 1 0.3608262 0 1 0 0 0 0 1 0.4193604 0 1 0 0 1 0.5263616 0 1 1 0.3740548 0 1 0 0 0 0 1 0.4265867 0 1 0 0 1 1 0 1 0.6940605 0 1 1 0 1 0.6298107 0 1 1 0 1 1 0.440732 0 1 0 0 1 0 0 1 0 0 0.5107874 0 1 1 0 1 0 0 1 0.6199619 0 1 1 0 0 1 0 0 0 0 1 1 0 1 0.7076261 0.7076261 1 0 1 1 1 0 0.5508334 1 0 0 0 0 1 0.6881331 0 1 1 0 0 1 0 0 0 0 0.6482867 0.35592 0.6984946 1 1 0 0 1 0 0 1 0.3058449 0 1 0 0 1 0.3547471 0 1 0 0 1 0 0.5118677 1 0 0 0.4130347 0 1 1 0 1 0 0 1 1 0 1 1 0 0.8228999 1 0 0 0.418379 0 1 1 0 1 1 0.4879159 0 1 0 0 1 0 0.5984264 1 0 0 0.6198929 0 1 0.4096536 0 1 1 0.5512061 0 1 0 0 1 0 0.3118735 1 0 0 1 0.6475732 0 1 0 0 0 0 0.6482867 0.35592 0 1 0.5903464 0 1 0.6409423 0 1 0.586998 0 1 1 0 1 0.5107878 0 1 1 0 1 1 0 0.4903336 1 0 0 1 0 0.5508183 1 0 0 0 0 1 0.5469655 0 1 1 0.416149 0 1 0 0 1 0.389523 0 1 0 0 0.5508031 0 1 1 0.1525669 0.6263487 0 0 1 0.3119273 0 1 1 0 0.3884505 1 0 0 1 0.3589628 0 1 0 0 1 0 0.5118823 1 0 0 0 0 1 0.5490152 0.8226988 1 1 0 0.8226988 1 0 0 0.4130185 0 1 1 0 1 0.3118921 0 1 1 0 1 0.6430929 0.6430929 1 0 1 1 1 0 0.5984209 1 0 0 1 0 0.4183959 1 0 0 0 0 1 0.5143446 0 1 0 0 1 1 0 1 1 0.6391754 0 1 0 0 0 0 1 0.630333 0 1 0 0 1 0.6724107 0 1 1 0 0.4083306 1 0 0 0 0 1 0.7612615 0 1 0 0 1 0.5490152 0 1 1 0 0.5508034 1 0 0 0 0 1 0.7009775 0 1 1 0.6464658 0 1 0 0 0 0 1 0.3119224 0 1 0.4390911 0 1 1 0 1 0.2966408 0 1 1 0 1 1 0.2637982 0 1 0 0 1 0 0.5054673 1 0 0 1 0.4558553 0 1 0 0 1 0 0.6782792 1 0 0 0 0 1 1 0 1 0 0 1 1 0 1 1 0.3753916 0 1 0 0 1 0.5242039 0 1 0 0 1 0 0.4870378 1 0 0 0 0 1 0.5166527 0 1 1 0.5411462 0 1 0 0 0 0 1 0.5111002 0 1 0.6726365 0 1 1 0 1 0 0 1 1 0 1 1 0.5928637 0 1 0 0 0.5054706 0 1 1 0 1 1 0 0.4391056 1 0 0 0 0 1 0.4782195 0 1 0 0 1 1 0 1 0.3978152 0 1 1 0 1 1 0 0.4426676 1 0 0 1 0 0.5108019 1 0 0 0.4903481 0 1 1 0 1 0 0 1 1 0 1 0 0 1 0.5263606 0 1 1 0.32651 0 1 0 0 0 0 1 0.3754056 0 1 0 0 1 0.426588 0 1 1 0.3740545 0 1 0 0 1 0.5718398 0 1 0 0 0 0 1 1 0 1 0 0 1 0.3314315 0 1 1 0.4407312 0 1 0 0 1 0.6844202 0 1 0 0 0.5107874 0 1 1 0 1 1 0 0.5508189 1 0 0 0 0 1 0.6881331 0 1 1 0.5278956 0 1 0 0 0 0 1 1 0 1 0.5490171 0.5490171 1 0 1 1 1 0 0.6984941 1 0 0 0 0 1 0.3119059 0 1 0.4391207 0 1 1 0 1 1 0.3058444 0 1 0 0 1 0 0 1 0 0 1 0.3547437 0 1 0 0 0.4130192 0 1 1 0 1 1 0 0.5118677 1 0 0 0.5490171 0.5490171 1 0 1 1 0.4892267 0 1 1 0 1 1 0 0.8228994 1 0 0 0.3118754 0 1 1 0 1 1 0.4879158 0 1 0 0 1 0 0.5984264 1 0 0 1 0 0.4183955 1 0 0 0.6198928 0 1 0.5103298 0 1 0 0 1 0.3314315 1 1 0 0 1 1 0 1 1 0 0.2215462 1 0 0 0.5869975 0 1 1 0 1 0.5107878 0 1 1 0 1 1 0 0.4903336 1 0 0 0 0 1 0.5469654 0 1 1 0.646476 0 1 0 0 1 0 0.5508185 1 0 0 1 0 0.5705716 1 0 0 1 0.3626624 0 1 0 0 0.5833718 0 1 1 0 1 1 0 0.5083672 1 0 0 1 0.5871049 0 1 0 0 1 0.4835249 0 1 0 0 1 0.5593299 0 1 0 0 1 0.4364802 0 1 0 0 1 0 0.3892209 1 0 0.5510293 1 0.5036271 0 1 0 0 1 0 0.5618206 1 0.3891256 0 0.5646138 0 1 1 0 1 1 0 0.5339398 1 0 0 1 0.5381231 0 1 0 0 0 0 1 0.2231258 0.3037383 0.6848568 0.7760029 0.7760029 1 0 1 1 0 0 1 0.409409 0 1 1 0.5905473 0 1 0 0 1 0 0.5705718 1 0 0 1 0 0.4415514 1 0 0 1 0.5670377 0 1 0 0 1 0.5249102 0 1 0 0 1 0 0.570572 1 0 0 1 0.5001141 0 1 0 0 0 0 1 0.5437142 0 1 1 0 0.4415513 1 0 0 1 0.5239879 0 1 0 0 1 0.3922485 0 1 0 0 1 0 0.4628618 1 0 0 0.3775994 0 1 0.4992891 0 1 1 0 0.3762373 1 0 0 0 0 1 0.5424647 0 1 1 0.6479532 0 1 0 0 0.5719239 0 1 1 0 1 0 0 1 0.5000016 0 1 1 0.4803569 0.4746861 1 0 0 0.4734432 0 1 1 0 1 0 0 1 0.4871307 0 1 0.4294265 0 1 1 0 1 0.1724991 0.9325107 0.1433756 0.6608998 0.177447 0.8406834 0.177447 0.8406834 0.1483026 0.637658 0.1436887 0.5630531 0.1433756 0.6608998 0.1483026 0.637658 0.177447 0.8406834 0.1340172 0.7420727 0.1280868 0.7392071 0.167544 0.9781827 0.172054 0.8856808 0.1347439 0.5987113 0.1357906 0.6649392 0.1781631 0.7913315 0.1360605 0.5515964 0.1347439 0.5987113 0.1781631 0.7913315 0.1206833 0.4237578 0.1360605 0.5515964 0.1308251 0.7350497 0.1361706 0.6982817 0.1724991 0.9325107 0.1280868 0.7392071 0.1308251 0.7350497 0.1681402 0.9957193 0.1800056 0.77581 0.1416321 0.5240744 0.1206833 0.4237578 0.1361706 0.6982817 0.1082419 0.4909212 0.1433756 0.6608998 0.1361706 0.6982817 0.1037605 0.5196244 0.1082419 0.4909212 0.1436887 0.5630531 0.1094908 0.3306321 0.1416321 0.5240744 0.1082419 0.4909212 0.1061365 0.4210437 0.1433756 0.6608998 0.107496 0.556259 0.1046409 0.5781306 0.1340172 0.7420727 0.1433756 0.6608998 0.1061365 0.4210437 0.1151184 0.4218874 0.1357906 0.6649392 0.09667062 0.4482793 0.107496 0.556259 0.1347439 0.5987113 0.09600818 0.3876124 0.09667062 0.4482793 0.1436887 0.5630531 0.1084867 0.3430209 0.1094908 0.3306321 0.0955252 0.5466948 0.08761435 0.5020821 0.1308251 0.7350497 0.1046409 0.5781306 0.0955252 0.5466948 0.1280868 0.7392071 0.1360605 0.5515964 0.1032995 0.3680219 0.09600818 0.3876124 0.1416321 0.5240744 0.07982009 0.1939648 0.1206833 0.4237578 0.1046409 0.5781306 0.0804758 0.4556277 0.0955252 0.5466948 0.107496 0.556259 0.07824426 0.4105854 0.0804758 0.4556277 0.09667062 0.4482793 0.07824426 0.4105854 0.107496 0.556259 0.1151184 0.4218874 0.07958716 0.2326893 0.1084867 0.3430209 0.1061365 0.4210437 0.07958716 0.2326893 0.1151184 0.4218874 0.1084867 0.3430209 0.08028429 0.2001426 0.1094908 0.3306321 0.07958716 0.2326893 0.08028429 0.2001426 0.1084867 0.3430209 0.07420098 0.3119496 0.07692885 0.2673754 0.1061365 0.4210437 0.1094908 0.3306321 0.07416772 0.1590608 0.07982009 0.1939648 0.08028429 0.2001426 0.07416772 0.1590608 0.1094908 0.3306321 0.1061365 0.4210437 0.07692885 0.2673754 0.07958716 0.2326893 0.09667062 0.4482793 0.06344282 0.3329139 0.07824426 0.4105854 0.0804758 0.4556277 0.04879015 0.3357803 0.06478232 0.4041746 0.09161186 0.4973807 0.05102074 0.3178267 0.07031697 0.3474098 0.08761435 0.5020821 0.0445379 0.3284434 0.05102074 0.3178267 0.07420098 0.3119496 0.05573761 0.1565906 0.07692885 0.2673754 0.07761317 0.2499447 0.04293876 0.1383514 0.05773419 0.231811 0.07692885 0.2673754 0.05573761 0.1565906 0.07958716 0.2326893 0.08028429 0.2001426 0.05143523 0.09117871 0.07416772 0.1590608 0.07958716 0.2326893 0.05143523 0.09117871 0.08028429 0.2001426 0.07958716 0.2326893 0.05573761 0.1565906 0.05143523 0.09117871 0.03589898 0.2329044 0.04609012 0.204966 0.07420098 0.3119496 0.05102074 0.3178267 0.03589898 0.2329044 0.07031697 0.3474098 0.06344282 0.3329139 0.03399604 0.2671874 0.04879015 0.3357803 0.05212509 0.2663854 0.03399604 0.2671874 0.06344282 0.3329139 0.07180726 0.183671 0.03068476 0.07133924 0.04293876 0.1383514 0.07982009 0.1939648 0.03068476 0.07133924 0.07180726 0.183671 0.07416772 0.1590608 0.04354172 0.05728322 0.07982009 0.1939648 0.07982009 0.1939648 0.03218412 0.04250961 0.03068476 0.07133924 0.04354172 0.05728322 0.03218412 0.04250961 0.07982009 0.1939648 0.03731751 0.1307091 0.03410571 0.07732295 0.05573761 0.1565906 0.05212509 0.2663854 0.0219416 0.201979 0.03399604 0.2671874 0.05773419 0.231811 0.0219416 0.201979 0.05212509 0.2663854 0.04293876 0.1383514 0.06435394 0.1470307 0.05773419 0.231811 0.04609012 0.204966 0.01979732 0.151167 0.03731751 0.1307091 0.03589898 0.2329044 0.01979732 0.151167 0.04609012 0.204966 0.0445379 0.3284434 0.01749414 0.243741 0.05102074 0.3178267 0.05143523 0.09117871 0.06792581 0.02447175 0.04354172 0.05728322 0.04354172 0.05728322 0.01552158 0.008886218 0.03218412 0.04250961 0.04293876 0.1383514 0.2841215 0.08535981 0.06435394 0.1470307 0.03731751 0.1307091 0.01166176 0.0659635 0.03410571 0.07732295 0.01749414 0.243741 0.2818266 0.1892499 0.03589898 0.2329044 0.03399604 0.2671874 0.2864196 0.2303695 0.0179274 0.2698879 0.03218412 0.04250961 0.7420502 0.02480936 0.03068476 0.07133924 0.0179274 0.2698879 0.7815485 0.2605628 0.02440488 0.2935062 0.0219416 0.201979 0.8312193 0.1977702 0.2864196 0.2303695 0.06435394 0.1470307 0.8312193 0.1977702 0.0219416 0.201979 0.01979732 0.151167 0.8500534 0.1130266 0.01166176 0.0659635 0.02440488 0.2935062 0.9362086 0.2852762 0.4365249 0.2637133 0.01552158 0.008886218 0.9331241 0.01478189 0.7420502 0.02480936 0.01749414 0.243741 0.9841411 0.2411241 0.2818266 0.1892499 0.01166176 0.0659635 0.9916235 0.03014409 0.06792581 0.02447175 0.06435394 0.1470307 0.9805983 0.1471158 0.8312193 0.1977702 0.2864196 0.2303695 0.8312193 0.1977702 0.7815485 0.2605628 0.7962396 0.04262501 0.9734753 0.1051161 0.2841215 0.08535981 0.9738824 0.158875 0.974661 0.08241379 0.8500534 0.1130266 0.982144 0.1987121 0.9738824 0.158875 0.8500534 0.1130266 0.9916235 0.03014409 0.9683735 0.04261112 0.9331241 0.01478189 0.9362086 0.2852762 0.9566856 0.3268274 0.4365249 0.2637133 0.7815485 0.2605628 0.9682953 0.2917593 0.9362086 0.2852762 0.8312193 0.1977702 0.9682953 0.2917593 0.7815485 0.2605628 0.8312193 0.1977702 0.96435 0.2696753 0.9682953 0.2917593 0.7962396 0.04262501 0.9507957 0.1130991 0.9734753 0.1051161 0.982144 0.1987121 0.9548763 0.2560636 0.9738824 0.158875 0.9549277 0.1732738 0.9469293 0.129163 0.974661 0.08241379 0.9805983 0.1471158 0.9508406 0.2042447 0.9687686 0.2155452 0.9683735 0.04261112 0.9440348 0.09301608 0.9331241 0.01478189 0.7420502 0.02480936 0.9230275 0.1831381 0.9507957 0.1130991 0.9440348 0.09301608 0.9230275 0.1831381 0.7420502 0.02480936 0.9469293 0.129163 0.942209 0.1111904 0.9683735 0.04261112 0.9507957 0.1130991 0.9377455 0.1933839 0.9734753 0.1051161 0.9687686 0.2155452 0.9384773 0.2979238 0.96435 0.2696753 0.96435 0.2696753 0.9340588 0.3958675 0.9682953 0.2917593 0.9549277 0.1732738 0.9293233 0.2954286 0.9284058 0.2457399 0.9508406 0.2042447 0.9232727 0.3004304 0.9384773 0.2979238 0.9469293 0.129163 0.913391 0.2651101 0.9149471 0.2218268 0.9284058 0.2457399 0.913391 0.2651101 0.9469293 0.129163 0.9462056 0.3629912 0.91312 0.5035888 0.9566856 0.3268274 0.9340588 0.3958675 0.91312 0.5035888 0.9462056 0.3629912 0.9490423 0.3189641 0.9005588 0.5073742 0.9215102 0.3849784 0.9566856 0.3268274 0.9145906 0.4895139 0.9005588 0.5073742 0.9230275 0.1831381 0.900635 0.3073511 0.9507957 0.1130991 0.900635 0.3073511 0.9052104 0.3264538 0.9377455 0.1933839 0.9384773 0.2979238 0.9060305 0.433968 0.9091398 0.4698066 0.9293233 0.2954286 0.8996565 0.4444131 0.9284058 0.2457399 0.9284058 0.2457399 0.8964496 0.4050569 0.913391 0.2651101 0.9340588 0.3958675 0.8996397 0.555029 0.91312 0.5035888 0.9052104 0.3264538 0.8972111 0.4199027 0.9232727 0.3004304 0.913391 0.2651101 0.8895762 0.3537863 0.9149471 0.2218268 0.913391 0.2651101 0.8826337 0.4352297 0.8895762 0.3537863 0.8964496 0.4050569 0.8826337 0.4352297 0.913391 0.2651101 0.9145906 0.4895139 0.878181 0.6989029 0.8758378 0.6899374 0.900635 0.3073511 0.8673061 0.5322503 0.9052104 0.3264538 0.91312 0.5035888 0.8755652 0.7161275 0.878181 0.6989029 0.9091398 0.4698066 0.8810572 0.5913351 0.8996397 0.555029 0.8972111 0.4199027 0.8810572 0.5913351 0.9060305 0.433968 0.8996565 0.4444131 0.8676795 0.6453729 0.8634398 0.6145871 0.9005588 0.5073742 0.8697397 0.6867637 0.8676795 0.6453729 0.8673061 0.5322503 0.8663058 0.5926735 0.8972111 0.4199027 0.8895762 0.3537863 0.8622708 0.4991869 0.9042997 0.2591223 0.8826337 0.4352297 0.8617005 0.5267614 0.8895762 0.3537863 0.8996397 0.555029 0.868717 0.7360318 0.8755652 0.7161275 0.8675604 0.466302 0.8588804 0.5402157 0.900635 0.3073511 0.8826337 0.4352297 0.8516947 0.6376717 0.8617005 0.5267614 0.8634398 0.6145871 0.8516947 0.6376717 0.8826337 0.4352297 0.8676795 0.6453729 0.8281872 0.9475882 0.8634398 0.6145871 0.8758378 0.6899374 0.8318598 0.9957197 0.8281872 0.9475882 0.8755652 0.7161275 0.832486 0.9793271 0.8318598 0.9957197 0.8208868 0.8033096 0.8199221 0.7739101 0.8622708 0.4991869 0.8516947 0.6376717 0.8208868 0.8033096 0.8617005 0.5267614 0.821837 0.7913317 0.8277218 0.8816402 0.8663058 0.5926735 0.8199221 0.7739101 0.821837 0.7913317 0.8588804 0.5402157 0.8580427 0.7300966 0.8277218 0.8816402 0.832486 0.9793271 0.5331409 0 1 1 0 1 0 0 1 0 0.4391354 1 0 0 1 0 0.4126473 1 1 0 1 1 0 0.2845461 0 0.2615652 1 0 1 1 1 0 1 1 0 0.5263616 1 0 1 1 0 0.4511268 0 0 1 0 1 1 0.5130206 0 1 1 0 1 0.6451674 0 1 1 0 1 1 0 1 1 0 0.516652 0 0 1 0 0.5130206 1 0 0 1 0 0.5186574 1 0 0.592792 1 0 1 1 1 0 1 1 0 1 0 0.440732 1 0 1 1 0.4412374 0 1 1 0 1 0 0.7154553 1 0 1 1 1 0 1 1 0 1 0 0 1 0 1 1 0.3506754 0 1 1 0 1 1 0 1 1 0 1 1 0 1 1 0 0.3777073 1 0 1 1 0 1 0 0 1 0 0.4126635 1 1 0 1 1 0 0.3368305 0 0 1 0 0.2955555 1 0 0 1 0 1 1 0.5587782 0 1 1 0 1 0.8530962 0.2863833 1 1 0 1 0.3059207 0 1 1 0 1 1 0 1 1 0 0.6259631 0 0 1 0 0.5118678 1 0 0 1 0 0.6482867 0.35592 0 0 1 0 0.6122011 1 1 0 1 1 0 0.6996186 0.4126632 0 1 1 0 1 0.4391355 0 1 1 0 1 0 0.5469655 1 0 1 1 0.3896277 0 1 1 0 1 1 0 1 1 0 0.6483032 0 0 1 0 0.5331409 1 0 0.3603044 1 0 1 1 0 0 1 0 0.4391063 1 0 0.3274874 1 0 1 1 0.6652534 0 1 1 0 1 0 0 1 0 0.4126482 1 1 0 1 1 0 0.3367977 0 0.4071283 1 0 1 1 0.5587933 0 1 1 0 1 0 0 1 0 0.4460431 1 0.7661738 0 1 1 0 1 0 0 1 0 0.2056311 1 0.6094298 0 1 1 0 1 0.3059206 0 1 1 0 1 1 0 1 1 0 0.5174065 0 0.5917474 1 0 1 1 0 0 1 0 1 1 1 0 1 1 0 0.6391754 0 0.7133111 1 0 1 1 0.3780274 0 1 1 0 1 0 0.7612615 1 0 1 1 0.4126473 0 1 1 0 1 0 0.3710979 1 0 1 1 0 0 1 0 1 0.5490152 0 0.688031 1 0 1 1 0 0.3898497 1 0 1 1 0 0 1 0 0.4903483 1 0 0 1 0 0.4126651 1 1 0 1 1 0 0.3019854 1 0 1 1 0 0.4193143 0 0 1 0 1 1 0 0 1 0 1 1 1 0 1 1 0 0.4266003 0 0.5243627 1 0 1 1 0.370159 0 1 1 0 1 0.3058834 0 1 1 0.1093437 0.6918445 1 0 1 1 0 0.5109239 1 0 1 1 0 0.2773596 0 0 1 0 1 1 0.4903484 0 1 1 0 1 0.4126674 0 1 1 0 1 1 0 1 1 0 0.6725261 0 0 1 0 1 1 0 0.6880382 1 0 1 1 0 0.390227 1 0 1 1 0.533141 0 1 1 0 1 0 0 1 0 0.4391357 1 0.6483308 0 1 1 0 1 1 0 1 1 0 0.3118599 0 0 1 0 0.4126474 1 1 0 1 1 0 0.2845448 0 0.3590036 1 0 1 1 1 0 1 1 0 0.5263606 0 0 1 0 1 1 0 0.4511192 1 0 1 1 1 0 1 1 0 0.4511258 0.5130206 0 1 1 0 1 0.645168 0 1 1 0 1 0 0 1 0 0.5130206 1 1 0 1 1 0 0.5166506 0 0 1 0 1 1 1 0 1 1 0 0.5928453 0 0.4407312 1 0 1 1 0.4412373 0 1 1 0 1 0 0.7154509 1 0 1 1 0.3506751 0 1 1 0 1 1 0 1 1 0 0.5268123 0 0 1 0 1 1 1 0 1 1 0 0.3777073 1 0 1 1 0 1 1 0 1 1 0 0.3368363 0 0.407166 1 0 1 1 0.5587784 0 1 1 0 1 0 0 1 0 0.44606 1 0.7136167 0 1 1 0 1 1 0 1 1 0 0.5174182 0 0 1 0 0.5118677 1 0.4870378 0 1 1 0 1 0 0 1 0 1 1 0.5104533 0 1 1 0 1 0 0 1 0 0.6122007 1 0.4412215 0 1 1 0 1 0 0.7361977 1 0 1 1 0 0 1 0 0.533141 1 0.4391355 0 1 1 0 1 0.3506658 0 1 1 0 0.4650639 0 0.6384182 1 0 1 1 1 0 1 1 0 0.5249072 0 0.4365007 1 0 1 1 0.5294904 0 1 1 0 1 1 0 1 1 0 0.3310849 1 0 1 1 0 0.4999994 0 0.466744 1 0 1 1 0.5950087 0 1 1 0 1 0.39366 0 1 1 0 1 0 0.6277631 1 0 1 1 1 0 1 1 0 0.4999917 0.3836731 0 1 1 0 1 0 0 1 0 0.6565211 1 0 0.4999983 1 0 1 1 0.466059 0 1 1 0 1 0 0 1 0 0.6527824 1 0.5265893 0 1 1 0 1 1 0 1 1 0 0.4838392 0.4820304 0 1 1 0 1 1 0 1 1 0 0.4792233 0.4778622 0 1 1 0 1 1 0 1 1 0 0.5208097 1 0 1 1 0 0.500001 1 0 1 1 0 0.3714991 0.4858272 0 1 1 0 1 1 0 1 1 0 0.4726985 0 0.5424398 1 0 1 0.8264823 0 0.4902234 1 0 1 1 0 0 1 0 0.4843186 1 0.418735 0 1 1 0 1 0 0.5247083 1 0 1 1 1 0 1 1 0 0.500244 1 0.2231258 1 1 0 0.4618878 1 0 1 1 0 0.5819978 1 0 1 1 0 0.5381131 1 0 1 1 0 0.5432684 0.5060743 0 1 1 0 1</float_array>
          <technique_common>
            <accessor source="#GanondorfNecklace_LOD0-mesh-map-0-array" count="1977" stride="2">
              <param name="S" type="float"/>
              <param name="T" type="float"/>
            </accessor>
          </technique_common>
        </source>
        <vertices id="GanondorfNecklace_LOD0-mesh-vertices">
          <input semantic="POSITION" source="#GanondorfNecklace_LOD0-mesh-positions"/>
        </vertices>
        <triangles material="Gold-material" count="659">
          <input semantic="VERTEX" source="#GanondorfNecklace_LOD0-mesh-vertices" offset="0"/>
          <input semantic="NORMAL" source="#GanondorfNecklace_LOD0-mesh-normals" offset="1"/>
          <input semantic="TEXCOORD" source="#GanondorfNecklace_LOD0-mesh-map-0" offset="2" set="0"/>
          <p>12 0 0 10 1 1 11 2 2 13 3 3 10 1 4 12 0 5 13 3 6 9 4 7 10 1 8 14 5 9 9 4 10 13 3 11 14 5 12 8 6 13 9 4 14 15 7 15 8 6 16 14 5 17 15 7 18 7 8 19 8 6 20 0 9 21 7 8 22 15 7 23 0 9 24 6 10 25 7 8 26 1 11 27 6 10 28 0 9 29 1 11 30 5 12 31 6 10 32 2 13 33 5 12 34 1 11 35 2 13 36 4 14 37 5 12 38 3 15 39 4 14 40 2 13 41 26 16 42 28 17 43 27 18 44 26 16 45 29 19 46 28 17 47 25 20 48 29 19 49 26 16 50 25 20 51 30 21 52 29 19 53 24 22 54 30 21 55 25 20 56 24 22 57 31 23 58 30 21 59 23 24 60 31 23 61 24 22 62 23 24 63 16 25 64 31 23 65 22 26 66 16 25 67 23 24 68 22 26 69 17 27 70 16 25 71 21 28 72 17 27 73 22 26 74 21 28 75 18 29 76 17 27 77 20 30 78 18 29 79 21 28 80 20 30 81 19 31 82 18 29 83 38 32 84 39 33 85 37 34 86 43 35 87 33 36 88 34 37 89 44 38 90 34 37 91 35 39 92 41 40 93 44 38 94 35 39 95 36 41 96 45 42 97 35 39 98 37 34 99 47 43 100 36 41 101 39 33 102 50 44 103 37 34 104 48 45 105 40 46 106 32 47 107 49 48 108 32 47 109 33 36 110 41 40 111 51 49 112 44 38 113 52 50 114 39 33 115 42 51 116 40 46 117 52 50 118 42 51 119 49 48 120 54 52 121 48 45 122 56 53 123 43 35 124 44 38 125 58 54 126 54 52 127 49 48 128 45 42 129 59 55 130 41 40 131 46 56 132 60 57 133 45 42 134 52 50 135 61 58 136 39 33 137 62 59 138 58 54 139 49 48 140 63 60 141 49 48 142 43 35 143 47 43 144 64 61 145 46 56 146 55 62 147 65 63 148 50 44 149 51 49 150 66 64 151 56 53 152 69 65 153 57 66 154 53 67 155 54 52 156 69 65 157 53 67 158 71 68 159 60 57 160 64 61 161 47 43 162 71 68 163 64 61 164 72 69 165 69 65 166 54 52 167 58 54 168 72 69 169 54 52 170 73 70 171 62 59 172 63 60 173 66 64 174 73 70 175 63 60 176 76 71 177 71 68 178 47 43 179 65 63 180 76 71 181 47 43 182 60 57 183 81 72 184 59 55 185 77 73 186 81 72 187 60 57 188 71 68 189 77 73 190 60 57 191 67 74 192 78 75 193 66 64 194 62 59 195 79 76 196 58 54 197 73 70 198 80 77 199 62 59 200 81 72 201 78 75 202 67 74 203 77 73 204 82 78 205 81 72 206 76 71 207 83 79 208 71 68 209 86 80 210 85 81 211 69 65 212 87 82 213 69 65 214 72 69 215 84 83 216 90 84 217 74 85 218 86 80 219 91 86 220 85 81 221 92 87 222 80 77 223 73 70 224 78 75 225 92 87 226 73 70 227 94 88 228 84 83 229 85 81 230 96 89 231 95 90 232 77 73 233 98 91 234 87 82 235 79 76 236 94 88 237 99 92 238 84 83 239 100 93 240 92 87 241 78 75 242 88 94 243 100 93 244 78 75 245 99 92 246 101 95 247 90 84 248 102 96 249 98 91 250 80 77 251 92 87 252 102 96 253 80 77 254 89 97 255 103 98 256 83 79 257 104 99 258 99 92 259 94 88 260 97 100 261 104 99 262 91 86 263 105 101 264 97 100 265 87 82 266 95 90 267 106 102 268 88 94 269 101 95 270 107 103 271 93 104 272 106 102 273 108 105 274 100 93 275 109 106 276 103 98 277 89 97 278 107 103 279 109 106 280 89 97 281 105 101 282 112 107 283 97 100 284 108 105 285 110 108 286 92 87 287 99 92 288 111 109 289 101 95 290 102 96 291 113 110 292 98 91 293 112 107 294 115 111 295 104 99 296 103 98 297 114 112 298 96 89 299 115 111 300 111 109 301 99 92 302 116 113 303 112 107 304 105 101 305 113 110 306 116 113 307 105 101 308 118 114 309 114 112 310 103 98 311 112 107 312 119 115 313 115 111 314 119 115 315 121 116 316 115 111 317 122 117 318 113 110 319 102 96 320 114 112 321 124 118 322 117 119 323 124 118 324 125 120 325 117 119 326 107 103 327 126 121 328 109 106 329 113 110 330 127 122 331 116 113 332 128 123 333 127 122 334 113 110 335 122 117 336 128 123 337 113 110 338 120 124 339 130 125 340 119 115 341 129 126 342 121 116 343 119 115 344 127 122 345 130 125 346 120 124 347 118 114 348 131 127 349 114 112 350 132 128 351 107 103 352 111 109 353 133 129 354 122 117 355 110 108 356 123 130 357 133 129 358 110 108 359 135 131 360 132 128 361 121 116 362 136 132 363 131 127 364 118 114 365 131 127 366 137 133 367 124 118 368 138 134 369 133 129 370 123 130 371 139 135 372 129 126 373 130 125 374 140 136 375 138 134 376 125 120 377 137 133 378 140 136 379 125 120 380 127 122 381 141 137 382 130 125 383 142 138 384 141 137 385 127 122 386 128 123 387 142 138 388 127 122 389 136 132 390 143 139 391 131 127 392 144 140 393 132 128 394 135 131 395 129 126 396 144 140 397 135 131 398 146 141 399 134 142 400 132 128 401 144 140 402 146 141 403 132 128 404 122 117 405 158 143 406 128 123 407 147 144 408 148 145 409 122 117 410 149 146 411 136 132 412 126 121 413 150 147 414 138 134 415 140 136 416 137 133 417 150 147 418 140 136 419 151 148 420 143 139 421 136 132 422 143 139 423 152 149 424 137 133 425 142 138 426 153 150 427 141 137 428 153 150 429 154 151 430 139 135 431 150 147 432 155 152 433 138 134 434 156 153 435 152 149 436 143 139 437 157 154 438 146 141 439 144 140 440 158 143 441 153 150 442 142 138 443 148 145 444 160 155 445 158 143 446 147 144 447 161 156 448 148 145 449 162 157 450 149 146 451 134 142 452 146 141 453 162 157 454 134 142 455 163 158 456 156 153 457 151 148 458 155 152 459 164 159 460 147 144 461 165 160 462 150 147 463 152 149 464 153 150 465 170 161 466 154 151 467 158 143 468 166 162 469 153 150 470 160 155 471 167 163 472 158 143 473 168 164 474 165 160 475 156 153 476 169 165 477 162 157 478 146 141 479 170 161 480 159 166 481 154 151 482 171 167 483 169 165 484 157 154 485 165 160 486 172 168 487 155 152 488 173 169 489 163 158 490 149 146 491 175 170 492 172 168 493 165 160 494 168 164 495 175 170 496 165 160 497 167 163 498 176 171 499 166 162 500 160 155 501 176 171 502 167 163 503 161 156 504 177 172 505 160 155 506 164 159 507 177 172 508 161 156 509 172 168 510 178 173 511 164 159 512 179 174 513 173 169 514 162 157 515 179 174 516 162 157 517 169 165 518 180 175 519 169 165 520 171 167 521 176 171 522 183 176 523 170 161 524 175 170 525 178 173 526 172 168 527 182 177 528 175 170 529 168 164 530 181 178 531 168 164 532 163 158 533 181 178 534 163 158 535 173 169 536 183 176 537 174 179 538 170 161 539 183 176 540 180 175 541 174 179 542 229 180 543 186 181 544 194 182 545 184 183 546 189 184 547 185 185 548 214 186 549 192 187 550 225 188 551 192 187 552 188 189 553 184 183 554 189 184 555 193 190 556 187 191 557 187 191 558 193 190 559 190 192 560 188 189 561 195 193 562 189 184 563 191 194 564 194 182 565 205 195 566 190 192 567 193 190 568 196 196 569 214 186 570 197 197 571 192 187 572 190 192 573 196 196 574 198 198 575 194 182 576 198 198 577 205 195 578 195 193 579 197 197 580 199 199 581 195 193 582 199 199 583 200 200 584 200 200 585 203 201 586 198 198 587 198 198 588 204 202 589 205 195 590 200 200 591 201 203 592 202 204 593 199 199 594 206 205 595 210 206 596 204 202 597 220 207 598 205 195 599 202 204 600 207 208 601 208 209 602 191 194 603 205 195 604 220 207 605 202 204 606 208 209 607 203 201 608 201 203 609 210 206 610 207 208 611 203 201 612 209 210 613 204 202 614 206 205 615 214 186 616 218 211 617 207 208 618 212 212 619 208 209 620 210 206 621 211 213 622 207 208 623 218 211 624 215 214 625 210 206 626 211 213 627 216 215 628 212 212 629 212 212 630 216 215 631 219 216 632 209 210 633 219 216 634 220 207 635 218 211 636 221 217 637 215 214 638 216 215 639 223 218 640 219 216 641 221 217 642 217 219 643 215 214 644 215 214 645 217 219 646 216 215 647 217 219 648 221 217 649 222 220 650 224 221 651 228 222 652 219 216 653 219 216 654 228 222 655 220 207 656 222 220 657 224 221 658 223 218 659 221 217 660 214 186 661 225 188 662 221 217 663 225 188 664 184 183 665 222 220 666 184 183 667 226 223 668 222 220 669 226 223 670 227 224 671 222 220 672 227 224 673 224 221 674 227 224 675 186 181 676 229 180 677 226 223 678 184 183 679 185 185 680 234 225 681 235 226 682 231 227 683 237 228 684 239 229 685 230 230 686 232 231 687 238 232 688 236 233 689 233 234 690 236 233 691 242 235 692 234 225 693 240 236 694 235 226 695 239 229 696 244 237 697 234 225 698 240 236 699 245 238 700 238 232 701 237 228 702 268 239 703 252 240 704 237 228 705 252 240 706 239 229 707 241 241 708 245 238 709 246 242 710 242 235 711 246 242 712 255 243 713 272 244 714 243 245 715 255 243 716 244 237 717 247 246 718 245 238 719 245 238 720 248 247 721 246 242 722 245 238 723 247 246 724 248 247 725 247 246 726 253 248 727 249 249 728 251 250 729 257 251 730 255 243 731 248 247 732 249 249 733 250 252 734 249 249 735 253 248 736 256 253 737 250 252 738 261 254 739 251 250 740 250 252 741 254 255 742 259 256 743 253 248 744 268 239 745 262 257 746 259 256 747 260 258 748 261 254 749 254 255 750 256 253 751 258 259 752 257 251 753 272 244 754 255 243 755 257 251 756 261 254 757 263 260 758 260 258 759 264 261 760 265 262 761 261 254 762 265 262 763 263 260 764 256 253 765 264 261 766 258 259 767 258 259 768 264 261 769 259 256 770 268 239 771 266 263 772 262 257 773 262 257 774 266 263 775 256 253 776 265 262 777 269 264 778 270 265 779 263 260 780 270 265 781 267 266 782 266 263 783 269 264 784 264 261 785 237 228 786 271 267 787 266 263 788 269 264 789 273 268 790 270 265 791 269 264 792 271 267 793 273 268 794 267 266 795 243 245 796 272 244 797 271 267 798 237 228 799 230 230 800 271 267 801 230 230 802 274 269 803 273 268 804 274 269 805 275 270 806 276 271 807 233 234 808 267 266 809 275 270 810 231 227 811 235 226 812 275 270 813 232 231 814 276 271 815 274 269 816 230 230 817 234 225 818 275 270 819 234 225 820 231 227 821 322 272 822 280 273 823 281 274 824 279 275 825 284 276 826 278 277 827 284 276 828 288 278 829 283 279 830 283 279 831 288 278 832 285 280 833 286 281 834 291 282 835 292 283 836 285 280 837 288 278 838 289 284 839 287 285 840 294 286 841 284 276 842 281 274 843 285 280 844 291 282 845 285 280 846 289 284 847 290 287 848 308 288 849 293 289 850 282 290 851 290 287 852 292 283 853 291 282 854 294 286 855 299 291 856 296 292 857 293 289 858 308 288 859 299 291 860 295 293 861 298 294 862 290 287 863 298 294 864 300 295 865 292 283 866 295 293 867 296 292 868 297 296 869 297 296 870 302 297 871 298 294 872 296 292 873 303 298 874 301 299 875 300 295 876 304 300 877 292 283 878 297 296 879 301 299 880 302 297 881 286 281 882 292 283 883 304 300 884 308 288 885 314 301 886 299 291 887 300 295 888 307 302 889 304 300 890 302 297 891 306 303 892 307 302 893 303 298 894 305 304 895 301 299 896 301 299 897 306 303 898 302 297 899 314 301 900 309 305 901 303 298 902 307 302 903 313 306 904 311 307 905 305 304 906 310 308 907 306 303 908 286 281 909 304 300 910 316 309 911 306 303 912 310 308 913 313 306 914 314 301 915 315 310 916 309 305 917 304 300 918 311 307 919 316 309 920 315 310 921 312 311 922 309 305 923 309 305 924 312 311 925 310 308 926 313 306 927 318 312 928 311 307 929 312 311 930 315 310 931 317 313 932 314 301 933 308 288 934 282 290 935 315 310 936 282 290 937 277 314 938 318 312 939 322 272 940 316 309 941 317 313 942 279 275 943 319 315 944 317 313 945 319 315 946 320 316 947 317 313 948 320 316 949 318 312 950 319 315 951 279 275 952 278 277 953 322 272 954 286 281 955 316 309 956 320 316 957 280 273 958 321 317 959 323 318 960 331 319 961 326 320 962 326 320 963 330 321 964 324 322 965 326 320 966 331 319 967 330 321 968 351 323 969 337 324 970 325 325 971 330 321 972 338 326 973 327 327 974 331 319 975 332 328 976 330 321 977 337 324 978 335 329 979 329 330 980 335 329 981 333 331 982 331 319 983 330 321 984 334 332 985 338 326 986 333 331 987 336 333 988 332 328 989 332 328 990 334 332 991 330 321 992 333 331 993 339 334 994 336 333 995 336 333 996 340 335 997 334 332 998 341 336 999 344 337 1000 338 326 1001 337 324 1002 351 323 1003 348 338 1004 328 339 1005 338 326 1006 344 337 1007 339 334 1008 348 338 1009 345 340 1010 342 341 1011 344 337 1012 341 336 1013 339 334 1014 343 342 1015 340 335 1016 343 342 1017 346 343 1018 342 341 1019 348 338 1020 349 344 1021 345 340 1022 345 340 1023 346 343 1024 343 342 1025 345 340 1026 349 344 1027 346 343 1028 350 345 1029 328 339 1030 344 337 1031 346 343 1032 349 344 1033 352 346 1034 346 343 1035 352 346 1036 347 347 1037 354 348 1038 355 349 1039 352 346 1040 353 350 1041 354 348 1042 349 344 1043 352 346 1044 356 351 1045 350 345 1046 352 346 1047 355 349 1048 356 351 1049 354 348 1050 357 352 1051 355 349 1052 353 350 1053 351 323 1054 357 352 1055 357 352 1056 358 353 1057 355 349 1058 358 353 1059 362 354 1060 359 355 1061 360 356 1062 359 355 1063 327 327 1064 361 357 1065 323 318 1066 362 354 1067 359 355 1068 362 354 1069 324 322 1070 361 357 1071 325 325 1072 323 318 1073 362 354 1074 323 318 1075 324 322 1076 32 47 1077 40 46 1078 38 32 1079 38 32 1080 42 51 1081 39 33 1082 40 46 1083 42 51 1084 38 32 1085 44 38 1086 43 35 1087 34 37 1088 35 39 1089 45 42 1090 41 40 1091 36 41 1092 46 56 1093 45 42 1094 36 41 1095 47 43 1096 46 56 1097 49 48 1098 48 45 1099 32 47 1100 43 35 1101 49 48 1102 33 36 1103 37 34 1104 50 44 1105 47 43 1106 48 45 1107 53 67 1108 40 46 1109 48 45 1110 54 52 1111 53 67 1112 39 33 1113 55 62 1114 50 44 1115 53 67 1116 57 66 1117 40 46 1118 51 49 1119 56 53 1120 44 38 1121 40 46 1122 57 66 1123 52 50 1124 41 40 1125 59 55 1126 51 49 1127 45 42 1128 60 57 1129 59 55 1130 39 33 1131 61 58 1132 55 62 1133 63 60 1134 62 59 1135 49 48 1136 56 53 1137 63 60 1138 43 35 1139 46 56 1140 64 61 1141 60 57 1142 50 44 1143 65 63 1144 47 43 1145 56 53 1146 66 64 1147 63 60 1148 51 49 1149 67 74 1150 66 64 1151 59 55 1152 67 74 1153 51 49 1154 52 50 1155 68 358 1156 61 58 1157 57 66 1158 68 358 1159 52 50 1160 61 58 1161 70 359 1162 55 62 1163 68 358 1164 70 359 1165 61 58 1166 69 65 1167 75 360 1168 57 66 1169 55 62 1170 74 85 1171 65 63 1172 70 359 1173 74 85 1174 55 62 1175 57 66 1176 75 360 1177 68 358 1178 59 55 1179 81 72 1180 67 74 1181 66 64 1182 78 75 1183 73 70 1184 58 54 1185 79 76 1186 72 69 1187 62 59 1188 80 77 1189 79 76 1190 69 65 1191 85 81 1192 75 360 1193 71 68 1194 83 79 1195 77 73 1196 75 360 1197 85 81 1198 68 358 1199 70 359 1200 84 83 1201 74 85 1202 68 358 1203 84 83 1204 70 359 1205 68 358 1206 85 81 1207 84 83 1208 87 82 1209 86 80 1210 69 65 1211 79 76 1212 87 82 1213 72 69 1214 81 72 1215 88 94 1216 78 75 1217 82 78 1218 88 94 1219 81 72 1220 76 71 1221 89 97 1222 83 79 1223 65 63 1224 89 97 1225 76 71 1226 74 85 1227 90 84 1228 65 63 1229 65 63 1230 93 104 1231 89 97 1232 90 84 1233 93 104 1234 65 63 1235 91 86 1236 94 88 1237 85 81 1238 82 78 1239 95 90 1240 88 94 1241 77 73 1242 95 90 1243 82 78 1244 83 79 1245 96 89 1246 77 73 1247 86 80 1248 97 100 1249 91 86 1250 87 82 1251 97 100 1252 86 80 1253 80 77 1254 98 91 1255 79 76 1256 84 83 1257 99 92 1258 90 84 1259 90 84 1260 101 95 1261 93 104 1262 83 79 1263 103 98 1264 96 89 1265 91 86 1266 104 99 1267 94 88 1268 98 91 1269 105 101 1270 87 82 1271 88 94 1272 106 102 1273 100 93 1274 93 104 1275 107 103 1276 89 97 1277 100 93 1278 108 105 1279 92 87 1280 95 90 1281 117 119 1282 106 102 1283 96 89 1284 117 119 1285 95 90 1286 97 100 1287 112 107 1288 104 99 1289 92 87 1290 110 108 1291 102 96 1292 101 95 1293 111 109 1294 107 103 1295 98 91 1296 113 110 1297 105 101 1298 104 99 1299 115 111 1300 99 92 1301 96 89 1302 114 112 1303 117 119 1304 106 102 1305 117 119 1306 108 105 1307 109 106 1308 118 114 1309 103 98 1310 120 124 1311 119 115 1312 112 107 1313 116 113 1314 120 124 1315 112 107 1316 115 111 1317 121 116 1318 111 109 1319 110 108 1320 122 117 1321 102 96 1322 108 105 1323 123 130 1324 110 108 1325 117 119 1326 123 130 1327 108 105 1328 117 119 1329 125 120 1330 123 130 1331 109 106 1332 126 121 1333 118 114 1334 116 113 1335 127 122 1336 120 124 1337 130 125 1338 129 126 1339 119 115 1340 114 112 1341 131 127 1342 124 118 1343 121 116 1344 132 128 1345 111 109 1346 107 103 1347 134 142 1348 126 121 1349 132 128 1350 134 142 1351 107 103 1352 129 126 1353 135 131 1354 121 116 1355 126 121 1356 136 132 1357 118 114 1358 124 118 1359 137 133 1360 125 120 1361 125 120 1362 138 134 1363 123 130 1364 130 125 1365 141 137 1366 139 135 1367 131 127 1368 143 139 1369 137 133 1370 129 126 1371 145 361 1372 144 140 1373 139 135 1374 145 361 1375 129 126 1376 133 129 1377 147 144 1378 122 117 1379 138 134 1380 147 144 1381 133 129 1382 128 123 1383 158 143 1384 142 138 1385 122 117 1386 148 145 1387 158 143 1388 134 142 1389 149 146 1390 126 121 1391 149 146 1392 151 148 1393 136 132 1394 137 133 1395 152 149 1396 150 147 1397 141 137 1398 153 150 1399 139 135 1400 139 135 1401 154 151 1402 145 361 1403 138 134 1404 155 152 1405 147 144 1406 151 148 1407 156 153 1408 143 139 1409 145 361 1410 157 154 1411 144 140 1412 145 361 1413 159 166 1414 157 154 1415 154 151 1416 159 166 1417 145 361 1418 148 145 1419 161 156 1420 160 155 1421 149 146 1422 163 158 1423 151 148 1424 147 144 1425 164 159 1426 161 156 1427 150 147 1428 165 160 1429 155 152 1430 156 153 1431 165 160 1432 152 149 1433 153 150 1434 166 162 1435 170 161 1436 158 143 1437 167 163 1438 166 162 1439 163 158 1440 168 164 1441 156 153 1442 157 154 1443 169 165 1444 146 141 1445 159 166 1446 171 167 1447 157 154 1448 155 152 1449 172 168 1450 164 159 1451 162 157 1452 173 169 1453 149 146 1454 159 166 1455 174 179 1456 171 167 1457 170 161 1458 174 179 1459 159 166 1460 166 162 1461 176 171 1462 170 161 1463 160 155 1464 177 172 1465 176 171 1466 164 159 1467 178 173 1468 177 172 1469 180 175 1470 179 174 1471 169 165 1472 174 179 1473 180 175 1474 171 167 1475 181 178 1476 182 177 1477 168 164 1478 179 174 1479 181 178 1480 173 169 1481 175 170 1482 182 177 1483 178 173 1484 185 185 1485 189 184 1486 187 191 1487 186 181 1488 185 185 1489 187 191 1490 186 181 1491 187 191 1492 190 192 1493 184 183 1494 188 189 1495 189 184 1496 194 182 1497 186 181 1498 190 192 1499 189 184 1500 195 193 1501 193 190 1502 192 187 1503 197 197 1504 188 189 1505 194 182 1506 190 192 1507 198 198 1508 193 190 1509 195 193 1510 196 196 1511 188 189 1512 197 197 1513 195 193 1514 196 196 1515 200 200 1516 198 198 1517 196 196 1518 195 193 1519 200 200 1520 197 197 1521 214 186 1522 206 205 1523 199 199 1524 197 197 1525 206 205 1526 198 198 1527 203 201 1528 204 202 1529 200 200 1530 199 199 1531 201 203 1532 200 200 1533 202 204 1534 203 201 1535 201 203 1536 199 199 1537 210 206 1538 204 202 1539 209 210 1540 220 207 1541 202 204 1542 201 203 1543 207 208 1544 203 201 1545 208 209 1546 213 362 1547 203 201 1548 213 362 1549 209 210 1550 206 205 1551 218 211 1552 210 206 1553 207 208 1554 211 213 1555 212 212 1556 213 362 1557 208 209 1558 212 212 1559 210 206 1560 215 214 1561 211 213 1562 213 362 1563 212 212 1564 219 216 1565 209 210 1566 213 362 1567 219 216 1568 211 213 1569 215 214 1570 216 215 1571 216 215 1572 217 219 1573 223 218 1574 219 216 1575 223 218 1576 224 221 1577 220 207 1578 228 222 1579 191 194 1580 223 218 1581 217 219 1582 222 220 1583 221 217 1584 218 211 1585 214 186 1586 222 220 1587 221 217 1588 184 183 1589 224 221 1590 229 180 1591 228 222 1592 224 221 1593 227 224 1594 229 180 1595 227 224 1596 185 185 1597 186 181 1598 184 183 1599 225 188 1600 192 187 1601 228 222 1602 229 180 1603 194 182 1604 228 222 1605 194 182 1606 191 194 1607 227 224 1608 226 223 1609 185 185 1610 243 245 1611 233 234 1612 242 235 1613 232 231 1614 235 226 1615 238 232 1616 242 235 1617 236 233 1618 241 241 1619 235 226 1620 240 236 1621 238 232 1622 236 233 1623 238 232 1624 241 241 1625 234 225 1626 244 237 1627 240 236 1628 242 235 1629 241 241 1630 246 242 1631 240 236 1632 244 237 1633 245 238 1634 241 241 1635 238 232 1636 245 238 1637 239 229 1638 252 240 1639 244 237 1640 243 245 1641 242 235 1642 255 243 1643 244 237 1644 252 240 1645 247 246 1646 246 242 1647 248 247 1648 251 250 1649 246 242 1650 251 250 1651 255 243 1652 248 247 1653 247 246 1654 249 249 1655 247 246 1656 252 240 1657 253 248 1658 248 247 1659 250 252 1660 251 250 1661 250 252 1662 249 249 1663 254 255 1664 251 250 1665 261 254 1666 257 251 1667 254 255 1668 249 249 1669 256 253 1670 250 252 1671 259 256 1672 261 254 1673 259 256 1674 254 255 1675 258 259 1676 253 248 1677 252 240 1678 268 239 1679 256 253 1680 253 248 1681 262 257 1682 272 244 1683 257 251 1684 263 260 1685 260 258 1686 259 256 1687 264 261 1688 261 254 1689 260 258 1690 265 262 1691 256 253 1692 266 263 1693 264 261 1694 268 239 1695 237 228 1696 266 263 1697 265 262 1698 264 261 1699 269 264 1700 263 260 1701 265 262 1702 270 265 1703 266 263 1704 271 267 1705 269 264 1706 272 244 1707 263 260 1708 267 266 1709 270 265 1710 273 268 1711 276 271 1712 270 265 1713 276 271 1714 267 266 1715 267 266 1716 233 234 1717 243 245 1718 273 268 1719 275 270 1720 276 271 1721 273 268 1722 271 267 1723 274 269 1724 275 270 1725 235 226 1726 232 231 1727 276 271 1728 232 231 1729 236 233 1730 276 271 1731 236 233 1732 233 234 1733 275 270 1734 274 269 1735 234 225 1736 234 225 1737 230 230 1738 239 229 1739 286 281 1740 322 272 1741 281 274 1742 278 277 1743 284 276 1744 283 279 1745 280 273 1746 278 277 1747 283 279 1748 277 314 1749 282 290 1750 287 285 1751 277 314 1752 287 285 1753 279 275 1754 280 273 1755 283 279 1756 285 280 1757 279 275 1758 287 285 1759 284 276 1760 281 274 1761 280 273 1762 285 280 1763 284 276 1764 294 286 1765 288 278 1766 286 281 1767 281 274 1768 291 282 1769 291 282 1770 285 280 1771 290 287 1772 282 290 1773 293 289 1774 287 285 1775 288 278 1776 294 286 1777 289 284 1778 287 285 1779 293 289 1780 294 286 1781 289 284 1782 294 286 1783 295 293 1784 289 284 1785 295 293 1786 290 287 1787 294 286 1788 293 289 1789 299 291 1790 290 287 1791 298 294 1792 292 283 1793 295 293 1794 294 286 1795 296 292 1796 295 293 1797 297 296 1798 298 294 1799 296 292 1800 299 291 1801 303 298 1802 298 294 1803 302 297 1804 307 302 1805 298 294 1806 307 302 1807 300 295 1808 297 296 1809 296 292 1810 301 299 1811 299 291 1812 314 301 1813 303 298 1814 301 299 1815 305 304 1816 306 303 1817 303 298 1818 309 305 1819 305 304 1820 304 300 1821 307 302 1822 311 307 1823 305 304 1824 309 305 1825 310 308 1826 307 302 1827 306 303 1828 313 306 1829 310 308 1830 312 311 1831 313 306 1832 311 307 1833 318 312 1834 316 309 1835 313 306 1836 312 311 1837 317 313 1838 313 306 1839 317 313 1840 318 312 1841 315 310 1842 314 301 1843 282 290 1844 318 312 1845 321 317 1846 322 272 1847 317 313 1848 315 310 1849 279 275 1850 318 312 1851 320 316 1852 321 317 1853 279 275 1854 315 310 1855 277 314 1856 320 316 1857 319 315 1858 278 277 1859 320 316 1860 278 277 1861 280 273 1862 321 317 1863 280 273 1864 322 272 1865 324 322 1866 323 318 1867 326 320 1868 325 325 1869 329 330 1870 323 318 1871 327 327 1872 324 322 1873 330 321 1874 323 318 1875 329 330 1876 331 319 1877 327 327 1878 338 326 1879 328 339 1880 325 325 1881 337 324 1882 329 330 1883 331 319 1884 329 330 1885 335 329 1886 331 319 1887 333 331 1888 332 328 1889 332 328 1890 336 333 1891 334 332 1892 338 326 1893 334 332 1894 341 336 1895 337 324 1896 348 338 1897 335 329 1898 334 332 1899 340 335 1900 341 336 1901 333 331 1902 335 329 1903 339 334 1904 339 334 1905 335 329 1906 348 338 1907 336 333 1908 339 334 1909 340 335 1910 341 336 1911 340 335 1912 342 341 1913 339 334 1914 345 340 1915 343 342 1916 340 335 1917 343 342 1918 342 341 1919 342 341 1920 346 343 1921 347 347 1922 342 341 1923 347 347 1924 344 337 1925 344 337 1926 347 347 1927 350 345 1928 348 338 1929 353 350 1930 349 344 1931 347 347 1932 352 346 1933 350 345 1934 349 344 1935 354 348 1936 352 346 1937 350 345 1938 356 351 1939 360 356 1940 350 345 1941 360 356 1942 328 339 1943 353 350 1944 348 338 1945 351 323 1946 356 351 1947 355 349 1948 358 353 1949 354 348 1950 353 350 1951 357 352 1952 356 351 1953 358 353 1954 359 355 1955 360 356 1956 356 351 1957 359 355 1958 357 352 1959 361 357 1960 358 353 1961 351 323 1962 325 325 1963 357 352 1964 357 352 1965 325 325 1966 361 357 1967 359 355 1968 324 322 1969 327 327 1970 360 356 1971 327 327 1972 328 339 1973 358 353 1974 361 357 1975 362 354 1976</p>
        </triangles>
      </mesh>
    </geometry>
  </library_geometries>
  <library_controllers>
    <controller id="GanondorfRig_GanondorfNecklace_LOD0-skin" name="GanondorfRig">
      <skin source="#GanondorfNecklace_LOD0-mesh">
        <bind_shape_matrix>1 0 0 0 0 1 0 0 0 0 1 0 0 0 0 1</bind_shape_matrix>
        <source id="GanondorfRig_GanondorfNecklace_LOD0-skin-joints">
          <Name_array id="GanondorfRig_GanondorfNecklace_LOD0-skin-joints-array" count="2">mChest mNeck</Name_array>
          <technique_common>
            <accessor source="#GanondorfRig_GanondorfNecklace_LOD0-skin-joints-array" count="2" stride="1">
              <param name="JOINT" type="name"/>
            </accessor>
          </technique_common>
        </source>
        <source id="GanondorfRig_GanondorfNecklace_LOD0-skin-bind_poses">
          <float_array id="GanondorfRig_GanondorfNecklace_LOD0-skin-bind_poses-array" count="32">1 0 0 0.01499998 0 1 0 0 0 0 1 -1.356 0 0 0 1 1 0 0 0.02499997 0 1 0 0 0 0 1 -1.607 0 0 0 1</float_array>
          <technique_common>
            <accessor source="#GanondorfRig_GanondorfNecklace_LOD0-skin-bind_poses-array" count="2" stride="16">
              <param name="TRANSFORM" type="float4x4"/>
            </accessor>
          </technique_common>
        </source>
        <source id="GanondorfRig_GanondorfNecklace_LOD0-skin-weights">
          <float_array id="GanondorfRig_GanondorfNecklace_LOD0-skin-weights-array" count="726">0.75 0.25 0.75 0.25 0.75 0.25 0.75 0.25 0.75 0.25 0.75 0.25 0.75 0.25 0.75 0.25 0.75 0.25 0.75 0.25 0.75 0.25 0.75 0.25 0.75 0.25 0.75 0.25 0.75 0.25 0.75 0.25 0.75 0.25 0.75 0.25 0.75 0.25 0.75 0.25 0.75 0.25 0.75 0.25 0.75 0.25 0.75 0.25 0.75 0.25 0.75 0.25 0.75 0.25 0.75 0.25 0.75 0.25 0.75 0.25 0.75 0.25 0.75 0.25 0.75 0.25 0.75 0.25 0.75 0.25 0.75 0.25 0.75 0.25 0.75 0.25 0.75 0.25 0.75 0.25 0.75 0.25 0.75 0.25 0.75 0.25 0.75 0.25 0.75 0.25 0.75 0.25 0.75 0.25 0.75 0.25 0.75 0.25 0.75 0.25 0.75 0.25 0.75 0.25 0.75 0.25 0.75 0.25 0.75 0.25 0.75 0.25 0.75 0.25 0.75 0.25 0.75 0.25 0.75 0.25 0.75 0.25 0.75 0.25 0.75 0.25 0.75 0.25 0.75 0.25 0.75 0.25 0.75 0.25 0.75 0.25 0.75 0.25 0.75 0.25 0.75 0.25 0.75 0.25 0.75 0.25 0.75 0.25 0.75 0.25 0.75 0.25 0.75 0.25 0.75 0.25 0.75 0.25 0.75 0.25 0.75 0.25 0.75 0.25 0.75 0.25 0.75 0.25 0.75 0.25 0.75 0.25 0.75 0.25 0.75 0.25 0.75 0.25 0.75 0.25 0.75 0.25 0.75 0.25 0.75 0.25 0.75 0.25 0.75 0.25 0.75 0.25 0.75 0.25 0.75 0.25 0.75 0.25 0.75 0.25 0.75 0.25 0.75 0.25 0.75 0.25 0.75 0.25 0.75 0.25 0.75 0.25 0.75 0.25 0.75 0.25 0.75 0.25 0.75 0.25 0.75 0.25 0.75 0.25 0.75 0.25 0.75 0.25 0.75 0.25 0.75 0.25 0.75 0.25 0.75 0.25 0.75 0.25 0.75 0.25 0.75 0.25 0.75 0.25 0.75 0.25 0.75 0.25 0.75 0.25 0.75 0.25 0.75 0.25 0.75 0.25 0.75 0.25 0.75 0.25 0.75 0.25 0.75 0.25 0.75 0.25 0.75 0.25 0.75 0.25 0.75 0.25 0.75 0.25 0.75 0.25 0.75 0.25 0.75 0.25 0.75 0.25 0.75 0.25 0.75 0.25 0.75 0.25 0.75 0.25 0.75 0.25 0.75 0.25 0.75 0.25 0.75 0.25 0.75 0.25 0.75 0.25 0.75 0.25 0.75 0.25 0.75 0.25 0.75 0.25 0.75 0.25 0.75 0.25 0.75 0.25 0.75 0.25 0.75 0.25 0.75 0.25 0.75 0.25 0.75 0.25 0.75 0.25 0.75 0.25 0.75 0.25 0.75 0.25 0.75 0.25 0.75 0.25 0.75 0.25 0.75 0.25 0.75 0.25 0.75 0.25 0.75 0.25 0.75 0.25 0.75 0.25 0.75 0.25 0.75 0.25 0.75 0.25 0.75 0.25 0.75 0.25 0.75 0.25 0.75 0.25 0.75 0.25 0.75 0.25 0.75 0.25 0.75 0.25 0.75 0.25 0.75 0.25 0.75 0.25 0.75 0.25 0.75 0.25 0.75 0.25 0.75 0.25 0.75 0.25 0.75 0.25 0.75 0.25 0.75 0.25 0.75 0.25 0.75 0.25 0.75 0.25 0.75 0.25 0.75 0.25 0.75 0.25 0.75 0.25 0.75 0.25 0.75 0.25 0.75 0.25 0.75 0.25 0.75 0.25 0.75 0.25 0.75 0.25 0.75 0.25 0.75 0.25 0.75 0.25 0.75 0.25 0.75 0.25 0.75 0.25 0.75 0.25 0.75 0.25 0.75 0.25 0.75 0.25 0.75 0.25 0.75 0.25 0.75 0.25 0.75 0.25 0.75 0.25 0.75 0.25 0.75 0.25 0.75 0.25 0.75 0.25 0.75 0.25 0.75 0.25 0.75 0.25 0.75 0.25 0.75 0.25 0.75 0.25 0.75 0.25 0.75 0.25 0.75 0.25 0.75 0.25 0.75 0.25 0.75 0.25 0.75 0.25 0.75 0.25 0.75 0.25 0.75 0.25 0.75 0.25 0.75 0.25 0.75 0.25 0.75 0.25 0.75 0.25 0.75 0.25 0.75 0.25 0.75 0.25 0.75 0.25 0.75 0.25 0.75 0.25 0.75 0.25 0.75 0.25 0.75 0.25 0.75 0.25 0.75 0.25 0.75 0.25 0.75 0.25 0.75 0.25 0.75 0.25 0.75 0.25 0.75 0.25 0.75 0.25 0.75 0.25 0.75 0.25 0.75 0.25 0.75 0.25 0.75 0.25 0.75 0.25 0.75 0.25 0.75 0.25 0.75 0.25 0.75 0.25 0.75 0.25 0.75 0.25 0.75 0.25 0.75 0.25 0.75 0.25 0.75 0.25 0.75 0.25 0.75 0.25 0.75 0.25 0.75 0.25 0.75 0.25 0.75 0.25 0.75 0.25 0.75 0.25 0.75 0.25 0.75 0.25 0.75 0.25 0.75 0.25 0.75 0.25 0.75 0.25 0.75 0.25 0.75 0.25 0.75 0.25 0.75 0.25 0.75 0.25 0.75 0.25 0.75 0.25 0.75 0.25 0.75 0.25 0.75 0.25 0.75 0.25 0.75 0.25 0.75 0.25 0.75 0.25 0.75 0.25 0.75 0.25 0.75 0.25 0.75 0.25 0.75 0.25 0.75 0.25 0.75 0.25 0.75 0.25 0.75 0.25 0.75 0.25 0.75 0.25 0.75 0.25 0.75 0.25 0.75 0.25 0.75 0.25 0.75 0.25 0.75 0.25 0.75 0.25 0.75 0.25 0.75 0.25 0.75 0.25 0.75 0.25 0.75 0.25 0.75 0.25 0.75 0.25 0.75 0.25 0.75 0.25 0.75 0.25 0.75 0.25 0.75 0.25 0.75 0.25 0.75 0.25 0.75 0.25 0.75 0.25 0.75 0.25 0.75 0.25 0.75 0.25 0.75 0.25 0.75 0.25 0.75 0.25 0.75 0.25 0.75 0.25 0.75 0.25 0.75 0.25 0.75 0.25 0.75 0.25 0.75 0.25 0.75 0.25 0.75 0.25</float_array>
          <technique_common>
            <accessor source="#GanondorfRig_GanondorfNecklace_LOD0-skin-weights-array" count="726" stride="1">
              <param name="WEIGHT" type="float"/>
            </accessor>
          </technique_common>
        </source>
        <joints>
          <input semantic="JOINT" source="#GanondorfRig_GanondorfNecklace_LOD0-skin-joints"/>
          <input semantic="INV_BIND_MATRIX" source="#GanondorfRig_GanondorfNecklace_LOD0-skin-bind_poses"/>
        </joints>
        <vertex_weights count="363">
          <input semantic="JOINT" source="#GanondorfRig_GanondorfNecklace_LOD0-skin-joints" offset="0"/>
          <input semantic="WEIGHT" source="#GanondorfRig_GanondorfNecklace_LOD0-skin-weights" offset="1"/>
          <vcount>2 2 2 2 2 2 2 2 2 2 2 2 2 2 2 2 2 2 2 2 2 2 2 2 2 2 2 2 2 2 2 2 2 2 2 2 2 2 2 2 2 2 2 2 2 2 2 2 2 2 2 2 2 2 2 2 2 2 2 2 2 2 2 2 2 2 2 2 2 2 2 2 2 2 2 2 2 2 2 2 2 2 2 2 2 2 2 2 2 2 2 2 2 2 2 2 2 2 2 2 2 2 2 2 2 2 2 2 2 2 2 2 2 2 2 2 2 2 2 2 2 2 2 2 2 2 2 2 2 2 2 2 2 2 2 2 2 2 2 2 2 2 2 2 2 2 2 2 2 2 2 2 2 2 2 2 2 2 2 2 2 2 2 2 2 2 2 2 2 2 2 2 2 2 2 2 2 2 2 2 2 2 2 2 2 2 2 2 2 2 2 2 2 2 2 2 2 2 2 2 2 2 2 2 2 2 2 2 2 2 2 2 2 2 2 2 2 2 2 2 2 2 2 2 2 2 2 2 2 2 2 2 2 2 2 2 2 2 2 2 2 2 2 2 2 2 2 2 2 2 2 2 2 2 2 2 2 2 2 2 2 2 2 2 2 2 2 2 2 2 2 2 2 2 2 2 2 2 2 2 2 2 2 2 2 2 2 2 2 2 2 2 2 2 2 2 2 2 2 2 2 2 2 2 2 2 2 2 2 2 2 2 2 2 2 2 2 2 2 2 2 2 2 2 2 2 2 2 2 2 2 2 2 2 2 2 2 2 2 2 2 2 2 2 2 2 2 2 2 2 2 2 2 2 2 2 2 2 2 2 2 2 2 </vcount>
          <v>0 0 1 1 0 2 1 3 0 4 1 5 0 6 1 7 0 8 1 9 0 10 1 11 0 12 1 13 0 14 1 15 0 16 1 17 0 18 1 19 0 20 1 21 0 22 1 23 0 24 1 25 0 26 1 27 0 28 1 29 0 30 1 31 0 32 1 33 0 34 1 35 0 36 1 37 0 38 1 39 0 40 1 41 0 42 1 43 0 44 1 45 0 46 1 47 0 48 1 49 0 50 1 51 0 52 1 53 0 54 1 55 0 56 1 57 0 58 1 59 0 60 1 61 0 62 1 63 0 64 1 65 0 66 1 67 0 68 1 69 0 70 1 71 0 72 1 73 0 74 1 75 0 76 1 77 0 78 1 79 0 80 1 81 0 82 1 83 0 84 1 85 0 86 1 87 0 88 1 89 0 90 1 91 0 92 1 93 0 94 1 95 0 96 1 97 0 98 1 99 0 100 1 101 0 102 1 103 0 104 1 105 0 106 1 107 0 108 1 109 0 110 1 111 0 112 1 113 0 114 1 115 0 116 1 117 0 118 1 119 0 120 1 121 0 122 1 123 0 124 1 125 0 126 1 127 0 128 1 129 0 130 1 131 0 132 1 133 0 134 1 135 0 136 1 137 0 138 1 139 0 140 1 141 0 142 1 143 0 144 1 145 0 146 1 147 0 148 1 149 0 150 1 151 0 152 1 153 0 154 1 155 0 156 1 157 0 158 1 159 0 160 1 161 0 162 1 163 0 164 1 165 0 166 1 167 0 168 1 169 0 170 1 171 0 172 1 173 0 174 1 175 0 176 1 177 0 178 1 179 0 180 1 181 0 182 1 183 0 184 1 185 0 186 1 187 0 188 1 189 0 190 1 191 0 192 1 193 0 194 1 195 0 196 1 197 0 198 1 199 0 200 1 201 0 202 1 203 0 204 1 205 0 206 1 207 0 208 1 209 0 210 1 211 0 212 1 213 0 214 1 215 0 216 1 217 0 218 1 219 0 220 1 221 0 222 1 223 0 224 1 225 0 226 1 227 0 228 1 229 0 230 1 231 0 232 1 233 0 234 1 235 0 236 1 237 0 238 1 239 0 240 1 241 0 242 1 243 0 244 1 245 0 246 1 247 0 248 1 249 0 250 1 251 0 252 1 253 0 254 1 255 0 256 1 257 0 258 1 259 0 260 1 261 0 262 1 263 0 264 1 265 0 266 1 267 0 268 1 269 0 270 1 271 0 272 1 273 0 274 1 275 0 276 1 277 0 278 1 279 0 280 1 281 0 282 1 283 0 284 1 285 0 286 1 287 0 288 1 289 0 290 1 291 0 292 1 293 0 294 1 295 0 296 1 297 0 298 1 299 0 300 1 301 0 302 1 303 0 304 1 305 0 306 1 307 0 308 1 309 0 310 1 311 0 312 1 313 0 314 1 315 0 316 1 317 0 318 1 319 0 320 1 321 0 322 1 323 0 324 1 325 0 326 1 327 0 328 1 329 0 330 1 331 0 332 1 333 0 334 1 335 0 336 1 337 0 338 1 339 0 340 1 341 0 342 1 343 0 344 1 345 0 346 1 347 0 348 1 349 0 350 1 351 0 352 1 353 0 354 1 355 0 356 1 357 0 358 1 359 0 360 1 361 0 362 1 363 0 364 1 365 0 366 1 367 0 368 1 369 0 370 1 371 0 372 1 373 0 374 1 375 0 376 1 377 0 378 1 379 0 380 1 381 0 382 1 383 0 384 1 385 0 386 1 387 0 388 1 389 0 390 1 391 0 392 1 393 0 394 1 395 0 396 1 397 0 398 1 399 0 400 1 401 0 402 1 403 0 404 1 405 0 406 1 407 0 408 1 409 0 410 1 411 0 412 1 413 0 414 1 415 0 416 1 417 0 418 1 419 0 420 1 421 0 422 1 423 0 424 1 425 0 426 1 427 0 428 1 429 0 430 1 431 0 432 1 433 0 434 1 435 0 436 1 437 0 438 1 439 0 440 1 441 0 442 1 443 0 444 1 445 0 446 1 447 0 448 1 449 0 450 1 451 0 452 1 453 0 454 1 455 0 456 1 457 0 458 1 459 0 460 1 461 0 462 1 463 0 464 1 465 0 466 1 467 0 468 1 469 0 470 1 471 0 472 1 473 0 474 1 475 0 476 1 477 0 478 1 479 0 480 1 481 0 482 1 483 0 484 1 485 0 486 1 487 0 488 1 489 0 490 1 491 0 492 1 493 0 494 1 495 0 496 1 497 0 498 1 499 0 500 1 501 0 502 1 503 0 504 1 505 0 506 1 507 0 508 1 509 0 510 1 511 0 512 1 513 0 514 1 515 0 516 1 517 0 518 1 519 0 520 1 521 0 522 1 523 0 524 1 525 0 526 1 527 0 528 1 529 0 530 1 531 0 532 1 533 0 534 1 535 0 536 1 537 0 538 1 539 0 540 1 541 0 542 1 543 0 544 1 545 0 546 1 547 0 548 1 549 0 550 1 551 0 552 1 553 0 554 1 555 0 556 1 557 0 558 1 559 0 560 1 561 0 562 1 563 0 564 1 565 0 566 1 567 0 568 1 569 0 570 1 571 0 572 1 573 0 574 1 575 0 576 1 577 0 578 1 579 0 580 1 581 0 582 1 583 0 584 1 585 0 586 1 587 0 588 1 589 0 590 1 591 0 592 1 593 0 594 1 595 0 596 1 597 0 598 1 599 0 600 1 601 0 602 1 603 0 604 1 605 0 606 1 607 0 608 1 609 0 610 1 611 0 612 1 613 0 614 1 615 0 616 1 617 0 618 1 619 0 620 1 621 0 622 1 623 0 624 1 625 0 626 1 627 0 628 1 629 0 630 1 631 0 632 1 633 0 634 1 635 0 636 1 637 0 638 1 639 0 640 1 641 0 642 1 643 0 644 1 645 0 646 1 647 0 648 1 649 0 650 1 651 0 652 1 653 0 654 1 655 0 656 1 657 0 658 1 659 0 660 1 661 0 662 1 663 0 664 1 665 0 666 1 667 0 668 1 669 0 670 1 671 0 672 1 673 0 674 1 675 0 676 1 677 0 678 1 679 0 680 1 681 0 682 1 683 0 684 1 685 0 686 1 687 0 688 1 689 0 690 1 691 0 692 1 693 0 694 1 695 0 696 1 697 0 698 1 699 0 700 1 701 0 702 1 703 0 704 1 705 0 706 1 707 0 708 1 709 0 710 1 711 0 712 1 713 0 714 1 715 0 716 1 717 0 718 1 719 0 720 1 721 0 722 1 723 0 724 1 725</v>
        </vertex_weights>
      </skin>
    </controller>
  </library_controllers>
  <library_visual_scenes>
    <visual_scene id="Scene" name="Scene">
      <node id="GanondorfRig" name="GanondorfRig" type="NODE">
        <matrix sid="transform">1 0 0 0 0 1 0 0 0 0 1 0 0 0 0 1</matrix>
        <node id="GanondorfRig_mPelvis" name="mPelvis" sid="mPelvis" type="JOINT">
          <matrix sid="transform">1 0 0 0 0 1 0 0 0 0 1 1.067 0 0 0 1</matrix>
          <node id="GanondorfRig_PELVIS" name="PELVIS" sid="PELVIS" type="JOINT">
            <matrix sid="transform">1 0 0 -0.01 0 1 0 0 0 0 1 -0.01999998 0 0 0 1</matrix>
            <extra>
              <technique profile="blender">
                <layer sid="layer" type="string">0</layer>
                <roll sid="roll" type="float">0.1396263</roll>
                <tip_x sid="tip_x" type="float">0</tip_x>
                <tip_y sid="tip_y" type="float">0.02999997</tip_y>
                <tip_z sid="tip_z" type="float">0</tip_z>
              </technique>
            </extra>
          </node>
          <node id="GanondorfRig_BUTT" name="BUTT" sid="BUTT" type="JOINT">
            <matrix sid="transform">1 0 0 -0.06 0 1 0 0 0 0 1 -0.1 0 0 0 1</matrix>
            <extra>
              <technique profile="blender">
                <layer sid="layer" type="string">0</layer>
                <tip_x sid="tip_x" type="float">0</tip_x>
                <tip_y sid="tip_y" type="float">0.02999997</tip_y>
                <tip_z sid="tip_z" type="float">0</tip_z>
              </technique>
            </extra>
          </node>
          <node id="GanondorfRig_mSpine1" name="mSpine1" sid="mSpine1" type="JOINT">
            <matrix sid="transform">1 0 0 0 0 1 0 0 0 0 1 0.08399999 0 0 0 1</matrix>
            <node id="GanondorfRig_mSpine2" name="mSpine2" sid="mSpine2" type="JOINT">
              <matrix sid="transform">1 0 0 0 0 1 0 0 0 0 1 -0.08399999 0 0 0 1</matrix>
              <node id="GanondorfRig_mTorso" name="mTorso" sid="mTorso" type="JOINT">
                <matrix sid="transform">1 0 0 0 0 1 0 0 0 0 1 0.08399999 0 0 0 1</matrix>
                <node id="GanondorfRig_BELLY" name="BELLY" sid="BELLY" type="JOINT">
                  <matrix sid="transform">1 0 0 0.028 0 1 0 0 0 0 1 0.03999996 0 0 0 1</matrix>
                  <extra>
                    <technique profile="blender">
                      <layer sid="layer" type="string">0</layer>
                      <roll sid="roll" type="float">0.1396263</roll>
                      <tip_x sid="tip_x" type="float">0</tip_x>
                      <tip_y sid="tip_y" type="float">0.02999997</tip_y>
                      <tip_z sid="tip_z" type="float">0</tip_z>
                    </technique>
                  </extra>
                </node>
                <node id="GanondorfRig_LEFT_HANDLE" name="LEFT_HANDLE" sid="LEFT_HANDLE" type="JOINT">
                  <matrix sid="transform">1 0 0 0 0 1 0 0.1 0 0 1 0.05799997 0 0 0 1</matrix>
                  <extra>
                    <technique profile="blender">
                      <layer sid="layer" type="string">0</layer>
                      <tip_x sid="tip_x" type="float">0</tip_x>
                      <tip_y sid="tip_y" type="float">0.02999997</tip_y>
                      <tip_z sid="tip_z" type="float">0</tip_z>
                    </technique>
                  </extra>
                </node>
                <node id="GanondorfRig_RIGHT_HANDLE" name="RIGHT_HANDLE" sid="RIGHT_HANDLE" type="JOINT">
                  <matrix sid="transform">1 0 0 0 0 1 0 -0.09999999 0 0 1 0.05799997 0 0 0 1</matrix>
                  <extra>
                    <technique profile="blender">
                      <layer sid="layer" type="string">0</layer>
                      <tip_x sid="tip_x" type="float">0</tip_x>
                      <tip_y sid="tip_y" type="float">0.02999997</tip_y>
                      <tip_z sid="tip_z" type="float">0</tip_z>
                    </technique>
                  </extra>
                </node>
                <node id="GanondorfRig_LOWER_BACK" name="LOWER_BACK" sid="LOWER_BACK" type="JOINT">
                  <matrix sid="transform">1 0 0 0 0 1 0 0 0 0 1 0.023 0 0 0 1</matrix>
                  <extra>
                    <technique profile="blender">
                      <layer sid="layer" type="string">0</layer>
                      <tip_x sid="tip_x" type="float">0</tip_x>
                      <tip_y sid="tip_y" type="float">0.02999997</tip_y>
                      <tip_z sid="tip_z" type="float">0</tip_z>
                    </technique>
                  </extra>
                </node>
                <node id="GanondorfRig_mSpine3" name="mSpine3" sid="mSpine3" type="JOINT">
                  <matrix sid="transform">1 0 0 -0.015 0 1 0 0 0 0 1 0.2049999 0 0 0 1</matrix>
                  <node id="GanondorfRig_mSpine4" name="mSpine4" sid="mSpine4" type="JOINT">
                    <matrix sid="transform">1 0 0 0.015 0 1 0 0 0 0 1 -0.2049999 0 0 0 1</matrix>
                    <node id="GanondorfRig_mChest" name="mChest" sid="mChest" type="JOINT">
                      <matrix sid="transform">1 0 0 -0.015 0 1 0 0 0 0 1 0.2049999 0 0 0 1</matrix>
                      <node id="GanondorfRig_CHEST" name="CHEST" sid="CHEST" type="JOINT">
                        <matrix sid="transform">1 0 -1.49012e-8 0.028 0 1 0 0 1.49012e-8 0 1 0.07000005 0 0 0 1</matrix>
                        <extra>
                          <technique profile="blender">
                            <layer sid="layer" type="string">0</layer>
                            <roll sid="roll" type="float">-0.1745329</roll>
                            <tip_x sid="tip_x" type="float">0</tip_x>
                            <tip_y sid="tip_y" type="float">0.02999997</tip_y>
                            <tip_z sid="tip_z" type="float">0</tip_z>
                          </technique>
                        </extra>
                      </node>
                      <node id="GanondorfRig_LEFT_PEC" name="LEFT_PEC" sid="LEFT_PEC" type="JOINT">
                        <matrix sid="transform">1 0 0 0.119 0 1 0 0.082 0 0 1 0.04200006 0 0 0 1</matrix>
                        <extra>
                          <technique profile="blender">
                            <layer sid="layer" type="string">0</layer>
                            <roll sid="roll" type="float">0.07487457</roll>
                            <tip_x sid="tip_x" type="float">0</tip_x>
                            <tip_y sid="tip_y" type="float">0.02999997</tip_y>
                            <tip_z sid="tip_z" type="float">0</tip_z>
                          </technique>
                        </extra>
                      </node>
                      <node id="GanondorfRig_RIGHT_PEC" name="RIGHT_PEC" sid="RIGHT_PEC" type="JOINT">
                        <matrix sid="transform">1 0 0 0.119 0 1 0 -0.082 0 0 1 0.04200006 0 0 0 1</matrix>
                        <extra>
                          <technique profile="blender">
                            <layer sid="layer" type="string">0</layer>
                            <roll sid="roll" type="float">0.07487457</roll>
                            <tip_x sid="tip_x" type="float">0</tip_x>
                            <tip_y sid="tip_y" type="float">0.02999997</tip_y>
                            <tip_z sid="tip_z" type="float">0</tip_z>
                          </technique>
                        </extra>
                      </node>
                      <node id="GanondorfRig_UPPER_BACK" name="UPPER_BACK" sid="UPPER_BACK" type="JOINT">
                        <matrix sid="transform">1 0 0 0 0 1 0 0 0 0 1 0.01700008 0 0 0 1</matrix>
                        <extra>
                          <technique profile="blender">
                            <layer sid="layer" type="string">0</layer>
                            <tip_x sid="tip_x" type="float">0</tip_x>
                            <tip_y sid="tip_y" type="float">0.02999997</tip_y>
                            <tip_z sid="tip_z" type="float">0</tip_z>
                          </technique>
                        </extra>
                      </node>
                      <node id="GanondorfRig_mNeck" name="mNeck" sid="mNeck" type="JOINT">
                        <matrix sid="transform">1 0 0 -0.01 0 1 0 0 0 0 1 0.251 0 0 0 1</matrix>
                        <node id="GanondorfRig_NECK" name="NECK" sid="NECK" type="JOINT">
                          <matrix sid="transform">1 0 0 0 0 1 0 0 0 0 1 0.01999998 0 0 0 1</matrix>
                          <extra>
                            <technique profile="blender">
                              <layer sid="layer" type="string">0</layer>
                              <tip_x sid="tip_x" type="float">0</tip_x>
                              <tip_y sid="tip_y" type="float">0.02999997</tip_y>
                              <tip_z sid="tip_z" type="float">0</tip_z>
                            </technique>
                          </extra>
                        </node>
                        <node id="GanondorfRig_mHead" name="mHead" sid="mHead" type="JOINT">
                          <matrix sid="transform">1 0 0 0 0 1 0 0 0 0 1 0.07599998 0 0 0 1</matrix>
                          <node id="GanondorfRig_HEAD" name="HEAD" sid="HEAD" type="JOINT">
                            <matrix sid="transform">1 0 0 0.02 0 1 0 0 0 0 1 0.07000005 0 0 0 1</matrix>
                            <extra>
                              <technique profile="blender">
                                <layer sid="layer" type="string">0</layer>
                                <tip_x sid="tip_x" type="float">0</tip_x>
                                <tip_y sid="tip_y" type="float">0.02999997</tip_y>
                                <tip_z sid="tip_z" type="float">0</tip_z>
                              </technique>
                            </extra>
                          </node>
                          <node id="GanondorfRig_mSkull" name="mSkull" sid="mSkull" type="JOINT">
                            <matrix sid="transform">1 0 0 0 0 1 0 0 0 0 1 0.079 0 0 0 1</matrix>
                            <extra>
                              <technique profile="blender">
                                <layer sid="layer" type="string">0</layer>
                                <tip_x sid="tip_x" type="float">0</tip_x>
                                <tip_y sid="tip_y" type="float">0.02999997</tip_y>
                                <tip_z sid="tip_z" type="float">0</tip_z>
                              </technique>
                            </extra>
                          </node>
                          <node id="GanondorfRig_mEyeRight" name="mEyeRight" sid="mEyeRight" type="JOINT">
                            <matrix sid="transform">1 0 0 0.098 0 1 0 -0.036 0 0 1 0.079 0 0 0 1</matrix>
                            <extra>
                              <technique profile="blender">
                                <layer sid="layer" type="string">0</layer>
                                <tip_x sid="tip_x" type="float">0</tip_x>
                                <tip_y sid="tip_y" type="float">0.02999997</tip_y>
                                <tip_z sid="tip_z" type="float">0</tip_z>
                              </technique>
                            </extra>
                          </node>
                          <node id="GanondorfRig_mEyeLeft" name="mEyeLeft" sid="mEyeLeft" type="JOINT">
                            <matrix sid="transform">1 0 0 0.098 0 1 0 0.036 0 0 1 0.079 0 0 0 1</matrix>
                            <extra>
                              <technique profile="blender">
                                <layer sid="layer" type="string">0</layer>
                                <tip_x sid="tip_x" type="float">0</tip_x>
                                <tip_y sid="tip_y" type="float">0.02999997</tip_y>
                                <tip_z sid="tip_z" type="float">0</tip_z>
                              </technique>
                            </extra>
                          </node>
                          <node id="GanondorfRig_mFaceRoot" name="mFaceRoot" sid="mFaceRoot" type="JOINT">
                            <matrix sid="transform">1 0 0 0.025 0 1 0 0 0 0 1 0.04500008 0 0 0 1</matrix>
                            <node id="GanondorfRig_mFaceEyeAltRight" name="mFaceEyeAltRight" sid="mFaceEyeAltRight" type="JOINT">
                              <matrix sid="transform">1 0 0 0.073 0 1 0 -0.036 0 0 1 0.03399992 0 0 0 1</matrix>
                              <extra>
                                <technique profile="blender">
                                  <layer sid="layer" type="string">0</layer>
                                  <tip_x sid="tip_x" type="float">0</tip_x>
                                  <tip_y sid="tip_y" type="float">0.02999997</tip_y>
                                  <tip_z sid="tip_z" type="float">0</tip_z>
                                </technique>
                              </extra>
                            </node>
                            <node id="GanondorfRig_mFaceEyeAltLeft" name="mFaceEyeAltLeft" sid="mFaceEyeAltLeft" type="JOINT">
                              <matrix sid="transform">1 0 0 0.073 0 1 0 0.036 0 0 1 0.03399992 0 0 0 1</matrix>
                              <extra>
                                <technique profile="blender">
                                  <layer sid="layer" type="string">0</layer>
                                  <tip_x sid="tip_x" type="float">0</tip_x>
                                  <tip_y sid="tip_y" type="float">0.02999997</tip_y>
                                  <tip_z sid="tip_z" type="float">0</tip_z>
                                </technique>
                              </extra>
                            </node>
                            <node id="GanondorfRig_mFaceForeheadLeft" name="mFaceForeheadLeft" sid="mFaceForeheadLeft" type="JOINT">
                              <matrix sid="transform">1 0 0 0.061 0 1 0 0.035 0 0 1 0.08299994 0 0 0 1</matrix>
                              <extra>
                                <technique profile="blender">
                                  <layer sid="layer" type="string">0</layer>
                                  <tip_x sid="tip_x" type="float">0</tip_x>
                                  <tip_y sid="tip_y" type="float">0.02999997</tip_y>
                                  <tip_z sid="tip_z" type="float">0</tip_z>
                                </technique>
                              </extra>
                            </node>
                            <node id="GanondorfRig_mFaceForeheadRight" name="mFaceForeheadRight" sid="mFaceForeheadRight" type="JOINT">
                              <matrix sid="transform">1 0 0 0.061 0 1 0 -0.035 0 0 1 0.08299994 0 0 0 1</matrix>
                              <extra>
                                <technique profile="blender">
                                  <layer sid="layer" type="string">0</layer>
                                  <tip_x sid="tip_x" type="float">0</tip_x>
                                  <tip_y sid="tip_y" type="float">0.02999997</tip_y>
                                  <tip_z sid="tip_z" type="float">0</tip_z>
                                </technique>
                              </extra>
                            </node>
                            <node id="GanondorfRig_mFaceEyebrowOuterLeft" name="mFaceEyebrowOuterLeft" sid="mFaceEyebrowOuterLeft" type="JOINT">
                              <matrix sid="transform">1 0 0 0.064 0 1 0 0.051 0 0 1 0.04799998 0 0 0 1</matrix>
                              <extra>
                                <technique profile="blender">
                                  <layer sid="layer" type="string">0</layer>
                                  <tip_x sid="tip_x" type="float">0</tip_x>
                                  <tip_y sid="tip_y" type="float">0.02999997</tip_y>
                                  <tip_z sid="tip_z" type="float">0</tip_z>
                                </technique>
                              </extra>
                            </node>
                            <node id="GanondorfRig_mFaceEyebrowCenterLeft" name="mFaceEyebrowCenterLeft" sid="mFaceEyebrowCenterLeft" type="JOINT">
                              <matrix sid="transform">1 0 0 0.07 0 1 0 0.043 0 0 1 0.05599999 0 0 0 1</matrix>
                              <extra>
                                <technique profile="blender">
                                  <layer sid="layer" type="string">0</layer>
                                  <tip_x sid="tip_x" type="float">0</tip_x>
                                  <tip_y sid="tip_y" type="float">0.02999997</tip_y>
                                  <tip_z sid="tip_z" type="float">0</tip_z>
                                </technique>
                              </extra>
                            </node>
                            <node id="GanondorfRig_mFaceEyebrowInnerLeft" name="mFaceEyebrowInnerLeft" sid="mFaceEyebrowInnerLeft" type="JOINT">
                              <matrix sid="transform">1 0 0 0.075 0 1 0 0.022 0 0 1 0.051 0 0 0 1</matrix>
                              <extra>
                                <technique profile="blender">
                                  <layer sid="layer" type="string">0</layer>
                                  <tip_x sid="tip_x" type="float">0</tip_x>
                                  <tip_y sid="tip_y" type="float">0.02999997</tip_y>
                                  <tip_z sid="tip_z" type="float">0</tip_z>
                                </technique>
                              </extra>
                            </node>
                            <node id="GanondorfRig_mFaceEyebrowOuterRight" name="mFaceEyebrowOuterRight" sid="mFaceEyebrowOuterRight" type="JOINT">
                              <matrix sid="transform">1 0 0 0.064 0 1 0 -0.051 0 0 1 0.04799998 0 0 0 1</matrix>
                              <extra>
                                <technique profile="blender">
                                  <layer sid="layer" type="string">0</layer>
                                  <tip_x sid="tip_x" type="float">0</tip_x>
                                  <tip_y sid="tip_y" type="float">0.02999997</tip_y>
                                  <tip_z sid="tip_z" type="float">0</tip_z>
                                </technique>
                              </extra>
                            </node>
                            <node id="GanondorfRig_mFaceEyebrowCenterRight" name="mFaceEyebrowCenterRight" sid="mFaceEyebrowCenterRight" type="JOINT">
                              <matrix sid="transform">1 0 0 0.07 0 1 0 -0.043 0 0 1 0.05599999 0 0 0 1</matrix>
                              <extra>
                                <technique profile="blender">
                                  <layer sid="layer" type="string">0</layer>
                                  <tip_x sid="tip_x" type="float">0</tip_x>
                                  <tip_y sid="tip_y" type="float">0.02999997</tip_y>
                                  <tip_z sid="tip_z" type="float">0</tip_z>
                                </technique>
                              </extra>
                            </node>
                            <node id="GanondorfRig_mFaceEyebrowInnerRight" name="mFaceEyebrowInnerRight" sid="mFaceEyebrowInnerRight" type="JOINT">
                              <matrix sid="transform">1 0 0 0.075 0 1 0 -0.022 0 0 1 0.051 0 0 0 1</matrix>
                              <extra>
                                <technique profile="blender">
                                  <layer sid="layer" type="string">0</layer>
                                  <tip_x sid="tip_x" type="float">0</tip_x>
                                  <tip_y sid="tip_y" type="float">0.02999997</tip_y>
                                  <tip_z sid="tip_z" type="float">0</tip_z>
                                </technique>
                              </extra>
                            </node>
                            <node id="GanondorfRig_mFaceEyeLidUpperLeft" name="mFaceEyeLidUpperLeft" sid="mFaceEyeLidUpperLeft" type="JOINT">
                              <matrix sid="transform">1 0 0 0.073 0 1 0 0.036 0 0 1 0.03399992 0 0 0 1</matrix>
                              <extra>
                                <technique profile="blender">
                                  <layer sid="layer" type="string">0</layer>
                                  <tip_x sid="tip_x" type="float">0</tip_x>
                                  <tip_y sid="tip_y" type="float">0.02999997</tip_y>
                                  <tip_z sid="tip_z" type="float">0</tip_z>
                                </technique>
                              </extra>
                            </node>
                            <node id="GanondorfRig_mFaceEyeLidLowerLeft" name="mFaceEyeLidLowerLeft" sid="mFaceEyeLidLowerLeft" type="JOINT">
                              <matrix sid="transform">1 0 0 0.073 0 1 0 0.036 0 0 1 0.03399992 0 0 0 1</matrix>
                              <extra>
                                <technique profile="blender">
                                  <layer sid="layer" type="string">0</layer>
                                  <tip_x sid="tip_x" type="float">0</tip_x>
                                  <tip_y sid="tip_y" type="float">0.02999997</tip_y>
                                  <tip_z sid="tip_z" type="float">0</tip_z>
                                </technique>
                              </extra>
                            </node>
                            <node id="GanondorfRig_mFaceEyeLidUpperRight" name="mFaceEyeLidUpperRight" sid="mFaceEyeLidUpperRight" type="JOINT">
                              <matrix sid="transform">1 0 0 0.073 0 1 0 -0.036 0 0 1 0.03399992 0 0 0 1</matrix>
                              <extra>
                                <technique profile="blender">
                                  <layer sid="layer" type="string">0</layer>
                                  <tip_x sid="tip_x" type="float">0</tip_x>
                                  <tip_y sid="tip_y" type="float">0.02999997</tip_y>
                                  <tip_z sid="tip_z" type="float">0</tip_z>
                                </technique>
                              </extra>
                            </node>
                            <node id="GanondorfRig_mFaceEyeLidLowerRight" name="mFaceEyeLidLowerRight" sid="mFaceEyeLidLowerRight" type="JOINT">
                              <matrix sid="transform">1 0 0 0.073 0 1 0 -0.036 0 0 1 0.03399992 0 0 0 1</matrix>
                              <extra>
                                <technique profile="blender">
                                  <layer sid="layer" type="string">0</layer>
                                  <tip_x sid="tip_x" type="float">0</tip_x>
                                  <tip_y sid="tip_y" type="float">0.02999997</tip_y>
                                  <tip_z sid="tip_z" type="float">0</tip_z>
                                </technique>
                              </extra>
                            </node>
                            <node id="GanondorfRig_mFaceEar1Left" name="mFaceEar1Left" sid="mFaceEar1Left" type="JOINT">
                              <matrix sid="transform">1 0 0 0 0 1 0 0.08 0 0 1 0.001999974 0 0 0 1</matrix>
                              <node id="GanondorfRig_mFaceEar2Left" name="mFaceEar2Left" sid="mFaceEar2Left" type="JOINT">
                                <matrix sid="transform">1 0 0 -0.019 0 1 0 0.018 0 0 1 0.02499998 0 0 0 1</matrix>
                                <extra>
                                  <technique profile="blender">
                                    <layer sid="layer" type="string">0</layer>
                                    <tip_x sid="tip_x" type="float">0</tip_x>
                                    <tip_y sid="tip_y" type="float">0.02999997</tip_y>
                                    <tip_z sid="tip_z" type="float">0</tip_z>
                                  </technique>
                                </extra>
                              </node>
                              <extra>
                                <technique profile="blender">
                                  <layer sid="layer" type="string">0</layer>
                                  <tip_x sid="tip_x" type="float">0</tip_x>
                                  <tip_y sid="tip_y" type="float">0.02999997</tip_y>
                                  <tip_z sid="tip_z" type="float">0</tip_z>
                                </technique>
                              </extra>
                            </node>
                            <node id="GanondorfRig_mFaceEar1Right" name="mFaceEar1Right" sid="mFaceEar1Right" type="JOINT">
                              <matrix sid="transform">1 0 0 0 0 1 0 -0.08 0 0 1 0.001999974 0 0 0 1</matrix>
                              <node id="GanondorfRig_mFaceEar2Right" name="mFaceEar2Right" sid="mFaceEar2Right" type="JOINT">
                                <matrix sid="transform">1 0 0 -0.019 0 1 0 -0.018 0 0 1 0.02499998 0 0 0 1</matrix>
                                <extra>
                                  <technique profile="blender">
                                    <layer sid="layer" type="string">0</layer>
                                    <tip_x sid="tip_x" type="float">0</tip_x>
                                    <tip_y sid="tip_y" type="float">0.02999997</tip_y>
                                    <tip_z sid="tip_z" type="float">0</tip_z>
                                  </technique>
                                </extra>
                              </node>
                              <extra>
                                <technique profile="blender">
                                  <layer sid="layer" type="string">0</layer>
                                  <tip_x sid="tip_x" type="float">0</tip_x>
                                  <tip_y sid="tip_y" type="float">0.02999997</tip_y>
                                  <tip_z sid="tip_z" type="float">0</tip_z>
                                </technique>
                              </extra>
                            </node>
                            <node id="GanondorfRig_mFaceNoseLeft" name="mFaceNoseLeft" sid="mFaceNoseLeft" type="JOINT">
                              <matrix sid="transform">1 0 0 0.086 0 1 0 0.015 0 0 1 -0.004000068 0 0 0 1</matrix>
                              <extra>
                                <technique profile="blender">
                                  <layer sid="layer" type="string">0</layer>
                                  <tip_x sid="tip_x" type="float">0</tip_x>
                                  <tip_y sid="tip_y" type="float">0.02999997</tip_y>
                                  <tip_z sid="tip_z" type="float">0</tip_z>
                                </technique>
                              </extra>
                            </node>
                            <node id="GanondorfRig_mFaceNoseCenter" name="mFaceNoseCenter" sid="mFaceNoseCenter" type="JOINT">
                              <matrix sid="transform">1 0 0 0.102 0 1 0 0 0 0 1 0 0 0 0 1</matrix>
                              <extra>
                                <technique profile="blender">
                                  <layer sid="layer" type="string">0</layer>
                                  <tip_x sid="tip_x" type="float">0</tip_x>
                                  <tip_y sid="tip_y" type="float">0.02999997</tip_y>
                                  <tip_z sid="tip_z" type="float">0</tip_z>
                                </technique>
                              </extra>
                            </node>
                            <node id="GanondorfRig_mFaceNoseRight" name="mFaceNoseRight" sid="mFaceNoseRight" type="JOINT">
                              <matrix sid="transform">1 0 0 0.086 0 1 0 -0.015 0 0 1 -0.004000068 0 0 0 1</matrix>
                              <extra>
                                <technique profile="blender">
                                  <layer sid="layer" type="string">0</layer>
                                  <tip_x sid="tip_x" type="float">0</tip_x>
                                  <tip_y sid="tip_y" type="float">0.02999997</tip_y>
                                  <tip_z sid="tip_z" type="float">0</tip_z>
                                </technique>
                              </extra>
                            </node>
                            <node id="GanondorfRig_mFaceCheekLowerLeft" name="mFaceCheekLowerLeft" sid="mFaceCheekLowerLeft" type="JOINT">
                              <matrix sid="transform">1 0 0 0.05 0 1 0 0.034 0 0 1 -0.03100002 0 0 0 1</matrix>
                              <extra>
                                <technique profile="blender">
                                  <layer sid="layer" type="string">0</layer>
                                  <tip_x sid="tip_x" type="float">0</tip_x>
                                  <tip_y sid="tip_y" type="float">0.02999997</tip_y>
                                  <tip_z sid="tip_z" type="float">0</tip_z>
                                </technique>
                              </extra>
                            </node>
                            <node id="GanondorfRig_mFaceCheekUpperLeft" name="mFaceCheekUpperLeft" sid="mFaceCheekUpperLeft" type="JOINT">
                              <matrix sid="transform">1 0 0 0.07 0 1 0 0.034 0 0 1 -0.004999995 0 0 0 1</matrix>
                              <extra>
                                <technique profile="blender">
                                  <layer sid="layer" type="string">0</layer>
                                  <tip_x sid="tip_x" type="float">0</tip_x>
                                  <tip_y sid="tip_y" type="float">0.02999997</tip_y>
                                  <tip_z sid="tip_z" type="float">0</tip_z>
                                </technique>
                              </extra>
                            </node>
                            <node id="GanondorfRig_mFaceCheekLowerRight" name="mFaceCheekLowerRight" sid="mFaceCheekLowerRight" type="JOINT">
                              <matrix sid="transform">1 0 0 0.05 0 1 0 -0.034 0 0 1 -0.03100002 0 0 0 1</matrix>
                              <extra>
                                <technique profile="blender">
                                  <layer sid="layer" type="string">0</layer>
                                  <tip_x sid="tip_x" type="float">0</tip_x>
                                  <tip_y sid="tip_y" type="float">0.02999997</tip_y>
                                  <tip_z sid="tip_z" type="float">0</tip_z>
                                </technique>
                              </extra>
                            </node>
                            <node id="GanondorfRig_mFaceCheekUpperRight" name="mFaceCheekUpperRight" sid="mFaceCheekUpperRight" type="JOINT">
                              <matrix sid="transform">1 0 0 0.07 0 1 0 -0.034 0 0 1 -0.004999995 0 0 0 1</matrix>
                              <extra>
                                <technique profile="blender">
                                  <layer sid="layer" type="string">0</layer>
                                  <tip_x sid="tip_x" type="float">0</tip_x>
                                  <tip_y sid="tip_y" type="float">0.02999997</tip_y>
                                  <tip_z sid="tip_z" type="float">0</tip_z>
                                </technique>
                              </extra>
                            </node>
                            <node id="GanondorfRig_mFaceJaw" name="mFaceJaw" sid="mFaceJaw" type="JOINT">
                              <matrix sid="transform">1 0 0 -0.001 0 1 0 0 0 0 1 -0.01499999 0 0 0 1</matrix>
                              <node id="GanondorfRig_mFaceChin" name="mFaceChin" sid="mFaceChin" type="JOINT">
                                <matrix sid="transform">1 0 0 0.074 0 1 0 0 0 0 1 -0.05400002 0 0 0 1</matrix>
                                <extra>
                                  <technique profile="blender">
                                    <layer sid="layer" type="string">0</layer>
                                    <tip_x sid="tip_x" type="float">0</tip_x>
                                    <tip_y sid="tip_y" type="float">0.02999997</tip_y>
                                    <tip_z sid="tip_z" type="float">0</tip_z>
                                  </technique>
                                </extra>
                              </node>
                              <node id="GanondorfRig_mFaceTeethLower" name="mFaceTeethLower" sid="mFaceTeethLower" type="JOINT">
                                <matrix sid="transform">1 0 0 0.021 0 1 0 0 0 0 1 -0.03900003 0 0 0 1</matrix>
                                <node id="GanondorfRig_mFaceLipLowerLeft" name="mFaceLipLowerLeft" sid="mFaceLipLowerLeft" type="JOINT">
                                  <matrix sid="transform">1 0 0 0.045 0 1 0 0 0 0 1 0 0 0 0 1</matrix>
                                  <extra>
                                    <technique profile="blender">
                                      <layer sid="layer" type="string">0</layer>
                                      <tip_x sid="tip_x" type="float">0</tip_x>
                                      <tip_y sid="tip_y" type="float">0.02999997</tip_y>
                                      <tip_z sid="tip_z" type="float">0</tip_z>
                                    </technique>
                                  </extra>
                                </node>
                                <node id="GanondorfRig_mFaceLipLowerRight" name="mFaceLipLowerRight" sid="mFaceLipLowerRight" type="JOINT">
                                  <matrix sid="transform">1 0 0 0.045 0 1 0 0 0 0 1 0 0 0 0 1</matrix>
                                  <extra>
                                    <technique profile="blender">
                                      <layer sid="layer" type="string">0</layer>
                                      <tip_x sid="tip_x" type="float">0</tip_x>
                                      <tip_y sid="tip_y" type="float">0.02999997</tip_y>
                                      <tip_z sid="tip_z" type="float">0</tip_z>
                                    </technique>
                                  </extra>
                                </node>
                                <node id="GanondorfRig_mFaceLipLowerCenter" name="mFaceLipLowerCenter" sid="mFaceLipLowerCenter" type="JOINT">
                                  <matrix sid="transform">1 0 0 0.045 0 1 0 0 0 0 1 0 0 0 0 1</matrix>
                                  <extra>
                                    <technique profile="blender">
                                      <layer sid="layer" type="string">0</layer>
                                      <tip_x sid="tip_x" type="float">0</tip_x>
                                      <tip_y sid="tip_y" type="float">0.02999997</tip_y>
                                      <tip_z sid="tip_z" type="float">0</tip_z>
                                    </technique>
                                  </extra>
                                </node>
                                <node id="GanondorfRig_mFaceTongueBase" name="mFaceTongueBase" sid="mFaceTongueBase" type="JOINT">
                                  <matrix sid="transform">1 0 0 0.039 0 1 0 0 0 0 1 0.004999995 0 0 0 1</matrix>
                                  <node id="GanondorfRig_mFaceTongueTip" name="mFaceTongueTip" sid="mFaceTongueTip" type="JOINT">
                                    <matrix sid="transform">1 0 0 0.022 0 1 0 0 0 0 1 0.006999969 0 0 0 1</matrix>
                                    <extra>
                                      <technique profile="blender">
                                        <layer sid="layer" type="string">0</layer>
                                        <tip_x sid="tip_x" type="float">0</tip_x>
                                        <tip_y sid="tip_y" type="float">0.02999997</tip_y>
                                        <tip_z sid="tip_z" type="float">0</tip_z>
                                      </technique>
                                    </extra>
                                  </node>
                                  <extra>
                                    <technique profile="blender">
                                      <layer sid="layer" type="string">0</layer>
                                      <tip_x sid="tip_x" type="float">0</tip_x>
                                      <tip_y sid="tip_y" type="float">0.02999997</tip_y>
                                      <tip_z sid="tip_z" type="float">0</tip_z>
                                    </technique>
                                  </extra>
                                </node>
                                <extra>
                                  <technique profile="blender">
                                    <layer sid="layer" type="string">0</layer>
                                    <tip_x sid="tip_x" type="float">0</tip_x>
                                    <tip_y sid="tip_y" type="float">0.02999997</tip_y>
                                    <tip_z sid="tip_z" type="float">0</tip_z>
                                  </technique>
                                </extra>
                              </node>
                              <extra>
                                <technique profile="blender">
                                  <layer sid="layer" type="string">0</layer>
                                  <tip_x sid="tip_x" type="float">0</tip_x>
                                  <tip_y sid="tip_y" type="float">0.02999997</tip_y>
                                  <tip_z sid="tip_z" type="float">0</tip_z>
                                </technique>
                              </extra>
                            </node>
                            <node id="GanondorfRig_mFaceJawShaper" name="mFaceJawShaper" sid="mFaceJawShaper" type="JOINT">
                              <matrix sid="transform">1 0 0 0 0 1 0 0 0 0 1 0 0 0 0 1</matrix>
                              <extra>
                                <technique profile="blender">
                                  <layer sid="layer" type="string">0</layer>
                                  <tip_x sid="tip_x" type="float">0</tip_x>
                                  <tip_y sid="tip_y" type="float">0.02999997</tip_y>
                                  <tip_z sid="tip_z" type="float">0</tip_z>
                                </technique>
                              </extra>
                            </node>
                            <node id="GanondorfRig_mFaceForeheadCenter" name="mFaceForeheadCenter" sid="mFaceForeheadCenter" type="JOINT">
                              <matrix sid="transform">1 0 0 0.069 0 1 0 0 0 0 1 0.06499994 0 0 0 1</matrix>
                              <extra>
                                <technique profile="blender">
                                  <layer sid="layer" type="string">0</layer>
                                  <tip_x sid="tip_x" type="float">0</tip_x>
                                  <tip_y sid="tip_y" type="float">0.02999997</tip_y>
                                  <tip_z sid="tip_z" type="float">0</tip_z>
                                </technique>
                              </extra>
                            </node>
                            <node id="GanondorfRig_mFaceNoseBase" name="mFaceNoseBase" sid="mFaceNoseBase" type="JOINT">
                              <matrix sid="transform">1 0 0 0.094 0 1 0 0 0 0 1 -0.01600003 0 0 0 1</matrix>
                              <extra>
                                <technique profile="blender">
                                  <layer sid="layer" type="string">0</layer>
                                  <tip_x sid="tip_x" type="float">0</tip_x>
                                  <tip_y sid="tip_y" type="float">0.02999997</tip_y>
                                  <tip_z sid="tip_z" type="float">0</tip_z>
                                </technique>
                              </extra>
                            </node>
                            <node id="GanondorfRig_mFaceTeethUpper" name="mFaceTeethUpper" sid="mFaceTeethUpper" type="JOINT">
                              <matrix sid="transform">1 0 0 0.02 0 1 0 0 0 0 1 -0.03000009 0 0 0 1</matrix>
                              <node id="GanondorfRig_mFaceLipUpperLeft" name="mFaceLipUpperLeft" sid="mFaceLipUpperLeft" type="JOINT">
                                <matrix sid="transform">1 0 0 0.045 0 1 0 0 0 0 1 -0.002999902 0 0 0 1</matrix>
                                <extra>
                                  <technique profile="blender">
                                    <layer sid="layer" type="string">0</layer>
                                    <tip_x sid="tip_x" type="float">0</tip_x>
                                    <tip_y sid="tip_y" type="float">0.02999997</tip_y>
                                    <tip_z sid="tip_z" type="float">0</tip_z>
                                  </technique>
                                </extra>
                              </node>
                              <node id="GanondorfRig_mFaceLipUpperRight" name="mFaceLipUpperRight" sid="mFaceLipUpperRight" type="JOINT">
                                <matrix sid="transform">1 0 0 0.045 0 1 0 0 0 0 1 -0.002999902 0 0 0 1</matrix>
                                <extra>
                                  <technique profile="blender">
                                    <layer sid="layer" type="string">0</layer>
                                    <tip_x sid="tip_x" type="float">0</tip_x>
                                    <tip_y sid="tip_y" type="float">0.02999997</tip_y>
                                    <tip_z sid="tip_z" type="float">0</tip_z>
                                  </technique>
                                </extra>
                              </node>
                              <node id="GanondorfRig_mFaceLipCornerLeft" name="mFaceLipCornerLeft" sid="mFaceLipCornerLeft" type="JOINT">
                                <matrix sid="transform">1 0 0 0.028 0 1 0 -0.019 0 0 1 -0.00999999 0 0 0 1</matrix>
                                <extra>
                                  <technique profile="blender">
                                    <layer sid="layer" type="string">0</layer>
                                    <tip_x sid="tip_x" type="float">0</tip_x>
                                    <tip_y sid="tip_y" type="float">0.02999997</tip_y>
                                    <tip_z sid="tip_z" type="float">0</tip_z>
                                  </technique>
                                </extra>
                              </node>
                              <node id="GanondorfRig_mFaceLipCornerRight" name="mFaceLipCornerRight" sid="mFaceLipCornerRight" type="JOINT">
                                <matrix sid="transform">1 0 0 0.028 0 1 0 0.019 0 0 1 -0.00999999 0 0 0 1</matrix>
                                <extra>
                                  <technique profile="blender">
                                    <layer sid="layer" type="string">0</layer>
                                    <tip_x sid="tip_x" type="float">0</tip_x>
                                    <tip_y sid="tip_y" type="float">0.02999997</tip_y>
                                    <tip_z sid="tip_z" type="float">0</tip_z>
                                  </technique>
                                </extra>
                              </node>
                              <node id="GanondorfRig_mFaceLipUpperCenter" name="mFaceLipUpperCenter" sid="mFaceLipUpperCenter" type="JOINT">
                                <matrix sid="transform">1 0 0 0.045 0 1 0 0 0 0 1 -0.002999902 0 0 0 1</matrix>
                                <extra>
                                  <technique profile="blender">
                                    <layer sid="layer" type="string">0</layer>
                                    <tip_x sid="tip_x" type="float">0</tip_x>
                                    <tip_y sid="tip_y" type="float">0.02999997</tip_y>
                                    <tip_z sid="tip_z" type="float">0</tip_z>
                                  </technique>
                                </extra>
                              </node>
                              <extra>
                                <technique profile="blender">
                                  <layer sid="layer" type="string">0</layer>
                                  <tip_x sid="tip_x" type="float">0</tip_x>
                                  <tip_y sid="tip_y" type="float">0.02999997</tip_y>
                                  <tip_z sid="tip_z" type="float">0</tip_z>
                                </technique>
                              </extra>
                            </node>
                            <node id="GanondorfRig_mFaceEyecornerInnerLeft" name="mFaceEyecornerInnerLeft" sid="mFaceEyecornerInnerLeft" type="JOINT">
                              <matrix sid="transform">1 0 0 0.075 0 1 0 0.017 0 0 1 0.03199995 0 0 0 1</matrix>
                              <extra>
                                <technique profile="blender">
                                  <layer sid="layer" type="string">0</layer>
                                  <tip_x sid="tip_x" type="float">0</tip_x>
                                  <tip_y sid="tip_y" type="float">0.02999997</tip_y>
                                  <tip_z sid="tip_z" type="float">0</tip_z>
                                </technique>
                              </extra>
                            </node>
                            <node id="GanondorfRig_mFaceEyecornerInnerRight" name="mFaceEyecornerInnerRight" sid="mFaceEyecornerInnerRight" type="JOINT">
                              <matrix sid="transform">1 0 0 0.075 0 1 0 -0.017 0 0 1 0.03199995 0 0 0 1</matrix>
                              <extra>
                                <technique profile="blender">
                                  <layer sid="layer" type="string">0</layer>
                                  <tip_x sid="tip_x" type="float">0</tip_x>
                                  <tip_y sid="tip_y" type="float">0.02999997</tip_y>
                                  <tip_z sid="tip_z" type="float">0</tip_z>
                                </technique>
                              </extra>
                            </node>
                            <node id="GanondorfRig_mFaceNoseBridge" name="mFaceNoseBridge" sid="mFaceNoseBridge" type="JOINT">
                              <matrix sid="transform">1 0 0 0.091 0 1 0 0 0 0 1 0.01999998 0 0 0 1</matrix>
                              <extra>
                                <technique profile="blender">
                                  <layer sid="layer" type="string">0</layer>
                                  <tip_x sid="tip_x" type="float">0</tip_x>
                                  <tip_y sid="tip_y" type="float">0.02999997</tip_y>
                                  <tip_z sid="tip_z" type="float">0</tip_z>
                                </technique>
                              </extra>
                            </node>
                            <extra>
                              <technique profile="blender">
                                <layer sid="layer" type="string">0</layer>
                                <tip_x sid="tip_x" type="float">0</tip_x>
                                <tip_y sid="tip_y" type="float">0.02999997</tip_y>
                                <tip_z sid="tip_z" type="float">0</tip_z>
                              </technique>
                            </extra>
                          </node>
                          <extra>
                            <technique profile="blender">
                              <layer sid="layer" type="string">0</layer>
                              <tip_x sid="tip_x" type="float">0</tip_x>
                              <tip_y sid="tip_y" type="float">0.02999997</tip_y>
                              <tip_z sid="tip_z" type="float">0</tip_z>
                            </technique>
                          </extra>
                        </node>
                        <extra>
                          <technique profile="blender">
                            <layer sid="layer" type="string">0</layer>
                            <tip_x sid="tip_x" type="float">0</tip_x>
                            <tip_y sid="tip_y" type="float">0.02999997</tip_y>
                            <tip_z sid="tip_z" type="float">0</tip_z>
                          </technique>
                        </extra>
                      </node>
                      <node id="GanondorfRig_mCollarLeft" name="mCollarLeft" sid="mCollarLeft" type="JOINT">
                        <matrix sid="transform">1 0 0 -0.021 0 1 0 0.085 0 0 1 0.1650001 0 0 0 1</matrix>
                        <node id="GanondorfRig_L_CLAVICLE" name="L_CLAVICLE" sid="L_CLAVICLE" type="JOINT">
                          <matrix sid="transform">1 0 0 0.02 0 1 0 0 0 0 1 0.01999998 0 0 0 1</matrix>
                          <extra>
                            <technique profile="blender">
                              <layer sid="layer" type="string">0</layer>
                              <tip_x sid="tip_x" type="float">0</tip_x>
                              <tip_y sid="tip_y" type="float">0.02999997</tip_y>
                              <tip_z sid="tip_z" type="float">0</tip_z>
                            </technique>
                          </extra>
                        </node>
                        <node id="GanondorfRig_mShoulderLeft" name="mShoulderLeft" sid="mShoulderLeft" type="JOINT">
                          <matrix sid="transform">1 0 0 0 0 1 0 0.079 0 0 1 0 0 0 0 1</matrix>
                          <node id="GanondorfRig_L_UPPER_ARM" name="L_UPPER_ARM" sid="L_UPPER_ARM" type="JOINT">
                            <matrix sid="transform">1 0 0 0 0 1 0 0.12 0 0 1 0.00999999 0 0 0 1</matrix>
                            <extra>
                              <technique profile="blender">
                                <layer sid="layer" type="string">0</layer>
                                <tip_x sid="tip_x" type="float">0</tip_x>
                                <tip_y sid="tip_y" type="float">0.02988582</tip_y>
                                <tip_z sid="tip_z" type="float">-0.002614617</tip_z>
                              </technique>
                            </extra>
                          </node>
                          <node id="GanondorfRig_mElbowLeft" name="mElbowLeft" sid="mElbowLeft" type="JOINT">
                            <matrix sid="transform">1 0 0 0 0 1 0 0.248 0 0 1 0 0 0 0 1</matrix>
                            <node id="GanondorfRig_L_LOWER_ARM" name="L_LOWER_ARM" sid="L_LOWER_ARM" type="JOINT">
                              <matrix sid="transform">1 0 0 0 0 0.9999999 0 0.1 0 0 0.9999999 0 0 0 0 1</matrix>
                              <extra>
                                <technique profile="blender">
                                  <layer sid="layer" type="string">0</layer>
                                  <tip_x sid="tip_x" type="float">0</tip_x>
                                  <tip_y sid="tip_y" type="float">0.0299589</tip_y>
                                  <tip_z sid="tip_z" type="float">-0.001570105</tip_z>
                                </technique>
                              </extra>
                            </node>
                            <node id="GanondorfRig_mWristLeft" name="mWristLeft" sid="mWristLeft" type="JOINT">
                              <matrix sid="transform">1 0 0 0 0 1 0 0.205 0 0 1 0 0 0 0 1</matrix>
                              <node id="GanondorfRig_L_HAND" name="L_HAND" sid="L_HAND" type="JOINT">
                                <matrix sid="transform">0.9999999 -7.567e-10 9.31323e-10 0.009999998 1.41154e-8 0.9999999 3.72529e-9 0.05000001 -9.31323e-10 3.72529e-9 1 0 0 0 0 1</matrix>
                                <extra>
                                  <technique profile="blender">
                                    <layer sid="layer" type="string">0</layer>
                                    <roll sid="roll" type="float">0.004581928</roll>
                                    <tip_x sid="tip_x" type="float">0.005202293</tip_x>
                                    <tip_y sid="tip_y" type="float">0.02950376</tip_y>
                                    <tip_z sid="tip_z" type="float">-0.001570105</tip_z>
                                  </technique>
                                </extra>
                              </node>
                              <node id="GanondorfRig_mHandMiddle1Left" name="mHandMiddle1Left" sid="mHandMiddle1Left" type="JOINT">
                                <matrix sid="transform">1 0 0 0.013 0 1 0 0.101 0 0 1 0.01499999 0 0 0 1</matrix>
                                <node id="GanondorfRig_mHandMiddle2Left" name="mHandMiddle2Left" sid="mHandMiddle2Left" type="JOINT">
                                  <matrix sid="transform">1 0 0 -0.001 0 1 0 0.04000002 0 0 1 -0.006000042 0 0 0 1</matrix>
                                  <node id="GanondorfRig_mHandMiddle3Left" name="mHandMiddle3Left" sid="mHandMiddle3Left" type="JOINT">
                                    <matrix sid="transform">1 0 0 -0.001 0 1 0 0.04899997 0 0 1 -0.008000016 0 0 0 1</matrix>
                                    <extra>
                                      <technique profile="blender">
                                        <layer sid="layer" type="string">0</layer>
                                        <tip_x sid="tip_x" type="float">0</tip_x>
                                        <tip_y sid="tip_y" type="float">0.02999997</tip_y>
                                        <tip_z sid="tip_z" type="float">0</tip_z>
                                      </technique>
                                    </extra>
                                  </node>
                                  <extra>
                                    <technique profile="blender">
                                      <layer sid="layer" type="string">0</layer>
                                      <tip_x sid="tip_x" type="float">0</tip_x>
                                      <tip_y sid="tip_y" type="float">0.02999997</tip_y>
                                      <tip_z sid="tip_z" type="float">0</tip_z>
                                    </technique>
                                  </extra>
                                </node>
                                <extra>
                                  <technique profile="blender">
                                    <layer sid="layer" type="string">0</layer>
                                    <tip_x sid="tip_x" type="float">0</tip_x>
                                    <tip_y sid="tip_y" type="float">0.02999997</tip_y>
                                    <tip_z sid="tip_z" type="float">0</tip_z>
                                  </technique>
                                </extra>
                              </node>
                              <node id="GanondorfRig_mHandIndex1Left" name="mHandIndex1Left" sid="mHandIndex1Left" type="JOINT">
                                <matrix sid="transform">1 0 0 0.038 0 1 0 0.097 0 0 1 0.01499999 0 0 0 1</matrix>
                                <node id="GanondorfRig_mHandIndex2Left" name="mHandIndex2Left" sid="mHandIndex2Left" type="JOINT">
                                  <matrix sid="transform">1 0 0 0.017 0 1 0 0.03600001 0 0 1 -0.006000042 0 0 0 1</matrix>
                                  <node id="GanondorfRig_mHandIndex3Left" name="mHandIndex3Left" sid="mHandIndex3Left" type="JOINT">
                                    <matrix sid="transform">1 0 0 0.014 0 1 0 0.03200001 0 0 1 -0.005999923 0 0 0 1</matrix>
                                    <extra>
                                      <technique profile="blender">
                                        <layer sid="layer" type="string">0</layer>
                                        <tip_x sid="tip_x" type="float">0</tip_x>
                                        <tip_y sid="tip_y" type="float">0.02999997</tip_y>
                                        <tip_z sid="tip_z" type="float">0</tip_z>
                                      </technique>
                                    </extra>
                                  </node>
                                  <extra>
                                    <technique profile="blender">
                                      <layer sid="layer" type="string">0</layer>
                                      <tip_x sid="tip_x" type="float">0</tip_x>
                                      <tip_y sid="tip_y" type="float">0.02999997</tip_y>
                                      <tip_z sid="tip_z" type="float">0</tip_z>
                                    </technique>
                                  </extra>
                                </node>
                                <extra>
                                  <technique profile="blender">
                                    <layer sid="layer" type="string">0</layer>
                                    <tip_x sid="tip_x" type="float">0</tip_x>
                                    <tip_y sid="tip_y" type="float">0.02999997</tip_y>
                                    <tip_z sid="tip_z" type="float">0</tip_z>
                                  </technique>
                                </extra>
                              </node>
                              <node id="GanondorfRig_mHandRing1Left" name="mHandRing1Left" sid="mHandRing1Left" type="JOINT">
                                <matrix sid="transform">1 0 0 -0.01 0 1 0 0.09900004 0 0 1 0.008999944 0 0 0 1</matrix>
                                <node id="GanondorfRig_mHandRing2Left" name="mHandRing2Left" sid="mHandRing2Left" type="JOINT">
                                  <matrix sid="transform">1 0 0 -0.013 0 1 0 0.03799999 0 0 1 -0.008000016 0 0 0 1</matrix>
                                  <node id="GanondorfRig_mHandRing3Left" name="mHandRing3Left" sid="mHandRing3Left" type="JOINT">
                                    <matrix sid="transform">1 0 0 -0.013 0 1 0 0.04000002 0 0 1 -0.008999944 0 0 0 1</matrix>
                                    <extra>
                                      <technique profile="blender">
                                        <layer sid="layer" type="string">0</layer>
                                        <tip_x sid="tip_x" type="float">0</tip_x>
                                        <tip_y sid="tip_y" type="float">0.02999997</tip_y>
                                        <tip_z sid="tip_z" type="float">0</tip_z>
                                      </technique>
                                    </extra>
                                  </node>
                                  <extra>
                                    <technique profile="blender">
                                      <layer sid="layer" type="string">0</layer>
                                      <tip_x sid="tip_x" type="float">0</tip_x>
                                      <tip_y sid="tip_y" type="float">0.02999997</tip_y>
                                      <tip_z sid="tip_z" type="float">0</tip_z>
                                    </technique>
                                  </extra>
                                </node>
                                <extra>
                                  <technique profile="blender">
                                    <layer sid="layer" type="string">0</layer>
                                    <tip_x sid="tip_x" type="float">0</tip_x>
                                    <tip_y sid="tip_y" type="float">0.02999997</tip_y>
                                    <tip_z sid="tip_z" type="float">0</tip_z>
                                  </technique>
                                </extra>
                              </node>
                              <node id="GanondorfRig_mHandPinky1Left" name="mHandPinky1Left" sid="mHandPinky1Left" type="JOINT">
                                <matrix sid="transform">1 0 0 -0.031 0 1 0 0.09500003 0 0 1 0.003000021 0 0 0 1</matrix>
                                <node id="GanondorfRig_mHandPinky2Left" name="mHandPinky2Left" sid="mHandPinky2Left" type="JOINT">
                                  <matrix sid="transform">1 0 0 -0.024 0 1 0 0.02499998 0 0 1 -0.006000042 0 0 0 1</matrix>
                                  <node id="GanondorfRig_mHandPinky3Left" name="mHandPinky3Left" sid="mHandPinky3Left" type="JOINT">
                                    <matrix sid="transform">1 0 0 -0.015 0 1 0 0.01800001 0 0 1 -0.003999949 0 0 0 1</matrix>
                                    <extra>
                                      <technique profile="blender">
                                        <layer sid="layer" type="string">0</layer>
                                        <tip_x sid="tip_x" type="float">0</tip_x>
                                        <tip_y sid="tip_y" type="float">0.02999997</tip_y>
                                        <tip_z sid="tip_z" type="float">0</tip_z>
                                      </technique>
                                    </extra>
                                  </node>
                                  <extra>
                                    <technique profile="blender">
                                      <layer sid="layer" type="string">0</layer>
                                      <tip_x sid="tip_x" type="float">0</tip_x>
                                      <tip_y sid="tip_y" type="float">0.02999997</tip_y>
                                      <tip_z sid="tip_z" type="float">0</tip_z>
                                    </technique>
                                  </extra>
                                </node>
                                <extra>
                                  <technique profile="blender">
                                    <layer sid="layer" type="string">0</layer>
                                    <tip_x sid="tip_x" type="float">0</tip_x>
                                    <tip_y sid="tip_y" type="float">0.02999997</tip_y>
                                    <tip_z sid="tip_z" type="float">0</tip_z>
                                  </technique>
                                </extra>
                              </node>
                              <node id="GanondorfRig_mHandThumb1Left" name="mHandThumb1Left" sid="mHandThumb1Left" type="JOINT">
                                <matrix sid="transform">1 0 0 0.031 0 1 0 0.02600002 0 0 1 0.003999949 0 0 0 1</matrix>
                                <node id="GanondorfRig_mHandThumb2Left" name="mHandThumb2Left" sid="mHandThumb2Left" type="JOINT">
                                  <matrix sid="transform">1 0 0 0.028 0 1 0 0.03200001 0 0 1 -9.99928e-4 0 0 0 1</matrix>
                                  <node id="GanondorfRig_mHandThumb3Left" name="mHandThumb3Left" sid="mHandThumb3Left" type="JOINT">
                                    <matrix sid="transform">1 0 0 0.023 0 1 0 0.03099996 0 0 1 -0.001000047 0 0 0 1</matrix>
                                    <extra>
                                      <technique profile="blender">
                                        <layer sid="layer" type="string">0</layer>
                                        <tip_x sid="tip_x" type="float">0</tip_x>
                                        <tip_y sid="tip_y" type="float">0.02999997</tip_y>
                                        <tip_z sid="tip_z" type="float">0</tip_z>
                                      </technique>
                                    </extra>
                                  </node>
                                  <extra>
                                    <technique profile="blender">
                                      <layer sid="layer" type="string">0</layer>
                                      <tip_x sid="tip_x" type="float">0</tip_x>
                                      <tip_y sid="tip_y" type="float">0.02999997</tip_y>
                                      <tip_z sid="tip_z" type="float">0</tip_z>
                                    </technique>
                                  </extra>
                                </node>
                                <extra>
                                  <technique profile="blender">
                                    <layer sid="layer" type="string">0</layer>
                                    <tip_x sid="tip_x" type="float">0</tip_x>
                                    <tip_y sid="tip_y" type="float">0.02999997</tip_y>
                                    <tip_z sid="tip_z" type="float">0</tip_z>
                                  </technique>
                                </extra>
                              </node>
                              <extra>
                                <technique profile="blender">
                                  <layer sid="layer" type="string">0</layer>
                                  <tip_x sid="tip_x" type="float">0</tip_x>
                                  <tip_y sid="tip_y" type="float">0.02999997</tip_y>
                                  <tip_z sid="tip_z" type="float">0</tip_z>
                                </technique>
                              </extra>
                            </node>
                            <extra>
                              <technique profile="blender">
                                <layer sid="layer" type="string">0</layer>
                                <tip_x sid="tip_x" type="float">0</tip_x>
                                <tip_y sid="tip_y" type="float">0.02999997</tip_y>
                                <tip_z sid="tip_z" type="float">0</tip_z>
                              </technique>
                            </extra>
                          </node>
                          <extra>
                            <technique profile="blender">
                              <layer sid="layer" type="string">0</layer>
                              <tip_x sid="tip_x" type="float">0</tip_x>
                              <tip_y sid="tip_y" type="float">0.02999997</tip_y>
                              <tip_z sid="tip_z" type="float">0</tip_z>
                            </technique>
                          </extra>
                        </node>
                        <extra>
                          <technique profile="blender">
                            <layer sid="layer" type="string">0</layer>
                            <tip_x sid="tip_x" type="float">0</tip_x>
                            <tip_y sid="tip_y" type="float">0.02999997</tip_y>
                            <tip_z sid="tip_z" type="float">0</tip_z>
                          </technique>
                        </extra>
                      </node>
                      <node id="GanondorfRig_mCollarRight" name="mCollarRight" sid="mCollarRight" type="JOINT">
                        <matrix sid="transform">1 0 0 -0.021 0 1 0 -0.085 0 0 1 0.1650001 0 0 0 1</matrix>
                        <node id="GanondorfRig_R_CLAVICLE" name="R_CLAVICLE" sid="R_CLAVICLE" type="JOINT">
                          <matrix sid="transform">1 0 0 0.02 0 1 0 0 0 0 1 0.01999998 0 0 0 1</matrix>
                          <extra>
                            <technique profile="blender">
                              <layer sid="layer" type="string">0</layer>
                              <tip_x sid="tip_x" type="float">0</tip_x>
                              <tip_y sid="tip_y" type="float">0.02999997</tip_y>
                              <tip_z sid="tip_z" type="float">0</tip_z>
                            </technique>
                          </extra>
                        </node>
                        <node id="GanondorfRig_mShoulderRight" name="mShoulderRight" sid="mShoulderRight" type="JOINT">
                          <matrix sid="transform">1 0 0 0 0 1 0 -0.079 0 0 1 0 0 0 0 1</matrix>
                          <node id="GanondorfRig_R_UPPER_ARM" name="R_UPPER_ARM" sid="R_UPPER_ARM" type="JOINT">
                            <matrix sid="transform">1 0 0 0 0 1 0 -0.12 0 0 1 0.00999999 0 0 0 1</matrix>
                            <extra>
                              <technique profile="blender">
                                <layer sid="layer" type="string">0</layer>
                                <tip_x sid="tip_x" type="float">0</tip_x>
                                <tip_y sid="tip_y" type="float">0.02988582</tip_y>
                                <tip_z sid="tip_z" type="float">0.002614617</tip_z>
                              </technique>
                            </extra>
                          </node>
                          <node id="GanondorfRig_mElbowRight" name="mElbowRight" sid="mElbowRight" type="JOINT">
                            <matrix sid="transform">1 0 0 0 0 1 0 -0.248 0 0 1 0 0 0 0 1</matrix>
                            <node id="GanondorfRig_R_LOWER_ARM" name="R_LOWER_ARM" sid="R_LOWER_ARM" type="JOINT">
                              <matrix sid="transform">1 0 0 0 0 1 0 -0.1 0 0 1 0 0 0 0 1</matrix>
                              <extra>
                                <technique profile="blender">
                                  <layer sid="layer" type="string">0</layer>
                                  <tip_x sid="tip_x" type="float">0</tip_x>
                                  <tip_y sid="tip_y" type="float">0.02995884</tip_y>
                                  <tip_z sid="tip_z" type="float">0.001570105</tip_z>
                                </technique>
                              </extra>
                            </node>
                            <node id="GanondorfRig_mWristRight" name="mWristRight" sid="mWristRight" type="JOINT">
                              <matrix sid="transform">1 0 0 0 0 1 0 -0.205 0 0 1 0 0 0 0 1</matrix>
                              <node id="GanondorfRig_R_HAND" name="R_HAND" sid="R_HAND" type="JOINT">
                                <matrix sid="transform">0.9999999 7.567e-10 9.31323e-10 0.009999998 -1.41154e-8 0.9999999 -3.72529e-9 -0.05000001 -9.31323e-10 -3.72529e-9 1 0 0 0 0 1</matrix>
                                <extra>
                                  <technique profile="blender">
                                    <layer sid="layer" type="string">0</layer>
                                    <roll sid="roll" type="float">0.004581928</roll>
                                    <tip_x sid="tip_x" type="float">-0.005202293</tip_x>
                                    <tip_y sid="tip_y" type="float">0.02950376</tip_y>
                                    <tip_z sid="tip_z" type="float">0.001570105</tip_z>
                                  </technique>
                                </extra>
                              </node>
                              <node id="GanondorfRig_mHandMiddle1Right" name="mHandMiddle1Right" sid="mHandMiddle1Right" type="JOINT">
                                <matrix sid="transform">1 0 0 0.013 0 1 0 -0.101 0 0 1 0.01499999 0 0 0 1</matrix>
                                <node id="GanondorfRig_mHandMiddle2Right" name="mHandMiddle2Right" sid="mHandMiddle2Right" type="JOINT">
                                  <matrix sid="transform">1 0 0 -0.001 0 1 0 -0.04000002 0 0 1 -0.006000042 0 0 0 1</matrix>
                                  <node id="GanondorfRig_mHandMiddle3Right" name="mHandMiddle3Right" sid="mHandMiddle3Right" type="JOINT">
                                    <matrix sid="transform">1 0 0 -0.001 0 1 0 -0.04899997 0 0 1 -0.008000016 0 0 0 1</matrix>
                                    <extra>
                                      <technique profile="blender">
                                        <layer sid="layer" type="string">0</layer>
                                        <tip_x sid="tip_x" type="float">0</tip_x>
                                        <tip_y sid="tip_y" type="float">0.02999997</tip_y>
                                        <tip_z sid="tip_z" type="float">0</tip_z>
                                      </technique>
                                    </extra>
                                  </node>
                                  <extra>
                                    <technique profile="blender">
                                      <layer sid="layer" type="string">0</layer>
                                      <tip_x sid="tip_x" type="float">0</tip_x>
                                      <tip_y sid="tip_y" type="float">0.02999997</tip_y>
                                      <tip_z sid="tip_z" type="float">0</tip_z>
                                    </technique>
                                  </extra>
                                </node>
                                <extra>
                                  <technique profile="blender">
                                    <layer sid="layer" type="string">0</layer>
                                    <tip_x sid="tip_x" type="float">0</tip_x>
                                    <tip_y sid="tip_y" type="float">0.02999997</tip_y>
                                    <tip_z sid="tip_z" type="float">0</tip_z>
                                  </technique>
                                </extra>
                              </node>
                              <node id="GanondorfRig_mHandIndex1Right" name="mHandIndex1Right" sid="mHandIndex1Right" type="JOINT">
                                <matrix sid="transform">1 0 0 0.038 0 1 0 -0.097 0 0 1 0.01499999 0 0 0 1</matrix>
                                <node id="GanondorfRig_mHandIndex2Right" name="mHandIndex2Right" sid="mHandIndex2Right" type="JOINT">
                                  <matrix sid="transform">1 0 0 0.017 0 1 0 -0.03600001 0 0 1 -0.006000042 0 0 0 1</matrix>
                                  <node id="GanondorfRig_mHandIndex3Right" name="mHandIndex3Right" sid="mHandIndex3Right" type="JOINT">
                                    <matrix sid="transform">1 0 0 0.014 0 1 0 -0.03200001 0 0 1 -0.005999923 0 0 0 1</matrix>
                                    <extra>
                                      <technique profile="blender">
                                        <layer sid="layer" type="string">0</layer>
                                        <tip_x sid="tip_x" type="float">0</tip_x>
                                        <tip_y sid="tip_y" type="float">0.02999997</tip_y>
                                        <tip_z sid="tip_z" type="float">0</tip_z>
                                      </technique>
                                    </extra>
                                  </node>
                                  <extra>
                                    <technique profile="blender">
                                      <layer sid="layer" type="string">0</layer>
                                      <tip_x sid="tip_x" type="float">0</tip_x>
                                      <tip_y sid="tip_y" type="float">0.02999997</tip_y>
                                      <tip_z sid="tip_z" type="float">0</tip_z>
                                    </technique>
                                  </extra>
                                </node>
                                <extra>
                                  <technique profile="blender">
                                    <layer sid="layer" type="string">0</layer>
                                    <tip_x sid="tip_x" type="float">0</tip_x>
                                    <tip_y sid="tip_y" type="float">0.02999997</tip_y>
                                    <tip_z sid="tip_z" type="float">0</tip_z>
                                  </technique>
                                </extra>
                              </node>
                              <node id="GanondorfRig_mHandRing1Right" name="mHandRing1Right" sid="mHandRing1Right" type="JOINT">
                                <matrix sid="transform">1 0 0 -0.01 0 1 0 -0.09900004 0 0 1 0.008999944 0 0 0 1</matrix>
                                <node id="GanondorfRig_mHandRing2Right" name="mHandRing2Right" sid="mHandRing2Right" type="JOINT">
                                  <matrix sid="transform">1 0 0 -0.013 0 1 0 -0.03799999 0 0 1 -0.008000016 0 0 0 1</matrix>
                                  <node id="GanondorfRig_mHandRing3Right" name="mHandRing3Right" sid="mHandRing3Right" type="JOINT">
                                    <matrix sid="transform">1 0 0 -0.013 0 1 0 -0.04000002 0 0 1 -0.008999944 0 0 0 1</matrix>
                                    <extra>
                                      <technique profile="blender">
                                        <layer sid="layer" type="string">0</layer>
                                        <tip_x sid="tip_x" type="float">0</tip_x>
                                        <tip_y sid="tip_y" type="float">0.02999997</tip_y>
                                        <tip_z sid="tip_z" type="float">0</tip_z>
                                      </technique>
                                    </extra>
                                  </node>
                                  <extra>
                                    <technique profile="blender">
                                      <layer sid="layer" type="string">0</layer>
                                      <tip_x sid="tip_x" type="float">0</tip_x>
                                      <tip_y sid="tip_y" type="float">0.02999997</tip_y>
                                      <tip_z sid="tip_z" type="float">0</tip_z>
                                    </technique>
                                  </extra>
                                </node>
                                <extra>
                                  <technique profile="blender">
                                    <layer sid="layer" type="string">0</layer>
                                    <tip_x sid="tip_x" type="float">0</tip_x>
                                    <tip_y sid="tip_y" type="float">0.02999997</tip_y>
                                    <tip_z sid="tip_z" type="float">0</tip_z>
                                  </technique>
                                </extra>
                              </node>
                              <node id="GanondorfRig_mHandPinky1Right" name="mHandPinky1Right" sid="mHandPinky1Right" type="JOINT">
                                <matrix sid="transform">1 0 0 -0.031 0 1 0 -0.09500003 0 0 1 0.003000021 0 0 0 1</matrix>
                                <node id="GanondorfRig_mHandPinky2Right" name="mHandPinky2Right" sid="mHandPinky2Right" type="JOINT">
                                  <matrix sid="transform">1 0 0 -0.024 0 1 0 -0.02499998 0 0 1 -0.006000042 0 0 0 1</matrix>
                                  <node id="GanondorfRig_mHandPinky3Right" name="mHandPinky3Right" sid="mHandPinky3Right" type="JOINT">
                                    <matrix sid="transform">1 0 0 -0.015 0 1 0 -0.01800001 0 0 1 -0.003999949 0 0 0 1</matrix>
                                    <extra>
                                      <technique profile="blender">
                                        <layer sid="layer" type="string">0</layer>
                                        <tip_x sid="tip_x" type="float">0</tip_x>
                                        <tip_y sid="tip_y" type="float">0.02999997</tip_y>
                                        <tip_z sid="tip_z" type="float">0</tip_z>
                                      </technique>
                                    </extra>
                                  </node>
                                  <extra>
                                    <technique profile="blender">
                                      <layer sid="layer" type="string">0</layer>
                                      <tip_x sid="tip_x" type="float">0</tip_x>
                                      <tip_y sid="tip_y" type="float">0.02999997</tip_y>
                                      <tip_z sid="tip_z" type="float">0</tip_z>
                                    </technique>
                                  </extra>
                                </node>
                                <extra>
                                  <technique profile="blender">
                                    <layer sid="layer" type="string">0</layer>
                                    <tip_x sid="tip_x" type="float">0</tip_x>
                                    <tip_y sid="tip_y" type="float">0.02999997</tip_y>
                                    <tip_z sid="tip_z" type="float">0</tip_z>
                                  </technique>
                                </extra>
                              </node>
                              <node id="GanondorfRig_mHandThumb1Right" name="mHandThumb1Right" sid="mHandThumb1Right" type="JOINT">
                                <matrix sid="transform">1 0 0 0.031 0 1 0 -0.02600002 0 0 1 0.003999949 0 0 0 1</matrix>
                                <node id="GanondorfRig_mHandThumb2Right" name="mHandThumb2Right" sid="mHandThumb2Right" type="JOINT">
                                  <matrix sid="transform">1 0 0 0.028 0 1 0 -0.03200001 0 0 1 -9.99928e-4 0 0 0 1</matrix>
                                  <node id="GanondorfRig_mHandThumb3Right" name="mHandThumb3Right" sid="mHandThumb3Right" type="JOINT">
                                    <matrix sid="transform">1 0 0 0.023 0 1 0 -0.03099996 0 0 1 -0.001000047 0 0 0 1</matrix>
                                    <extra>
                                      <technique profile="blender">
                                        <layer sid="layer" type="string">0</layer>
                                        <tip_x sid="tip_x" type="float">0</tip_x>
                                        <tip_y sid="tip_y" type="float">0.02999997</tip_y>
                                        <tip_z sid="tip_z" type="float">0</tip_z>
                                      </technique>
                                    </extra>
                                  </node>
                                  <extra>
                                    <technique profile="blender">
                                      <layer sid="layer" type="string">0</layer>
                                      <tip_x sid="tip_x" type="float">0</tip_x>
                                      <tip_y sid="tip_y" type="float">0.02999997</tip_y>
                                      <tip_z sid="tip_z" type="float">0</tip_z>
                                    </technique>
                                  </extra>
                                </node>
                                <extra>
                                  <technique profile="blender">
                                    <layer sid="layer" type="string">0</layer>
                                    <tip_x sid="tip_x" type="float">0</tip_x>
                                    <tip_y sid="tip_y" type="float">0.02999997</tip_y>
                                    <tip_z sid="tip_z" type="float">0</tip_z>
                                  </technique>
                                </extra>
                              </node>
                              <extra>
                                <technique profile="blender">
                                  <layer sid="layer" type="string">0</layer>
                                  <tip_x sid="tip_x" type="float">0</tip_x>
                                  <tip_y sid="tip_y" type="float">0.02999997</tip_y>
                                  <tip_z sid="tip_z" type="float">0</tip_z>
                                </technique>
                              </extra>
                            </node>
                            <extra>
                              <technique profile="blender">
                                <layer sid="layer" type="string">0</layer>
                                <tip_x sid="tip_x" type="float">0</tip_x>
                                <tip_y sid="tip_y" type="float">0.02999997</tip_y>
                                <tip_z sid="tip_z" type="float">0</tip_z>
                              </technique>
                            </extra>
                          </node>
                          <extra>
                            <technique profile="blender">
                              <layer sid="layer" type="string">0</layer>
                              <tip_x sid="tip_x" type="float">0</tip_x>
                              <tip_y sid="tip_y" type="float">0.02999997</tip_y>
                              <tip_z sid="tip_z" type="float">0</tip_z>
                            </technique>
                          </extra>
                        </node>
                        <extra>
                          <technique profile="blender">
                            <layer sid="layer" type="string">0</layer>
                            <tip_x sid="tip_x" type="float">0</tip_x>
                            <tip_y sid="tip_y" type="float">0.02999997</tip_y>
                            <tip_z sid="tip_z" type="float">0</tip_z>
                          </technique>
                        </extra>
                      </node>
                      <node id="GanondorfRig_mWingsRoot" name="mWingsRoot" sid="mWingsRoot" type="JOINT">
                        <matrix sid="transform">1 0 0 -0.014 0 1 0 0 0 0 1 0 0 0 0 1</matrix>
                        <node id="GanondorfRig_mWing1Left" name="mWing1Left" sid="mWing1Left" type="JOINT">
                          <matrix sid="transform">1 0 0 -0.09900001 0 1 0 0.105 0 0 1 0.181 0 0 0 1</matrix>
                          <node id="GanondorfRig_mWing2Left" name="mWing2Left" sid="mWing2Left" type="JOINT">
                            <matrix sid="transform">1 0 0 -0.168 0 1 0 0.169 0 0 1 0.06700003 0 0 0 1</matrix>
                            <node id="GanondorfRig_mWing3Left" name="mWing3Left" sid="mWing3Left" type="JOINT">
                              <matrix sid="transform">1 0 0 -0.181 0 1 0 0.183 0 0 1 0 0 0 0 1</matrix>
                              <node id="GanondorfRig_mWing4Left" name="mWing4Left" sid="mWing4Left" type="JOINT">
                                <matrix sid="transform">1 0 0 -0.171 0 1 0 0.173 0 0 1 0 0 0 0 1</matrix>
                                <extra>
                                  <technique profile="blender">
                                    <layer sid="layer" type="string">0</layer>
                                    <tip_x sid="tip_x" type="float">0</tip_x>
                                    <tip_y sid="tip_y" type="float">0.02999997</tip_y>
                                    <tip_z sid="tip_z" type="float">0</tip_z>
                                  </technique>
                                </extra>
                              </node>
                              <node id="GanondorfRig_mWing4FanLeft" name="mWing4FanLeft" sid="mWing4FanLeft" type="JOINT">
                                <matrix sid="transform">1 0 0 -0.171 0 1 0 0.173 0 0 1 0 0 0 0 1</matrix>
                                <extra>
                                  <technique profile="blender">
                                    <layer sid="layer" type="string">0</layer>
                                    <tip_x sid="tip_x" type="float">0</tip_x>
                                    <tip_y sid="tip_y" type="float">0.02999997</tip_y>
                                    <tip_z sid="tip_z" type="float">0</tip_z>
                                  </technique>
                                </extra>
                              </node>
                              <extra>
                                <technique profile="blender">
                                  <layer sid="layer" type="string">0</layer>
                                  <tip_x sid="tip_x" type="float">0</tip_x>
                                  <tip_y sid="tip_y" type="float">0.02999997</tip_y>
                                  <tip_z sid="tip_z" type="float">0</tip_z>
                                </technique>
                              </extra>
                            </node>
                            <extra>
                              <technique profile="blender">
                                <layer sid="layer" type="string">0</layer>
                                <tip_x sid="tip_x" type="float">0</tip_x>
                                <tip_y sid="tip_y" type="float">0.02999997</tip_y>
                                <tip_z sid="tip_z" type="float">0</tip_z>
                              </technique>
                            </extra>
                          </node>
                          <extra>
                            <technique profile="blender">
                              <layer sid="layer" type="string">0</layer>
                              <tip_x sid="tip_x" type="float">0</tip_x>
                              <tip_y sid="tip_y" type="float">0.02999997</tip_y>
                              <tip_z sid="tip_z" type="float">0</tip_z>
                            </technique>
                          </extra>
                        </node>
                        <node id="GanondorfRig_mWing1Right" name="mWing1Right" sid="mWing1Right" type="JOINT">
                          <matrix sid="transform">1 0 0 -0.09900001 0 1 0 -0.105 0 0 1 0.181 0 0 0 1</matrix>
                          <node id="GanondorfRig_mWing2Right" name="mWing2Right" sid="mWing2Right" type="JOINT">
                            <matrix sid="transform">1 0 0 -0.168 0 1 0 -0.169 0 0 1 0.06700003 0 0 0 1</matrix>
                            <node id="GanondorfRig_mWing3Right" name="mWing3Right" sid="mWing3Right" type="JOINT">
                              <matrix sid="transform">1 0 0 -0.181 0 1 0 -0.183 0 0 1 0 0 0 0 1</matrix>
                              <node id="GanondorfRig_mWing4Right" name="mWing4Right" sid="mWing4Right" type="JOINT">
                                <matrix sid="transform">1 0 0 -0.171 0 1 0 -0.173 0 0 1 0 0 0 0 1</matrix>
                                <extra>
                                  <technique profile="blender">
                                    <layer sid="layer" type="string">0</layer>
                                    <tip_x sid="tip_x" type="float">0</tip_x>
                                    <tip_y sid="tip_y" type="float">0.02999997</tip_y>
                                    <tip_z sid="tip_z" type="float">0</tip_z>
                                  </technique>
                                </extra>
                              </node>
                              <node id="GanondorfRig_mWing4FanRight" name="mWing4FanRight" sid="mWing4FanRight" type="JOINT">
                                <matrix sid="transform">1 0 0 -0.171 0 1 0 -0.173 0 0 1 0 0 0 0 1</matrix>
                                <extra>
                                  <technique profile="blender">
                                    <layer sid="layer" type="string">0</layer>
                                    <tip_x sid="tip_x" type="float">0</tip_x>
                                    <tip_y sid="tip_y" type="float">0.02999997</tip_y>
                                    <tip_z sid="tip_z" type="float">0</tip_z>
                                  </technique>
                                </extra>
                              </node>
                              <extra>
                                <technique profile="blender">
                                  <layer sid="layer" type="string">0</layer>
                                  <tip_x sid="tip_x" type="float">0</tip_x>
                                  <tip_y sid="tip_y" type="float">0.02999997</tip_y>
                                  <tip_z sid="tip_z" type="float">0</tip_z>
                                </technique>
                              </extra>
                            </node>
                            <extra>
                              <technique profile="blender">
                                <layer sid="layer" type="string">0</layer>
                                <tip_x sid="tip_x" type="float">0</tip_x>
                                <tip_y sid="tip_y" type="float">0.02999997</tip_y>
                                <tip_z sid="tip_z" type="float">0</tip_z>
                              </technique>
                            </extra>
                          </node>
                          <extra>
                            <technique profile="blender">
                              <layer sid="layer" type="string">0</layer>
                              <tip_x sid="tip_x" type="float">0</tip_x>
                              <tip_y sid="tip_y" type="float">0.02999997</tip_y>
                              <tip_z sid="tip_z" type="float">0</tip_z>
                            </technique>
                          </extra>
                        </node>
                        <extra>
                          <technique profile="blender">
                            <layer sid="layer" type="string">0</layer>
                            <tip_x sid="tip_x" type="float">0</tip_x>
                            <tip_y sid="tip_y" type="float">0.02999997</tip_y>
                            <tip_z sid="tip_z" type="float">0</tip_z>
                          </technique>
                        </extra>
                      </node>
                      <extra>
                        <technique profile="blender">
                          <layer sid="layer" type="string">0</layer>
                          <tip_x sid="tip_x" type="float">0</tip_x>
                          <tip_y sid="tip_y" type="float">0.02999997</tip_y>
                          <tip_z sid="tip_z" type="float">0</tip_z>
                        </technique>
                      </extra>
                    </node>
                    <extra>
                      <technique profile="blender">
                        <layer sid="layer" type="string">0</layer>
                        <tip_x sid="tip_x" type="float">0</tip_x>
                        <tip_y sid="tip_y" type="float">0.02999997</tip_y>
                        <tip_z sid="tip_z" type="float">0</tip_z>
                      </technique>
                    </extra>
                  </node>
                  <extra>
                    <technique profile="blender">
                      <layer sid="layer" type="string">0</layer>
                      <tip_x sid="tip_x" type="float">0</tip_x>
                      <tip_y sid="tip_y" type="float">0.02999997</tip_y>
                      <tip_z sid="tip_z" type="float">0</tip_z>
                    </technique>
                  </extra>
                </node>
                <extra>
                  <technique profile="blender">
                    <layer sid="layer" type="string">0</layer>
                    <tip_x sid="tip_x" type="float">0</tip_x>
                    <tip_y sid="tip_y" type="float">0.02999997</tip_y>
                    <tip_z sid="tip_z" type="float">0</tip_z>
                  </technique>
                </extra>
              </node>
              <extra>
                <technique profile="blender">
                  <layer sid="layer" type="string">0</layer>
                  <tip_x sid="tip_x" type="float">0</tip_x>
                  <tip_y sid="tip_y" type="float">0.02999997</tip_y>
                  <tip_z sid="tip_z" type="float">0</tip_z>
                </technique>
              </extra>
            </node>
            <extra>
              <technique profile="blender">
                <layer sid="layer" type="string">0</layer>
                <tip_x sid="tip_x" type="float">0</tip_x>
                <tip_y sid="tip_y" type="float">0.02999997</tip_y>
                <tip_z sid="tip_z" type="float">0</tip_z>
              </technique>
            </extra>
          </node>
          <node id="GanondorfRig_mHipRight" name="mHipRight" sid="mHipRight" type="JOINT">
            <matrix sid="transform">1 0 0 0.034 0 1 0 -0.129 0 0 1 -0.04100001 0 0 0 1</matrix>
            <node id="GanondorfRig_R_UPPER_LEG" name="R_UPPER_LEG" sid="R_UPPER_LEG" type="JOINT">
              <matrix sid="transform">1 0 0 -0.02 0 1 0 0.04999999 0 0 1 -0.22 0 0 0 1</matrix>
              <extra>
                <technique profile="blender">
                  <layer sid="layer" type="string">0</layer>
                  <tip_x sid="tip_x" type="float">0</tip_x>
                  <tip_y sid="tip_y" type="float">0.02999997</tip_y>
                  <tip_z sid="tip_z" type="float">0</tip_z>
                </technique>
              </extra>
            </node>
            <node id="GanondorfRig_mKneeRight" name="mKneeRight" sid="mKneeRight" type="JOINT">
              <matrix sid="transform">1 0 0 -0.001000002 0 1 0 0.04899999 0 0 1 -0.491 0 0 0 1</matrix>
              <node id="GanondorfRig_R_LOWER_LEG" name="R_LOWER_LEG" sid="R_LOWER_LEG" type="JOINT">
                <matrix sid="transform">1 0 0 -0.02 0 1 0 0 0 0 1 -0.2 0 0 0 1</matrix>
                <extra>
                  <technique profile="blender">
                    <layer sid="layer" type="string">0</layer>
                    <tip_x sid="tip_x" type="float">0</tip_x>
                    <tip_y sid="tip_y" type="float">0.02999997</tip_y>
                    <tip_z sid="tip_z" type="float">0</tip_z>
                  </technique>
                </extra>
              </node>
              <node id="GanondorfRig_mAnkleRight" name="mAnkleRight" sid="mAnkleRight" type="JOINT">
                <matrix sid="transform">1 0 0 -0.029 0 1 0 0 0 0 1 -0.468 0 0 0 1</matrix>
                <node id="GanondorfRig_R_FOOT" name="R_FOOT" sid="R_FOOT" type="JOINT">
                  <matrix sid="transform">1 0 1.49012e-8 0.077 0 1 0 0 -1.49012e-8 0 1 -0.041 0 0 0 1</matrix>
                  <extra>
                    <technique profile="blender">
                      <layer sid="layer" type="string">0</layer>
                      <roll sid="roll" type="float">0.1745329</roll>
                      <tip_x sid="tip_x" type="float">0</tip_x>
                      <tip_y sid="tip_y" type="float">0.02999997</tip_y>
                      <tip_z sid="tip_z" type="float">0</tip_z>
                    </technique>
                  </extra>
                </node>
                <node id="GanondorfRig_mFootRight" name="mFootRight" sid="mFootRight" type="JOINT">
                  <matrix sid="transform">1 0 0 0.112 0 1 0 0 0 0 1 -0.061 0 0 0 1</matrix>
                  <node id="GanondorfRig_mToeRight" name="mToeRight" sid="mToeRight" type="JOINT">
                    <matrix sid="transform">1 0 0 0.109 0 1 0 0 0 0 1 0 0 0 0 1</matrix>
                    <extra>
                      <technique profile="blender">
                        <layer sid="layer" type="string">0</layer>
                        <tip_x sid="tip_x" type="float">0</tip_x>
                        <tip_y sid="tip_y" type="float">0.02999997</tip_y>
                        <tip_z sid="tip_z" type="float">0</tip_z>
                      </technique>
                    </extra>
                  </node>
                  <extra>
                    <technique profile="blender">
                      <layer sid="layer" type="string">0</layer>
                      <tip_x sid="tip_x" type="float">0</tip_x>
                      <tip_y sid="tip_y" type="float">0.02999997</tip_y>
                      <tip_z sid="tip_z" type="float">0</tip_z>
                    </technique>
                  </extra>
                </node>
                <extra>
                  <technique profile="blender">
                    <layer sid="layer" type="string">0</layer>
                    <tip_x sid="tip_x" type="float">0</tip_x>
                    <tip_y sid="tip_y" type="float">0.02999997</tip_y>
                    <tip_z sid="tip_z" type="float">0</tip_z>
                  </technique>
                </extra>
              </node>
              <extra>
                <technique profile="blender">
                  <layer sid="layer" type="string">0</layer>
                  <tip_x sid="tip_x" type="float">0</tip_x>
                  <tip_y sid="tip_y" type="float">0.02999997</tip_y>
                  <tip_z sid="tip_z" type="float">0</tip_z>
                </technique>
              </extra>
            </node>
            <extra>
              <technique profile="blender">
                <layer sid="layer" type="string">0</layer>
                <tip_x sid="tip_x" type="float">0</tip_x>
                <tip_y sid="tip_y" type="float">0.02999997</tip_y>
                <tip_z sid="tip_z" type="float">0</tip_z>
              </technique>
            </extra>
          </node>
          <node id="GanondorfRig_mHipLeft" name="mHipLeft" sid="mHipLeft" type="JOINT">
            <matrix sid="transform">1 0 0 0.034 0 1 0 0.127 0 0 1 -0.04100001 0 0 0 1</matrix>
            <node id="GanondorfRig_L_UPPER_LEG" name="L_UPPER_LEG" sid="L_UPPER_LEG" type="JOINT">
              <matrix sid="transform">1 0 0 -0.02 0 1 0 -0.05 0 0 1 -0.22 0 0 0 1</matrix>
              <extra>
                <technique profile="blender">
                  <layer sid="layer" type="string">0</layer>
                  <tip_x sid="tip_x" type="float">0</tip_x>
                  <tip_y sid="tip_y" type="float">0.02999997</tip_y>
                  <tip_z sid="tip_z" type="float">0</tip_z>
                </technique>
              </extra>
            </node>
            <node id="GanondorfRig_mKneeLeft" name="mKneeLeft" sid="mKneeLeft" type="JOINT">
              <matrix sid="transform">1 0 0 -0.001000002 0 1 0 -0.046 0 0 1 -0.491 0 0 0 1</matrix>
              <node id="GanondorfRig_L_LOWER_LEG" name="L_LOWER_LEG" sid="L_LOWER_LEG" type="JOINT">
                <matrix sid="transform">1 0 0 -0.02 0 1 0 0 0 0 1 -0.2 0 0 0 1</matrix>
                <extra>
                  <technique profile="blender">
                    <layer sid="layer" type="string">0</layer>
                    <tip_x sid="tip_x" type="float">0</tip_x>
                    <tip_y sid="tip_y" type="float">0.02999997</tip_y>
                    <tip_z sid="tip_z" type="float">0</tip_z>
                  </technique>
                </extra>
              </node>
              <node id="GanondorfRig_mAnkleLeft" name="mAnkleLeft" sid="mAnkleLeft" type="JOINT">
                <matrix sid="transform">1 0 0 -0.029 0 1 0 0.001000002 0 0 1 -0.468 0 0 0 1</matrix>
                <node id="GanondorfRig_L_FOOT" name="L_FOOT" sid="L_FOOT" type="JOINT">
                  <matrix sid="transform">1 0 1.49012e-8 0.077 0 1 0 0 -1.49012e-8 0 1 -0.041 0 0 0 1</matrix>
                  <extra>
                    <technique profile="blender">
                      <layer sid="layer" type="string">0</layer>
                      <roll sid="roll" type="float">0.1745329</roll>
                      <tip_x sid="tip_x" type="float">0</tip_x>
                      <tip_y sid="tip_y" type="float">0.02999997</tip_y>
                      <tip_z sid="tip_z" type="float">0</tip_z>
                    </technique>
                  </extra>
                </node>
                <node id="GanondorfRig_mFootLeft" name="mFootLeft" sid="mFootLeft" type="JOINT">
                  <matrix sid="transform">1 0 0 0.112 0 1 0 0 0 0 1 -0.061 0 0 0 1</matrix>
                  <node id="GanondorfRig_mToeLeft" name="mToeLeft" sid="mToeLeft" type="JOINT">
                    <matrix sid="transform">1 0 0 0.109 0 1 0 0 0 0 1 0 0 0 0 1</matrix>
                    <extra>
                      <technique profile="blender">
                        <layer sid="layer" type="string">0</layer>
                        <tip_x sid="tip_x" type="float">0</tip_x>
                        <tip_y sid="tip_y" type="float">0.02999997</tip_y>
                        <tip_z sid="tip_z" type="float">0</tip_z>
                      </technique>
                    </extra>
                  </node>
                  <extra>
                    <technique profile="blender">
                      <layer sid="layer" type="string">0</layer>
                      <tip_x sid="tip_x" type="float">0</tip_x>
                      <tip_y sid="tip_y" type="float">0.02999997</tip_y>
                      <tip_z sid="tip_z" type="float">0</tip_z>
                    </technique>
                  </extra>
                </node>
                <extra>
                  <technique profile="blender">
                    <layer sid="layer" type="string">0</layer>
                    <tip_x sid="tip_x" type="float">0</tip_x>
                    <tip_y sid="tip_y" type="float">0.02999997</tip_y>
                    <tip_z sid="tip_z" type="float">0</tip_z>
                  </technique>
                </extra>
              </node>
              <extra>
                <technique profile="blender">
                  <layer sid="layer" type="string">0</layer>
                  <tip_x sid="tip_x" type="float">0</tip_x>
                  <tip_y sid="tip_y" type="float">0.02999997</tip_y>
                  <tip_z sid="tip_z" type="float">0</tip_z>
                </technique>
              </extra>
            </node>
            <extra>
              <technique profile="blender">
                <layer sid="layer" type="string">0</layer>
                <tip_x sid="tip_x" type="float">0</tip_x>
                <tip_y sid="tip_y" type="float">0.02999997</tip_y>
                <tip_z sid="tip_z" type="float">0</tip_z>
              </technique>
            </extra>
          </node>
          <node id="GanondorfRig_mTail1" name="mTail1" sid="mTail1" type="JOINT">
            <matrix sid="transform">1 0 0 -0.116 0 1 0 0 0 0 1 0.04699993 0 0 0 1</matrix>
            <node id="GanondorfRig_mTail2" name="mTail2" sid="mTail2" type="JOINT">
              <matrix sid="transform">1 0 0 -0.197 0 1 0 0 0 0 1 0 0 0 0 1</matrix>
              <node id="GanondorfRig_mTail3" name="mTail3" sid="mTail3" type="JOINT">
                <matrix sid="transform">1 0 0 -0.168 0 1 0 0 0 0 1 0 0 0 0 1</matrix>
                <node id="GanondorfRig_mTail4" name="mTail4" sid="mTail4" type="JOINT">
                  <matrix sid="transform">1 0 0 -0.142 0 1 0 0 0 0 1 0 0 0 0 1</matrix>
                  <node id="GanondorfRig_mTail5" name="mTail5" sid="mTail5" type="JOINT">
                    <matrix sid="transform">1 0 0 -0.112 0 1 0 0 0 0 1 0 0 0 0 1</matrix>
                    <node id="GanondorfRig_mTail6" name="mTail6" sid="mTail6" type="JOINT">
                      <matrix sid="transform">1 0 0 -0.09399998 0 1 0 0 0 0 1 0 0 0 0 1</matrix>
                      <extra>
                        <technique profile="blender">
                          <layer sid="layer" type="string">0</layer>
                          <tip_x sid="tip_x" type="float">0</tip_x>
                          <tip_y sid="tip_y" type="float">0.02999997</tip_y>
                          <tip_z sid="tip_z" type="float">0</tip_z>
                        </technique>
                      </extra>
                    </node>
                    <extra>
                      <technique profile="blender">
                        <layer sid="layer" type="string">0</layer>
                        <tip_x sid="tip_x" type="float">0</tip_x>
                        <tip_y sid="tip_y" type="float">0.02999997</tip_y>
                        <tip_z sid="tip_z" type="float">0</tip_z>
                      </technique>
                    </extra>
                  </node>
                  <extra>
                    <technique profile="blender">
                      <layer sid="layer" type="string">0</layer>
                      <tip_x sid="tip_x" type="float">0</tip_x>
                      <tip_y sid="tip_y" type="float">0.02999997</tip_y>
                      <tip_z sid="tip_z" type="float">0</tip_z>
                    </technique>
                  </extra>
                </node>
                <extra>
                  <technique profile="blender">
                    <layer sid="layer" type="string">0</layer>
                    <tip_x sid="tip_x" type="float">0</tip_x>
                    <tip_y sid="tip_y" type="float">0.02999997</tip_y>
                    <tip_z sid="tip_z" type="float">0</tip_z>
                  </technique>
                </extra>
              </node>
              <extra>
                <technique profile="blender">
                  <layer sid="layer" type="string">0</layer>
                  <tip_x sid="tip_x" type="float">0</tip_x>
                  <tip_y sid="tip_y" type="float">0.02999997</tip_y>
                  <tip_z sid="tip_z" type="float">0</tip_z>
                </technique>
              </extra>
            </node>
            <extra>
              <technique profile="blender">
                <layer sid="layer" type="string">0</layer>
                <tip_x sid="tip_x" type="float">0</tip_x>
                <tip_y sid="tip_y" type="float">0.02999997</tip_y>
                <tip_z sid="tip_z" type="float">0</tip_z>
              </technique>
            </extra>
          </node>
          <node id="GanondorfRig_mGroin" name="mGroin" sid="mGroin" type="JOINT">
            <matrix sid="transform">1 0 0 0.064 0 1 0 0 0 0 1 -0.097 0 0 0 1</matrix>
            <extra>
              <technique profile="blender">
                <layer sid="layer" type="string">0</layer>
                <tip_x sid="tip_x" type="float">0</tip_x>
                <tip_y sid="tip_y" type="float">0.02999997</tip_y>
                <tip_z sid="tip_z" type="float">0</tip_z>
              </technique>
            </extra>
          </node>
          <node id="GanondorfRig_mHindLimbsRoot" name="mHindLimbsRoot" sid="mHindLimbsRoot" type="JOINT">
            <matrix sid="transform">1 0 0 -0.2 0 1 0 0 0 0 1 0.08399999 0 0 0 1</matrix>
            <node id="GanondorfRig_mHindLimb1Left" name="mHindLimb1Left" sid="mHindLimb1Left" type="JOINT">
              <matrix sid="transform">1 0 0 -0.204 0 1 0 0.129 0 0 1 -0.125 0 0 0 1</matrix>
              <node id="GanondorfRig_mHindLimb2Left" name="mHindLimb2Left" sid="mHindLimb2Left" type="JOINT">
                <matrix sid="transform">1 0 0 0.002000004 0 1 0 -0.046 0 0 1 -0.491 0 0 0 1</matrix>
                <node id="GanondorfRig_mHindLimb3Left" name="mHindLimb3Left" sid="mHindLimb3Left" type="JOINT">
                  <matrix sid="transform">1 0 0 -0.03 0 1 0 -0.002999999 0 0 1 -0.468 0 0 0 1</matrix>
                  <node id="GanondorfRig_mHindLimb4Left" name="mHindLimb4Left" sid="mHindLimb4Left" type="JOINT">
                    <matrix sid="transform">1 0 0 0.112 0 1 0 0 0 0 1 -0.061 0 0 0 1</matrix>
                    <extra>
                      <technique profile="blender">
                        <layer sid="layer" type="string">0</layer>
                        <tip_x sid="tip_x" type="float">0</tip_x>
                        <tip_y sid="tip_y" type="float">0.02999997</tip_y>
                        <tip_z sid="tip_z" type="float">0</tip_z>
                      </technique>
                    </extra>
                  </node>
                  <extra>
                    <technique profile="blender">
                      <layer sid="layer" type="string">0</layer>
                      <tip_x sid="tip_x" type="float">0</tip_x>
                      <tip_y sid="tip_y" type="float">0.02999997</tip_y>
                      <tip_z sid="tip_z" type="float">0</tip_z>
                    </technique>
                  </extra>
                </node>
                <extra>
                  <technique profile="blender">
                    <layer sid="layer" type="string">0</layer>
                    <tip_x sid="tip_x" type="float">0</tip_x>
                    <tip_y sid="tip_y" type="float">0.02999997</tip_y>
                    <tip_z sid="tip_z" type="float">0</tip_z>
                  </technique>
                </extra>
              </node>
              <extra>
                <technique profile="blender">
                  <layer sid="layer" type="string">0</layer>
                  <tip_x sid="tip_x" type="float">0</tip_x>
                  <tip_y sid="tip_y" type="float">0.02999997</tip_y>
                  <tip_z sid="tip_z" type="float">0</tip_z>
                </technique>
              </extra>
            </node>
            <node id="GanondorfRig_mHindLimb1Right" name="mHindLimb1Right" sid="mHindLimb1Right" type="JOINT">
              <matrix sid="transform">1 0 0 -0.204 0 1 0 -0.129 0 0 1 -0.125 0 0 0 1</matrix>
              <node id="GanondorfRig_mHindLimb2Right" name="mHindLimb2Right" sid="mHindLimb2Right" type="JOINT">
                <matrix sid="transform">1 0 0 0.002000004 0 1 0 0.046 0 0 1 -0.491 0 0 0 1</matrix>
                <node id="GanondorfRig_mHindLimb3Right" name="mHindLimb3Right" sid="mHindLimb3Right" type="JOINT">
                  <matrix sid="transform">1 0 0 -0.03 0 1 0 0.002999999 0 0 1 -0.468 0 0 0 1</matrix>
                  <node id="GanondorfRig_mHindLimb4Right" name="mHindLimb4Right" sid="mHindLimb4Right" type="JOINT">
                    <matrix sid="transform">1 0 0 0.112 0 1 0 0 0 0 1 -0.061 0 0 0 1</matrix>
                    <extra>
                      <technique profile="blender">
                        <layer sid="layer" type="string">0</layer>
                        <tip_x sid="tip_x" type="float">0</tip_x>
                        <tip_y sid="tip_y" type="float">0.02999997</tip_y>
                        <tip_z sid="tip_z" type="float">0</tip_z>
                      </technique>
                    </extra>
                  </node>
                  <extra>
                    <technique profile="blender">
                      <layer sid="layer" type="string">0</layer>
                      <tip_x sid="tip_x" type="float">0</tip_x>
                      <tip_y sid="tip_y" type="float">0.02999997</tip_y>
                      <tip_z sid="tip_z" type="float">0</tip_z>
                    </technique>
                  </extra>
                </node>
                <extra>
                  <technique profile="blender">
                    <layer sid="layer" type="string">0</layer>
                    <tip_x sid="tip_x" type="float">0</tip_x>
                    <tip_y sid="tip_y" type="float">0.02999997</tip_y>
                    <tip_z sid="tip_z" type="float">0</tip_z>
                  </technique>
                </extra>
              </node>
              <extra>
                <technique profile="blender">
                  <layer sid="layer" type="string">0</layer>
                  <tip_x sid="tip_x" type="float">0</tip_x>
                  <tip_y sid="tip_y" type="float">0.02999997</tip_y>
                  <tip_z sid="tip_z" type="float">0</tip_z>
                </technique>
              </extra>
            </node>
            <extra>
              <technique profile="blender">
                <layer sid="layer" type="string">0</layer>
                <tip_x sid="tip_x" type="float">0</tip_x>
                <tip_y sid="tip_y" type="float">0.02999997</tip_y>
                <tip_z sid="tip_z" type="float">0</tip_z>
              </technique>
            </extra>
          </node>
          <extra>
            <technique profile="blender">
              <layer sid="layer" type="string">0</layer>
              <tip_x sid="tip_x" type="float">0</tip_x>
              <tip_y sid="tip_y" type="float">0.02999997</tip_y>
              <tip_z sid="tip_z" type="float">0</tip_z>
            </technique>
          </extra>
        </node>
        <node id="GanondorfNecklace_LOD0" name="GanondorfNecklace_LOD0" type="NODE">
          <matrix sid="transform">1 0 0 0 0 1 0 0 0 0 1 0 0 0 0 1</matrix>
          <instance_controller url="#GanondorfRig_GanondorfNecklace_LOD0-skin">
            <skeleton>#GanondorfRig_mPelvis</skeleton>
            <bind_material>
              <technique_common>
                <instance_material symbol="Gold-material" target="#Gold-material">
                  <bind_vertex_input semantic="UVMap" input_semantic="TEXCOORD" input_set="0"/>
                </instance_material>
                <instance_material symbol="Gem-material" target="#Gem-material">
                  <bind_vertex_input semantic="UVMap" input_semantic="TEXCOORD" input_set="0"/>
                </instance_material>
              </technique_common>
            </bind_material>
          </instance_controller>
        </node>
      </node>
    </visual_scene>
  </library_visual_scenes>
  <scene>
    <instance_visual_scene url="#Scene"/>
  </scene>
</COLLADA>