<?xml version="1.0" encoding="utf-8"?>
<COLLADA xmlns="http://www.collada.org/2005/11/COLLADASchema" version="1.4.1" xmlns:xsi="http://www.w3.org/2001/XMLSchema-instance">
  <asset>
    <contributor>
      <author>Blender User</author>
      <authoring_tool>Blender 3.6.19 commit date:2024-12-16, commit time:12:51, hash:56679ff9b2b2</authoring_tool>
    </contributor>
    <created>2026-07-11T11:09:12</created>
    <modified>2026-07-11T11:09:12</modified>
    <unit name="meter" meter="1"/>
    <up_axis>Z_UP</up_axis>
  </asset>
  <library_effects>
    <effect id="Bracer-effect">
      <profile_COMMON>
        <technique sid="common">
          <lambert>
            <emission>
              <color sid="emission">0 0 0 1</color>
            </emission>
            <diffuse>
              <color sid="diffuse">0.38 0.27 0.13 1</color>
            </diffuse>
            <reflectivity>
              <float sid="specular">0.5</float>
            </reflectivity>
          </lambert>
        </technique>
      </profile_COMMON>
    </effect>
  </library_effects>
  <library_images/>
  <library_materials>
    <material id="Bracer-material" name="Bracer">
      <instance_effect url="#Bracer-effect"/>
    </material>
  </library_materials>
  <library_geometries>
    <geometry id="GanondorfBracerLeft_LOD1-mesh" name="GanondorfBracerLeft_LOD1">
      <mesh>
        <source id="GanondorfBracerLeft_LOD1-mesh-positions">
          <float_array id="GanondorfBracerLeft_LOD1-mesh-positions-array" count="354">0.02645623 0.4177802 1.503039 -0.09959053 0.5238972 1.548788 -0.08770877 0.583352 1.538484 0.02955961 0.4476361 1.503915 0.003160357 0.5663544 1.475001 -0.0018211 0.5915527 1.481528 -0.1000593 0.5531757 1.526656 -0.1023247 0.4591372 1.550562 0.02753323 0.4877891 1.496446 -0.05484902 0.5049093 1.440421 -0.1046934 0.4730443 1.498914 -0.03173166 0.4259865 1.45106 -0.006235778 0.4138124 1.468289 0.02017903 0.4738026 1.573372 -0.05839318 0.6133037 1.481949 0.02852994 0.4608511 1.502097 -0.009681761 0.6127812 1.484341 -0.00309509 0.6088501 1.560926 -0.1019647 0.4106154 1.481673 -0.05848228 0.4161919 1.582899 -0.01437824 0.4164343 1.586859 -0.0820378 0.4570312 1.451364 0.02433967 0.428187 1.545652 0.0095945 0.6065837 1.538908 0.0304234 0.4827857 1.548968 -0.02550476 0.6126275 1.477255 -0.03337574 0.6076793 1.564198 -0.05952471 0.6083447 1.558721 -0.06905019 0.497003 1.582769 -0.03567725 0.4169835 1.587311 0.02752608 0.4501171 1.560687 0.006154119 0.5863205 1.559005 -0.03455966 0.4845578 1.588786 -0.03205919 0.4576112 1.441208 -0.09240388 0.4159538 1.558626 -0.05331736 0.4113078 1.456391 -0.07418084 0.425585 1.580769 0.01497668 0.4107739 1.559501 0.01406359 0.5813168 1.509528 -0.008174836 0.5794138 1.569743 -0.01300036 0.4643575 1.448359 -0.05587303 0.4425304 1.442799 -0.09416943 0.5445808 1.554888 -0.08231586 0.4945744 1.448915 -0.09505707 0.5026038 1.465336 0.01068276 0.4605646 1.462568 0.01005518 0.6092256 1.510611 -0.04119825 0.5890792 1.568943 -0.07144105 0.4728196 1.443429 -0.0801444 0.5394081 1.574614 -0.09100896 0.4561636 1.570984 -0.004278004 0.4264249 1.46212 -0.01531237 0.608081 1.564503 -0.05797797 0.4488865 1.590286 0.02004283 0.4155387 1.548149 0.005525946 0.6086143 1.552387 -0.09321725 0.43688 1.567143 -0.02817028 0.5342269 1.586824 -0.01049172 0.4279136 1.592159 -0.06032985 0.5645279 1.46057 0.0196737 0.4316111 1.572263 -0.05727672 0.5406883 1.582457 -0.1096345 0.4173634 1.525517 0.01756489 0.4168308 1.486547 -0.02307808 0.5194305 1.448327 -0.08870899 0.5833347 1.499232 -0.03262293 0.5481233 1.454652 -0.06651705 0.5299482 1.446064 -0.1126976 0.4485436 1.502285 0.001632452 0.4862921 1.585047 -0.08347004 0.5692911 1.475556 -0.06562882 0.5857308 1.563874 -0.1122363 0.4240027 1.48739 0.01051813 0.5379388 1.57498 -0.09014087 0.5051166 1.567387 0.008984863 0.5851351 1.493028 -0.07716327 0.5153624 1.580164 -0.09859275 0.528022 1.474882 -0.08483392 0.5417208 1.459174 -0.07190269 0.4134215 1.456893 -0.0967369 0.460625 1.468628 -0.1032918 0.5352364 1.502571 0.02500367 0.4313453 1.502419 0.02420383 0.5312432 1.553618 -0.08476728 0.4128854 1.463896 -0.1019107 0.4227231 1.467523 0.009905636 0.4464404 1.586839 -0.1126717 0.4161075 1.511393 -0.08000868 0.4470701 1.581014 -0.08672654 0.4372969 1.452029 0.01098918 0.6084465 1.524014 0.02750682 0.5326588 1.513247 -0.0691201 0.6005917 1.478141 -0.0531277 0.5871405 1.469179 -0.03603196 0.4286198 1.592621 -0.1108852 0.4409279 1.483607 -0.1046832 0.4725654 1.529435 -0.03827112 0.6124237 1.477004 -0.07422435 0.4765064 1.581791 0.00595951 0.4126479 1.577983 -0.02072757 0.4551206 1.593957 0.001858115 0.4385786 1.461567 0.007721781 0.4257729 1.583362 0.01277172 0.5306426 1.469476 -0.09956026 0.4150923 1.542426 0.0239638 0.444819 1.485003 -0.08227735 0.6066617 1.542377 -0.08749407 0.6077713 1.516494 -0.08279484 0.6129261 1.501936 -0.07649332 0.580449 1.559162 0.02086186 0.5417312 1.486477 0.03050261 0.4243151 1.504396 -0.1100974 0.4388348 1.531694 0.01340574 0.4279319 1.478227 0.02872896 0.4173806 1.523771 -0.09350115 0.4764922 1.562352 0.009537577 0.4844862 1.464705 -0.1036805 0.5146141 1.520188</float_array>
          <technique_common>
            <accessor source="#GanondorfBracerLeft_LOD1-mesh-positions-array" count="118" stride="3">
              <param name="X" type="float"/>
              <param name="Y" type="float"/>
              <param name="Z" type="float"/>
            </accessor>
          </technique_common>
        </source>
        <source id="GanondorfBracerLeft_LOD1-mesh-normals">
          <float_array id="GanondorfBracerLeft_LOD1-mesh-normals-array" count="354">-0.9267777 0.275922 -0.2548532 -0.9897488 0.1393326 -0.03136485 -0.8417769 0.2970315 -0.4507594 -0.9318837 0.2321754 0.2787246 -0.193361 0.3619937 -0.9119058 -0.4952553 0.4078972 -0.7670345 -0.3111551 0.4899009 -0.8143584 -0.06434959 0.3293877 -0.9419995 0.4980533 0.21946 0.8389161 0.1238037 0.2240364 0.9666853 0.2809654 0.2636139 0.9228035 -0.1039098 0.2912049 0.9510008 -0.08671075 0.2803179 0.9559828 0.05838489 0.1669604 0.9842334 0.3575793 0.1086986 0.9275353 -0.05338126 0.1014127 0.9934113 0.6067386 0.1982849 0.7697736 -0.4809502 0.02447557 0.8764062 -0.2091196 0.2049058 0.9561812 -0.5744488 0.2259312 0.7867425 -0.4015488 0.3147988 0.8600351 -0.6464421 0.3072687 0.6983543 -0.3792711 0.3138612 0.8704279 0.9703397 0.1636502 0.1779315 0.8630813 0.1659182 0.4770343 0.7452492 0.2319061 0.6251586 0.9389994 0.1638069 0.302403 0.7866622 0.07751703 0.6124981 0.9837871 0.02979141 0.1768493 0.9533251 -0.08979767 0.288284 0.9871299 0.1464679 -0.06419998 0.9643356 0.2227479 -0.1429694 0.9360882 0.2249939 -0.2704011 0.8575835 0.2875729 -0.4264416 0.5734964 0.3120719 -0.7574386 0.6247815 0.3260315 -0.7094728 0.5905238 0.2888667 -0.7535501 0.9060139 0.1997421 -0.3731512 0.6914281 0.1486034 -0.7069966 0.9573293 -0.001943469 -0.2889927 0.9786328 0.03751969 -0.2021641 0.5617487 -0.01889735 0.8270922 0.8554045 -0.239794 0.4591102 0.9641304 -0.20143 0.1728547 0.8758157 -0.3660249 0.3145993 0.9183194 -0.2516686 0.3055365 0.9899998 -0.01050013 0.1406776 0.974687 0.08758807 -0.205703 0.9665158 0.1235828 -0.2248877 0.8390084 -0.4586979 -0.2926795 0.9896845 -0.08667331 -0.114072 0.5494602 -0.3078477 0.7767389 0.6009088 -0.4182078 0.6811835 0.155934 -0.440335 0.8841888 0.1996631 -0.2576494 0.9453844 0.06317865 0.07561314 0.9951338 -0.1004932 -0.2246385 0.9692465 -0.2534887 -0.002726316 0.9673346 -0.5453798 -0.0433796 0.8370658 -0.7936998 -0.1543922 0.5883909 -0.4752095 -0.3519319 0.806424 -0.7637213 0.06637501 0.6421249 -0.3010497 -0.3551817 0.8849945 -0.7963644 -0.2893823 0.5310947 -0.07605797 -0.4158518 0.9062464 -0.4643666 0.08702647 0.881357 -0.8476237 0.08117336 0.5243521 -0.9802073 0.124436 0.1539786 -0.9239077 0.1164333 0.3644695 -0.8802552 -0.1912701 0.4342424 -0.9603007 -0.00733006 0.2788708 -0.9449238 0.07178789 0.3193206 -0.7782944 0.01491838 0.6277223 -0.8411585 0.2369744 0.4861024 -0.8655439 0.2133051 0.4531387 -0.3384214 0.02762001 0.9405893 -0.9669024 0.2350483 0.09925717 0.735647 -0.259939 -0.625504 0.7662287 -0.2074862 -0.6081472 0.4702888 -0.4563173 -0.7553827 -0.7097644 -0.2974007 -0.6385824 -0.4416786 -0.4874535 -0.7531993 -0.7355085 -0.5513244 -0.3937875 -0.5045593 -0.1142045 -0.8557904 -0.9846842 0.1415366 -0.1018065 -0.9967519 0.04722094 0.06523758 -0.9773647 0.1418626 -0.1569505 -0.9825037 0.1724053 -0.07044821 -0.9940024 -0.1047135 0.03153485 -0.9338433 -0.1173323 0.3378904 -0.9290347 0.1650186 -0.3311547 -0.8528844 0.1109198 -0.5101814 -0.9510052 -0.2083726 -0.2284078 -0.5801553 -0.008269429 -0.8144639 -0.8769977 0.04931843 -0.477957 -0.5975267 0.04129558 -0.800785 -0.9241265 0.1085561 -0.3663411 -0.6919564 0.3902969 -0.6073424 -0.2122802 0.4133564 -0.8854793 -0.6305141 0.3077085 -0.7125781 -0.3232921 -0.05436336 -0.9447364 -0.04679256 0.1043393 -0.9934405 0.1983649 -0.1127126 -0.9736259 -0.1036258 -0.2257291 -0.968663 0.2259805 -0.4221997 -0.877884 8.52221e-4 -0.425129 -0.9051324 0.4388396 -0.03990203 -0.897679 0.5689261 -0.2588598 -0.7805861 0.7238762 -0.03265434 -0.6891567 0.2182769 0.2983033 -0.9291773 0.1986782 0.3077999 -0.9304764 -0.2176534 0.2591826 -0.9409843 0.3248847 0.1863257 -0.9272177 0.7235465 0.05131512 -0.6883656 0.8922634 -0.1254423 -0.43374 0.995017 0.0909931 0.04076129 -0.1867983 -0.3061559 -0.9334747 0.4841019 -0.3613278 -0.7969239</float_array>
          <technique_common>
            <accessor source="#GanondorfBracerLeft_LOD1-mesh-normals-array" count="118" stride="3">
              <param name="X" type="float"/>
              <param name="Y" type="float"/>
              <param name="Z" type="float"/>
            </accessor>
          </technique_common>
        </source>
        <source id="GanondorfBracerLeft_LOD1-mesh-map-0">
          <float_array id="GanondorfBracerLeft_LOD1-mesh-map-0-array" count="1218">0.6644449 0.156171 0.6904931 0.1599291 0.7003 0.1568467 0.6747667 0.1693899 0.6904931 0.1599291 0.6644449 0.156171 0.6776844 0.133758 0.6876135 0.1404131 0.7019472 0.1361808 0.7012908 0.1251608 0.6776844 0.133758 0.7019472 0.1361808 0.5681574 0.2987222 0.5699677 0.2944641 0.5385366 0.2925105 0.5520785 0.2806769 0.5699677 0.2944641 0.570479 0.2855481 0.4890757 0.2811764 0.5385366 0.2925105 0.5520785 0.2806769 0.4371849 0.2920174 0.4890757 0.2811764 0.4323611 0.2789496 0.4919616 0.2964489 0.4890757 0.2811764 0.4371849 0.2920174 0.467564 0.2644715 0.4890757 0.2811764 0.4970806 0.2714323 0.467564 0.2644715 0.4970806 0.2714323 0.4953072 0.2631797 0.4970806 0.2714323 0.5463792 0.2691603 0.5385811 0.2617709 0.5520785 0.2806769 0.4970806 0.2714323 0.4890757 0.2811764 0.5717779 0.2706667 0.5463792 0.2691603 0.5520785 0.2806769 0.5520785 0.2806769 0.570479 0.2855481 0.5717779 0.2706667 0.5657351 0.3101535 0.5700601 0.3029623 0.5436114 0.3003519 0.4809257 0.3063387 0.4919616 0.2964489 0.4227352 0.3000974 0.431872 0.310584 0.4227352 0.3000974 0.3992372 0.3063204 0.4786489 0.3174177 0.4809257 0.3063387 0.431872 0.310584 0.5657351 0.3101535 0.4786489 0.3174177 0.5397661 0.3176949 0.5664715 0.3197995 0.5446684 0.3226552 0.576 0.324 0.576 0.324 0.5446684 0.3226552 0.5624677 0.3257651 0.5446684 0.3226552 0.5268122 0.3248177 0.5624677 0.3257651 0.5268122 0.3248177 0.4874615 0.322441 0.4775 0.325 0.4775 0.325 0.4874615 0.322441 0.4338561 0.3272989 0.4338561 0.3272989 0.4786489 0.3174177 0.431872 0.310584 0.4786489 0.3174177 0.4874615 0.322441 0.5397661 0.3176949 0.431872 0.310584 0.3992372 0.3063204 0.4075981 0.3286992 0.4000275 0.2943599 0.4227352 0.3000974 0.4371849 0.2920174 0.4000275 0.2943599 0.3826189 0.302015 0.3992372 0.3063204 0.3718198 0.3144597 0.3552428 0.3056903 0.3543876 0.3146454 0.3826189 0.302015 0.3552428 0.3056903 0.3718198 0.3144597 0.3718198 0.3144597 0.3543876 0.3146454 0.3487533 0.3241167 0.3718198 0.3144597 0.3565425 0.3285712 0.3679391 0.3289972 0.347 0.331 0.3565425 0.3285712 0.3487533 0.3241167 0.3679391 0.3289972 0.3938199 0.3281791 0.3718198 0.3144597 0.3718198 0.3144597 0.3938199 0.3281791 0.3992372 0.3063204 0.3938199 0.3281791 0.4075981 0.3286992 0.3992372 0.3063204 0.3770965 0.2955287 0.3612725 0.2966842 0.3826189 0.302015 0.3612725 0.2966842 0.3770965 0.2955287 0.3696332 0.2886121 0.3824535 0.2879713 0.4058071 0.2835834 0.3821967 0.2786568 0.3770965 0.2955287 0.4000275 0.2943599 0.3824535 0.2879713 0.4323611 0.2789496 0.4005442 0.2705415 0.4058071 0.2835834 0.3977606 0.2616813 0.381996 0.2516407 0.3771443 0.2627294 0.4033356 0.2543541 0.381996 0.2516407 0.3977606 0.2616813 0.368459 0.2681143 0.3771443 0.2627294 0.3612882 0.2475728 0.3696332 0.2886121 0.3821967 0.2786568 0.3697879 0.2790303 0.3697879 0.2790303 0.3821967 0.2786568 0.368459 0.2681143 0.368459 0.2681143 0.3821967 0.2786568 0.3771443 0.2627294 0.4058071 0.2835834 0.4371849 0.2920174 0.4323611 0.2789496 0.4005442 0.2705415 0.4323611 0.2789496 0.4262911 0.2639608 0.3977606 0.2616813 0.4005442 0.2705415 0.4262911 0.2639608 0.3977606 0.2616813 0.4262911 0.2639608 0.4033356 0.2543541 0.4033356 0.2543541 0.4262911 0.2639608 0.4260933 0.2512107 0.426634 0.2378482 0.4073744 0.2425516 0.4260933 0.2512107 0.4260933 0.2512107 0.4073744 0.2425516 0.4033356 0.2543541 0.4073744 0.2425516 0.381996 0.2516407 0.4033356 0.2543541 0.3584809 0.237554 0.381996 0.2516407 0.3895081 0.2365602 0.4768674 0.2447856 0.4260933 0.2512107 0.4572948 0.256664 0.426634 0.2378482 0.4260933 0.2512107 0.4768674 0.2447856 0.5717779 0.2706667 0.5689986 0.2556101 0.5463792 0.2691603 0.5385811 0.2617709 0.5689986 0.2556101 0.54897 0.2513092 0.5463792 0.2691603 0.5689986 0.2556101 0.5385811 0.2617709 0.5385811 0.2617709 0.54897 0.2513092 0.5010617 0.2514913 0.4953072 0.2631797 0.5010617 0.2514913 0.4572948 0.256664 0.5010617 0.2514913 0.4953072 0.2631797 0.5385811 0.2617709 0.467564 0.2644715 0.4572948 0.256664 0.4456925 0.2668352 0.467564 0.2644715 0.4456925 0.2668352 0.4890757 0.2811764 0.4890757 0.2811764 0.4456925 0.2668352 0.4323611 0.2789496 0.4262911 0.2639608 0.4572948 0.256664 0.4260933 0.2512107 0.4768674 0.2447856 0.5010617 0.2514913 0.5097538 0.2428338 0.5010617 0.2514913 0.4768674 0.2447856 0.4572948 0.256664 0.4909418 0.08599996 0.4788527 0.08859312 0.4914075 0.09650319 0.4914075 0.09650319 0.4706748 0.09345489 0.4722094 0.1079466 0.4826126 0.1565341 0.4744769 0.1480392 0.4712223 0.1605 0.4973962 0.1475533 0.4744769 0.1480392 0.4826126 0.1565341 0.6074211 0.1688152 0.63087 0.1796548 0.6644449 0.156171 0.6074211 0.1688152 0.5843091 0.1770246 0.63087 0.1796548 0.63087 0.1796548 0.5843091 0.1770246 0.5931597 0.1844742 0.6074211 0.1688152 0.533827 0.1684173 0.5843091 0.1770246 0.5843091 0.1770246 0.533827 0.1684173 0.5376562 0.181052 0.506271 0.1696393 0.5376562 0.181052 0.533827 0.1684173 0.5009761 0.180243 0.5376562 0.181052 0.506271 0.1696393 0.4768525 0.1719993 0.5009761 0.180243 0.506271 0.1696393 0.4760352 0.188 0.5009761 0.180243 0.4764522 0.1782518 0.4764522 0.1782518 0.5009761 0.180243 0.4768525 0.1719993 0.4967243 0.1625321 0.506271 0.1696393 0.5171218 0.1565272 0.4768525 0.1719993 0.4825978 0.1640971 0.4712223 0.1605 0.4712223 0.1605 0.4825978 0.1640971 0.4826126 0.1565341 0.4967243 0.1625321 0.4825978 0.1640971 0.4768525 0.1719993 0.506271 0.1696393 0.4967243 0.1625321 0.4768525 0.1719993 0.4973962 0.1475533 0.5171218 0.1565272 0.5180075 0.1452007 0.4826126 0.1565341 0.5171218 0.1565272 0.4973962 0.1475533 0.5627279 0.1526679 0.5171218 0.1565272 0.533827 0.1684173 0.5180075 0.1452007 0.5171218 0.1565272 0.5627279 0.1526679 0.5180075 0.1452007 0.5627279 0.1526679 0.5528984 0.1442703 0.596017 0.1560019 0.6074211 0.1688152 0.6644449 0.156171 0.5627279 0.1526679 0.596017 0.1560019 0.5528984 0.1442703 0.6074211 0.1688152 0.596017 0.1560019 0.5627279 0.1526679 0.6499695 0.1480665 0.596017 0.1560019 0.6644449 0.156171 0.6462672 0.1365846 0.6114224 0.1465107 0.6499695 0.1480665 0.596017 0.1560019 0.6114224 0.1465107 0.5528984 0.1442703 0.6876135 0.1404131 0.6499695 0.1480665 0.6644449 0.156171 0.6776844 0.133758 0.6499695 0.1480665 0.6876135 0.1404131 0.7019472 0.1361808 0.6876135 0.1404131 0.7003 0.1568467 0.5286689 0.1405057 0.5618786 0.1316927 0.5212096 0.1228994 0.5180075 0.1452007 0.5528984 0.1442703 0.5286689 0.1405057 0.5286689 0.1405057 0.5077842 0.1343381 0.5180075 0.1452007 0.5212096 0.1228994 0.5077842 0.1343381 0.5286689 0.1405057 0.5077842 0.1343381 0.5212096 0.1228994 0.4908821 0.1222232 0.4718614 0.1321377 0.5077842 0.1343381 0.4908821 0.1222232 0.4973962 0.1475533 0.5077842 0.1343381 0.4718614 0.1321377 0.5180075 0.1452007 0.5077842 0.1343381 0.4973962 0.1475533 0.5212096 0.1228994 0.5282441 0.1128696 0.5081 0.106137 0.5081 0.106137 0.5282441 0.1128696 0.5283865 0.1007376 0.700389 0.1192203 0.6488352 0.1016039 0.6224672 0.1256972 0.700389 0.1192203 0.6462672 0.1365846 0.6776844 0.133758 0.595567 0.137525 0.6114224 0.1465107 0.6462672 0.1365846 0.5528984 0.1442703 0.595567 0.137525 0.5618786 0.1316927 0.5846903 0.1177817 0.5282441 0.1128696 0.5212096 0.1228994 0.5563378 0.09858697 0.5282441 0.1128696 0.5846903 0.1177817 0.5283865 0.1007376 0.5282441 0.1128696 0.5563378 0.09858697 0.5283865 0.1007376 0.5563378 0.09858697 0.533 0.08599996 0.5109658 0.09256184 0.5283865 0.1007376 0.533 0.08599996 0.5081 0.106137 0.5283865 0.1007376 0.5109658 0.09256184 0.4914075 0.09650319 0.5109658 0.09256184 0.4909418 0.08599996 0.4718614 0.1321377 0.4908821 0.1222232 0.4722094 0.1079466 0.5846903 0.1177817 0.5986509 0.0972858 0.5563378 0.09858697 0.6224672 0.1256972 0.5986509 0.0972858 0.5846903 0.1177817 0.5534319 0.08600002 0.5563378 0.09858697 0.5986509 0.0972858 0.5563378 0.09858697 0.5534319 0.08600002 0.533 0.08599996 0.6747667 0.1693899 0.6890001 0.1695 0.6904931 0.1599291 0.7012908 0.1251608 0.700389 0.1192203 0.6776844 0.133758 0.6833843 0.1039379 0.700389 0.1192203 0.6990066 0.1090115 0.5520785 0.2806769 0.5385366 0.2925105 0.5699677 0.2944641 0.4919616 0.2964489 0.5385366 0.2925105 0.4890757 0.2811764 0.5385811 0.2617709 0.4953072 0.2631797 0.4970806 0.2714323 0.5520785 0.2806769 0.5463792 0.2691603 0.4970806 0.2714323 0.5436114 0.3003519 0.5700601 0.3029623 0.5681574 0.2987222 0.5385366 0.2925105 0.5436114 0.3003519 0.5681574 0.2987222 0.5657351 0.3101535 0.5397661 0.3176949 0.5738001 0.3162879 0.5397661 0.3176949 0.5664715 0.3197995 0.5738001 0.3162879 0.5436114 0.3003519 0.4809257 0.3063387 0.5657351 0.3101535 0.5436114 0.3003519 0.4919616 0.2964489 0.4809257 0.3063387 0.4227352 0.3000974 0.431872 0.310584 0.4809257 0.3063387 0.5657351 0.3101535 0.4809257 0.3063387 0.4786489 0.3174177 0.5397661 0.3176949 0.5446684 0.3226552 0.5664715 0.3197995 0.5397661 0.3176949 0.4874615 0.322441 0.5446684 0.3226552 0.5268122 0.3248177 0.5446684 0.3226552 0.4874615 0.322441 0.4338561 0.3272989 0.4874615 0.322441 0.4786489 0.3174177 0.4338561 0.3272989 0.431872 0.310584 0.4075981 0.3286992 0.3992372 0.3063204 0.4227352 0.3000974 0.4000275 0.2943599 0.3770965 0.2955287 0.3826189 0.302015 0.4000275 0.2943599 0.3992372 0.3063204 0.3826189 0.302015 0.3718198 0.3144597 0.3718198 0.3144597 0.3487533 0.3241167 0.3565425 0.3285712 0.3826189 0.302015 0.3612725 0.2966842 0.3552428 0.3056903 0.3696332 0.2886121 0.3770965 0.2955287 0.3824535 0.2879713 0.3824535 0.2879713 0.4000275 0.2943599 0.4058071 0.2835834 0.4371849 0.2920174 0.4058071 0.2835834 0.4000275 0.2943599 0.3821967 0.2786568 0.4058071 0.2835834 0.4005442 0.2705415 0.3771443 0.2627294 0.3821967 0.2786568 0.4005442 0.2705415 0.3771443 0.2627294 0.4005442 0.2705415 0.3977606 0.2616813 0.3612882 0.2475728 0.3771443 0.2627294 0.381996 0.2516407 0.3696332 0.2886121 0.3824535 0.2879713 0.3821967 0.2786568 0.5385366 0.2925105 0.4919616 0.2964489 0.5436114 0.3003519 0.4227352 0.3000974 0.4919616 0.2964489 0.4371849 0.2920174 0.3895081 0.2365602 0.381996 0.2516407 0.4073744 0.2425516 0.3584809 0.237554 0.3612882 0.2475728 0.381996 0.2516407 0.4572948 0.256664 0.467564 0.2644715 0.4953072 0.2631797 0.4262911 0.2639608 0.4323611 0.2789496 0.4456925 0.2668352 0.4456925 0.2668352 0.4572948 0.256664 0.4262911 0.2639608 0.5010617 0.2514913 0.54897 0.2513092 0.5097538 0.2428338 0.469 0.08699995 0.4706748 0.09345489 0.4788527 0.08859312 0.4914075 0.09650319 0.4788527 0.08859312 0.4706748 0.09345489 0.4973962 0.1475533 0.4718614 0.1321377 0.4759266 0.139917 0.4973962 0.1475533 0.4759266 0.139917 0.4744769 0.1480392 0.63087 0.1796548 0.6747667 0.1693899 0.6644449 0.156171 0.5376562 0.181052 0.5931597 0.1844742 0.5843091 0.1770246 0.531 0.187 0.5376562 0.181052 0.5009761 0.180243 0.533827 0.1684173 0.5171218 0.1565272 0.506271 0.1696393 0.4826126 0.1565341 0.4825978 0.1640971 0.4967243 0.1625321 0.4826126 0.1565341 0.4967243 0.1625321 0.5171218 0.1565272 0.533827 0.1684173 0.6074211 0.1688152 0.5627279 0.1526679 0.6499695 0.1480665 0.6114224 0.1465107 0.596017 0.1560019 0.6776844 0.133758 0.6462672 0.1365846 0.6499695 0.1480665 0.6644449 0.156171 0.7003 0.1568467 0.6876135 0.1404131 0.5286689 0.1405057 0.5528984 0.1442703 0.5618786 0.1316927 0.4874755 0.1076633 0.4908821 0.1222232 0.5081 0.106137 0.5212096 0.1228994 0.5081 0.106137 0.4908821 0.1222232 0.700389 0.1192203 0.6833843 0.1039379 0.6488352 0.1016039 0.700389 0.1192203 0.6224672 0.1256972 0.6462672 0.1365846 0.6462672 0.1365846 0.6224672 0.1256972 0.595567 0.137525 0.5618786 0.1316927 0.595567 0.137525 0.6224672 0.1256972 0.5528984 0.1442703 0.6114224 0.1465107 0.595567 0.137525 0.5212096 0.1228994 0.5618786 0.1316927 0.5846903 0.1177817 0.533 0.08599996 0.5202878 0.08600002 0.5109658 0.09256184 0.5202878 0.08600002 0.4909418 0.08599996 0.5109658 0.09256184 0.5081 0.106137 0.5109658 0.09256184 0.4914075 0.09650319 0.4874755 0.1076633 0.5081 0.106137 0.4914075 0.09650319 0.4722094 0.1079466 0.4874755 0.1076633 0.4914075 0.09650319 0.4722094 0.1079466 0.4908821 0.1222232 0.4874755 0.1076633 0.5618786 0.1316927 0.6224672 0.1256972 0.5846903 0.1177817 0.6224672 0.1256972 0.6488352 0.1016039 0.5986509 0.0972858</float_array>
          <technique_common>
            <accessor source="#GanondorfBracerLeft_LOD1-mesh-map-0-array" count="609" stride="2">
              <param name="S" type="float"/>
              <param name="T" type="float"/>
            </accessor>
          </technique_common>
        </source>
        <vertices id="GanondorfBracerLeft_LOD1-mesh-vertices">
          <input semantic="POSITION" source="#GanondorfBracerLeft_LOD1-mesh-positions"/>
        </vertices>
        <triangles material="Bracer-material" count="203">
          <input semantic="VERTEX" source="#GanondorfBracerLeft_LOD1-mesh-vertices" offset="0"/>
          <input semantic="NORMAL" source="#GanondorfBracerLeft_LOD1-mesh-normals" offset="1"/>
          <input semantic="TEXCOORD" source="#GanondorfBracerLeft_LOD1-mesh-map-0" offset="2" set="0"/>
          <p>65 0 0 107 1 1 108 2 2 2 3 3 107 1 4 65 0 5 93 4 6 92 5 7 14 6 8 97 7 9 93 4 10 14 6 11 17 8 12 52 9 13 39 10 14 47 11 15 52 9 16 26 12 17 57 13 18 39 10 19 47 11 20 69 14 21 57 13 22 32 15 23 73 16 24 57 13 25 69 14 26 76 17 27 57 13 28 61 18 29 76 17 30 61 18 31 49 19 32 61 18 33 71 20 34 109 21 35 47 11 36 61 18 37 57 13 38 27 22 39 71 20 40 47 11 41 47 11 42 26 12 43 27 22 44 23 23 45 55 24 46 31 25 47 83 26 48 73 16 49 13 27 50 24 28 51 13 27 52 30 29 53 91 30 54 83 26 55 24 28 56 23 23 57 91 30 58 38 31 59 46 32 60 75 33 61 16 34 62 16 34 63 75 33 64 5 35 65 75 33 66 4 36 67 5 35 68 4 36 69 110 37 70 103 38 71 103 38 72 110 37 73 8 39 74 8 39 75 91 30 76 24 28 77 91 30 78 110 37 79 38 31 80 24 28 81 30 29 82 15 40 83 86 41 84 13 27 85 69 14 86 86 41 87 60 42 88 30 29 89 22 43 90 37 44 91 54 45 92 60 42 93 37 44 94 22 43 95 22 43 96 54 45 97 114 46 98 22 43 99 111 47 100 82 48 101 0 49 102 111 47 103 114 46 104 82 48 105 3 50 106 22 43 107 22 43 108 3 50 109 30 29 110 3 50 111 15 40 112 30 29 113 102 51 114 99 52 115 60 42 116 99 52 117 102 51 118 20 53 119 58 54 120 100 55 121 94 56 122 102 51 123 86 41 124 58 54 125 32 15 126 53 57 127 100 55 128 88 58 129 56 59 130 36 60 131 50 61 132 56 59 133 88 58 134 19 62 135 36 60 136 34 63 137 20 53 138 94 56 139 29 64 140 29 64 141 94 56 142 19 62 143 19 62 144 94 56 145 36 60 146 100 55 147 69 14 148 32 15 149 53 57 150 32 15 151 98 65 152 88 58 153 53 57 154 98 65 155 88 58 156 98 65 157 50 61 158 50 61 159 98 65 160 115 66 161 96 67 162 7 68 163 115 66 164 115 66 165 7 68 166 50 61 167 7 68 168 56 59 169 50 61 170 104 69 171 56 59 172 112 70 173 1 71 174 115 66 175 74 72 176 96 67 177 115 66 178 1 71 179 27 22 180 106 73 181 71 20 182 109 21 183 106 73 184 2 3 185 71 20 186 106 73 187 109 21 188 109 21 189 2 3 190 42 74 191 49 19 192 42 74 193 74 72 194 42 74 195 49 19 196 109 21 197 76 17 198 74 72 199 28 75 200 76 17 201 28 75 202 57 13 203 57 13 204 28 75 205 32 15 206 98 65 207 74 72 208 115 66 209 1 71 210 42 74 211 6 76 212 42 74 213 1 71 214 74 72 215 82 48 216 111 47 217 113 77 218 113 77 219 63 78 220 12 79 221 85 80 222 84 81 223 18 82 224 89 83 225 84 81 226 85 80 227 81 84 228 6 76 229 65 0 230 81 84 231 117 85 232 6 76 233 6 76 234 117 85 235 1 71 236 81 84 237 10 86 238 117 85 239 117 85 240 10 86 241 96 67 242 68 87 243 96 67 244 10 86 245 112 70 246 96 67 247 68 87 248 87 88 249 112 70 250 68 87 251 104 69 252 112 70 253 62 89 254 62 89 255 112 70 256 87 88 257 95 90 258 68 87 259 80 91 260 87 88 261 72 92 262 18 82 263 18 82 264 72 92 265 85 80 266 95 90 267 72 92 268 87 88 269 68 87 270 95 90 271 87 88 272 89 83 273 80 91 274 21 93 275 85 80 276 80 91 277 89 83 278 44 94 279 80 91 280 10 86 281 21 93 282 80 91 283 44 94 284 21 93 285 44 94 286 43 95 287 77 96 288 81 84 289 65 0 290 44 94 291 77 96 292 43 95 293 81 84 294 77 96 295 44 94 296 70 97 297 77 96 298 65 0 299 59 98 300 78 99 301 70 97 302 77 96 303 78 99 304 43 95 305 92 5 306 70 97 307 65 0 308 93 4 309 70 97 310 92 5 311 14 6 312 92 5 313 108 2 314 48 100 315 9 101 316 33 102 317 21 93 318 43 95 319 48 100 320 48 100 321 41 103 322 21 93 323 33 102 324 41 103 325 48 100 326 41 103 327 33 102 328 11 104 329 35 105 330 41 103 331 11 104 332 89 83 333 41 103 334 35 105 335 21 93 336 41 103 337 89 83 338 33 102 339 40 106 340 101 107 341 101 107 342 40 106 343 45 108 344 25 109 345 4 36 346 66 110 347 25 109 348 59 98 349 93 4 350 67 111 351 78 99 352 59 98 353 43 95 354 67 111 355 9 101 356 64 112 357 40 106 358 33 102 359 116 113 360 40 106 361 64 112 362 45 108 363 40 106 364 116 113 365 45 108 366 116 113 367 15 40 368 105 114 369 45 108 370 15 40 371 101 107 372 45 108 373 105 114 374 113 77 375 105 114 376 82 48 377 35 105 378 11 104 379 12 79 380 64 112 381 103 38 382 116 113 383 66 110 384 103 38 385 64 112 386 8 39 387 116 113 388 103 38 389 116 113 390 8 39 391 15 40 392 2 3 393 106 73 394 107 1 395 97 7 396 25 109 397 93 4 398 5 35 399 25 109 400 16 34 401 47 11 402 39 10 403 52 9 404 73 16 405 39 10 406 57 13 407 109 21 408 49 19 409 61 18 410 47 11 411 71 20 412 61 18 413 31 25 414 55 24 415 17 8 416 39 10 417 31 25 418 17 8 419 23 23 420 38 31 421 90 115 422 38 31 423 46 32 424 90 115 425 31 25 426 83 26 427 23 23 428 31 25 429 73 16 430 83 26 431 13 27 432 24 28 433 83 26 434 23 23 435 83 26 436 91 30 437 38 31 438 75 33 439 46 32 440 38 31 441 110 37 442 75 33 443 4 36 444 75 33 445 110 37 446 8 39 447 110 37 448 91 30 449 8 39 450 24 28 451 15 40 452 30 29 453 13 27 454 86 41 455 102 51 456 60 42 457 86 41 458 30 29 459 60 42 460 22 43 461 22 43 462 114 46 463 111 47 464 60 42 465 99 52 466 37 44 467 20 53 468 102 51 469 58 54 470 58 54 471 86 41 472 100 55 473 69 14 474 100 55 475 86 41 476 94 56 477 100 55 478 53 57 479 36 60 480 94 56 481 53 57 482 36 60 483 53 57 484 88 58 485 34 63 486 36 60 487 56 59 488 20 53 489 58 54 490 94 56 491 39 10 492 73 16 493 31 25 494 13 27 495 73 16 496 69 14 497 112 70 498 56 59 499 7 68 500 104 69 501 34 63 502 56 59 503 74 72 504 76 17 505 49 19 506 98 65 507 32 15 508 28 75 509 28 75 510 74 72 511 98 65 512 42 74 513 2 3 514 6 76 515 0 49 516 63 78 517 111 47 518 113 77 519 111 47 520 63 78 521 89 83 522 35 105 523 79 116 524 89 83 525 79 116 526 84 81 527 6 76 528 2 3 529 65 0 530 96 67 531 1 71 532 117 85 533 7 68 534 96 67 535 112 70 536 10 86 537 80 91 538 68 87 539 85 80 540 72 92 541 95 90 542 85 80 543 95 90 544 80 91 545 10 86 546 81 84 547 44 94 548 70 97 549 78 99 550 77 96 551 93 4 552 59 98 553 70 97 554 65 0 555 108 2 556 92 5 557 48 100 558 43 95 559 9 101 560 51 117 561 11 104 562 101 107 563 33 102 564 101 107 565 11 104 566 25 109 567 5 35 568 4 36 569 25 109 570 66 110 571 59 98 572 59 98 573 66 110 574 67 111 575 9 101 576 67 111 577 66 110 578 43 95 579 78 99 580 67 111 581 33 102 582 9 101 583 64 112 584 15 40 585 3 50 586 105 114 587 3 50 588 82 48 589 105 114 590 101 107 591 105 114 592 113 77 593 51 117 594 101 107 595 113 77 596 12 79 597 51 117 598 113 77 599 12 79 600 11 104 601 51 117 602 9 101 603 66 110 604 64 112 605 66 110 606 4 36 607 103 38 608</p>
        </triangles>
      </mesh>
    </geometry>
  </library_geometries>
  <library_controllers>
    <controller id="GanondorfRig_GanondorfBracerLeft_LOD1-skin" name="GanondorfRig">
      <skin source="#GanondorfBracerLeft_LOD1-mesh">
        <bind_shape_matrix>1 0 0 0 0 1 0 0 0 0 1 0 0 0 0 1</bind_shape_matrix>
        <source id="GanondorfRig_GanondorfBracerLeft_LOD1-skin-joints">
          <Name_array id="GanondorfRig_GanondorfBracerLeft_LOD1-skin-joints-array" count="4">mShoulderLeft L_UPPER_ARM mElbowLeft L_LOWER_ARM</Name_array>
          <technique_common>
            <accessor source="#GanondorfRig_GanondorfBracerLeft_LOD1-skin-joints-array" count="4" stride="1">
              <param name="JOINT" type="name"/>
            </accessor>
          </technique_common>
        </source>
        <source id="GanondorfRig_GanondorfBracerLeft_LOD1-skin-bind_poses">
          <float_array id="GanondorfRig_GanondorfBracerLeft_LOD1-skin-bind_poses-array" count="64">1 0 0 0.03599995 0 1 0 -0.164 0 0 1 -1.521 0 0 0 1 1 0 0 0.03599995 0 1 0 -0.284 0 0 1 -1.531 0 0 0 1 1 0 0 0.03599995 0 1 0 -0.412 0 0 1 -1.521 0 0 0 1 1 0 0 0.03599995 0 1 0 -0.512 0 0 1 -1.521 0 0 0 1</float_array>
          <technique_common>
            <accessor source="#GanondorfRig_GanondorfBracerLeft_LOD1-skin-bind_poses-array" count="4" stride="16">
              <param name="TRANSFORM" type="float4x4"/>
            </accessor>
          </technique_common>
        </source>
        <source id="GanondorfRig_GanondorfBracerLeft_LOD1-skin-weights">
          <float_array id="GanondorfRig_GanondorfBracerLeft_LOD1-skin-weights-array" count="322">0.25 0.25 0.25 0.25 0.03436553 0.03436553 0.4656344 0.4656344 0.5 0.5 0.5 0.5 0.5 0.5 0.5 0.5 0.5 0.5 0.4074496 0.4074496 0.09255039 0.09255039 0.5 0.5 0.02378672 0.02378672 0.4762133 0.4762133 0.378427 0.378427 0.121573 0.121573 0.214274 0.214274 0.285726 0.285726 0.3040037 0.3040037 0.1959963 0.1959963 0.5 0.5 0.5 0.5 0.5 0.5 0.5 0.5 0.5 0.5 0.5 0.5 0.5 0.5 0.3276619 0.3276619 0.172338 0.172338 0.3677671 0.3677671 0.1322329 0.1322329 0.5 0.5 0.5 0.5 0.5 0.5 0.5 0.5 0.5 0.5 0.5 0.5 0.5 0.5 0.5 0.5 0.5 0.5 0.5 0.5 0.5 0.5 0.5 0.5 0.5 0.5 0.4858299 0.4858299 0.01417011 0.01417011 0.5 0.5 0.1885975 0.1885975 0.3114025 0.3114025 0.5 0.5 0.5 0.5 0.5 0.5 0.2369401 0.2369401 0.2630599 0.2630599 0.5 0.5 0.1568041 0.1568041 0.3431959 0.3431959 0.1514881 0.1514881 0.3485118 0.3485118 0.5 0.5 0.5 0.5 0.5 0.5 0.2015763 0.2015763 0.2984237 0.2984237 0.5 0.5 0.4051592 0.4051592 0.09484076 0.09484076 0.1138674 0.1138674 0.3861326 0.3861326 0.5 0.5 0.2758703 0.2758703 0.2241297 0.2241297 0.1698026 0.1698026 0.3301974 0.3301974 0.5 0.5 0.5 0.5 0.5 0.5 0.2163806 0.2163806 0.2836194 0.2836194 0.5 0.5 0.5 0.5 0.5 0.5 0.5 0.5 0.25 0.25 0.25 0.25 0.5 0.5 0.5 0.5 0.5 0.5 0.03192859 0.03192859 0.4680714 0.4680714 0.4916209 0.4916209 0.008379042 0.008379042 0.5 0.5 0.5 0.5 0.5 0.5 0.5 0.5 0.5 0.5 0.05178469 0.05178469 0.4482153 0.4482153 0.5 0.5 0.5 0.5 0.06597512 0.06597512 0.4340249 0.4340249 0.03965431 0.03965431 0.4603457 0.4603457 0.5 0.5 0.4271758 0.4271758 0.07282418 0.07282418 0.03657585 0.03657585 0.4634241 0.4634241 0.5 0.5 0.5 0.5 0.5 0.5 0.5 0.5 0.01908147 0.01908147 0.4809185 0.4809185 0.5 0.5 0.3891997 0.3891997 0.1108003 0.1108003 0.4602904 0.4602904 0.0397095 0.0397095 0.5 0.5 0.5 0.5 0.5 0.5 0.5 0.5 0.3904567 0.3904567 0.1095433 0.1095433 0.5 0.5 0.3327114 0.3327114 0.1672886 0.1672886 0.5 0.5 0.09443289 0.09443289 0.4055671 0.4055671 0.293919 0.293919 0.2060809 0.2060809 0.0828129 0.0828129 0.4171871 0.4171871 0.5 0.5 0.1063675 0.1063675 0.3936324 0.3936324 0.5 0.5 0.5 0.5 0.5 0.5 0.5 0.5 0.5 0.5 0.5 0.5 0.5 0.5 0.5 0.5 0.1494526 0.1494526 0.3505474 0.3505474 0.4959402 0.4959402 0.004059791 0.004059791 0.02570873 0.02570873 0.4742913 0.4742913 0.2436915 0.2436915 0.2563085 0.2563085 0.2762706 0.2762706 0.2237294 0.2237294 0.5 0.5 0.07845276 0.07845276 0.4215472 0.4215472</float_array>
          <technique_common>
            <accessor source="#GanondorfRig_GanondorfBracerLeft_LOD1-skin-weights-array" count="322" stride="1">
              <param name="WEIGHT" type="float"/>
            </accessor>
          </technique_common>
        </source>
        <joints>
          <input semantic="JOINT" source="#GanondorfRig_GanondorfBracerLeft_LOD1-skin-joints"/>
          <input semantic="INV_BIND_MATRIX" source="#GanondorfRig_GanondorfBracerLeft_LOD1-skin-bind_poses"/>
        </joints>
        <vertex_weights count="118">
          <input semantic="JOINT" source="#GanondorfRig_GanondorfBracerLeft_LOD1-skin-joints" offset="0"/>
          <input semantic="WEIGHT" source="#GanondorfRig_GanondorfBracerLeft_LOD1-skin-weights" offset="1"/>
          <vcount>4 4 2 2 2 2 2 4 2 4 4 4 4 2 2 2 2 2 2 2 4 4 2 2 2 2 2 2 2 2 2 2 2 2 2 4 2 4 2 2 2 4 2 4 4 2 2 2 4 2 4 4 2 4 4 2 2 2 4 2 2 2 2 4 2 2 2 4 4 2 2 2 2 2 4 2 2 4 4 2 4 4 2 2 2 2 4 2 4 4 2 2 2 2 4 2 4 2 4 4 4 2 4 2 2 2 2 2 2 2 2 4 4 4 4 4 2 4 </vcount>
          <v>0 0 1 1 2 2 3 3 0 4 1 5 2 6 3 7 2 8 3 9 2 10 3 11 2 12 3 13 2 14 3 15 2 16 3 17 0 18 1 19 2 20 3 21 2 22 3 23 0 24 1 25 2 26 3 27 0 28 1 29 2 30 3 31 0 32 1 33 2 34 3 35 0 36 1 37 2 38 3 39 2 40 3 41 2 42 3 43 2 44 3 45 2 46 3 47 2 48 3 49 0 50 1 51 0 52 1 53 0 54 1 55 2 56 3 57 0 58 1 59 2 60 3 61 2 62 3 63 2 64 3 65 2 66 3 67 2 68 3 69 2 70 3 71 2 72 3 73 2 74 3 75 0 76 1 77 2 78 3 79 2 80 3 81 2 82 3 83 2 84 3 85 0 86 1 87 0 88 1 89 2 90 3 91 0 92 1 93 0 94 1 95 2 96 3 97 2 98 3 99 2 100 3 101 2 102 3 103 0 104 1 105 2 106 3 107 2 108 3 109 0 110 1 111 2 112 3 113 0 114 1 115 2 116 3 117 2 118 3 119 2 120 3 121 2 122 3 123 0 124 1 125 2 126 3 127 2 128 3 129 0 130 1 131 2 132 3 133 0 134 1 135 2 136 3 137 2 138 3 139 0 140 1 141 2 142 3 143 0 144 1 145 2 146 3 147 2 148 3 149 0 150 1 151 2 152 3 153 0 154 1 155 2 156 3 157 2 158 3 159 2 160 3 161 2 162 3 163 0 164 1 165 0 166 1 167 2 168 3 169 2 170 3 171 2 172 3 173 2 174 3 175 0 176 1 177 2 178 3 179 0 180 1 181 2 182 3 183 2 184 3 185 2 186 3 187 2 188 3 189 0 190 1 191 2 192 3 193 0 194 1 195 2 196 3 197 2 198 3 199 2 200 3 201 0 202 1 203 2 204 3 205 0 206 1 207 2 208 3 209 0 210 1 211 0 212 1 213 2 214 3 215 0 216 1 217 2 218 3 219 2 220 3 221 2 222 3 223 0 224 1 225 0 226 1 227 0 228 1 229 2 230 3 231 0 232 1 233 0 234 1 235 2 236 3 237 0 238 1 239 2 240 3 241 2 242 3 243 2 244 3 245 2 246 3 247 2 248 3 249 0 250 1 251 2 252 3 253 0 254 1 255 0 256 1 257 2 258 3 259 2 260 3 261 0 262 1 263 2 264 3 265 0 266 1 267 2 268 3 269 0 270 1 271 2 272 3 273 2 274 3 275 0 276 1 277 2 278 3 279 2 280 3 281 0 282 1 283 2 284 3 285 2 286 3 287 2 288 3 289 2 290 3 291 2 292 3 293 2 294 3 295 0 296 1 297 2 298 3 299 0 300 1 301 2 302 3 303 0 304 1 305 2 306 3 307 0 308 1 309 2 310 3 311 0 312 1 313 2 314 3 315 2 316 3 317 0 318 1 319 2 320 3 321</v>
        </vertex_weights>
      </skin>
    </controller>
  </library_controllers>
  <library_visual_scenes>
    <visual_scene id="Scene" name="Scene">
      <node id="GanondorfRig" name="GanondorfRig" type="NODE">
        <matrix sid="transform">1 0 0 0 0 1 0 0 0 0 1 0 0 0 0 1</matrix>
        <node id="GanondorfRig_mPelvis" name="mPelvis" sid="mPelvis" type="JOINT">
          <matrix sid="transform">1 0 0 0 0 1 0 0 0 0 1 1.067 0 0 0 1</matrix>
          <node id="GanondorfRig_PELVIS" name="PELVIS" sid="PELVIS" type="JOINT">
            <matrix sid="transform">1 0 0 -0.01 0 1 0 0 0 0 1 -0.01999998 0 0 0 1</matrix>
            <extra>
              <technique profile="blender">
                <layer sid="layer" type="string">0</layer>
                <roll sid="roll" type="float">0.1396263</roll>
                <tip_x sid="tip_x" type="float">0</tip_x>
                <tip_y sid="tip_y" type="float">0.02999997</tip_y>
                <tip_z sid="tip_z" type="float">0</tip_z>
              </technique>
            </extra>
          </node>
          <node id="GanondorfRig_BUTT" name="BUTT" sid="BUTT" type="JOINT">
            <matrix sid="transform">1 0 0 -0.06 0 1 0 0 0 0 1 -0.1 0 0 0 1</matrix>
            <extra>
              <technique profile="blender">
                <layer sid="layer" type="string">0</layer>
                <tip_x sid="tip_x" type="float">0</tip_x>
                <tip_y sid="tip_y" type="float">0.02999997</tip_y>
                <tip_z sid="tip_z" type="float">0</tip_z>
              </technique>
            </extra>
          </node>
          <node id="GanondorfRig_mSpine1" name="mSpine1" sid="mSpine1" type="JOINT">
            <matrix sid="transform">1 0 0 0 0 1 0 0 0 0 1 0.08399999 0 0 0 1</matrix>
            <node id="GanondorfRig_mSpine2" name="mSpine2" sid="mSpine2" type="JOINT">
              <matrix sid="transform">1 0 0 0 0 1 0 0 0 0 1 -0.08399999 0 0 0 1</matrix>
              <node id="GanondorfRig_mTorso" name="mTorso" sid="mTorso" type="JOINT">
                <matrix sid="transform">1 0 0 0 0 1 0 0 0 0 1 0.08399999 0 0 0 1</matrix>
                <node id="GanondorfRig_BELLY" name="BELLY" sid="BELLY" type="JOINT">
                  <matrix sid="transform">1 0 0 0.028 0 1 0 0 0 0 1 0.03999996 0 0 0 1</matrix>
                  <extra>
                    <technique profile="blender">
                      <layer sid="layer" type="string">0</layer>
                      <roll sid="roll" type="float">0.1396263</roll>
                      <tip_x sid="tip_x" type="float">0</tip_x>
                      <tip_y sid="tip_y" type="float">0.02999997</tip_y>
                      <tip_z sid="tip_z" type="float">0</tip_z>
                    </technique>
                  </extra>
                </node>
                <node id="GanondorfRig_LEFT_HANDLE" name="LEFT_HANDLE" sid="LEFT_HANDLE" type="JOINT">
                  <matrix sid="transform">1 0 0 0 0 1 0 0.1 0 0 1 0.05799997 0 0 0 1</matrix>
                  <extra>
                    <technique profile="blender">
                      <layer sid="layer" type="string">0</layer>
                      <tip_x sid="tip_x" type="float">0</tip_x>
                      <tip_y sid="tip_y" type="float">0.02999997</tip_y>
                      <tip_z sid="tip_z" type="float">0</tip_z>
                    </technique>
                  </extra>
                </node>
                <node id="GanondorfRig_RIGHT_HANDLE" name="RIGHT_HANDLE" sid="RIGHT_HANDLE" type="JOINT">
                  <matrix sid="transform">1 0 0 0 0 1 0 -0.09999999 0 0 1 0.05799997 0 0 0 1</matrix>
                  <extra>
                    <technique profile="blender">
                      <layer sid="layer" type="string">0</layer>
                      <tip_x sid="tip_x" type="float">0</tip_x>
                      <tip_y sid="tip_y" type="float">0.02999997</tip_y>
                      <tip_z sid="tip_z" type="float">0</tip_z>
                    </technique>
                  </extra>
                </node>
                <node id="GanondorfRig_LOWER_BACK" name="LOWER_BACK" sid="LOWER_BACK" type="JOINT">
                  <matrix sid="transform">1 0 0 0 0 1 0 0 0 0 1 0.023 0 0 0 1</matrix>
                  <extra>
                    <technique profile="blender">
                      <layer sid="layer" type="string">0</layer>
                      <tip_x sid="tip_x" type="float">0</tip_x>
                      <tip_y sid="tip_y" type="float">0.02999997</tip_y>
                      <tip_z sid="tip_z" type="float">0</tip_z>
                    </technique>
                  </extra>
                </node>
                <node id="GanondorfRig_mSpine3" name="mSpine3" sid="mSpine3" type="JOINT">
                  <matrix sid="transform">1 0 0 -0.015 0 1 0 0 0 0 1 0.2049999 0 0 0 1</matrix>
                  <node id="GanondorfRig_mSpine4" name="mSpine4" sid="mSpine4" type="JOINT">
                    <matrix sid="transform">1 0 0 0.015 0 1 0 0 0 0 1 -0.2049999 0 0 0 1</matrix>
                    <node id="GanondorfRig_mChest" name="mChest" sid="mChest" type="JOINT">
                      <matrix sid="transform">1 0 0 -0.015 0 1 0 0 0 0 1 0.2049999 0 0 0 1</matrix>
                      <node id="GanondorfRig_CHEST" name="CHEST" sid="CHEST" type="JOINT">
                        <matrix sid="transform">1 0 -1.49012e-8 0.028 0 1 0 0 1.49012e-8 0 1 0.07000005 0 0 0 1</matrix>
                        <extra>
                          <technique profile="blender">
                            <layer sid="layer" type="string">0</layer>
                            <roll sid="roll" type="float">-0.1745329</roll>
                            <tip_x sid="tip_x" type="float">0</tip_x>
                            <tip_y sid="tip_y" type="float">0.02999997</tip_y>
                            <tip_z sid="tip_z" type="float">0</tip_z>
                          </technique>
                        </extra>
                      </node>
                      <node id="GanondorfRig_LEFT_PEC" name="LEFT_PEC" sid="LEFT_PEC" type="JOINT">
                        <matrix sid="transform">1 0 0 0.119 0 1 0 0.082 0 0 1 0.04200006 0 0 0 1</matrix>
                        <extra>
                          <technique profile="blender">
                            <layer sid="layer" type="string">0</layer>
                            <roll sid="roll" type="float">0.07487457</roll>
                            <tip_x sid="tip_x" type="float">0</tip_x>
                            <tip_y sid="tip_y" type="float">0.02999997</tip_y>
                            <tip_z sid="tip_z" type="float">0</tip_z>
                          </technique>
                        </extra>
                      </node>
                      <node id="GanondorfRig_RIGHT_PEC" name="RIGHT_PEC" sid="RIGHT_PEC" type="JOINT">
                        <matrix sid="transform">1 0 0 0.119 0 1 0 -0.082 0 0 1 0.04200006 0 0 0 1</matrix>
                        <extra>
                          <technique profile="blender">
                            <layer sid="layer" type="string">0</layer>
                            <roll sid="roll" type="float">0.07487457</roll>
                            <tip_x sid="tip_x" type="float">0</tip_x>
                            <tip_y sid="tip_y" type="float">0.02999997</tip_y>
                            <tip_z sid="tip_z" type="float">0</tip_z>
                          </technique>
                        </extra>
                      </node>
                      <node id="GanondorfRig_UPPER_BACK" name="UPPER_BACK" sid="UPPER_BACK" type="JOINT">
                        <matrix sid="transform">1 0 0 0 0 1 0 0 0 0 1 0.01700008 0 0 0 1</matrix>
                        <extra>
                          <technique profile="blender">
                            <layer sid="layer" type="string">0</layer>
                            <tip_x sid="tip_x" type="float">0</tip_x>
                            <tip_y sid="tip_y" type="float">0.02999997</tip_y>
                            <tip_z sid="tip_z" type="float">0</tip_z>
                          </technique>
                        </extra>
                      </node>
                      <node id="GanondorfRig_mNeck" name="mNeck" sid="mNeck" type="JOINT">
                        <matrix sid="transform">1 0 0 -0.01 0 1 0 0 0 0 1 0.251 0 0 0 1</matrix>
                        <node id="GanondorfRig_NECK" name="NECK" sid="NECK" type="JOINT">
                          <matrix sid="transform">1 0 0 0 0 1 0 0 0 0 1 0.01999998 0 0 0 1</matrix>
                          <extra>
                            <technique profile="blender">
                              <layer sid="layer" type="string">0</layer>
                              <tip_x sid="tip_x" type="float">0</tip_x>
                              <tip_y sid="tip_y" type="float">0.02999997</tip_y>
                              <tip_z sid="tip_z" type="float">0</tip_z>
                            </technique>
                          </extra>
                        </node>
                        <node id="GanondorfRig_mHead" name="mHead" sid="mHead" type="JOINT">
                          <matrix sid="transform">1 0 0 0 0 1 0 0 0 0 1 0.07599998 0 0 0 1</matrix>
                          <node id="GanondorfRig_HEAD" name="HEAD" sid="HEAD" type="JOINT">
                            <matrix sid="transform">1 0 0 0.02 0 1 0 0 0 0 1 0.07000005 0 0 0 1</matrix>
                            <extra>
                              <technique profile="blender">
                                <layer sid="layer" type="string">0</layer>
                                <tip_x sid="tip_x" type="float">0</tip_x>
                                <tip_y sid="tip_y" type="float">0.02999997</tip_y>
                                <tip_z sid="tip_z" type="float">0</tip_z>
                              </technique>
                            </extra>
                          </node>
                          <node id="GanondorfRig_mSkull" name="mSkull" sid="mSkull" type="JOINT">
                            <matrix sid="transform">1 0 0 0 0 1 0 0 0 0 1 0.079 0 0 0 1</matrix>
                            <extra>
                              <technique profile="blender">
                                <layer sid="layer" type="string">0</layer>
                                <tip_x sid="tip_x" type="float">0</tip_x>
                                <tip_y sid="tip_y" type="float">0.02999997</tip_y>
                                <tip_z sid="tip_z" type="float">0</tip_z>
                              </technique>
                            </extra>
                          </node>
                          <node id="GanondorfRig_mEyeRight" name="mEyeRight" sid="mEyeRight" type="JOINT">
                            <matrix sid="transform">1 0 0 0.098 0 1 0 -0.036 0 0 1 0.079 0 0 0 1</matrix>
                            <extra>
                              <technique profile="blender">
                                <layer sid="layer" type="string">0</layer>
                                <tip_x sid="tip_x" type="float">0</tip_x>
                                <tip_y sid="tip_y" type="float">0.02999997</tip_y>
                                <tip_z sid="tip_z" type="float">0</tip_z>
                              </technique>
                            </extra>
                          </node>
                          <node id="GanondorfRig_mEyeLeft" name="mEyeLeft" sid="mEyeLeft" type="JOINT">
                            <matrix sid="transform">1 0 0 0.098 0 1 0 0.036 0 0 1 0.079 0 0 0 1</matrix>
                            <extra>
                              <technique profile="blender">
                                <layer sid="layer" type="string">0</layer>
                                <tip_x sid="tip_x" type="float">0</tip_x>
                                <tip_y sid="tip_y" type="float">0.02999997</tip_y>
                                <tip_z sid="tip_z" type="float">0</tip_z>
                              </technique>
                            </extra>
                          </node>
                          <node id="GanondorfRig_mFaceRoot" name="mFaceRoot" sid="mFaceRoot" type="JOINT">
                            <matrix sid="transform">1 0 0 0.025 0 1 0 0 0 0 1 0.04500008 0 0 0 1</matrix>
                            <node id="GanondorfRig_mFaceEyeAltRight" name="mFaceEyeAltRight" sid="mFaceEyeAltRight" type="JOINT">
                              <matrix sid="transform">1 0 0 0.073 0 1 0 -0.036 0 0 1 0.03399992 0 0 0 1</matrix>
                              <extra>
                                <technique profile="blender">
                                  <layer sid="layer" type="string">0</layer>
                                  <tip_x sid="tip_x" type="float">0</tip_x>
                                  <tip_y sid="tip_y" type="float">0.02999997</tip_y>
                                  <tip_z sid="tip_z" type="float">0</tip_z>
                                </technique>
                              </extra>
                            </node>
                            <node id="GanondorfRig_mFaceEyeAltLeft" name="mFaceEyeAltLeft" sid="mFaceEyeAltLeft" type="JOINT">
                              <matrix sid="transform">1 0 0 0.073 0 1 0 0.036 0 0 1 0.03399992 0 0 0 1</matrix>
                              <extra>
                                <technique profile="blender">
                                  <layer sid="layer" type="string">0</layer>
                                  <tip_x sid="tip_x" type="float">0</tip_x>
                                  <tip_y sid="tip_y" type="float">0.02999997</tip_y>
                                  <tip_z sid="tip_z" type="float">0</tip_z>
                                </technique>
                              </extra>
                            </node>
                            <node id="GanondorfRig_mFaceForeheadLeft" name="mFaceForeheadLeft" sid="mFaceForeheadLeft" type="JOINT">
                              <matrix sid="transform">1 0 0 0.061 0 1 0 0.035 0 0 1 0.08299994 0 0 0 1</matrix>
                              <extra>
                                <technique profile="blender">
                                  <layer sid="layer" type="string">0</layer>
                                  <tip_x sid="tip_x" type="float">0</tip_x>
                                  <tip_y sid="tip_y" type="float">0.02999997</tip_y>
                                  <tip_z sid="tip_z" type="float">0</tip_z>
                                </technique>
                              </extra>
                            </node>
                            <node id="GanondorfRig_mFaceForeheadRight" name="mFaceForeheadRight" sid="mFaceForeheadRight" type="JOINT">
                              <matrix sid="transform">1 0 0 0.061 0 1 0 -0.035 0 0 1 0.08299994 0 0 0 1</matrix>
                              <extra>
                                <technique profile="blender">
                                  <layer sid="layer" type="string">0</layer>
                                  <tip_x sid="tip_x" type="float">0</tip_x>
                                  <tip_y sid="tip_y" type="float">0.02999997</tip_y>
                                  <tip_z sid="tip_z" type="float">0</tip_z>
                                </technique>
                              </extra>
                            </node>
                            <node id="GanondorfRig_mFaceEyebrowOuterLeft" name="mFaceEyebrowOuterLeft" sid="mFaceEyebrowOuterLeft" type="JOINT">
                              <matrix sid="transform">1 0 0 0.064 0 1 0 0.051 0 0 1 0.04799998 0 0 0 1</matrix>
                              <extra>
                                <technique profile="blender">
                                  <layer sid="layer" type="string">0</layer>
                                  <tip_x sid="tip_x" type="float">0</tip_x>
                                  <tip_y sid="tip_y" type="float">0.02999997</tip_y>
                                  <tip_z sid="tip_z" type="float">0</tip_z>
                                </technique>
                              </extra>
                            </node>
                            <node id="GanondorfRig_mFaceEyebrowCenterLeft" name="mFaceEyebrowCenterLeft" sid="mFaceEyebrowCenterLeft" type="JOINT">
                              <matrix sid="transform">1 0 0 0.07 0 1 0 0.043 0 0 1 0.05599999 0 0 0 1</matrix>
                              <extra>
                                <technique profile="blender">
                                  <layer sid="layer" type="string">0</layer>
                                  <tip_x sid="tip_x" type="float">0</tip_x>
                                  <tip_y sid="tip_y" type="float">0.02999997</tip_y>
                                  <tip_z sid="tip_z" type="float">0</tip_z>
                                </technique>
                              </extra>
                            </node>
                            <node id="GanondorfRig_mFaceEyebrowInnerLeft" name="mFaceEyebrowInnerLeft" sid="mFaceEyebrowInnerLeft" type="JOINT">
                              <matrix sid="transform">1 0 0 0.075 0 1 0 0.022 0 0 1 0.051 0 0 0 1</matrix>
                              <extra>
                                <technique profile="blender">
                                  <layer sid="layer" type="string">0</layer>
                                  <tip_x sid="tip_x" type="float">0</tip_x>
                                  <tip_y sid="tip_y" type="float">0.02999997</tip_y>
                                  <tip_z sid="tip_z" type="float">0</tip_z>
                                </technique>
                              </extra>
                            </node>
                            <node id="GanondorfRig_mFaceEyebrowOuterRight" name="mFaceEyebrowOuterRight" sid="mFaceEyebrowOuterRight" type="JOINT">
                              <matrix sid="transform">1 0 0 0.064 0 1 0 -0.051 0 0 1 0.04799998 0 0 0 1</matrix>
                              <extra>
                                <technique profile="blender">
                                  <layer sid="layer" type="string">0</layer>
                                  <tip_x sid="tip_x" type="float">0</tip_x>
                                  <tip_y sid="tip_y" type="float">0.02999997</tip_y>
                                  <tip_z sid="tip_z" type="float">0</tip_z>
                                </technique>
                              </extra>
                            </node>
                            <node id="GanondorfRig_mFaceEyebrowCenterRight" name="mFaceEyebrowCenterRight" sid="mFaceEyebrowCenterRight" type="JOINT">
                              <matrix sid="transform">1 0 0 0.07 0 1 0 -0.043 0 0 1 0.05599999 0 0 0 1</matrix>
                              <extra>
                                <technique profile="blender">
                                  <layer sid="layer" type="string">0</layer>
                                  <tip_x sid="tip_x" type="float">0</tip_x>
                                  <tip_y sid="tip_y" type="float">0.02999997</tip_y>
                                  <tip_z sid="tip_z" type="float">0</tip_z>
                                </technique>
                              </extra>
                            </node>
                            <node id="GanondorfRig_mFaceEyebrowInnerRight" name="mFaceEyebrowInnerRight" sid="mFaceEyebrowInnerRight" type="JOINT">
                              <matrix sid="transform">1 0 0 0.075 0 1 0 -0.022 0 0 1 0.051 0 0 0 1</matrix>
                              <extra>
                                <technique profile="blender">
                                  <layer sid="layer" type="string">0</layer>
                                  <tip_x sid="tip_x" type="float">0</tip_x>
                                  <tip_y sid="tip_y" type="float">0.02999997</tip_y>
                                  <tip_z sid="tip_z" type="float">0</tip_z>
                                </technique>
                              </extra>
                            </node>
                            <node id="GanondorfRig_mFaceEyeLidUpperLeft" name="mFaceEyeLidUpperLeft" sid="mFaceEyeLidUpperLeft" type="JOINT">
                              <matrix sid="transform">1 0 0 0.073 0 1 0 0.036 0 0 1 0.03399992 0 0 0 1</matrix>
                              <extra>
                                <technique profile="blender">
                                  <layer sid="layer" type="string">0</layer>
                                  <tip_x sid="tip_x" type="float">0</tip_x>
                                  <tip_y sid="tip_y" type="float">0.02999997</tip_y>
                                  <tip_z sid="tip_z" type="float">0</tip_z>
                                </technique>
                              </extra>
                            </node>
                            <node id="GanondorfRig_mFaceEyeLidLowerLeft" name="mFaceEyeLidLowerLeft" sid="mFaceEyeLidLowerLeft" type="JOINT">
                              <matrix sid="transform">1 0 0 0.073 0 1 0 0.036 0 0 1 0.03399992 0 0 0 1</matrix>
                              <extra>
                                <technique profile="blender">
                                  <layer sid="layer" type="string">0</layer>
                                  <tip_x sid="tip_x" type="float">0</tip_x>
                                  <tip_y sid="tip_y" type="float">0.02999997</tip_y>
                                  <tip_z sid="tip_z" type="float">0</tip_z>
                                </technique>
                              </extra>
                            </node>
                            <node id="GanondorfRig_mFaceEyeLidUpperRight" name="mFaceEyeLidUpperRight" sid="mFaceEyeLidUpperRight" type="JOINT">
                              <matrix sid="transform">1 0 0 0.073 0 1 0 -0.036 0 0 1 0.03399992 0 0 0 1</matrix>
                              <extra>
                                <technique profile="blender">
                                  <layer sid="layer" type="string">0</layer>
                                  <tip_x sid="tip_x" type="float">0</tip_x>
                                  <tip_y sid="tip_y" type="float">0.02999997</tip_y>
                                  <tip_z sid="tip_z" type="float">0</tip_z>
                                </technique>
                              </extra>
                            </node>
                            <node id="GanondorfRig_mFaceEyeLidLowerRight" name="mFaceEyeLidLowerRight" sid="mFaceEyeLidLowerRight" type="JOINT">
                              <matrix sid="transform">1 0 0 0.073 0 1 0 -0.036 0 0 1 0.03399992 0 0 0 1</matrix>
                              <extra>
                                <technique profile="blender">
                                  <layer sid="layer" type="string">0</layer>
                                  <tip_x sid="tip_x" type="float">0</tip_x>
                                  <tip_y sid="tip_y" type="float">0.02999997</tip_y>
                                  <tip_z sid="tip_z" type="float">0</tip_z>
                                </technique>
                              </extra>
                            </node>
                            <node id="GanondorfRig_mFaceEar1Left" name="mFaceEar1Left" sid="mFaceEar1Left" type="JOINT">
                              <matrix sid="transform">1 0 0 0 0 1 0 0.08 0 0 1 0.001999974 0 0 0 1</matrix>
                              <node id="GanondorfRig_mFaceEar2Left" name="mFaceEar2Left" sid="mFaceEar2Left" type="JOINT">
                                <matrix sid="transform">1 0 0 -0.019 0 1 0 0.018 0 0 1 0.02499998 0 0 0 1</matrix>
                                <extra>
                                  <technique profile="blender">
                                    <layer sid="layer" type="string">0</layer>
                                    <tip_x sid="tip_x" type="float">0</tip_x>
                                    <tip_y sid="tip_y" type="float">0.02999997</tip_y>
                                    <tip_z sid="tip_z" type="float">0</tip_z>
                                  </technique>
                                </extra>
                              </node>
                              <extra>
                                <technique profile="blender">
                                  <layer sid="layer" type="string">0</layer>
                                  <tip_x sid="tip_x" type="float">0</tip_x>
                                  <tip_y sid="tip_y" type="float">0.02999997</tip_y>
                                  <tip_z sid="tip_z" type="float">0</tip_z>
                                </technique>
                              </extra>
                            </node>
                            <node id="GanondorfRig_mFaceEar1Right" name="mFaceEar1Right" sid="mFaceEar1Right" type="JOINT">
                              <matrix sid="transform">1 0 0 0 0 1 0 -0.08 0 0 1 0.001999974 0 0 0 1</matrix>
                              <node id="GanondorfRig_mFaceEar2Right" name="mFaceEar2Right" sid="mFaceEar2Right" type="JOINT">
                                <matrix sid="transform">1 0 0 -0.019 0 1 0 -0.018 0 0 1 0.02499998 0 0 0 1</matrix>
                                <extra>
                                  <technique profile="blender">
                                    <layer sid="layer" type="string">0</layer>
                                    <tip_x sid="tip_x" type="float">0</tip_x>
                                    <tip_y sid="tip_y" type="float">0.02999997</tip_y>
                                    <tip_z sid="tip_z" type="float">0</tip_z>
                                  </technique>
                                </extra>
                              </node>
                              <extra>
                                <technique profile="blender">
                                  <layer sid="layer" type="string">0</layer>
                                  <tip_x sid="tip_x" type="float">0</tip_x>
                                  <tip_y sid="tip_y" type="float">0.02999997</tip_y>
                                  <tip_z sid="tip_z" type="float">0</tip_z>
                                </technique>
                              </extra>
                            </node>
                            <node id="GanondorfRig_mFaceNoseLeft" name="mFaceNoseLeft" sid="mFaceNoseLeft" type="JOINT">
                              <matrix sid="transform">1 0 0 0.086 0 1 0 0.015 0 0 1 -0.004000068 0 0 0 1</matrix>
                              <extra>
                                <technique profile="blender">
                                  <layer sid="layer" type="string">0</layer>
                                  <tip_x sid="tip_x" type="float">0</tip_x>
                                  <tip_y sid="tip_y" type="float">0.02999997</tip_y>
                                  <tip_z sid="tip_z" type="float">0</tip_z>
                                </technique>
                              </extra>
                            </node>
                            <node id="GanondorfRig_mFaceNoseCenter" name="mFaceNoseCenter" sid="mFaceNoseCenter" type="JOINT">
                              <matrix sid="transform">1 0 0 0.102 0 1 0 0 0 0 1 0 0 0 0 1</matrix>
                              <extra>
                                <technique profile="blender">
                                  <layer sid="layer" type="string">0</layer>
                                  <tip_x sid="tip_x" type="float">0</tip_x>
                                  <tip_y sid="tip_y" type="float">0.02999997</tip_y>
                                  <tip_z sid="tip_z" type="float">0</tip_z>
                                </technique>
                              </extra>
                            </node>
                            <node id="GanondorfRig_mFaceNoseRight" name="mFaceNoseRight" sid="mFaceNoseRight" type="JOINT">
                              <matrix sid="transform">1 0 0 0.086 0 1 0 -0.015 0 0 1 -0.004000068 0 0 0 1</matrix>
                              <extra>
                                <technique profile="blender">
                                  <layer sid="layer" type="string">0</layer>
                                  <tip_x sid="tip_x" type="float">0</tip_x>
                                  <tip_y sid="tip_y" type="float">0.02999997</tip_y>
                                  <tip_z sid="tip_z" type="float">0</tip_z>
                                </technique>
                              </extra>
                            </node>
                            <node id="GanondorfRig_mFaceCheekLowerLeft" name="mFaceCheekLowerLeft" sid="mFaceCheekLowerLeft" type="JOINT">
                              <matrix sid="transform">1 0 0 0.05 0 1 0 0.034 0 0 1 -0.03100002 0 0 0 1</matrix>
                              <extra>
                                <technique profile="blender">
                                  <layer sid="layer" type="string">0</layer>
                                  <tip_x sid="tip_x" type="float">0</tip_x>
                                  <tip_y sid="tip_y" type="float">0.02999997</tip_y>
                                  <tip_z sid="tip_z" type="float">0</tip_z>
                                </technique>
                              </extra>
                            </node>
                            <node id="GanondorfRig_mFaceCheekUpperLeft" name="mFaceCheekUpperLeft" sid="mFaceCheekUpperLeft" type="JOINT">
                              <matrix sid="transform">1 0 0 0.07 0 1 0 0.034 0 0 1 -0.004999995 0 0 0 1</matrix>
                              <extra>
                                <technique profile="blender">
                                  <layer sid="layer" type="string">0</layer>
                                  <tip_x sid="tip_x" type="float">0</tip_x>
                                  <tip_y sid="tip_y" type="float">0.02999997</tip_y>
                                  <tip_z sid="tip_z" type="float">0</tip_z>
                                </technique>
                              </extra>
                            </node>
                            <node id="GanondorfRig_mFaceCheekLowerRight" name="mFaceCheekLowerRight" sid="mFaceCheekLowerRight" type="JOINT">
                              <matrix sid="transform">1 0 0 0.05 0 1 0 -0.034 0 0 1 -0.03100002 0 0 0 1</matrix>
                              <extra>
                                <technique profile="blender">
                                  <layer sid="layer" type="string">0</layer>
                                  <tip_x sid="tip_x" type="float">0</tip_x>
                                  <tip_y sid="tip_y" type="float">0.02999997</tip_y>
                                  <tip_z sid="tip_z" type="float">0</tip_z>
                                </technique>
                              </extra>
                            </node>
                            <node id="GanondorfRig_mFaceCheekUpperRight" name="mFaceCheekUpperRight" sid="mFaceCheekUpperRight" type="JOINT">
                              <matrix sid="transform">1 0 0 0.07 0 1 0 -0.034 0 0 1 -0.004999995 0 0 0 1</matrix>
                              <extra>
                                <technique profile="blender">
                                  <layer sid="layer" type="string">0</layer>
                                  <tip_x sid="tip_x" type="float">0</tip_x>
                                  <tip_y sid="tip_y" type="float">0.02999997</tip_y>
                                  <tip_z sid="tip_z" type="float">0</tip_z>
                                </technique>
                              </extra>
                            </node>
                            <node id="GanondorfRig_mFaceJaw" name="mFaceJaw" sid="mFaceJaw" type="JOINT">
                              <matrix sid="transform">1 0 0 -0.001 0 1 0 0 0 0 1 -0.01499999 0 0 0 1</matrix>
                              <node id="GanondorfRig_mFaceChin" name="mFaceChin" sid="mFaceChin" type="JOINT">
                                <matrix sid="transform">1 0 0 0.074 0 1 0 0 0 0 1 -0.05400002 0 0 0 1</matrix>
                                <extra>
                                  <technique profile="blender">
                                    <layer sid="layer" type="string">0</layer>
                                    <tip_x sid="tip_x" type="float">0</tip_x>
                                    <tip_y sid="tip_y" type="float">0.02999997</tip_y>
                                    <tip_z sid="tip_z" type="float">0</tip_z>
                                  </technique>
                                </extra>
                              </node>
                              <node id="GanondorfRig_mFaceTeethLower" name="mFaceTeethLower" sid="mFaceTeethLower" type="JOINT">
                                <matrix sid="transform">1 0 0 0.021 0 1 0 0 0 0 1 -0.03900003 0 0 0 1</matrix>
                                <node id="GanondorfRig_mFaceLipLowerLeft" name="mFaceLipLowerLeft" sid="mFaceLipLowerLeft" type="JOINT">
                                  <matrix sid="transform">1 0 0 0.045 0 1 0 0 0 0 1 0 0 0 0 1</matrix>
                                  <extra>
                                    <technique profile="blender">
                                      <layer sid="layer" type="string">0</layer>
                                      <tip_x sid="tip_x" type="float">0</tip_x>
                                      <tip_y sid="tip_y" type="float">0.02999997</tip_y>
                                      <tip_z sid="tip_z" type="float">0</tip_z>
                                    </technique>
                                  </extra>
                                </node>
                                <node id="GanondorfRig_mFaceLipLowerRight" name="mFaceLipLowerRight" sid="mFaceLipLowerRight" type="JOINT">
                                  <matrix sid="transform">1 0 0 0.045 0 1 0 0 0 0 1 0 0 0 0 1</matrix>
                                  <extra>
                                    <technique profile="blender">
                                      <layer sid="layer" type="string">0</layer>
                                      <tip_x sid="tip_x" type="float">0</tip_x>
                                      <tip_y sid="tip_y" type="float">0.02999997</tip_y>
                                      <tip_z sid="tip_z" type="float">0</tip_z>
                                    </technique>
                                  </extra>
                                </node>
                                <node id="GanondorfRig_mFaceLipLowerCenter" name="mFaceLipLowerCenter" sid="mFaceLipLowerCenter" type="JOINT">
                                  <matrix sid="transform">1 0 0 0.045 0 1 0 0 0 0 1 0 0 0 0 1</matrix>
                                  <extra>
                                    <technique profile="blender">
                                      <layer sid="layer" type="string">0</layer>
                                      <tip_x sid="tip_x" type="float">0</tip_x>
                                      <tip_y sid="tip_y" type="float">0.02999997</tip_y>
                                      <tip_z sid="tip_z" type="float">0</tip_z>
                                    </technique>
                                  </extra>
                                </node>
                                <node id="GanondorfRig_mFaceTongueBase" name="mFaceTongueBase" sid="mFaceTongueBase" type="JOINT">
                                  <matrix sid="transform">1 0 0 0.039 0 1 0 0 0 0 1 0.004999995 0 0 0 1</matrix>
                                  <node id="GanondorfRig_mFaceTongueTip" name="mFaceTongueTip" sid="mFaceTongueTip" type="JOINT">
                                    <matrix sid="transform">1 0 0 0.022 0 1 0 0 0 0 1 0.006999969 0 0 0 1</matrix>
                                    <extra>
                                      <technique profile="blender">
                                        <layer sid="layer" type="string">0</layer>
                                        <tip_x sid="tip_x" type="float">0</tip_x>
                                        <tip_y sid="tip_y" type="float">0.02999997</tip_y>
                                        <tip_z sid="tip_z" type="float">0</tip_z>
                                      </technique>
                                    </extra>
                                  </node>
                                  <extra>
                                    <technique profile="blender">
                                      <layer sid="layer" type="string">0</layer>
                                      <tip_x sid="tip_x" type="float">0</tip_x>
                                      <tip_y sid="tip_y" type="float">0.02999997</tip_y>
                                      <tip_z sid="tip_z" type="float">0</tip_z>
                                    </technique>
                                  </extra>
                                </node>
                                <extra>
                                  <technique profile="blender">
                                    <layer sid="layer" type="string">0</layer>
                                    <tip_x sid="tip_x" type="float">0</tip_x>
                                    <tip_y sid="tip_y" type="float">0.02999997</tip_y>
                                    <tip_z sid="tip_z" type="float">0</tip_z>
                                  </technique>
                                </extra>
                              </node>
                              <extra>
                                <technique profile="blender">
                                  <layer sid="layer" type="string">0</layer>
                                  <tip_x sid="tip_x" type="float">0</tip_x>
                                  <tip_y sid="tip_y" type="float">0.02999997</tip_y>
                                  <tip_z sid="tip_z" type="float">0</tip_z>
                                </technique>
                              </extra>
                            </node>
                            <node id="GanondorfRig_mFaceJawShaper" name="mFaceJawShaper" sid="mFaceJawShaper" type="JOINT">
                              <matrix sid="transform">1 0 0 0 0 1 0 0 0 0 1 0 0 0 0 1</matrix>
                              <extra>
                                <technique profile="blender">
                                  <layer sid="layer" type="string">0</layer>
                                  <tip_x sid="tip_x" type="float">0</tip_x>
                                  <tip_y sid="tip_y" type="float">0.02999997</tip_y>
                                  <tip_z sid="tip_z" type="float">0</tip_z>
                                </technique>
                              </extra>
                            </node>
                            <node id="GanondorfRig_mFaceForeheadCenter" name="mFaceForeheadCenter" sid="mFaceForeheadCenter" type="JOINT">
                              <matrix sid="transform">1 0 0 0.069 0 1 0 0 0 0 1 0.06499994 0 0 0 1</matrix>
                              <extra>
                                <technique profile="blender">
                                  <layer sid="layer" type="string">0</layer>
                                  <tip_x sid="tip_x" type="float">0</tip_x>
                                  <tip_y sid="tip_y" type="float">0.02999997</tip_y>
                                  <tip_z sid="tip_z" type="float">0</tip_z>
                                </technique>
                              </extra>
                            </node>
                            <node id="GanondorfRig_mFaceNoseBase" name="mFaceNoseBase" sid="mFaceNoseBase" type="JOINT">
                              <matrix sid="transform">1 0 0 0.094 0 1 0 0 0 0 1 -0.01600003 0 0 0 1</matrix>
                              <extra>
                                <technique profile="blender">
                                  <layer sid="layer" type="string">0</layer>
                                  <tip_x sid="tip_x" type="float">0</tip_x>
                                  <tip_y sid="tip_y" type="float">0.02999997</tip_y>
                                  <tip_z sid="tip_z" type="float">0</tip_z>
                                </technique>
                              </extra>
                            </node>
                            <node id="GanondorfRig_mFaceTeethUpper" name="mFaceTeethUpper" sid="mFaceTeethUpper" type="JOINT">
                              <matrix sid="transform">1 0 0 0.02 0 1 0 0 0 0 1 -0.03000009 0 0 0 1</matrix>
                              <node id="GanondorfRig_mFaceLipUpperLeft" name="mFaceLipUpperLeft" sid="mFaceLipUpperLeft" type="JOINT">
                                <matrix sid="transform">1 0 0 0.045 0 1 0 0 0 0 1 -0.002999902 0 0 0 1</matrix>
                                <extra>
                                  <technique profile="blender">
                                    <layer sid="layer" type="string">0</layer>
                                    <tip_x sid="tip_x" type="float">0</tip_x>
                                    <tip_y sid="tip_y" type="float">0.02999997</tip_y>
                                    <tip_z sid="tip_z" type="float">0</tip_z>
                                  </technique>
                                </extra>
                              </node>
                              <node id="GanondorfRig_mFaceLipUpperRight" name="mFaceLipUpperRight" sid="mFaceLipUpperRight" type="JOINT">
                                <matrix sid="transform">1 0 0 0.045 0 1 0 0 0 0 1 -0.002999902 0 0 0 1</matrix>
                                <extra>
                                  <technique profile="blender">
                                    <layer sid="layer" type="string">0</layer>
                                    <tip_x sid="tip_x" type="float">0</tip_x>
                                    <tip_y sid="tip_y" type="float">0.02999997</tip_y>
                                    <tip_z sid="tip_z" type="float">0</tip_z>
                                  </technique>
                                </extra>
                              </node>
                              <node id="GanondorfRig_mFaceLipCornerLeft" name="mFaceLipCornerLeft" sid="mFaceLipCornerLeft" type="JOINT">
                                <matrix sid="transform">1 0 0 0.028 0 1 0 -0.019 0 0 1 -0.00999999 0 0 0 1</matrix>
                                <extra>
                                  <technique profile="blender">
                                    <layer sid="layer" type="string">0</layer>
                                    <tip_x sid="tip_x" type="float">0</tip_x>
                                    <tip_y sid="tip_y" type="float">0.02999997</tip_y>
                                    <tip_z sid="tip_z" type="float">0</tip_z>
                                  </technique>
                                </extra>
                              </node>
                              <node id="GanondorfRig_mFaceLipCornerRight" name="mFaceLipCornerRight" sid="mFaceLipCornerRight" type="JOINT">
                                <matrix sid="transform">1 0 0 0.028 0 1 0 0.019 0 0 1 -0.00999999 0 0 0 1</matrix>
                                <extra>
                                  <technique profile="blender">
                                    <layer sid="layer" type="string">0</layer>
                                    <tip_x sid="tip_x" type="float">0</tip_x>
                                    <tip_y sid="tip_y" type="float">0.02999997</tip_y>
                                    <tip_z sid="tip_z" type="float">0</tip_z>
                                  </technique>
                                </extra>
                              </node>
                              <node id="GanondorfRig_mFaceLipUpperCenter" name="mFaceLipUpperCenter" sid="mFaceLipUpperCenter" type="JOINT">
                                <matrix sid="transform">1 0 0 0.045 0 1 0 0 0 0 1 -0.002999902 0 0 0 1</matrix>
                                <extra>
                                  <technique profile="blender">
                                    <layer sid="layer" type="string">0</layer>
                                    <tip_x sid="tip_x" type="float">0</tip_x>
                                    <tip_y sid="tip_y" type="float">0.02999997</tip_y>
                                    <tip_z sid="tip_z" type="float">0</tip_z>
                                  </technique>
                                </extra>
                              </node>
                              <extra>
                                <technique profile="blender">
                                  <layer sid="layer" type="string">0</layer>
                                  <tip_x sid="tip_x" type="float">0</tip_x>
                                  <tip_y sid="tip_y" type="float">0.02999997</tip_y>
                                  <tip_z sid="tip_z" type="float">0</tip_z>
                                </technique>
                              </extra>
                            </node>
                            <node id="GanondorfRig_mFaceEyecornerInnerLeft" name="mFaceEyecornerInnerLeft" sid="mFaceEyecornerInnerLeft" type="JOINT">
                              <matrix sid="transform">1 0 0 0.075 0 1 0 0.017 0 0 1 0.03199995 0 0 0 1</matrix>
                              <extra>
                                <technique profile="blender">
                                  <layer sid="layer" type="string">0</layer>
                                  <tip_x sid="tip_x" type="float">0</tip_x>
                                  <tip_y sid="tip_y" type="float">0.02999997</tip_y>
                                  <tip_z sid="tip_z" type="float">0</tip_z>
                                </technique>
                              </extra>
                            </node>
                            <node id="GanondorfRig_mFaceEyecornerInnerRight" name="mFaceEyecornerInnerRight" sid="mFaceEyecornerInnerRight" type="JOINT">
                              <matrix sid="transform">1 0 0 0.075 0 1 0 -0.017 0 0 1 0.03199995 0 0 0 1</matrix>
                              <extra>
                                <technique profile="blender">
                                  <layer sid="layer" type="string">0</layer>
                                  <tip_x sid="tip_x" type="float">0</tip_x>
                                  <tip_y sid="tip_y" type="float">0.02999997</tip_y>
                                  <tip_z sid="tip_z" type="float">0</tip_z>
                                </technique>
                              </extra>
                            </node>
                            <node id="GanondorfRig_mFaceNoseBridge" name="mFaceNoseBridge" sid="mFaceNoseBridge" type="JOINT">
                              <matrix sid="transform">1 0 0 0.091 0 1 0 0 0 0 1 0.01999998 0 0 0 1</matrix>
                              <extra>
                                <technique profile="blender">
                                  <layer sid="layer" type="string">0</layer>
                                  <tip_x sid="tip_x" type="float">0</tip_x>
                                  <tip_y sid="tip_y" type="float">0.02999997</tip_y>
                                  <tip_z sid="tip_z" type="float">0</tip_z>
                                </technique>
                              </extra>
                            </node>
                            <extra>
                              <technique profile="blender">
                                <layer sid="layer" type="string">0</layer>
                                <tip_x sid="tip_x" type="float">0</tip_x>
                                <tip_y sid="tip_y" type="float">0.02999997</tip_y>
                                <tip_z sid="tip_z" type="float">0</tip_z>
                              </technique>
                            </extra>
                          </node>
                          <extra>
                            <technique profile="blender">
                              <layer sid="layer" type="string">0</layer>
                              <tip_x sid="tip_x" type="float">0</tip_x>
                              <tip_y sid="tip_y" type="float">0.02999997</tip_y>
                              <tip_z sid="tip_z" type="float">0</tip_z>
                            </technique>
                          </extra>
                        </node>
                        <extra>
                          <technique profile="blender">
                            <layer sid="layer" type="string">0</layer>
                            <tip_x sid="tip_x" type="float">0</tip_x>
                            <tip_y sid="tip_y" type="float">0.02999997</tip_y>
                            <tip_z sid="tip_z" type="float">0</tip_z>
                          </technique>
                        </extra>
                      </node>
                      <node id="GanondorfRig_mCollarLeft" name="mCollarLeft" sid="mCollarLeft" type="JOINT">
                        <matrix sid="transform">1 0 0 -0.021 0 1 0 0.085 0 0 1 0.1650001 0 0 0 1</matrix>
                        <node id="GanondorfRig_L_CLAVICLE" name="L_CLAVICLE" sid="L_CLAVICLE" type="JOINT">
                          <matrix sid="transform">1 0 0 0.02 0 1 0 0 0 0 1 0.01999998 0 0 0 1</matrix>
                          <extra>
                            <technique profile="blender">
                              <layer sid="layer" type="string">0</layer>
                              <tip_x sid="tip_x" type="float">0</tip_x>
                              <tip_y sid="tip_y" type="float">0.02999997</tip_y>
                              <tip_z sid="tip_z" type="float">0</tip_z>
                            </technique>
                          </extra>
                        </node>
                        <node id="GanondorfRig_mShoulderLeft" name="mShoulderLeft" sid="mShoulderLeft" type="JOINT">
                          <matrix sid="transform">1 0 0 0 0 1 0 0.079 0 0 1 0 0 0 0 1</matrix>
                          <node id="GanondorfRig_L_UPPER_ARM" name="L_UPPER_ARM" sid="L_UPPER_ARM" type="JOINT">
                            <matrix sid="transform">1 0 0 0 0 1 0 0.12 0 0 1 0.00999999 0 0 0 1</matrix>
                            <extra>
                              <technique profile="blender">
                                <layer sid="layer" type="string">0</layer>
                                <tip_x sid="tip_x" type="float">0</tip_x>
                                <tip_y sid="tip_y" type="float">0.02988582</tip_y>
                                <tip_z sid="tip_z" type="float">-0.002614617</tip_z>
                              </technique>
                            </extra>
                          </node>
                          <node id="GanondorfRig_mElbowLeft" name="mElbowLeft" sid="mElbowLeft" type="JOINT">
                            <matrix sid="transform">1 0 0 0 0 1 0 0.248 0 0 1 0 0 0 0 1</matrix>
                            <node id="GanondorfRig_L_LOWER_ARM" name="L_LOWER_ARM" sid="L_LOWER_ARM" type="JOINT">
                              <matrix sid="transform">1 0 0 0 0 0.9999999 0 0.1 0 0 0.9999999 0 0 0 0 1</matrix>
                              <extra>
                                <technique profile="blender">
                                  <layer sid="layer" type="string">0</layer>
                                  <tip_x sid="tip_x" type="float">0</tip_x>
                                  <tip_y sid="tip_y" type="float">0.0299589</tip_y>
                                  <tip_z sid="tip_z" type="float">-0.001570105</tip_z>
                                </technique>
                              </extra>
                            </node>
                            <node id="GanondorfRig_mWristLeft" name="mWristLeft" sid="mWristLeft" type="JOINT">
                              <matrix sid="transform">1 0 0 0 0 1 0 0.205 0 0 1 0 0 0 0 1</matrix>
                              <node id="GanondorfRig_L_HAND" name="L_HAND" sid="L_HAND" type="JOINT">
                                <matrix sid="transform">0.9999999 -7.567e-10 9.31323e-10 0.009999998 1.41154e-8 0.9999999 3.72529e-9 0.05000001 -9.31323e-10 3.72529e-9 1 0 0 0 0 1</matrix>
                                <extra>
                                  <technique profile="blender">
                                    <layer sid="layer" type="string">0</layer>
                                    <roll sid="roll" type="float">0.004581928</roll>
                                    <tip_x sid="tip_x" type="float">0.005202293</tip_x>
                                    <tip_y sid="tip_y" type="float">0.02950376</tip_y>
                                    <tip_z sid="tip_z" type="float">-0.001570105</tip_z>
                                  </technique>
                                </extra>
                              </node>
                              <node id="GanondorfRig_mHandMiddle1Left" name="mHandMiddle1Left" sid="mHandMiddle1Left" type="JOINT">
                                <matrix sid="transform">1 0 0 0.013 0 1 0 0.101 0 0 1 0.01499999 0 0 0 1</matrix>
                                <node id="GanondorfRig_mHandMiddle2Left" name="mHandMiddle2Left" sid="mHandMiddle2Left" type="JOINT">
                                  <matrix sid="transform">1 0 0 -0.001 0 1 0 0.04000002 0 0 1 -0.006000042 0 0 0 1</matrix>
                                  <node id="GanondorfRig_mHandMiddle3Left" name="mHandMiddle3Left" sid="mHandMiddle3Left" type="JOINT">
                                    <matrix sid="transform">1 0 0 -0.001 0 1 0 0.04899997 0 0 1 -0.008000016 0 0 0 1</matrix>
                                    <extra>
                                      <technique profile="blender">
                                        <layer sid="layer" type="string">0</layer>
                                        <tip_x sid="tip_x" type="float">0</tip_x>
                                        <tip_y sid="tip_y" type="float">0.02999997</tip_y>
                                        <tip_z sid="tip_z" type="float">0</tip_z>
                                      </technique>
                                    </extra>
                                  </node>
                                  <extra>
                                    <technique profile="blender">
                                      <layer sid="layer" type="string">0</layer>
                                      <tip_x sid="tip_x" type="float">0</tip_x>
                                      <tip_y sid="tip_y" type="float">0.02999997</tip_y>
                                      <tip_z sid="tip_z" type="float">0</tip_z>
                                    </technique>
                                  </extra>
                                </node>
                                <extra>
                                  <technique profile="blender">
                                    <layer sid="layer" type="string">0</layer>
                                    <tip_x sid="tip_x" type="float">0</tip_x>
                                    <tip_y sid="tip_y" type="float">0.02999997</tip_y>
                                    <tip_z sid="tip_z" type="float">0</tip_z>
                                  </technique>
                                </extra>
                              </node>
                              <node id="GanondorfRig_mHandIndex1Left" name="mHandIndex1Left" sid="mHandIndex1Left" type="JOINT">
                                <matrix sid="transform">1 0 0 0.038 0 1 0 0.097 0 0 1 0.01499999 0 0 0 1</matrix>
                                <node id="GanondorfRig_mHandIndex2Left" name="mHandIndex2Left" sid="mHandIndex2Left" type="JOINT">
                                  <matrix sid="transform">1 0 0 0.017 0 1 0 0.03600001 0 0 1 -0.006000042 0 0 0 1</matrix>
                                  <node id="GanondorfRig_mHandIndex3Left" name="mHandIndex3Left" sid="mHandIndex3Left" type="JOINT">
                                    <matrix sid="transform">1 0 0 0.014 0 1 0 0.03200001 0 0 1 -0.005999923 0 0 0 1</matrix>
                                    <extra>
                                      <technique profile="blender">
                                        <layer sid="layer" type="string">0</layer>
                                        <tip_x sid="tip_x" type="float">0</tip_x>
                                        <tip_y sid="tip_y" type="float">0.02999997</tip_y>
                                        <tip_z sid="tip_z" type="float">0</tip_z>
                                      </technique>
                                    </extra>
                                  </node>
                                  <extra>
                                    <technique profile="blender">
                                      <layer sid="layer" type="string">0</layer>
                                      <tip_x sid="tip_x" type="float">0</tip_x>
                                      <tip_y sid="tip_y" type="float">0.02999997</tip_y>
                                      <tip_z sid="tip_z" type="float">0</tip_z>
                                    </technique>
                                  </extra>
                                </node>
                                <extra>
                                  <technique profile="blender">
                                    <layer sid="layer" type="string">0</layer>
                                    <tip_x sid="tip_x" type="float">0</tip_x>
                                    <tip_y sid="tip_y" type="float">0.02999997</tip_y>
                                    <tip_z sid="tip_z" type="float">0</tip_z>
                                  </technique>
                                </extra>
                              </node>
                              <node id="GanondorfRig_mHandRing1Left" name="mHandRing1Left" sid="mHandRing1Left" type="JOINT">
                                <matrix sid="transform">1 0 0 -0.01 0 1 0 0.09900004 0 0 1 0.008999944 0 0 0 1</matrix>
                                <node id="GanondorfRig_mHandRing2Left" name="mHandRing2Left" sid="mHandRing2Left" type="JOINT">
                                  <matrix sid="transform">1 0 0 -0.013 0 1 0 0.03799999 0 0 1 -0.008000016 0 0 0 1</matrix>
                                  <node id="GanondorfRig_mHandRing3Left" name="mHandRing3Left" sid="mHandRing3Left" type="JOINT">
                                    <matrix sid="transform">1 0 0 -0.013 0 1 0 0.04000002 0 0 1 -0.008999944 0 0 0 1</matrix>
                                    <extra>
                                      <technique profile="blender">
                                        <layer sid="layer" type="string">0</layer>
                                        <tip_x sid="tip_x" type="float">0</tip_x>
                                        <tip_y sid="tip_y" type="float">0.02999997</tip_y>
                                        <tip_z sid="tip_z" type="float">0</tip_z>
                                      </technique>
                                    </extra>
                                  </node>
                                  <extra>
                                    <technique profile="blender">
                                      <layer sid="layer" type="string">0</layer>
                                      <tip_x sid="tip_x" type="float">0</tip_x>
                                      <tip_y sid="tip_y" type="float">0.02999997</tip_y>
                                      <tip_z sid="tip_z" type="float">0</tip_z>
                                    </technique>
                                  </extra>
                                </node>
                                <extra>
                                  <technique profile="blender">
                                    <layer sid="layer" type="string">0</layer>
                                    <tip_x sid="tip_x" type="float">0</tip_x>
                                    <tip_y sid="tip_y" type="float">0.02999997</tip_y>
                                    <tip_z sid="tip_z" type="float">0</tip_z>
                                  </technique>
                                </extra>
                              </node>
                              <node id="GanondorfRig_mHandPinky1Left" name="mHandPinky1Left" sid="mHandPinky1Left" type="JOINT">
                                <matrix sid="transform">1 0 0 -0.031 0 1 0 0.09500003 0 0 1 0.003000021 0 0 0 1</matrix>
                                <node id="GanondorfRig_mHandPinky2Left" name="mHandPinky2Left" sid="mHandPinky2Left" type="JOINT">
                                  <matrix sid="transform">1 0 0 -0.024 0 1 0 0.02499998 0 0 1 -0.006000042 0 0 0 1</matrix>
                                  <node id="GanondorfRig_mHandPinky3Left" name="mHandPinky3Left" sid="mHandPinky3Left" type="JOINT">
                                    <matrix sid="transform">1 0 0 -0.015 0 1 0 0.01800001 0 0 1 -0.003999949 0 0 0 1</matrix>
                                    <extra>
                                      <technique profile="blender">
                                        <layer sid="layer" type="string">0</layer>
                                        <tip_x sid="tip_x" type="float">0</tip_x>
                                        <tip_y sid="tip_y" type="float">0.02999997</tip_y>
                                        <tip_z sid="tip_z" type="float">0</tip_z>
                                      </technique>
                                    </extra>
                                  </node>
                                  <extra>
                                    <technique profile="blender">
                                      <layer sid="layer" type="string">0</layer>
                                      <tip_x sid="tip_x" type="float">0</tip_x>
                                      <tip_y sid="tip_y" type="float">0.02999997</tip_y>
                                      <tip_z sid="tip_z" type="float">0</tip_z>
                                    </technique>
                                  </extra>
                                </node>
                                <extra>
                                  <technique profile="blender">
                                    <layer sid="layer" type="string">0</layer>
                                    <tip_x sid="tip_x" type="float">0</tip_x>
                                    <tip_y sid="tip_y" type="float">0.02999997</tip_y>
                                    <tip_z sid="tip_z" type="float">0</tip_z>
                                  </technique>
                                </extra>
                              </node>
                              <node id="GanondorfRig_mHandThumb1Left" name="mHandThumb1Left" sid="mHandThumb1Left" type="JOINT">
                                <matrix sid="transform">1 0 0 0.031 0 1 0 0.02600002 0 0 1 0.003999949 0 0 0 1</matrix>
                                <node id="GanondorfRig_mHandThumb2Left" name="mHandThumb2Left" sid="mHandThumb2Left" type="JOINT">
                                  <matrix sid="transform">1 0 0 0.028 0 1 0 0.03200001 0 0 1 -9.99928e-4 0 0 0 1</matrix>
                                  <node id="GanondorfRig_mHandThumb3Left" name="mHandThumb3Left" sid="mHandThumb3Left" type="JOINT">
                                    <matrix sid="transform">1 0 0 0.023 0 1 0 0.03099996 0 0 1 -0.001000047 0 0 0 1</matrix>
                                    <extra>
                                      <technique profile="blender">
                                        <layer sid="layer" type="string">0</layer>
                                        <tip_x sid="tip_x" type="float">0</tip_x>
                                        <tip_y sid="tip_y" type="float">0.02999997</tip_y>
                                        <tip_z sid="tip_z" type="float">0</tip_z>
                                      </technique>
                                    </extra>
                                  </node>
                                  <extra>
                                    <technique profile="blender">
                                      <layer sid="layer" type="string">0</layer>
                                      <tip_x sid="tip_x" type="float">0</tip_x>
                                      <tip_y sid="tip_y" type="float">0.02999997</tip_y>
                                      <tip_z sid="tip_z" type="float">0</tip_z>
                                    </technique>
                                  </extra>
                                </node>
                                <extra>
                                  <technique profile="blender">
                                    <layer sid="layer" type="string">0</layer>
                                    <tip_x sid="tip_x" type="float">0</tip_x>
                                    <tip_y sid="tip_y" type="float">0.02999997</tip_y>
                                    <tip_z sid="tip_z" type="float">0</tip_z>
                                  </technique>
                                </extra>
                              </node>
                              <extra>
                                <technique profile="blender">
                                  <layer sid="layer" type="string">0</layer>
                                  <tip_x sid="tip_x" type="float">0</tip_x>
                                  <tip_y sid="tip_y" type="float">0.02999997</tip_y>
                                  <tip_z sid="tip_z" type="float">0</tip_z>
                                </technique>
                              </extra>
                            </node>
                            <extra>
                              <technique profile="blender">
                                <layer sid="layer" type="string">0</layer>
                                <tip_x sid="tip_x" type="float">0</tip_x>
                                <tip_y sid="tip_y" type="float">0.02999997</tip_y>
                                <tip_z sid="tip_z" type="float">0</tip_z>
                              </technique>
                            </extra>
                          </node>
                          <extra>
                            <technique profile="blender">
                              <layer sid="layer" type="string">0</layer>
                              <tip_x sid="tip_x" type="float">0</tip_x>
                              <tip_y sid="tip_y" type="float">0.02999997</tip_y>
                              <tip_z sid="tip_z" type="float">0</tip_z>
                            </technique>
                          </extra>
                        </node>
                        <extra>
                          <technique profile="blender">
                            <layer sid="layer" type="string">0</layer>
                            <tip_x sid="tip_x" type="float">0</tip_x>
                            <tip_y sid="tip_y" type="float">0.02999997</tip_y>
                            <tip_z sid="tip_z" type="float">0</tip_z>
                          </technique>
                        </extra>
                      </node>
                      <node id="GanondorfRig_mCollarRight" name="mCollarRight" sid="mCollarRight" type="JOINT">
                        <matrix sid="transform">1 0 0 -0.021 0 1 0 -0.085 0 0 1 0.1650001 0 0 0 1</matrix>
                        <node id="GanondorfRig_R_CLAVICLE" name="R_CLAVICLE" sid="R_CLAVICLE" type="JOINT">
                          <matrix sid="transform">1 0 0 0.02 0 1 0 0 0 0 1 0.01999998 0 0 0 1</matrix>
                          <extra>
                            <technique profile="blender">
                              <layer sid="layer" type="string">0</layer>
                              <tip_x sid="tip_x" type="float">0</tip_x>
                              <tip_y sid="tip_y" type="float">0.02999997</tip_y>
                              <tip_z sid="tip_z" type="float">0</tip_z>
                            </technique>
                          </extra>
                        </node>
                        <node id="GanondorfRig_mShoulderRight" name="mShoulderRight" sid="mShoulderRight" type="JOINT">
                          <matrix sid="transform">1 0 0 0 0 1 0 -0.079 0 0 1 0 0 0 0 1</matrix>
                          <node id="GanondorfRig_R_UPPER_ARM" name="R_UPPER_ARM" sid="R_UPPER_ARM" type="JOINT">
                            <matrix sid="transform">1 0 0 0 0 1 0 -0.12 0 0 1 0.00999999 0 0 0 1</matrix>
                            <extra>
                              <technique profile="blender">
                                <layer sid="layer" type="string">0</layer>
                                <tip_x sid="tip_x" type="float">0</tip_x>
                                <tip_y sid="tip_y" type="float">0.02988582</tip_y>
                                <tip_z sid="tip_z" type="float">0.002614617</tip_z>
                              </technique>
                            </extra>
                          </node>
                          <node id="GanondorfRig_mElbowRight" name="mElbowRight" sid="mElbowRight" type="JOINT">
                            <matrix sid="transform">1 0 0 0 0 1 0 -0.248 0 0 1 0 0 0 0 1</matrix>
                            <node id="GanondorfRig_R_LOWER_ARM" name="R_LOWER_ARM" sid="R_LOWER_ARM" type="JOINT">
                              <matrix sid="transform">1 0 0 0 0 1 0 -0.1 0 0 1 0 0 0 0 1</matrix>
                              <extra>
                                <technique profile="blender">
                                  <layer sid="layer" type="string">0</layer>
                                  <tip_x sid="tip_x" type="float">0</tip_x>
                                  <tip_y sid="tip_y" type="float">0.02995884</tip_y>
                                  <tip_z sid="tip_z" type="float">0.001570105</tip_z>
                                </technique>
                              </extra>
                            </node>
                            <node id="GanondorfRig_mWristRight" name="mWristRight" sid="mWristRight" type="JOINT">
                              <matrix sid="transform">1 0 0 0 0 1 0 -0.205 0 0 1 0 0 0 0 1</matrix>
                              <node id="GanondorfRig_R_HAND" name="R_HAND" sid="R_HAND" type="JOINT">
                                <matrix sid="transform">0.9999999 7.567e-10 9.31323e-10 0.009999998 -1.41154e-8 0.9999999 -3.72529e-9 -0.05000001 -9.31323e-10 -3.72529e-9 1 0 0 0 0 1</matrix>
                                <extra>
                                  <technique profile="blender">
                                    <layer sid="layer" type="string">0</layer>
                                    <roll sid="roll" type="float">0.004581928</roll>
                                    <tip_x sid="tip_x" type="float">-0.005202293</tip_x>
                                    <tip_y sid="tip_y" type="float">0.02950376</tip_y>
                                    <tip_z sid="tip_z" type="float">0.001570105</tip_z>
                                  </technique>
                                </extra>
                              </node>
                              <node id="GanondorfRig_mHandMiddle1Right" name="mHandMiddle1Right" sid="mHandMiddle1Right" type="JOINT">
                                <matrix sid="transform">1 0 0 0.013 0 1 0 -0.101 0 0 1 0.01499999 0 0 0 1</matrix>
                                <node id="GanondorfRig_mHandMiddle2Right" name="mHandMiddle2Right" sid="mHandMiddle2Right" type="JOINT">
                                  <matrix sid="transform">1 0 0 -0.001 0 1 0 -0.04000002 0 0 1 -0.006000042 0 0 0 1</matrix>
                                  <node id="GanondorfRig_mHandMiddle3Right" name="mHandMiddle3Right" sid="mHandMiddle3Right" type="JOINT">
                                    <matrix sid="transform">1 0 0 -0.001 0 1 0 -0.04899997 0 0 1 -0.008000016 0 0 0 1</matrix>
                                    <extra>
                                      <technique profile="blender">
                                        <layer sid="layer" type="string">0</layer>
                                        <tip_x sid="tip_x" type="float">0</tip_x>
                                        <tip_y sid="tip_y" type="float">0.02999997</tip_y>
                                        <tip_z sid="tip_z" type="float">0</tip_z>
                                      </technique>
                                    </extra>
                                  </node>
                                  <extra>
                                    <technique profile="blender">
                                      <layer sid="layer" type="string">0</layer>
                                      <tip_x sid="tip_x" type="float">0</tip_x>
                                      <tip_y sid="tip_y" type="float">0.02999997</tip_y>
                                      <tip_z sid="tip_z" type="float">0</tip_z>
                                    </technique>
                                  </extra>
                                </node>
                                <extra>
                                  <technique profile="blender">
                                    <layer sid="layer" type="string">0</layer>
                                    <tip_x sid="tip_x" type="float">0</tip_x>
                                    <tip_y sid="tip_y" type="float">0.02999997</tip_y>
                                    <tip_z sid="tip_z" type="float">0</tip_z>
                                  </technique>
                                </extra>
                              </node>
                              <node id="GanondorfRig_mHandIndex1Right" name="mHandIndex1Right" sid="mHandIndex1Right" type="JOINT">
                                <matrix sid="transform">1 0 0 0.038 0 1 0 -0.097 0 0 1 0.01499999 0 0 0 1</matrix>
                                <node id="GanondorfRig_mHandIndex2Right" name="mHandIndex2Right" sid="mHandIndex2Right" type="JOINT">
                                  <matrix sid="transform">1 0 0 0.017 0 1 0 -0.03600001 0 0 1 -0.006000042 0 0 0 1</matrix>
                                  <node id="GanondorfRig_mHandIndex3Right" name="mHandIndex3Right" sid="mHandIndex3Right" type="JOINT">
                                    <matrix sid="transform">1 0 0 0.014 0 1 0 -0.03200001 0 0 1 -0.005999923 0 0 0 1</matrix>
                                    <extra>
                                      <technique profile="blender">
                                        <layer sid="layer" type="string">0</layer>
                                        <tip_x sid="tip_x" type="float">0</tip_x>
                                        <tip_y sid="tip_y" type="float">0.02999997</tip_y>
                                        <tip_z sid="tip_z" type="float">0</tip_z>
                                      </technique>
                                    </extra>
                                  </node>
                                  <extra>
                                    <technique profile="blender">
                                      <layer sid="layer" type="string">0</layer>
                                      <tip_x sid="tip_x" type="float">0</tip_x>
                                      <tip_y sid="tip_y" type="float">0.02999997</tip_y>
                                      <tip_z sid="tip_z" type="float">0</tip_z>
                                    </technique>
                                  </extra>
                                </node>
                                <extra>
                                  <technique profile="blender">
                                    <layer sid="layer" type="string">0</layer>
                                    <tip_x sid="tip_x" type="float">0</tip_x>
                                    <tip_y sid="tip_y" type="float">0.02999997</tip_y>
                                    <tip_z sid="tip_z" type="float">0</tip_z>
                                  </technique>
                                </extra>
                              </node>
                              <node id="GanondorfRig_mHandRing1Right" name="mHandRing1Right" sid="mHandRing1Right" type="JOINT">
                                <matrix sid="transform">1 0 0 -0.01 0 1 0 -0.09900004 0 0 1 0.008999944 0 0 0 1</matrix>
                                <node id="GanondorfRig_mHandRing2Right" name="mHandRing2Right" sid="mHandRing2Right" type="JOINT">
                                  <matrix sid="transform">1 0 0 -0.013 0 1 0 -0.03799999 0 0 1 -0.008000016 0 0 0 1</matrix>
                                  <node id="GanondorfRig_mHandRing3Right" name="mHandRing3Right" sid="mHandRing3Right" type="JOINT">
                                    <matrix sid="transform">1 0 0 -0.013 0 1 0 -0.04000002 0 0 1 -0.008999944 0 0 0 1</matrix>
                                    <extra>
                                      <technique profile="blender">
                                        <layer sid="layer" type="string">0</layer>
                                        <tip_x sid="tip_x" type="float">0</tip_x>
                                        <tip_y sid="tip_y" type="float">0.02999997</tip_y>
                                        <tip_z sid="tip_z" type="float">0</tip_z>
                                      </technique>
                                    </extra>
                                  </node>
                                  <extra>
                                    <technique profile="blender">
                                      <layer sid="layer" type="string">0</layer>
                                      <tip_x sid="tip_x" type="float">0</tip_x>
                                      <tip_y sid="tip_y" type="float">0.02999997</tip_y>
                                      <tip_z sid="tip_z" type="float">0</tip_z>
                                    </technique>
                                  </extra>
                                </node>
                                <extra>
                                  <technique profile="blender">
                                    <layer sid="layer" type="string">0</layer>
                                    <tip_x sid="tip_x" type="float">0</tip_x>
                                    <tip_y sid="tip_y" type="float">0.02999997</tip_y>
                                    <tip_z sid="tip_z" type="float">0</tip_z>
                                  </technique>
                                </extra>
                              </node>
                              <node id="GanondorfRig_mHandPinky1Right" name="mHandPinky1Right" sid="mHandPinky1Right" type="JOINT">
                                <matrix sid="transform">1 0 0 -0.031 0 1 0 -0.09500003 0 0 1 0.003000021 0 0 0 1</matrix>
                                <node id="GanondorfRig_mHandPinky2Right" name="mHandPinky2Right" sid="mHandPinky2Right" type="JOINT">
                                  <matrix sid="transform">1 0 0 -0.024 0 1 0 -0.02499998 0 0 1 -0.006000042 0 0 0 1</matrix>
                                  <node id="GanondorfRig_mHandPinky3Right" name="mHandPinky3Right" sid="mHandPinky3Right" type="JOINT">
                                    <matrix sid="transform">1 0 0 -0.015 0 1 0 -0.01800001 0 0 1 -0.003999949 0 0 0 1</matrix>
                                    <extra>
                                      <technique profile="blender">
                                        <layer sid="layer" type="string">0</layer>
                                        <tip_x sid="tip_x" type="float">0</tip_x>
                                        <tip_y sid="tip_y" type="float">0.02999997</tip_y>
                                        <tip_z sid="tip_z" type="float">0</tip_z>
                                      </technique>
                                    </extra>
                                  </node>
                                  <extra>
                                    <technique profile="blender">
                                      <layer sid="layer" type="string">0</layer>
                                      <tip_x sid="tip_x" type="float">0</tip_x>
                                      <tip_y sid="tip_y" type="float">0.02999997</tip_y>
                                      <tip_z sid="tip_z" type="float">0</tip_z>
                                    </technique>
                                  </extra>
                                </node>
                                <extra>
                                  <technique profile="blender">
                                    <layer sid="layer" type="string">0</layer>
                                    <tip_x sid="tip_x" type="float">0</tip_x>
                                    <tip_y sid="tip_y" type="float">0.02999997</tip_y>
                                    <tip_z sid="tip_z" type="float">0</tip_z>
                                  </technique>
                                </extra>
                              </node>
                              <node id="GanondorfRig_mHandThumb1Right" name="mHandThumb1Right" sid="mHandThumb1Right" type="JOINT">
                                <matrix sid="transform">1 0 0 0.031 0 1 0 -0.02600002 0 0 1 0.003999949 0 0 0 1</matrix>
                                <node id="GanondorfRig_mHandThumb2Right" name="mHandThumb2Right" sid="mHandThumb2Right" type="JOINT">
                                  <matrix sid="transform">1 0 0 0.028 0 1 0 -0.03200001 0 0 1 -9.99928e-4 0 0 0 1</matrix>
                                  <node id="GanondorfRig_mHandThumb3Right" name="mHandThumb3Right" sid="mHandThumb3Right" type="JOINT">
                                    <matrix sid="transform">1 0 0 0.023 0 1 0 -0.03099996 0 0 1 -0.001000047 0 0 0 1</matrix>
                                    <extra>
                                      <technique profile="blender">
                                        <layer sid="layer" type="string">0</layer>
                                        <tip_x sid="tip_x" type="float">0</tip_x>
                                        <tip_y sid="tip_y" type="float">0.02999997</tip_y>
                                        <tip_z sid="tip_z" type="float">0</tip_z>
                                      </technique>
                                    </extra>
                                  </node>
                                  <extra>
                                    <technique profile="blender">
                                      <layer sid="layer" type="string">0</layer>
                                      <tip_x sid="tip_x" type="float">0</tip_x>
                                      <tip_y sid="tip_y" type="float">0.02999997</tip_y>
                                      <tip_z sid="tip_z" type="float">0</tip_z>
                                    </technique>
                                  </extra>
                                </node>
                                <extra>
                                  <technique profile="blender">
                                    <layer sid="layer" type="string">0</layer>
                                    <tip_x sid="tip_x" type="float">0</tip_x>
                                    <tip_y sid="tip_y" type="float">0.02999997</tip_y>
                                    <tip_z sid="tip_z" type="float">0</tip_z>
                                  </technique>
                                </extra>
                              </node>
                              <extra>
                                <technique profile="blender">
                                  <layer sid="layer" type="string">0</layer>
                                  <tip_x sid="tip_x" type="float">0</tip_x>
                                  <tip_y sid="tip_y" type="float">0.02999997</tip_y>
                                  <tip_z sid="tip_z" type="float">0</tip_z>
                                </technique>
                              </extra>
                            </node>
                            <extra>
                              <technique profile="blender">
                                <layer sid="layer" type="string">0</layer>
                                <tip_x sid="tip_x" type="float">0</tip_x>
                                <tip_y sid="tip_y" type="float">0.02999997</tip_y>
                                <tip_z sid="tip_z" type="float">0</tip_z>
                              </technique>
                            </extra>
                          </node>
                          <extra>
                            <technique profile="blender">
                              <layer sid="layer" type="string">0</layer>
                              <tip_x sid="tip_x" type="float">0</tip_x>
                              <tip_y sid="tip_y" type="float">0.02999997</tip_y>
                              <tip_z sid="tip_z" type="float">0</tip_z>
                            </technique>
                          </extra>
                        </node>
                        <extra>
                          <technique profile="blender">
                            <layer sid="layer" type="string">0</layer>
                            <tip_x sid="tip_x" type="float">0</tip_x>
                            <tip_y sid="tip_y" type="float">0.02999997</tip_y>
                            <tip_z sid="tip_z" type="float">0</tip_z>
                          </technique>
                        </extra>
                      </node>
                      <node id="GanondorfRig_mWingsRoot" name="mWingsRoot" sid="mWingsRoot" type="JOINT">
                        <matrix sid="transform">1 0 0 -0.014 0 1 0 0 0 0 1 0 0 0 0 1</matrix>
                        <node id="GanondorfRig_mWing1Left" name="mWing1Left" sid="mWing1Left" type="JOINT">
                          <matrix sid="transform">1 0 0 -0.09900001 0 1 0 0.105 0 0 1 0.181 0 0 0 1</matrix>
                          <node id="GanondorfRig_mWing2Left" name="mWing2Left" sid="mWing2Left" type="JOINT">
                            <matrix sid="transform">1 0 0 -0.168 0 1 0 0.169 0 0 1 0.06700003 0 0 0 1</matrix>
                            <node id="GanondorfRig_mWing3Left" name="mWing3Left" sid="mWing3Left" type="JOINT">
                              <matrix sid="transform">1 0 0 -0.181 0 1 0 0.183 0 0 1 0 0 0 0 1</matrix>
                              <node id="GanondorfRig_mWing4Left" name="mWing4Left" sid="mWing4Left" type="JOINT">
                                <matrix sid="transform">1 0 0 -0.171 0 1 0 0.173 0 0 1 0 0 0 0 1</matrix>
                                <extra>
                                  <technique profile="blender">
                                    <layer sid="layer" type="string">0</layer>
                                    <tip_x sid="tip_x" type="float">0</tip_x>
                                    <tip_y sid="tip_y" type="float">0.02999997</tip_y>
                                    <tip_z sid="tip_z" type="float">0</tip_z>
                                  </technique>
                                </extra>
                              </node>
                              <node id="GanondorfRig_mWing4FanLeft" name="mWing4FanLeft" sid="mWing4FanLeft" type="JOINT">
                                <matrix sid="transform">1 0 0 -0.171 0 1 0 0.173 0 0 1 0 0 0 0 1</matrix>
                                <extra>
                                  <technique profile="blender">
                                    <layer sid="layer" type="string">0</layer>
                                    <tip_x sid="tip_x" type="float">0</tip_x>
                                    <tip_y sid="tip_y" type="float">0.02999997</tip_y>
                                    <tip_z sid="tip_z" type="float">0</tip_z>
                                  </technique>
                                </extra>
                              </node>
                              <extra>
                                <technique profile="blender">
                                  <layer sid="layer" type="string">0</layer>
                                  <tip_x sid="tip_x" type="float">0</tip_x>
                                  <tip_y sid="tip_y" type="float">0.02999997</tip_y>
                                  <tip_z sid="tip_z" type="float">0</tip_z>
                                </technique>
                              </extra>
                            </node>
                            <extra>
                              <technique profile="blender">
                                <layer sid="layer" type="string">0</layer>
                                <tip_x sid="tip_x" type="float">0</tip_x>
                                <tip_y sid="tip_y" type="float">0.02999997</tip_y>
                                <tip_z sid="tip_z" type="float">0</tip_z>
                              </technique>
                            </extra>
                          </node>
                          <extra>
                            <technique profile="blender">
                              <layer sid="layer" type="string">0</layer>
                              <tip_x sid="tip_x" type="float">0</tip_x>
                              <tip_y sid="tip_y" type="float">0.02999997</tip_y>
                              <tip_z sid="tip_z" type="float">0</tip_z>
                            </technique>
                          </extra>
                        </node>
                        <node id="GanondorfRig_mWing1Right" name="mWing1Right" sid="mWing1Right" type="JOINT">
                          <matrix sid="transform">1 0 0 -0.09900001 0 1 0 -0.105 0 0 1 0.181 0 0 0 1</matrix>
                          <node id="GanondorfRig_mWing2Right" name="mWing2Right" sid="mWing2Right" type="JOINT">
                            <matrix sid="transform">1 0 0 -0.168 0 1 0 -0.169 0 0 1 0.06700003 0 0 0 1</matrix>
                            <node id="GanondorfRig_mWing3Right" name="mWing3Right" sid="mWing3Right" type="JOINT">
                              <matrix sid="transform">1 0 0 -0.181 0 1 0 -0.183 0 0 1 0 0 0 0 1</matrix>
                              <node id="GanondorfRig_mWing4Right" name="mWing4Right" sid="mWing4Right" type="JOINT">
                                <matrix sid="transform">1 0 0 -0.171 0 1 0 -0.173 0 0 1 0 0 0 0 1</matrix>
                                <extra>
                                  <technique profile="blender">
                                    <layer sid="layer" type="string">0</layer>
                                    <tip_x sid="tip_x" type="float">0</tip_x>
                                    <tip_y sid="tip_y" type="float">0.02999997</tip_y>
                                    <tip_z sid="tip_z" type="float">0</tip_z>
                                  </technique>
                                </extra>
                              </node>
                              <node id="GanondorfRig_mWing4FanRight" name="mWing4FanRight" sid="mWing4FanRight" type="JOINT">
                                <matrix sid="transform">1 0 0 -0.171 0 1 0 -0.173 0 0 1 0 0 0 0 1</matrix>
                                <extra>
                                  <technique profile="blender">
                                    <layer sid="layer" type="string">0</layer>
                                    <tip_x sid="tip_x" type="float">0</tip_x>
                                    <tip_y sid="tip_y" type="float">0.02999997</tip_y>
                                    <tip_z sid="tip_z" type="float">0</tip_z>
                                  </technique>
                                </extra>
                              </node>
                              <extra>
                                <technique profile="blender">
                                  <layer sid="layer" type="string">0</layer>
                                  <tip_x sid="tip_x" type="float">0</tip_x>
                                  <tip_y sid="tip_y" type="float">0.02999997</tip_y>
                                  <tip_z sid="tip_z" type="float">0</tip_z>
                                </technique>
                              </extra>
                            </node>
                            <extra>
                              <technique profile="blender">
                                <layer sid="layer" type="string">0</layer>
                                <tip_x sid="tip_x" type="float">0</tip_x>
                                <tip_y sid="tip_y" type="float">0.02999997</tip_y>
                                <tip_z sid="tip_z" type="float">0</tip_z>
                              </technique>
                            </extra>
                          </node>
                          <extra>
                            <technique profile="blender">
                              <layer sid="layer" type="string">0</layer>
                              <tip_x sid="tip_x" type="float">0</tip_x>
                              <tip_y sid="tip_y" type="float">0.02999997</tip_y>
                              <tip_z sid="tip_z" type="float">0</tip_z>
                            </technique>
                          </extra>
                        </node>
                        <extra>
                          <technique profile="blender">
                            <layer sid="layer" type="string">0</layer>
                            <tip_x sid="tip_x" type="float">0</tip_x>
                            <tip_y sid="tip_y" type="float">0.02999997</tip_y>
                            <tip_z sid="tip_z" type="float">0</tip_z>
                          </technique>
                        </extra>
                      </node>
                      <extra>
                        <technique profile="blender">
                          <layer sid="layer" type="string">0</layer>
                          <tip_x sid="tip_x" type="float">0</tip_x>
                          <tip_y sid="tip_y" type="float">0.02999997</tip_y>
                          <tip_z sid="tip_z" type="float">0</tip_z>
                        </technique>
                      </extra>
                    </node>
                    <extra>
                      <technique profile="blender">
                        <layer sid="layer" type="string">0</layer>
                        <tip_x sid="tip_x" type="float">0</tip_x>
                        <tip_y sid="tip_y" type="float">0.02999997</tip_y>
                        <tip_z sid="tip_z" type="float">0</tip_z>
                      </technique>
                    </extra>
                  </node>
                  <extra>
                    <technique profile="blender">
                      <layer sid="layer" type="string">0</layer>
                      <tip_x sid="tip_x" type="float">0</tip_x>
                      <tip_y sid="tip_y" type="float">0.02999997</tip_y>
                      <tip_z sid="tip_z" type="float">0</tip_z>
                    </technique>
                  </extra>
                </node>
                <extra>
                  <technique profile="blender">
                    <layer sid="layer" type="string">0</layer>
                    <tip_x sid="tip_x" type="float">0</tip_x>
                    <tip_y sid="tip_y" type="float">0.02999997</tip_y>
                    <tip_z sid="tip_z" type="float">0</tip_z>
                  </technique>
                </extra>
              </node>
              <extra>
                <technique profile="blender">
                  <layer sid="layer" type="string">0</layer>
                  <tip_x sid="tip_x" type="float">0</tip_x>
                  <tip_y sid="tip_y" type="float">0.02999997</tip_y>
                  <tip_z sid="tip_z" type="float">0</tip_z>
                </technique>
              </extra>
            </node>
            <extra>
              <technique profile="blender">
                <layer sid="layer" type="string">0</layer>
                <tip_x sid="tip_x" type="float">0</tip_x>
                <tip_y sid="tip_y" type="float">0.02999997</tip_y>
                <tip_z sid="tip_z" type="float">0</tip_z>
              </technique>
            </extra>
          </node>
          <node id="GanondorfRig_mHipRight" name="mHipRight" sid="mHipRight" type="JOINT">
            <matrix sid="transform">1 0 0 0.034 0 1 0 -0.129 0 0 1 -0.04100001 0 0 0 1</matrix>
            <node id="GanondorfRig_R_UPPER_LEG" name="R_UPPER_LEG" sid="R_UPPER_LEG" type="JOINT">
              <matrix sid="transform">1 0 0 -0.02 0 1 0 0.04999999 0 0 1 -0.22 0 0 0 1</matrix>
              <extra>
                <technique profile="blender">
                  <layer sid="layer" type="string">0</layer>
                  <tip_x sid="tip_x" type="float">0</tip_x>
                  <tip_y sid="tip_y" type="float">0.02999997</tip_y>
                  <tip_z sid="tip_z" type="float">0</tip_z>
                </technique>
              </extra>
            </node>
            <node id="GanondorfRig_mKneeRight" name="mKneeRight" sid="mKneeRight" type="JOINT">
              <matrix sid="transform">1 0 0 -0.001000002 0 1 0 0.04899999 0 0 1 -0.491 0 0 0 1</matrix>
              <node id="GanondorfRig_R_LOWER_LEG" name="R_LOWER_LEG" sid="R_LOWER_LEG" type="JOINT">
                <matrix sid="transform">1 0 0 -0.02 0 1 0 0 0 0 1 -0.2 0 0 0 1</matrix>
                <extra>
                  <technique profile="blender">
                    <layer sid="layer" type="string">0</layer>
                    <tip_x sid="tip_x" type="float">0</tip_x>
                    <tip_y sid="tip_y" type="float">0.02999997</tip_y>
                    <tip_z sid="tip_z" type="float">0</tip_z>
                  </technique>
                </extra>
              </node>
              <node id="GanondorfRig_mAnkleRight" name="mAnkleRight" sid="mAnkleRight" type="JOINT">
                <matrix sid="transform">1 0 0 -0.029 0 1 0 0 0 0 1 -0.468 0 0 0 1</matrix>
                <node id="GanondorfRig_R_FOOT" name="R_FOOT" sid="R_FOOT" type="JOINT">
                  <matrix sid="transform">1 0 1.49012e-8 0.077 0 1 0 0 -1.49012e-8 0 1 -0.041 0 0 0 1</matrix>
                  <extra>
                    <technique profile="blender">
                      <layer sid="layer" type="string">0</layer>
                      <roll sid="roll" type="float">0.1745329</roll>
                      <tip_x sid="tip_x" type="float">0</tip_x>
                      <tip_y sid="tip_y" type="float">0.02999997</tip_y>
                      <tip_z sid="tip_z" type="float">0</tip_z>
                    </technique>
                  </extra>
                </node>
                <node id="GanondorfRig_mFootRight" name="mFootRight" sid="mFootRight" type="JOINT">
                  <matrix sid="transform">1 0 0 0.112 0 1 0 0 0 0 1 -0.061 0 0 0 1</matrix>
                  <node id="GanondorfRig_mToeRight" name="mToeRight" sid="mToeRight" type="JOINT">
                    <matrix sid="transform">1 0 0 0.109 0 1 0 0 0 0 1 0 0 0 0 1</matrix>
                    <extra>
                      <technique profile="blender">
                        <layer sid="layer" type="string">0</layer>
                        <tip_x sid="tip_x" type="float">0</tip_x>
                        <tip_y sid="tip_y" type="float">0.02999997</tip_y>
                        <tip_z sid="tip_z" type="float">0</tip_z>
                      </technique>
                    </extra>
                  </node>
                  <extra>
                    <technique profile="blender">
                      <layer sid="layer" type="string">0</layer>
                      <tip_x sid="tip_x" type="float">0</tip_x>
                      <tip_y sid="tip_y" type="float">0.02999997</tip_y>
                      <tip_z sid="tip_z" type="float">0</tip_z>
                    </technique>
                  </extra>
                </node>
                <extra>
                  <technique profile="blender">
                    <layer sid="layer" type="string">0</layer>
                    <tip_x sid="tip_x" type="float">0</tip_x>
                    <tip_y sid="tip_y" type="float">0.02999997</tip_y>
                    <tip_z sid="tip_z" type="float">0</tip_z>
                  </technique>
                </extra>
              </node>
              <extra>
                <technique profile="blender">
                  <layer sid="layer" type="string">0</layer>
                  <tip_x sid="tip_x" type="float">0</tip_x>
                  <tip_y sid="tip_y" type="float">0.02999997</tip_y>
                  <tip_z sid="tip_z" type="float">0</tip_z>
                </technique>
              </extra>
            </node>
            <extra>
              <technique profile="blender">
                <layer sid="layer" type="string">0</layer>
                <tip_x sid="tip_x" type="float">0</tip_x>
                <tip_y sid="tip_y" type="float">0.02999997</tip_y>
                <tip_z sid="tip_z" type="float">0</tip_z>
              </technique>
            </extra>
          </node>
          <node id="GanondorfRig_mHipLeft" name="mHipLeft" sid="mHipLeft" type="JOINT">
            <matrix sid="transform">1 0 0 0.034 0 1 0 0.127 0 0 1 -0.04100001 0 0 0 1</matrix>
            <node id="GanondorfRig_L_UPPER_LEG" name="L_UPPER_LEG" sid="L_UPPER_LEG" type="JOINT">
              <matrix sid="transform">1 0 0 -0.02 0 1 0 -0.05 0 0 1 -0.22 0 0 0 1</matrix>
              <extra>
                <technique profile="blender">
                  <layer sid="layer" type="string">0</layer>
                  <tip_x sid="tip_x" type="float">0</tip_x>
                  <tip_y sid="tip_y" type="float">0.02999997</tip_y>
                  <tip_z sid="tip_z" type="float">0</tip_z>
                </technique>
              </extra>
            </node>
            <node id="GanondorfRig_mKneeLeft" name="mKneeLeft" sid="mKneeLeft" type="JOINT">
              <matrix sid="transform">1 0 0 -0.001000002 0 1 0 -0.046 0 0 1 -0.491 0 0 0 1</matrix>
              <node id="GanondorfRig_L_LOWER_LEG" name="L_LOWER_LEG" sid="L_LOWER_LEG" type="JOINT">
                <matrix sid="transform">1 0 0 -0.02 0 1 0 0 0 0 1 -0.2 0 0 0 1</matrix>
                <extra>
                  <technique profile="blender">
                    <layer sid="layer" type="string">0</layer>
                    <tip_x sid="tip_x" type="float">0</tip_x>
                    <tip_y sid="tip_y" type="float">0.02999997</tip_y>
                    <tip_z sid="tip_z" type="float">0</tip_z>
                  </technique>
                </extra>
              </node>
              <node id="GanondorfRig_mAnkleLeft" name="mAnkleLeft" sid="mAnkleLeft" type="JOINT">
                <matrix sid="transform">1 0 0 -0.029 0 1 0 0.001000002 0 0 1 -0.468 0 0 0 1</matrix>
                <node id="GanondorfRig_L_FOOT" name="L_FOOT" sid="L_FOOT" type="JOINT">
                  <matrix sid="transform">1 0 1.49012e-8 0.077 0 1 0 0 -1.49012e-8 0 1 -0.041 0 0 0 1</matrix>
                  <extra>
                    <technique profile="blender">
                      <layer sid="layer" type="string">0</layer>
                      <roll sid="roll" type="float">0.1745329</roll>
                      <tip_x sid="tip_x" type="float">0</tip_x>
                      <tip_y sid="tip_y" type="float">0.02999997</tip_y>
                      <tip_z sid="tip_z" type="float">0</tip_z>
                    </technique>
                  </extra>
                </node>
                <node id="GanondorfRig_mFootLeft" name="mFootLeft" sid="mFootLeft" type="JOINT">
                  <matrix sid="transform">1 0 0 0.112 0 1 0 0 0 0 1 -0.061 0 0 0 1</matrix>
                  <node id="GanondorfRig_mToeLeft" name="mToeLeft" sid="mToeLeft" type="JOINT">
                    <matrix sid="transform">1 0 0 0.109 0 1 0 0 0 0 1 0 0 0 0 1</matrix>
                    <extra>
                      <technique profile="blender">
                        <layer sid="layer" type="string">0</layer>
                        <tip_x sid="tip_x" type="float">0</tip_x>
                        <tip_y sid="tip_y" type="float">0.02999997</tip_y>
                        <tip_z sid="tip_z" type="float">0</tip_z>
                      </technique>
                    </extra>
                  </node>
                  <extra>
                    <technique profile="blender">
                      <layer sid="layer" type="string">0</layer>
                      <tip_x sid="tip_x" type="float">0</tip_x>
                      <tip_y sid="tip_y" type="float">0.02999997</tip_y>
                      <tip_z sid="tip_z" type="float">0</tip_z>
                    </technique>
                  </extra>
                </node>
                <extra>
                  <technique profile="blender">
                    <layer sid="layer" type="string">0</layer>
                    <tip_x sid="tip_x" type="float">0</tip_x>
                    <tip_y sid="tip_y" type="float">0.02999997</tip_y>
                    <tip_z sid="tip_z" type="float">0</tip_z>
                  </technique>
                </extra>
              </node>
              <extra>
                <technique profile="blender">
                  <layer sid="layer" type="string">0</layer>
                  <tip_x sid="tip_x" type="float">0</tip_x>
                  <tip_y sid="tip_y" type="float">0.02999997</tip_y>
                  <tip_z sid="tip_z" type="float">0</tip_z>
                </technique>
              </extra>
            </node>
            <extra>
              <technique profile="blender">
                <layer sid="layer" type="string">0</layer>
                <tip_x sid="tip_x" type="float">0</tip_x>
                <tip_y sid="tip_y" type="float">0.02999997</tip_y>
                <tip_z sid="tip_z" type="float">0</tip_z>
              </technique>
            </extra>
          </node>
          <node id="GanondorfRig_mTail1" name="mTail1" sid="mTail1" type="JOINT">
            <matrix sid="transform">1 0 0 -0.116 0 1 0 0 0 0 1 0.04699993 0 0 0 1</matrix>
            <node id="GanondorfRig_mTail2" name="mTail2" sid="mTail2" type="JOINT">
              <matrix sid="transform">1 0 0 -0.197 0 1 0 0 0 0 1 0 0 0 0 1</matrix>
              <node id="GanondorfRig_mTail3" name="mTail3" sid="mTail3" type="JOINT">
                <matrix sid="transform">1 0 0 -0.168 0 1 0 0 0 0 1 0 0 0 0 1</matrix>
                <node id="GanondorfRig_mTail4" name="mTail4" sid="mTail4" type="JOINT">
                  <matrix sid="transform">1 0 0 -0.142 0 1 0 0 0 0 1 0 0 0 0 1</matrix>
                  <node id="GanondorfRig_mTail5" name="mTail5" sid="mTail5" type="JOINT">
                    <matrix sid="transform">1 0 0 -0.112 0 1 0 0 0 0 1 0 0 0 0 1</matrix>
                    <node id="GanondorfRig_mTail6" name="mTail6" sid="mTail6" type="JOINT">
                      <matrix sid="transform">1 0 0 -0.09399998 0 1 0 0 0 0 1 0 0 0 0 1</matrix>
                      <extra>
                        <technique profile="blender">
                          <layer sid="layer" type="string">0</layer>
                          <tip_x sid="tip_x" type="float">0</tip_x>
                          <tip_y sid="tip_y" type="float">0.02999997</tip_y>
                          <tip_z sid="tip_z" type="float">0</tip_z>
                        </technique>
                      </extra>
                    </node>
                    <extra>
                      <technique profile="blender">
                        <layer sid="layer" type="string">0</layer>
                        <tip_x sid="tip_x" type="float">0</tip_x>
                        <tip_y sid="tip_y" type="float">0.02999997</tip_y>
                        <tip_z sid="tip_z" type="float">0</tip_z>
                      </technique>
                    </extra>
                  </node>
                  <extra>
                    <technique profile="blender">
                      <layer sid="layer" type="string">0</layer>
                      <tip_x sid="tip_x" type="float">0</tip_x>
                      <tip_y sid="tip_y" type="float">0.02999997</tip_y>
                      <tip_z sid="tip_z" type="float">0</tip_z>
                    </technique>
                  </extra>
                </node>
                <extra>
                  <technique profile="blender">
                    <layer sid="layer" type="string">0</layer>
                    <tip_x sid="tip_x" type="float">0</tip_x>
                    <tip_y sid="tip_y" type="float">0.02999997</tip_y>
                    <tip_z sid="tip_z" type="float">0</tip_z>
                  </technique>
                </extra>
              </node>
              <extra>
                <technique profile="blender">
                  <layer sid="layer" type="string">0</layer>
                  <tip_x sid="tip_x" type="float">0</tip_x>
                  <tip_y sid="tip_y" type="float">0.02999997</tip_y>
                  <tip_z sid="tip_z" type="float">0</tip_z>
                </technique>
              </extra>
            </node>
            <extra>
              <technique profile="blender">
                <layer sid="layer" type="string">0</layer>
                <tip_x sid="tip_x" type="float">0</tip_x>
                <tip_y sid="tip_y" type="float">0.02999997</tip_y>
                <tip_z sid="tip_z" type="float">0</tip_z>
              </technique>
            </extra>
          </node>
          <node id="GanondorfRig_mGroin" name="mGroin" sid="mGroin" type="JOINT">
            <matrix sid="transform">1 0 0 0.064 0 1 0 0 0 0 1 -0.097 0 0 0 1</matrix>
            <extra>
              <technique profile="blender">
                <layer sid="layer" type="string">0</layer>
                <tip_x sid="tip_x" type="float">0</tip_x>
                <tip_y sid="tip_y" type="float">0.02999997</tip_y>
                <tip_z sid="tip_z" type="float">0</tip_z>
              </technique>
            </extra>
          </node>
          <node id="GanondorfRig_mHindLimbsRoot" name="mHindLimbsRoot" sid="mHindLimbsRoot" type="JOINT">
            <matrix sid="transform">1 0 0 -0.2 0 1 0 0 0 0 1 0.08399999 0 0 0 1</matrix>
            <node id="GanondorfRig_mHindLimb1Left" name="mHindLimb1Left" sid="mHindLimb1Left" type="JOINT">
              <matrix sid="transform">1 0 0 -0.204 0 1 0 0.129 0 0 1 -0.125 0 0 0 1</matrix>
              <node id="GanondorfRig_mHindLimb2Left" name="mHindLimb2Left" sid="mHindLimb2Left" type="JOINT">
                <matrix sid="transform">1 0 0 0.002000004 0 1 0 -0.046 0 0 1 -0.491 0 0 0 1</matrix>
                <node id="GanondorfRig_mHindLimb3Left" name="mHindLimb3Left" sid="mHindLimb3Left" type="JOINT">
                  <matrix sid="transform">1 0 0 -0.03 0 1 0 -0.002999999 0 0 1 -0.468 0 0 0 1</matrix>
                  <node id="GanondorfRig_mHindLimb4Left" name="mHindLimb4Left" sid="mHindLimb4Left" type="JOINT">
                    <matrix sid="transform">1 0 0 0.112 0 1 0 0 0 0 1 -0.061 0 0 0 1</matrix>
                    <extra>
                      <technique profile="blender">
                        <layer sid="layer" type="string">0</layer>
                        <tip_x sid="tip_x" type="float">0</tip_x>
                        <tip_y sid="tip_y" type="float">0.02999997</tip_y>
                        <tip_z sid="tip_z" type="float">0</tip_z>
                      </technique>
                    </extra>
                  </node>
                  <extra>
                    <technique profile="blender">
                      <layer sid="layer" type="string">0</layer>
                      <tip_x sid="tip_x" type="float">0</tip_x>
                      <tip_y sid="tip_y" type="float">0.02999997</tip_y>
                      <tip_z sid="tip_z" type="float">0</tip_z>
                    </technique>
                  </extra>
                </node>
                <extra>
                  <technique profile="blender">
                    <layer sid="layer" type="string">0</layer>
                    <tip_x sid="tip_x" type="float">0</tip_x>
                    <tip_y sid="tip_y" type="float">0.02999997</tip_y>
                    <tip_z sid="tip_z" type="float">0</tip_z>
                  </technique>
                </extra>
              </node>
              <extra>
                <technique profile="blender">
                  <layer sid="layer" type="string">0</layer>
                  <tip_x sid="tip_x" type="float">0</tip_x>
                  <tip_y sid="tip_y" type="float">0.02999997</tip_y>
                  <tip_z sid="tip_z" type="float">0</tip_z>
                </technique>
              </extra>
            </node>
            <node id="GanondorfRig_mHindLimb1Right" name="mHindLimb1Right" sid="mHindLimb1Right" type="JOINT">
              <matrix sid="transform">1 0 0 -0.204 0 1 0 -0.129 0 0 1 -0.125 0 0 0 1</matrix>
              <node id="GanondorfRig_mHindLimb2Right" name="mHindLimb2Right" sid="mHindLimb2Right" type="JOINT">
                <matrix sid="transform">1 0 0 0.002000004 0 1 0 0.046 0 0 1 -0.491 0 0 0 1</matrix>
                <node id="GanondorfRig_mHindLimb3Right" name="mHindLimb3Right" sid="mHindLimb3Right" type="JOINT">
                  <matrix sid="transform">1 0 0 -0.03 0 1 0 0.002999999 0 0 1 -0.468 0 0 0 1</matrix>
                  <node id="GanondorfRig_mHindLimb4Right" name="mHindLimb4Right" sid="mHindLimb4Right" type="JOINT">
                    <matrix sid="transform">1 0 0 0.112 0 1 0 0 0 0 1 -0.061 0 0 0 1</matrix>
                    <extra>
                      <technique profile="blender">
                        <layer sid="layer" type="string">0</layer>
                        <tip_x sid="tip_x" type="float">0</tip_x>
                        <tip_y sid="tip_y" type="float">0.02999997</tip_y>
                        <tip_z sid="tip_z" type="float">0</tip_z>
                      </technique>
                    </extra>
                  </node>
                  <extra>
                    <technique profile="blender">
                      <layer sid="layer" type="string">0</layer>
                      <tip_x sid="tip_x" type="float">0</tip_x>
                      <tip_y sid="tip_y" type="float">0.02999997</tip_y>
                      <tip_z sid="tip_z" type="float">0</tip_z>
                    </technique>
                  </extra>
                </node>
                <extra>
                  <technique profile="blender">
                    <layer sid="layer" type="string">0</layer>
                    <tip_x sid="tip_x" type="float">0</tip_x>
                    <tip_y sid="tip_y" type="float">0.02999997</tip_y>
                    <tip_z sid="tip_z" type="float">0</tip_z>
                  </technique>
                </extra>
              </node>
              <extra>
                <technique profile="blender">
                  <layer sid="layer" type="string">0</layer>
                  <tip_x sid="tip_x" type="float">0</tip_x>
                  <tip_y sid="tip_y" type="float">0.02999997</tip_y>
                  <tip_z sid="tip_z" type="float">0</tip_z>
                </technique>
              </extra>
            </node>
            <extra>
              <technique profile="blender">
                <layer sid="layer" type="string">0</layer>
                <tip_x sid="tip_x" type="float">0</tip_x>
                <tip_y sid="tip_y" type="float">0.02999997</tip_y>
                <tip_z sid="tip_z" type="float">0</tip_z>
              </technique>
            </extra>
          </node>
          <extra>
            <technique profile="blender">
              <layer sid="layer" type="string">0</layer>
              <tip_x sid="tip_x" type="float">0</tip_x>
              <tip_y sid="tip_y" type="float">0.02999997</tip_y>
              <tip_z sid="tip_z" type="float">0</tip_z>
            </technique>
          </extra>
        </node>
        <node id="GanondorfBracerLeft_LOD1" name="GanondorfBracerLeft_LOD1" type="NODE">
          <matrix sid="transform">1 0 0 0 0 1 0 0 0 0 1 0 0 0 0 1</matrix>
          <instance_controller url="#GanondorfRig_GanondorfBracerLeft_LOD1-skin">
            <skeleton>#GanondorfRig_mPelvis</skeleton>
            <bind_material>
              <technique_common>
                <instance_material symbol="Bracer-material" target="#Bracer-material">
                  <bind_vertex_input semantic="UVMap" input_semantic="TEXCOORD" input_set="0"/>
                </instance_material>
              </technique_common>
            </bind_material>
          </instance_controller>
        </node>
      </node>
    </visual_scene>
  </library_visual_scenes>
  <scene>
    <instance_visual_scene url="#Scene"/>
  </scene>
</COLLADA>