<?xml version="1.0" encoding="utf-8"?>
<COLLADA xmlns="http://www.collada.org/2005/11/COLLADASchema" version="1.4.1" xmlns:xsi="http://www.w3.org/2001/XMLSchema-instance">
  <asset>
    <contributor>
      <author>Blender User</author>
      <authoring_tool>Blender 3.6.19 commit date:2024-12-16, commit time:12:51, hash:56679ff9b2b2</authoring_tool>
    </contributor>
    <created>2026-07-11T12:04:57</created>
    <modified>2026-07-11T12:04:57</modified>
    <unit name="meter" meter="1"/>
    <up_axis>Z_UP</up_axis>
  </asset>
  <library_effects>
    <effect id="Gold-effect">
      <profile_COMMON>
        <technique sid="common">
          <lambert>
            <emission>
              <color sid="emission">0 0 0 1</color>
            </emission>
            <diffuse>
              <color sid="diffuse">0.85 0.65 0.2 1</color>
            </diffuse>
            <reflectivity>
              <float sid="specular">0.5</float>
            </reflectivity>
          </lambert>
        </technique>
      </profile_COMMON>
    </effect>
    <effect id="Gem-effect">
      <profile_COMMON>
        <technique sid="common">
          <lambert>
            <emission>
              <color sid="emission">0 0 0 1</color>
            </emission>
            <diffuse>
              <color sid="diffuse">0.6 0.06 0.1 1</color>
            </diffuse>
            <reflectivity>
              <float sid="specular">0.5</float>
            </reflectivity>
          </lambert>
        </technique>
      </profile_COMMON>
    </effect>
  </library_effects>
  <library_images/>
  <library_materials>
    <material id="Gold-material" name="Gold">
      <instance_effect url="#Gold-effect"/>
    </material>
    <material id="Gem-material" name="Gem">
      <instance_effect url="#Gem-effect"/>
    </material>
  </library_materials>
  <library_geometries>
    <geometry id="GanondorfCirclet_LOD1-mesh" name="GanondorfCirclet_LOD1">
      <mesh>
        <source id="GanondorfCirclet_LOD1-mesh-positions">
          <float_array id="GanondorfCirclet_LOD1-mesh-positions-array" count="2160">0.05849522 -0.09147638 1.786923 0.05787992 -0.09032803 1.788868 0.05701529 -0.08858335 1.790168 0.05603289 -0.08650797 1.790624 0.05508232 -0.08441781 1.790168 0.05430829 -0.08263105 1.788868 0.05382859 -0.08141982 1.786923 0.05371636 -0.08096837 1.784629 0.05398863 -0.08134555 1.782334 0.05460393 -0.0824939 1.780389 0.05546855 -0.08423858 1.77909 0.05645096 -0.08631396 1.778633 0.05740153 -0.08840411 1.77909 0.05817562 -0.09019082 1.780389 0.05865526 -0.09140211 1.782334 0.05876749 -0.09185355 1.784629 0.05849522 0.09147638 1.786923 0.05787992 0.09032803 1.788868 0.05701529 0.08858335 1.790168 0.05603289 0.08650797 1.790624 0.05508232 0.08441781 1.790168 0.05430823 0.08263111 1.788868 0.05382859 0.08141982 1.786923 0.05371636 0.08096837 1.784629 0.05398863 0.08134555 1.782334 0.05460393 0.0824939 1.780389 0.05546855 0.08423858 1.77909 0.05645096 0.08631396 1.778633 0.05740153 0.08840411 1.77909 0.05817562 0.09019082 1.780389 0.05865526 0.09140211 1.782334 0.05876749 0.09185355 1.784629 0.05873632 0.09189528 1.785826 0.05792975 0.09043699 1.788901 0.05701828 0.08859002 1.79017 0.05609554 0.08664292 1.790625 0.05508232 0.08441781 1.790168 0.05433183 0.0826829 1.788883 0.05385005 0.0814678 1.786949 0.05373173 0.0810011 1.78463 0.05401182 0.08139288 1.782311 0.05462878 0.08254593 1.780376 0.05546855 0.08423858 1.77909 0.05645698 0.08632695 1.778634 0.05745643 0.08852159 1.779086 0.05822783 0.09029978 1.780364 0.05867618 0.09144675 1.782335 0.0668556 0.08748668 1.787278 0.0691412 0.07755213 1.790763 0.06950157 0.07738608 1.779685 0.06761598 0.08761882 1.785004 0.07545948 0.07937115 1.790943 0.07967627 0.07436752 1.779617 0.07109457 0.07420176 1.789563 0.0671603 0.07484954 1.787487 0.07023739 0.07270705 1.785346 0.06852096 0.07414263 1.782951 0.06807518 0.07585036 1.780961 0.07631123 0.08253127 1.783067 0.07801365 0.08150696 1.787727 0.08078944 0.07838815 1.78982 0.08081084 0.07337218 1.791674 0.08232676 0.07520461 1.780146 0.07948076 0.07919353 1.781308 0.0811125 0.08022618 1.785576 0.07779866 0.06859833 1.787925 0.07875955 0.06956261 1.781421 0.07914006 0.06771653 1.783402 0.08219349 0.06947338 1.791317 0.08235812 0.06943994 1.780231 0.0856809 0.07657974 1.788076 0.0822798 0.06702941 1.790065 0.0792225 0.06702846 1.785703 0.08579826 0.07654023 1.783497 0.09109556 0.06850892 1.791613 0.09047466 0.07152646 1.781752 0.09276705 0.07192713 1.786059 0.09314829 0.07099145 1.788392 0.09282761 0.06955397 1.790359 0.08655589 0.06150722 1.786012 0.09275138 0.07134735 1.783773 0.0876851 0.06113415 1.788358 0.08923655 0.06162256 1.781857 0.08822453 0.06072139 1.783792 0.09385001 0.06004023 1.791809 0.09230625 0.06155025 1.780652 0.0954321 0.06166833 1.792295 0.09081095 0.06010109 1.790408 0.09690302 0.06360661 1.780766 0.09838032 0.05906391 1.78041 0.09856235 0.06463593 1.782097 0.1000546 0.0650016 1.784096 0.1020636 0.06297266 1.788792 0.1011252 0.06455868 1.786424 0.1019257 0.0612207 1.790735 0.09233313 0.05633103 1.786275 0.102827 0.05741548 1.792112 0.0941087 0.05518758 1.788624 0.09622138 0.05313003 1.784135 0.0960223 0.05519694 1.782148 0.0981822 0.05275547 1.790732 0.1015046 0.05214214 1.781041 0.09745365 0.05095553 1.786482 0.1060386 0.0568217 1.782422 0.104667 0.05540943 1.781091 0.1057969 0.05896377 1.784332 0.107179 0.04850178 1.79279 0.1077283 0.05739659 1.786718 0.1045679 0.04805928 1.792266 0.09947979 0.04920792 1.788863 0.1017768 0.04860192 1.782389 0.1104051 0.05330401 1.789115 0.1085578 0.05345666 1.791016 0.1109133 0.05272465 1.784542 0.1098091 0.04497241 1.780894 0.1023096 0.04486036 1.786688 0.1030789 0.04466372 1.784403 0.1061526 0.04237931 1.791059 0.1109288 0.04725927 1.78136 0.1124086 0.05136603 1.786896 0.1116456 0.04583966 1.792484 0.1044759 0.04253047 1.789063 0.1124022 0.04846221 1.782683 0.1136555 0.04636472 1.791227 0.1073439 0.04075312 1.78262 0.1083739 0.04276669 1.78133 0.1173239 0.04296714 1.789406 0.1067864 0.03812694 1.786869 0.1164036 0.04460757 1.784781 0.1172152 0.04407554 1.787096 0.1084056 0.03636461 1.784641 0.1134161 0.03357475 1.792636 0.116954 0.04113614 1.782887 0.1082113 0.03642302 1.789236 0.116213 0.03847569 1.781581 0.1143859 0.03200113 1.781589 0.1200841 0.03470534 1.791512 0.1176698 0.03516322 1.792739 0.1161084 0.03312134 1.793171 0.111092 0.03368568 1.79128 0.1128215 0.03057581 1.782851 0.1183326 0.02873456 1.781255 0.1205244 0.03697168 1.784962 0.1113963 0.03011184 1.789356 0.1107437 0.03054678 1.787038 0.1216904 0.03546452 1.787295 0.1212147 0.03245407 1.78306 0.1227178 0.03185945 1.789654 0.1128886 0.02682739 1.784838 0.1208094 0.02836561 1.781777 0.114372 0.02621364 1.791413 0.1236498 0.02968251 1.785075 0.1131403 0.02464401 1.787157 0.1244251 0.02872407 1.787411 0.1230334 0.02088856 1.792962 0.114089 0.02317452 1.789477 0.1250118 0.02088409 1.791714 0.1217838 0.01650381 1.793411 0.1192687 0.01706838 1.792891 0.1164011 0.02067035 1.783016 0.1240112 0.02473896 1.783174 0.1261337 0.02172148 1.78979 0.1187143 0.01982331 1.78177 0.1151452 0.01828777 1.787224 0.1153552 0.01939809 1.78494 0.1267396 0.01989191 1.785229 0.1268038 0.02116018 1.787521 0.1176891 0.01501095 1.791553 0.1160625 0.01624453 1.789554 0.1237741 0.01848119 1.781902 0.126114 0.01692247 1.783273 0.1227005 0.01264709 1.78144 0.1167984 0.01320981 1.784991 0.1184264 0.01191097 1.783089 0.1279426 0.01316833 1.789866 0.1165288 0.01174533 1.787286 0.1211537 0.006969809 1.781871 0.1285083 0.01286917 1.787584 0.1254804 0.008933484 1.781974 0.1271212 0.009447515 1.791798 0.117721 0.006144046 1.78965 0.1285837 0.009447991 1.785297 0.125656 0.004407644 1.793077 0.1177187 0.006647169 1.785035 0.1274508 0.008139431 1.783325 0.1173898 0.004576623 1.787345 0.1287842 0.005987942 1.789896 0.1210895 0.002535402 1.792965 0.1191261 0.003127157 1.791605 0.1294409 0.00405991 1.787634 0.119423 9.82146e-4 1.783143 0.1234479 -7.3465e-4 1.793481 0.1236841 -0.00613588 1.781483 0.1276997 -0.00169301 1.791821 0.1278871 -0.001801788 1.783337 0.1290588 0.002452373 1.785314 0.1180339 -0.001953184 1.785058 0.1259471 -0.001129686 1.781992 0.1289632 -0.003460824 1.78992 0.1178574 -0.002589225 1.789636 0.1174113 -0.004067718 1.787312 0.1289723 -0.005285799 1.785313 0.1211068 -0.006413817 1.781874 0.1293983 -0.004164934 1.787622 0.1190103 -0.004697501 1.791615 0.125176 -0.00922805 1.793056 0.1207144 -0.007492184 1.792947 0.117269 -0.009722113 1.789596 0.1187452 -0.009761631 1.783103 0.1251928 -0.01118528 1.781962 0.128678 -0.01187431 1.787591 0.126565 -0.01336753 1.79179 0.1212788 -0.01885545 1.793389 0.1181151 -0.01256084 1.791572 0.1172848 -0.0102775 1.785011 0.1267969 -0.01334321 1.783306 0.1279857 -0.01288956 1.789874 0.1165536 -0.01167625 1.787305 0.1273844 -0.01713693 1.785257 0.1191582 -0.01708143 1.792884 0.1192213 -0.01806551 1.781788 0.1234674 -0.01863253 1.792985 0.1156668 -0.01840704 1.78494 0.1259808 -0.02237153 1.789773 0.1153115 -0.01933622 1.789545 0.117233 -0.01756495 1.78304 0.126942 -0.02056783 1.78751 0.1149002 -0.01920145 1.787205 0.1229407 -0.02177911 1.781868 0.1245145 -0.02245891 1.791692 0.1199184 -0.02399504 1.781323 0.1246901 -0.02255141 1.783207 0.1152967 -0.02370768 1.791447 0.1206665 -0.02802836 1.792864 0.1149141 -0.02528089 1.782945 0.1240546 -0.02867108 1.785114 0.1155132 -0.02868133 1.792729 0.1238815 -0.03034031 1.787376 0.1207612 -0.03319168 1.791527 0.1125735 -0.02618449 1.787129 0.1123336 -0.02822178 1.784824 0.1158122 -0.02842456 1.781649 0.1218037 -0.03099024 1.783081 0.1230531 -0.03091508 1.789664 0.1123552 -0.02785074 1.789397 0.1186143 -0.03374111 1.781682 0.1126558 -0.04019033 1.793024 0.1130284 -0.0399118 1.781031 0.1201812 -0.03749066 1.789524 0.1113349 -0.03320407 1.791285 0.1098265 -0.03247314 1.787013 0.1105898 -0.03513801 1.782762 0.1202906 -0.03745204 1.784933 0.1160655 -0.03831475 1.792671 0.1092101 -0.03459066 1.789264 0.1113865 -0.03781735 1.781459 0.1183235 -0.03853875 1.782935 0.1193104 -0.04031032 1.787203 0.1103535 -0.03916513 1.79251 0.1086113 -0.03588855 1.784649 0.1148721 -0.04439944 1.791289 0.1157352 -0.04552721 1.789364 0.1067584 -0.04138994 1.791086 0.1054316 -0.04035508 1.786801 0.1149359 -0.04703003 1.784719 0.1126394 -0.04462927 1.78143 0.1135739 -0.04677474 1.782736 0.1042668 -0.04291325 1.789078 0.1099755 -0.04832702 1.792414 0.1040785 -0.04329073 1.784457 0.1145571 -0.04828548 1.787001 0.1051251 -0.04408538 1.782531 0.1024509 -0.05081146 1.792175 0.1054719 -0.04700124 1.781207 0.1097306 -0.05417674 1.789095 0.1079359 -0.05434328 1.79099 0.1056056 -0.05437743 1.781132 0.1012625 -0.04902601 1.790858 0.09852916 -0.04975503 1.786538 0.1089484 -0.05593484 1.786738 0.1014724 -0.05572485 1.780541 0.1073517 -0.05519628 1.782473 0.1082734 -0.05607855 1.784437 0.09976434 -0.05739516 1.792478 0.09850722 -0.05254286 1.782261 0.09734731 -0.05172568 1.788753 0.09793937 -0.05114465 1.784191 0.1019709 -0.05827128 1.792075 0.09709686 -0.05703783 1.780856 0.1034586 -0.0614553 1.788817 0.09467691 -0.05647712 1.790578 0.09910845 -0.06423169 1.782136 0.1031724 -0.06182616 1.78422 0.1024962 -0.06316769 1.786482 0.09976851 -0.06336992 1.790634 0.0914272 -0.05721795 1.786234 0.09019088 -0.05908244 1.783869 0.09750622 -0.06298005 1.78079 0.09178942 -0.06187498 1.791722 0.09170317 -0.05753481 1.788533 0.09640544 -0.06829035 1.78853 0.09157776 -0.05952787 1.781957 0.09755468 -0.06731289 1.783997 0.09169214 -0.06804424 1.791638 0.08690357 -0.06914705 1.779923 0.09459269 -0.07046151 1.786158 0.09093058 -0.07109165 1.790282 0.08826351 -0.06778788 1.791989 0.08690965 -0.0634365 1.790257 0.08604133 -0.06247836 1.788295 0.08351415 -0.06393933 1.78588 0.08656787 -0.06631356 1.780405 0.08694726 -0.07186955 1.780343 0.08394795 -0.06586235 1.781621 0.08738994 -0.07386481 1.781621 0.08754855 -0.07535964 1.783546 0.08843129 -0.07459664 1.788202 0.08086109 -0.07041609 1.79126 0.07963931 -0.0673502 1.783422 0.07701349 -0.07064908 1.789815 0.0792967 -0.067514 1.788002 0.08272832 -0.07919782 1.785644 0.08011251 -0.08028197 1.787825 0.07919627 -0.07932615 1.789754 0.07812803 -0.0776835 1.791059 0.07426846 -0.07738184 1.791399 0.07347565 -0.07520693 1.779859 0.07482683 -0.06992888 1.785523 0.07147479 -0.07406586 1.781128 0.07051867 -0.07304567 1.7876 0.07735002 -0.08040797 1.781208 0.06738311 -0.07481598 1.782921 0.07110291 -0.08174264 1.77967 0.07721745 -0.08196747 1.78313 0.06895005 -0.07760334 1.790755 0.06911182 -0.08017373 1.77917 0.0666294 -0.07462072 1.785176 0.064103 -0.0779258 1.789282 0.06915837 -0.08685463 1.785069 0.06708252 -0.08737993 1.787277 0.05792975 -0.09043699 1.7889 0.05706906 -0.08869969 1.790178 0.05822777 -0.09029978 1.780364 0.06701451 -0.08741289 1.782688 0.05385005 -0.08146786 1.786949 0.05373173 -0.0810011 1.78463 0.05603849 -0.08652001 1.790624 0.0550903 -0.08443528 1.79017 0.05461341 -0.08251363 1.780382 0.0554769 -0.08425635 1.779088 0.05849522 -0.09147638 1.786923 0.05430829 -0.08263105 1.788868 0.05398863 -0.08134555 1.782334 0.0568605 -0.08719485 1.778613 0.05881983 -0.09185653 1.783431 0.1225813 0.01346951 1.786154 0.1228505 0.002662897 1.804563 0.122402 0.007401108 1.802228 0.1255043 0.01161015 1.795886 0.1260778 0.0130344 1.789552 0.1257647 0.01249724 1.782881 0.1254165 0.01003146 1.777189 0.1231186 0.005144059 1.772395 0.1260277 0.008932113 1.79994 0.1283599 0.01036125 1.796151 0.1293964 0.01160097 1.789674 0.1288951 0.01126301 1.782926 0.1254144 0.007036089 1.774011 0.1223958 0.002728104 1.771426 0.1266125 0.003084182 1.803701 0.1299032 0.007403314 1.798817 0.1316542 0.0091542 1.792952 0.1320459 0.009545922 1.788 0.1316262 0.00925523 1.783212 0.1294084 0.008788049 1.778347 0.1282973 0.007555186 1.775981 0.1256976 0.004126608 1.772411 0.1276208 0.005476236 1.802167 0.1327555 0.006043195 1.796151 0.1339667 0.006620287 1.791292 0.1342056 0.006664335 1.786154 0.1333014 0.006236135 1.781542 0.1314139 0.005146503 1.776969 0.1283648 0.004593491 1.773888 0.1297446 0.001941144 1.802031 0.1314321 0.0035277 1.79994 0.1340568 0.003203153 1.795886 0.1355316 0.003407597 1.789846 0.1352894 0.003426909 1.784708 0.1340568 0.003203153 1.780114 0.1344031 1.05831e-4 1.796151 0.1359986 3.49004e-6 1.789675 0.1354976 -9.12323e-5 1.783212 0.1337248 0 1.778625 0.1319993 0.001410901 1.77606 0.1300008 0.00103563 1.773967 0.1275974 0.001220405 1.772394 0.1250208 0.001044094 1.77144 0.1251082 8.06766e-4 1.804574 0.1299223 -0.001155912 1.802069 0.1319524 -0.001298248 1.800038 0.1341378 -0.003118336 1.795776 0.135554 -0.003497719 1.789379 0.1349565 -0.003337681 1.782766 0.1275973 -0.001220226 1.803606 0.130767 -0.004772961 1.799932 0.1328301 -0.005988597 1.796045 0.1342056 -0.006664395 1.789846 0.1337256 -0.006575584 1.783161 0.132748 -0.004386842 1.778351 0.1313132 -0.003522276 1.775891 0.1272428 -0.001964509 1.772374 0.1283441 -0.007445514 1.800106 0.1304371 -0.007937133 1.797375 0.131576 -0.009190559 1.793119 0.1320459 -0.009545922 1.788 0.131576 -0.009190559 1.782881 0.1304371 -0.007937133 1.778625 0.1288433 -0.003662347 1.773698 0.1247741 -0.001410007 1.771445 0.1256976 -0.004126787 1.803589 0.1277152 -0.005479454 1.802102 0.1283009 -0.0104354 1.796042 0.1293051 -0.01162433 1.789846 0.1291203 -0.01146668 1.784708 0.1283009 -0.0104354 1.779958 0.1284715 -0.007521092 1.776059 0.124161 -0.002164602 1.80456 0.1249706 -0.009220659 1.799932 0.1255043 -0.01161015 1.795886 0.1259269 -0.01278942 1.791292 0.126159 -0.01299059 1.786326 0.1254024 -0.01158124 1.779958 0.1239697 -0.00943619 1.775982 0.1255102 -0.006922662 1.773967 0.1250997 -0.004574716 1.77239 0.1233745 -0.007418334 1.802113 0.122394 -0.01190304 1.796151 0.122672 -0.01349496 1.789674 0.1225 -0.01324057 1.784708 0.1224163 -0.01186037 1.77981 0.1213676 -0.009397208 1.800106 0.1180796 -0.01043689 1.797374 0.1189706 -0.01248049 1.792956 0.1190883 -0.01305896 1.786499 0.1193138 -0.01156646 1.780064 0.1213043 -0.00833255 1.774661 0.1225 0 1.804875 0.1210457 -0.002310514 1.804574 0.1218857 -0.005103349 1.803701 0.1159222 -0.01121062 1.792788 0.1159015 -0.01177299 1.786326 0.1163631 -0.0102415 1.779958 0.1194624 -0.00687021 1.773931 0.121113 -0.004965603 1.772354 0.1225 -0.002710282 1.771427 0.1187604 -0.006477117 1.802152 0.1168165 -0.00760138 1.800109 0.1140542 -0.008327305 1.79619 0.113017 -0.009604334 1.789796 0.1132447 -0.009126186 1.783212 0.1145628 -0.007937133 1.778625 0.1167806 -0.007714688 1.776059 0.1184605 -0.003253757 1.8036 0.1160046 -0.003750085 1.802031 0.1121699 -0.005988538 1.796045 0.1108115 -0.006752312 1.789675 0.1112603 -0.006476402 1.783042 0.1134346 -0.005086302 1.777091 0.1184252 -0.003199875 1.772395 0.1136893 -0.003821492 1.79994 0.1116576 -0.002905189 1.797375 0.1099671 -0.003346621 1.792958 0.1094622 -0.003497004 1.786325 0.1109719 -0.003110885 1.779955 0.1158574 -0.003619432 1.773898 0.1173415 -6.78876e-4 1.803601 0.1149998 -8.54472e-4 1.802033 0.1105595 -2.11757e-5 1.796045 0.1090013 -3.5084e-6 1.789675 0.109528 1.10981e-5 1.783042 0.1130007 -0.001410901 1.776059 0.1130047 0.001022696 1.800018 0.1109609 0.003069937 1.796045 0.1094604 0.003490328 1.789675 0.1099728 0.003368079 1.783042 0.1113929 0.001729846 1.778496 0.1150686 0.001036047 1.773919 0.1173455 5.75633e-4 1.772309 0.1156382 0.002951741 1.802113 0.112063 0.005906939 1.795886 0.1108081 0.006746292 1.789675 0.1110333 0.006620287 1.784708 0.1120631 0.005906879 1.780114 0.1136515 0.003665208 1.775978 0.1148156 0.005808472 1.799941 0.1139215 0.008304238 1.796042 0.1129525 0.009542465 1.789675 0.1134562 0.009296774 1.783044 0.1145628 0.007937133 1.778625 0.1197962 -1.10612e-4 1.771373 0.1200165 0.001146316 1.804594 0.1184341 0.003321051 1.803653 0.1180099 0.00606811 1.802033 0.1187821 0.008704185 1.800107 0.1168876 0.009720981 1.797375 0.1160236 0.01123964 1.792958 0.11575 0.01169133 1.788 0.1160269 0.01121157 1.783048 0.1182457 0.01050561 1.778627 0.1168668 0.007711648 1.775982 0.1173207 0.005179345 1.773698 0.119317 0.01147013 1.796151 0.1190923 0.0130316 1.789846 0.1190539 0.01254498 1.78316 0.1198267 0.004458606 1.772366 0.1226189 0.005169153 1.803651 0.1225 0.009545922 1.799932 0.1224788 0.01194041 1.796045 0.1225 0.01324057 1.791292 0.1224787 0.01194041 1.779955 0.1213678 0.009397029 1.775893 0.1214639 0.007431149 1.773919 0.1225 0 1.771125 0.1179 0 1.769509 0.1192848 -0.001408457 1.770878 0.1179203 -0.001231372 1.776077 0.1159999 0 1.7766 0.1141324 -0.001257896 1.776134 0.1127091 0 1.7709 0.1141 0 1.769509 0.1159999 0.003706693 1.769365 0.1192845 0.001128971 1.774696 0.1179 0.002323329 1.77632 0.1127111 0.001307904 1.77473 0.116 0.008982062 1.771197 0.1179913 0.005375027 1.770282 0.1193138 0.004970431 1.771613 0.1159656 0.003208637 1.777017 0.1141048 0.003477334 1.776536 0.1122057 0.002783417 1.772889 0.1127066 0.005271971 1.771659 0.1140498 0.00524646 1.770231 0.1179 0.01027297 1.772625 0.1197913 0.004335939 1.773029 0.1179201 0.005775451 1.77752 0.1127044 0.006292402 1.776185 0.1141 0.01027297 1.772625 0.1159999 0.0145362 1.775638 0.1192849 0.01068347 1.774546 0.1193102 0.007511317 1.776759 0.1159999 0.007276713 1.779134 0.1141046 0.007575154 1.778771 0.1126952 0.01090496 1.774785 0.1179167 0.01441901 1.776299 0.1192909 0.01421809 1.7785 0.1178678 0.009167313 1.780361 0.1141 0.009902 1.781384 0.11272 0.01044124 1.779687 0.1122 0.01060456 1.776854 0.1140835 0.01441878 1.776299 0.1159999 0.01755368 1.780729 0.1198061 0.01290458 1.779577 0.1192845 0.01185894 1.781866 0.1179 0.01100254 1.783443 0.1159999 0.010082 1.782611 0.112715 0.0150187 1.779659 0.1159426 0.01899582 1.786326 0.1179165 0.01779901 1.782708 0.1192849 0.01651793 1.783278 0.1159999 0.01118093 1.785776 0.1141045 0.01138067 1.784329 0.1127091 0.01677137 1.784664 0.1140834 0.01779901 1.782708 0.1179 0.01849085 1.788 0.119273 0.01325446 1.786695 0.1178674 0.01190578 1.786948 0.1141 0.01190906 1.788 0.1127303 0.01315343 1.785433 0.1122 0.01500964 1.784624 0.1160573 0.01830428 1.793348 0.119305 0.0170502 1.789935 0.1198 0.01534307 1.788 0.1159656 0.01139748 1.789005 0.112695 0.0170502 1.789935 0.1140834 0.01846945 1.789922 0.1178688 0.01770848 1.793621 0.1178954 0.01138073 1.791671 0.1141045 0.01138073 1.791671 0.1141 0.01708334 1.795076 0.1159999 0.01477742 1.800127 0.1197966 0.013529 1.795105 0.1192954 0.01255315 1.792868 0.116 0.01011562 1.793407 0.1127045 0.01255315 1.792868 0.1122 0.01425695 1.793905 0.1179911 0.01431298 1.799746 0.1192991 0.0143429 1.797584 0.1178677 0.009167253 1.795639 0.1159999 0.008060991 1.796061 0.1141322 0.009167253 1.795639 0.1127009 0.0143429 1.797584 0.1140089 0.01431298 1.799746 0.1159999 0.008981823 1.804803 0.1192908 0.009500205 1.802218 0.1192799 0.00861895 1.79819 0.1127111 0.008487582 1.798342 0.1141 0.01027297 1.803375 0.1178232 0.008779168 1.804425 0.1198 0.008551418 1.800798 0.1179201 0.005775511 1.79848 0.1160001 0.005219399 1.79819 0.1140799 0.005775511 1.79848 0.1127066 0.008358359 1.802999 0.1159999 0.003706693 1.806635 0.1192849 0.004721701 1.804518 0.1192845 0.004048228 1.800723 0.1159999 0.002224028 1.799181 0.1127111 0.003652036 1.800846 0.1121919 0.007102429 1.801804 0.1127091 0.003336012 1.804771 0.1140928 0.005381882 1.805741 0.1160581 -0.002010345 1.806996 0.1179912 0.001814544 1.806427 0.1179202 0.001231372 1.799923 0.1140797 0.001231431 1.799923 0.1141 0 1.806491 0.1193048 -0.001633048 1.805055 0.119812 0 1.803387 0.1179 -0.002323329 1.79968 0.116 -0.001120865 1.799377 0.1141 -0.002323329 1.79968 0.1127199 -0.001342773 1.801258 0.1122032 -0.001339316 1.803197 0.112695 -0.001934707 1.80505 0.116 -0.008981823 1.804803 0.1179165 -0.005292534 1.805799 0.1193102 -0.002637624 1.80126 0.1140928 -0.005381643 1.805741 0.1179 -0.01027297 1.803375 0.1192935 -0.008108496 1.80317 0.1179201 -0.005775451 1.79848 0.1159999 -0.005219221 1.798191 0.1140799 -0.005775451 1.79848 0.1126954 -0.006314158 1.799813 0.1127066 -0.008358597 1.802999 0.1141 -0.01027297 1.803375 0.1159999 -0.013435 1.801435 0.1192799 -0.008618831 1.79819 0.1159999 -0.008060991 1.796061 0.1122 -0.008226394 1.801 0.1159999 -0.01579791 1.798556 0.1179911 -0.01431292 1.799746 0.1197919 -0.009659171 1.800153 0.1178678 -0.009167194 1.795639 0.1141322 -0.009167194 1.795639 0.1140088 -0.01431298 1.799746 0.1160573 -0.01830428 1.793347 0.1192991 -0.01434278 1.797584 0.1159999 -0.01011568 1.793407 0.1127432 -0.01113182 1.795438 0.1127009 -0.01434284 1.797584 0.1141 -0.01708334 1.795076 0.1178688 -0.01770848 1.793621 0.1192954 -0.01255315 1.792868 0.1178954 -0.01138073 1.791671 0.1141045 -0.01138073 1.791671 0.1127091 -0.01304441 1.790595 0.1159427 -0.01899582 1.786326 0.119305 -0.0170502 1.789935 0.1198 -0.01500958 1.791376 0.1159656 -0.01139748 1.789005 0.1141 -0.01190906 1.788 0.1122 -0.0147491 1.792932 0.112695 -0.0170502 1.789935 0.1140834 -0.01846945 1.789922 0.1178684 -0.01853024 1.786264 0.119273 -0.01325446 1.786695 0.1178674 -0.01190578 1.786948 0.1159999 -0.01118093 1.785776 0.1127091 -0.01677137 1.784664 0.1141 -0.01813554 1.784393 0.1159999 -0.01755368 1.780729 0.1192849 -0.01651787 1.783278 0.1179 -0.01100254 1.783443 0.1141045 -0.01138073 1.784329 0.1127303 -0.01315343 1.785433 0.1122 -0.01463478 1.78356 0.1159999 -0.0145362 1.775638 0.1179165 -0.01632803 1.779156 0.1192909 -0.01421809 1.7785 0.1192845 -0.01185894 1.781866 0.116 -0.010082 1.782611 0.1141 -0.009902 1.781384 0.112715 -0.0150187 1.779659 0.1140834 -0.01632803 1.779156 0.1198086 -0.01383703 1.780827 0.1178678 -0.009167492 1.780361 0.1159999 -0.008981823 1.771197 0.1179506 -0.01162737 1.773536 0.1192935 -0.01087623 1.774747 0.1192955 -0.008641958 1.777809 0.1159999 -0.007276594 1.779134 0.1141046 -0.007574975 1.778771 0.1127048 -0.009570002 1.778472 0.1122 -0.01060456 1.776854 0.1126952 -0.01090496 1.774785 0.1140494 -0.01162737 1.773536 0.1192909 -0.006543874 1.772202 0.1179201 -0.005775392 1.77752 0.1141 -0.004557371 1.776997 0.1160001 -0.00220257 1.769045 0.11795 -0.00524646 1.770231 0.1197943 -0.006080865 1.773889 0.1192799 -0.00406301 1.775287 0.1159655 -0.003208577 1.777017 0.1127201 -0.003684163 1.775172 0.1121967 -0.004278123 1.773357 0.1127065 -0.005271673 1.771659 0.1140499 -0.00524652 1.770231</float_array>
          <technique_common>
            <accessor source="#GanondorfCirclet_LOD1-mesh-positions-array" count="720" stride="3">
              <param name="X" type="float"/>
              <param name="Y" type="float"/>
              <param name="Z" type="float"/>
            </accessor>
          </technique_common>
        </source>
        <source id="GanondorfCirclet_LOD1-mesh-normals">
          <float_array id="GanondorfCirclet_LOD1-mesh-normals-array" count="2160">-0.9064229 -0.4206216 -0.03840571 -0.9064222 -0.420622 -0.03841894 -0.9063386 -0.4208 -0.03844189 -0.9064128 -0.4206429 -0.03841114 -0.9064336 -0.4205985 -0.03840929 -0.9064234 -0.4206201 -0.03841 -0.9064305 -0.420605 -0.03840881 -0.9064242 -0.4206187 -0.03840935 -0.9064188 -0.4206298 -0.03841137 -0.9064323 -0.4206013 -0.03840768 -0.9064143 -0.4206397 -0.03841245 -0.9064441 -0.4205758 -0.03840762 -0.906416 -0.4206359 -0.03841227 -0.9064121 -0.4206444 -0.03841406 -0.9064266 -0.4206138 -0.038405 -0.9063795 -0.4207159 -0.03839951 -0.9064506 0.4205624 -0.03840416 -0.9064205 0.4206258 -0.03841793 -0.9063778 0.4207169 -0.03842723 -0.9064159 0.4206364 -0.03840827 -0.9064345 0.4205961 -0.0384131 -0.9064067 0.4206563 -0.0384112 -0.9064352 0.4205945 -0.03841143 -0.9064137 0.4206411 -0.03841167 -0.9064244 0.420618 -0.03841066 -0.9064328 0.4205999 -0.03840965 -0.9064198 0.4206281 -0.03841 -0.9064454 0.4205727 -0.03841048 -0.9064252 0.4206162 -0.03841072 -0.9064108 0.4206467 -0.03841972 -0.9064128 0.4206433 -0.03840845 -0.9063783 0.4207172 -0.03841334 -0.212311 -0.3272635 0.9207729 -0.02693009 0.02885806 0.9992208 -0.1982555 -0.3258815 0.9243896 0.03552043 -0.01779806 -0.9992105 -0.1507615 -0.3522574 -0.9236806 -0.1366136 -0.3599665 -0.922909 0.166746 0.3742035 0.9122322 0.2912667 0.6624628 0.6901497 0.1357719 0.3493281 0.9271117 0.210853 0.3231771 -0.9225495 0.04807251 0.01406991 -0.9987449 -0.3779266 -0.5943915 0.7098382 -0.3371188 -0.6221298 0.7066155 -0.435447 -0.8137708 0.3849192 -0.4247661 -0.8178701 0.3881525 -0.4994654 -0.8663002 -0.007640361 -0.4489755 -0.8935433 -0.001266121 -0.3988876 -0.8301457 -0.3895473 -0.2886245 -0.6444112 -0.7081174 -0.4263325 -0.8190218 -0.3839846 -0.3029991 -0.6284112 -0.7164433 0.4382796 0.8114507 0.3865994 0.4585344 0.8882761 -0.02668112 0.40584 0.8116809 0.420081 0.3639652 0.6077228 0.7058345 -0.01100766 0.04238152 0.9990409 0.3527438 0.6248985 -0.6964723 0.264962 0.3311322 -0.9056195 0.4573181 0.8039498 -0.3801645 0.3863611 0.5978437 -0.7023589 -0.521196 -0.7693799 0.3693363 -0.3631812 -0.6064379 -0.7073419 -0.5125577 -0.7630443 -0.3937616 -0.2480033 -0.2922171 0.9236361 -0.1932389 -0.3141951 -0.9294839 0.526558 0.7563045 0.388253 -0.4399682 -0.5479698 0.7114472 -0.5778179 -0.8160183 -0.01551783 0.5332471 0.8459588 -0.001240611 0.5435478 0.754069 -0.3686947 0.2122224 0.3131339 0.9256937 0.4497437 0.5407162 -0.7108844 0.62264 0.7824747 0.007271945 0.5714951 0.7214998 0.3909368 0.4343287 0.5586029 0.7066268 0.5943377 0.7087777 -0.3799958 -0.4328733 -0.5488767 -0.7150911 -0.5882583 -0.7056155 -0.395043 -0.282655 -0.2554101 0.9245929 -0.2301132 -0.3036132 -0.9245902 -0.01680755 0.0273528 0.9994846 -0.4873484 -0.5172019 0.7035579 0.2878627 0.2733824 -0.917822 0.04650098 0.003101348 -0.9989135 0.5092856 0.5089602 -0.6939652 0.6954431 0.7184392 0.01428848 0.6484872 0.6544861 0.3887318 0.4862183 0.4976634 0.7182778 -0.6905744 -0.7232608 9.1813e-4 -0.6260752 -0.7797346 -0.006636083 0.2664788 0.2695062 0.9253948 -0.6705359 -0.6456382 0.3654217 -0.6065117 -0.7051415 0.3673133 -0.6668856 -0.6309648 -0.3964179 -0.4890952 -0.5118262 -0.7062718 -0.5562781 -0.4681516 0.6865776 -0.2663584 -0.2571466 -0.9289397 -0.757704 -0.6524254 -0.01502197 0.6496068 0.6645198 -0.3693569 0.5624745 0.4550853 -0.6903042 0.3160098 0.233863 -0.9194814 0.6981145 0.6175603 -0.3622919 0.7624617 0.64628 0.03121531 -0.006937026 0.02905124 0.9995539 -0.310359 -0.2078668 0.9276145 -0.7338348 -0.5758338 0.3604193 -0.530205 -0.4374031 -0.7263342 0.7257718 0.5647221 0.3928667 0.5273836 0.4411696 0.7261102 0.7466984 0.5510478 -0.3725424 0.04199272 -0.001588821 -0.9991167 -0.8040537 -0.5941392 -0.02228152 -0.7415585 -0.5435976 -0.3931827 -0.6259729 -0.3833287 0.6791297 0.3479319 0.2133717 -0.9129162 0.8200548 0.5718344 0.02270859 -0.7687511 -0.5152841 0.3788195 0.6109249 0.3986952 -0.6839686 0.5892872 0.3988837 0.7025898 -0.5738458 -0.3762219 -0.7274327 -0.288938 -0.2117353 -0.9336397 0.7888567 0.4555793 0.4124959 -0.8556761 -0.5171688 -0.01884275 0.7963421 0.4779728 -0.3706499 -0.8037011 -0.4478368 -0.3917997 -0.3571673 -0.1544662 0.9211795 0.6412233 0.3408732 -0.6874869 -0.8205269 -0.4439128 0.3601071 0.3644775 0.1691016 -0.9157297 -0.3196393 -0.1708847 -0.9320029 0.3252499 0.1800609 0.9283268 0.2970718 0.2162554 0.9300441 -0.01382821 0.01385998 0.9998084 -0.6374933 -0.3099012 0.7053819 0.0455901 0.004005372 -0.9989522 0.8383569 0.404769 -0.36513 0.8595387 0.5109053 0.01301109 0.9067526 0.4202558 0.03442287 -0.8559129 -0.3729823 0.3581861 -0.9065518 -0.4220885 -0.00227344 0.6701656 0.2768532 -0.6886439 0.6387328 0.3037325 0.706942 0.8458126 0.3400434 0.4110618 -0.610008 -0.2857342 -0.7390848 -0.8535518 -0.337643 -0.3967954 -0.6991872 -0.2458733 0.6713298 0.8747745 0.3201853 -0.3636634 0.9442018 0.327894 0.03112161 -0.9409805 -0.3378027 -0.02109456 0.3542451 0.1127792 0.9283272 0.6776618 0.1842102 0.7119278 0.005556166 0.006884813 0.9999609 -0.3772256 -0.08516973 0.9221969 -0.6576789 -0.2090664 -0.7237056 0.6978402 0.2083643 -0.6852761 0.3974508 0.1311208 -0.9082071 -0.3505188 -0.1042867 -0.9307314 0.8835137 0.2498775 0.3961881 0.9665387 0.2553608 0.0243681 -0.9662814 -0.2561457 -0.0262596 -0.8909384 -0.2840127 0.3543521 -0.8808076 -0.2492907 -0.4025321 0.9073464 0.2193019 -0.358649 -0.7021284 -0.1257864 0.700852 0.3941169 0.08883202 -0.9147572 0.7179129 0.1356458 -0.6827895 0.04504579 -3.01986e-4 -0.9989849 -0.8956751 -0.1796091 -0.4068253 -0.6857761 -0.1219789 -0.7175182 0.8965684 0.1548306 0.4149612 -0.9861131 -0.1611558 -0.04012268 -0.9063234 -0.2083038 0.3676785 -0.3521846 -0.03291231 -0.9353517 0.4070909 0.03929889 -0.9125419 0.6767925 0.09001648 0.7306498 -0.9321027 -0.08807891 0.3513213 0.3776072 0.0257163 0.9256088 0.7238137 0.0632562 -0.6870899 0.9300615 0.1088427 -0.3509115 -0.9160768 -0.08980906 -0.3908166 -0.9987237 -0.04751199 -0.01713919 0.9083949 0.06772798 0.4125914 0.9872904 0.1585126 0.0114696 -0.4026489 -0.01785379 0.9151804 -0.7167428 -0.03314977 0.6965494 0.05729728 -0.001592695 -0.998356 0.6852219 -0.012959 0.7282191 0.9303087 0.02233612 -0.3660969 0.9985787 0.04483973 0.02881127 -0.9142267 0.02918177 -0.4041513 -0.6960856 -0.009605228 -0.7178946 0.4034647 0.001396358 -0.9149942 0.9145056 -0.04619991 0.4019269 -0.931012 0.02004939 0.3644376 -0.9977104 0.06209355 -0.02680277 0.9289141 -0.06733739 -0.3641214 -0.33454 0.03048372 -0.9418885 0.998717 -0.04683625 0.01925605 -0.7224512 0.0424059 0.6901203 -0.002636432 -0.001662969 0.9999952 0.3658159 -0.04315209 0.9296863 -0.40708 0.03882813 0.9125669 -0.9239542 0.119894 0.3632276 -0.685246 0.09933149 -0.7215062 0.7306914 -0.01485693 -0.6825462 0.4092102 -0.05209839 -0.9109516 0.9903675 -0.1382279 0.008087694 0.6803147 -0.1206495 0.7229216 -0.7095704 0.1228747 0.6938385 -0.9022579 0.1338754 -0.409888 0.7281064 -0.1115263 -0.6763306 0.9045374 -0.1487652 0.3996011 -0.9843214 0.1744713 -0.02590709 0.9156237 -0.1908587 -0.3538451 -0.3735531 0.07873409 0.9242614 -0.3520098 0.09311723 -0.931353 0.001462876 -0.01079726 0.9999407 0.3687965 -0.09494 0.924649 0.8833552 -0.2535082 0.39423 -0.9061561 0.2398467 0.34836 -0.6613481 0.1640201 -0.7319264 -0.8826994 0.2370663 -0.4057602 0.969542 -0.244381 0.0163213 -0.9620378 0.2721654 -0.02023756 0.3954648 -0.09691232 -0.913354 0.6567299 -0.2015421 0.7266958 0.7139346 -0.1969602 -0.6719405 -0.6878515 0.2187752 0.6920967 0.3388298 -0.1385242 0.9305942 -0.6433153 0.2366379 -0.7281126 0.9324799 -0.3605275 0.02239227 0.8811172 -0.3020506 -0.3638654 0.6332778 -0.2885463 0.7181228 -0.9380539 0.3459433 -0.01944363 -0.8450028 0.362178 -0.3934431 0.04220372 -9.57295e-4 -0.9991087 -0.3297601 0.15397 -0.9314244 0.6767618 -0.2585566 -0.6893054 -0.866588 0.3515842 0.3541383 0.3800485 -0.1545354 -0.911966 0.05110126 -0.003585517 -0.9986871 0.8192257 -0.4111211 0.3998107 0.8466677 -0.3303043 0.4171965 -0.657651 0.3056814 0.6885159 -0.3868026 0.1420854 0.9111506 -0.6049333 0.3263155 -0.726343 0.8453303 -0.3987925 -0.3555017 -5.13945e-4 -0.02546179 0.9996757 0.3354967 -0.1920936 0.9222484 0.8803036 -0.4741346 0.01618605 -0.2951763 0.1879308 -0.936778 -0.7909981 0.4537146 -0.410445 -0.8982349 0.4392799 -0.01439762 0.5808793 -0.3719692 0.7240291 0.7771446 -0.4925146 0.3917598 -0.8479192 0.5298176 -0.01806479 -0.8232064 0.4337649 0.3663047 0.7911001 -0.4963528 -0.3574836 0.6422272 -0.3275122 -0.6930223 0.3493977 -0.1977077 -0.9158784 0.6067059 -0.3859773 -0.6949314 -0.7639623 0.5247308 0.3755255 0.826213 -0.5624558 0.03187131 0.2936803 -0.2355073 0.9264385 -0.7401047 0.5316418 -0.4118277 -0.5648416 0.4084302 -0.7170347 -0.286514 0.2416667 -0.927096 0.7273854 -0.5644828 0.3902178 0.5279871 -0.4490518 0.7208205 0.3271018 -0.2367796 -0.9148442 -0.5594214 0.4170347 0.7163309 -0.6182323 0.3750663 0.6907346 -0.7701352 0.6376354 -0.01769292 0.7760001 -0.6305934 0.0132597 0.04073905 -0.002280056 -0.9991673 0.5733222 -0.4444423 -0.6883115 0.7241142 -0.5816183 -0.3706466 -0.0145927 -0.02657115 0.9995404 -0.3265807 0.2295724 0.9168651 -0.5127621 0.4755222 -0.7148104 -0.7008914 0.6128624 0.3648985 -0.6781499 0.6144727 -0.4031577 0.2721363 -0.2827186 0.9197892 0.6653637 -0.6305356 0.399645 -0.5304964 0.4930272 0.6895636 0.7102909 -0.7037398 0.01540684 0.516456 -0.5089778 -0.6886326 0.6850656 -0.6166314 -0.38788 0.4728363 -0.5164626 0.7139273 -0.6006202 0.6922388 -0.4000762 0.2836693 -0.2618386 -0.9224817 -0.2787677 0.26773 0.9222849 -0.6963224 0.7177255 -0.002301871 -0.6434574 0.6716532 0.3672119 0.6002627 -0.695006 0.3957923 -0.4647668 0.541958 -0.7001953 0.6212499 -0.6902159 -0.3710131 0.2257302 -0.3137463 0.9222847 0.6317763 -0.7751501 -9.85641e-4 0.04571443 -0.001100838 -0.9989539 -0.2380436 0.2781813 -0.9305646 0.4133555 -0.5749067 0.7061301 -0.02554547 -0.02774959 0.9992886 -0.4677473 0.5456649 0.6953145 -0.6093584 0.792856 0.007868289 -0.5944604 0.7065805 0.3838763 -0.2013005 0.3036518 -0.9312754 0.2643898 -0.306115 -0.9145445 -0.3935627 0.5688132 -0.7221911 0.4449716 -0.564042 -0.6955982 0.5588312 -0.7511252 -0.3514522 0.532647 -0.7562818 0.3799013 -0.2480294 0.2972518 0.922021 -0.4004853 0.5839653 0.7061133 -0.541026 0.7497392 0.3810275 0.4665392 -0.8031235 0.370586 0.545477 -0.8380807 -0.008708417 0.3460392 -0.6186557 0.7053524 0.1746385 -0.3432691 0.9228585 -0.02473431 -0.03634226 0.9990333 -0.1709358 0.3472781 -0.9220516 -0.5292795 0.8484067 0.008321046 -0.5100295 0.7704232 -0.3825154 -0.3215013 0.6099227 -0.7243143 -0.47007 0.8019372 0.3686883 0.2262135 -0.3452567 -0.9108377 0.475093 -0.8043454 -0.3568124 0.3847177 -0.5890628 -0.7106317 -0.2087506 0.3121535 0.9268136 0.04127866 0.01455581 -0.9990417 0.4650251 -0.8852817 0.005304098 -0.3381677 0.6098939 0.7167092 0.3968507 -0.8250819 0.402181 0.2977111 -0.6544143 0.6950613 0.143507 -0.3523187 0.9248121 0.3214751 -0.6235755 -0.712606 0.4311044 -0.8033133 -0.4108974 -0.4609885 0.8869395 -0.02877187 -0.4196811 0.8235117 0.3817021 -0.03528499 -0.01289266 0.9992942 -0.1974869 0.3269831 0.924165 -0.286566 0.6435691 -0.7097173 -0.4197365 0.8235305 -0.3816004 -0.1299924 0.3331331 -0.933876 0.4262983 -0.8875643 -0.1746408 0.3951521 -0.8569256 0.3309583 -0.3315225 0.6282274 0.7038631 -0.3919081 0.8379954 -0.3796998 -0.441199 0.8973793 0.007338166 0.09860813 -0.1385695 -0.9854313 0.002083241 0.9185586 -0.3952794 0.2436812 0.9385859 -0.2442868 0.2302309 0.8047764 -0.5471096 7.01741e-4 0.7961602 0.6050857 -0.005746901 0.6206735 0.7840481 0.2786051 0.7257024 0.6290749 -0.09022688 0.7677088 -0.634415 -0.002164125 0.9190425 0.3941524 0.2313247 0.8967159 0.3773456 0.2385684 0.6078287 -0.7573832 -0.09557133 0.6346269 -0.7668866 -0.004205048 0.9843112 0.1763913 0.2694824 0.9600389 0.0755288 0.004318058 0.9958511 -0.09089583 0.002644181 0.4568417 0.8895441 0.02045339 0.2566594 0.9662856 0.3597903 0.2715009 0.892658 0.4230135 0.4758349 0.7711297 0.4729633 0.8495675 -0.2335397 0.5472252 0.6947198 -0.4668074 0.4689185 0.6071454 -0.6414749 0.4622604 0.7984542 0.3857286 0.2852619 0.3601942 -0.8881924 0.05358779 0.4629924 -0.884741 0.5041699 0.8601902 0.07671797 0.5892019 0.5891315 0.5529605 0.6800392 0.6917588 0.2429332 0.231868 0.1009287 -0.9674971 -0.01636809 0.2446366 -0.9694768 1.61834e-4 -0.001462399 0.999999 0.2434793 0.06720232 0.9675752 0.001111388 0.00126034 -0.9999986 0.6859272 0.6920214 -0.2249677 0.5123626 0.3866075 -0.7668242 0.8244017 0.4717147 -0.3128056 0.7138242 0.4121437 -0.5662091 0.7326083 0.2753859 0.622453 0.7853049 0.4756603 0.3962872 0.4565781 0.09885758 -0.8841741 0.857428 0.4895333 0.1586641 0.7015554 0.7125631 -0.008600711 0.8668755 0.490548 -0.08882391 0.8955842 0.2384365 0.375602 0.9626812 0.252305 0.09791457 0.8895094 0.2493998 -0.3828484 0.6157742 0.163619 0.770747 0.6395764 0.07557576 -0.7650035 0.4518417 -0.1059743 0.8857813 0.6271263 -0.1098423 0.7711339 0.7803964 -0.09990108 0.6172531 0.9191303 0.01478093 0.3936764 0.996409 -0.002675235 0.08462935 0.9529141 0.2578811 -0.1595373 0.9762642 -0.006271779 -0.2164922 0.8965224 -0.2447953 0.3692196 0.9639533 -0.2588688 0.06149041 0.4390401 -0.1513152 -0.885634 0.2167804 -0.1299709 -0.9675298 0.9382563 -0.2472516 -0.2419544 0.8822218 -0.02451717 -0.4701954 0.8050417 -0.3498255 -0.4790929 0.7194904 -0.2810208 -0.6351069 0.7724331 0.1068586 -0.6260418 0.5424472 -0.3092493 -0.7810993 0.6868237 -0.3791016 0.6201252 0.7991939 -0.454915 0.3928631 0.8662409 -0.4918701 0.08769637 0.1548049 -0.2003689 0.967413 0.8424038 -0.4919798 -0.2197996 0.437482 -0.4595189 0.7729501 0.7127615 -0.7013242 -0.01074612 0.6801683 -0.6909767 -0.2447903 0.2751474 -0.3739549 0.8856928 0.642956 -0.6025886 -0.4727522 0.4647809 -0.6247136 0.6274644 0.4840896 -0.6126211 -0.6247821 0.6234596 -0.6214186 0.4744862 0.6825325 -0.6894751 0.2424325 0.2195681 -0.4179079 -0.8815571 0.4480744 -0.8028963 0.3931754 0.2480826 -0.5885156 -0.7694832 -0.02241206 -0.2509179 -0.9677489 0.4859021 -0.8584527 -0.1641892 0.4402717 -0.8051614 -0.3973364 -0.05000931 -0.4547089 0.889235 0.2694087 -0.9585209 -0.09304219 0.2336944 -0.8926807 -0.3853676 0.08626896 -0.6273109 0.7739759 0.215336 -0.7560899 0.6180279 0.1345772 -0.7764711 -0.6156148 0.2266765 -0.8964319 0.3808251 0.2514861 -0.951316 0.1781932 0.501894 -0.8597655 0.09436982 -0.01062458 -0.9180223 0.3963865 -0.099698 -0.7042806 -0.7028864 -0.1114685 -0.4390774 -0.8915076 0.004291057 -0.9957705 0.09177553 -0.142611 -0.2028356 0.9687724 1.31431e-4 -0.9846053 -0.1747927 -0.01535999 -0.9131961 -0.407231 -0.09927171 -0.7679616 0.632756 -0.247974 -0.8854919 -0.3929543 -0.3090031 -0.5532209 0.7736044 -0.3440159 -0.8119997 0.4714973 -0.2523228 -0.9419418 0.2215373 -0.5026552 -0.83636 0.2187231 -0.4895488 -0.8681702 -0.08138078 -0.2559598 -0.9640043 -0.07197612 -0.4661754 -0.7941047 -0.389972 -0.4791646 -0.6146234 0.6266095 -0.4484123 -0.6365352 -0.6274946 -0.3569403 -0.2888879 0.888334 -0.6494595 -0.6452804 0.4022632 -0.2921572 -0.5688052 -0.7688335 -0.5591856 -0.3084947 -0.7695081 -0.3462628 -0.2869692 -0.8931691 -0.2371323 -0.01149904 -0.9714093 -0.7015514 -0.7075999 0.08442807 -0.690344 -0.6897991 -0.2181796 -0.7928698 -0.4694849 0.388512 -0.8630414 -0.4989637 0.0787087 -0.8440423 -0.4821059 -0.2348761 -0.5510157 -0.3338178 0.7648186 -0.643779 -0.6130097 -0.4580041 -0.7243332 -0.4125427 -0.5524038 -0.7159053 -0.3207969 0.6201363 -0.4522907 -0.05092042 0.8904159 -0.6423947 -0.06871646 0.763287 -0.8502034 -0.2150572 0.4805253 -0.4586714 0.06033223 -0.8865556 -0.2248212 0.1042648 0.9688056 -0.9400256 -0.2515233 0.2304081 -0.9231687 -0.001592695 0.3843918 -0.9968678 7.77516e-4 0.0790835 -0.962877 -0.258087 -0.07911449 -0.974174 -0.007724046 -0.2256664 -0.8885953 -0.237486 -0.3924271 -0.8694767 0.1260805 -0.477613 -0.7789061 0.09164094 0.620409 -0.7734485 -0.1020611 -0.6255885 -0.639905 0.08757174 -0.7634479 -0.7131147 0.3071141 -0.6301971 -0.8891872 0.2439587 0.3870791 -0.9631389 0.2572773 0.07856118 -0.9421188 0.2560171 -0.2164893 -0.3420633 0.3032987 0.8893833 -0.5909808 0.2443019 0.7688033 -0.8648254 0.4945532 0.08656877 -0.8610168 0.4906737 -0.1337519 -0.63186 0.4699222 0.6163815 -0.810492 0.4510655 0.3736881 -0.4463797 0.4371753 -0.7807837 -0.6199485 0.6282479 -0.4700729 -0.4568282 0.6246916 -0.6332997 -0.6598387 0.6455433 0.3845603 -0.2383784 0.383142 -0.8924002 -0.7068516 0.7028273 0.07996654 -0.6778966 0.6970471 -0.2336269 -0.8000309 0.4528586 -0.3935351 -0.3640093 0.5206474 0.7722847 -0.4974067 0.8673622 -0.0164197 -0.4944813 0.8351379 -0.2409006 -0.3384642 0.8166555 -0.4674567 -0.3052869 0.7106807 0.633824 -0.454046 0.7501368 0.4807671 -0.2388459 0.8876684 0.3936975 -0.4863092 0.8409302 0.2373598 -0.2503643 0.9641739 0.08767193 -0.246554 0.9440405 -0.2190863 0.002293586 0.1765973 -0.9842805 0.4903644 0.02798354 -0.8710681 -7.72561e-6 -0.1197184 -0.992808 0.4938498 0.2557408 -0.8310891 0.8600495 -0.03894269 -0.5087223 0.8515919 0.1538503 -0.5011203 0.9969294 0.0205022 -0.07557463 0.8604031 -0.02306771 0.5090917 0.4999433 -0.173092 0.8485847 0.5027055 0.0898211 0.8597787 -0.01416409 -0.2854547 0.9582875 -0.002620577 -0.03571975 0.9993584 -0.5056336 -0.2535467 0.8246507 -0.4969573 0.07941055 0.8641341 -0.8793604 -0.03509098 0.4748621 -0.8607328 -0.003484249 -0.5090452 -0.4815734 0.2492057 -0.8402284 -0.4839113 0.01220917 -0.8750319 0.856468 -0.2965763 0.4224985 -0.868339 -0.2328638 0.4379065 -0.9987145 0.007607936 -0.05011618 -0.001887917 0.4715754 -0.8818238 0.4816814 0.4895704 -0.7268451 0.8592322 0.315479 -0.4027322 0.528498 -0.3910271 0.7535169 -0.006267189 -0.6311718 0.7756178 -0.9986026 0.03926199 -0.03537613 -0.8609744 0.1695492 -0.4795585 -0.4828566 0.4927075 -0.7239397 -5.48661e-6 0.7536458 -0.6572808 0.5004042 0.679139 -0.5369973 0.998327 0.04944056 -0.02997952 0.4873489 -0.6695708 0.5605052 -0.8710515 -0.3949003 0.2921013 -0.8513163 0.3288052 -0.408837 -0.5075927 0.6749411 -0.5355411 0.8443612 0.4544914 -0.2837109 0.8754317 -0.4348971 0.2109128 -0.5074207 -0.7178733 0.4766364 -0.4935949 -0.5458609 0.6770525 -0.844444 0.469421 -0.2579891 9.47152e-5 0.9088192 -0.4171903 0.4707768 0.8443222 -0.2559087 0.4981454 -0.809496 0.3107534 -0.00453633 -0.8763913 0.4815784 -0.4969689 -0.8199183 0.2841758 -0.9988218 0.04702216 -0.01200002 -0.4815571 0.840163 -0.2494577 0.8719371 -0.4861527 0.05814886 0.4977772 -0.8646697 0.06756091 0.002279698 -0.9802489 0.1977551 -0.8461741 0.5260857 -0.0849899 0.4879612 0.8728066 0.01013106 0.8640849 0.4848577 -0.1351678 0.8492642 0.5235016 0.06853061 0.9986957 0.05067652 -0.006234467 -0.01734882 -0.9946824 -0.1015183 -0.4662417 -0.8845351 -0.0147162 -0.881502 -0.4656522 0.07824522 -0.8668175 0.4950916 0.05926007 -0.4555926 0.8860816 0.08541065 -0.002929449 0.9595287 0.281596 -0.03392136 0.9957903 -0.08515316 0.8809295 -0.443723 -0.1645395 -0.8875998 -0.4316691 -0.1607123 -0.996895 0.07454663 0.02536261 0.9990282 0.04349529 0.007139682 0.5235387 -0.8181117 -0.2379087 1.99653e-4 -0.8836109 -0.468222 -0.5298025 -0.8118684 -0.2453141 -0.4944283 0.7985762 0.3432443 0.008544504 0.7728903 0.6344822 0.5106412 0.8125825 0.2809898 0.5102971 0.6552333 0.5570154 0.8426227 0.4552926 0.2875689 -0.8539065 0.433417 0.2880859 -0.5234174 0.6457212 0.5559482 0.9986449 0.03112643 0.04170942 0.8782446 -0.3183972 -0.3568047 0.4782168 -0.6792985 -0.5566527 -0.4758875 -0.6805002 -0.557181 -0.8625513 -0.3378268 -0.3766677 0.4788915 0.4194274 0.7711963 0.8435701 0.3130521 0.4363346 0.5019916 -0.4161561 -0.7581679 3.25388e-6 -0.6880718 -0.7256426 -0.5010744 -0.4125559 -0.7607379 -0.9975479 0.03153884 0.06247895 -0.8401707 0.2719162 0.4692279 -0.4789413 0.5155243 0.710528 0.8666576 -0.1463343 -0.4769602 0.01299518 0.203258 0.979039 -0.02372682 0.4788986 0.8775496 0.5061196 0.08437216 0.8583264 0.842764 0.1527709 0.5161491 0.9981355 0.001353561 0.0610243 0.487247 -0.0955885 -0.8680168 5.1499e-5 -0.4412302 -0.8973941 -0.5061308 -0.09584492 -0.8571147 -0.8739081 -0.1249625 -0.4697542 -0.8688871 0.08097207 0.4883428 -0.4838404 0.259561 0.8357791 0.02961832 -0.1089407 0.9936069 0.8430995 -0.0609225 0.5342955 0.8656094 0.1138641 -0.4876018 -0.9994194 0.005705237 0.03359329 -0.8511941 -0.06191372 0.5211866 -0.4901943 0.01892596 0.8714078 0.472177 -0.2512665 0.8449344 0.5400713 0.1766762 -0.8228661 -0.5064721 0.1897938 -0.841109 -0.8759834 0.05390799 -0.4793196 0.8522247 -0.2423241 0.4636727 0.9952145 -0.06546628 0.07254236 -1.33457e-5 0.4460608 -0.8950027 -2.2064e-5 0.1101457 -0.9939156 -0.8820298 0.2163598 -0.4185832 -0.9983769 -0.03466653 0.04518848 -0.001507163 -0.4626387 0.8865456 0.4952973 -0.5057276 0.7063429 0.887256 0.3011491 -0.349408 -0.8472735 -0.2550393 0.4659214 -0.4925047 -0.5040049 0.7095197 -0.4721329 -0.2606865 0.8421005 -1.47633e-5 -0.6864874 0.7271417 0.5134958 -0.6542736 0.5552009 0.4782168 0.6792953 -0.5566567 0.4822176 0.423886 -0.7666728 3.03056e-5 0.6880786 -0.7256362 -0.5165852 0.4249229 -0.7433575 -0.4944654 0.6522697 -0.5744982 -0.8565624 0.4210561 -0.2983498 -0.5122773 -0.6508896 0.5602809 1.79602e-4 0.8836099 -0.4682239 -0.9947068 -0.09645313 0.03542774 -0.8549072 -0.4330247 0.2856984 0.01236283 -0.8510187 0.52499 0.5143362 -0.8156501 0.2649026 0.8493914 -0.4470145 0.2805572 0.997985 -0.05949741 0.02204835 0.872048 0.4488623 -0.1950767 0.5235356 0.8181135 -0.237909 -0.5106747 0.8171525 -0.267345 -0.5088258 -0.79447 0.3315327 0.8401206 -0.5396512 0.05453628 -0.8759777 0.4759638 -0.07824099 -0.8647558 -0.4992444 0.05433839 -0.4555906 -0.8857128 0.08916366 6.62883e-4 -0.9640624 0.2656755 0.4939315 -0.8661311 -0.07647788 0.8484376 0.5268268 0.05106276 0.4977775 0.8646695 0.06756025 -0.01735329 0.9946824 -0.1015184 -0.4952753 0.8687353 -0.001177906 -0.8731929 0.4796521 0.08641922 -0.02959686 -0.9965437 -0.07761967 0.8419688 -0.52134 -0.1389004 0.996348 -0.07688415 -0.0371403 0.002266049 0.9802491 0.1977544 -0.9990681 -0.04242241 -0.007965087 -0.8582584 -0.504415 -0.09464728 -0.4877161 -0.8536574 -0.1827625 0.01510369 -0.9346873 -0.3551502 0.4800987 -0.7709065 -0.4185792 0.8873399 0.4104717 0.2100977 0.4981467 0.8094967 0.3107493 -0.4738278 -0.7702784 -0.4268001 0.8445818 -0.4303758 -0.3185253 -0.4845715 0.8231334 0.2960442 -0.8883253 0.3307241 0.3185907 0.4622906 -0.5543724 -0.6920684 0.8555138 0.3368797 0.3932026 0.5050598 0.6640694 0.5512953 -0.01084488 0.6351188 0.7723385 -0.004538834 0.8763907 0.4815794 -0.4674646 0.7452183 0.4755277 -0.9987865 -0.0373677 -0.03208476 -0.8596951 -0.3244872 -0.3945027 -0.8600264 -0.4408392 -0.2569348 -0.4671139 -0.5523104 -0.6904767 0.9988518 -0.01868158 -0.04411602 0.5098205 0.4114124 0.7555282 0.8458196 -0.2164912 -0.487566 0.8722316 -0.3148316 -0.3742904 0.8760376 0.1290264 0.4646615 -0.498244 0.3614335 0.7881109 -0.5047121 0.5282937 0.6827676 -0.8759242 0.1395267 0.4618324 -0.8551584 -0.173496 -0.4884704 0.472374 -0.2590636 -0.8424659 -6.06567e-7 -0.4658902 -0.8848426 -0.01484966 0.2947558 0.9554573 -0.4641736 -0.2583968 -0.8472155 -0.9995637 -0.007973611 -0.02844125 0.4092758 0.8934733 0.1849293 0.4221373 0.8399535 -0.3409959 -0.3413072 0.173702 0.9237625 4.6364e-5 -0.2303417 -0.9731098 -2.24849e-5 -0.7620336 -0.6475375</float_array>
          <technique_common>
            <accessor source="#GanondorfCirclet_LOD1-mesh-normals-array" count="720" stride="3">
              <param name="X" type="float"/>
              <param name="Y" type="float"/>
              <param name="Z" type="float"/>
            </accessor>
          </technique_common>
        </source>
        <source id="GanondorfCirclet_LOD1-mesh-map-0">
          <float_array id="GanondorfCirclet_LOD1-mesh-map-0-array" count="8226">0.8416556 0.03075128 0.842677 0.03075128 0.8421819 0 0.8411754 0.118307 0.842677 0.03075128 0.8416556 0.03075128 0.8411754 0.118307 0.8430588 0.118307 0.842677 0.03075128 0.8408039 0.2493515 0.8430588 0.118307 0.8411754 0.118307 0.8408039 0.2493515 0.8432556 0.2493515 0.8430588 0.118307 0.840586 0.4039272 0.8432556 0.2493515 0.8408039 0.2493515 0.840586 0.4039272 0.8432257 0.4039272 0.8432556 0.2493515 0.8405478 0.558503 0.8432257 0.4039272 0.840586 0.4039272 0.8405478 0.558503 0.8429713 0.558503 0.8432257 0.4039272 0.8406965 0.6895474 0.8429713 0.558503 0.8405478 0.558503 0.8406965 0.6895474 0.8425401 0.6895474 0.8429713 0.558503 0.8410187 0.7771032 0.8425401 0.6895474 0.8406965 0.6895474 0.8410187 0.7771032 0.8420119 0.7771032 0.8425401 0.6895474 0.8414775 0.8078545 0.8420119 0.7771032 0.8410187 0.7771032 0.157323 0.03075128 0.1583443 0.03075128 0.1578181 0 0.1569412 0.118307 0.1583443 0.03075128 0.157323 0.03075128 0.1569412 0.118307 0.1588246 0.118307 0.1583443 0.03075128 0.1567444 0.2493515 0.1588246 0.118307 0.1569412 0.118307 0.1567444 0.2493515 0.159196 0.2493515 0.1588246 0.118307 0.1567743 0.4039272 0.159196 0.2493515 0.1567444 0.2493515 0.1567743 0.4039272 0.159414 0.4039272 0.159196 0.2493515 0.1570287 0.558503 0.159414 0.4039272 0.1567743 0.4039272 0.1570287 0.558503 0.1594522 0.558503 0.159414 0.4039272 0.1574599 0.6895474 0.1594522 0.558503 0.1570287 0.558503 0.1574599 0.6895474 0.1593035 0.6895474 0.1594522 0.558503 0.157988 0.7771032 0.1593035 0.6895474 0.1574599 0.6895474 0.157988 0.7771032 0.1589813 0.7771032 0.1593035 0.6895474 0.1585224 0.8078545 0.1589813 0.7771032 0.157988 0.7771032 0.1341654 0.8169597 0.1585248 0.8078505 0.157988 0.7771032 0.1578182 -1.73937e-7 0.1335858 0.07053524 0.157323 0.03075128 0.1290494 0.8292714 0.1593045 0.6895456 0.1589813 0.7771031 0.1583461 0.0307483 0.1195501 0.06523042 0.1578182 -1.73937e-7 0.1284332 0.7372754 0.1341654 0.8169597 0.1574603 0.6895467 0.1336234 0.596493 0.1574603 0.6895467 0.157029 0.5585025 0.127773 0.4508712 0.157029 0.5585025 0.1567744 0.4039272 0.1567446 0.249351 0.127773 0.4508712 0.1567744 0.4039272 0.1569417 0.1183062 0.131287 0.2907293 0.1567446 0.249351 0.1335858 0.07053524 0.1336032 0.1567001 0.1569417 0.1183062 0.1284884 0.6140862 0.1454129 0.4291221 0.1461676 0.582305 0.1225985 0.7545555 0.1461676 0.582305 0.1593045 0.6895456 0.1173297 0.8779727 0.1290494 0.8292714 0.1585248 0.8078505 0.1588256 0.118305 0.1178166 0.1012725 0.1583461 0.0307483 0.1312497 0.2995431 0.1247105 0.1788803 0.1588256 0.118305 0.1150117 0.6266987 0.1284332 0.7372754 0.1336234 0.596493 0.1335858 0.07053524 0.1151442 0.1870419 0.1336032 0.1567001 0.1151442 0.1870419 0.1126436 0.3209385 0.131287 0.2907293 0.1116849 0.8542917 0.1173297 0.8779727 0.1341654 0.8169597 0.1195501 0.06523042 0.1114905 0.1073253 0.1335858 0.07053524 0.1225985 0.7545555 0.1160818 0.6360557 0.1284884 0.6140862 0.1150117 0.6266987 0.108799 0.7691853 0.1284332 0.7372754 0.11176 0.4766851 0.1150117 0.6266987 0.127773 0.4508712 0.12413 0.4674472 0.1159306 0.3267753 0.1312497 0.2995431 0.1173297 0.8779727 0.1026276 0.8740568 0.1290494 0.8292714 0.1064749 0.2103515 0.1178166 0.1012725 0.1247105 0.1788803 0.1160818 0.6360557 0.1049696 0.5008003 0.12413 0.4674472 0.1049696 0.5008003 0.1159306 0.3267753 0.12413 0.4674472 0.1225985 0.7545555 0.1036453 0.6572912 0.1160818 0.6360557 0.1026276 0.8740568 0.1023454 0.7891544 0.1225985 0.7545555 0.1043591 0.3465905 0.1064749 0.2103515 0.1159306 0.3267753 0.09618222 0.2169835 0.09593725 0.3469724 0.1126436 0.3209385 0.09056645 0.8873549 0.1173297 0.8779727 0.1116849 0.8542917 0.09359318 0.1357001 0.09618222 0.2169835 0.1114905 0.1073253 0.1195501 0.06523042 0.09359318 0.1357001 0.1114905 0.1073253 0.09129571 0.9199942 0.1026276 0.8740568 0.1173297 0.8779727 0.09304773 0.7936366 0.09056645 0.8873549 0.108799 0.7691853 0.1064749 0.2103515 0.09243476 0.1432176 0.1178166 0.1012725 0.09243476 0.1432176 0.08603525 0.1190975 0.1195501 0.06523042 0.09237575 0.2334655 0.09243476 0.1432176 0.1064749 0.2103515 0.1043591 0.3465905 0.09237575 0.2334655 0.1064749 0.2103515 0.1036453 0.6572912 0.09042322 0.5246633 0.1049696 0.5008003 0.1023454 0.7891544 0.08797806 0.6825585 0.1036453 0.6572912 0.08607614 0.8149479 0.08797806 0.6825585 0.1023454 0.7891544 0.09593725 0.3469724 0.08718252 0.5141019 0.09832692 0.4975199 0.09129571 0.9199942 0.08103829 0.9073514 0.1026276 0.8740568 0.08440846 0.6733652 0.09304773 0.7936366 0.09689837 0.6550007 0.08718252 0.5141019 0.08440846 0.6733652 0.09689837 0.6550007 0.0802831 0.3695552 0.08718252 0.5141019 0.09593725 0.3469724 0.09618222 0.2169835 0.0802831 0.3695552 0.09593725 0.3469724 0.08302944 0.2364279 0.0802831 0.3695552 0.09618222 0.2169835 0.09359318 0.1357001 0.08302944 0.2364279 0.09618222 0.2169835 0.08440846 0.6733652 0.0784617 0.8144833 0.09304773 0.7936366 0.0755133 0.1617311 0.08302944 0.2364279 0.09359318 0.1357001 0.07667231 0.5286265 0.08440846 0.6733652 0.08718252 0.5141019 0.09168857 0.3673526 0.07828432 0.2546673 0.09237575 0.2334655 0.07748669 0.165525 0.08603525 0.1190975 0.09243476 0.1432176 0.08092159 0.3838626 0.07828432 0.2546673 0.09168857 0.3673526 0.08797806 0.6825585 0.07790827 0.5435621 0.09042322 0.5246633 0.09056645 0.8873549 0.06761229 0.9529349 0.09129571 0.9199942 0.06854754 0.9178094 0.06761229 0.9529349 0.09056645 0.8873549 0.0784617 0.8144833 0.06854754 0.9178094 0.09056645 0.8873549 0.07667231 0.5286265 0.07310503 0.6887037 0.08440846 0.6733652 0.07090061 0.2528114 0.0802831 0.3695552 0.08302944 0.2364279 0.07158172 0.706453 0.07790827 0.5435621 0.08797806 0.6825585 0.07282292 0.8341482 0.07158172 0.706453 0.08607614 0.8149479 0.07062131 0.3983625 0.07828432 0.2546673 0.08092159 0.3838626 0.07748669 0.165525 0.06184858 0.1516627 0.08603525 0.1190975 0.06576448 0.5425547 0.07310503 0.6887037 0.07667231 0.5286265 0.06506949 0.3893507 0.07667231 0.5286265 0.0802831 0.3695552 0.0604422 0.8371455 0.06854754 0.9178094 0.0784617 0.8144833 0.07310503 0.6887037 0.0604422 0.8371455 0.0784617 0.8144833 0.07828432 0.2546673 0.06409132 0.1832984 0.07748669 0.165525 0.06821608 0.5569823 0.07062131 0.3983625 0.07790827 0.5435621 0.06152427 0.7029128 0.0604422 0.8371455 0.07310503 0.6887037 0.06576448 0.5425547 0.06152427 0.7029128 0.07310503 0.6887037 0.06478399 0.2729711 0.06409132 0.1832984 0.07828432 0.2546673 0.07062131 0.3983625 0.06478399 0.2729711 0.07828432 0.2546673 0.06163865 0.8484947 0.07158172 0.706453 0.07282292 0.8341482 0.0577389 0.2686201 0.06506949 0.3893507 0.07090061 0.2528114 0.05981463 0.1816278 0.07090061 0.2528114 0.0755133 0.1617311 0.0558623 0.7260203 0.06821608 0.5569823 0.07158172 0.706453 0.06163865 0.8484947 0.0558623 0.7260203 0.07158172 0.706453 0.05457246 0.555206 0.06152427 0.7029128 0.06576448 0.5425547 0.05823802 0.4140066 0.06478399 0.2729711 0.07062131 0.3983625 0.06821608 0.5569823 0.05823802 0.4140066 0.07062131 0.3983625 0.0577389 0.2686201 0.05150002 0.4043438 0.06506949 0.3893507 0.04578906 0.942858 0.06761229 0.9529349 0.06854754 0.9178094 0.05823802 0.4140066 0.05382293 0.2859308 0.06478399 0.2729711 0.05457246 0.555206 0.0516712 0.7136695 0.06152427 0.7029128 0.05088061 0.198437 0.06184858 0.1516627 0.06409132 0.1832984 0.06184858 0.1516627 0.04340082 0.1982558 0.05981463 0.1816278 0.04620575 0.9498513 0.06163865 0.8484947 0.0619989 0.9327778 0.04421269 0.9788033 0.0619989 0.9327778 0.06761229 0.9529349 0.0516712 0.7136695 0.04685252 0.8515176 0.0604422 0.8371455 0.05088061 0.198437 0.03789371 0.1756708 0.06184858 0.1516627 0.04736793 0.4258376 0.05382293 0.2859308 0.05823802 0.4140066 0.05723673 0.5705254 0.04736793 0.4258376 0.05823802 0.4140066 0.0558623 0.7260203 0.04512917 0.583379 0.05723673 0.5705254 0.04201292 0.7226421 0.04685252 0.8515176 0.0516712 0.7136695 0.0428307 0.566568 0.0516712 0.7136695 0.05457246 0.555206 0.05150002 0.4043438 0.0428307 0.566568 0.05457246 0.555206 0.04163002 0.2979853 0.05088061 0.198437 0.05382293 0.2859308 0.04476642 0.8665696 0.04042094 0.7415491 0.0558623 0.7260203 0.0421074 0.2840461 0.03712803 0.4172566 0.05150002 0.4043438 0.03585261 0.8607452 0.04578906 0.942858 0.04685252 0.8515176 0.03749376 0.4347295 0.04163002 0.2979853 0.04736793 0.4258376 0.04042094 0.7415491 0.03610748 0.591269 0.04512917 0.583379 0.03712803 0.4172566 0.03413182 0.5734885 0.0428307 0.566568 0.02674949 0.9646943 0.04476642 0.8665696 0.04620575 0.9498513 0.0263378 0.8806492 0.04042094 0.7415491 0.04476642 0.8665696 0.02141815 0.9943335 0.02674949 0.9646943 0.04421269 0.9788033 0.04578906 0.942858 0.02141815 0.9943335 0.04421269 0.9788033 0.03585261 0.8607452 0.02260977 0.9593927 0.04578906 0.942858 0.04340082 0.1982558 0.02796816 0.2945376 0.0421074 0.2840461 0.03133779 0.3061764 0.03669631 0.2113342 0.04163002 0.2979853 0.02632826 0.2110235 0.02796816 0.2945376 0.04340082 0.1982558 0.03789371 0.1756708 0.02632826 0.2110235 0.04340082 0.1982558 0.02713763 0.7513045 0.02631264 0.5979028 0.03610748 0.591269 0.02506428 0.5790874 0.03189212 0.7304137 0.03413182 0.5734885 0.02651309 0.4244229 0.03413182 0.5734885 0.03712803 0.4172566 0.02796816 0.2945376 0.02651309 0.4244229 0.03712803 0.4172566 0.03610748 0.591269 0.02477222 0.4433115 0.03749376 0.4347295 0.02018404 0.8698993 0.02260977 0.9593927 0.03585261 0.8607452 0.02358716 0.2200512 0.03789371 0.1756708 0.03669631 0.2113342 0.02477222 0.4433115 0.02122557 0.3119471 0.03133779 0.3061764 0.02358716 0.2200512 0.01634055 0.1885142 0.03789371 0.1756708 0.01792204 0.4285316 0.02506428 0.5790874 0.02651309 0.4244229 0.01595014 0.300206 0.02651309 0.4244229 0.02796816 0.2945376 0.01632207 0.7566214 0.02631264 0.5979028 0.02713763 0.7513045 0.0263378 0.8806492 0.01632207 0.7566214 0.02713763 0.7513045 0.0159868 0.5831593 0.02212953 0.7359667 0.02506428 0.5790874 0.01792204 0.4285316 0.0159868 0.5831593 0.02506428 0.5790874 0.08947521 0.2174135 0.01595014 0.300206 0.02632826 0.2110235 0.01634055 0.1885142 0.08947521 0.2174135 0.02632826 0.2110235 0.01130986 0.2247196 0.01634055 0.1885142 0.02358716 0.2200512 0.01180481 0.8869581 0.01632207 0.7566214 0.0263378 0.8806492 0.0159868 0.5831593 0.008294582 0.7403714 0.02212953 0.7359667 0.02141815 0.9943335 0.2248797 0.9723008 0.02674949 0.9646943 0.01014941 0.3159242 0.01130986 0.2247196 0.02122557 0.3119471 0.01167184 0.4487498 0.01014941 0.3159242 0.02122557 0.3119471 0.00897628 0.4311325 0.006200134 0.585418 0.0159868 0.5831593 0.007394015 0.7590015 0.01588404 0.6028833 0.01632207 0.7566214 0.01180481 0.8869581 0.007394015 0.7590015 0.01632207 0.7566214 0.2759476 0.965098 0.02141815 0.9943335 0.02260977 0.9593927 0.1931535 0.8742619 0.02260977 0.9593927 0.02018404 0.8698993 0.7575228 0.1902638 0.08947521 0.2174135 0.01634055 0.1885142 0.622205 0.8883479 0.007394015 0.7590015 0.01180481 0.8869581 0.2248797 0.9723008 0.622205 0.8883479 0.01180481 0.8869581 0.003023803 0.4502715 0.01014941 0.3159242 0.01167184 0.4487498 0.1203587 0.6053656 0.003023803 0.4502715 0.01167184 0.4487498 0.6885058 0.4318393 0.006200134 0.585418 0.00897628 0.4311325 0.4273061 0.3028776 0.6885058 0.4318393 0.00897628 0.4311325 0.632678 0.2262071 0.7575228 0.1902638 0.01130986 0.2247196 0.622205 0.8883479 0.7937603 0.759296 0.007394015 0.7590015 0.9965043 0.7412027 0.1931535 0.8742619 0.008294582 0.7403714 0.9944892 0.5855398 0.008294582 0.7403714 0.006200134 0.585418 0.1203587 0.6053656 0.9934824 0.4497693 0.003023803 0.4502715 0.7575228 0.1902638 0.9915813 0.217802 0.08947521 0.2174135 0.9948792 0.6054629 0.9934824 0.4497693 0.1203587 0.6053656 0.9965043 0.7412027 0.9937216 0.874146 0.1931535 0.8742619 0.5427976 0.9996641 0.9882907 0.9713022 0.2248797 0.9723008 0.9901359 0.9642578 0.5427976 0.9996641 0.2759476 0.965098 0.9868375 0.7393482 0.9937216 0.874146 0.9965043 0.7412027 0.9869484 0.3011291 0.6885058 0.4318393 0.4273061 0.3028776 0.6442776 0.3168743 0.9858214 0.2239005 0.632678 0.2262071 0.9853565 0.6032492 0.9934824 0.4497693 0.9948792 0.6054629 0.9882907 0.9713022 0.9832542 0.8853458 0.622205 0.8883479 0.9831425 0.8713507 0.9901359 0.9642578 0.9937216 0.874146 0.9860904 0.4299134 0.9944892 0.5855398 0.6885058 0.4318393 0.9934824 0.4497693 0.9833171 0.3138644 0.6442776 0.3168743 0.9840264 0.7567391 0.9853565 0.6032492 0.7937603 0.759296 0.9832542 0.8853458 0.9840264 0.7567391 0.7937603 0.759296 0.9860904 0.4299134 0.9841109 0.5831467 0.9944892 0.5855398 0.9853565 0.6032492 0.9787226 0.4450611 0.9934824 0.4497693 0.9831425 0.8713507 0.9773457 0.9596504 0.9901359 0.9642578 0.9760752 0.2122122 0.9869484 0.3011291 0.9915813 0.217802 0.9754689 0.9926649 0.9761638 0.9666473 0.9882907 0.9713022 0.9720345 0.7507513 0.9853565 0.6032492 0.9840264 0.7567391 0.9841109 0.5831467 0.9735655 0.7336686 0.9868375 0.7393482 0.9763322 0.2969659 0.9748892 0.4250969 0.9869484 0.3011291 0.9760752 0.2122122 0.9763322 0.2969659 0.9869484 0.3011291 0.9744371 0.5983687 0.9787226 0.4450611 0.9853565 0.6032492 0.9736502 0.5783808 0.9735655 0.7336686 0.9841109 0.5831467 0.9833171 0.3138644 0.9721003 0.2175525 0.9858214 0.2239005 0.9716011 0.8795877 0.9720345 0.7507513 0.9832542 0.8853458 0.9715259 0.3080103 0.9721003 0.2175525 0.9833171 0.3138644 0.9677335 0.8632068 0.9773457 0.9596504 0.9831425 0.8713507 0.9636828 0.9584326 0.9716011 0.8795877 0.9761638 0.9666473 0.9754689 0.9926649 0.9636828 0.9584326 0.9761638 0.9666473 0.9760752 0.2122122 0.9655414 0.2902175 0.9763322 0.2969659 0.9720345 0.7507513 0.9617801 0.589434 0.9744371 0.5983687 0.9617801 0.589434 0.9638568 0.4357548 0.9744371 0.5983687 0.9573225 0.8685157 0.9720345 0.7507513 0.9716011 0.8795877 0.9748892 0.4250969 0.9636306 0.5718337 0.9736502 0.5783808 0.9655414 0.2902175 0.9608334 0.4156208 0.9748892 0.4250969 0.9685773 0.18071 0.9616988 0.2028294 0.9760752 0.2122122 0.9603518 0.2997323 0.9721003 0.2175525 0.9715259 0.3080103 0.9613313 0.7254278 0.9677335 0.8632068 0.9735655 0.7336686 0.9559048 0.2049281 0.9685773 0.18071 0.9721003 0.2175525 0.9603518 0.2997323 0.9559048 0.2049281 0.9721003 0.2175525 0.9460051 0.1603924 0.9616988 0.2028294 0.9685773 0.18071 0.9559048 0.2049281 0.9460051 0.1603924 0.9685773 0.18071 0.9518782 0.7344118 0.9617801 0.589434 0.960827 0.7427211 0.9538753 0.8521739 0.9612777 0.9491452 0.9677335 0.8632068 0.9613313 0.7254278 0.9538753 0.8521739 0.9677335 0.8632068 0.9616988 0.2028294 0.9510468 0.2777695 0.9655414 0.2902175 0.9519638 0.4251489 0.9603518 0.2997323 0.9638568 0.4357548 0.9454935 0.968159 0.9492598 0.9454136 0.9636828 0.9584326 0.9518782 0.7344118 0.9481486 0.5765536 0.9617801 0.589434 0.9479178 0.1900143 0.9510468 0.2777695 0.9616988 0.2028294 0.949211 0.4051792 0.9542495 0.5639667 0.9608334 0.4156208 0.9413043 0.852007 0.9403551 0.7217218 0.9518782 0.7344118 0.9418278 0.5512802 0.9511845 0.7164688 0.9542495 0.5639667 0.9481486 0.5765536 0.9381925 0.4096372 0.9519638 0.4251489 0.9498885 0.2899104 0.9399659 0.1882483 0.9559048 0.2049281 0.9381925 0.4096372 0.9378303 0.276152 0.9498885 0.2899104 0.9418278 0.5512802 0.9378729 0.7021382 0.9511845 0.7164688 0.9403551 0.7217218 0.936517 0.5630342 0.9481486 0.5765536 0.9454935 0.968159 0.9341127 0.9279564 0.9492598 0.9454136 0.9372739 0.3920718 0.9418278 0.5512802 0.949211 0.4051792 0.936517 0.5630342 0.9381925 0.4096372 0.9481486 0.5765536 0.9479178 0.1900143 0.9368076 0.2623599 0.9510468 0.2777695 0.9332858 0.1733053 0.9368076 0.2623599 0.9479178 0.1900143 0.9270147 0.7045318 0.936517 0.5630342 0.9403551 0.7217218 0.9257747 0.8320987 0.9403551 0.7217218 0.9413043 0.852007 0.9378303 0.276152 0.9243314 0.1679692 0.9399659 0.1882483 0.9378729 0.7021382 0.9282428 0.8234583 0.9411426 0.8390127 0.9372739 0.3920718 0.9255864 0.5315479 0.9418278 0.5512802 0.9245138 0.5469948 0.9381925 0.4096372 0.936517 0.5630342 0.9200862 0.1280048 0.9332858 0.1733053 0.9460051 0.1603924 0.9243314 0.1679692 0.9200862 0.1280048 0.9460051 0.1603924 0.9381925 0.4096372 0.924418 0.2585586 0.9378303 0.276152 0.9245138 0.5469948 0.9239439 0.3908595 0.9381925 0.4096372 0.916927 0.9320734 0.9341127 0.9279564 0.9454935 0.968159 0.9267401 0.9116743 0.916927 0.9320734 0.9454935 0.968159 0.9332858 0.1733053 0.9220196 0.2433665 0.9368076 0.2623599 0.9222698 0.6825515 0.9282428 0.8234583 0.9378729 0.7021382 0.9234109 0.3746629 0.9255864 0.5315479 0.9372739 0.3920718 0.9173789 0.9051742 0.9257747 0.8320987 0.9341127 0.9279564 0.916927 0.9320734 0.9173789 0.9051742 0.9341127 0.9279564 0.9146959 0.6867492 0.9245138 0.5469948 0.9270147 0.7045318 0.9222698 0.6825515 0.9144054 0.8045294 0.9282428 0.8234583 0.9146959 0.6867492 0.9121004 0.5286223 0.9245138 0.5469948 0.9239439 0.3908595 0.908497 0.2347322 0.924418 0.2585586 0.9245138 0.5469948 0.9140789 0.3763698 0.9239439 0.3908595 0.9099457 0.808923 0.9146959 0.6867492 0.9257747 0.8320987 0.9077108 0.352377 0.9255864 0.5315479 0.9234109 0.3746629 0.9220196 0.2433665 0.9077108 0.352377 0.9234109 0.3746629 0.908497 0.2347322 0.9087305 0.1450976 0.9243314 0.1679692 0.9056074 0.8816313 0.916927 0.9320734 0.9267401 0.9116743 0.9144054 0.8045294 0.9056074 0.8816313 0.9267401 0.9116743 0.9110063 0.5114591 0.9108251 0.6665505 0.9222698 0.6825515 0.9099457 0.808923 0.9019144 0.666498 0.9146959 0.6867492 0.9082675 0.2237663 0.9077108 0.352377 0.9220196 0.2433665 0.9121004 0.5286223 0.9038789 0.3602488 0.9140789 0.3763698 0.8983922 0.8757045 0.9099457 0.808923 0.9173789 0.9051742 0.9019144 0.666498 0.8981074 0.5059727 0.9121004 0.5286223 0.8930258 0.0862292 0.9154846 0.149111 0.9200862 0.1280048 0.9087305 0.1450976 0.8930258 0.0862292 0.9200862 0.1280048 0.8983922 0.8757045 0.8943844 0.7836992 0.9099457 0.808923 0.9056074 0.8816313 0.8957608 0.8996456 0.916927 0.9320734 0.9108251 0.6665505 0.8996519 0.7824757 0.9144054 0.8045294 0.8959996 0.4887846 0.9000421 0.6503426 0.9110063 0.5114591 0.8959611 0.1193453 0.9082675 0.2237663 0.9154846 0.149111 0.8900611 0.1146932 0.8930258 0.0862292 0.9087305 0.1450976 0.908497 0.2347322 0.8900611 0.1146932 0.9087305 0.1450976 0.8941201 0.201884 0.9077108 0.352377 0.9082675 0.2237663 0.8883129 0.2015153 0.8900611 0.1146932 0.908497 0.2347322 0.8868806 0.3315865 0.908497 0.2347322 0.9038789 0.3602488 0.8943844 0.7836992 0.8884717 0.6439291 0.9019144 0.666498 0.8996519 0.7824757 0.8859718 0.8504778 0.9056074 0.8816313 0.8818489 0.7541395 0.8859718 0.8504778 0.8996519 0.7824757 0.8877468 0.631158 0.8996519 0.7824757 0.9000421 0.6503426 0.8748287 0.6199933 0.8784689 0.4720768 0.8884717 0.6439291 0.8748695 0.7501477 0.8884717 0.6439291 0.8943844 0.7836992 0.8754504 0.8371315 0.8943844 0.7836992 0.8983922 0.8757045 0.8716968 0.8594623 0.8983922 0.8757045 0.8957608 0.8996456 0.8930258 0.0862292 0.8731066 0.08175855 0.8959611 0.1193453 0.8803831 0.464122 0.8877468 0.631158 0.8959996 0.4887846 0.8882766 0.3224232 0.8803831 0.464122 0.8959996 0.4887846 0.8731066 0.08175855 0.8721215 0.1661616 0.8941201 0.201884 0.872169 0.6059566 0.8818489 0.7541395 0.8877468 0.631158 0.8638892 0.06958317 0.8930258 0.0862292 0.8900611 0.1146932 0.8702494 0.3022655 0.8719111 0.1729363 0.8868806 0.3315865 0.8784689 0.4720768 0.8702494 0.3022655 0.8868806 0.3315865 0.8818489 0.7541395 0.8655841 0.8165398 0.8859718 0.8504778 0.8631833 0.03593379 0.8731066 0.08175855 0.8930258 0.0862292 0.8748287 0.6199933 0.8569995 0.4334837 0.8784689 0.4720768 0.872169 0.6059566 0.8595266 0.7174041 0.8818489 0.7541395 0.8569995 0.4334837 0.8702494 0.3022655 0.8784689 0.4720768 0.8541869 0.5829388 0.8569995 0.4334837 0.8748287 0.6199933 0.8748695 0.7501477 0.8541869 0.5829388 0.8748287 0.6199933 0.8754504 0.8371315 0.8406955 0.6895456 0.8748695 0.7501477 0.8716968 0.8594623 0.841017 0.7771003 0.8754504 0.8371315 0.8411743 0.118305 0.8638892 0.06958317 0.8719111 0.1729363 0.8540794 0.2731493 0.8719111 0.1729363 0.8702494 0.3022655 0.8659904 0.4407299 0.842971 0.5585025 0.872169 0.6059566 0.8655841 0.8165398 0.8414774 0.8078543 0.8716968 0.8594623 0.8595266 0.7174041 0.8420118 0.777103 0.8655841 0.8165398 0.8430587 0.1183068 0.8666308 0.2873404 0.8721215 0.1661616 0.8426769 0.0307511 0.8721215 0.1661616 0.8731066 0.08175855 0.8541869 0.5829388 0.8406949 0.3266432 0.8569995 0.4334837 0.8406955 0.6895456 0.8405478 0.558503 0.8541869 0.5829388 0.842971 0.5585025 0.8425401 0.6895474 0.8595266 0.7174041 0.8432556 0.2493515 0.8432257 0.4039272 0.8666308 0.2873404 0.8419686 0.01246351 0.8426769 0.0307511 0.8631833 0.03593379 0.8419686 0.01246351 0.8631833 0.03593379 0.8638892 0.06958317 0.8406949 0.3266432 0.8411743 0.118305 0.8540794 0.2731493 0.8406949 0.3266432 0.8540794 0.2731493 0.8569995 0.4334837 0.4740518 0 1 1 0 1 0 0 1 0.4621704 0 1 1 0 0.4675919 1 0 0 0 0 1 1 0 1 1 0 0 1 0 0 0 0 1 1 0 1 1 0 0.46826 1 0 0 0.4421743 0 1 1 0 1 1 0 0.4315595 1 0 0 0 0 1 0.5000002 0 1 1 0 0 1 0 0 0 0 1 1 0 1 0.4675919 0 1 1 0 1 1 0.4362109 0 1 0 0 1 0.4999657 0 1 0 0 0 0 1 1 0 1 1 0 0 1 0 0 0.5613182 0 1 1 0 1 1 0.5183275 0 1 0 0 0 0 1 0 1 1 0 0 1 0 1 1 1 0 0 1 0 0 1 0.5988478 0 1 0 0 0 0 1 0.4999971 0 1 0 0 1 1 0 1 0 0 1 0.4621861 0 1 1 0 0.3804638 1 0 0 1 0 0.5613179 1 0 0 0 0 1 0.4622129 0 1 0.5165811 0 1 1 0 1 0 0 1 1 0 1 1 0 0.4421744 1 0 0 0 0 1 1 0 1 1 0 0.5578981 1 0 0 1 0 0 1 0 0 1 0.4996959 0 1 0 0 1 0 0.5267431 1 0 0 0 0 1 0.563803 0 1 1 0 0 1 0 0 0 0 1 1 0 1 1 0 0 1 0 0 1 0 0 1 0 0 0 0 1 1 0 1 0 0 1 1 0 1 0 0 1 0.3799102 0 1 1 0 0.5362012 1 0 0 0 0 1 1 0 1 0 0 1 1 0 1 0 0 1 0 1 1 0 0 1 1 0 1 0 0 1 1 0 1 1 0 0 1 0 0 0 0 1 0.5214212 0 1 0 0 1 1 0 1 0 0 1 1 0 1 1 0 0 1 0 0 1 0 0 1 0 0 1 0 0 1 0 0 0 0 1 0 1 1 1 0 0 1 0 0 0 0 1 0.4693537 0 1 0 0 1 1 0 1 1 0.4999755 0 1 0 0 1 0 0 1 0 0 1 0.4999949 0 1 0 0 1 0 0 1 0 0 1 0 0 1 0 0 0.5259788 0 1 1 0 1 1 0.5377482 0 1 0 0 1 0 0.5685144 1 0 0 0 0 1 0.4583009 0 1 1 0.4362081 0 1 0 0 0 0 1 0.4268118 0 1 0 0 1 0 1 1 1 0 0 1 0 0 0.431559 0 1 1 0 1 1 0 0.4748023 1 0 0 1 0.5848503 0 1 0 0 0 0 1 1 0 1 1 0 0 1 0 0 1 0 0 1 0 0 1 0 0 1 0 0 0 0 1 1 0 1 1 0 0 1 0 0 1 0 0 1 0 0 1 0.409522 0 1 0 0 0 0 1 1 0 1 1 0 0 1 0 0 1 0 0.5054371 1 0 0 0 0 1 0 1 1 0.4945991 0 1 1 0 1 0 0 1 1 0 1 1 0.5516839 0 1 0 0 1 0 0 1 0 0 0 0 1 0.5081509 0 1 1 0 0 1 0 0 0 0 1 0.4583029 0 1 0.5613172 0 1 1 0 1 1 0 0.5159674 1 0 0 0 0 1 0.5306843 0 1 1 0 0 1 0 0 0 0 1 1 0 1 1 0.6678796 0 1 0 0 1 0 0 1 0 0 1 0.4134539 0 1 0 0 0 0 1 0.4524741 0 1 0 0 1 0.4362079 0 1 1 0 0.5778387 1 0 0 1 0 0 1 0 0 1 0 0 1 0 0 1 0 0.5422808 1 0 0 0 0 1 0 1 1 0.4945629 0 1 1 0 1 0 0 1 1 0 1 0 0 1 1 0 1 1 0.4092903 0 1 0 0 0 0 1 1 0 1 0 0 1 1 0 1 1 0 0.4319463 1 0 0 0 0 1 1 0 1 0 0 1 1 0 1 0 0 1 0.4362295 0 1 1 0.3779025 0 1 0 0 0 0 1 0 1 1 1 0 0 1 0 0 0.5164406 0 1 1 0 1 1 0 0.5056381 1 0 0 0.494434 0 1 1 0 1 1 0 0.483631 1 0 0 0.4740532 0 1 1 0 1 1 0.5673211 0 1 0 0 0 0 1 1 0 1 0 0 1 0.4362116 0 1 1 0 0.5259819 1 0 0 1 0.5905405 0 1 0 0 0 0 1 0.4095568 0 1 0 0 1 1 0 1 0 0 1 1 0 1 0 0 1 0.4115144 0 1 1 0 0 1 0 0 0 0 1 1 0 1 1 0.5516814 0 1 0 0 0 0 1 1 0 1 0 0 1 0.5000196 0 1 0 0 1 1 0 1 0 0 1 1 0 1 1 0.4720013 0 1 0 0 1 0.5000582 0 1 0 0 0 0 1 1 0 1 0 0 1 1 0 1 1 0 0.4841047 1 0 0 0 0 1 0.550431 0 1 0 0 1 0 1 1 0 0 1 1 0 1 1 0 0 1 0 0 1 0.5673229 0 1 0 0 1 0 0 1 0 0 1 0.4268201 0 1 0 0 0 0 1 0.5306708 0 1 1 0.4583037 0 1 0 0 1 0 0 1 0 0 1 0 0.5612805 1 0 0 0.5164412 0 1 1 0 1 1 0 0.5578981 1 0 0 0 0 1 0 1 1 1 0 0 1 0 0 1 0 0 1 0 0 1 0 0 1 0 0 1 0.6515296 0 1 0 0 0 0 1 1 0 1 1 0.470759 0 1 0 0 0 0 1 1 0 1 0.5578981 0 1 1 0 1 1 0 0 1 0 0 1 0 0 1 0 0 1 0 0.6974421 1 0 0 0.4308173 0 1 1 0 1 0 0 1 1 0 1 0 0 1 1 0 1 1 0 0.5003492 1 0 0 0 0 1 1 0 1 0 0 1 1 0 1 1 0 0 1 0 0 0.499942 0 1 1 0 1 1 0 0.4473282 1 0 0 0.5001304 0 1 1 0 1 0 0 1 1 0 1 0.5656785 0 1 1 0 1 1 0 0 1 0 0 0.4923817 0 1 1 0 1 1 0 0 1 0 0 0 0 1 1 0 1 1 0 0.5001304 1 0 0 1 0 0 1 0 0 1 0 0.4175589 1 0 0 0.4175589 0 1 1 0 1 0.5825626 0 1 1 0 1 1 0 0.6046212 1 0 0 0.5138746 0 1 1 0 1 0 0 1 1 0 1 0.528329 0 1 1 0 1 1 0 0.4474552 1 0 0 0.4474552 0 1 1 0 1 0 0 1 1 0 1 1 0 0.575859 1 0 0 1 0 0.5282174 1 0 0 1 0 0 1 0 0 1 0 0 1 0 0 0.5693151 0 1 1 0 1 1 0 0.4999862 1 0 0 0.4999862 0 1 1 0 1 1 0 0 1 0 0 0 0 1 1 0 1 1 0 0.4175473 1 0 0 0.4175473 0 1 1 0 1 0 0 1 1 0 1 0 0 1 1 0 1 0 0 1 1 0 1 0 0 1 1 0 1 1 0 0.4102346 1 0 0 0.6046129 0 1 1 0 1 1 0 0.5282725 1 0 0 1 0 0 1 0 0 1 0 0.5000284 1 0 0 0.5516194 0 1 1 0 1 0 0 1 1 0 1 1 0 0.5138647 1 0 0 0.4474061 0 1 1 0 1 0 0 1 1 0 1 1 0 0 1 0 0 1 0 0 1 0 0 0 0 1 1 0 1 0 0 1 1 0 1 1 0 0.5758365 1 0 0 0 0 1 1 0 1 1 0 0.5907315 1 0 0 0.5897622 0 1 1 0 1 1 0 0.5897622 1 0 0 0 0 1 1 0 1 1 0 0 1 0 0 1 0 0.6746912 1 0 0 0.6746932 0 1 1 0 1 0 0 1 1 0 1 0.4860367 0 1 1 0 1 0 0 1 1 0 1 1 0 0.53824 1 0 0 0.5382395 0 1 1 0 1 1 0 0 1 0 0 0 0 1 1 0 1 0 0 1 1 0 1 1 0 0.4473725 1 0 0 1 0 0 1 0 0 0 0 1 1 0 1 0.4999681 0 1 1 0 1 1 0 0 1 0 0 1 0 0 1 0 0 1 0 0.4342887 1 0 0 1 0 0 1 0 0 1 0 0.582487 1 0 0 0.582487 0 1 1 0 1 0.4307109 0 1 1 0 1 1 0 0 1 0 0 0 0 1 1 0 1 1 0 0.5898159 1 0 0 0.4627411 0 1 1 0 1 1 0 0.4998982 1 0 0 0.4998982 0 1 1 0 1 1 0 0.5000826 1 0 0 1 0 0.5000036 1 0 0 1 0 0.4756703 1 0 0 0 0 1 1 0 1 0 0 1 1 0 1 0 0 1 1 0 1 1 0 0 1 0 0 0.537258 0 1 1 0 1 0.6399692 0 1 1 0 1 1 0 0.5141233 1 0 0 0.4718293 0 1 1 0 1 1 0 0 1 0 0 1 0 0.5692268 1 0 0 0 0 1 1 0 1 1 0 0 1 0 0 0 0 1 1 0 1 0 0 1 1 0 1 1 0 0 1 0 0 0.5000615 0 1 1 0 1 0.4999362 0 1 1 0 1 0.5898607 0 1 1 0 1 1 0 0.5000615 1 0 0 1 0 0 1 0 0 1 0 0 1 0 0 0.5758584 0 1 1 0 1 0 0 1 1 0 1 1 0 0 1 0 0 1 0 0 1 0 0 1 0 0.5000143 1 0 0 0 0 1 1 0 1 0 0 1 1 0 1 0.4617053 0 1 1 0 1 1 0 0.4617456 1 0 0 0.6618643 0 1 1 0 1 1 0 0.5138322 1 0 0 0 0 1 1 0 1 0.3253391 0 1 1 0 1 1 0 0.5000123 1 0 0 0.5000123 0 1 1 0 1 1 0 0.5000751 1 0 0 0.5000751 0 1 1 0 1 1 0 0.513809 1 0 0 1 0 0 1 0 0 0.4342906 0 1 1 0 1 1 0 0.5833181 1 0 0 0.4102358 0 1 1 0 1 0.4489753 0 1 1 0 1 1 0 0 1 0 0 1 0 0.5526764 1 0 0 0 0 1 1 0 1 1 0 0.4241283 1 0 0 0.5000283 0 1 1 0 1 0 0 1 1 0 1 1 0 0.5525501 1 0 0 0.5525501 0 1 1 0 1 1 0 0 1 0 0 1 0 0.447366 1 0 0 0.471774 0 1 1 0 1 0.4756236 0 1 1 0 1 0 0 1 1 0 1 1 0 0.5000018 1 0 0 1 0 0 1 0 0 0.4861351 0 1 1 0 1 1 0 0 1 0 0 1 0 0 1 0 0 1 0 0.4474002 1 0 0 1 0 0 1 0 0 1 0 0.4175258 1 0 0 1 0 0 1 0 0 1 0 0 1 0 0 0 0 1 1 0 1 0 0 1 1 0 1 0.5282275 0 1 1 0 1 1 0 0.454786 1 0 0 0 0 1 1 0 1 1 0 0 1 0 0 1 0 0 1 0 0 1 0 0.5381057 1 0 0 0.5381057 0 1 1 0 1 1 0 0 1 0 0 0.552586 0 1 1 0 1 0 0 1 1 0 1 1 0 0.4174079 1 0 0 1 0 0.4999076 1 0 0 0 0 1 1 0 1 1 0 0.6199154 1 0 0 0.6199154 0 1 1 0 1 1 0 0.4343405 1 0 0 0 0 1 1 0 1 1 0 0 1 0 0 1 0 0 1 0 0 0 0 1 1 0 1 1 0 0 1 0 0 1 0 0.5379634 1 0 0 0.4241579 0 1 1 0 1 1 0 0.5526403 1 0 0 1 0 0.5759859 1 0 0 0.5379304 0 1 1 0 1 0.4102997 0 1 1 0 1 0.5824864 0 1 1 0 1 1 0 0 1 0 0 1 0 0.4756856 1 0 0 1 0 0.461973 1 0 0 0 0 1 1 0 1 0 0 1 1 0 1 1 0 0 1 0 0 1 0 0.4102997 1 0 0 0.1461676 0.582305 0.1454129 0.4291221 0.1594331 0.4812106 0.1593045 0.6895456 0.1461676 0.582305 0.1594331 0.4812106 0.1574603 0.6895467 0.1341654 0.8169597 0.157988 0.7771032 0.157323 0.03075128 0.1335858 0.07053524 0.1569417 0.1183062 0.1594331 0.4812106 0.1454129 0.4291221 0.1591962 0.2493512 0.1585248 0.8078505 0.1290494 0.8292714 0.1589813 0.7771031 0.1578182 -1.73937e-7 0.1195501 0.06523042 0.1335858 0.07053524 0.1336234 0.596493 0.1284332 0.7372754 0.1574603 0.6895467 0.127773 0.4508712 0.1336234 0.596493 0.157029 0.5585025 0.1567446 0.249351 0.131287 0.2907293 0.127773 0.4508712 0.1569417 0.1183062 0.1336032 0.1567001 0.131287 0.2907293 0.1591962 0.2493512 0.1312497 0.2995431 0.1588256 0.118305 0.1454129 0.4291221 0.1312497 0.2995431 0.1591962 0.2493512 0.1284884 0.6140862 0.12413 0.4674472 0.1454129 0.4291221 0.1225985 0.7545555 0.1284884 0.6140862 0.1461676 0.582305 0.1290494 0.8292714 0.1225985 0.7545555 0.1593045 0.6895456 0.1341654 0.8169597 0.1173297 0.8779727 0.1585248 0.8078505 0.1583461 0.0307483 0.1178166 0.1012725 0.1195501 0.06523042 0.1588256 0.118305 0.1247105 0.1788803 0.1178166 0.1012725 0.1454129 0.4291221 0.12413 0.4674472 0.1312497 0.2995431 0.127773 0.4508712 0.1150117 0.6266987 0.1336234 0.596493 0.1336032 0.1567001 0.1151442 0.1870419 0.131287 0.2907293 0.131287 0.2907293 0.1126436 0.3209385 0.127773 0.4508712 0.1284332 0.7372754 0.1116849 0.8542917 0.1341654 0.8169597 0.1335858 0.07053524 0.1114905 0.1073253 0.1151442 0.1870419 0.1284884 0.6140862 0.1160818 0.6360557 0.12413 0.4674472 0.1284332 0.7372754 0.108799 0.7691853 0.1116849 0.8542917 0.1126436 0.3209385 0.11176 0.4766851 0.127773 0.4508712 0.1312497 0.2995431 0.1159306 0.3267753 0.1247105 0.1788803 0.1290494 0.8292714 0.1026276 0.8740568 0.1225985 0.7545555 0.1159306 0.3267753 0.1064749 0.2103515 0.1247105 0.1788803 0.1160818 0.6360557 0.1036453 0.6572912 0.1049696 0.5008003 0.1225985 0.7545555 0.1023454 0.7891544 0.1036453 0.6572912 0.11176 0.4766851 0.09832692 0.4975199 0.1150117 0.6266987 0.1126436 0.3209385 0.09832692 0.4975199 0.11176 0.4766851 0.1049696 0.5008003 0.1043591 0.3465905 0.1159306 0.3267753 0.1150117 0.6266987 0.09689837 0.6550007 0.108799 0.7691853 0.09832692 0.4975199 0.09689837 0.6550007 0.1150117 0.6266987 0.1151442 0.1870419 0.09618222 0.2169835 0.1126436 0.3209385 0.1114905 0.1073253 0.09618222 0.2169835 0.1151442 0.1870419 0.1126436 0.3209385 0.09593725 0.3469724 0.09832692 0.4975199 0.108799 0.7691853 0.09056645 0.8873549 0.1116849 0.8542917 0.09056645 0.8873549 0.09129571 0.9199942 0.1173297 0.8779727 0.09689837 0.6550007 0.09304773 0.7936366 0.108799 0.7691853 0.1178166 0.1012725 0.09243476 0.1432176 0.1195501 0.06523042 0.1195501 0.06523042 0.08603525 0.1190975 0.09359318 0.1357001 0.1043591 0.3465905 0.09168857 0.3673526 0.09237575 0.2334655 0.1049696 0.5008003 0.09168857 0.3673526 0.1043591 0.3465905 0.1036453 0.6572912 0.08797806 0.6825585 0.09042322 0.5246633 0.1049696 0.5008003 0.09042322 0.5246633 0.09168857 0.3673526 0.1026276 0.8740568 0.08607614 0.8149479 0.1023454 0.7891544 0.09832692 0.4975199 0.08718252 0.5141019 0.09689837 0.6550007 0.1026276 0.8740568 0.08103829 0.9073514 0.08607614 0.8149479 0.09304773 0.7936366 0.0784617 0.8144833 0.09056645 0.8873549 0.08603525 0.1190975 0.0755133 0.1617311 0.09359318 0.1357001 0.0802831 0.3695552 0.07667231 0.5286265 0.08718252 0.5141019 0.09237575 0.2334655 0.07828432 0.2546673 0.09243476 0.1432176 0.07828432 0.2546673 0.07748669 0.165525 0.09243476 0.1432176 0.09042322 0.5246633 0.08092159 0.3838626 0.09168857 0.3673526 0.09129571 0.9199942 0.06761229 0.9529349 0.08103829 0.9073514 0.09042322 0.5246633 0.07790827 0.5435621 0.08092159 0.3838626 0.08440846 0.6733652 0.07310503 0.6887037 0.0784617 0.8144833 0.0755133 0.1617311 0.07090061 0.2528114 0.08302944 0.2364279 0.08607614 0.8149479 0.07158172 0.706453 0.08797806 0.6825585 0.08103829 0.9073514 0.07282292 0.8341482 0.08607614 0.8149479 0.07790827 0.5435621 0.07062131 0.3983625 0.08092159 0.3838626 0.08603525 0.1190975 0.06184858 0.1516627 0.0755133 0.1617311 0.06506949 0.3893507 0.06576448 0.5425547 0.07667231 0.5286265 0.07090061 0.2528114 0.06506949 0.3893507 0.0802831 0.3695552 0.07158172 0.706453 0.06821608 0.5569823 0.07790827 0.5435621 0.07748669 0.165525 0.06409132 0.1832984 0.06184858 0.1516627 0.08103829 0.9073514 0.0619989 0.9327778 0.07282292 0.8341482 0.06761229 0.9529349 0.0619989 0.9327778 0.08103829 0.9073514 0.0619989 0.9327778 0.06163865 0.8484947 0.07282292 0.8341482 0.05981463 0.1816278 0.0577389 0.2686201 0.07090061 0.2528114 0.06184858 0.1516627 0.05981463 0.1816278 0.0755133 0.1617311 0.0558623 0.7260203 0.05723673 0.5705254 0.06821608 0.5569823 0.06506949 0.3893507 0.05457246 0.555206 0.06576448 0.5425547 0.06821608 0.5569823 0.05723673 0.5705254 0.05823802 0.4140066 0.06506949 0.3893507 0.05150002 0.4043438 0.05457246 0.555206 0.0604422 0.8371455 0.04578906 0.942858 0.06854754 0.9178094 0.06478399 0.2729711 0.05382293 0.2859308 0.06409132 0.1832984 0.06152427 0.7029128 0.0516712 0.7136695 0.0604422 0.8371455 0.05382293 0.2859308 0.05088061 0.198437 0.06409132 0.1832984 0.05981463 0.1816278 0.04340082 0.1982558 0.0577389 0.2686201 0.06163865 0.8484947 0.04476642 0.8665696 0.0558623 0.7260203 0.04620575 0.9498513 0.04476642 0.8665696 0.06163865 0.8484947 0.04421269 0.9788033 0.04620575 0.9498513 0.0619989 0.9327778 0.04578906 0.942858 0.04421269 0.9788033 0.06761229 0.9529349 0.0604422 0.8371455 0.04685252 0.8515176 0.04578906 0.942858 0.0577389 0.2686201 0.0421074 0.2840461 0.05150002 0.4043438 0.04340082 0.1982558 0.0421074 0.2840461 0.0577389 0.2686201 0.06184858 0.1516627 0.03789371 0.1756708 0.04340082 0.1982558 0.0428307 0.566568 0.04201292 0.7226421 0.0516712 0.7136695 0.05723673 0.5705254 0.04512917 0.583379 0.04736793 0.4258376 0.04736793 0.4258376 0.04163002 0.2979853 0.05382293 0.2859308 0.0558623 0.7260203 0.04042094 0.7415491 0.04512917 0.583379 0.05150002 0.4043438 0.03712803 0.4172566 0.0428307 0.566568 0.05088061 0.198437 0.03669631 0.2113342 0.03789371 0.1756708 0.04163002 0.2979853 0.03669631 0.2113342 0.05088061 0.198437 0.04201292 0.7226421 0.03585261 0.8607452 0.04685252 0.8515176 0.04512917 0.583379 0.03749376 0.4347295 0.04736793 0.4258376 0.0428307 0.566568 0.03413182 0.5734885 0.04201292 0.7226421 0.04512917 0.583379 0.03610748 0.591269 0.03749376 0.4347295 0.04421269 0.9788033 0.02674949 0.9646943 0.04620575 0.9498513 0.04201292 0.7226421 0.03189212 0.7304137 0.03585261 0.8607452 0.03413182 0.5734885 0.03189212 0.7304137 0.04201292 0.7226421 0.02674949 0.9646943 0.0263378 0.8806492 0.04476642 0.8665696 0.04578906 0.942858 0.02260977 0.9593927 0.02141815 0.9943335 0.0421074 0.2840461 0.02796816 0.2945376 0.03712803 0.4172566 0.03749376 0.4347295 0.03133779 0.3061764 0.04163002 0.2979853 0.04042094 0.7415491 0.02713763 0.7513045 0.03610748 0.591269 0.0263378 0.8806492 0.02713763 0.7513045 0.04042094 0.7415491 0.02651309 0.4244229 0.02506428 0.5790874 0.03413182 0.5734885 0.03749376 0.4347295 0.02477222 0.4433115 0.03133779 0.3061764 0.03610748 0.591269 0.02631264 0.5979028 0.02477222 0.4433115 0.03189212 0.7304137 0.02018404 0.8698993 0.03585261 0.8607452 0.03189212 0.7304137 0.02212953 0.7359667 0.02018404 0.8698993 0.02506428 0.5790874 0.02212953 0.7359667 0.03189212 0.7304137 0.03133779 0.3061764 0.02358716 0.2200512 0.03669631 0.2113342 0.03133779 0.3061764 0.02122557 0.3119471 0.02358716 0.2200512 0.03789371 0.1756708 0.01634055 0.1885142 0.02632826 0.2110235 0.01595014 0.300206 0.01792204 0.4285316 0.02651309 0.4244229 0.02632826 0.2110235 0.01595014 0.300206 0.02796816 0.2945376 0.01632207 0.7566214 0.01588404 0.6028833 0.02631264 0.5979028 0.02631264 0.5979028 0.01588404 0.6028833 0.02477222 0.4433115 0.02122557 0.3119471 0.01130986 0.2247196 0.02358716 0.2200512 0.02674949 0.9646943 0.01180481 0.8869581 0.0263378 0.8806492 0.02212953 0.7359667 0.008294582 0.7403714 0.02018404 0.8698993 0.02477222 0.4433115 0.01167184 0.4487498 0.02122557 0.3119471 0.01588404 0.6028833 0.01167184 0.4487498 0.02477222 0.4433115 0.02674949 0.9646943 0.2248797 0.9723008 0.01180481 0.8869581 0.01792204 0.4285316 0.00897628 0.4311325 0.0159868 0.5831593 0.01595014 0.300206 0.00897628 0.4311325 0.01792204 0.4285316 0.0159868 0.5831593 0.006200134 0.585418 0.008294582 0.7403714 0.007394015 0.7590015 0.1203587 0.6053656 0.01588404 0.6028833 0.1931535 0.8742619 0.2759476 0.965098 0.02260977 0.9593927 0.008294582 0.7403714 0.1931535 0.8742619 0.02018404 0.8698993 0.01588404 0.6028833 0.1203587 0.6053656 0.01167184 0.4487498 0.01595014 0.300206 0.4273061 0.3028776 0.00897628 0.4311325 0.08947521 0.2174135 0.4273061 0.3028776 0.01595014 0.300206 0.02141815 0.9943335 0.5427976 0.9996641 0.2248797 0.9723008 0.2759476 0.965098 0.5427976 0.9996641 0.02141815 0.9943335 0.01130986 0.2247196 0.7575228 0.1902638 0.01634055 0.1885142 0.01014941 0.3159242 0.6442776 0.3168743 0.01130986 0.2247196 0.003023803 0.4502715 0.6442776 0.3168743 0.01014941 0.3159242 0.6442776 0.3168743 0.632678 0.2262071 0.01130986 0.2247196 0.007394015 0.7590015 0.7937603 0.759296 0.1203587 0.6053656 0.9944892 0.5855398 0.9965043 0.7412027 0.008294582 0.7403714 0.6885058 0.4318393 0.9944892 0.5855398 0.006200134 0.585418 0.003023803 0.4502715 0.9934824 0.4497693 0.6442776 0.3168743 0.7937603 0.759296 0.9948792 0.6054629 0.1203587 0.6053656 0.08947521 0.2174135 0.9915813 0.217802 0.4273061 0.3028776 0.1931535 0.8742619 0.9937216 0.874146 0.2759476 0.965098 0.2248797 0.9723008 0.9882907 0.9713022 0.622205 0.8883479 0.9937216 0.874146 0.9901359 0.9642578 0.2759476 0.965098 0.9944892 0.5855398 0.9868375 0.7393482 0.9965043 0.7412027 0.9915813 0.217802 0.9869484 0.3011291 0.4273061 0.3028776 0.632678 0.2262071 0.9858214 0.2239005 0.7575228 0.1902638 0.7937603 0.759296 0.9853565 0.6032492 0.9948792 0.6054629 0.622205 0.8883479 0.9832542 0.8853458 0.7937603 0.759296 0.5427976 0.9996641 0.9754689 0.9926649 0.9882907 0.9713022 0.9901359 0.9642578 0.9754689 0.9926649 0.5427976 0.9996641 0.9868375 0.7393482 0.9831425 0.8713507 0.9937216 0.874146 0.9869484 0.3011291 0.9860904 0.4299134 0.6885058 0.4318393 0.6442776 0.3168743 0.9833171 0.3138644 0.9858214 0.2239005 0.9944892 0.5855398 0.9841109 0.5831467 0.9868375 0.7393482 0.9934824 0.4497693 0.9787226 0.4450611 0.9833171 0.3138644 0.9901359 0.9642578 0.9773457 0.9596504 0.9754689 0.9926649 0.7575228 0.1902638 0.9760752 0.2122122 0.9915813 0.217802 0.9882907 0.9713022 0.9761638 0.9666473 0.9832542 0.8853458 0.9860904 0.4299134 0.9748892 0.4250969 0.9841109 0.5831467 0.9869484 0.3011291 0.9748892 0.4250969 0.9860904 0.4299134 0.9720345 0.7507513 0.9744371 0.5983687 0.9853565 0.6032492 0.9832542 0.8853458 0.9720345 0.7507513 0.9840264 0.7567391 0.9868375 0.7393482 0.9735655 0.7336686 0.9831425 0.8713507 0.9748892 0.4250969 0.9736502 0.5783808 0.9841109 0.5831467 0.9858214 0.2239005 0.9721003 0.2175525 0.7575228 0.1902638 0.9761638 0.9666473 0.9716011 0.8795877 0.9832542 0.8853458 0.7575228 0.1902638 0.9685773 0.18071 0.9760752 0.2122122 0.9721003 0.2175525 0.9685773 0.18071 0.7575228 0.1902638 0.9787226 0.4450611 0.9715259 0.3080103 0.9833171 0.3138644 0.9735655 0.7336686 0.9677335 0.8632068 0.9831425 0.8713507 0.9763322 0.2969659 0.9655414 0.2902175 0.9748892 0.4250969 0.9787226 0.4450611 0.9638568 0.4357548 0.9715259 0.3080103 0.9744371 0.5983687 0.9638568 0.4357548 0.9787226 0.4450611 0.9773457 0.9596504 0.9612777 0.9491452 0.9754689 0.9926649 0.9677335 0.8632068 0.9612777 0.9491452 0.9773457 0.9596504 0.9636828 0.9584326 0.9573225 0.8685157 0.9716011 0.8795877 0.9736502 0.5783808 0.9636306 0.5718337 0.9735655 0.7336686 0.9748892 0.4250969 0.9608334 0.4156208 0.9636306 0.5718337 0.9760752 0.2122122 0.9616988 0.2028294 0.9655414 0.2902175 0.9638568 0.4357548 0.9603518 0.2997323 0.9715259 0.3080103 0.9720345 0.7507513 0.960827 0.7427211 0.9617801 0.589434 0.9573225 0.8685157 0.960827 0.7427211 0.9720345 0.7507513 0.9636306 0.5718337 0.9613313 0.7254278 0.9735655 0.7336686 0.9754689 0.9926649 0.9454935 0.968159 0.9636828 0.9584326 0.9612777 0.9491452 0.9454935 0.968159 0.9754689 0.9926649 0.9573225 0.8685157 0.9518782 0.7344118 0.960827 0.7427211 0.9636306 0.5718337 0.9542495 0.5639667 0.9613313 0.7254278 0.9608334 0.4156208 0.9542495 0.5639667 0.9636306 0.5718337 0.9655414 0.2902175 0.9510468 0.2777695 0.9608334 0.4156208 0.9617801 0.589434 0.9519638 0.4251489 0.9638568 0.4357548 0.9636828 0.9584326 0.9492598 0.9454136 0.9573225 0.8685157 0.9613313 0.7254278 0.9511845 0.7164688 0.9538753 0.8521739 0.9542495 0.5639667 0.9511845 0.7164688 0.9613313 0.7254278 0.9460051 0.1603924 0.9479178 0.1900143 0.9616988 0.2028294 0.9603518 0.2997323 0.9498885 0.2899104 0.9559048 0.2049281 0.9519638 0.4251489 0.9498885 0.2899104 0.9603518 0.2997323 0.9617801 0.589434 0.9481486 0.5765536 0.9519638 0.4251489 0.9612777 0.9491452 0.945729 0.9346444 0.9454935 0.968159 0.9538753 0.8521739 0.945729 0.9346444 0.9612777 0.9491452 0.9510468 0.2777695 0.949211 0.4051792 0.9608334 0.4156208 0.9573225 0.8685157 0.9413043 0.852007 0.9518782 0.7344118 0.9492598 0.9454136 0.9413043 0.852007 0.9573225 0.8685157 0.9518782 0.7344118 0.9403551 0.7217218 0.9481486 0.5765536 0.9538753 0.8521739 0.9411426 0.8390127 0.945729 0.9346444 0.9511845 0.7164688 0.9411426 0.8390127 0.9538753 0.8521739 0.949211 0.4051792 0.9418278 0.5512802 0.9542495 0.5639667 0.9519638 0.4251489 0.9381925 0.4096372 0.9498885 0.2899104 0.9559048 0.2049281 0.9399659 0.1882483 0.9460051 0.1603924 0.9498885 0.2899104 0.9378303 0.276152 0.9399659 0.1882483 0.9511845 0.7164688 0.9378729 0.7021382 0.9411426 0.8390127 0.9492598 0.9454136 0.9341127 0.9279564 0.9413043 0.852007 0.9510468 0.2777695 0.9372739 0.3920718 0.949211 0.4051792 0.9510468 0.2777695 0.9368076 0.2623599 0.9372739 0.3920718 0.945729 0.9346444 0.9267401 0.9116743 0.9454935 0.968159 0.9411426 0.8390127 0.9267401 0.9116743 0.945729 0.9346444 0.9460051 0.1603924 0.9332858 0.1733053 0.9479178 0.1900143 0.9257747 0.8320987 0.9270147 0.7045318 0.9403551 0.7217218 0.9341127 0.9279564 0.9257747 0.8320987 0.9413043 0.852007 0.9399659 0.1882483 0.9243314 0.1679692 0.9460051 0.1603924 0.9270147 0.7045318 0.9245138 0.5469948 0.936517 0.5630342 0.9411426 0.8390127 0.9282428 0.8234583 0.9267401 0.9116743 0.9418278 0.5512802 0.9255864 0.5315479 0.9378729 0.7021382 0.9378303 0.276152 0.924418 0.2585586 0.9243314 0.1679692 0.9381925 0.4096372 0.9239439 0.3908595 0.924418 0.2585586 0.9368076 0.2623599 0.9220196 0.2433665 0.9372739 0.3920718 0.9255864 0.5315479 0.9222698 0.6825515 0.9378729 0.7021382 0.9220196 0.2433665 0.9234109 0.3746629 0.9372739 0.3920718 0.9332858 0.1733053 0.9154846 0.149111 0.9220196 0.2433665 0.9200862 0.1280048 0.9154846 0.149111 0.9332858 0.1733053 0.9257747 0.8320987 0.9146959 0.6867492 0.9270147 0.7045318 0.9282428 0.8234583 0.9144054 0.8045294 0.9267401 0.9116743 0.924418 0.2585586 0.908497 0.2347322 0.9243314 0.1679692 0.9239439 0.3908595 0.9140789 0.3763698 0.908497 0.2347322 0.9245138 0.5469948 0.9121004 0.5286223 0.9140789 0.3763698 0.9173789 0.9051742 0.9099457 0.808923 0.9257747 0.8320987 0.9255864 0.5315479 0.9110063 0.5114591 0.9222698 0.6825515 0.9077108 0.352377 0.9110063 0.5114591 0.9255864 0.5315479 0.9243314 0.1679692 0.9087305 0.1450976 0.9200862 0.1280048 0.9222698 0.6825515 0.9108251 0.6665505 0.9144054 0.8045294 0.9146959 0.6867492 0.9019144 0.666498 0.9121004 0.5286223 0.9154846 0.149111 0.9082675 0.2237663 0.9220196 0.2433665 0.9140789 0.3763698 0.9038789 0.3602488 0.908497 0.2347322 0.916927 0.9320734 0.8983922 0.8757045 0.9173789 0.9051742 0.9121004 0.5286223 0.8981074 0.5059727 0.9038789 0.3602488 0.9099457 0.808923 0.8943844 0.7836992 0.9019144 0.666498 0.916927 0.9320734 0.8957608 0.8996456 0.8983922 0.8757045 0.9144054 0.8045294 0.8996519 0.7824757 0.9056074 0.8816313 0.9108251 0.6665505 0.9000421 0.6503426 0.8996519 0.7824757 0.9110063 0.5114591 0.9000421 0.6503426 0.9108251 0.6665505 0.9077108 0.352377 0.8959996 0.4887846 0.9110063 0.5114591 0.8930258 0.0862292 0.8959611 0.1193453 0.9154846 0.149111 0.8959611 0.1193453 0.8941201 0.201884 0.9082675 0.2237663 0.8868806 0.3315865 0.8883129 0.2015153 0.908497 0.2347322 0.8981074 0.5059727 0.8868806 0.3315865 0.9038789 0.3602488 0.9019144 0.666498 0.8884717 0.6439291 0.8981074 0.5059727 0.9056074 0.8816313 0.8859718 0.8504778 0.8957608 0.8996456 0.9077108 0.352377 0.8882766 0.3224232 0.8959996 0.4887846 0.8941201 0.201884 0.8882766 0.3224232 0.9077108 0.352377 0.8884717 0.6439291 0.8784689 0.4720768 0.8981074 0.5059727 0.8877468 0.631158 0.8818489 0.7541395 0.8996519 0.7824757 0.8959996 0.4887846 0.8877468 0.631158 0.9000421 0.6503426 0.8981074 0.5059727 0.8784689 0.4720768 0.8868806 0.3315865 0.8748695 0.7501477 0.8748287 0.6199933 0.8884717 0.6439291 0.8754504 0.8371315 0.8748695 0.7501477 0.8943844 0.7836992 0.8716968 0.8594623 0.8754504 0.8371315 0.8983922 0.8757045 0.8859718 0.8504778 0.8716968 0.8594623 0.8957608 0.8996456 0.8959611 0.1193453 0.8731066 0.08175855 0.8941201 0.201884 0.8941201 0.201884 0.8721215 0.1661616 0.8882766 0.3224232 0.8803831 0.464122 0.872169 0.6059566 0.8877468 0.631158 0.8883129 0.2015153 0.8719111 0.1729363 0.8900611 0.1146932 0.8868806 0.3315865 0.8719111 0.1729363 0.8883129 0.2015153 0.8882766 0.3224232 0.8666308 0.2873404 0.8803831 0.464122 0.8721215 0.1661616 0.8666308 0.2873404 0.8882766 0.3224232 0.8719111 0.1729363 0.8638892 0.06958317 0.8900611 0.1146932 0.8859718 0.8504778 0.8655841 0.8165398 0.8716968 0.8594623 0.8638892 0.06958317 0.8631833 0.03593379 0.8930258 0.0862292 0.8803831 0.464122 0.8659904 0.4407299 0.872169 0.6059566 0.8666308 0.2873404 0.8659904 0.4407299 0.8803831 0.464122 0.8818489 0.7541395 0.8595266 0.7174041 0.8655841 0.8165398 0.8748695 0.7501477 0.8406955 0.6895456 0.8541869 0.5829388 0.8754504 0.8371315 0.841017 0.7771003 0.8406955 0.6895456 0.8540794 0.2731493 0.8411743 0.118305 0.8719111 0.1729363 0.8569995 0.4334837 0.8540794 0.2731493 0.8702494 0.3022655 0.872169 0.6059566 0.842971 0.5585025 0.8595266 0.7174041 0.8659904 0.4407299 0.8432257 0.4039272 0.842971 0.5585025 0.8666308 0.2873404 0.8432257 0.4039272 0.8659904 0.4407299 0.8716968 0.8594623 0.8414774 0.8078543 0.841017 0.7771003 0.8655841 0.8165398 0.8420118 0.777103 0.8414774 0.8078543 0.8426769 0.0307511 0.8430587 0.1183068 0.8721215 0.1661616 0.8631833 0.03593379 0.8426769 0.0307511 0.8731066 0.08175855 0.8541869 0.5829388 0.8405478 0.558503 0.8406949 0.3266432 0.8595266 0.7174041 0.8425401 0.6895474 0.8420118 0.777103 0.8430587 0.1183068 0.8432556 0.2493515 0.8666308 0.2873404 0.8411743 0.118305 0.8419686 0.01246351 0.8638892 0.06958317 0 0 1 0 1 1 1 0 1 1 0 1 1 0 1 1 0 0.4569487 0 0 1 0 1 1 1 0 1 1 0 1 0 0 1 0 1 1 0 0.4362109 1 0 1 1 1 0 1 1 0 0.4999657 0 0 1 0 1 1 1 0 1 1 0 0.4151387 1 0 1 1 0 1 0 0.5183275 1 0 1 1 0 0 1 0 0.5165811 1 0.5054731 0 1 1 0 1 1 0 1 1 0 1 0 0.572999 1 0 1 1 1 0 1 1 0 0.5447053 0 0 1 0 0.5294645 1 0.5361999 0 1 1 0 1 0 0 1 0 1 1 0.5294645 0 1 1 0 1 0 0.4622129 1 0 1 1 1 0 1 1 0 0.6235546 0 0 1 0 1 1 0 0.5303624 1 0 1 1 0 0 1 0 1 1 0.4421744 0 1 1 0 1 1 0 1 1 0 1 0 0.563803 1 0 1 1 0.3804638 0 1 1 0 1 1 0 1 1 0 1 0 0 1 0 1 1 0.5267431 0 1 1 0 1 1 0 1 1 0 1 0 0.4362088 1 0 1 1 1 0 1 1 0 1 0 0 1 0 1 1 0 0 1 0 1 1 0 0 1 0 1 1 0 0 1 0 1 1 0 0 1 0 1 1 0 0 1 0 1 1 1 0 1 1 0 1 0 0 1 0 1 1 0 0 1 0 1 1 1 0 1 1 0 0.5447639 1 0 1 1 0 1 1 0 1 1 0 1 1 0 1 1 0 1 1 0 1 1 0 1 0 0.4693537 1 0 1 1 1 0 1 1 0 0.4115206 0.5578977 0 1 1 0 1 0 0 1 0 1 1 0 0.4999949 1 0 1 1 1 0 1 1 0 1 1 0 1 1 0 1 1 0 1 1 0 1 1 0 1 1 0 0.5377482 1 0 1 1 0 0.4362081 0 0 1 0 0.5252682 1 1 0 1 1 0 0.4268118 0.5685144 0 1 1 0 1 0 0 1 0 0.5578979 1 1 0 1 1 0 1 0 0 1 0 0.4945991 1 0 0 1 0 1 1 1 0 1 1 0 1 1 0 1 1 0 1 1 0 1 1 0 1 0 0 1 0 1 1 0 0.4326522 1 0 1 1 1 0 1 1 0 1 0.5578979 0 1 1 0 1 1 0 1 1 0 1 0 0 1 0 1 1 1 0 1 1 0 1 1 0 1 1 0 0.3310802 1 0 1 1 0 0.4693202 0 0 1 0 1 1 1 0 1 1 0 0.409522 0 0 1 0 0.5468273 1 1 0 1 1 0 1 1 0 1 1 0 0.4583029 1 0 1 1 0 1 1 0 1 1 0 0.530362 0.5054371 0 1 1 0 1 1 0 1 1 0 0.5905268 1 0 1 1 0 1 0 0 1 0 1 1 1 0 1 1 0 1 0 0.5306843 1 0 1 1 0 0 1 0 0.5361993 1 0 0.4999989 1 0 1 1 0.4748035 0 1 1 0 1 1 0 1 1 0 0.4362079 1 0 1 1 0 1 0.4639091 0 1 1 0 1 1 0 1 1 0 1 0 0 1 0 1 1 0 0 1 0 1 1 0 0 1 0 1 1 0 0 1 0 1 1 0 0 1 0 1 1 0 0.537751 1 0 1 1 0.4836317 0 1 1 0 1 0 0 1 0 1 1 0 0 1 0 0.4740532 1 1 0 1 1 0 0.4362295 0.4319463 0 1 1 0 1 1 0 1 1 0 0.3779025 0.5259833 0 1 1 0 1 0 0 1 0 0.5164406 1 1 0 1 1 0 0.5000143 0.505602 0 1 1 0 1 0 0 1 0 0.494434 1 1 0 1 1 0 1 0 0.5183244 1 0 1 1 1 0 1 1 0 0.4362116 0 0 1 0 1 1 0 0.5905405 1 0 1 1 1 0 1 1 0 0.4095568 0 0.5292115 1 0 1 1 0 0 1 0 1 1 0 0 1 0 1 1 1 0 1 1 0 1 0 0 1 0 1 1 0.4836314 0 1 1 0 1 0 0 1 0 0.5267474 1 1 0 1 1 0 0.5000196 0 0 1 0 1 1 0 0.5303564 1 0 1 1 0 0 1 0 1 1 1 0 1 1 0 0.4720013 0 0 1 0 1 1 1 0 1 1 0 0.5000582 0 0 1 0 1 1 1 0 1 1 0 0.5000095 0 0 1 0 1 1 0.5267474 0 1 1 0 1 0.5056381 0 1 1 0 1 0 0 1 0 1 1 1 0 1 1 0 1 1 0 1 1 0 0.5904988 1 0 1 1 0 1 0.525227 0 1 1 0 1 0 0 1 0 0.5164412 1 1 0 1 1 0 1 1 0 1 1 0 0.323391 1 0 1 1 0 1 1 0 1 1 0 1 1 0 1 1 0 1 0 0.5306708 1 0 1 1 1 0 1 1 0 0.4583037 0 0 1 0 0.4421743 1 0.5216564 0 1 1 0 1 0 0 1 0 0.4740518 1 1 0 1 1 0 0.5417788 0 0 1 0 1 1 0 0 1 0 1 1 1 0 1 1 0 0.4999973 1 0 1 1 0 1 1 0 1 1 0 1 0 0 1 0 1 1 0 0 1 0 1 1 0.642463 0 1 1 0 1 0 0 1 0 1 1 0 0 1 0 1 1 0 0 1 0 0.5000556 1 0.4999236 0 1 1 0 1 1 0 1 1 0 1 0 0 1 0 0.4473796 1 0.462046 0 1 1 0 1 0 0 1 0 1 1 0 0 1 0 0.3800747 1 1 0 1 1 0 1 0 0 1 0 0.4923817 1 1 0 1 1 0 1 0 0 1 0 1 1 1 0 1 1 0 1 0 0 1 0 0.5825626 1 0 0 1 0 0.500123 1 0.5002575 0 1 1 0 1 0 0 1 0 1 1 0 0 1 0 0.4618175 1 0.4618175 0 1 1 0 1 0 0 1 0 1 1 0.4474171 0 1 1 0 1 1 0 1 1 0 1 1 0 1 1 0 1 0 0 1 0 0.3895035 1 1 0 1 1 0 1 0 0 1 0 1 1 0 0 1 0 1 1 0 0 1 0 0.5282402 1 0.5825094 0 1 1 0 1 0 0 1 0 1 1 0 0 1 0 1 1 0 0 1 0 1 1 0.5282725 0 1 1 0 1 0.5525998 0 1 1 0 1 1 0 1 1 0 1 0 0 1 0 1 1 0 0 1 0 1 1 0 0 1 0 0.5525998 1 1 0 1 1 0 1 0 0 1 0 0.575872 1 0.3316209 0 1 1 0 1 1 0 1 1 0 1 0 0 1 0 0.4474499 1 0.4474499 0 1 1 0 1 0 0 1 0 1 1 0 0 1 0 1 1 0.528226 0 1 1 0 1 0.5657101 0 1 1 0 1 0 0 1 0 1 1 0.6529749 0 1 1 0 1 0 0 1 0 1 1 0 0 1 0 0.4473554 1 1 0 1 1 0 1 0.5000801 0 1 1 0 1 0 0 1 0 0.4999268 1 0.4999268 0 1 1 0 1 0 0 1 0 0.4861956 1 0 0 1 0 1 1 0 0 1 0 1 1 0.53824 0 1 1 0 1 0 0 1 0 0.5382395 1 1 0 1 1 0 1 0 0 1 0 0.4860355 1 0 0 1 0 1 1 0 0 1 0 1 1 0.4240723 0 1 1 0 1 1 0 1 1 0 1 0 0 1 0 1 1 0 0 1 0 0.4999879 1 1 0 1 1 0 1 1 0 1 1 0 1 0.4999832 0 1 1 0 1 0 0 1 0 0.3538326 1 0.3538326 0 1 1 0 1 0.4342919 0 1 1 0 1 0 0 1 0 0.5512606 1 0.4102087 0 1 1 0 1 0 0 1 0 0.499935 1 1 0 1 1 0 1 0 0 1 0 0.4307109 1 1 0 1 1 0 1 0 0 1 0 1 1 0.5000826 0 1 1 0 1 0.5000036 0 1 1 0 1 0.4756703 0 1 1 0 1 0 0 1 0 0.4756575 1 0.4756575 0 1 1 0 1 0 0 1 0 1 1 0 0 1 0 1 1 0 0 1 0 1 1 1 0 1 1 0 1 0 0 1 0 0.4861324 1 0 0 1 0 0.5001712 1 0.5001712 0 1 1 0 1 0.5758358 0 1 1 0 1 0 0 1 0 0.537258 1 0 0 1 0 0.4718293 1 1 0 1 1 0 1 0.5692268 0 1 1 0 1 0 0 1 0 1 1 1 0 1 1 0 1 0 0 1 0 1 1 0 0 1 0 1 1 1 0 1 1 0 1 0 0 1 0 0.5000253 1 0.5000253 0 1 1 0 1 0 0 1 0 0.4999352 1 0 0 1 0 0.5656664 1 1 0 1 1 0 1 1 0 1 1 0 1 0 0 1 0 0.4718144 1 0 0 1 0 1 1 1 0 1 1 0 1 1 0 1 1 0 1 0.5000143 0 1 1 0 1 0 0 1 0 1 1 0 0 1 0 1 1 0 0 1 0 0.4999824 1 0.4474685 0 1 1 0 1 0 0 1 0 0.4617053 1 0.5000161 0 1 1 0 1 0 0 1 0 1 1 0 0 1 0 0.3253391 1 0.3253431 0 1 1 0 1 1 0 1 1 0 1 0.4102374 0 1 1 0 1 0 0 1 0 0.4102358 1 0 0 1 0 0.4489753 1 1 0 1 1 0 1 0 0 1 0 1 1 0 0 1 0 1 1 1 0 1 1 0 1 0 0 1 0 1 1 0.4483807 0 1 1 0 1 1 0 1 1 0 1 0 0 1 0 0.4861351 1 1 0 1 1 0 1 1 0 1 1 0 1 1 0 1 1 0 1 0.5000211 0 1 1 0 1 1 0 1 1 0 1 1 0 1 1 0 1 0 0 1 0 0.589715 1 0.5000214 0 1 1 0 1 0 0 1 0 1 1 0 0 1 0 1 1 0 0 1 0 0.5282275 1 0.4306859 0 1 1 0 1 0 0 1 0 0.5000129 1 0.5000129 0 1 1 0 1 0 0 1 0 1 1 1 0 1 1 0 1 0 0 1 0 0.582453 1 0.5282277 0 1 1 0 1 0.5898202 0 1 1 0 1 1 0 1 1 0 1 0 0 1 0 0.5525464 1 0.5525464 0 1 1 0 1 1 0 1 1 0 1 0 0 1 0 0.4241548 1 0 0 1 0 1 1 0 0 1 0 0.5898202 1 0 0 1 0 0.5517144 1 0.5000272 0 1 1 0 1 0.4174079 0 1 1 0 1 0.5517147 0 1 1 0 1 0.4999421 0 1 1 0 1 0 0 1 0 1 1 0.4343405 0 1 1 0 1 0 0 1 0 1 1 1 0 1 1 0 1 1 0 1 1 0 1 0 0 1 0 1 1 1 0 1 1 0 1 0 0 1 0 0.4999421 1 0.5379634 0 1 1 0 1 0 0 1 0 0.5001092 1 0.5526403 0 1 1 0 1 0 0 1 0 0.5824864 1 1 0 1 1 0 1 0.4756856 0 1 1 0 1 0.461973 0 1 1 0 1 0 0 1 0 1 1 0 0 1 0 1 1 1 0 1 1 0 1</float_array>
          <technique_common>
            <accessor source="#GanondorfCirclet_LOD1-mesh-map-0-array" count="4113" stride="2">
              <param name="S" type="float"/>
              <param name="T" type="float"/>
            </accessor>
          </technique_common>
        </source>
        <vertices id="GanondorfCirclet_LOD1-mesh-vertices">
          <input semantic="POSITION" source="#GanondorfCirclet_LOD1-mesh-positions"/>
        </vertices>
        <triangles material="Gold-material" count="1371">
          <input semantic="VERTEX" source="#GanondorfCirclet_LOD1-mesh-vertices" offset="0"/>
          <input semantic="NORMAL" source="#GanondorfCirclet_LOD1-mesh-normals" offset="1"/>
          <input semantic="TEXCOORD" source="#GanondorfCirclet_LOD1-mesh-map-0" offset="2" set="0"/>
          <p>12 0 0 10 1 1 11 2 2 13 3 3 10 1 4 12 0 5 13 3 6 9 4 7 10 1 8 14 5 9 9 4 10 13 3 11 14 5 12 8 6 13 9 4 14 15 7 15 8 6 16 14 5 17 15 7 18 7 8 19 8 6 20 0 9 21 7 8 22 15 7 23 0 9 24 6 10 25 7 8 26 1 11 27 6 10 28 0 9 29 1 11 30 5 12 31 6 10 32 2 13 33 5 12 34 1 11 35 2 13 36 4 14 37 5 12 38 3 15 39 4 14 40 2 13 41 26 16 42 28 17 43 27 18 44 25 19 45 28 17 46 26 16 47 25 19 48 29 20 49 28 17 50 24 21 51 29 20 52 25 19 53 24 21 54 30 22 55 29 20 56 23 23 57 30 22 58 24 21 59 23 23 60 31 24 61 30 22 62 22 25 63 31 24 64 23 23 65 22 25 66 16 26 67 31 24 68 21 27 69 16 26 70 22 25 71 21 27 72 17 28 73 16 26 74 20 29 75 17 28 76 21 27 77 20 29 78 18 30 79 17 28 80 19 31 81 18 30 82 20 29 83 48 32 84 35 33 85 36 34 86 43 35 87 49 36 88 42 37 89 51 38 90 33 39 91 34 40 92 44 41 93 52 42 94 43 35 95 53 43 96 48 32 97 37 44 98 54 45 99 37 44 100 38 46 101 55 47 102 38 46 103 39 48 104 40 49 105 55 47 106 39 48 107 41 50 108 56 51 109 40 49 110 49 36 111 57 52 112 41 50 113 59 53 114 50 54 115 47 55 116 60 56 117 47 55 118 33 39 119 61 57 120 51 38 121 35 33 122 45 58 123 62 59 124 44 41 125 58 60 126 63 61 127 45 58 128 65 62 129 53 43 130 54 45 131 49 36 132 66 63 133 57 52 134 66 63 135 67 64 136 56 51 137 68 65 138 61 57 139 48 32 140 52 42 141 69 66 142 49 36 143 60 56 144 70 67 145 59 53 146 65 62 147 71 68 148 53 43 149 72 69 150 65 62 151 55 47 152 64 70 153 73 71 154 58 60 155 61 57 156 74 72 157 51 38 158 75 73 159 62 59 160 63 61 161 70 67 162 76 74 163 64 70 164 76 74 165 73 71 166 64 70 167 60 56 168 77 75 169 70 67 170 74 72 171 78 76 172 60 56 173 80 77 174 75 73 175 73 71 176 82 78 177 83 79 178 67 64 179 84 80 180 61 57 181 68 65 182 85 81 183 82 78 184 69 66 185 52 42 186 85 81 187 69 66 188 86 82 189 74 72 190 61 57 191 87 83 192 84 80 193 71 68 194 75 73 195 88 84 196 62 59 197 88 84 198 89 85 199 52 42 200 90 86 201 88 84 202 75 73 203 80 77 204 90 86 205 75 73 206 77 75 207 93 87 208 76 74 209 78 76 210 92 88 211 77 75 212 94 89 213 92 88 214 78 76 215 83 79 216 95 90 217 79 91 218 86 82 219 96 92 220 74 72 221 97 93 222 87 83 223 81 94 224 95 90 225 97 93 226 81 94 227 98 95 228 95 90 229 83 79 230 82 78 231 98 95 232 83 79 233 99 96 234 98 95 235 82 78 236 85 81 237 99 96 238 82 78 239 97 93 240 100 97 241 87 83 242 101 98 243 99 96 244 85 81 245 102 99 246 97 93 247 95 90 248 91 100 249 103 101 250 90 86 251 104 102 252 89 85 253 88 84 254 105 103 255 103 101 256 91 100 257 92 88 258 107 104 259 93 87 260 84 80 261 106 105 262 86 82 263 108 106 264 106 105 265 84 80 266 100 97 267 108 106 268 84 80 269 102 99 270 109 107 271 97 93 272 110 108 273 98 95 274 99 96 275 111 109 276 107 104 277 92 88 278 112 110 279 111 109 280 94 89 281 113 111 282 103 101 283 105 103 284 104 102 285 114 112 286 89 85 287 115 113 288 109 107 289 102 99 290 116 114 291 102 99 292 98 95 293 117 115 294 108 106 295 100 97 296 109 107 297 117 115 298 100 97 299 103 101 300 118 116 301 104 102 302 119 117 303 113 111 304 107 104 305 121 118 306 117 115 307 109 107 308 115 113 309 121 118 310 109 107 311 122 119 312 118 116 313 103 101 314 113 111 315 122 119 316 103 101 317 123 120 318 111 109 319 112 110 320 124 121 321 116 114 322 110 108 323 125 122 324 110 108 325 101 98 326 126 123 327 119 117 328 111 109 329 123 120 330 126 123 331 111 109 332 127 124 333 121 118 334 115 113 335 128 125 336 122 119 337 113 111 338 119 117 339 128 125 340 113 111 341 124 121 342 130 126 343 116 114 344 131 127 345 106 105 346 108 106 347 128 125 348 132 128 349 122 119 350 127 124 351 133 129 352 121 118 353 134 130 354 114 112 355 118 116 356 114 112 357 135 131 358 125 122 359 137 132 360 123 120 361 120 133 362 138 134 363 120 133 364 106 105 365 133 129 366 139 135 367 117 115 368 134 130 369 141 136 370 114 112 371 142 137 372 132 128 373 128 125 374 129 138 375 142 137 376 128 125 377 126 123 378 145 139 379 129 138 380 143 140 381 139 135 382 133 129 383 144 141 384 133 129 385 127 124 386 130 126 387 144 141 388 127 124 389 146 142 390 134 130 391 132 128 392 136 143 393 147 144 394 126 123 395 140 145 396 148 146 397 130 126 398 150 147 399 131 127 400 139 135 401 151 148 402 146 142 403 142 137 404 147 144 405 153 149 406 145 139 407 148 146 408 152 150 409 144 141 410 154 151 411 136 143 412 137 132 413 156 152 414 147 144 415 136 143 416 157 153 417 154 151 418 138 134 419 131 127 420 157 153 421 138 134 422 150 147 423 158 154 424 131 127 425 135 131 426 159 155 427 140 145 428 160 156 429 149 157 430 146 142 431 162 158 432 159 155 433 135 131 434 141 136 435 162 158 436 135 131 437 161 159 438 166 160 439 153 149 440 163 161 441 155 162 442 152 150 443 164 163 444 152 150 445 148 146 446 159 155 447 164 163 448 148 146 449 153 149 450 165 164 451 151 148 452 167 165 453 158 154 454 150 147 455 169 166 456 141 136 457 149 157 458 165 164 459 170 167 460 160 156 461 169 166 462 171 168 463 141 136 464 172 169 465 163 161 466 164 163 467 173 170 468 164 163 469 159 155 470 174 171 471 166 160 472 161 159 473 156 152 474 174 171 475 161 159 476 175 172 477 168 173 478 163 161 479 172 169 480 175 172 481 163 161 482 176 174 483 173 170 484 162 158 485 171 168 486 176 174 487 162 158 488 178 175 489 171 168 490 169 166 491 179 176 492 174 171 493 156 152 494 175 172 495 180 177 496 168 173 497 157 153 498 182 178 499 154 151 500 184 179 501 178 175 502 170 167 503 181 180 504 184 179 505 170 167 506 183 181 507 185 182 508 175 172 509 186 183 510 177 184 511 174 171 512 179 176 513 186 183 514 174 171 515 187 185 516 157 153 517 158 154 518 188 186 519 158 154 520 167 165 521 192 187 522 176 174 523 171 168 524 193 188 525 186 183 526 179 176 527 182 178 528 193 188 529 179 176 530 195 189 531 184 179 532 181 180 533 189 190 534 195 189 535 181 180 536 196 191 537 185 182 538 183 181 539 190 192 540 196 191 541 183 181 542 197 193 543 192 187 544 178 175 545 193 188 546 198 194 547 186 183 548 199 195 549 188 186 550 180 177 551 200 196 552 180 177 553 185 182 554 189 190 555 201 197 556 195 189 557 192 187 558 202 198 559 176 174 560 203 199 561 201 197 562 189 190 563 199 195 564 204 200 565 188 186 566 191 201 567 205 202 568 182 178 569 206 203 570 191 201 571 187 185 572 207 204 573 204 200 574 199 195 575 208 205 576 196 191 577 190 192 578 194 206 579 209 207 580 197 193 581 210 208 582 201 197 583 203 199 584 205 202 585 211 209 586 193 188 587 213 210 588 206 203 589 204 200 590 214 211 591 200 196 592 196 191 593 201 197 594 215 212 595 194 206 596 216 213 597 210 208 598 198 194 599 211 209 600 216 213 601 198 194 602 214 211 603 217 214 604 200 196 605 210 208 606 218 215 607 201 197 608 213 210 609 219 216 610 206 203 611 220 217 612 208 205 613 202 198 614 212 218 615 221 219 616 205 202 617 223 220 618 210 208 619 216 213 620 217 214 621 224 221 622 207 204 623 225 222 624 222 223 625 208 205 626 220 217 627 225 222 628 208 205 629 226 224 630 218 215 631 210 208 632 227 225 633 224 221 634 217 214 635 215 212 636 228 226 637 209 207 638 229 227 639 223 220 640 211 209 641 231 228 642 228 226 643 215 212 644 232 229 645 219 216 646 213 210 647 233 230 648 229 227 649 221 219 650 212 218 651 233 230 652 221 219 653 220 217 654 234 231 655 225 222 656 223 220 657 237 232 658 226 224 659 237 232 660 235 233 661 226 224 662 238 234 663 223 220 664 229 227 665 222 223 666 239 235 667 227 225 668 234 231 669 240 236 670 222 223 671 230 237 672 241 238 673 220 217 674 242 239 675 228 226 676 231 228 677 244 240 678 232 229 679 224 221 680 245 241 681 230 237 682 228 226 683 242 239 684 245 241 685 228 226 686 247 242 687 241 238 688 230 237 689 245 241 690 247 242 691 230 237 692 248 243 693 237 232 694 243 244 695 249 245 696 236 246 697 232 229 698 244 240 699 249 245 700 232 229 701 241 238 702 251 247 703 234 231 704 252 248 705 242 239 706 235 233 707 246 249 708 253 250 709 233 230 710 248 243 711 257 251 712 237 232 713 255 252 714 251 247 715 241 238 716 259 253 717 250 254 718 240 236 719 260 255 720 261 256 721 248 243 722 263 257 723 254 258 724 250 254 725 257 251 726 264 259 727 252 248 728 256 260 729 265 261 730 245 241 731 264 259 732 266 262 733 256 260 734 263 257 735 267 263 736 254 258 737 261 256 738 270 264 739 257 251 740 246 249 741 268 265 742 253 250 743 269 266 744 263 257 745 259 253 746 270 264 747 264 259 748 257 251 749 255 252 750 271 267 751 251 247 752 273 268 753 271 267 754 255 252 755 274 269 756 270 264 757 261 256 758 275 270 759 261 256 760 260 255 761 266 262 762 276 271 763 265 261 764 267 263 765 277 272 766 262 273 767 269 266 768 278 274 769 263 257 770 279 275 771 264 259 772 270 264 773 280 276 774 273 268 775 247 242 776 276 271 777 280 276 778 247 242 779 264 259 780 281 277 781 266 262 782 279 275 783 282 278 784 264 259 785 283 279 786 268 265 787 246 249 788 272 280 789 283 279 790 246 249 791 273 268 792 284 281 793 271 267 794 285 282 795 277 272 796 267 263 797 286 283 798 278 274 799 269 266 800 287 284 801 275 270 802 268 265 803 283 279 804 287 284 805 268 265 806 289 285 807 279 275 808 274 269 809 285 282 810 290 286 811 277 272 812 289 285 813 293 287 814 279 275 815 282 278 816 291 288 817 281 277 818 279 275 819 292 289 820 282 278 821 294 290 822 289 285 823 275 270 824 296 291 825 278 274 826 286 283 827 284 281 828 296 291 829 286 283 830 291 288 831 297 292 832 276 271 833 298 293 834 283 279 835 272 280 836 290 286 837 298 293 838 272 280 839 295 294 840 299 295 841 285 282 842 294 290 843 300 296 844 289 285 845 301 297 846 296 291 847 284 281 848 293 287 849 302 298 850 292 289 851 303 299 852 294 290 853 287 284 854 300 296 855 305 300 856 293 287 857 304 301 858 288 302 859 280 276 860 297 292 861 304 301 862 280 276 863 303 299 864 306 303 865 294 290 866 298 293 867 307 304 868 283 279 869 299 295 870 308 305 871 290 286 872 310 306 873 309 307 874 295 294 875 311 308 876 301 297 877 288 302 878 312 309 879 304 301 880 297 292 881 291 288 882 312 309 883 297 292 884 313 310 885 296 291 886 301 297 887 314 311 888 312 309 889 291 288 890 315 312 891 291 288 892 302 298 893 306 303 894 316 313 895 300 296 896 308 305 897 317 314 898 298 293 899 319 315 900 317 314 901 308 305 902 320 316 903 308 305 904 309 307 905 322 317 906 321 318 907 316 313 908 323 319 909 316 313 910 306 303 911 324 320 912 306 303 913 303 299 914 325 321 915 303 299 916 307 304 917 304 301 918 326 322 919 311 308 920 327 323 921 320 316 922 310 306 923 318 324 924 327 323 925 310 306 926 326 322 927 328 325 928 313 310 929 329 326 930 319 315 931 320 316 932 332 327 933 304 301 934 312 309 935 333 328 936 330 329 937 315 312 938 321 318 939 333 328 940 315 312 941 319 315 942 334 330 943 317 314 944 335 331 945 326 322 946 304 301 947 322 317 948 338 332 949 321 318 950 329 326 951 337 333 952 319 315 953 338 332 954 333 328 955 321 318 956 339 334 957 338 332 958 322 317 959 323 319 960 339 334 961 322 317 962 324 320 963 340 335 964 323 319 965 325 321 966 341 336 967 324 320 968 342 337 969 332 327 970 330 329 971 343 338 972 330 329 973 333 328 974 336 339 975 344 340 976 329 326 977 334 330 978 346 341 979 325 321 980 337 333 981 347 342 982 334 330 983 348 343 984 331 344 985 328 325 986 349 345 987 328 325 988 326 322 989 339 334 990 354 346 991 338 332 992 340 335 993 350 347 994 339 334 995 344 340 996 351 348 997 337 333 998 352 349 999 345 350 1000 331 344 1001 353 351 1002 349 345 1003 335 331 1004 353 351 1005 335 331 1006 332 327 1007 354 346 1008 342 337 1009 343 338 1010 354 346 1011 343 338 1012 338 332 1013 520 352 1014 360 353 1015 361 354 1016 517 355 1017 357 356 1018 363 357 1019 520 352 1020 361 354 1021 521 358 1022 518 359 1023 363 357 1024 358 360 1025 521 358 1026 367 361 1027 522 362 1028 519 363 1029 358 360 1030 359 364 1031 519 363 1032 359 364 1033 355 365 1034 355 365 1035 359 364 1036 360 353 1037 355 365 1038 360 353 1039 520 352 1040 516 366 1041 356 367 1042 369 368 1043 516 366 1044 377 369 1045 357 356 1046 361 354 1047 366 370 1048 374 371 1049 361 354 1050 374 371 1051 375 372 1052 363 357 1053 364 373 1054 358 360 1055 367 361 1056 376 374 1057 362 375 1058 359 364 1059 364 373 1060 365 376 1061 359 364 1062 366 370 1063 360 353 1064 364 373 1065 370 377 1066 371 378 1067 376 374 1068 397 379 1069 368 380 1070 356 367 1071 447 381 1072 398 382 1073 523 383 1074 368 380 1075 397 379 1076 365 376 1077 373 384 1078 366 370 1079 377 369 1080 370 377 1081 363 357 1082 367 361 1083 375 372 1084 383 385 1085 374 371 1086 381 386 1087 382 387 1088 370 377 1089 377 369 1090 385 388 1091 374 371 1092 382 387 1093 375 372 1094 370 377 1095 378 389 1096 371 378 1097 376 374 1098 383 385 1099 396 390 1100 371 378 1101 378 389 1102 379 391 1103 372 392 1104 379 391 1105 380 393 1106 372 392 1107 380 393 1108 373 384 1109 379 391 1110 386 394 1111 387 395 1112 379 391 1113 387 395 1114 380 393 1115 380 393 1116 389 396 1117 381 386 1118 369 368 1119 384 397 1120 377 369 1121 381 386 1122 389 396 1123 382 387 1124 378 389 1125 385 388 1126 386 394 1127 382 387 1128 395 398 1129 383 385 1130 384 397 1131 404 399 1132 399 400 1133 384 397 1134 400 401 1135 385 388 1136 385 388 1137 390 402 1138 386 394 1139 387 395 1140 390 402 1141 391 403 1142 388 404 1143 391 403 1144 392 405 1145 369 368 1146 398 382 1147 404 399 1148 388 404 1149 392 405 1150 389 396 1151 391 403 1152 401 406 1153 402 407 1154 397 379 1155 411 408 1156 419 409 1157 523 383 1158 397 379 1159 419 409 1160 392 405 1161 402 407 1162 403 410 1163 393 411 1164 403 410 1165 409 412 1166 393 411 1167 410 413 1168 394 414 1169 390 402 1170 400 401 1171 401 406 1172 395 398 1173 410 413 1174 418 415 1175 396 390 1176 418 415 1177 411 408 1178 399 400 1179 405 416 1180 400 401 1181 400 401 1182 406 417 1183 401 406 1184 401 406 1185 407 418 1186 402 407 1187 398 382 1188 447 381 1189 427 419 1190 402 407 1191 408 420 1192 403 410 1193 399 400 1194 404 399 1195 421 421 1196 408 420 1197 415 422 1198 416 423 1199 427 419 1200 420 424 1201 404 399 1202 408 420 1203 417 425 1204 409 412 1205 421 421 1206 412 426 1207 405 416 1208 409 412 1209 426 427 1210 410 413 1211 405 416 1212 413 428 1213 406 417 1214 406 417 1215 413 428 1216 414 429 1217 418 415 1218 435 430 1219 411 408 1220 406 417 1221 414 429 1222 407 418 1223 413 428 1224 412 426 1225 422 431 1226 426 427 1227 434 432 1228 418 415 1229 419 409 1230 435 430 1231 455 433 1232 523 383 1233 419 409 1234 455 433 1235 415 422 1236 424 434 1237 416 423 1238 416 423 1239 424 434 1240 425 435 1241 416 423 1242 425 435 1243 417 425 1244 427 419 1245 449 436 1246 420 424 1247 425 435 1248 431 437 1249 432 438 1250 420 424 1251 436 439 1252 421 421 1253 421 421 1254 428 440 1255 412 426 1256 425 435 1257 433 441 1258 426 427 1259 422 431 1260 428 440 1261 429 442 1262 422 431 1263 430 443 1264 423 444 1265 428 440 1266 437 445 1267 429 442 1268 433 441 1269 446 446 1270 434 432 1271 435 430 1272 446 446 1273 454 447 1274 429 442 1275 438 448 1276 430 443 1277 430 443 1278 438 448 1279 431 437 1280 427 419 1281 447 381 1282 448 449 1283 431 437 1284 438 448 1285 439 450 1286 432 438 1287 439 450 1288 440 451 1289 436 439 1290 441 452 1291 428 440 1292 439 450 1293 445 453 1294 440 451 1295 436 439 1296 449 436 1297 456 454 1298 440 451 1299 446 446 1300 433 441 1301 437 445 1302 441 452 1303 442 455 1304 437 445 1305 442 455 1306 443 456 1307 437 445 1308 443 456 1309 438 448 1310 443 456 1311 442 455 1312 450 457 1313 443 456 1314 451 458 1315 444 459 1316 445 453 1317 451 458 1318 452 460 1319 456 454 1320 457 461 1321 441 452 1322 445 453 1323 462 462 1324 446 446 1325 448 449 1326 463 463 1327 449 436 1328 442 455 1329 457 461 1330 458 464 1331 453 465 1332 462 462 1333 475 466 1334 442 455 1335 458 464 1336 450 457 1337 453 465 1338 469 467 1339 454 447 1340 454 447 1341 500 468 1342 455 433 1343 450 457 1344 459 469 1345 451 458 1346 523 383 1347 455 433 1348 500 468 1349 451 458 1350 459 469 1351 460 470 1352 459 469 1353 465 471 1354 466 472 1355 460 470 1356 466 472 1357 467 473 1358 463 463 1359 464 474 1360 456 454 1361 461 475 1362 467 473 1363 468 476 1364 457 461 1365 464 474 1366 470 477 1367 461 475 1368 468 476 1369 462 462 1370 458 464 1371 470 477 1372 465 471 1373 464 474 1374 476 478 1375 477 479 1376 465 471 1377 470 477 1378 471 480 1379 475 466 1380 488 481 1381 469 467 1382 448 449 1383 447 381 1384 501 482 1385 448 449 1386 476 478 1387 463 463 1388 472 483 1389 478 484 1390 479 485 1391 472 483 1392 479 485 1393 473 486 1394 473 486 1395 479 485 1396 480 487 1397 473 486 1398 480 487 1399 474 488 1400 474 488 1401 480 487 1402 486 489 1403 477 479 1404 482 490 1405 470 477 1406 471 480 1407 482 490 1408 478 484 1409 475 466 1410 481 491 1411 487 492 1412 471 480 1413 478 484 1414 472 483 1415 486 489 1416 494 493 1417 481 491 1418 478 484 1419 482 490 1420 483 494 1421 479 485 1422 483 494 1423 484 495 1424 480 487 1425 484 495 1426 485 496 1427 476 478 1428 501 482 1429 502 497 1430 476 478 1431 489 498 1432 477 479 1433 485 496 1434 491 499 1435 492 500 1436 489 498 1437 495 501 1438 482 490 1439 483 494 1440 495 501 1441 490 502 1442 487 492 1443 494 493 1444 511 503 1445 484 495 1446 490 502 1447 491 499 1448 494 493 1449 499 504 1450 510 505 1451 495 501 1452 496 506 1453 490 502 1454 511 503 1455 515 507 1456 488 481 1457 491 499 1458 496 506 1459 497 508 1460 492 500 1461 497 508 1462 498 509 1463 492 500 1464 498 509 1465 493 510 1466 489 498 1467 502 497 1468 503 511 1469 523 383 1470 500 468 1471 368 380 1472 498 509 1473 507 512 1474 508 513 1475 498 509 1476 509 514 1477 499 504 1478 503 511 1479 504 515 1480 495 501 1481 495 501 1482 505 516 1483 496 506 1484 515 507 1485 368 380 1486 500 468 1487 510 505 1488 509 514 1489 521 358 1490 504 515 1491 512 517 1492 505 516 1493 510 505 1494 522 362 1495 511 503 1496 505 516 1497 512 517 1498 506 518 1499 506 518 1500 512 517 1501 513 519 1502 506 518 1503 513 519 1504 507 512 1505 501 482 1506 447 381 1507 356 367 1508 507 512 1509 514 520 1510 508 513 1511 501 482 1512 516 366 1513 502 497 1514 502 497 1515 357 356 1516 503 511 1517 357 356 1518 517 355 1519 504 515 1520 512 517 1521 517 355 1522 518 359 1523 522 362 1524 362 375 1525 515 507 1526 513 519 1527 518 359 1528 519 363 1529 513 519 1530 519 363 1531 355 365 1532 531 521 1533 524 522 1534 711 523 1535 536 524 1536 525 525 1537 524 522 1538 537 526 1539 544 527 1540 525 525 1541 532 528 1542 533 529 1543 526 530 1544 526 530 1545 538 531 1546 527 532 1547 527 532 1548 539 533 1549 528 534 1550 539 533 1551 534 535 1552 528 534 1553 529 536 1554 542 537 1555 530 538 1556 530 538 1557 531 521 1558 711 523 1559 550 539 1560 533 529 1561 532 528 1562 539 533 1563 546 540 1564 534 535 1565 546 540 1566 540 541 1567 534 535 1568 535 542 1569 543 543 1570 536 524 1571 536 524 1572 549 544 1573 537 526 1574 545 545 1575 551 546 1576 538 531 1577 551 546 1578 539 533 1579 538 531 1580 546 540 1581 559 547 1582 540 541 1583 559 547 1584 541 548 1585 540 541 1586 541 548 1587 547 549 1588 542 537 1589 547 549 1590 535 542 1591 542 537 1592 548 550 1593 543 543 1594 535 542 1595 554 551 1596 549 544 1597 543 543 1598 549 544 1599 562 552 1600 544 527 1601 550 539 1602 556 553 1603 545 545 1604 558 554 1605 559 547 1606 546 540 1607 553 555 1608 560 556 1609 547 549 1610 547 549 1611 548 550 1612 535 542 1613 554 551 1614 555 557 1615 549 544 1616 555 557 1617 562 552 1618 549 544 1619 562 552 1620 563 558 1621 550 539 1622 551 546 1623 557 559 1624 552 560 1625 557 559 1626 558 554 1627 552 560 1628 566 561 1629 560 556 1630 553 555 1631 561 562 1632 554 551 1633 548 550 1634 568 563 1635 555 557 1636 554 551 1637 563 558 1638 564 564 1639 556 553 1640 564 564 1641 565 565 1642 556 553 1643 565 565 1644 571 566 1645 557 559 1646 571 566 1647 558 554 1648 557 559 1649 558 554 1650 579 567 1651 559 547 1652 579 567 1653 566 561 1654 559 547 1655 566 561 1656 573 568 1657 560 556 1658 560 556 1659 561 562 1660 548 550 1661 562 552 1662 575 569 1663 563 558 1664 563 558 1665 576 570 1666 564 564 1667 564 564 1668 570 571 1669 565 565 1670 570 571 1671 571 566 1672 565 565 1673 579 567 1674 572 572 1675 566 561 1676 572 572 1677 573 568 1678 566 561 1679 574 573 1680 569 574 1681 568 563 1682 581 575 1683 582 576 1684 569 574 1685 576 570 1686 583 577 1687 570 571 1688 570 571 1689 577 578 1690 571 566 1691 577 578 1692 578 579 1693 571 566 1694 579 567 1695 584 580 1696 572 572 1697 572 572 1698 585 581 1699 573 568 1700 580 582 1701 574 573 1702 567 583 1703 592 584 1704 576 570 1705 575 569 1706 577 578 1707 594 585 1708 578 579 1709 578 579 1710 595 586 1711 579 567 1712 595 586 1713 584 580 1714 579 567 1715 581 575 1716 591 587 1717 582 576 1718 591 587 1719 592 584 1720 582 576 1721 587 588 1722 593 589 1723 583 577 1724 593 589 1725 588 590 1726 583 577 1727 584 580 1728 589 591 1729 585 581 1730 590 592 1731 586 593 1732 580 582 1733 596 594 1734 597 595 1735 586 593 1736 601 596 1737 602 597 1738 589 591 1739 589 591 1740 590 592 1741 580 582 1742 597 595 1743 609 598 1744 591 587 1745 591 587 1746 605 599 1747 592 584 1748 605 599 1749 598 600 1750 592 584 1751 600 601 1752 606 602 1753 594 585 1754 606 602 1755 595 586 1756 594 585 1757 590 592 1758 608 603 1759 596 594 1760 596 594 1761 604 604 1762 597 595 1763 604 604 1764 609 598 1765 597 595 1766 610 605 1767 599 606 1768 598 600 1769 599 606 1770 612 607 1771 600 601 1772 619 608 1773 613 609 1774 601 596 1775 613 609 1776 602 597 1777 601 596 1778 607 610 1779 590 592 1780 602 597 1781 616 611 1782 610 605 1783 605 599 1784 614 612 1785 608 603 1786 603 613 1787 623 614 1788 615 615 1789 608 603 1790 615 615 1791 628 616 1792 609 598 1793 616 611 1794 624 617 1795 610 605 1796 624 617 1797 611 618 1798 610 605 1799 611 618 1800 625 619 1801 612 607 1802 625 619 1803 618 620 1804 612 607 1805 619 608 1806 620 621 1807 613 609 1808 620 621 1809 621 622 1810 613 609 1811 621 622 1812 614 612 1813 603 613 1814 622 623 1815 623 614 1816 614 612 1817 627 624 1818 628 616 1819 615 615 1820 637 625 1821 624 617 1822 616 611 1823 618 620 1824 633 626 1825 619 608 1826 619 608 1827 634 627 1828 620 621 1829 620 621 1830 626 628 1831 621 622 1832 626 628 1833 614 612 1834 621 622 1835 622 623 1836 636 629 1837 623 614 1838 637 625 1839 629 630 1840 624 617 1841 631 631 1842 632 632 1843 625 619 1844 636 629 1845 640 633 1846 627 624 1847 640 633 1848 628 616 1849 627 624 1850 653 634 1851 637 625 1852 628 616 1853 629 630 1854 642 635 1855 630 636 1856 642 635 1857 631 631 1858 630 636 1859 631 631 1860 644 637 1861 632 632 1862 632 632 1863 650 638 1864 633 626 1865 650 638 1866 634 627 1867 633 626 1868 635 639 1869 639 640 1870 636 629 1871 653 634 1872 648 641 1873 637 625 1874 645 642 1875 646 643 1876 638 644 1877 646 643 1878 635 639 1879 638 644 1880 647 645 1881 639 640 1882 635 639 1883 652 646 1884 640 633 1885 639 640 1886 648 641 1887 654 647 1888 641 648 1889 641 648 1890 649 649 1891 642 635 1892 649 649 1893 643 650 1894 642 635 1895 655 651 1896 644 637 1897 643 650 1898 660 652 1899 650 638 1900 644 637 1901 645 642 1902 656 653 1903 646 643 1904 646 643 1905 647 645 1906 635 639 1907 654 647 1908 659 654 1909 649 649 1910 659 654 1911 655 651 1912 649 649 1913 660 652 1914 673 655 1915 650 638 1916 673 655 1917 661 656 1918 650 638 1919 651 657 1920 663 658 1921 652 646 1922 658 659 1923 670 660 1924 653 634 1925 670 660 1926 664 661 1927 653 634 1928 664 661 1929 665 662 1930 654 647 1931 665 662 1932 659 654 1933 654 647 1934 659 654 1935 666 663 1936 655 651 1937 666 663 1938 660 652 1939 655 651 1940 662 664 1941 651 657 1942 656 653 1943 663 658 1944 669 665 1945 658 659 1946 669 665 1947 670 660 1948 658 659 1949 666 663 1950 667 666 1951 660 652 1952 673 655 1953 674 667 1954 661 656 1955 674 667 1956 662 664 1957 661 656 1958 675 668 1959 657 669 1960 662 664 1961 657 669 1962 676 670 1963 663 658 1964 676 670 1965 669 665 1966 663 658 1967 670 660 1968 677 671 1969 664 661 1970 664 661 1971 678 672 1972 665 662 1973 678 672 1974 671 673 1975 665 662 1976 671 673 1977 672 674 1978 666 663 1979 672 674 1980 667 666 1981 666 663 1982 686 675 1983 673 655 1984 667 666 1985 675 668 1986 668 676 1987 657 669 1988 676 670 1989 683 677 1990 669 665 1991 669 665 1992 696 678 1993 670 660 1994 696 678 1995 677 671 1996 670 660 1997 679 679 1998 672 674 1999 671 673 2000 686 675 2001 687 680 2002 673 655 2003 687 680 2004 674 667 2005 673 655 2006 680 681 2007 675 668 2008 674 667 2009 681 682 2010 668 676 2011 675 668 2012 682 683 2013 676 670 2014 668 676 2015 689 684 2016 683 677 2017 676 670 2018 691 685 2019 678 672 2020 677 671 2021 684 686 2022 679 679 2023 678 672 2024 680 681 2025 695 687 2026 681 682 2027 681 682 2028 682 683 2029 668 676 2030 689 684 2031 690 688 2032 683 677 2033 690 688 2034 696 678 2035 683 677 2036 685 689 2037 704 690 2038 686 675 2039 704 690 2040 687 680 2041 686 675 2042 699 691 2043 690 688 2044 689 684 2045 701 692 2046 697 693 2047 691 685 2048 697 693 2049 702 694 2050 692 695 2051 702 694 2052 693 696 2053 692 695 2054 705 697 2055 706 698 2056 694 699 2057 694 699 2058 707 700 2059 695 687 2060 713 701 2061 701 692 2062 696 678 2063 709 702 2064 702 694 2065 697 693 2066 699 691 2067 708 703 2068 700 704 2069 708 703 2070 713 701 2071 700 704 2072 713 701 2073 714 705 2074 701 692 2075 714 705 2076 709 702 2077 701 692 2078 702 694 2079 710 706 2080 703 707 2081 710 706 2082 704 690 2083 703 707 2084 716 708 2085 705 697 2086 704 690 2087 705 697 2088 718 709 2089 706 698 2090 718 709 2091 707 700 2092 706 698 2093 711 523 2094 712 710 2095 698 711 2096 714 705 2097 526 530 2098 709 702 2099 526 530 2100 715 712 2101 709 702 2102 528 534 2103 716 708 2104 710 706 2105 719 713 2106 711 523 2107 698 711 2108 711 523 2109 524 522 2110 712 710 2111 525 525 2112 544 527 2113 713 701 2114 544 527 2115 714 705 2116 713 701 2117 532 528 2118 526 530 2119 714 705 2120 527 532 2121 528 534 2122 715 712 2123 716 708 2124 540 541 2125 717 714 2126 717 714 2127 529 536 2128 718 709 2129 529 536 2130 719 713 2131 718 709 2132 530 538 2133 711 523 2134 719 713 2135 47 55 2136 50 54 2137 32 715 2138 33 39 2139 47 55 2140 32 715 2141 37 44 2142 48 32 2143 36 34 2144 42 37 2145 49 36 2146 41 50 2147 32 715 2148 50 54 2149 46 716 2150 35 33 2151 51 38 2152 34 40 2153 43 35 2154 52 42 2155 49 36 2156 54 45 2157 53 43 2158 37 44 2159 55 47 2160 54 45 2161 38 46 2162 40 49 2163 56 51 2164 55 47 2165 41 50 2166 57 52 2167 56 51 2168 46 716 2169 58 60 2170 45 58 2171 50 54 2172 58 60 2173 46 716 2174 59 53 2175 64 70 2176 50 54 2177 60 56 2178 59 53 2179 47 55 2180 51 38 2181 60 56 2182 33 39 2183 48 32 2184 61 57 2185 35 33 2186 44 41 2187 62 59 2188 52 42 2189 45 58 2190 63 61 2191 62 59 2192 50 54 2193 64 70 2194 58 60 2195 55 47 2196 65 62 2197 54 45 2198 57 52 2199 66 63 2200 56 51 2201 56 51 2202 67 64 2203 55 47 2204 53 43 2205 68 65 2206 48 32 2207 49 36 2208 69 66 2209 66 63 2210 59 53 2211 70 67 2212 64 70 2213 53 43 2214 71 68 2215 68 65 2216 67 64 2217 72 69 2218 55 47 2219 58 60 2220 73 71 2221 63 61 2222 51 38 2223 74 72 2224 60 56 2225 73 71 2226 75 73 2227 63 61 2228 70 67 2229 77 75 2230 76 74 2231 60 56 2232 78 76 2233 77 75 2234 72 69 2235 79 91 2236 65 62 2237 67 64 2238 79 91 2239 72 69 2240 76 74 2241 80 77 2242 73 71 2243 65 62 2244 81 94 2245 71 68 2246 79 91 2247 81 94 2248 65 62 2249 66 63 2250 82 78 2251 67 64 2252 69 66 2253 82 78 2254 66 63 2255 67 64 2256 83 79 2257 79 91 2258 71 68 2259 84 80 2260 68 65 2261 84 80 2262 86 82 2263 61 57 2264 81 94 2265 87 83 2266 71 68 2267 62 59 2268 88 84 2269 52 42 2270 52 42 2271 89 85 2272 85 81 2273 80 77 2274 91 100 2275 90 86 2276 76 74 2277 91 100 2278 80 77 2279 77 75 2280 92 88 2281 93 87 2282 76 74 2283 93 87 2284 91 100 2285 74 72 2286 94 89 2287 78 76 2288 79 91 2289 95 90 2290 81 94 2291 74 72 2292 96 92 2293 94 89 2294 87 83 2295 100 97 2296 84 80 2297 89 85 2298 101 98 2299 85 81 2300 98 95 2301 102 99 2302 95 90 2303 90 86 2304 103 101 2305 88 84 2306 103 101 2307 104 102 2308 88 84 2309 93 87 2310 105 103 2311 91 100 2312 86 82 2313 106 105 2314 96 92 2315 93 87 2316 107 104 2317 105 103 2318 97 93 2319 109 107 2320 100 97 2321 101 98 2322 110 108 2323 99 96 2324 94 89 2325 111 109 2326 92 88 2327 96 92 2328 112 110 2329 94 89 2330 107 104 2331 113 111 2332 105 103 2333 89 85 2334 114 112 2335 101 98 2336 116 114 2337 115 113 2338 102 99 2339 110 108 2340 116 114 2341 98 95 2342 111 109 2343 119 117 2344 107 104 2345 104 102 2346 118 116 2347 114 112 2348 96 92 2349 120 133 2350 112 110 2351 106 105 2352 120 133 2353 96 92 2354 120 133 2355 123 120 2356 112 110 2357 125 122 2358 124 121 2359 110 108 2360 114 112 2361 125 122 2362 101 98 2363 126 123 2364 129 138 2365 119 117 2366 116 114 2367 127 124 2368 115 113 2369 119 117 2370 129 138 2371 128 125 2372 116 114 2373 130 126 2374 127 124 2375 117 115 2376 131 127 2377 108 106 2378 122 119 2379 132 128 2380 118 116 2381 121 118 2382 133 129 2383 117 115 2384 132 128 2385 134 130 2386 118 116 2387 125 122 2388 135 131 2389 124 121 2390 123 120 2391 136 143 2392 126 123 2393 137 132 2394 136 143 2395 123 120 2396 138 134 2397 137 132 2398 120 133 2399 131 127 2400 138 134 2401 106 105 2402 117 115 2403 139 135 2404 131 127 2405 124 121 2406 140 145 2407 130 126 2408 135 131 2409 140 145 2410 124 121 2411 114 112 2412 141 136 2413 135 131 2414 144 141 2415 143 140 2416 133 129 2417 129 138 2418 145 139 2419 142 137 2420 142 137 2421 146 142 2422 132 128 2423 126 123 2424 147 144 2425 145 139 2426 130 126 2427 148 146 2428 144 141 2429 134 130 2430 149 157 2431 141 136 2432 146 142 2433 149 157 2434 134 130 2435 143 140 2436 150 147 2437 139 135 2438 145 139 2439 151 148 2440 142 137 2441 144 141 2442 152 150 2443 143 140 2444 145 139 2445 153 149 2446 151 148 2447 138 134 2448 154 151 2449 137 132 2450 143 140 2451 155 162 2452 150 147 2453 152 150 2454 155 162 2455 143 140 2456 154 151 2457 156 152 2458 136 143 2459 131 127 2460 158 154 2461 157 153 2462 140 145 2463 159 155 2464 148 146 2465 151 148 2466 160 156 2467 146 142 2468 147 144 2469 161 159 2470 153 149 2471 156 152 2472 161 159 2473 147 144 2474 164 163 2475 163 161 2476 152 150 2477 151 148 2478 165 164 2479 160 156 2480 153 149 2481 166 160 2482 165 164 2483 155 162 2484 167 165 2485 150 147 2486 155 162 2487 168 173 2488 167 165 2489 163 161 2490 168 173 2491 155 162 2492 160 156 2493 169 166 2494 149 157 2495 160 156 2496 170 167 2497 169 166 2498 141 136 2499 171 168 2500 162 158 2501 173 170 2502 172 169 2503 164 163 2504 162 158 2505 173 170 2506 159 155 2507 174 171 2508 177 184 2509 166 160 2510 166 160 2511 177 184 2512 165 164 2513 170 167 2514 178 175 2515 169 166 2516 154 151 2517 179 176 2518 156 152 2519 168 173 2520 180 177 2521 167 165 2522 165 164 2523 181 180 2524 170 167 2525 177 184 2526 181 180 2527 165 164 2528 154 151 2529 182 178 2530 179 176 2531 172 169 2532 183 181 2533 175 172 2534 173 170 2535 183 181 2536 172 169 2537 175 172 2538 185 182 2539 180 177 2540 186 183 2541 189 190 2542 177 184 2543 188 186 2544 187 185 2545 158 154 2546 180 177 2547 188 186 2548 167 165 2549 177 184 2550 189 190 2551 181 180 2552 173 170 2553 190 192 2554 183 181 2555 176 174 2556 190 192 2557 173 170 2558 157 153 2559 191 201 2560 182 178 2561 187 185 2562 191 201 2563 157 153 2564 178 175 2565 192 187 2566 171 168 2567 184 179 2568 194 206 2569 178 175 2570 195 189 2571 194 206 2572 184 179 2573 194 206 2574 197 193 2575 178 175 2576 186 183 2577 198 194 2578 189 190 2579 200 196 2580 199 195 2581 180 177 2582 196 191 2583 200 196 2584 185 182 2585 195 189 2586 201 197 2587 194 206 2588 198 194 2589 203 199 2590 189 190 2591 176 174 2592 202 198 2593 190 192 2594 188 186 2595 204 200 2596 187 185 2597 182 178 2598 205 202 2599 193 188 2600 204 200 2601 206 203 2602 187 185 2603 200 196 2604 207 204 2605 199 195 2606 202 198 2607 208 205 2608 190 192 2609 197 193 2610 209 207 2611 192 187 2612 198 194 2613 210 208 2614 203 199 2615 193 188 2616 211 209 2617 198 194 2618 191 201 2619 212 218 2620 205 202 2621 206 203 2622 212 218 2623 191 201 2624 207 204 2625 213 210 2626 204 200 2627 208 205 2628 214 211 2629 196 191 2630 194 206 2631 215 212 2632 209 207 2633 200 196 2634 217 214 2635 207 204 2636 201 197 2637 218 215 2638 215 212 2639 206 203 2640 219 216 2641 212 218 2642 192 187 2643 220 217 2644 202 198 2645 205 202 2646 221 219 2647 211 209 2648 214 211 2649 222 223 2650 217 214 2651 208 205 2652 222 223 2653 214 211 2654 223 220 2655 226 224 2656 210 208 2657 211 209 2658 223 220 2659 216 213 2660 207 204 2661 224 221 2662 213 210 2663 222 223 2664 227 225 2665 217 214 2666 209 207 2667 228 226 2668 192 187 2669 221 219 2670 229 227 2671 211 209 2672 192 187 2673 230 237 2674 220 217 2675 228 226 2676 230 237 2677 192 187 2678 218 215 2679 231 228 2680 215 212 2681 224 221 2682 232 229 2683 213 210 2684 225 222 2685 234 231 2686 222 223 2687 218 215 2688 235 233 2689 231 228 2690 226 224 2691 235 233 2692 218 215 2693 219 216 2694 236 246 2695 212 218 2696 232 229 2697 236 246 2698 219 216 2699 233 230 2700 238 234 2701 229 227 2702 227 225 2703 239 235 2704 224 221 2705 222 223 2706 240 236 2707 239 235 2708 220 217 2709 241 238 2710 234 231 2711 235 233 2712 242 239 2713 231 228 2714 223 220 2715 243 244 2716 237 232 2717 238 234 2718 243 244 2719 223 220 2720 239 235 2721 244 240 2722 224 221 2723 212 218 2724 246 249 2725 233 230 2726 236 246 2727 246 249 2728 212 218 2729 238 234 2730 248 243 2731 243 244 2732 239 235 2733 250 254 2734 244 240 2735 240 236 2736 250 254 2737 239 235 2738 234 231 2739 251 247 2740 240 236 2741 237 232 2742 252 248 2743 235 233 2744 233 230 2745 253 250 2746 238 234 2747 244 240 2748 254 258 2749 249 245 2750 250 254 2751 254 258 2752 244 240 2753 247 242 2754 255 252 2755 241 238 2756 242 239 2757 256 260 2758 245 241 2759 252 248 2760 256 260 2761 242 239 2762 237 232 2763 257 251 2764 252 248 2765 236 246 2766 258 717 2767 246 249 2768 249 245 2769 258 717 2770 236 246 2771 251 247 2772 259 253 2773 240 236 2774 238 234 2775 260 255 2776 248 243 2777 253 250 2778 260 255 2779 238 234 2780 248 243 2781 261 256 2782 257 251 2783 249 245 2784 262 273 2785 258 717 2786 254 258 2787 262 273 2788 249 245 2789 259 253 2790 263 257 2791 250 254 2792 252 248 2793 264 259 2794 256 260 2795 245 241 2796 265 261 2797 247 242 2798 256 260 2799 266 262 2800 265 261 2801 254 258 2802 267 263 2803 262 273 2804 253 250 2805 268 265 2806 260 255 2807 251 247 2808 269 266 2809 259 253 2810 251 247 2811 271 267 2812 269 266 2813 258 717 2814 272 280 2815 246 249 2816 262 273 2817 272 280 2818 258 717 2819 247 242 2820 273 268 2821 255 252 2822 275 270 2823 274 269 2824 261 256 2825 268 265 2826 275 270 2827 260 255 2828 265 261 2829 276 271 2830 247 242 2831 274 269 2832 279 275 2833 270 264 2834 262 273 2835 277 272 2836 272 280 2837 263 257 2838 278 274 2839 267 263 2840 266 262 2841 281 277 2842 276 271 2843 264 259 2844 282 278 2845 281 277 2846 271 267 2847 284 281 2848 269 266 2849 278 274 2850 285 282 2851 267 263 2852 284 281 2853 286 283 2854 269 266 2855 273 268 2856 288 302 2857 284 281 2858 280 276 2859 288 302 2860 273 268 2861 275 270 2862 289 285 2863 274 269 2864 277 272 2865 290 286 2866 272 280 2867 281 277 2868 291 288 2869 276 271 2870 282 278 2871 292 289 2872 291 288 2873 279 275 2874 293 287 2875 292 289 2876 287 284 2877 294 290 2878 275 270 2879 278 274 2880 295 294 2881 285 282 2882 296 291 2883 295 294 2884 278 274 2885 276 271 2886 297 292 2887 280 276 2888 285 282 2889 299 295 2890 290 286 2891 289 285 2892 300 296 2893 293 287 2894 288 302 2895 301 297 2896 284 281 2897 292 289 2898 302 298 2899 291 288 2900 283 279 2901 303 299 2902 287 284 2903 293 287 2904 305 300 2905 302 298 2906 294 290 2907 306 303 2908 300 296 2909 283 279 2910 307 304 2911 303 299 2912 290 286 2913 308 305 2914 298 293 2915 299 295 2916 309 307 2917 308 305 2918 295 294 2919 309 307 2920 299 295 2921 296 291 2922 310 306 2923 295 294 2924 304 301 2925 311 308 2926 288 302 2927 311 308 2928 313 310 2929 301 297 2930 315 312 2931 314 311 2932 291 288 2933 305 300 2934 315 312 2935 302 298 2936 300 296 2937 316 313 2938 305 300 2939 298 293 2940 317 314 2941 307 304 2942 296 291 2943 318 324 2944 310 306 2945 313 310 2946 318 324 2947 296 291 2948 316 313 2949 321 318 2950 305 300 2951 320 316 2952 319 315 2953 308 305 2954 310 306 2955 320 316 2956 309 307 2957 305 300 2958 321 318 2959 315 312 2960 323 319 2961 322 317 2962 316 313 2963 324 320 2964 323 319 2965 306 303 2966 325 321 2967 324 320 2968 303 299 2969 317 314 2970 325 321 2971 307 304 2972 311 308 2973 326 322 2974 313 310 2975 313 310 2976 328 325 2977 318 324 2978 327 323 2979 329 326 2980 320 316 2981 314 311 2982 330 329 2983 312 309 2984 315 312 2985 330 329 2986 314 311 2987 318 324 2988 331 344 2989 327 323 2990 328 325 2991 331 344 2992 318 324 2993 330 329 2994 332 327 2995 312 309 2996 317 314 2997 334 330 2998 325 321 2999 332 327 3000 335 331 3001 304 301 3002 327 323 3003 336 339 3004 329 326 3005 331 344 3006 336 339 3007 327 323 3008 319 315 3009 337 333 3010 334 330 3011 323 319 3012 340 335 3013 339 334 3014 324 320 3015 341 336 3016 340 335 3017 343 338 3018 342 337 3019 330 329 3020 338 332 3021 343 338 3022 333 328 3023 329 326 3024 344 340 3025 337 333 3026 336 339 3027 345 350 3028 344 340 3029 331 344 3030 345 350 3031 336 339 3032 325 321 3033 346 341 3034 341 336 3035 334 330 3036 347 342 3037 346 341 3038 349 345 3039 348 343 3040 328 325 3041 335 331 3042 349 345 3043 326 322 3044 339 334 3045 350 347 3046 354 346 3047 337 333 3048 351 348 3049 347 342 3050 348 343 3051 352 349 3052 331 344 3053 342 337 3054 353 351 3055 332 327 3056 518 359 3057 517 355 3058 363 357 3059 521 358 3060 361 354 3061 367 361 3062 522 362 3063 367 361 3064 362 375 3065 519 363 3066 518 359 3067 358 360 3068 516 366 3069 369 368 3070 377 369 3071 361 354 3072 360 353 3073 366 370 3074 363 357 3075 357 356 3076 377 369 3077 361 354 3078 375 372 3079 367 361 3080 359 364 3081 358 360 3082 364 373 3083 362 375 3084 376 374 3085 368 380 3086 359 364 3087 365 376 3088 366 370 3089 376 374 3090 367 361 3091 383 385 3092 365 376 3093 364 373 3094 371 378 3095 365 376 3096 371 378 3097 372 392 3098 365 376 3099 372 392 3100 373 384 3101 369 368 3102 356 367 3103 398 382 3104 366 370 3105 373 384 3106 374 371 3107 364 373 3108 363 357 3109 370 377 3110 373 384 3111 380 393 3112 381 386 3113 374 371 3114 373 384 3115 381 386 3116 370 377 3117 385 388 3118 378 389 3119 383 385 3120 375 372 3121 382 387 3122 376 374 3123 396 390 3124 397 379 3125 372 392 3126 371 378 3127 379 391 3128 396 390 3129 383 385 3130 395 398 3131 379 391 3132 378 389 3133 386 394 3134 380 393 3135 387 395 3136 388 404 3137 380 393 3138 388 404 3139 389 396 3140 385 388 3141 377 369 3142 384 397 3143 382 387 3144 389 396 3145 394 414 3146 382 387 3147 394 414 3148 395 398 3149 384 397 3150 369 368 3151 404 399 3152 389 396 3153 392 405 3154 393 411 3155 384 397 3156 399 400 3157 400 401 3158 394 414 3159 389 396 3160 393 411 3161 385 388 3162 400 401 3163 390 402 3164 387 395 3165 386 394 3166 390 402 3167 388 404 3168 387 395 3169 391 403 3170 391 403 3171 390 402 3172 401 406 3173 397 379 3174 396 390 3175 411 408 3176 392 405 3177 391 403 3178 402 407 3179 393 411 3180 392 405 3181 403 410 3182 393 411 3183 409 412 3184 410 413 3185 395 398 3186 394 414 3187 410 413 3188 396 390 3189 395 398 3190 418 415 3191 403 410 3192 408 420 3193 409 412 3194 399 400 3195 421 421 3196 405 416 3197 400 401 3198 405 416 3199 406 417 3200 401 406 3201 406 417 3202 407 418 3203 402 407 3204 407 418 3205 408 420 3206 404 399 3207 398 382 3208 427 419 3209 411 408 3210 435 430 3211 419 409 3212 407 418 3213 414 429 3214 415 422 3215 408 420 3216 407 418 3217 415 422 3218 421 421 3219 404 399 3220 420 424 3221 408 420 3222 416 423 3223 417 425 3224 409 412 3225 417 425 3226 426 427 3227 405 416 3228 412 426 3229 413 428 3230 410 413 3231 426 427 3232 418 415 3233 417 425 3234 425 435 3235 426 427 3236 414 429 3237 413 428 3238 422 431 3239 418 415 3240 434 432 3241 435 430 3242 414 429 3243 422 431 3244 423 444 3245 415 422 3246 414 429 3247 423 444 3248 415 422 3249 423 444 3250 424 434 3251 424 434 3252 423 444 3253 431 437 3254 425 435 3255 424 434 3256 431 437 3257 420 424 3258 449 436 3259 436 439 3260 421 421 3261 436 439 3262 428 440 3263 425 435 3264 432 438 3265 433 441 3266 422 431 3267 412 426 3268 428 440 3269 434 432 3270 426 427 3271 433 441 3272 422 431 3273 429 442 3274 430 443 3275 423 444 3276 430 443 3277 431 437 3278 428 440 3279 441 452 3280 437 445 3281 435 430 3282 434 432 3283 446 446 3284 429 442 3285 437 445 3286 438 448 3287 435 430 3288 454 447 3289 455 433 3290 427 419 3291 448 449 3292 449 436 3293 432 438 3294 431 437 3295 439 450 3296 432 438 3297 440 451 3298 433 441 3299 439 450 3300 438 448 3301 444 459 3302 439 450 3303 444 459 3304 445 453 3305 436 439 3306 456 454 3307 441 452 3308 440 451 3309 445 453 3310 446 446 3311 446 446 3312 453 465 3313 454 447 3314 438 448 3315 443 456 3316 444 459 3317 446 446 3318 462 462 3319 453 465 3320 443 456 3321 450 457 3322 451 458 3323 445 453 3324 444 459 3325 451 458 3326 445 453 3327 452 460 3328 462 462 3329 442 455 3330 441 452 3331 457 461 3332 452 460 3333 451 458 3334 460 470 3335 456 454 3336 449 436 3337 463 463 3338 452 460 3339 460 470 3340 461 475 3341 452 460 3342 461 475 3343 462 462 3344 453 465 3345 475 466 3346 469 467 3347 450 457 3348 458 464 3349 459 469 3350 454 447 3351 469 467 3352 500 468 3353 459 469 3354 458 464 3355 465 471 3356 460 470 3357 459 469 3358 466 472 3359 461 475 3360 460 470 3361 467 473 3362 457 461 3363 456 454 3364 464 474 3365 458 464 3366 457 461 3367 470 477 3368 475 466 3369 462 462 3370 468 476 3371 467 473 3372 473 486 3373 474 488 3374 464 474 3375 463 463 3376 476 478 3377 468 476 3378 467 473 3379 474 488 3380 464 474 3381 477 479 3382 470 477 3383 468 476 3384 474 488 3385 481 491 3386 468 476 3387 481 491 3388 475 466 3389 465 471 3390 471 480 3391 472 483 3392 466 472 3393 465 471 3394 472 483 3395 469 467 3396 488 481 3397 500 468 3398 466 472 3399 472 483 3400 473 486 3401 467 473 3402 466 472 3403 473 486 3404 448 449 3405 501 482 3406 476 478 3407 488 481 3408 475 466 3409 487 492 3410 474 488 3411 486 489 3412 481 491 3413 471 480 3414 470 477 3415 482 490 3416 486 489 3417 480 487 3418 485 496 3419 477 479 3420 489 498 3421 482 490 3422 487 492 3423 481 491 3424 494 493 3425 479 485 3426 478 484 3427 483 494 3428 480 487 3429 479 485 3430 484 495 3431 476 478 3432 502 497 3433 489 498 3434 485 496 3435 484 495 3436 491 499 3437 485 496 3438 492 500 3439 493 510 3440 486 489 3441 485 496 3442 493 510 3443 486 489 3444 493 510 3445 494 493 3446 483 494 3447 482 490 3448 495 501 3449 488 481 3450 487 492 3451 511 503 3452 484 495 3453 483 494 3454 490 502 3455 489 498 3456 503 511 3457 495 501 3458 494 493 3459 493 510 3460 499 504 3461 494 493 3462 510 505 3463 511 503 3464 491 499 3465 490 502 3466 496 506 3467 488 481 3468 515 507 3469 500 468 3470 492 500 3471 491 499 3472 497 508 3473 493 510 3474 498 509 3475 499 504 3476 497 508 3477 506 518 3478 507 512 3479 498 509 3480 497 508 3481 507 512 3482 498 509 3483 508 513 3484 509 514 3485 499 504 3486 509 514 3487 510 505 3488 495 501 3489 504 515 3490 505 516 3491 496 506 3492 505 516 3493 506 518 3494 497 508 3495 496 506 3496 506 518 3497 510 505 3498 521 358 3499 522 362 3500 511 503 3501 522 362 3502 515 507 3503 507 512 3504 513 519 3505 514 520 3506 501 482 3507 356 367 3508 516 366 3509 502 497 3510 516 366 3511 357 356 3512 509 514 3513 508 513 3514 514 520 3515 503 511 3516 357 356 3517 504 515 3518 514 520 3519 513 519 3520 355 365 3521 514 520 3522 355 365 3523 520 352 3524 509 514 3525 514 520 3526 520 352 3527 509 514 3528 520 352 3529 521 358 3530 512 517 3531 504 515 3532 517 355 3533 513 519 3534 512 517 3535 518 359 3536 515 507 3537 362 375 3538 368 380 3539 531 521 3540 536 524 3541 524 522 3542 536 524 3543 537 526 3544 525 525 3545 526 530 3546 533 529 3547 538 531 3548 527 532 3549 538 531 3550 539 533 3551 540 541 3552 541 548 3553 529 536 3554 529 536 3555 541 548 3556 542 537 3557 530 538 3558 542 537 3559 531 521 3560 531 521 3561 535 542 3562 536 524 3563 544 527 3564 550 539 3565 532 528 3566 550 539 3567 545 545 3568 533 529 3569 533 529 3570 545 545 3571 538 531 3572 542 537 3573 535 542 3574 531 521 3575 536 524 3576 543 543 3577 549 544 3578 537 526 3579 549 544 3580 544 527 3581 551 546 3582 552 560 3583 539 533 3584 539 533 3585 552 560 3586 546 540 3587 559 547 3588 553 555 3589 541 548 3590 541 548 3591 553 555 3592 547 549 3593 548 550 3594 554 551 3595 543 543 3596 544 527 3597 562 552 3598 550 539 3599 545 545 3600 556 553 3601 551 546 3602 552 560 3603 558 554 3604 546 540 3605 547 549 3606 560 556 3607 548 550 3608 550 539 3609 563 558 3610 556 553 3611 556 553 3612 565 565 3613 551 546 3614 551 546 3615 565 565 3616 557 559 3617 559 547 3618 566 561 3619 553 555 3620 561 562 3621 568 563 3622 554 551 3623 568 563 3624 569 574 3625 555 557 3626 555 557 3627 569 574 3628 562 552 3629 571 566 3630 578 579 3631 558 554 3632 558 554 3633 578 579 3634 579 567 3635 560 556 3636 573 568 3637 561 562 3638 561 562 3639 567 583 3640 568 563 3641 569 574 3642 582 576 3643 562 552 3644 562 552 3645 582 576 3646 575 569 3647 563 558 3648 575 569 3649 576 570 3650 564 564 3651 576 570 3652 570 571 3653 573 568 3654 567 583 3655 561 562 3656 567 583 3657 574 573 3658 568 563 3659 574 573 3660 581 575 3661 569 574 3662 570 571 3663 583 577 3664 577 578 3665 572 572 3666 584 580 3667 585 581 3668 573 568 3669 585 581 3670 567 583 3671 580 582 3672 586 593 3673 574 573 3674 574 573 3675 586 593 3676 581 575 3677 582 576 3678 592 584 3679 575 569 3680 592 584 3681 587 588 3682 576 570 3683 576 570 3684 587 588 3685 583 577 3686 583 577 3687 588 590 3688 577 578 3689 577 578 3690 588 590 3691 594 585 3692 578 579 3693 594 585 3694 595 586 3695 585 581 3696 580 582 3697 567 583 3698 586 593 3699 597 595 3700 581 575 3701 581 575 3702 597 595 3703 591 587 3704 595 586 3705 601 596 3706 584 580 3707 584 580 3708 601 596 3709 589 591 3710 585 581 3711 589 591 3712 580 582 3713 590 592 3714 596 594 3715 586 593 3716 592 584 3717 598 600 3718 587 588 3719 587 588 3720 598 600 3721 593 589 3722 593 589 3723 600 601 3724 588 590 3725 588 590 3726 600 601 3727 594 585 3728 589 591 3729 602 597 3730 590 592 3731 591 587 3732 609 598 3733 605 599 3734 598 600 3735 599 606 3736 593 589 3737 593 589 3738 599 606 3739 600 601 3740 606 602 3741 619 608 3742 595 586 3743 595 586 3744 619 608 3745 601 596 3746 590 592 3747 603 613 3748 608 603 3749 596 594 3750 608 603 3751 604 604 3752 605 599 3753 610 605 3754 598 600 3755 610 605 3756 611 618 3757 599 606 3758 599 606 3759 611 618 3760 612 607 3761 600 601 3762 612 607 3763 606 602 3764 613 609 3765 607 610 3766 602 597 3767 607 610 3768 603 613 3769 590 592 3770 608 603 3771 615 615 3772 604 604 3773 604 604 3774 615 615 3775 609 598 3776 609 598 3777 616 611 3778 605 599 3779 612 607 3780 618 620 3781 606 602 3782 606 602 3783 618 620 3784 619 608 3785 613 609 3786 621 622 3787 607 610 3788 607 610 3789 621 622 3790 603 613 3791 614 612 3792 623 614 3793 608 603 3794 609 598 3795 628 616 3796 616 611 3797 624 617 3798 617 718 3799 611 618 3800 611 618 3801 617 718 3802 625 619 3803 623 614 3804 627 624 3805 615 615 3806 628 616 3807 637 625 3808 616 611 3809 624 617 3810 630 636 3811 617 718 3812 617 718 3813 630 636 3814 625 619 3815 625 619 3816 632 632 3817 618 620 3818 618 620 3819 632 632 3820 633 626 3821 619 608 3822 633 626 3823 634 627 3824 620 621 3825 634 627 3826 626 628 3827 626 628 3828 622 623 3829 614 612 3830 623 614 3831 636 629 3832 627 624 3833 624 617 3834 629 630 3835 630 636 3836 630 636 3837 631 631 3838 625 619 3839 634 627 3840 638 644 3841 626 628 3842 626 628 3843 638 644 3844 622 623 3845 622 623 3846 635 639 3847 636 629 3848 640 633 3849 653 634 3850 628 616 3851 637 625 3852 641 648 3853 629 630 3854 629 630 3855 641 648 3856 642 635 3857 642 635 3858 643 650 3859 631 631 3860 631 631 3861 643 650 3862 644 637 3863 632 632 3864 644 637 3865 650 638 3866 650 638 3867 645 642 3868 634 627 3869 634 627 3870 645 642 3871 638 644 3872 638 644 3873 635 639 3874 622 623 3875 636 629 3876 639 640 3877 640 633 3878 637 625 3879 648 641 3880 641 648 3881 647 645 3882 652 646 3883 639 640 3884 652 646 3885 658 659 3886 640 633 3887 640 633 3888 658 659 3889 653 634 3890 641 648 3891 654 647 3892 649 649 3893 649 649 3894 655 651 3895 643 650 3896 655 651 3897 660 652 3898 644 637 3899 650 638 3900 661 656 3901 645 642 3902 645 642 3903 661 656 3904 656 653 3905 646 643 3906 656 653 3907 647 645 3908 647 645 3909 651 657 3910 652 646 3911 653 634 3912 664 661 3913 648 641 3914 648 641 3915 664 661 3916 654 647 3917 656 653 3918 651 657 3919 647 645 3920 651 657 3921 657 669 3922 663 658 3923 652 646 3924 663 658 3925 658 659 3926 661 656 3927 662 664 3928 656 653 3929 662 664 3930 657 669 3931 651 657 3932 665 662 3933 671 673 3934 659 654 3935 659 654 3936 671 673 3937 666 663 3938 660 652 3939 667 666 3940 673 655 3941 674 667 3942 675 668 3943 662 664 3944 657 669 3945 668 676 3946 676 670 3947 664 661 3948 677 671 3949 678 672 3950 672 674 3951 686 675 3952 667 666 3953 669 665 3954 683 677 3955 696 678 3956 678 672 3957 679 679 3958 671 673 3959 679 679 3960 685 689 3961 672 674 3962 672 674 3963 685 689 3964 686 675 3965 687 680 3966 680 681 3967 674 667 3968 680 681 3969 681 682 3970 675 668 3971 682 683 3972 689 684 3973 676 670 3974 696 678 3975 691 685 3976 677 671 3977 691 685 3978 684 686 3979 678 672 3980 684 686 3981 692 695 3982 679 679 3983 679 679 3984 692 695 3985 685 689 3986 687 680 3987 694 699 3988 680 681 3989 680 681 3990 694 699 3991 695 687 3992 681 682 3993 695 687 3994 682 683 3995 682 683 3996 688 719 3997 689 684 3998 691 685 3999 697 693 4000 684 686 4001 684 686 4002 697 693 4003 692 695 4004 692 695 4005 693 696 4006 685 689 4007 685 689 4008 693 696 4009 704 690 4010 704 690 4011 705 697 4012 687 680 4013 687 680 4014 705 697 4015 694 699 4016 695 687 4017 688 719 4018 682 683 4019 688 719 4020 699 691 4021 689 684 4022 699 691 4023 700 704 4024 690 688 4025 690 688 4026 700 704 4027 696 678 4028 696 678 4029 701 692 4030 691 685 4031 702 694 4032 703 707 4033 693 696 4034 693 696 4035 703 707 4036 704 690 4037 694 699 4038 706 698 4039 707 700 4040 695 687 4041 707 700 4042 688 719 4043 688 719 4044 698 711 4045 699 691 4046 700 704 4047 713 701 4048 696 678 4049 701 692 4050 709 702 4051 697 693 4052 707 700 4053 698 711 4054 688 719 4055 698 711 4056 712 710 4057 699 691 4058 699 691 4059 712 710 4060 708 703 4061 709 702 4062 715 712 4063 702 694 4064 702 694 4065 715 712 4066 710 706 4067 710 706 4068 716 708 4069 704 690 4070 716 708 4071 717 714 4072 705 697 4073 705 697 4074 717 714 4075 718 709 4076 718 709 4077 719 713 4078 707 700 4079 707 700 4080 719 713 4081 698 711 4082 712 710 4083 525 525 4084 708 703 4085 708 703 4086 525 525 4087 713 701 4088 715 712 4089 528 534 4090 710 706 4091 712 710 4092 524 522 4093 525 525 4094 544 527 4095 532 528 4096 714 705 4097 526 530 4098 527 532 4099 715 712 4100 528 534 4101 534 535 4102 716 708 4103 716 708 4104 534 535 4105 540 541 4106 717 714 4107 540 541 4108 529 536 4109 529 536 4110 530 538 4111 719 713 4112</p>
        </triangles>
      </mesh>
    </geometry>
  </library_geometries>
  <library_controllers>
    <controller id="GanondorfRig_GanondorfCirclet_LOD1-skin" name="GanondorfRig">
      <skin source="#GanondorfCirclet_LOD1-mesh">
        <bind_shape_matrix>1 0 0 0 0 1 0 0 0 0 1 0 0 0 0 1</bind_shape_matrix>
        <source id="GanondorfRig_GanondorfCirclet_LOD1-skin-joints">
          <Name_array id="GanondorfRig_GanondorfCirclet_LOD1-skin-joints-array" count="1">mHead</Name_array>
          <technique_common>
            <accessor source="#GanondorfRig_GanondorfCirclet_LOD1-skin-joints-array" count="1" stride="1">
              <param name="JOINT" type="name"/>
            </accessor>
          </technique_common>
        </source>
        <source id="GanondorfRig_GanondorfCirclet_LOD1-skin-bind_poses">
          <float_array id="GanondorfRig_GanondorfCirclet_LOD1-skin-bind_poses-array" count="16">1 0 0 0.02499997 0 1 0 0 0 0 1 -1.683 0 0 0 1</float_array>
          <technique_common>
            <accessor source="#GanondorfRig_GanondorfCirclet_LOD1-skin-bind_poses-array" count="1" stride="16">
              <param name="TRANSFORM" type="float4x4"/>
            </accessor>
          </technique_common>
        </source>
        <source id="GanondorfRig_GanondorfCirclet_LOD1-skin-weights">
          <float_array id="GanondorfRig_GanondorfCirclet_LOD1-skin-weights-array" count="720">1 1 1 1 1 1 1 1 1 1 1 1 1 1 1 1 1 1 1 1 1 1 1 1 1 1 1 1 1 1 1 1 1 1 1 1 1 1 1 1 1 1 1 1 1 1 1 1 1 1 1 1 1 1 1 1 1 1 1 1 1 1 1 1 1 1 1 1 1 1 1 1 1 1 1 1 1 1 1 1 1 1 1 1 1 1 1 1 1 1 1 1 1 1 1 1 1 1 1 1 1 1 1 1 1 1 1 1 1 1 1 1 1 1 1 1 1 1 1 1 1 1 1 1 1 1 1 1 1 1 1 1 1 1 1 1 1 1 1 1 1 1 1 1 1 1 1 1 1 1 1 1 1 1 1 1 1 1 1 1 1 1 1 1 1 1 1 1 1 1 1 1 1 1 1 1 1 1 1 1 1 1 1 1 1 1 1 1 1 1 1 1 1 1 1 1 1 1 1 1 1 1 1 1 1 1 1 1 1 1 1 1 1 1 1 1 1 1 1 1 1 1 1 1 1 1 1 1 1 1 1 1 1 1 1 1 1 1 1 1 1 1 1 1 1 1 1 1 1 1 1 1 1 1 1 1 1 1 1 1 1 1 1 1 1 1 1 1 1 1 1 1 1 1 1 1 1 1 1 1 1 1 1 1 1 1 1 1 1 1 1 1 1 1 1 1 1 1 1 1 1 1 1 1 1 1 1 1 1 1 1 1 1 1 1 1 1 1 1 1 1 1 1 1 1 1 1 1 1 1 1 1 1 1 1 1 1 1 1 1 1 1 1 1 1 1 1 1 1 1 1 1 1 1 1 1 1 1 1 1 1 1 1 1 1 1 1 1 1 1 1 1 1 1 1 1 1 1 1 1 1 1 1 1 1 1 1 1 1 1 1 1 1 1 1 1 1 1 1 1 1 1 1 1 1 1 1 1 1 1 1 1 1 1 1 1 1 1 1 1 1 1 1 1 1 1 1 1 1 1 1 1 1 1 1 1 1 1 1 1 1 1 1 1 1 1 1 1 1 1 1 1 1 1 1 1 1 1 1 1 1 1 1 1 1 1 1 1 1 1 1 1 1 1 1 1 1 1 1 1 1 1 1 1 1 1 1 1 1 1 1 1 1 1 1 1 1 1 1 1 1 1 1 1 1 1 1 1 1 1 1 1 1 1 1 1 1 1 1 1 1 1 1 1 1 1 1 1 1 1 1 1 1 1 1 1 1 1 1 1 1 1 1 1 1 1 1 1 1 1 1 1 1 1 1 1 1 1 1 1 1 1 1 1 1 1 1 1 1 1 1 1 1 1 1 1 1 1 1 1 1 1 1 1 1 1 1 1 1 1 1 1 1 1 1 1 1 1 1 1 1 1 1 1 1 1 1 1 1 1 1 1 1 1 1 1 1 1 1 1 1 1 1 1 1 1 1 1 1 1 1 1 1 1 1 1 1 1 1 1 1 1 1 1 1 1 1 1 1 1 1 1 1 1 1 1 1 1 1 1 1 1 1 1 1 1 1 1 1 1 1 1 1 1 1 1 1 1 1 1 1 1 1 1 1 1 1 1 1 1 1 1 1 1 1 1 1 1 1 1 1 1 1 1 1 1 1 1 1 1 1 1 1 1 1 1 1 1 1 1</float_array>
          <technique_common>
            <accessor source="#GanondorfRig_GanondorfCirclet_LOD1-skin-weights-array" count="720" stride="1">
              <param name="WEIGHT" type="float"/>
            </accessor>
          </technique_common>
        </source>
        <joints>
          <input semantic="JOINT" source="#GanondorfRig_GanondorfCirclet_LOD1-skin-joints"/>
          <input semantic="INV_BIND_MATRIX" source="#GanondorfRig_GanondorfCirclet_LOD1-skin-bind_poses"/>
        </joints>
        <vertex_weights count="720">
          <input semantic="JOINT" source="#GanondorfRig_GanondorfCirclet_LOD1-skin-joints" offset="0"/>
          <input semantic="WEIGHT" source="#GanondorfRig_GanondorfCirclet_LOD1-skin-weights" offset="1"/>
          <vcount>1 1 1 1 1 1 1 1 1 1 1 1 1 1 1 1 1 1 1 1 1 1 1 1 1 1 1 1 1 1 1 1 1 1 1 1 1 1 1 1 1 1 1 1 1 1 1 1 1 1 1 1 1 1 1 1 1 1 1 1 1 1 1 1 1 1 1 1 1 1 1 1 1 1 1 1 1 1 1 1 1 1 1 1 1 1 1 1 1 1 1 1 1 1 1 1 1 1 1 1 1 1 1 1 1 1 1 1 1 1 1 1 1 1 1 1 1 1 1 1 1 1 1 1 1 1 1 1 1 1 1 1 1 1 1 1 1 1 1 1 1 1 1 1 1 1 1 1 1 1 1 1 1 1 1 1 1 1 1 1 1 1 1 1 1 1 1 1 1 1 1 1 1 1 1 1 1 1 1 1 1 1 1 1 1 1 1 1 1 1 1 1 1 1 1 1 1 1 1 1 1 1 1 1 1 1 1 1 1 1 1 1 1 1 1 1 1 1 1 1 1 1 1 1 1 1 1 1 1 1 1 1 1 1 1 1 1 1 1 1 1 1 1 1 1 1 1 1 1 1 1 1 1 1 1 1 1 1 1 1 1 1 1 1 1 1 1 1 1 1 1 1 1 1 1 1 1 1 1 1 1 1 1 1 1 1 1 1 1 1 1 1 1 1 1 1 1 1 1 1 1 1 1 1 1 1 1 1 1 1 1 1 1 1 1 1 1 1 1 1 1 1 1 1 1 1 1 1 1 1 1 1 1 1 1 1 1 1 1 1 1 1 1 1 1 1 1 1 1 1 1 1 1 1 1 1 1 1 1 1 1 1 1 1 1 1 1 1 1 1 1 1 1 1 1 1 1 1 1 1 1 1 1 1 1 1 1 1 1 1 1 1 1 1 1 1 1 1 1 1 1 1 1 1 1 1 1 1 1 1 1 1 1 1 1 1 1 1 1 1 1 1 1 1 1 1 1 1 1 1 1 1 1 1 1 1 1 1 1 1 1 1 1 1 1 1 1 1 1 1 1 1 1 1 1 1 1 1 1 1 1 1 1 1 1 1 1 1 1 1 1 1 1 1 1 1 1 1 1 1 1 1 1 1 1 1 1 1 1 1 1 1 1 1 1 1 1 1 1 1 1 1 1 1 1 1 1 1 1 1 1 1 1 1 1 1 1 1 1 1 1 1 1 1 1 1 1 1 1 1 1 1 1 1 1 1 1 1 1 1 1 1 1 1 1 1 1 1 1 1 1 1 1 1 1 1 1 1 1 1 1 1 1 1 1 1 1 1 1 1 1 1 1 1 1 1 1 1 1 1 1 1 1 1 1 1 1 1 1 1 1 1 1 1 1 1 1 1 1 1 1 1 1 1 1 1 1 1 1 1 1 1 1 1 1 1 1 1 1 1 1 1 1 1 1 1 1 1 1 1 1 1 1 1 1 1 1 1 1 1 1 1 1 1 1 1 1 1 1 1 1 1 1 1 1 1 1 1 1 1 1 1 1 1 1 1 1 1 1 1 1 1 1 1 1 1 1 1 1 1 1 1 1 1 1 1 1 1 1 1 1 1 1 1 1 1 1 1 1 1 1 1 1 1 1 1 1 1 1 1 1 1 1 1 1 1 1 1 1 1 </vcount>
          <v>0 0 0 1 0 2 0 3 0 4 0 5 0 6 0 7 0 8 0 9 0 10 0 11 0 12 0 13 0 14 0 15 0 16 0 17 0 18 0 19 0 20 0 21 0 22 0 23 0 24 0 25 0 26 0 27 0 28 0 29 0 30 0 31 0 32 0 33 0 34 0 35 0 36 0 37 0 38 0 39 0 40 0 41 0 42 0 43 0 44 0 45 0 46 0 47 0 48 0 49 0 50 0 51 0 52 0 53 0 54 0 55 0 56 0 57 0 58 0 59 0 60 0 61 0 62 0 63 0 64 0 65 0 66 0 67 0 68 0 69 0 70 0 71 0 72 0 73 0 74 0 75 0 76 0 77 0 78 0 79 0 80 0 81 0 82 0 83 0 84 0 85 0 86 0 87 0 88 0 89 0 90 0 91 0 92 0 93 0 94 0 95 0 96 0 97 0 98 0 99 0 100 0 101 0 102 0 103 0 104 0 105 0 106 0 107 0 108 0 109 0 110 0 111 0 112 0 113 0 114 0 115 0 116 0 117 0 118 0 119 0 120 0 121 0 122 0 123 0 124 0 125 0 126 0 127 0 128 0 129 0 130 0 131 0 132 0 133 0 134 0 135 0 136 0 137 0 138 0 139 0 140 0 141 0 142 0 143 0 144 0 145 0 146 0 147 0 148 0 149 0 150 0 151 0 152 0 153 0 154 0 155 0 156 0 157 0 158 0 159 0 160 0 161 0 162 0 163 0 164 0 165 0 166 0 167 0 168 0 169 0 170 0 171 0 172 0 173 0 174 0 175 0 176 0 177 0 178 0 179 0 180 0 181 0 182 0 183 0 184 0 185 0 186 0 187 0 188 0 189 0 190 0 191 0 192 0 193 0 194 0 195 0 196 0 197 0 198 0 199 0 200 0 201 0 202 0 203 0 204 0 205 0 206 0 207 0 208 0 209 0 210 0 211 0 212 0 213 0 214 0 215 0 216 0 217 0 218 0 219 0 220 0 221 0 222 0 223 0 224 0 225 0 226 0 227 0 228 0 229 0 230 0 231 0 232 0 233 0 234 0 235 0 236 0 237 0 238 0 239 0 240 0 241 0 242 0 243 0 244 0 245 0 246 0 247 0 248 0 249 0 250 0 251 0 252 0 253 0 254 0 255 0 256 0 257 0 258 0 259 0 260 0 261 0 262 0 263 0 264 0 265 0 266 0 267 0 268 0 269 0 270 0 271 0 272 0 273 0 274 0 275 0 276 0 277 0 278 0 279 0 280 0 281 0 282 0 283 0 284 0 285 0 286 0 287 0 288 0 289 0 290 0 291 0 292 0 293 0 294 0 295 0 296 0 297 0 298 0 299 0 300 0 301 0 302 0 303 0 304 0 305 0 306 0 307 0 308 0 309 0 310 0 311 0 312 0 313 0 314 0 315 0 316 0 317 0 318 0 319 0 320 0 321 0 322 0 323 0 324 0 325 0 326 0 327 0 328 0 329 0 330 0 331 0 332 0 333 0 334 0 335 0 336 0 337 0 338 0 339 0 340 0 341 0 342 0 343 0 344 0 345 0 346 0 347 0 348 0 349 0 350 0 351 0 352 0 353 0 354 0 355 0 356 0 357 0 358 0 359 0 360 0 361 0 362 0 363 0 364 0 365 0 366 0 367 0 368 0 369 0 370 0 371 0 372 0 373 0 374 0 375 0 376 0 377 0 378 0 379 0 380 0 381 0 382 0 383 0 384 0 385 0 386 0 387 0 388 0 389 0 390 0 391 0 392 0 393 0 394 0 395 0 396 0 397 0 398 0 399 0 400 0 401 0 402 0 403 0 404 0 405 0 406 0 407 0 408 0 409 0 410 0 411 0 412 0 413 0 414 0 415 0 416 0 417 0 418 0 419 0 420 0 421 0 422 0 423 0 424 0 425 0 426 0 427 0 428 0 429 0 430 0 431 0 432 0 433 0 434 0 435 0 436 0 437 0 438 0 439 0 440 0 441 0 442 0 443 0 444 0 445 0 446 0 447 0 448 0 449 0 450 0 451 0 452 0 453 0 454 0 455 0 456 0 457 0 458 0 459 0 460 0 461 0 462 0 463 0 464 0 465 0 466 0 467 0 468 0 469 0 470 0 471 0 472 0 473 0 474 0 475 0 476 0 477 0 478 0 479 0 480 0 481 0 482 0 483 0 484 0 485 0 486 0 487 0 488 0 489 0 490 0 491 0 492 0 493 0 494 0 495 0 496 0 497 0 498 0 499 0 500 0 501 0 502 0 503 0 504 0 505 0 506 0 507 0 508 0 509 0 510 0 511 0 512 0 513 0 514 0 515 0 516 0 517 0 518 0 519 0 520 0 521 0 522 0 523 0 524 0 525 0 526 0 527 0 528 0 529 0 530 0 531 0 532 0 533 0 534 0 535 0 536 0 537 0 538 0 539 0 540 0 541 0 542 0 543 0 544 0 545 0 546 0 547 0 548 0 549 0 550 0 551 0 552 0 553 0 554 0 555 0 556 0 557 0 558 0 559 0 560 0 561 0 562 0 563 0 564 0 565 0 566 0 567 0 568 0 569 0 570 0 571 0 572 0 573 0 574 0 575 0 576 0 577 0 578 0 579 0 580 0 581 0 582 0 583 0 584 0 585 0 586 0 587 0 588 0 589 0 590 0 591 0 592 0 593 0 594 0 595 0 596 0 597 0 598 0 599 0 600 0 601 0 602 0 603 0 604 0 605 0 606 0 607 0 608 0 609 0 610 0 611 0 612 0 613 0 614 0 615 0 616 0 617 0 618 0 619 0 620 0 621 0 622 0 623 0 624 0 625 0 626 0 627 0 628 0 629 0 630 0 631 0 632 0 633 0 634 0 635 0 636 0 637 0 638 0 639 0 640 0 641 0 642 0 643 0 644 0 645 0 646 0 647 0 648 0 649 0 650 0 651 0 652 0 653 0 654 0 655 0 656 0 657 0 658 0 659 0 660 0 661 0 662 0 663 0 664 0 665 0 666 0 667 0 668 0 669 0 670 0 671 0 672 0 673 0 674 0 675 0 676 0 677 0 678 0 679 0 680 0 681 0 682 0 683 0 684 0 685 0 686 0 687 0 688 0 689 0 690 0 691 0 692 0 693 0 694 0 695 0 696 0 697 0 698 0 699 0 700 0 701 0 702 0 703 0 704 0 705 0 706 0 707 0 708 0 709 0 710 0 711 0 712 0 713 0 714 0 715 0 716 0 717 0 718 0 719</v>
        </vertex_weights>
      </skin>
    </controller>
  </library_controllers>
  <library_visual_scenes>
    <visual_scene id="Scene" name="Scene">
      <node id="GanondorfRig" name="GanondorfRig" type="NODE">
        <matrix sid="transform">1 0 0 0 0 1 0 0 0 0 1 0 0 0 0 1</matrix>
        <node id="GanondorfRig_mPelvis" name="mPelvis" sid="mPelvis" type="JOINT">
          <matrix sid="transform">1 0 0 0 0 1 0 0 0 0 1 1.067 0 0 0 1</matrix>
          <node id="GanondorfRig_PELVIS" name="PELVIS" sid="PELVIS" type="JOINT">
            <matrix sid="transform">1 0 0 -0.01 0 1 0 0 0 0 1 -0.01999998 0 0 0 1</matrix>
            <extra>
              <technique profile="blender">
                <layer sid="layer" type="string">0</layer>
                <roll sid="roll" type="float">0.1396263</roll>
                <tip_x sid="tip_x" type="float">0</tip_x>
                <tip_y sid="tip_y" type="float">0.02999997</tip_y>
                <tip_z sid="tip_z" type="float">0</tip_z>
              </technique>
            </extra>
          </node>
          <node id="GanondorfRig_BUTT" name="BUTT" sid="BUTT" type="JOINT">
            <matrix sid="transform">1 0 0 -0.06 0 1 0 0 0 0 1 -0.1 0 0 0 1</matrix>
            <extra>
              <technique profile="blender">
                <layer sid="layer" type="string">0</layer>
                <tip_x sid="tip_x" type="float">0</tip_x>
                <tip_y sid="tip_y" type="float">0.02999997</tip_y>
                <tip_z sid="tip_z" type="float">0</tip_z>
              </technique>
            </extra>
          </node>
          <node id="GanondorfRig_mSpine1" name="mSpine1" sid="mSpine1" type="JOINT">
            <matrix sid="transform">1 0 0 0 0 1 0 0 0 0 1 0.08399999 0 0 0 1</matrix>
            <node id="GanondorfRig_mSpine2" name="mSpine2" sid="mSpine2" type="JOINT">
              <matrix sid="transform">1 0 0 0 0 1 0 0 0 0 1 -0.08399999 0 0 0 1</matrix>
              <node id="GanondorfRig_mTorso" name="mTorso" sid="mTorso" type="JOINT">
                <matrix sid="transform">1 0 0 0 0 1 0 0 0 0 1 0.08399999 0 0 0 1</matrix>
                <node id="GanondorfRig_BELLY" name="BELLY" sid="BELLY" type="JOINT">
                  <matrix sid="transform">1 0 0 0.028 0 1 0 0 0 0 1 0.03999996 0 0 0 1</matrix>
                  <extra>
                    <technique profile="blender">
                      <layer sid="layer" type="string">0</layer>
                      <roll sid="roll" type="float">0.1396263</roll>
                      <tip_x sid="tip_x" type="float">0</tip_x>
                      <tip_y sid="tip_y" type="float">0.02999997</tip_y>
                      <tip_z sid="tip_z" type="float">0</tip_z>
                    </technique>
                  </extra>
                </node>
                <node id="GanondorfRig_LEFT_HANDLE" name="LEFT_HANDLE" sid="LEFT_HANDLE" type="JOINT">
                  <matrix sid="transform">1 0 0 0 0 1 0 0.1 0 0 1 0.05799997 0 0 0 1</matrix>
                  <extra>
                    <technique profile="blender">
                      <layer sid="layer" type="string">0</layer>
                      <tip_x sid="tip_x" type="float">0</tip_x>
                      <tip_y sid="tip_y" type="float">0.02999997</tip_y>
                      <tip_z sid="tip_z" type="float">0</tip_z>
                    </technique>
                  </extra>
                </node>
                <node id="GanondorfRig_RIGHT_HANDLE" name="RIGHT_HANDLE" sid="RIGHT_HANDLE" type="JOINT">
                  <matrix sid="transform">1 0 0 0 0 1 0 -0.09999999 0 0 1 0.05799997 0 0 0 1</matrix>
                  <extra>
                    <technique profile="blender">
                      <layer sid="layer" type="string">0</layer>
                      <tip_x sid="tip_x" type="float">0</tip_x>
                      <tip_y sid="tip_y" type="float">0.02999997</tip_y>
                      <tip_z sid="tip_z" type="float">0</tip_z>
                    </technique>
                  </extra>
                </node>
                <node id="GanondorfRig_LOWER_BACK" name="LOWER_BACK" sid="LOWER_BACK" type="JOINT">
                  <matrix sid="transform">1 0 0 0 0 1 0 0 0 0 1 0.023 0 0 0 1</matrix>
                  <extra>
                    <technique profile="blender">
                      <layer sid="layer" type="string">0</layer>
                      <tip_x sid="tip_x" type="float">0</tip_x>
                      <tip_y sid="tip_y" type="float">0.02999997</tip_y>
                      <tip_z sid="tip_z" type="float">0</tip_z>
                    </technique>
                  </extra>
                </node>
                <node id="GanondorfRig_mSpine3" name="mSpine3" sid="mSpine3" type="JOINT">
                  <matrix sid="transform">1 0 0 -0.015 0 1 0 0 0 0 1 0.2049999 0 0 0 1</matrix>
                  <node id="GanondorfRig_mSpine4" name="mSpine4" sid="mSpine4" type="JOINT">
                    <matrix sid="transform">1 0 0 0.015 0 1 0 0 0 0 1 -0.2049999 0 0 0 1</matrix>
                    <node id="GanondorfRig_mChest" name="mChest" sid="mChest" type="JOINT">
                      <matrix sid="transform">1 0 0 -0.015 0 1 0 0 0 0 1 0.2049999 0 0 0 1</matrix>
                      <node id="GanondorfRig_CHEST" name="CHEST" sid="CHEST" type="JOINT">
                        <matrix sid="transform">1 0 -1.49012e-8 0.028 0 1 0 0 1.49012e-8 0 1 0.07000005 0 0 0 1</matrix>
                        <extra>
                          <technique profile="blender">
                            <layer sid="layer" type="string">0</layer>
                            <roll sid="roll" type="float">-0.1745329</roll>
                            <tip_x sid="tip_x" type="float">0</tip_x>
                            <tip_y sid="tip_y" type="float">0.02999997</tip_y>
                            <tip_z sid="tip_z" type="float">0</tip_z>
                          </technique>
                        </extra>
                      </node>
                      <node id="GanondorfRig_LEFT_PEC" name="LEFT_PEC" sid="LEFT_PEC" type="JOINT">
                        <matrix sid="transform">1 0 0 0.119 0 1 0 0.082 0 0 1 0.04200006 0 0 0 1</matrix>
                        <extra>
                          <technique profile="blender">
                            <layer sid="layer" type="string">0</layer>
                            <roll sid="roll" type="float">0.07487457</roll>
                            <tip_x sid="tip_x" type="float">0</tip_x>
                            <tip_y sid="tip_y" type="float">0.02999997</tip_y>
                            <tip_z sid="tip_z" type="float">0</tip_z>
                          </technique>
                        </extra>
                      </node>
                      <node id="GanondorfRig_RIGHT_PEC" name="RIGHT_PEC" sid="RIGHT_PEC" type="JOINT">
                        <matrix sid="transform">1 0 0 0.119 0 1 0 -0.082 0 0 1 0.04200006 0 0 0 1</matrix>
                        <extra>
                          <technique profile="blender">
                            <layer sid="layer" type="string">0</layer>
                            <roll sid="roll" type="float">0.07487457</roll>
                            <tip_x sid="tip_x" type="float">0</tip_x>
                            <tip_y sid="tip_y" type="float">0.02999997</tip_y>
                            <tip_z sid="tip_z" type="float">0</tip_z>
                          </technique>
                        </extra>
                      </node>
                      <node id="GanondorfRig_UPPER_BACK" name="UPPER_BACK" sid="UPPER_BACK" type="JOINT">
                        <matrix sid="transform">1 0 0 0 0 1 0 0 0 0 1 0.01700008 0 0 0 1</matrix>
                        <extra>
                          <technique profile="blender">
                            <layer sid="layer" type="string">0</layer>
                            <tip_x sid="tip_x" type="float">0</tip_x>
                            <tip_y sid="tip_y" type="float">0.02999997</tip_y>
                            <tip_z sid="tip_z" type="float">0</tip_z>
                          </technique>
                        </extra>
                      </node>
                      <node id="GanondorfRig_mNeck" name="mNeck" sid="mNeck" type="JOINT">
                        <matrix sid="transform">1 0 0 -0.01 0 1 0 0 0 0 1 0.251 0 0 0 1</matrix>
                        <node id="GanondorfRig_NECK" name="NECK" sid="NECK" type="JOINT">
                          <matrix sid="transform">1 0 0 0 0 1 0 0 0 0 1 0.01999998 0 0 0 1</matrix>
                          <extra>
                            <technique profile="blender">
                              <layer sid="layer" type="string">0</layer>
                              <tip_x sid="tip_x" type="float">0</tip_x>
                              <tip_y sid="tip_y" type="float">0.02999997</tip_y>
                              <tip_z sid="tip_z" type="float">0</tip_z>
                            </technique>
                          </extra>
                        </node>
                        <node id="GanondorfRig_mHead" name="mHead" sid="mHead" type="JOINT">
                          <matrix sid="transform">1 0 0 0 0 1 0 0 0 0 1 0.07599998 0 0 0 1</matrix>
                          <node id="GanondorfRig_HEAD" name="HEAD" sid="HEAD" type="JOINT">
                            <matrix sid="transform">1 0 0 0.02 0 1 0 0 0 0 1 0.07000005 0 0 0 1</matrix>
                            <extra>
                              <technique profile="blender">
                                <layer sid="layer" type="string">0</layer>
                                <tip_x sid="tip_x" type="float">0</tip_x>
                                <tip_y sid="tip_y" type="float">0.02999997</tip_y>
                                <tip_z sid="tip_z" type="float">0</tip_z>
                              </technique>
                            </extra>
                          </node>
                          <node id="GanondorfRig_mSkull" name="mSkull" sid="mSkull" type="JOINT">
                            <matrix sid="transform">1 0 0 0 0 1 0 0 0 0 1 0.079 0 0 0 1</matrix>
                            <extra>
                              <technique profile="blender">
                                <layer sid="layer" type="string">0</layer>
                                <tip_x sid="tip_x" type="float">0</tip_x>
                                <tip_y sid="tip_y" type="float">0.02999997</tip_y>
                                <tip_z sid="tip_z" type="float">0</tip_z>
                              </technique>
                            </extra>
                          </node>
                          <node id="GanondorfRig_mEyeRight" name="mEyeRight" sid="mEyeRight" type="JOINT">
                            <matrix sid="transform">1 0 0 0.098 0 1 0 -0.036 0 0 1 0.079 0 0 0 1</matrix>
                            <extra>
                              <technique profile="blender">
                                <layer sid="layer" type="string">0</layer>
                                <tip_x sid="tip_x" type="float">0</tip_x>
                                <tip_y sid="tip_y" type="float">0.02999997</tip_y>
                                <tip_z sid="tip_z" type="float">0</tip_z>
                              </technique>
                            </extra>
                          </node>
                          <node id="GanondorfRig_mEyeLeft" name="mEyeLeft" sid="mEyeLeft" type="JOINT">
                            <matrix sid="transform">1 0 0 0.098 0 1 0 0.036 0 0 1 0.079 0 0 0 1</matrix>
                            <extra>
                              <technique profile="blender">
                                <layer sid="layer" type="string">0</layer>
                                <tip_x sid="tip_x" type="float">0</tip_x>
                                <tip_y sid="tip_y" type="float">0.02999997</tip_y>
                                <tip_z sid="tip_z" type="float">0</tip_z>
                              </technique>
                            </extra>
                          </node>
                          <node id="GanondorfRig_mFaceRoot" name="mFaceRoot" sid="mFaceRoot" type="JOINT">
                            <matrix sid="transform">1 0 0 0.025 0 1 0 0 0 0 1 0.04500008 0 0 0 1</matrix>
                            <node id="GanondorfRig_mFaceEyeAltRight" name="mFaceEyeAltRight" sid="mFaceEyeAltRight" type="JOINT">
                              <matrix sid="transform">1 0 0 0.073 0 1 0 -0.036 0 0 1 0.03399992 0 0 0 1</matrix>
                              <extra>
                                <technique profile="blender">
                                  <layer sid="layer" type="string">0</layer>
                                  <tip_x sid="tip_x" type="float">0</tip_x>
                                  <tip_y sid="tip_y" type="float">0.02999997</tip_y>
                                  <tip_z sid="tip_z" type="float">0</tip_z>
                                </technique>
                              </extra>
                            </node>
                            <node id="GanondorfRig_mFaceEyeAltLeft" name="mFaceEyeAltLeft" sid="mFaceEyeAltLeft" type="JOINT">
                              <matrix sid="transform">1 0 0 0.073 0 1 0 0.036 0 0 1 0.03399992 0 0 0 1</matrix>
                              <extra>
                                <technique profile="blender">
                                  <layer sid="layer" type="string">0</layer>
                                  <tip_x sid="tip_x" type="float">0</tip_x>
                                  <tip_y sid="tip_y" type="float">0.02999997</tip_y>
                                  <tip_z sid="tip_z" type="float">0</tip_z>
                                </technique>
                              </extra>
                            </node>
                            <node id="GanondorfRig_mFaceForeheadLeft" name="mFaceForeheadLeft" sid="mFaceForeheadLeft" type="JOINT">
                              <matrix sid="transform">1 0 0 0.061 0 1 0 0.035 0 0 1 0.08299994 0 0 0 1</matrix>
                              <extra>
                                <technique profile="blender">
                                  <layer sid="layer" type="string">0</layer>
                                  <tip_x sid="tip_x" type="float">0</tip_x>
                                  <tip_y sid="tip_y" type="float">0.02999997</tip_y>
                                  <tip_z sid="tip_z" type="float">0</tip_z>
                                </technique>
                              </extra>
                            </node>
                            <node id="GanondorfRig_mFaceForeheadRight" name="mFaceForeheadRight" sid="mFaceForeheadRight" type="JOINT">
                              <matrix sid="transform">1 0 0 0.061 0 1 0 -0.035 0 0 1 0.08299994 0 0 0 1</matrix>
                              <extra>
                                <technique profile="blender">
                                  <layer sid="layer" type="string">0</layer>
                                  <tip_x sid="tip_x" type="float">0</tip_x>
                                  <tip_y sid="tip_y" type="float">0.02999997</tip_y>
                                  <tip_z sid="tip_z" type="float">0</tip_z>
                                </technique>
                              </extra>
                            </node>
                            <node id="GanondorfRig_mFaceEyebrowOuterLeft" name="mFaceEyebrowOuterLeft" sid="mFaceEyebrowOuterLeft" type="JOINT">
                              <matrix sid="transform">1 0 0 0.064 0 1 0 0.051 0 0 1 0.04799998 0 0 0 1</matrix>
                              <extra>
                                <technique profile="blender">
                                  <layer sid="layer" type="string">0</layer>
                                  <tip_x sid="tip_x" type="float">0</tip_x>
                                  <tip_y sid="tip_y" type="float">0.02999997</tip_y>
                                  <tip_z sid="tip_z" type="float">0</tip_z>
                                </technique>
                              </extra>
                            </node>
                            <node id="GanondorfRig_mFaceEyebrowCenterLeft" name="mFaceEyebrowCenterLeft" sid="mFaceEyebrowCenterLeft" type="JOINT">
                              <matrix sid="transform">1 0 0 0.07 0 1 0 0.043 0 0 1 0.05599999 0 0 0 1</matrix>
                              <extra>
                                <technique profile="blender">
                                  <layer sid="layer" type="string">0</layer>
                                  <tip_x sid="tip_x" type="float">0</tip_x>
                                  <tip_y sid="tip_y" type="float">0.02999997</tip_y>
                                  <tip_z sid="tip_z" type="float">0</tip_z>
                                </technique>
                              </extra>
                            </node>
                            <node id="GanondorfRig_mFaceEyebrowInnerLeft" name="mFaceEyebrowInnerLeft" sid="mFaceEyebrowInnerLeft" type="JOINT">
                              <matrix sid="transform">1 0 0 0.075 0 1 0 0.022 0 0 1 0.051 0 0 0 1</matrix>
                              <extra>
                                <technique profile="blender">
                                  <layer sid="layer" type="string">0</layer>
                                  <tip_x sid="tip_x" type="float">0</tip_x>
                                  <tip_y sid="tip_y" type="float">0.02999997</tip_y>
                                  <tip_z sid="tip_z" type="float">0</tip_z>
                                </technique>
                              </extra>
                            </node>
                            <node id="GanondorfRig_mFaceEyebrowOuterRight" name="mFaceEyebrowOuterRight" sid="mFaceEyebrowOuterRight" type="JOINT">
                              <matrix sid="transform">1 0 0 0.064 0 1 0 -0.051 0 0 1 0.04799998 0 0 0 1</matrix>
                              <extra>
                                <technique profile="blender">
                                  <layer sid="layer" type="string">0</layer>
                                  <tip_x sid="tip_x" type="float">0</tip_x>
                                  <tip_y sid="tip_y" type="float">0.02999997</tip_y>
                                  <tip_z sid="tip_z" type="float">0</tip_z>
                                </technique>
                              </extra>
                            </node>
                            <node id="GanondorfRig_mFaceEyebrowCenterRight" name="mFaceEyebrowCenterRight" sid="mFaceEyebrowCenterRight" type="JOINT">
                              <matrix sid="transform">1 0 0 0.07 0 1 0 -0.043 0 0 1 0.05599999 0 0 0 1</matrix>
                              <extra>
                                <technique profile="blender">
                                  <layer sid="layer" type="string">0</layer>
                                  <tip_x sid="tip_x" type="float">0</tip_x>
                                  <tip_y sid="tip_y" type="float">0.02999997</tip_y>
                                  <tip_z sid="tip_z" type="float">0</tip_z>
                                </technique>
                              </extra>
                            </node>
                            <node id="GanondorfRig_mFaceEyebrowInnerRight" name="mFaceEyebrowInnerRight" sid="mFaceEyebrowInnerRight" type="JOINT">
                              <matrix sid="transform">1 0 0 0.075 0 1 0 -0.022 0 0 1 0.051 0 0 0 1</matrix>
                              <extra>
                                <technique profile="blender">
                                  <layer sid="layer" type="string">0</layer>
                                  <tip_x sid="tip_x" type="float">0</tip_x>
                                  <tip_y sid="tip_y" type="float">0.02999997</tip_y>
                                  <tip_z sid="tip_z" type="float">0</tip_z>
                                </technique>
                              </extra>
                            </node>
                            <node id="GanondorfRig_mFaceEyeLidUpperLeft" name="mFaceEyeLidUpperLeft" sid="mFaceEyeLidUpperLeft" type="JOINT">
                              <matrix sid="transform">1 0 0 0.073 0 1 0 0.036 0 0 1 0.03399992 0 0 0 1</matrix>
                              <extra>
                                <technique profile="blender">
                                  <layer sid="layer" type="string">0</layer>
                                  <tip_x sid="tip_x" type="float">0</tip_x>
                                  <tip_y sid="tip_y" type="float">0.02999997</tip_y>
                                  <tip_z sid="tip_z" type="float">0</tip_z>
                                </technique>
                              </extra>
                            </node>
                            <node id="GanondorfRig_mFaceEyeLidLowerLeft" name="mFaceEyeLidLowerLeft" sid="mFaceEyeLidLowerLeft" type="JOINT">
                              <matrix sid="transform">1 0 0 0.073 0 1 0 0.036 0 0 1 0.03399992 0 0 0 1</matrix>
                              <extra>
                                <technique profile="blender">
                                  <layer sid="layer" type="string">0</layer>
                                  <tip_x sid="tip_x" type="float">0</tip_x>
                                  <tip_y sid="tip_y" type="float">0.02999997</tip_y>
                                  <tip_z sid="tip_z" type="float">0</tip_z>
                                </technique>
                              </extra>
                            </node>
                            <node id="GanondorfRig_mFaceEyeLidUpperRight" name="mFaceEyeLidUpperRight" sid="mFaceEyeLidUpperRight" type="JOINT">
                              <matrix sid="transform">1 0 0 0.073 0 1 0 -0.036 0 0 1 0.03399992 0 0 0 1</matrix>
                              <extra>
                                <technique profile="blender">
                                  <layer sid="layer" type="string">0</layer>
                                  <tip_x sid="tip_x" type="float">0</tip_x>
                                  <tip_y sid="tip_y" type="float">0.02999997</tip_y>
                                  <tip_z sid="tip_z" type="float">0</tip_z>
                                </technique>
                              </extra>
                            </node>
                            <node id="GanondorfRig_mFaceEyeLidLowerRight" name="mFaceEyeLidLowerRight" sid="mFaceEyeLidLowerRight" type="JOINT">
                              <matrix sid="transform">1 0 0 0.073 0 1 0 -0.036 0 0 1 0.03399992 0 0 0 1</matrix>
                              <extra>
                                <technique profile="blender">
                                  <layer sid="layer" type="string">0</layer>
                                  <tip_x sid="tip_x" type="float">0</tip_x>
                                  <tip_y sid="tip_y" type="float">0.02999997</tip_y>
                                  <tip_z sid="tip_z" type="float">0</tip_z>
                                </technique>
                              </extra>
                            </node>
                            <node id="GanondorfRig_mFaceEar1Left" name="mFaceEar1Left" sid="mFaceEar1Left" type="JOINT">
                              <matrix sid="transform">1 0 0 0 0 1 0 0.08 0 0 1 0.001999974 0 0 0 1</matrix>
                              <node id="GanondorfRig_mFaceEar2Left" name="mFaceEar2Left" sid="mFaceEar2Left" type="JOINT">
                                <matrix sid="transform">1 0 0 -0.019 0 1 0 0.018 0 0 1 0.02499998 0 0 0 1</matrix>
                                <extra>
                                  <technique profile="blender">
                                    <layer sid="layer" type="string">0</layer>
                                    <tip_x sid="tip_x" type="float">0</tip_x>
                                    <tip_y sid="tip_y" type="float">0.02999997</tip_y>
                                    <tip_z sid="tip_z" type="float">0</tip_z>
                                  </technique>
                                </extra>
                              </node>
                              <extra>
                                <technique profile="blender">
                                  <layer sid="layer" type="string">0</layer>
                                  <tip_x sid="tip_x" type="float">0</tip_x>
                                  <tip_y sid="tip_y" type="float">0.02999997</tip_y>
                                  <tip_z sid="tip_z" type="float">0</tip_z>
                                </technique>
                              </extra>
                            </node>
                            <node id="GanondorfRig_mFaceEar1Right" name="mFaceEar1Right" sid="mFaceEar1Right" type="JOINT">
                              <matrix sid="transform">1 0 0 0 0 1 0 -0.08 0 0 1 0.001999974 0 0 0 1</matrix>
                              <node id="GanondorfRig_mFaceEar2Right" name="mFaceEar2Right" sid="mFaceEar2Right" type="JOINT">
                                <matrix sid="transform">1 0 0 -0.019 0 1 0 -0.018 0 0 1 0.02499998 0 0 0 1</matrix>
                                <extra>
                                  <technique profile="blender">
                                    <layer sid="layer" type="string">0</layer>
                                    <tip_x sid="tip_x" type="float">0</tip_x>
                                    <tip_y sid="tip_y" type="float">0.02999997</tip_y>
                                    <tip_z sid="tip_z" type="float">0</tip_z>
                                  </technique>
                                </extra>
                              </node>
                              <extra>
                                <technique profile="blender">
                                  <layer sid="layer" type="string">0</layer>
                                  <tip_x sid="tip_x" type="float">0</tip_x>
                                  <tip_y sid="tip_y" type="float">0.02999997</tip_y>
                                  <tip_z sid="tip_z" type="float">0</tip_z>
                                </technique>
                              </extra>
                            </node>
                            <node id="GanondorfRig_mFaceNoseLeft" name="mFaceNoseLeft" sid="mFaceNoseLeft" type="JOINT">
                              <matrix sid="transform">1 0 0 0.086 0 1 0 0.015 0 0 1 -0.004000068 0 0 0 1</matrix>
                              <extra>
                                <technique profile="blender">
                                  <layer sid="layer" type="string">0</layer>
                                  <tip_x sid="tip_x" type="float">0</tip_x>
                                  <tip_y sid="tip_y" type="float">0.02999997</tip_y>
                                  <tip_z sid="tip_z" type="float">0</tip_z>
                                </technique>
                              </extra>
                            </node>
                            <node id="GanondorfRig_mFaceNoseCenter" name="mFaceNoseCenter" sid="mFaceNoseCenter" type="JOINT">
                              <matrix sid="transform">1 0 0 0.102 0 1 0 0 0 0 1 0 0 0 0 1</matrix>
                              <extra>
                                <technique profile="blender">
                                  <layer sid="layer" type="string">0</layer>
                                  <tip_x sid="tip_x" type="float">0</tip_x>
                                  <tip_y sid="tip_y" type="float">0.02999997</tip_y>
                                  <tip_z sid="tip_z" type="float">0</tip_z>
                                </technique>
                              </extra>
                            </node>
                            <node id="GanondorfRig_mFaceNoseRight" name="mFaceNoseRight" sid="mFaceNoseRight" type="JOINT">
                              <matrix sid="transform">1 0 0 0.086 0 1 0 -0.015 0 0 1 -0.004000068 0 0 0 1</matrix>
                              <extra>
                                <technique profile="blender">
                                  <layer sid="layer" type="string">0</layer>
                                  <tip_x sid="tip_x" type="float">0</tip_x>
                                  <tip_y sid="tip_y" type="float">0.02999997</tip_y>
                                  <tip_z sid="tip_z" type="float">0</tip_z>
                                </technique>
                              </extra>
                            </node>
                            <node id="GanondorfRig_mFaceCheekLowerLeft" name="mFaceCheekLowerLeft" sid="mFaceCheekLowerLeft" type="JOINT">
                              <matrix sid="transform">1 0 0 0.05 0 1 0 0.034 0 0 1 -0.03100002 0 0 0 1</matrix>
                              <extra>
                                <technique profile="blender">
                                  <layer sid="layer" type="string">0</layer>
                                  <tip_x sid="tip_x" type="float">0</tip_x>
                                  <tip_y sid="tip_y" type="float">0.02999997</tip_y>
                                  <tip_z sid="tip_z" type="float">0</tip_z>
                                </technique>
                              </extra>
                            </node>
                            <node id="GanondorfRig_mFaceCheekUpperLeft" name="mFaceCheekUpperLeft" sid="mFaceCheekUpperLeft" type="JOINT">
                              <matrix sid="transform">1 0 0 0.07 0 1 0 0.034 0 0 1 -0.004999995 0 0 0 1</matrix>
                              <extra>
                                <technique profile="blender">
                                  <layer sid="layer" type="string">0</layer>
                                  <tip_x sid="tip_x" type="float">0</tip_x>
                                  <tip_y sid="tip_y" type="float">0.02999997</tip_y>
                                  <tip_z sid="tip_z" type="float">0</tip_z>
                                </technique>
                              </extra>
                            </node>
                            <node id="GanondorfRig_mFaceCheekLowerRight" name="mFaceCheekLowerRight" sid="mFaceCheekLowerRight" type="JOINT">
                              <matrix sid="transform">1 0 0 0.05 0 1 0 -0.034 0 0 1 -0.03100002 0 0 0 1</matrix>
                              <extra>
                                <technique profile="blender">
                                  <layer sid="layer" type="string">0</layer>
                                  <tip_x sid="tip_x" type="float">0</tip_x>
                                  <tip_y sid="tip_y" type="float">0.02999997</tip_y>
                                  <tip_z sid="tip_z" type="float">0</tip_z>
                                </technique>
                              </extra>
                            </node>
                            <node id="GanondorfRig_mFaceCheekUpperRight" name="mFaceCheekUpperRight" sid="mFaceCheekUpperRight" type="JOINT">
                              <matrix sid="transform">1 0 0 0.07 0 1 0 -0.034 0 0 1 -0.004999995 0 0 0 1</matrix>
                              <extra>
                                <technique profile="blender">
                                  <layer sid="layer" type="string">0</layer>
                                  <tip_x sid="tip_x" type="float">0</tip_x>
                                  <tip_y sid="tip_y" type="float">0.02999997</tip_y>
                                  <tip_z sid="tip_z" type="float">0</tip_z>
                                </technique>
                              </extra>
                            </node>
                            <node id="GanondorfRig_mFaceJaw" name="mFaceJaw" sid="mFaceJaw" type="JOINT">
                              <matrix sid="transform">1 0 0 -0.001 0 1 0 0 0 0 1 -0.01499999 0 0 0 1</matrix>
                              <node id="GanondorfRig_mFaceChin" name="mFaceChin" sid="mFaceChin" type="JOINT">
                                <matrix sid="transform">1 0 0 0.074 0 1 0 0 0 0 1 -0.05400002 0 0 0 1</matrix>
                                <extra>
                                  <technique profile="blender">
                                    <layer sid="layer" type="string">0</layer>
                                    <tip_x sid="tip_x" type="float">0</tip_x>
                                    <tip_y sid="tip_y" type="float">0.02999997</tip_y>
                                    <tip_z sid="tip_z" type="float">0</tip_z>
                                  </technique>
                                </extra>
                              </node>
                              <node id="GanondorfRig_mFaceTeethLower" name="mFaceTeethLower" sid="mFaceTeethLower" type="JOINT">
                                <matrix sid="transform">1 0 0 0.021 0 1 0 0 0 0 1 -0.03900003 0 0 0 1</matrix>
                                <node id="GanondorfRig_mFaceLipLowerLeft" name="mFaceLipLowerLeft" sid="mFaceLipLowerLeft" type="JOINT">
                                  <matrix sid="transform">1 0 0 0.045 0 1 0 0 0 0 1 0 0 0 0 1</matrix>
                                  <extra>
                                    <technique profile="blender">
                                      <layer sid="layer" type="string">0</layer>
                                      <tip_x sid="tip_x" type="float">0</tip_x>
                                      <tip_y sid="tip_y" type="float">0.02999997</tip_y>
                                      <tip_z sid="tip_z" type="float">0</tip_z>
                                    </technique>
                                  </extra>
                                </node>
                                <node id="GanondorfRig_mFaceLipLowerRight" name="mFaceLipLowerRight" sid="mFaceLipLowerRight" type="JOINT">
                                  <matrix sid="transform">1 0 0 0.045 0 1 0 0 0 0 1 0 0 0 0 1</matrix>
                                  <extra>
                                    <technique profile="blender">
                                      <layer sid="layer" type="string">0</layer>
                                      <tip_x sid="tip_x" type="float">0</tip_x>
                                      <tip_y sid="tip_y" type="float">0.02999997</tip_y>
                                      <tip_z sid="tip_z" type="float">0</tip_z>
                                    </technique>
                                  </extra>
                                </node>
                                <node id="GanondorfRig_mFaceLipLowerCenter" name="mFaceLipLowerCenter" sid="mFaceLipLowerCenter" type="JOINT">
                                  <matrix sid="transform">1 0 0 0.045 0 1 0 0 0 0 1 0 0 0 0 1</matrix>
                                  <extra>
                                    <technique profile="blender">
                                      <layer sid="layer" type="string">0</layer>
                                      <tip_x sid="tip_x" type="float">0</tip_x>
                                      <tip_y sid="tip_y" type="float">0.02999997</tip_y>
                                      <tip_z sid="tip_z" type="float">0</tip_z>
                                    </technique>
                                  </extra>
                                </node>
                                <node id="GanondorfRig_mFaceTongueBase" name="mFaceTongueBase" sid="mFaceTongueBase" type="JOINT">
                                  <matrix sid="transform">1 0 0 0.039 0 1 0 0 0 0 1 0.004999995 0 0 0 1</matrix>
                                  <node id="GanondorfRig_mFaceTongueTip" name="mFaceTongueTip" sid="mFaceTongueTip" type="JOINT">
                                    <matrix sid="transform">1 0 0 0.022 0 1 0 0 0 0 1 0.006999969 0 0 0 1</matrix>
                                    <extra>
                                      <technique profile="blender">
                                        <layer sid="layer" type="string">0</layer>
                                        <tip_x sid="tip_x" type="float">0</tip_x>
                                        <tip_y sid="tip_y" type="float">0.02999997</tip_y>
                                        <tip_z sid="tip_z" type="float">0</tip_z>
                                      </technique>
                                    </extra>
                                  </node>
                                  <extra>
                                    <technique profile="blender">
                                      <layer sid="layer" type="string">0</layer>
                                      <tip_x sid="tip_x" type="float">0</tip_x>
                                      <tip_y sid="tip_y" type="float">0.02999997</tip_y>
                                      <tip_z sid="tip_z" type="float">0</tip_z>
                                    </technique>
                                  </extra>
                                </node>
                                <extra>
                                  <technique profile="blender">
                                    <layer sid="layer" type="string">0</layer>
                                    <tip_x sid="tip_x" type="float">0</tip_x>
                                    <tip_y sid="tip_y" type="float">0.02999997</tip_y>
                                    <tip_z sid="tip_z" type="float">0</tip_z>
                                  </technique>
                                </extra>
                              </node>
                              <extra>
                                <technique profile="blender">
                                  <layer sid="layer" type="string">0</layer>
                                  <tip_x sid="tip_x" type="float">0</tip_x>
                                  <tip_y sid="tip_y" type="float">0.02999997</tip_y>
                                  <tip_z sid="tip_z" type="float">0</tip_z>
                                </technique>
                              </extra>
                            </node>
                            <node id="GanondorfRig_mFaceJawShaper" name="mFaceJawShaper" sid="mFaceJawShaper" type="JOINT">
                              <matrix sid="transform">1 0 0 0 0 1 0 0 0 0 1 0 0 0 0 1</matrix>
                              <extra>
                                <technique profile="blender">
                                  <layer sid="layer" type="string">0</layer>
                                  <tip_x sid="tip_x" type="float">0</tip_x>
                                  <tip_y sid="tip_y" type="float">0.02999997</tip_y>
                                  <tip_z sid="tip_z" type="float">0</tip_z>
                                </technique>
                              </extra>
                            </node>
                            <node id="GanondorfRig_mFaceForeheadCenter" name="mFaceForeheadCenter" sid="mFaceForeheadCenter" type="JOINT">
                              <matrix sid="transform">1 0 0 0.069 0 1 0 0 0 0 1 0.06499994 0 0 0 1</matrix>
                              <extra>
                                <technique profile="blender">
                                  <layer sid="layer" type="string">0</layer>
                                  <tip_x sid="tip_x" type="float">0</tip_x>
                                  <tip_y sid="tip_y" type="float">0.02999997</tip_y>
                                  <tip_z sid="tip_z" type="float">0</tip_z>
                                </technique>
                              </extra>
                            </node>
                            <node id="GanondorfRig_mFaceNoseBase" name="mFaceNoseBase" sid="mFaceNoseBase" type="JOINT">
                              <matrix sid="transform">1 0 0 0.094 0 1 0 0 0 0 1 -0.01600003 0 0 0 1</matrix>
                              <extra>
                                <technique profile="blender">
                                  <layer sid="layer" type="string">0</layer>
                                  <tip_x sid="tip_x" type="float">0</tip_x>
                                  <tip_y sid="tip_y" type="float">0.02999997</tip_y>
                                  <tip_z sid="tip_z" type="float">0</tip_z>
                                </technique>
                              </extra>
                            </node>
                            <node id="GanondorfRig_mFaceTeethUpper" name="mFaceTeethUpper" sid="mFaceTeethUpper" type="JOINT">
                              <matrix sid="transform">1 0 0 0.02 0 1 0 0 0 0 1 -0.03000009 0 0 0 1</matrix>
                              <node id="GanondorfRig_mFaceLipUpperLeft" name="mFaceLipUpperLeft" sid="mFaceLipUpperLeft" type="JOINT">
                                <matrix sid="transform">1 0 0 0.045 0 1 0 0 0 0 1 -0.002999902 0 0 0 1</matrix>
                                <extra>
                                  <technique profile="blender">
                                    <layer sid="layer" type="string">0</layer>
                                    <tip_x sid="tip_x" type="float">0</tip_x>
                                    <tip_y sid="tip_y" type="float">0.02999997</tip_y>
                                    <tip_z sid="tip_z" type="float">0</tip_z>
                                  </technique>
                                </extra>
                              </node>
                              <node id="GanondorfRig_mFaceLipUpperRight" name="mFaceLipUpperRight" sid="mFaceLipUpperRight" type="JOINT">
                                <matrix sid="transform">1 0 0 0.045 0 1 0 0 0 0 1 -0.002999902 0 0 0 1</matrix>
                                <extra>
                                  <technique profile="blender">
                                    <layer sid="layer" type="string">0</layer>
                                    <tip_x sid="tip_x" type="float">0</tip_x>
                                    <tip_y sid="tip_y" type="float">0.02999997</tip_y>
                                    <tip_z sid="tip_z" type="float">0</tip_z>
                                  </technique>
                                </extra>
                              </node>
                              <node id="GanondorfRig_mFaceLipCornerLeft" name="mFaceLipCornerLeft" sid="mFaceLipCornerLeft" type="JOINT">
                                <matrix sid="transform">1 0 0 0.028 0 1 0 -0.019 0 0 1 -0.00999999 0 0 0 1</matrix>
                                <extra>
                                  <technique profile="blender">
                                    <layer sid="layer" type="string">0</layer>
                                    <tip_x sid="tip_x" type="float">0</tip_x>
                                    <tip_y sid="tip_y" type="float">0.02999997</tip_y>
                                    <tip_z sid="tip_z" type="float">0</tip_z>
                                  </technique>
                                </extra>
                              </node>
                              <node id="GanondorfRig_mFaceLipCornerRight" name="mFaceLipCornerRight" sid="mFaceLipCornerRight" type="JOINT">
                                <matrix sid="transform">1 0 0 0.028 0 1 0 0.019 0 0 1 -0.00999999 0 0 0 1</matrix>
                                <extra>
                                  <technique profile="blender">
                                    <layer sid="layer" type="string">0</layer>
                                    <tip_x sid="tip_x" type="float">0</tip_x>
                                    <tip_y sid="tip_y" type="float">0.02999997</tip_y>
                                    <tip_z sid="tip_z" type="float">0</tip_z>
                                  </technique>
                                </extra>
                              </node>
                              <node id="GanondorfRig_mFaceLipUpperCenter" name="mFaceLipUpperCenter" sid="mFaceLipUpperCenter" type="JOINT">
                                <matrix sid="transform">1 0 0 0.045 0 1 0 0 0 0 1 -0.002999902 0 0 0 1</matrix>
                                <extra>
                                  <technique profile="blender">
                                    <layer sid="layer" type="string">0</layer>
                                    <tip_x sid="tip_x" type="float">0</tip_x>
                                    <tip_y sid="tip_y" type="float">0.02999997</tip_y>
                                    <tip_z sid="tip_z" type="float">0</tip_z>
                                  </technique>
                                </extra>
                              </node>
                              <extra>
                                <technique profile="blender">
                                  <layer sid="layer" type="string">0</layer>
                                  <tip_x sid="tip_x" type="float">0</tip_x>
                                  <tip_y sid="tip_y" type="float">0.02999997</tip_y>
                                  <tip_z sid="tip_z" type="float">0</tip_z>
                                </technique>
                              </extra>
                            </node>
                            <node id="GanondorfRig_mFaceEyecornerInnerLeft" name="mFaceEyecornerInnerLeft" sid="mFaceEyecornerInnerLeft" type="JOINT">
                              <matrix sid="transform">1 0 0 0.075 0 1 0 0.017 0 0 1 0.03199995 0 0 0 1</matrix>
                              <extra>
                                <technique profile="blender">
                                  <layer sid="layer" type="string">0</layer>
                                  <tip_x sid="tip_x" type="float">0</tip_x>
                                  <tip_y sid="tip_y" type="float">0.02999997</tip_y>
                                  <tip_z sid="tip_z" type="float">0</tip_z>
                                </technique>
                              </extra>
                            </node>
                            <node id="GanondorfRig_mFaceEyecornerInnerRight" name="mFaceEyecornerInnerRight" sid="mFaceEyecornerInnerRight" type="JOINT">
                              <matrix sid="transform">1 0 0 0.075 0 1 0 -0.017 0 0 1 0.03199995 0 0 0 1</matrix>
                              <extra>
                                <technique profile="blender">
                                  <layer sid="layer" type="string">0</layer>
                                  <tip_x sid="tip_x" type="float">0</tip_x>
                                  <tip_y sid="tip_y" type="float">0.02999997</tip_y>
                                  <tip_z sid="tip_z" type="float">0</tip_z>
                                </technique>
                              </extra>
                            </node>
                            <node id="GanondorfRig_mFaceNoseBridge" name="mFaceNoseBridge" sid="mFaceNoseBridge" type="JOINT">
                              <matrix sid="transform">1 0 0 0.091 0 1 0 0 0 0 1 0.01999998 0 0 0 1</matrix>
                              <extra>
                                <technique profile="blender">
                                  <layer sid="layer" type="string">0</layer>
                                  <tip_x sid="tip_x" type="float">0</tip_x>
                                  <tip_y sid="tip_y" type="float">0.02999997</tip_y>
                                  <tip_z sid="tip_z" type="float">0</tip_z>
                                </technique>
                              </extra>
                            </node>
                            <extra>
                              <technique profile="blender">
                                <layer sid="layer" type="string">0</layer>
                                <tip_x sid="tip_x" type="float">0</tip_x>
                                <tip_y sid="tip_y" type="float">0.02999997</tip_y>
                                <tip_z sid="tip_z" type="float">0</tip_z>
                              </technique>
                            </extra>
                          </node>
                          <extra>
                            <technique profile="blender">
                              <layer sid="layer" type="string">0</layer>
                              <tip_x sid="tip_x" type="float">0</tip_x>
                              <tip_y sid="tip_y" type="float">0.02999997</tip_y>
                              <tip_z sid="tip_z" type="float">0</tip_z>
                            </technique>
                          </extra>
                        </node>
                        <extra>
                          <technique profile="blender">
                            <layer sid="layer" type="string">0</layer>
                            <tip_x sid="tip_x" type="float">0</tip_x>
                            <tip_y sid="tip_y" type="float">0.02999997</tip_y>
                            <tip_z sid="tip_z" type="float">0</tip_z>
                          </technique>
                        </extra>
                      </node>
                      <node id="GanondorfRig_mCollarLeft" name="mCollarLeft" sid="mCollarLeft" type="JOINT">
                        <matrix sid="transform">1 0 0 -0.021 0 1 0 0.085 0 0 1 0.1650001 0 0 0 1</matrix>
                        <node id="GanondorfRig_L_CLAVICLE" name="L_CLAVICLE" sid="L_CLAVICLE" type="JOINT">
                          <matrix sid="transform">1 0 0 0.02 0 1 0 0 0 0 1 0.01999998 0 0 0 1</matrix>
                          <extra>
                            <technique profile="blender">
                              <layer sid="layer" type="string">0</layer>
                              <tip_x sid="tip_x" type="float">0</tip_x>
                              <tip_y sid="tip_y" type="float">0.02999997</tip_y>
                              <tip_z sid="tip_z" type="float">0</tip_z>
                            </technique>
                          </extra>
                        </node>
                        <node id="GanondorfRig_mShoulderLeft" name="mShoulderLeft" sid="mShoulderLeft" type="JOINT">
                          <matrix sid="transform">1 0 0 0 0 1 0 0.079 0 0 1 0 0 0 0 1</matrix>
                          <node id="GanondorfRig_L_UPPER_ARM" name="L_UPPER_ARM" sid="L_UPPER_ARM" type="JOINT">
                            <matrix sid="transform">1 0 0 0 0 1 0 0.12 0 0 1 0.00999999 0 0 0 1</matrix>
                            <extra>
                              <technique profile="blender">
                                <layer sid="layer" type="string">0</layer>
                                <tip_x sid="tip_x" type="float">0</tip_x>
                                <tip_y sid="tip_y" type="float">0.02988582</tip_y>
                                <tip_z sid="tip_z" type="float">-0.002614617</tip_z>
                              </technique>
                            </extra>
                          </node>
                          <node id="GanondorfRig_mElbowLeft" name="mElbowLeft" sid="mElbowLeft" type="JOINT">
                            <matrix sid="transform">1 0 0 0 0 1 0 0.248 0 0 1 0 0 0 0 1</matrix>
                            <node id="GanondorfRig_L_LOWER_ARM" name="L_LOWER_ARM" sid="L_LOWER_ARM" type="JOINT">
                              <matrix sid="transform">1 0 0 0 0 0.9999999 0 0.1 0 0 0.9999999 0 0 0 0 1</matrix>
                              <extra>
                                <technique profile="blender">
                                  <layer sid="layer" type="string">0</layer>
                                  <tip_x sid="tip_x" type="float">0</tip_x>
                                  <tip_y sid="tip_y" type="float">0.0299589</tip_y>
                                  <tip_z sid="tip_z" type="float">-0.001570105</tip_z>
                                </technique>
                              </extra>
                            </node>
                            <node id="GanondorfRig_mWristLeft" name="mWristLeft" sid="mWristLeft" type="JOINT">
                              <matrix sid="transform">1 0 0 0 0 1 0 0.205 0 0 1 0 0 0 0 1</matrix>
                              <node id="GanondorfRig_L_HAND" name="L_HAND" sid="L_HAND" type="JOINT">
                                <matrix sid="transform">0.9999999 -7.567e-10 9.31323e-10 0.009999998 1.41154e-8 0.9999999 3.72529e-9 0.05000001 -9.31323e-10 3.72529e-9 1 0 0 0 0 1</matrix>
                                <extra>
                                  <technique profile="blender">
                                    <layer sid="layer" type="string">0</layer>
                                    <roll sid="roll" type="float">0.004581928</roll>
                                    <tip_x sid="tip_x" type="float">0.005202293</tip_x>
                                    <tip_y sid="tip_y" type="float">0.02950376</tip_y>
                                    <tip_z sid="tip_z" type="float">-0.001570105</tip_z>
                                  </technique>
                                </extra>
                              </node>
                              <node id="GanondorfRig_mHandMiddle1Left" name="mHandMiddle1Left" sid="mHandMiddle1Left" type="JOINT">
                                <matrix sid="transform">1 0 0 0.013 0 1 0 0.101 0 0 1 0.01499999 0 0 0 1</matrix>
                                <node id="GanondorfRig_mHandMiddle2Left" name="mHandMiddle2Left" sid="mHandMiddle2Left" type="JOINT">
                                  <matrix sid="transform">1 0 0 -0.001 0 1 0 0.04000002 0 0 1 -0.006000042 0 0 0 1</matrix>
                                  <node id="GanondorfRig_mHandMiddle3Left" name="mHandMiddle3Left" sid="mHandMiddle3Left" type="JOINT">
                                    <matrix sid="transform">1 0 0 -0.001 0 1 0 0.04899997 0 0 1 -0.008000016 0 0 0 1</matrix>
                                    <extra>
                                      <technique profile="blender">
                                        <layer sid="layer" type="string">0</layer>
                                        <tip_x sid="tip_x" type="float">0</tip_x>
                                        <tip_y sid="tip_y" type="float">0.02999997</tip_y>
                                        <tip_z sid="tip_z" type="float">0</tip_z>
                                      </technique>
                                    </extra>
                                  </node>
                                  <extra>
                                    <technique profile="blender">
                                      <layer sid="layer" type="string">0</layer>
                                      <tip_x sid="tip_x" type="float">0</tip_x>
                                      <tip_y sid="tip_y" type="float">0.02999997</tip_y>
                                      <tip_z sid="tip_z" type="float">0</tip_z>
                                    </technique>
                                  </extra>
                                </node>
                                <extra>
                                  <technique profile="blender">
                                    <layer sid="layer" type="string">0</layer>
                                    <tip_x sid="tip_x" type="float">0</tip_x>
                                    <tip_y sid="tip_y" type="float">0.02999997</tip_y>
                                    <tip_z sid="tip_z" type="float">0</tip_z>
                                  </technique>
                                </extra>
                              </node>
                              <node id="GanondorfRig_mHandIndex1Left" name="mHandIndex1Left" sid="mHandIndex1Left" type="JOINT">
                                <matrix sid="transform">1 0 0 0.038 0 1 0 0.097 0 0 1 0.01499999 0 0 0 1</matrix>
                                <node id="GanondorfRig_mHandIndex2Left" name="mHandIndex2Left" sid="mHandIndex2Left" type="JOINT">
                                  <matrix sid="transform">1 0 0 0.017 0 1 0 0.03600001 0 0 1 -0.006000042 0 0 0 1</matrix>
                                  <node id="GanondorfRig_mHandIndex3Left" name="mHandIndex3Left" sid="mHandIndex3Left" type="JOINT">
                                    <matrix sid="transform">1 0 0 0.014 0 1 0 0.03200001 0 0 1 -0.005999923 0 0 0 1</matrix>
                                    <extra>
                                      <technique profile="blender">
                                        <layer sid="layer" type="string">0</layer>
                                        <tip_x sid="tip_x" type="float">0</tip_x>
                                        <tip_y sid="tip_y" type="float">0.02999997</tip_y>
                                        <tip_z sid="tip_z" type="float">0</tip_z>
                                      </technique>
                                    </extra>
                                  </node>
                                  <extra>
                                    <technique profile="blender">
                                      <layer sid="layer" type="string">0</layer>
                                      <tip_x sid="tip_x" type="float">0</tip_x>
                                      <tip_y sid="tip_y" type="float">0.02999997</tip_y>
                                      <tip_z sid="tip_z" type="float">0</tip_z>
                                    </technique>
                                  </extra>
                                </node>
                                <extra>
                                  <technique profile="blender">
                                    <layer sid="layer" type="string">0</layer>
                                    <tip_x sid="tip_x" type="float">0</tip_x>
                                    <tip_y sid="tip_y" type="float">0.02999997</tip_y>
                                    <tip_z sid="tip_z" type="float">0</tip_z>
                                  </technique>
                                </extra>
                              </node>
                              <node id="GanondorfRig_mHandRing1Left" name="mHandRing1Left" sid="mHandRing1Left" type="JOINT">
                                <matrix sid="transform">1 0 0 -0.01 0 1 0 0.09900004 0 0 1 0.008999944 0 0 0 1</matrix>
                                <node id="GanondorfRig_mHandRing2Left" name="mHandRing2Left" sid="mHandRing2Left" type="JOINT">
                                  <matrix sid="transform">1 0 0 -0.013 0 1 0 0.03799999 0 0 1 -0.008000016 0 0 0 1</matrix>
                                  <node id="GanondorfRig_mHandRing3Left" name="mHandRing3Left" sid="mHandRing3Left" type="JOINT">
                                    <matrix sid="transform">1 0 0 -0.013 0 1 0 0.04000002 0 0 1 -0.008999944 0 0 0 1</matrix>
                                    <extra>
                                      <technique profile="blender">
                                        <layer sid="layer" type="string">0</layer>
                                        <tip_x sid="tip_x" type="float">0</tip_x>
                                        <tip_y sid="tip_y" type="float">0.02999997</tip_y>
                                        <tip_z sid="tip_z" type="float">0</tip_z>
                                      </technique>
                                    </extra>
                                  </node>
                                  <extra>
                                    <technique profile="blender">
                                      <layer sid="layer" type="string">0</layer>
                                      <tip_x sid="tip_x" type="float">0</tip_x>
                                      <tip_y sid="tip_y" type="float">0.02999997</tip_y>
                                      <tip_z sid="tip_z" type="float">0</tip_z>
                                    </technique>
                                  </extra>
                                </node>
                                <extra>
                                  <technique profile="blender">
                                    <layer sid="layer" type="string">0</layer>
                                    <tip_x sid="tip_x" type="float">0</tip_x>
                                    <tip_y sid="tip_y" type="float">0.02999997</tip_y>
                                    <tip_z sid="tip_z" type="float">0</tip_z>
                                  </technique>
                                </extra>
                              </node>
                              <node id="GanondorfRig_mHandPinky1Left" name="mHandPinky1Left" sid="mHandPinky1Left" type="JOINT">
                                <matrix sid="transform">1 0 0 -0.031 0 1 0 0.09500003 0 0 1 0.003000021 0 0 0 1</matrix>
                                <node id="GanondorfRig_mHandPinky2Left" name="mHandPinky2Left" sid="mHandPinky2Left" type="JOINT">
                                  <matrix sid="transform">1 0 0 -0.024 0 1 0 0.02499998 0 0 1 -0.006000042 0 0 0 1</matrix>
                                  <node id="GanondorfRig_mHandPinky3Left" name="mHandPinky3Left" sid="mHandPinky3Left" type="JOINT">
                                    <matrix sid="transform">1 0 0 -0.015 0 1 0 0.01800001 0 0 1 -0.003999949 0 0 0 1</matrix>
                                    <extra>
                                      <technique profile="blender">
                                        <layer sid="layer" type="string">0</layer>
                                        <tip_x sid="tip_x" type="float">0</tip_x>
                                        <tip_y sid="tip_y" type="float">0.02999997</tip_y>
                                        <tip_z sid="tip_z" type="float">0</tip_z>
                                      </technique>
                                    </extra>
                                  </node>
                                  <extra>
                                    <technique profile="blender">
                                      <layer sid="layer" type="string">0</layer>
                                      <tip_x sid="tip_x" type="float">0</tip_x>
                                      <tip_y sid="tip_y" type="float">0.02999997</tip_y>
                                      <tip_z sid="tip_z" type="float">0</tip_z>
                                    </technique>
                                  </extra>
                                </node>
                                <extra>
                                  <technique profile="blender">
                                    <layer sid="layer" type="string">0</layer>
                                    <tip_x sid="tip_x" type="float">0</tip_x>
                                    <tip_y sid="tip_y" type="float">0.02999997</tip_y>
                                    <tip_z sid="tip_z" type="float">0</tip_z>
                                  </technique>
                                </extra>
                              </node>
                              <node id="GanondorfRig_mHandThumb1Left" name="mHandThumb1Left" sid="mHandThumb1Left" type="JOINT">
                                <matrix sid="transform">1 0 0 0.031 0 1 0 0.02600002 0 0 1 0.003999949 0 0 0 1</matrix>
                                <node id="GanondorfRig_mHandThumb2Left" name="mHandThumb2Left" sid="mHandThumb2Left" type="JOINT">
                                  <matrix sid="transform">1 0 0 0.028 0 1 0 0.03200001 0 0 1 -9.99928e-4 0 0 0 1</matrix>
                                  <node id="GanondorfRig_mHandThumb3Left" name="mHandThumb3Left" sid="mHandThumb3Left" type="JOINT">
                                    <matrix sid="transform">1 0 0 0.023 0 1 0 0.03099996 0 0 1 -0.001000047 0 0 0 1</matrix>
                                    <extra>
                                      <technique profile="blender">
                                        <layer sid="layer" type="string">0</layer>
                                        <tip_x sid="tip_x" type="float">0</tip_x>
                                        <tip_y sid="tip_y" type="float">0.02999997</tip_y>
                                        <tip_z sid="tip_z" type="float">0</tip_z>
                                      </technique>
                                    </extra>
                                  </node>
                                  <extra>
                                    <technique profile="blender">
                                      <layer sid="layer" type="string">0</layer>
                                      <tip_x sid="tip_x" type="float">0</tip_x>
                                      <tip_y sid="tip_y" type="float">0.02999997</tip_y>
                                      <tip_z sid="tip_z" type="float">0</tip_z>
                                    </technique>
                                  </extra>
                                </node>
                                <extra>
                                  <technique profile="blender">
                                    <layer sid="layer" type="string">0</layer>
                                    <tip_x sid="tip_x" type="float">0</tip_x>
                                    <tip_y sid="tip_y" type="float">0.02999997</tip_y>
                                    <tip_z sid="tip_z" type="float">0</tip_z>
                                  </technique>
                                </extra>
                              </node>
                              <extra>
                                <technique profile="blender">
                                  <layer sid="layer" type="string">0</layer>
                                  <tip_x sid="tip_x" type="float">0</tip_x>
                                  <tip_y sid="tip_y" type="float">0.02999997</tip_y>
                                  <tip_z sid="tip_z" type="float">0</tip_z>
                                </technique>
                              </extra>
                            </node>
                            <extra>
                              <technique profile="blender">
                                <layer sid="layer" type="string">0</layer>
                                <tip_x sid="tip_x" type="float">0</tip_x>
                                <tip_y sid="tip_y" type="float">0.02999997</tip_y>
                                <tip_z sid="tip_z" type="float">0</tip_z>
                              </technique>
                            </extra>
                          </node>
                          <extra>
                            <technique profile="blender">
                              <layer sid="layer" type="string">0</layer>
                              <tip_x sid="tip_x" type="float">0</tip_x>
                              <tip_y sid="tip_y" type="float">0.02999997</tip_y>
                              <tip_z sid="tip_z" type="float">0</tip_z>
                            </technique>
                          </extra>
                        </node>
                        <extra>
                          <technique profile="blender">
                            <layer sid="layer" type="string">0</layer>
                            <tip_x sid="tip_x" type="float">0</tip_x>
                            <tip_y sid="tip_y" type="float">0.02999997</tip_y>
                            <tip_z sid="tip_z" type="float">0</tip_z>
                          </technique>
                        </extra>
                      </node>
                      <node id="GanondorfRig_mCollarRight" name="mCollarRight" sid="mCollarRight" type="JOINT">
                        <matrix sid="transform">1 0 0 -0.021 0 1 0 -0.085 0 0 1 0.1650001 0 0 0 1</matrix>
                        <node id="GanondorfRig_R_CLAVICLE" name="R_CLAVICLE" sid="R_CLAVICLE" type="JOINT">
                          <matrix sid="transform">1 0 0 0.02 0 1 0 0 0 0 1 0.01999998 0 0 0 1</matrix>
                          <extra>
                            <technique profile="blender">
                              <layer sid="layer" type="string">0</layer>
                              <tip_x sid="tip_x" type="float">0</tip_x>
                              <tip_y sid="tip_y" type="float">0.02999997</tip_y>
                              <tip_z sid="tip_z" type="float">0</tip_z>
                            </technique>
                          </extra>
                        </node>
                        <node id="GanondorfRig_mShoulderRight" name="mShoulderRight" sid="mShoulderRight" type="JOINT">
                          <matrix sid="transform">1 0 0 0 0 1 0 -0.079 0 0 1 0 0 0 0 1</matrix>
                          <node id="GanondorfRig_R_UPPER_ARM" name="R_UPPER_ARM" sid="R_UPPER_ARM" type="JOINT">
                            <matrix sid="transform">1 0 0 0 0 1 0 -0.12 0 0 1 0.00999999 0 0 0 1</matrix>
                            <extra>
                              <technique profile="blender">
                                <layer sid="layer" type="string">0</layer>
                                <tip_x sid="tip_x" type="float">0</tip_x>
                                <tip_y sid="tip_y" type="float">0.02988582</tip_y>
                                <tip_z sid="tip_z" type="float">0.002614617</tip_z>
                              </technique>
                            </extra>
                          </node>
                          <node id="GanondorfRig_mElbowRight" name="mElbowRight" sid="mElbowRight" type="JOINT">
                            <matrix sid="transform">1 0 0 0 0 1 0 -0.248 0 0 1 0 0 0 0 1</matrix>
                            <node id="GanondorfRig_R_LOWER_ARM" name="R_LOWER_ARM" sid="R_LOWER_ARM" type="JOINT">
                              <matrix sid="transform">1 0 0 0 0 1 0 -0.1 0 0 1 0 0 0 0 1</matrix>
                              <extra>
                                <technique profile="blender">
                                  <layer sid="layer" type="string">0</layer>
                                  <tip_x sid="tip_x" type="float">0</tip_x>
                                  <tip_y sid="tip_y" type="float">0.02995884</tip_y>
                                  <tip_z sid="tip_z" type="float">0.001570105</tip_z>
                                </technique>
                              </extra>
                            </node>
                            <node id="GanondorfRig_mWristRight" name="mWristRight" sid="mWristRight" type="JOINT">
                              <matrix sid="transform">1 0 0 0 0 1 0 -0.205 0 0 1 0 0 0 0 1</matrix>
                              <node id="GanondorfRig_R_HAND" name="R_HAND" sid="R_HAND" type="JOINT">
                                <matrix sid="transform">0.9999999 7.567e-10 9.31323e-10 0.009999998 -1.41154e-8 0.9999999 -3.72529e-9 -0.05000001 -9.31323e-10 -3.72529e-9 1 0 0 0 0 1</matrix>
                                <extra>
                                  <technique profile="blender">
                                    <layer sid="layer" type="string">0</layer>
                                    <roll sid="roll" type="float">0.004581928</roll>
                                    <tip_x sid="tip_x" type="float">-0.005202293</tip_x>
                                    <tip_y sid="tip_y" type="float">0.02950376</tip_y>
                                    <tip_z sid="tip_z" type="float">0.001570105</tip_z>
                                  </technique>
                                </extra>
                              </node>
                              <node id="GanondorfRig_mHandMiddle1Right" name="mHandMiddle1Right" sid="mHandMiddle1Right" type="JOINT">
                                <matrix sid="transform">1 0 0 0.013 0 1 0 -0.101 0 0 1 0.01499999 0 0 0 1</matrix>
                                <node id="GanondorfRig_mHandMiddle2Right" name="mHandMiddle2Right" sid="mHandMiddle2Right" type="JOINT">
                                  <matrix sid="transform">1 0 0 -0.001 0 1 0 -0.04000002 0 0 1 -0.006000042 0 0 0 1</matrix>
                                  <node id="GanondorfRig_mHandMiddle3Right" name="mHandMiddle3Right" sid="mHandMiddle3Right" type="JOINT">
                                    <matrix sid="transform">1 0 0 -0.001 0 1 0 -0.04899997 0 0 1 -0.008000016 0 0 0 1</matrix>
                                    <extra>
                                      <technique profile="blender">
                                        <layer sid="layer" type="string">0</layer>
                                        <tip_x sid="tip_x" type="float">0</tip_x>
                                        <tip_y sid="tip_y" type="float">0.02999997</tip_y>
                                        <tip_z sid="tip_z" type="float">0</tip_z>
                                      </technique>
                                    </extra>
                                  </node>
                                  <extra>
                                    <technique profile="blender">
                                      <layer sid="layer" type="string">0</layer>
                                      <tip_x sid="tip_x" type="float">0</tip_x>
                                      <tip_y sid="tip_y" type="float">0.02999997</tip_y>
                                      <tip_z sid="tip_z" type="float">0</tip_z>
                                    </technique>
                                  </extra>
                                </node>
                                <extra>
                                  <technique profile="blender">
                                    <layer sid="layer" type="string">0</layer>
                                    <tip_x sid="tip_x" type="float">0</tip_x>
                                    <tip_y sid="tip_y" type="float">0.02999997</tip_y>
                                    <tip_z sid="tip_z" type="float">0</tip_z>
                                  </technique>
                                </extra>
                              </node>
                              <node id="GanondorfRig_mHandIndex1Right" name="mHandIndex1Right" sid="mHandIndex1Right" type="JOINT">
                                <matrix sid="transform">1 0 0 0.038 0 1 0 -0.097 0 0 1 0.01499999 0 0 0 1</matrix>
                                <node id="GanondorfRig_mHandIndex2Right" name="mHandIndex2Right" sid="mHandIndex2Right" type="JOINT">
                                  <matrix sid="transform">1 0 0 0.017 0 1 0 -0.03600001 0 0 1 -0.006000042 0 0 0 1</matrix>
                                  <node id="GanondorfRig_mHandIndex3Right" name="mHandIndex3Right" sid="mHandIndex3Right" type="JOINT">
                                    <matrix sid="transform">1 0 0 0.014 0 1 0 -0.03200001 0 0 1 -0.005999923 0 0 0 1</matrix>
                                    <extra>
                                      <technique profile="blender">
                                        <layer sid="layer" type="string">0</layer>
                                        <tip_x sid="tip_x" type="float">0</tip_x>
                                        <tip_y sid="tip_y" type="float">0.02999997</tip_y>
                                        <tip_z sid="tip_z" type="float">0</tip_z>
                                      </technique>
                                    </extra>
                                  </node>
                                  <extra>
                                    <technique profile="blender">
                                      <layer sid="layer" type="string">0</layer>
                                      <tip_x sid="tip_x" type="float">0</tip_x>
                                      <tip_y sid="tip_y" type="float">0.02999997</tip_y>
                                      <tip_z sid="tip_z" type="float">0</tip_z>
                                    </technique>
                                  </extra>
                                </node>
                                <extra>
                                  <technique profile="blender">
                                    <layer sid="layer" type="string">0</layer>
                                    <tip_x sid="tip_x" type="float">0</tip_x>
                                    <tip_y sid="tip_y" type="float">0.02999997</tip_y>
                                    <tip_z sid="tip_z" type="float">0</tip_z>
                                  </technique>
                                </extra>
                              </node>
                              <node id="GanondorfRig_mHandRing1Right" name="mHandRing1Right" sid="mHandRing1Right" type="JOINT">
                                <matrix sid="transform">1 0 0 -0.01 0 1 0 -0.09900004 0 0 1 0.008999944 0 0 0 1</matrix>
                                <node id="GanondorfRig_mHandRing2Right" name="mHandRing2Right" sid="mHandRing2Right" type="JOINT">
                                  <matrix sid="transform">1 0 0 -0.013 0 1 0 -0.03799999 0 0 1 -0.008000016 0 0 0 1</matrix>
                                  <node id="GanondorfRig_mHandRing3Right" name="mHandRing3Right" sid="mHandRing3Right" type="JOINT">
                                    <matrix sid="transform">1 0 0 -0.013 0 1 0 -0.04000002 0 0 1 -0.008999944 0 0 0 1</matrix>
                                    <extra>
                                      <technique profile="blender">
                                        <layer sid="layer" type="string">0</layer>
                                        <tip_x sid="tip_x" type="float">0</tip_x>
                                        <tip_y sid="tip_y" type="float">0.02999997</tip_y>
                                        <tip_z sid="tip_z" type="float">0</tip_z>
                                      </technique>
                                    </extra>
                                  </node>
                                  <extra>
                                    <technique profile="blender">
                                      <layer sid="layer" type="string">0</layer>
                                      <tip_x sid="tip_x" type="float">0</tip_x>
                                      <tip_y sid="tip_y" type="float">0.02999997</tip_y>
                                      <tip_z sid="tip_z" type="float">0</tip_z>
                                    </technique>
                                  </extra>
                                </node>
                                <extra>
                                  <technique profile="blender">
                                    <layer sid="layer" type="string">0</layer>
                                    <tip_x sid="tip_x" type="float">0</tip_x>
                                    <tip_y sid="tip_y" type="float">0.02999997</tip_y>
                                    <tip_z sid="tip_z" type="float">0</tip_z>
                                  </technique>
                                </extra>
                              </node>
                              <node id="GanondorfRig_mHandPinky1Right" name="mHandPinky1Right" sid="mHandPinky1Right" type="JOINT">
                                <matrix sid="transform">1 0 0 -0.031 0 1 0 -0.09500003 0 0 1 0.003000021 0 0 0 1</matrix>
                                <node id="GanondorfRig_mHandPinky2Right" name="mHandPinky2Right" sid="mHandPinky2Right" type="JOINT">
                                  <matrix sid="transform">1 0 0 -0.024 0 1 0 -0.02499998 0 0 1 -0.006000042 0 0 0 1</matrix>
                                  <node id="GanondorfRig_mHandPinky3Right" name="mHandPinky3Right" sid="mHandPinky3Right" type="JOINT">
                                    <matrix sid="transform">1 0 0 -0.015 0 1 0 -0.01800001 0 0 1 -0.003999949 0 0 0 1</matrix>
                                    <extra>
                                      <technique profile="blender">
                                        <layer sid="layer" type="string">0</layer>
                                        <tip_x sid="tip_x" type="float">0</tip_x>
                                        <tip_y sid="tip_y" type="float">0.02999997</tip_y>
                                        <tip_z sid="tip_z" type="float">0</tip_z>
                                      </technique>
                                    </extra>
                                  </node>
                                  <extra>
                                    <technique profile="blender">
                                      <layer sid="layer" type="string">0</layer>
                                      <tip_x sid="tip_x" type="float">0</tip_x>
                                      <tip_y sid="tip_y" type="float">0.02999997</tip_y>
                                      <tip_z sid="tip_z" type="float">0</tip_z>
                                    </technique>
                                  </extra>
                                </node>
                                <extra>
                                  <technique profile="blender">
                                    <layer sid="layer" type="string">0</layer>
                                    <tip_x sid="tip_x" type="float">0</tip_x>
                                    <tip_y sid="tip_y" type="float">0.02999997</tip_y>
                                    <tip_z sid="tip_z" type="float">0</tip_z>
                                  </technique>
                                </extra>
                              </node>
                              <node id="GanondorfRig_mHandThumb1Right" name="mHandThumb1Right" sid="mHandThumb1Right" type="JOINT">
                                <matrix sid="transform">1 0 0 0.031 0 1 0 -0.02600002 0 0 1 0.003999949 0 0 0 1</matrix>
                                <node id="GanondorfRig_mHandThumb2Right" name="mHandThumb2Right" sid="mHandThumb2Right" type="JOINT">
                                  <matrix sid="transform">1 0 0 0.028 0 1 0 -0.03200001 0 0 1 -9.99928e-4 0 0 0 1</matrix>
                                  <node id="GanondorfRig_mHandThumb3Right" name="mHandThumb3Right" sid="mHandThumb3Right" type="JOINT">
                                    <matrix sid="transform">1 0 0 0.023 0 1 0 -0.03099996 0 0 1 -0.001000047 0 0 0 1</matrix>
                                    <extra>
                                      <technique profile="blender">
                                        <layer sid="layer" type="string">0</layer>
                                        <tip_x sid="tip_x" type="float">0</tip_x>
                                        <tip_y sid="tip_y" type="float">0.02999997</tip_y>
                                        <tip_z sid="tip_z" type="float">0</tip_z>
                                      </technique>
                                    </extra>
                                  </node>
                                  <extra>
                                    <technique profile="blender">
                                      <layer sid="layer" type="string">0</layer>
                                      <tip_x sid="tip_x" type="float">0</tip_x>
                                      <tip_y sid="tip_y" type="float">0.02999997</tip_y>
                                      <tip_z sid="tip_z" type="float">0</tip_z>
                                    </technique>
                                  </extra>
                                </node>
                                <extra>
                                  <technique profile="blender">
                                    <layer sid="layer" type="string">0</layer>
                                    <tip_x sid="tip_x" type="float">0</tip_x>
                                    <tip_y sid="tip_y" type="float">0.02999997</tip_y>
                                    <tip_z sid="tip_z" type="float">0</tip_z>
                                  </technique>
                                </extra>
                              </node>
                              <extra>
                                <technique profile="blender">
                                  <layer sid="layer" type="string">0</layer>
                                  <tip_x sid="tip_x" type="float">0</tip_x>
                                  <tip_y sid="tip_y" type="float">0.02999997</tip_y>
                                  <tip_z sid="tip_z" type="float">0</tip_z>
                                </technique>
                              </extra>
                            </node>
                            <extra>
                              <technique profile="blender">
                                <layer sid="layer" type="string">0</layer>
                                <tip_x sid="tip_x" type="float">0</tip_x>
                                <tip_y sid="tip_y" type="float">0.02999997</tip_y>
                                <tip_z sid="tip_z" type="float">0</tip_z>
                              </technique>
                            </extra>
                          </node>
                          <extra>
                            <technique profile="blender">
                              <layer sid="layer" type="string">0</layer>
                              <tip_x sid="tip_x" type="float">0</tip_x>
                              <tip_y sid="tip_y" type="float">0.02999997</tip_y>
                              <tip_z sid="tip_z" type="float">0</tip_z>
                            </technique>
                          </extra>
                        </node>
                        <extra>
                          <technique profile="blender">
                            <layer sid="layer" type="string">0</layer>
                            <tip_x sid="tip_x" type="float">0</tip_x>
                            <tip_y sid="tip_y" type="float">0.02999997</tip_y>
                            <tip_z sid="tip_z" type="float">0</tip_z>
                          </technique>
                        </extra>
                      </node>
                      <node id="GanondorfRig_mWingsRoot" name="mWingsRoot" sid="mWingsRoot" type="JOINT">
                        <matrix sid="transform">1 0 0 -0.014 0 1 0 0 0 0 1 0 0 0 0 1</matrix>
                        <node id="GanondorfRig_mWing1Left" name="mWing1Left" sid="mWing1Left" type="JOINT">
                          <matrix sid="transform">1 0 0 -0.09900001 0 1 0 0.105 0 0 1 0.181 0 0 0 1</matrix>
                          <node id="GanondorfRig_mWing2Left" name="mWing2Left" sid="mWing2Left" type="JOINT">
                            <matrix sid="transform">1 0 0 -0.168 0 1 0 0.169 0 0 1 0.06700003 0 0 0 1</matrix>
                            <node id="GanondorfRig_mWing3Left" name="mWing3Left" sid="mWing3Left" type="JOINT">
                              <matrix sid="transform">1 0 0 -0.181 0 1 0 0.183 0 0 1 0 0 0 0 1</matrix>
                              <node id="GanondorfRig_mWing4Left" name="mWing4Left" sid="mWing4Left" type="JOINT">
                                <matrix sid="transform">1 0 0 -0.171 0 1 0 0.173 0 0 1 0 0 0 0 1</matrix>
                                <extra>
                                  <technique profile="blender">
                                    <layer sid="layer" type="string">0</layer>
                                    <tip_x sid="tip_x" type="float">0</tip_x>
                                    <tip_y sid="tip_y" type="float">0.02999997</tip_y>
                                    <tip_z sid="tip_z" type="float">0</tip_z>
                                  </technique>
                                </extra>
                              </node>
                              <node id="GanondorfRig_mWing4FanLeft" name="mWing4FanLeft" sid="mWing4FanLeft" type="JOINT">
                                <matrix sid="transform">1 0 0 -0.171 0 1 0 0.173 0 0 1 0 0 0 0 1</matrix>
                                <extra>
                                  <technique profile="blender">
                                    <layer sid="layer" type="string">0</layer>
                                    <tip_x sid="tip_x" type="float">0</tip_x>
                                    <tip_y sid="tip_y" type="float">0.02999997</tip_y>
                                    <tip_z sid="tip_z" type="float">0</tip_z>
                                  </technique>
                                </extra>
                              </node>
                              <extra>
                                <technique profile="blender">
                                  <layer sid="layer" type="string">0</layer>
                                  <tip_x sid="tip_x" type="float">0</tip_x>
                                  <tip_y sid="tip_y" type="float">0.02999997</tip_y>
                                  <tip_z sid="tip_z" type="float">0</tip_z>
                                </technique>
                              </extra>
                            </node>
                            <extra>
                              <technique profile="blender">
                                <layer sid="layer" type="string">0</layer>
                                <tip_x sid="tip_x" type="float">0</tip_x>
                                <tip_y sid="tip_y" type="float">0.02999997</tip_y>
                                <tip_z sid="tip_z" type="float">0</tip_z>
                              </technique>
                            </extra>
                          </node>
                          <extra>
                            <technique profile="blender">
                              <layer sid="layer" type="string">0</layer>
                              <tip_x sid="tip_x" type="float">0</tip_x>
                              <tip_y sid="tip_y" type="float">0.02999997</tip_y>
                              <tip_z sid="tip_z" type="float">0</tip_z>
                            </technique>
                          </extra>
                        </node>
                        <node id="GanondorfRig_mWing1Right" name="mWing1Right" sid="mWing1Right" type="JOINT">
                          <matrix sid="transform">1 0 0 -0.09900001 0 1 0 -0.105 0 0 1 0.181 0 0 0 1</matrix>
                          <node id="GanondorfRig_mWing2Right" name="mWing2Right" sid="mWing2Right" type="JOINT">
                            <matrix sid="transform">1 0 0 -0.168 0 1 0 -0.169 0 0 1 0.06700003 0 0 0 1</matrix>
                            <node id="GanondorfRig_mWing3Right" name="mWing3Right" sid="mWing3Right" type="JOINT">
                              <matrix sid="transform">1 0 0 -0.181 0 1 0 -0.183 0 0 1 0 0 0 0 1</matrix>
                              <node id="GanondorfRig_mWing4Right" name="mWing4Right" sid="mWing4Right" type="JOINT">
                                <matrix sid="transform">1 0 0 -0.171 0 1 0 -0.173 0 0 1 0 0 0 0 1</matrix>
                                <extra>
                                  <technique profile="blender">
                                    <layer sid="layer" type="string">0</layer>
                                    <tip_x sid="tip_x" type="float">0</tip_x>
                                    <tip_y sid="tip_y" type="float">0.02999997</tip_y>
                                    <tip_z sid="tip_z" type="float">0</tip_z>
                                  </technique>
                                </extra>
                              </node>
                              <node id="GanondorfRig_mWing4FanRight" name="mWing4FanRight" sid="mWing4FanRight" type="JOINT">
                                <matrix sid="transform">1 0 0 -0.171 0 1 0 -0.173 0 0 1 0 0 0 0 1</matrix>
                                <extra>
                                  <technique profile="blender">
                                    <layer sid="layer" type="string">0</layer>
                                    <tip_x sid="tip_x" type="float">0</tip_x>
                                    <tip_y sid="tip_y" type="float">0.02999997</tip_y>
                                    <tip_z sid="tip_z" type="float">0</tip_z>
                                  </technique>
                                </extra>
                              </node>
                              <extra>
                                <technique profile="blender">
                                  <layer sid="layer" type="string">0</layer>
                                  <tip_x sid="tip_x" type="float">0</tip_x>
                                  <tip_y sid="tip_y" type="float">0.02999997</tip_y>
                                  <tip_z sid="tip_z" type="float">0</tip_z>
                                </technique>
                              </extra>
                            </node>
                            <extra>
                              <technique profile="blender">
                                <layer sid="layer" type="string">0</layer>
                                <tip_x sid="tip_x" type="float">0</tip_x>
                                <tip_y sid="tip_y" type="float">0.02999997</tip_y>
                                <tip_z sid="tip_z" type="float">0</tip_z>
                              </technique>
                            </extra>
                          </node>
                          <extra>
                            <technique profile="blender">
                              <layer sid="layer" type="string">0</layer>
                              <tip_x sid="tip_x" type="float">0</tip_x>
                              <tip_y sid="tip_y" type="float">0.02999997</tip_y>
                              <tip_z sid="tip_z" type="float">0</tip_z>
                            </technique>
                          </extra>
                        </node>
                        <extra>
                          <technique profile="blender">
                            <layer sid="layer" type="string">0</layer>
                            <tip_x sid="tip_x" type="float">0</tip_x>
                            <tip_y sid="tip_y" type="float">0.02999997</tip_y>
                            <tip_z sid="tip_z" type="float">0</tip_z>
                          </technique>
                        </extra>
                      </node>
                      <extra>
                        <technique profile="blender">
                          <layer sid="layer" type="string">0</layer>
                          <tip_x sid="tip_x" type="float">0</tip_x>
                          <tip_y sid="tip_y" type="float">0.02999997</tip_y>
                          <tip_z sid="tip_z" type="float">0</tip_z>
                        </technique>
                      </extra>
                    </node>
                    <extra>
                      <technique profile="blender">
                        <layer sid="layer" type="string">0</layer>
                        <tip_x sid="tip_x" type="float">0</tip_x>
                        <tip_y sid="tip_y" type="float">0.02999997</tip_y>
                        <tip_z sid="tip_z" type="float">0</tip_z>
                      </technique>
                    </extra>
                  </node>
                  <extra>
                    <technique profile="blender">
                      <layer sid="layer" type="string">0</layer>
                      <tip_x sid="tip_x" type="float">0</tip_x>
                      <tip_y sid="tip_y" type="float">0.02999997</tip_y>
                      <tip_z sid="tip_z" type="float">0</tip_z>
                    </technique>
                  </extra>
                </node>
                <extra>
                  <technique profile="blender">
                    <layer sid="layer" type="string">0</layer>
                    <tip_x sid="tip_x" type="float">0</tip_x>
                    <tip_y sid="tip_y" type="float">0.02999997</tip_y>
                    <tip_z sid="tip_z" type="float">0</tip_z>
                  </technique>
                </extra>
              </node>
              <extra>
                <technique profile="blender">
                  <layer sid="layer" type="string">0</layer>
                  <tip_x sid="tip_x" type="float">0</tip_x>
                  <tip_y sid="tip_y" type="float">0.02999997</tip_y>
                  <tip_z sid="tip_z" type="float">0</tip_z>
                </technique>
              </extra>
            </node>
            <extra>
              <technique profile="blender">
                <layer sid="layer" type="string">0</layer>
                <tip_x sid="tip_x" type="float">0</tip_x>
                <tip_y sid="tip_y" type="float">0.02999997</tip_y>
                <tip_z sid="tip_z" type="float">0</tip_z>
              </technique>
            </extra>
          </node>
          <node id="GanondorfRig_mHipRight" name="mHipRight" sid="mHipRight" type="JOINT">
            <matrix sid="transform">1 0 0 0.034 0 1 0 -0.129 0 0 1 -0.04100001 0 0 0 1</matrix>
            <node id="GanondorfRig_R_UPPER_LEG" name="R_UPPER_LEG" sid="R_UPPER_LEG" type="JOINT">
              <matrix sid="transform">1 0 0 -0.02 0 1 0 0.04999999 0 0 1 -0.22 0 0 0 1</matrix>
              <extra>
                <technique profile="blender">
                  <layer sid="layer" type="string">0</layer>
                  <tip_x sid="tip_x" type="float">0</tip_x>
                  <tip_y sid="tip_y" type="float">0.02999997</tip_y>
                  <tip_z sid="tip_z" type="float">0</tip_z>
                </technique>
              </extra>
            </node>
            <node id="GanondorfRig_mKneeRight" name="mKneeRight" sid="mKneeRight" type="JOINT">
              <matrix sid="transform">1 0 0 -0.001000002 0 1 0 0.04899999 0 0 1 -0.491 0 0 0 1</matrix>
              <node id="GanondorfRig_R_LOWER_LEG" name="R_LOWER_LEG" sid="R_LOWER_LEG" type="JOINT">
                <matrix sid="transform">1 0 0 -0.02 0 1 0 0 0 0 1 -0.2 0 0 0 1</matrix>
                <extra>
                  <technique profile="blender">
                    <layer sid="layer" type="string">0</layer>
                    <tip_x sid="tip_x" type="float">0</tip_x>
                    <tip_y sid="tip_y" type="float">0.02999997</tip_y>
                    <tip_z sid="tip_z" type="float">0</tip_z>
                  </technique>
                </extra>
              </node>
              <node id="GanondorfRig_mAnkleRight" name="mAnkleRight" sid="mAnkleRight" type="JOINT">
                <matrix sid="transform">1 0 0 -0.029 0 1 0 0 0 0 1 -0.468 0 0 0 1</matrix>
                <node id="GanondorfRig_R_FOOT" name="R_FOOT" sid="R_FOOT" type="JOINT">
                  <matrix sid="transform">1 0 1.49012e-8 0.077 0 1 0 0 -1.49012e-8 0 1 -0.041 0 0 0 1</matrix>
                  <extra>
                    <technique profile="blender">
                      <layer sid="layer" type="string">0</layer>
                      <roll sid="roll" type="float">0.1745329</roll>
                      <tip_x sid="tip_x" type="float">0</tip_x>
                      <tip_y sid="tip_y" type="float">0.02999997</tip_y>
                      <tip_z sid="tip_z" type="float">0</tip_z>
                    </technique>
                  </extra>
                </node>
                <node id="GanondorfRig_mFootRight" name="mFootRight" sid="mFootRight" type="JOINT">
                  <matrix sid="transform">1 0 0 0.112 0 1 0 0 0 0 1 -0.061 0 0 0 1</matrix>
                  <node id="GanondorfRig_mToeRight" name="mToeRight" sid="mToeRight" type="JOINT">
                    <matrix sid="transform">1 0 0 0.109 0 1 0 0 0 0 1 0 0 0 0 1</matrix>
                    <extra>
                      <technique profile="blender">
                        <layer sid="layer" type="string">0</layer>
                        <tip_x sid="tip_x" type="float">0</tip_x>
                        <tip_y sid="tip_y" type="float">0.02999997</tip_y>
                        <tip_z sid="tip_z" type="float">0</tip_z>
                      </technique>
                    </extra>
                  </node>
                  <extra>
                    <technique profile="blender">
                      <layer sid="layer" type="string">0</layer>
                      <tip_x sid="tip_x" type="float">0</tip_x>
                      <tip_y sid="tip_y" type="float">0.02999997</tip_y>
                      <tip_z sid="tip_z" type="float">0</tip_z>
                    </technique>
                  </extra>
                </node>
                <extra>
                  <technique profile="blender">
                    <layer sid="layer" type="string">0</layer>
                    <tip_x sid="tip_x" type="float">0</tip_x>
                    <tip_y sid="tip_y" type="float">0.02999997</tip_y>
                    <tip_z sid="tip_z" type="float">0</tip_z>
                  </technique>
                </extra>
              </node>
              <extra>
                <technique profile="blender">
                  <layer sid="layer" type="string">0</layer>
                  <tip_x sid="tip_x" type="float">0</tip_x>
                  <tip_y sid="tip_y" type="float">0.02999997</tip_y>
                  <tip_z sid="tip_z" type="float">0</tip_z>
                </technique>
              </extra>
            </node>
            <extra>
              <technique profile="blender">
                <layer sid="layer" type="string">0</layer>
                <tip_x sid="tip_x" type="float">0</tip_x>
                <tip_y sid="tip_y" type="float">0.02999997</tip_y>
                <tip_z sid="tip_z" type="float">0</tip_z>
              </technique>
            </extra>
          </node>
          <node id="GanondorfRig_mHipLeft" name="mHipLeft" sid="mHipLeft" type="JOINT">
            <matrix sid="transform">1 0 0 0.034 0 1 0 0.127 0 0 1 -0.04100001 0 0 0 1</matrix>
            <node id="GanondorfRig_L_UPPER_LEG" name="L_UPPER_LEG" sid="L_UPPER_LEG" type="JOINT">
              <matrix sid="transform">1 0 0 -0.02 0 1 0 -0.05 0 0 1 -0.22 0 0 0 1</matrix>
              <extra>
                <technique profile="blender">
                  <layer sid="layer" type="string">0</layer>
                  <tip_x sid="tip_x" type="float">0</tip_x>
                  <tip_y sid="tip_y" type="float">0.02999997</tip_y>
                  <tip_z sid="tip_z" type="float">0</tip_z>
                </technique>
              </extra>
            </node>
            <node id="GanondorfRig_mKneeLeft" name="mKneeLeft" sid="mKneeLeft" type="JOINT">
              <matrix sid="transform">1 0 0 -0.001000002 0 1 0 -0.046 0 0 1 -0.491 0 0 0 1</matrix>
              <node id="GanondorfRig_L_LOWER_LEG" name="L_LOWER_LEG" sid="L_LOWER_LEG" type="JOINT">
                <matrix sid="transform">1 0 0 -0.02 0 1 0 0 0 0 1 -0.2 0 0 0 1</matrix>
                <extra>
                  <technique profile="blender">
                    <layer sid="layer" type="string">0</layer>
                    <tip_x sid="tip_x" type="float">0</tip_x>
                    <tip_y sid="tip_y" type="float">0.02999997</tip_y>
                    <tip_z sid="tip_z" type="float">0</tip_z>
                  </technique>
                </extra>
              </node>
              <node id="GanondorfRig_mAnkleLeft" name="mAnkleLeft" sid="mAnkleLeft" type="JOINT">
                <matrix sid="transform">1 0 0 -0.029 0 1 0 0.001000002 0 0 1 -0.468 0 0 0 1</matrix>
                <node id="GanondorfRig_L_FOOT" name="L_FOOT" sid="L_FOOT" type="JOINT">
                  <matrix sid="transform">1 0 1.49012e-8 0.077 0 1 0 0 -1.49012e-8 0 1 -0.041 0 0 0 1</matrix>
                  <extra>
                    <technique profile="blender">
                      <layer sid="layer" type="string">0</layer>
                      <roll sid="roll" type="float">0.1745329</roll>
                      <tip_x sid="tip_x" type="float">0</tip_x>
                      <tip_y sid="tip_y" type="float">0.02999997</tip_y>
                      <tip_z sid="tip_z" type="float">0</tip_z>
                    </technique>
                  </extra>
                </node>
                <node id="GanondorfRig_mFootLeft" name="mFootLeft" sid="mFootLeft" type="JOINT">
                  <matrix sid="transform">1 0 0 0.112 0 1 0 0 0 0 1 -0.061 0 0 0 1</matrix>
                  <node id="GanondorfRig_mToeLeft" name="mToeLeft" sid="mToeLeft" type="JOINT">
                    <matrix sid="transform">1 0 0 0.109 0 1 0 0 0 0 1 0 0 0 0 1</matrix>
                    <extra>
                      <technique profile="blender">
                        <layer sid="layer" type="string">0</layer>
                        <tip_x sid="tip_x" type="float">0</tip_x>
                        <tip_y sid="tip_y" type="float">0.02999997</tip_y>
                        <tip_z sid="tip_z" type="float">0</tip_z>
                      </technique>
                    </extra>
                  </node>
                  <extra>
                    <technique profile="blender">
                      <layer sid="layer" type="string">0</layer>
                      <tip_x sid="tip_x" type="float">0</tip_x>
                      <tip_y sid="tip_y" type="float">0.02999997</tip_y>
                      <tip_z sid="tip_z" type="float">0</tip_z>
                    </technique>
                  </extra>
                </node>
                <extra>
                  <technique profile="blender">
                    <layer sid="layer" type="string">0</layer>
                    <tip_x sid="tip_x" type="float">0</tip_x>
                    <tip_y sid="tip_y" type="float">0.02999997</tip_y>
                    <tip_z sid="tip_z" type="float">0</tip_z>
                  </technique>
                </extra>
              </node>
              <extra>
                <technique profile="blender">
                  <layer sid="layer" type="string">0</layer>
                  <tip_x sid="tip_x" type="float">0</tip_x>
                  <tip_y sid="tip_y" type="float">0.02999997</tip_y>
                  <tip_z sid="tip_z" type="float">0</tip_z>
                </technique>
              </extra>
            </node>
            <extra>
              <technique profile="blender">
                <layer sid="layer" type="string">0</layer>
                <tip_x sid="tip_x" type="float">0</tip_x>
                <tip_y sid="tip_y" type="float">0.02999997</tip_y>
                <tip_z sid="tip_z" type="float">0</tip_z>
              </technique>
            </extra>
          </node>
          <node id="GanondorfRig_mTail1" name="mTail1" sid="mTail1" type="JOINT">
            <matrix sid="transform">1 0 0 -0.116 0 1 0 0 0 0 1 0.04699993 0 0 0 1</matrix>
            <node id="GanondorfRig_mTail2" name="mTail2" sid="mTail2" type="JOINT">
              <matrix sid="transform">1 0 0 -0.197 0 1 0 0 0 0 1 0 0 0 0 1</matrix>
              <node id="GanondorfRig_mTail3" name="mTail3" sid="mTail3" type="JOINT">
                <matrix sid="transform">1 0 0 -0.168 0 1 0 0 0 0 1 0 0 0 0 1</matrix>
                <node id="GanondorfRig_mTail4" name="mTail4" sid="mTail4" type="JOINT">
                  <matrix sid="transform">1 0 0 -0.142 0 1 0 0 0 0 1 0 0 0 0 1</matrix>
                  <node id="GanondorfRig_mTail5" name="mTail5" sid="mTail5" type="JOINT">
                    <matrix sid="transform">1 0 0 -0.112 0 1 0 0 0 0 1 0 0 0 0 1</matrix>
                    <node id="GanondorfRig_mTail6" name="mTail6" sid="mTail6" type="JOINT">
                      <matrix sid="transform">1 0 0 -0.09399998 0 1 0 0 0 0 1 0 0 0 0 1</matrix>
                      <extra>
                        <technique profile="blender">
                          <layer sid="layer" type="string">0</layer>
                          <tip_x sid="tip_x" type="float">0</tip_x>
                          <tip_y sid="tip_y" type="float">0.02999997</tip_y>
                          <tip_z sid="tip_z" type="float">0</tip_z>
                        </technique>
                      </extra>
                    </node>
                    <extra>
                      <technique profile="blender">
                        <layer sid="layer" type="string">0</layer>
                        <tip_x sid="tip_x" type="float">0</tip_x>
                        <tip_y sid="tip_y" type="float">0.02999997</tip_y>
                        <tip_z sid="tip_z" type="float">0</tip_z>
                      </technique>
                    </extra>
                  </node>
                  <extra>
                    <technique profile="blender">
                      <layer sid="layer" type="string">0</layer>
                      <tip_x sid="tip_x" type="float">0</tip_x>
                      <tip_y sid="tip_y" type="float">0.02999997</tip_y>
                      <tip_z sid="tip_z" type="float">0</tip_z>
                    </technique>
                  </extra>
                </node>
                <extra>
                  <technique profile="blender">
                    <layer sid="layer" type="string">0</layer>
                    <tip_x sid="tip_x" type="float">0</tip_x>
                    <tip_y sid="tip_y" type="float">0.02999997</tip_y>
                    <tip_z sid="tip_z" type="float">0</tip_z>
                  </technique>
                </extra>
              </node>
              <extra>
                <technique profile="blender">
                  <layer sid="layer" type="string">0</layer>
                  <tip_x sid="tip_x" type="float">0</tip_x>
                  <tip_y sid="tip_y" type="float">0.02999997</tip_y>
                  <tip_z sid="tip_z" type="float">0</tip_z>
                </technique>
              </extra>
            </node>
            <extra>
              <technique profile="blender">
                <layer sid="layer" type="string">0</layer>
                <tip_x sid="tip_x" type="float">0</tip_x>
                <tip_y sid="tip_y" type="float">0.02999997</tip_y>
                <tip_z sid="tip_z" type="float">0</tip_z>
              </technique>
            </extra>
          </node>
          <node id="GanondorfRig_mGroin" name="mGroin" sid="mGroin" type="JOINT">
            <matrix sid="transform">1 0 0 0.064 0 1 0 0 0 0 1 -0.097 0 0 0 1</matrix>
            <extra>
              <technique profile="blender">
                <layer sid="layer" type="string">0</layer>
                <tip_x sid="tip_x" type="float">0</tip_x>
                <tip_y sid="tip_y" type="float">0.02999997</tip_y>
                <tip_z sid="tip_z" type="float">0</tip_z>
              </technique>
            </extra>
          </node>
          <node id="GanondorfRig_mHindLimbsRoot" name="mHindLimbsRoot" sid="mHindLimbsRoot" type="JOINT">
            <matrix sid="transform">1 0 0 -0.2 0 1 0 0 0 0 1 0.08399999 0 0 0 1</matrix>
            <node id="GanondorfRig_mHindLimb1Left" name="mHindLimb1Left" sid="mHindLimb1Left" type="JOINT">
              <matrix sid="transform">1 0 0 -0.204 0 1 0 0.129 0 0 1 -0.125 0 0 0 1</matrix>
              <node id="GanondorfRig_mHindLimb2Left" name="mHindLimb2Left" sid="mHindLimb2Left" type="JOINT">
                <matrix sid="transform">1 0 0 0.002000004 0 1 0 -0.046 0 0 1 -0.491 0 0 0 1</matrix>
                <node id="GanondorfRig_mHindLimb3Left" name="mHindLimb3Left" sid="mHindLimb3Left" type="JOINT">
                  <matrix sid="transform">1 0 0 -0.03 0 1 0 -0.002999999 0 0 1 -0.468 0 0 0 1</matrix>
                  <node id="GanondorfRig_mHindLimb4Left" name="mHindLimb4Left" sid="mHindLimb4Left" type="JOINT">
                    <matrix sid="transform">1 0 0 0.112 0 1 0 0 0 0 1 -0.061 0 0 0 1</matrix>
                    <extra>
                      <technique profile="blender">
                        <layer sid="layer" type="string">0</layer>
                        <tip_x sid="tip_x" type="float">0</tip_x>
                        <tip_y sid="tip_y" type="float">0.02999997</tip_y>
                        <tip_z sid="tip_z" type="float">0</tip_z>
                      </technique>
                    </extra>
                  </node>
                  <extra>
                    <technique profile="blender">
                      <layer sid="layer" type="string">0</layer>
                      <tip_x sid="tip_x" type="float">0</tip_x>
                      <tip_y sid="tip_y" type="float">0.02999997</tip_y>
                      <tip_z sid="tip_z" type="float">0</tip_z>
                    </technique>
                  </extra>
                </node>
                <extra>
                  <technique profile="blender">
                    <layer sid="layer" type="string">0</layer>
                    <tip_x sid="tip_x" type="float">0</tip_x>
                    <tip_y sid="tip_y" type="float">0.02999997</tip_y>
                    <tip_z sid="tip_z" type="float">0</tip_z>
                  </technique>
                </extra>
              </node>
              <extra>
                <technique profile="blender">
                  <layer sid="layer" type="string">0</layer>
                  <tip_x sid="tip_x" type="float">0</tip_x>
                  <tip_y sid="tip_y" type="float">0.02999997</tip_y>
                  <tip_z sid="tip_z" type="float">0</tip_z>
                </technique>
              </extra>
            </node>
            <node id="GanondorfRig_mHindLimb1Right" name="mHindLimb1Right" sid="mHindLimb1Right" type="JOINT">
              <matrix sid="transform">1 0 0 -0.204 0 1 0 -0.129 0 0 1 -0.125 0 0 0 1</matrix>
              <node id="GanondorfRig_mHindLimb2Right" name="mHindLimb2Right" sid="mHindLimb2Right" type="JOINT">
                <matrix sid="transform">1 0 0 0.002000004 0 1 0 0.046 0 0 1 -0.491 0 0 0 1</matrix>
                <node id="GanondorfRig_mHindLimb3Right" name="mHindLimb3Right" sid="mHindLimb3Right" type="JOINT">
                  <matrix sid="transform">1 0 0 -0.03 0 1 0 0.002999999 0 0 1 -0.468 0 0 0 1</matrix>
                  <node id="GanondorfRig_mHindLimb4Right" name="mHindLimb4Right" sid="mHindLimb4Right" type="JOINT">
                    <matrix sid="transform">1 0 0 0.112 0 1 0 0 0 0 1 -0.061 0 0 0 1</matrix>
                    <extra>
                      <technique profile="blender">
                        <layer sid="layer" type="string">0</layer>
                        <tip_x sid="tip_x" type="float">0</tip_x>
                        <tip_y sid="tip_y" type="float">0.02999997</tip_y>
                        <tip_z sid="tip_z" type="float">0</tip_z>
                      </technique>
                    </extra>
                  </node>
                  <extra>
                    <technique profile="blender">
                      <layer sid="layer" type="string">0</layer>
                      <tip_x sid="tip_x" type="float">0</tip_x>
                      <tip_y sid="tip_y" type="float">0.02999997</tip_y>
                      <tip_z sid="tip_z" type="float">0</tip_z>
                    </technique>
                  </extra>
                </node>
                <extra>
                  <technique profile="blender">
                    <layer sid="layer" type="string">0</layer>
                    <tip_x sid="tip_x" type="float">0</tip_x>
                    <tip_y sid="tip_y" type="float">0.02999997</tip_y>
                    <tip_z sid="tip_z" type="float">0</tip_z>
                  </technique>
                </extra>
              </node>
              <extra>
                <technique profile="blender">
                  <layer sid="layer" type="string">0</layer>
                  <tip_x sid="tip_x" type="float">0</tip_x>
                  <tip_y sid="tip_y" type="float">0.02999997</tip_y>
                  <tip_z sid="tip_z" type="float">0</tip_z>
                </technique>
              </extra>
            </node>
            <extra>
              <technique profile="blender">
                <layer sid="layer" type="string">0</layer>
                <tip_x sid="tip_x" type="float">0</tip_x>
                <tip_y sid="tip_y" type="float">0.02999997</tip_y>
                <tip_z sid="tip_z" type="float">0</tip_z>
              </technique>
            </extra>
          </node>
          <extra>
            <technique profile="blender">
              <layer sid="layer" type="string">0</layer>
              <tip_x sid="tip_x" type="float">0</tip_x>
              <tip_y sid="tip_y" type="float">0.02999997</tip_y>
              <tip_z sid="tip_z" type="float">0</tip_z>
            </technique>
          </extra>
        </node>
        <node id="GanondorfCirclet_LOD1" name="GanondorfCirclet_LOD1" type="NODE">
          <matrix sid="transform">1 0 0 0 0 1 0 0 0 0 1 0 0 0 0 1</matrix>
          <instance_controller url="#GanondorfRig_GanondorfCirclet_LOD1-skin">
            <skeleton>#GanondorfRig_mPelvis</skeleton>
            <bind_material>
              <technique_common>
                <instance_material symbol="Gold-material" target="#Gold-material">
                  <bind_vertex_input semantic="UVMap" input_semantic="TEXCOORD" input_set="0"/>
                </instance_material>
                <instance_material symbol="Gem-material" target="#Gem-material">
                  <bind_vertex_input semantic="UVMap" input_semantic="TEXCOORD" input_set="0"/>
                </instance_material>
              </technique_common>
            </bind_material>
          </instance_controller>
        </node>
      </node>
    </visual_scene>
  </library_visual_scenes>
  <scene>
    <instance_visual_scene url="#Scene"/>
  </scene>
</COLLADA>