<?xml version="1.0" encoding="utf-8"?>
<COLLADA xmlns="http://www.collada.org/2005/11/COLLADASchema" version="1.4.1" xmlns:xsi="http://www.w3.org/2001/XMLSchema-instance">
  <asset>
    <contributor>
      <author>Blender User</author>
      <authoring_tool>Blender 3.6.19 commit date:2024-12-16, commit time:12:51, hash:56679ff9b2b2</authoring_tool>
    </contributor>
    <created>2026-07-17T08:40:42</created>
    <modified>2026-07-17T08:40:42</modified>
    <unit name="meter" meter="1"/>
    <up_axis>Z_UP</up_axis>
  </asset>
  <library_effects>
    <effect id="RobeUpper-effect">
      <profile_COMMON>
        <technique sid="common">
          <lambert>
            <emission>
              <color sid="emission">0 0 0 1</color>
            </emission>
            <diffuse>
              <color sid="diffuse">0.12 0.12 0.1 1</color>
            </diffuse>
            <reflectivity>
              <float sid="specular">0.5</float>
            </reflectivity>
          </lambert>
        </technique>
      </profile_COMMON>
    </effect>
    <effect id="RobeLower-effect">
      <profile_COMMON>
        <technique sid="common">
          <lambert>
            <emission>
              <color sid="emission">0 0 0 1</color>
            </emission>
            <diffuse>
              <color sid="diffuse">0.12 0.12 0.1 1</color>
            </diffuse>
            <reflectivity>
              <float sid="specular">0.5</float>
            </reflectivity>
          </lambert>
        </technique>
      </profile_COMMON>
    </effect>
  </library_effects>
  <library_images/>
  <library_materials>
    <material id="RobeUpper-material" name="RobeUpper">
      <instance_effect url="#RobeUpper-effect"/>
    </material>
    <material id="RobeLower-material" name="RobeLower">
      <instance_effect url="#RobeLower-effect"/>
    </material>
  </library_materials>
  <library_geometries>
    <geometry id="GanondorfRobe_LOD1-mesh" name="GanondorfRobe_LOD1">
      <mesh>
        <source id="GanondorfRobe_LOD1-mesh-positions">
          <float_array id="GanondorfRobe_LOD1-mesh-positions-array" count="3243">0.00554502 -0.1736867 1.151635 0.006198108 0.1732717 1.151406 0.02603518 0.1717734 1.140469 0.008743762 -0.1813751 1.218327 0.02847933 0.1788872 1.202969 -0.157336 -0.004903078 1.223534 -0.149803 0.07485067 1.223255 0.02655678 -0.1944097 1.255049 0.02605897 0.1940705 1.253799 -0.1836211 0.09669518 1.337528 0.1149647 0.1668017 1.318715 0.1437886 -0.1558079 1.41968 0.04129397 -0.08444303 1.624445 0.01000124 -0.2191315 1.313974 -0.06620198 0.2340214 1.353368 0.04063403 0.08426606 1.623818 0.1443207 0.1574351 1.415004 -0.1491776 -0.03176087 1.534908 0.01900851 0.2219585 1.332653 -0.1837753 -0.08984738 1.340147 -0.1488126 0.2131848 1.357392 -0.1611329 -0.007268011 1.482996 -0.02861875 0.2463763 1.398434 -0.1752994 0.1987688 1.449159 0.04483973 0.2478044 1.444995 -0.1531295 0.1641048 1.583166 -0.1608537 0.2242017 1.488951 -0.1161662 0.1504059 1.622547 0.08208644 0.2285988 1.512505 -0.1143792 0.2288433 1.458228 -0.1319452 0.2303411 1.480424 -0.1438096 0.2280067 1.466419 0.07491463 0.1675819 1.603867 0.01758474 0.2513832 1.433701 0.05644953 0.2496316 1.465644 -0.1380141 0.2476496 1.573155 0.06499129 0.266391 1.487798 -0.1389844 0.4226329 1.452618 0.09714722 0.3236646 1.45902 -0.02967494 0.4099498 1.413215 0.02707231 0.5555452 1.443723 -0.01713228 -0.2535645 1.425161 -0.1752994 -0.1987687 1.449159 0.04507553 -0.2480994 1.445622 -0.1483583 -0.2014458 1.578181 -0.1161662 -0.1504058 1.622547 0.07959973 -0.1386865 1.589746 -0.1143783 -0.2288404 1.458228 -0.1438089 -0.2280045 1.466419 0.08185255 -0.2293108 1.51112 0.09304094 -0.1918048 1.533713 -0.1381588 -0.2477323 1.572743 -0.1379424 -0.4123211 1.448877 -0.1402361 -0.3003885 1.572906 0.09714716 -0.3236642 1.45902 -0.09584587 -0.3886614 1.42565 0.05752217 -0.2198917 1.608615 0.06775552 -0.2669321 1.488109 0.02709704 -0.55549 1.443761 0.07350981 -0.1844017 1.297812 0.09132254 0.1822659 1.313614 -0.1320297 0.004441738 1.570862 0.1153951 -0.2109397 1.431132 0.1243214 0.1831197 1.356187 -0.1739146 7.08768e-4 1.40618 -0.1552169 -0.2077547 1.357491 -0.1348015 0.0830186 1.613902 -0.1410834 0.1176999 1.60778 0.05036336 0.2561603 1.470899 -0.1365936 0.2993777 1.579647 0.08846879 0.3449761 1.445551 0.05002671 0.5165011 1.455049 -0.1881481 -0.07597368 1.48684 0.05179077 -0.255472 1.47174 -0.1227293 -0.3171589 1.444982 0.0501672 -0.5161788 1.455525 -0.1320605 -0.06658434 1.154987 -0.08682447 0.1357377 1.163063 0.08375144 0.1556922 1.196381 -0.05411094 0.1672521 1.199625 -0.04836905 -0.1688687 1.200166 0.09935349 -0.1532075 1.255424 -0.1482626 0.1507483 1.272204 -0.179709 -0.03728002 1.426229 0.05906075 -0.2352964 1.409866 0.1152028 -0.1668307 1.318997 -0.1844313 -0.05338746 1.380825 0.1226518 0.1677526 1.337118 0.05129951 -0.0509327 1.590058 -0.1278401 -0.05296474 1.591069 0.1301873 0.1906377 1.423444 -0.07892644 0.2154384 1.291566 -0.06024992 -0.2225721 1.316059 -0.1995121 0.1047576 1.40525 -0.1756614 0.02792519 1.426894 0.1229589 -0.18457 1.356969 0.1226798 -0.1680022 1.336904 0.1096639 0.19384 1.495678 0.07061296 0.1089814 1.600844 -0.1902937 0.1015058 1.490426 -0.1298659 0.1182406 1.621008 0.08718693 0.1703714 1.518416 -0.1708696 0.1579921 1.557654 0.0864191 0.2244595 1.504914 -0.1751633 0.1910731 1.506223 -0.1052013 0.245273 1.424475 -0.1270139 0.1349696 1.61912 -0.09444546 0.1957713 1.626769 -0.03305488 0.2672585 1.429494 -0.1385084 0.2792567 1.572341 0.02047985 0.4261528 1.428131 -0.1012085 0.3877082 1.427992 -0.06412923 0.2440931 1.619777 -0.1324176 0.3516171 1.573928 -0.1482559 0.335094 1.495306 0.02245622 0.2594159 1.615606 0.06684452 0.2525516 1.585621 -0.1385722 0.4681658 1.46237 -0.04640817 0.4292311 1.410094 0.0598511 0.474862 1.461119 -0.1048209 -0.2454011 1.424355 -0.1270138 -0.1349696 1.61912 -0.1741409 -0.1942763 1.504543 0.08641904 -0.2244596 1.504914 -0.08551323 -0.1893308 1.631566 0.05958104 -0.2003151 1.616313 0.08846879 -0.3449758 1.445551 0.02327704 -0.4260199 1.42983 0.1088963 -0.3370169 1.48675 -0.1438008 -0.3501653 1.4862 -0.1324176 -0.3516175 1.573928 0.06686979 -0.3652169 1.601572 0.07120096 -0.2512519 1.580265 -0.06476861 -0.2297552 1.622211 -0.04757601 -0.4077557 1.412739 -0.02992552 -0.2794589 1.422608 -0.1411543 -0.46819 1.461591 -0.04715228 -0.4310183 1.409889 0.06036299 -0.4740897 1.463059 -0.1187463 -0.1209438 1.193728 -0.07751595 -0.1831672 1.241012 -0.05448389 0.1949452 1.254865 0.09944105 0.1533102 1.255406 -0.1105523 -0.07549035 1.625117 0.0583502 -0.04773074 1.577722 0.05834954 0.04773092 1.577722 0.1058834 0.2073739 1.384746 0.09986305 0.1901744 1.515692 -0.1701747 0.09827196 1.572015 -0.08995932 0.2550141 1.426872 -0.1573562 0.2485141 1.528809 0.03718823 0.2643927 1.465273 -0.1529154 0.3009313 1.525455 -0.1056433 0.2894468 1.436481 0.09109532 0.285059 1.547478 0.03373259 0.3534742 1.417744 0.001340508 0.2921813 1.632243 0.0633251 0.280671 1.590513 0.07414829 0.2768588 1.573638 -0.1438008 0.3501653 1.4862 -0.06045317 0.3584774 1.40938 -0.01991587 0.2634414 1.622713 -0.08662563 0.3570103 1.615665 -0.1069899 0.3103832 1.610168 -0.1200999 0.462928 1.433645 -0.1090811 0.5218291 1.428224 0.02227306 0.4937828 1.423068 -0.0104624 0.584525 1.435084 -0.09689837 0.584105 1.440448 0.1151815 -0.1909291 1.48318 0.1090149 -0.1963689 1.495379 -0.1614184 -0.08296138 1.582385 0.1072826 -0.1677212 1.518748 0.06617331 -0.0848295 1.590372 -0.08358681 -0.2501327 1.425739 -0.03287231 -0.2673429 1.429592 -0.1381787 -0.2583947 1.466214 -0.1056433 -0.289447 1.436481 -0.0958662 -0.2654759 1.609513 -0.1529273 -0.2806178 1.525622 -0.1127291 -0.3137685 1.606477 -0.1261773 -0.3849309 1.446679 0.0759105 -0.2683396 1.508265 -0.1126614 -0.4233943 1.427989 -0.0554533 -0.32805 1.409536 -0.1476538 -0.2857611 1.485964 0.09110903 -0.2807158 1.538522 0.08112174 -0.279385 1.563511 0.02633291 -0.2590675 1.613253 0.01740032 -0.3365583 1.41273 -0.1189268 -0.4695407 1.431779 -0.1056725 -0.5311542 1.427356 0.01451635 -0.4917215 1.418833 -0.1298481 0.1307783 1.228467 0.1280292 0.1597167 1.469855 0.1337621 0.1593968 1.450155 0.1337504 -0.1593941 1.450141 0.1187945 -0.1468158 1.498764 0.1187945 0.146816 1.498765 0.1465145 0.160839 1.378599 -0.09375613 0.2687566 1.431434 -0.07716464 0.2128813 1.625396 0.07694995 0.2284487 1.579816 -0.1522005 0.2636377 1.519158 0.08274126 0.2376505 1.536945 -0.0677855 0.303931 1.628899 -0.1061738 0.4506778 1.425173 -0.1397542 0.5089129 1.462477 0.01907783 0.4414202 1.425191 -0.07026255 0.5908686 1.435151 -0.04889708 0.4595898 1.406338 -0.03446894 -0.2441156 1.623785 -0.1061736 -0.4506779 1.425173 -0.1397542 -0.5089132 1.462477 0.05026078 -0.4245459 1.45292 0.01989418 -0.4418446 1.426182 0.02735269 -0.171461 1.139399 0.008671462 -0.1688982 1.126022 -0.1594635 -0.1007804 1.055518 -0.1011677 -0.1298699 1.13731 0.00350672 -0.1700165 1.138409 -0.1316957 -0.08091896 1.143803 -0.0675373 0.1459991 1.138544 -0.01234585 0.1628696 1.140486 -0.003150284 0.165633 1.134343 -0.135428 0.08425533 1.144147 -0.1656522 0.09620189 1.053127 -0.1671676 0.1098116 0.9474169 7.06518e-4 0.1754006 1.070658 0.006239891 0.1681848 1.126769 -0.1120949 0.01436251 0.9081242 -0.1173427 -0.1706638 0.9648293 -0.01536875 -0.2215929 0.9099147 -0.01756256 -0.2227742 0.8666899 0.1051555 -0.1181114 1.024507 -0.07032924 0.02053719 0.9154657 0.01490521 0.02165198 0.8766986 -0.1139317 -0.01436251 0.9081241 -0.04638618 0.2148797 0.9138502 0.01304072 0.2093382 0.9686673 0.1051465 0.1180981 1.02458 0.01495748 -0.02156811 0.8766994 -0.166525 -0.007959067 1.031859 0.09855347 -0.1190351 1.134333 0.08301818 -0.1411035 1.132828 -0.1386485 0.1098198 1.108061 -0.1628529 0.01185566 1.015869 -0.1524167 -0.06749176 0.8785963 -0.113457 -0.1673206 0.8816797 0.09115701 -0.1536075 1.015509 -0.1134505 0.1673206 0.8816797 -0.1524167 0.06749171 0.8785964 0.00755465 0.007259488 0.87527 -0.1401502 -4.35293e-5 1.118829 -0.1391674 -0.02334529 1.140143 -0.154105 0.06000417 1.108903 0.09755939 -0.1159579 1.089337 -0.1697497 -0.02025282 1.074134 -0.1377321 -0.09900724 1.118328 -0.1340816 0 0.9711486 0.00755459 -0.007259726 0.8752699 -0.1742102 -0.06432384 0.9576539 -0.05579489 0.1558028 1.105015 -0.1154515 0.144676 1.065408 0.09756189 0.1159099 1.088618 -0.06866991 0.02192234 0.8672873 0.02993237 0.0206263 0.8801142 -0.1287474 0.008919417 0.8573507 -0.06866908 -0.02192097 0.8672837 -0.0175625 0.2227742 0.8666899 -0.1287474 -0.008919417 0.8573507 0.102839 -0.1691926 0.9642162 0.102839 0.1691926 0.9642162 0.01819747 0.01761859 0.883791 0.01819735 -0.01761859 0.8837906 0.05965036 0.1710923 1.18973 -0.02898144 -0.2682809 1.623549 -0.06776612 -0.2945659 1.417489 -0.1333084 -0.3621086 1.454766 -0.134723 0.09145557 1.195809 -0.05288314 0.249526 1.428424 0.1088008 0.1907925 1.351444 -0.1724901 0.1303975 1.551853 0.09187638 -0.3029361 1.565307 -0.1277542 -0.5425865 1.449016 -0.1640994 0.03877472 1.253252 -0.1920225 0.1630145 1.3776 0.07421517 0.05072039 1.557801 0.1227583 -0.1546326 1.486439 -0.1949369 0.1176425 1.372995 -0.1837893 0.04626107 1.432209 -0.06716746 0.2557944 1.427909 0.02289015 0.2754406 1.613993 -0.130759 -0.1174284 1.621866 -0.1729663 -0.1305016 1.551118 0.07873141 -0.2377163 1.568571 -0.150728 -0.3377635 1.521457 -0.03083854 -0.3606914 1.630599 0.02158802 -0.2745047 1.614645 -0.1395896 -0.3508468 1.467553 -0.1488654 -0.3511136 1.524471 -0.1312634 -0.3738988 1.450533 -0.1396418 -0.457826 1.453508 0.02749139 0.262292 1.453552 -0.1091319 -0.212688 1.301693 0.1007632 -0.2111878 1.389394 -0.130936 -0.2031215 1.299905 -0.1710553 -0.04378294 1.493595 0.1094439 0.2158599 1.42324 0.1072616 0.2150648 1.458455 0.1117221 0.3521764 1.504973 0.1044574 0.3124058 1.494914 -0.06266379 0.4125492 1.413059 -0.1259953 -0.2441251 1.443881 -0.001451373 -0.2718738 1.623343 -0.1090408 -0.1668266 1.240576 0.1245177 0.1656847 1.336601 0.1227586 0.1546329 1.48644 -0.1113089 -0.230524 1.355985 -0.01873058 0.4578706 1.408448 -0.1295606 0.09977507 1.622521 -0.1006834 0.2440766 1.60827 -0.07027965 0.4444097 1.409561 0.08161401 -0.1026069 1.569248 0.09824776 -0.1615933 1.533563 -0.152453 -0.2376944 1.473908 0.08399575 -0.2135019 1.564549 -0.1436096 -0.3511536 1.551429 0.0399605 -0.4317697 1.449518 -0.06439131 -0.4547852 1.406744 -0.01728439 -0.4591796 1.408311 0.09552711 0.1604648 1.275931 -0.1081864 0.07161152 1.623232 -0.1398344 0.2430214 1.472254 0.1092038 -0.1616557 1.30839 -0.1247414 0.5016042 1.434054 0.01672077 -0.2506341 1.434062 0.05707365 -0.2494459 1.466259 -0.1230919 -0.2487084 1.46841 0.08100414 0.2633404 1.522293 0.04495978 -0.09689033 1.627149 0.1004326 0.1609442 1.294161 -0.06494355 -0.3944903 1.41554 -0.08649498 -0.3569877 1.615638 -0.1397839 -0.4470928 1.454993 -0.01245635 -0.3365862 1.637573 -0.09160047 -0.3836842 1.421438 0.108585 -0.3627886 1.530463 -9.31348e-4 -0.5816773 1.435736 0.09157019 0.3303345 1.449886 0.0962367 -0.1514956 1.226257 0.09415918 0.146173 1.20893 0.1027725 0.1304287 1.186736 0.03985357 0.07621634 1.620622 -0.07920807 -0.2141458 1.289119 0.1238943 0.1673086 1.334703 0.03818333 -0.07690423 1.619659 -0.1808597 -0.1800055 1.364504 -0.1943399 -0.154706 1.380678 -0.1080108 0.2511145 1.431964 -0.1229055 0.08637487 1.62262 -0.1390261 0.4852113 1.462366 0.02911758 0.4576591 1.423265 0.06182646 -0.2431529 1.44425 0.01100236 0.1739906 1.150366 0.05606639 -0.2607141 1.591337 0.09774136 0.1401967 1.196895 0.1395273 0.1549621 1.436139 0.1091045 0.0724973 1.52611 -0.1255474 -0.3808999 1.445905 0.06663388 0.05088597 1.567721 -0.1373944 0.23685 1.421462 -0.1579493 0.0823751 1.588146 -0.1446703 0.237585 1.449854 0.06129038 0.3256872 1.430378 0.04562908 0.3957929 1.426939 -0.1163098 -0.2309255 1.469071 -0.1371156 -0.5207499 1.459186 -0.1815141 -0.1227756 1.538453 0.05888986 -0.272796 1.589349 0.142995 0.1552911 1.423998 -0.1774446 0.1876285 1.365784 0.0828076 0.05309987 1.549701 0.1005362 -0.1611003 1.294061 0.04473048 -0.0683754 1.608494 0.07242649 -0.1126167 1.598133 0.09973794 0.05952066 1.53575 0.09037244 0.05410629 1.543618 -0.1231149 0.1445537 1.619509 0.0492385 0.204386 1.620565 -0.08591544 0.2858246 1.616478 0.04665672 0.2883064 1.437004 -0.09361565 0.4813956 1.414102 -0.1603137 -0.2238994 1.488983 -0.0948078 -0.2653768 1.43138 -0.06406146 -0.2685641 1.426528 -0.04710727 -0.2611277 1.424068 0.04152548 0.146458 1.633372 0.09781169 -0.2249153 1.454289 0.08747017 0.1928785 1.569127 -0.1789439 -0.1607742 1.527337 0.06397873 -0.2556796 1.486691 0.04033321 -0.2704307 1.602756 -0.02989959 -0.3819211 1.409382 -0.1003293 -0.2435922 1.608454 -0.01510846 0.2537483 1.424715 -0.003984332 0.2691548 1.435025 -0.06469154 0.2506594 1.421486 -0.1625509 0.01824438 1.485585 -0.1106256 -0.06006389 1.617332 -0.148642 0.2809383 1.490737 -0.09916502 0.3819504 1.4245 0.07711565 -0.2365859 1.482187 -0.1636486 -0.2087688 1.548969 -0.1267476 -0.09125202 1.623045 0.02765649 -0.264704 1.45819 -0.05264502 -0.5562814 1.420849 -0.07459187 -0.5164844 1.411327 -0.1344951 -0.08687287 1.200654 0.09552717 -0.1604642 1.275929 0.09657365 -0.1341229 1.164137 0.04984271 -0.2073169 1.321506 0.1068378 -0.2091047 1.47528 0.05463922 0.05742889 1.586619 0.02187567 0.1539083 1.640586 0.03312253 0.2918121 1.619287 0.07636761 -0.2045591 1.593606 0.05042427 -0.3122274 1.618358 0.08609324 -0.3236436 1.58706 0.0929262 -0.3618611 1.572113 -0.1485852 -0.2561727 1.547642 -0.02406948 0.2987177 1.637279 0.02569997 -0.2030466 1.630905 0.02346789 -0.3618788 1.624045 -0.1348106 -0.462162 1.452757 0.02957212 0.2070851 1.288727 0.06028532 -0.1707426 1.189564 0.1027854 -0.1304395 1.186734 0.09777677 -0.1402275 1.196888 0.1070753 -0.1827923 1.333056 0.07084727 0.2410666 1.474964 -0.1687057 0.1538081 1.311553 0.07706439 0.2382521 1.464251 0.1078183 0.2070174 1.478917 0.005619466 0.2670828 1.445013 0.05815732 0.4969955 1.457657 -0.1586586 -0.2264251 1.480276 0.09144484 -0.2312005 1.468449 -0.1961982 -0.1007744 1.465108 0.09833908 -0.2173027 1.498638 -0.1625051 -0.238142 1.511714 -0.1258491 -0.5011389 1.435582 -0.01289761 -0.4251802 1.415154 -0.002645671 -0.5457128 1.422471 0.147989 -0.1612024 1.373818 -0.1253304 0.3810363 1.446182 0.02429527 -0.2511867 1.436243 -0.1087904 0.1656847 1.239337 -0.09080922 0.189749 1.258623 0.1281576 -0.1597464 1.469868 -0.1836835 0.05372494 1.376353 -0.1110383 0.2364627 1.432379 0.06346464 0.176755 1.618855 0.06035685 0.1899443 1.287181 -0.1160367 0.2863361 1.601046 -0.1400588 0.4748615 1.462488 -0.1448071 -0.06957465 1.591979 -0.1450791 -0.2317507 1.575976 0.02387446 -0.1782492 1.63887 -0.001167237 0.1904559 1.637084 0.02787202 -0.3354048 1.629293 -0.1392552 -0.4851461 1.462227 0.0453906 -0.4260275 1.449958 -0.04532283 -0.5008205 1.407464 -0.1083624 -0.07163411 1.623424 -0.1482912 0.01300305 1.531023 0.0233556 0.2026807 1.631439 0.09458851 0.2222529 1.499145 0.125566 -0.1927158 1.381433 -0.02882766 0.1577616 1.642951 0.01056432 0.1547151 1.643424 0.06752526 -0.06914108 1.57395 -0.1453264 0.09760797 1.610254 -0.1489156 0.31749 1.49571 -0.02921038 0.3800516 1.408847 -0.1282559 0.3282294 1.591336 -0.02386218 -0.4134168 1.41448 0.04440438 0.208613 1.31882 0.03395605 -0.2038739 1.284934 -0.1377443 0.2434337 1.455767 -0.0534597 0.5918679 1.433291 -0.1197416 0.2294812 1.604541 -0.00801593 0.1515986 1.642417 0.1094272 0.3628036 1.531353 0.09738403 0.2254872 1.477174 -0.1394012 0.3507883 1.46782 -0.01878786 0.4978564 1.409059 0.04145246 -0.1465337 1.633602 -0.1411051 -0.3210564 1.471748 -0.01001447 -0.5846958 1.434228 -0.1579934 -0.1911453 1.323055 0.1462482 -0.1622585 1.402001 -0.1156176 -0.2151361 1.319179 0.1396718 -0.1630805 1.35457 0.05076879 0.05107152 1.589998 0.1090498 0.1423081 1.51962 0.09377801 0.1404656 1.540406 0.00533384 0.4052 1.417062 -0.1270459 0.3255572 1.448571 -0.1516983 0.3441329 1.538642 -0.109759 -0.2446232 1.444734 -0.09331607 -0.4786438 1.414015 -0.1158916 -0.5714237 1.448558 -0.1844551 0.1445457 1.342668 0.1427766 -0.1754785 1.376822 -0.1221285 0.1003661 1.156082 -0.1594564 0.186991 1.317839 0.06066983 0.2407102 1.427163 -0.1083415 0.3441457 1.608408 0.05112403 0.4292455 1.447369 -0.1100942 0.2348182 1.372135 -0.07425665 -0.4379038 1.411406 -0.06568551 0.2773081 1.42627 0.112218 0.08525115 1.521599 -0.04279333 0.3355734 1.635812 0.08833461 0.2743082 1.538382 -0.07013338 0.2952985 1.417873 0.07803738 0.2675541 1.508998 0.02419233 0.3335368 1.631031 -0.06160098 -0.2510769 1.422176 -0.06596106 -0.2553812 1.427627 -0.1430132 -0.331264 1.564301 0.00167483 -0.2162929 1.629616 -0.1488451 -0.3219588 1.49573 -0.08769023 -0.2861149 1.615784 0.03057086 -0.2328882 1.618596 0.02624469 -0.4572706 1.422475 -0.1076952 0.1295904 1.192607 -0.08322846 0.1678976 1.219539 0.02818381 -0.2915525 1.621592 0.130544 -0.1892604 1.426524 -0.06540697 -0.234199 1.354091 -0.01101994 -0.2964683 1.636723 0.1012859 0.1748166 1.525555 0.09303146 0.1696379 1.544118 0.0931077 0.361797 1.571185 0.086052 0.3236601 1.587075 0.1092132 0.1616932 1.308292 0.05198222 0.3104538 1.617017 0.04494094 0.2696477 1.599582 -0.1148533 0.3531511 1.594235 -0.1387867 0.2861291 1.464843 -0.05193752 0.5542591 1.420023 -0.1660518 -0.2121984 1.384681 0.1062248 -0.3197826 1.53823 -0.145574 0.1312622 1.246364 -0.09198224 -0.1915941 1.26152 -0.1259745 -0.1951259 1.607114 0.1123747 -0.1650063 1.505289 -0.1834909 -0.1472922 1.341468 0.08517825 0.1079072 1.550957 -0.1162227 0.269684 1.442154 -0.1599661 0.2317535 1.486348 -0.1429494 0.2567327 1.474085 -0.1333084 0.3621089 1.454766 -0.1096637 0.5784608 1.445677 -0.1625192 -0.2288069 1.538839 0.08143132 -0.2611799 1.555692 -0.1764991 -0.06438857 1.30349 -0.17009 0.09540742 1.287328 -0.1130786 0.2179731 1.324904 -0.110512 0.0600695 1.617246 -0.1678935 -0.1661856 1.315571 -0.1487356 0.1792296 1.291197 -0.1226528 0.1954779 1.279818 0.09713816 0.1415998 1.523377 0.05634355 -0.4481345 1.457008 0.04219555 -0.4914044 1.438883 -0.1779604 -0.0637018 1.514544 0.04979801 -0.1704458 1.630949 0.02193683 -0.1539309 1.640911 0.005885124 -0.267191 1.445335 -0.15061 -0.1384183 1.264097 0.09806597 -0.198174 1.355231 -0.07128018 -0.590934 1.434795 0.06682658 -0.05089503 1.56769 -0.1769254 0.1924381 1.529344 -0.1698362 0.2134685 1.497435 0.07838457 0.2033639 1.590681 0.07463222 -0.05080103 1.55746 0.01237547 0.3303506 1.409908 0.05880296 0.458877 1.458993 -0.01097208 0.3571106 1.408988 -0.1372455 0.5207615 1.45911 -0.06532853 0.508788 1.408494 0.08026194 -0.3835507 1.446242 0.00458461 -0.4041128 1.416347 0.08037942 -0.2474668 1.515316 5.41368e-4 -0.2483968 1.62341 -0.08502149 -0.3227819 1.623407 0.09556758 0.1507322 1.22677 -0.08768445 -0.1460636 1.193782 -0.1563805 0.2254592 1.489157 -0.05100393 -0.2503223 1.427416 0.07141375 0.08904635 1.582023 -0.04653394 0.1705256 1.641192 -0.1250947 0.5484985 1.447181 -0.1159349 0.2496116 1.438867 -0.0934112 0.5431715 1.422432 0.07532703 0.1687627 1.239894 -0.007153272 -0.1514558 1.642392 -0.08023673 -0.4195972 1.415787 0.09421622 -0.146241 1.208952 0.1269311 0.1844084 1.450829 -0.1240463 0.1705231 1.257225 0.1121626 -0.08524274 1.521543 0.0851019 0.1186395 1.573358 -0.0458064 0.1590465 1.642969 0.09956341 -0.05952668 1.535529 0.08291655 -0.05311679 1.549648 0.09032565 -0.05409759 1.543624 0.08459925 0.2239441 1.544807 0.06301099 0.2046318 1.610905 -0.1297541 0.39677 1.443506 0.08263719 0.2626811 1.552352 0.02262151 0.3618238 1.624165 -0.09906154 0.4233999 1.42143 -0.1337907 0.4622298 1.453524 0.1238883 -0.1666206 1.335918 -0.04683399 -0.1591053 1.643051 -0.1445549 -0.09191769 1.610094 -0.2008165 -0.1351276 1.400753 -0.02910733 -0.1995661 1.633518 0.08222502 -0.2657198 1.528838 -0.02790093 -0.3127208 1.407314 0.02178406 -0.179395 1.19309 -0.1096639 -0.5784604 1.445677 0.06882816 0.2744314 1.470436 0.08683186 -0.07163083 1.54982 0.111481 -0.1866769 1.34894 0.01963043 -0.2293599 1.361548 0.1091676 -0.07250195 1.526179 -0.1212958 0.03421324 1.595229 0.1315421 -0.1649758 1.342898 -0.1294022 0.04964417 1.586094 -0.1690762 0.06498348 1.541231 -0.1894825 0.1184657 1.517014 -0.136026 0.4108713 1.449207 -0.07226967 0.3938057 1.416777 0.04098892 0.173641 1.634513 -0.115891 0.5714116 1.448564 -0.1514925 -0.2316011 1.459865 -0.1511476 -0.3068736 1.542151 0.04752063 -0.3958524 1.42822 0.1412789 0.1613661 1.360514 -0.1792917 0.1605057 1.526452 -0.142972 0.2331779 1.435835 -0.1862924 0.1682108 1.48798 0.08687889 0.2338841 1.450393 -0.1291335 0.2594824 1.454137 0.03121268 0.2604777 1.454061 -0.1080806 0.331656 1.42922 -0.08275705 0.3225744 1.419055 0.004749596 0.2825763 1.422886 -0.108362 -0.2512357 1.43238 0.05111551 -0.4292788 1.447348 -0.1264681 -0.2550048 1.449987 -0.152653 0.0351718 1.531118 0.1426207 0.1765784 1.380279 -0.1491116 -0.02955967 1.194523 0.1394835 -0.1549445 1.436078 -0.1105304 0.07548767 1.625097 -0.1355836 0.194156 1.596822 -0.1917936 0.1378203 1.470823 -0.1270935 0.3062741 1.447993 0.1103014 0.3595665 1.515627 -0.1806867 0.05809462 1.487817 -0.1158084 0.3485045 1.434793 -0.1689351 -0.2176746 1.414243 -0.1886342 -0.1886392 1.422929 -0.1706746 -0.09896492 1.571087 -0.1852938 -0.09417754 1.532463 -0.1624217 -0.2215095 1.462279 -0.08242905 -0.3249059 1.418688 0.04161012 -0.3571634 1.419752 0.08275389 -0.2363899 1.537954 -0.130464 -0.3322508 1.451775 -0.06432175 -0.3623949 1.409424 -6.63841e-4 -0.2877016 1.418454 0.06136482 0.2146691 1.35763 0.06654381 -0.174777 1.239961 -0.1245408 0.206797 1.299581 0.1319639 0.1649607 1.343271 0.1302146 0.1886433 1.38432 -0.1620475 0.2212154 1.48184 0.1154088 0.1361464 1.508567 -0.1934447 -0.1125829 1.369318 0.06399977 0.4184406 1.452872 -0.138974 0.322252 1.46849 -0.008955597 0.228171 1.627734 -0.1224623 0.4221423 1.435212 -0.1395858 0.4579322 1.453489 -0.1844964 -0.177865 1.48676 0.08616691 -0.3676411 1.443799 -0.1561772 0.2053976 1.564234 -0.04813534 -0.2972806 1.632889 0.1459653 0.1621184 1.400401 -0.1906178 -0.1434957 1.471661 -0.1315935 -0.1445676 1.240512 0.05901092 -0.1866232 1.27186 0.07337707 0.07562267 1.567413 -0.1397838 0.447093 1.454993 -0.008571267 0.2674289 1.623532 -0.04584628 0.3226412 1.407216 -0.1392022 -0.2358472 1.430795 -0.1365886 -0.2423562 1.447158 -0.1445659 -0.2764781 1.561781 -0.1305856 -0.3989791 1.443587 -0.1395093 -0.4229127 1.452281 -0.1007708 -0.3361564 1.424149 0.02714031 -0.2622824 1.453258 0.1154087 -0.1361463 1.508567 -0.04775428 -0.3412895 1.633504 -0.1652629 -0.08851677 1.270925 -0.1152166 -0.1938981 1.274055 -0.1557715 -0.1667255 1.289814 -0.1270112 -0.004420757 1.590068 -0.1957995 -0.07734245 1.421715 -0.1260988 0.015123 1.590974 0.06203186 -0.2130583 1.353805 -0.1691719 0.2171064 1.408934 0.04491603 0.09760189 1.626906 -0.1885241 0.189175 1.423048 0.0451712 0.0695703 1.609644 -0.1694561 0.2140111 1.462387 -0.1993944 0.1440556 1.407599 0.1040752 0.2104629 1.499799 -0.008021414 0.3412161 1.636338 -0.03107678 0.3606965 1.630644 -0.009920895 0.4260308 1.415746 0.1033294 -0.3263883 1.470878 -0.1316119 -0.1067361 1.623623 0.0973404 -0.1764519 1.508356 -0.09524267 -0.210636 1.622817 5.08372e-4 0.1811431 1.218816 -0.1833484 0.08920574 1.533324 -0.04486447 0.2557059 1.422793 -0.08916723 0.3492017 1.417958 -0.1313195 0.3736146 1.450698 -0.157625 -0.2258427 1.480787 0.001166582 0.5803936 1.436811 0.08560979 -0.1771969 1.577689 0.09378558 -0.1408362 1.54038 0.08604395 -0.1082718 1.54985 0.0589388 -0.1429636 1.621969 -0.02684396 -0.1574216 1.642708 -0.01197654 -0.3548992 1.408689 -0.1514152 -0.2623515 1.500541 -0.1129813 -0.2704136 1.439453 -0.137875 -0.2848962 1.463802 -0.1517336 -0.3439725 1.537595 -0.1230577 -0.2626638 1.589814 -0.009662091 -0.4901845 1.410555 -0.0543214 -0.5917166 1.433769 -0.1163105 0.2309277 1.469071 -0.0514003 0.2407736 1.42727 -0.198091 0.08581727 1.429221 -0.1237645 -0.0291379 1.593496 0.04888159 0.1122109 1.624792 -0.004289507 -0.2693186 1.434766 0.1123979 0.1093506 1.518757 -0.1613969 0.2412272 1.512701 -0.06422603 0.26767 1.426446 -0.1216123 0.2501894 1.591534 0.03273707 0.2346926 1.616882 -0.1485905 0.3510339 1.524591 0.1031399 -0.1954733 1.504375 0.05715042 -0.4936177 1.460399 -0.1682512 -0.2223305 1.501896 -0.02672225 0.2936817 1.413495 0.09658867 0.1341357 1.164135 -0.1434019 0.04420638 1.195355 0.1123977 -0.1093507 1.518757 -0.1778389 -0.001574099 1.330004 0.1071736 0.3195527 1.531784 0.09251546 0.3036472 1.564487 0.02524042 0.5413896 1.433378 -0.1369872 -0.2279747 1.379844 -0.06540709 -0.2774837 1.426005 -0.1165688 -0.3532103 1.435344 0.08688271 -0.1716554 1.516496 0.09473633 0.1947395 1.34239 0.09833621 -0.294918 1.496827 0.08830529 -0.2090232 1.527376 0.008631944 0.2352703 1.376039 -0.1094569 0.2460883 1.442122 -0.03642439 -0.1566704 1.131063 0.0599727 -0.1607446 1.138539 -0.1715466 -0.03748881 1.048694 -0.1384128 0.05947774 1.140666 -0.1713986 0.07265448 1.015777 -0.1716301 0.09141707 0.9997462 -0.1558071 0.1249189 1.010798 -0.1029181 0.01287353 0.8581864 0.1093523 -0.1307448 0.9923562 -0.145981 0.07496917 0.8463555 -0.1558453 -0.009606719 1.099625 -0.1539658 0.008030414 1.098188 0.07281118 -0.1490674 1.110713 -0.1151331 0.01380342 0.8902445 0.06960362 -0.1754694 1.021626 0.1100993 -0.1438278 0.982241 -0.09110021 -0.02278244 0.9293813 0.09474211 0.1836271 0.9567507 -0.1344326 0.0158118 1.138736 -0.1466934 0.1204154 1.064327 -0.1643021 0.04314887 1.074981 0.07643455 -0.1457917 1.083021 -0.1613979 -0.006048977 0.9875453 0.0622726 0.206035 0.9487773 -0.07498437 -0.1980901 0.8835236 -0.1735457 -0.03657871 0.9806599 -0.0529437 0.2007 0.9637342 -0.08873736 0.1625735 1.045453 -0.04201889 0.02421867 0.8718358 -0.1219927 0.1697906 0.9315654 -0.1707918 -0.02727591 1.05023 -0.1577739 0.005788207 1.031072 -0.1641935 -0.08528423 0.9141601 -0.1648221 0.05180442 0.9074051 0.04999369 -0.1656757 1.092192 -0.1434482 0.1018045 0.8444569 -0.1148734 0.1627309 1.000538 -0.1068957 -0.1217291 1.159138 -0.1140928 -0.160079 1.017435 -0.1417672 -0.1388045 1.021391 -0.1684946 -0.04577803 0.9155434 0.1002891 0.1144555 1.050828 -0.1657435 0.01538085 1.071228 0.01292002 -0.1691312 1.128268 -0.1427292 0.007582366 0.9318983 0.1001888 -0.1144004 1.051012 -0.1522366 -0.0194469 0.9002367 -0.1538867 0.08176022 1.10132 -0.1679816 0.06328505 1.070141 -0.1451172 -0.03726017 1.129019 -0.009827554 0.1903535 1.013937 -0.1396409 0.02955055 0.854235 -0.03721755 0.2177886 0.8581694 0.05143517 0.1656652 1.08729 0.006300806 0.1678018 1.139677 -0.1581202 -0.005678772 1.055577 -0.09992396 0.1347972 1.117312 0.05608373 0.1644562 1.143845 0.06892693 0.1512427 1.107802 -0.1596018 -0.05637162 1.094687 -0.1074815 -0.1355116 1.111137 -0.1407973 -0.1107883 1.103158 -0.1549966 -1.23514e-4 1.082537 0.009086728 -0.01532673 0.87884 -0.09614247 -0.1559763 1.059246 -0.1552354 0.1359001 0.9520141 -0.1406646 0.1213454 0.8782811 -0.1661245 0.007541894 1.038652 -0.158848 0.003699362 0.9864672 -0.1484561 -0.00624144 0.9990494 -0.165806 0.02876293 1.047527 -0.02444547 -0.2017523 0.9804424 -0.1660929 -0.06734943 1.071519 -0.1421698 0.1458922 0.9798553 -0.1568701 -0.003263056 1.027636 -0.1645507 0.08306258 0.906542 0.01549488 -0.1799774 1.056473 -0.03795063 -0.1805972 1.030138 -0.1419724 -0.00671041 0.9258931 -0.1413012 -0.1191648 0.8774259 -0.1426622 -0.01794064 0.8908323 -0.1671969 0.02539378 0.9512699 -0.1478592 -0.008604168 0.9735494 -0.1687778 -0.01771616 0.9531225 -0.145981 -0.07496917 0.8463555 -0.03989249 -0.02566593 0.8719417 0.09266507 0.1501123 1.017811 -0.1534529 -0.003556728 0.9550136 -0.1183521 0.02045643 0.9339332 -0.1433358 -0.1020279 0.8444561 0.09496599 -0.1845138 0.9568225 -0.1446127 -0.1461658 0.9135474 -0.0946806 0.1885228 0.8470471 0.1103129 0.1439616 0.9822981 -0.156998 0.005720615 1.055071 0.009317457 0.01607269 0.8790671 -0.07595157 -0.02346736 0.9131058 -0.1200109 -0.02078163 0.9552369 0.01078301 -5.14796e-5 0.8693222 -0.174352 0.06686323 0.9613693 -0.1470901 -0.1477437 0.9689559 0.06229251 -0.2059187 0.9487682 -0.142814 0.1460291 0.9133931 -0.1121143 -0.01692563 0.8951443 -0.07451325 0.1984867 0.8820573 0.1093523 0.1307448 0.9923562 -0.1248409 -0.01935082 0.933066 0.07690685 0.1488337 1.073181 -0.1389899 -0.0286048 0.8544771 -0.05212759 -0.1548554 1.16181 0.06979244 0.1738274 1.02466 -0.1424002 0.0175637 0.890569 -0.07418042 0.2013131 0.8480884 -0.1340046 -0.1368333 1.057467 -0.08431267 -2.67065e-4 0.9199036 -0.1029517 -0.01248002 0.8582229 -0.145223 0.009351193 0.9720075 -0.1472745 0.004410743 1.003376 0.09853208 0.1190204 1.134334 -0.1150656 0.02100032 0.9548389 -0.1237929 -0.1507905 0.848973 0.002034664 0.166643 1.128897 -0.04874753 -0.2114422 0.921176 -0.1588873 -0.1194525 1.000633 -0.1580219 -0.1281681 0.9453554 -0.1710762 -0.06527286 1.012892 -0.1212744 -0.1714071 0.9221785 -0.1212987 -0.1019396 1.155939 0.0959959 -0.1317914 1.154415 0.003183007 -0.171921 1.147058 0.0764575 0.1517701 1.148308 0.07790613 -0.1554527 1.165844 -0.1125928 0.1172639 1.144994 -0.1445721 -0.009415209 1.160946 -0.1356095 0.07579272 1.163781 0.09877371 -0.123021 1.143448 -0.04174739 0.1638853 1.171208 0.09877371 0.123021 1.143448 0.09599578 0.1317912 1.154415 0.03308403 -0.1741266 1.15398 0.01083409 -0.174124 1.150531 -0.1301468 -0.3219156 1.588368 0.06126832 0.1375564 1.618834 -0.0595777 0.2402268 1.421276 -0.1262965 -0.2281148 1.45626 0.08015018 0.3836184 1.446348 0.0641089 -0.4185254 1.452714 0.0586555 0.1429867 1.621775 0.02506786 0.2531338 1.440174 0.04770791 0.42481 1.453694 -0.08566313 0.1535122 1.636288 0.07428693 0.2500068 1.499967 -0.1469749 0.3331491 1.553529 0.05100828 0.4397004 1.450098 -0.007352769 -0.2471567 1.403109 -0.1662034 0.1745638 1.553983 -0.146439 0.2337534 1.573098 0.07650333 0.2393863 1.502549 -0.1482655 0.2563449 1.548831 0.02195012 0.1766452 1.161664 -0.014696 -0.2008078 1.261369 -9.10191e-4 0.2592782 1.43185 -0.1245199 -0.2903943 1.592843 -0.03257453 -0.172096 1.188724 -0.02291435 -0.2177605 1.293192 -0.1436096 0.3511533 1.551429 -0.1690447 -0.1698001 1.556471 -0.1100842 -0.2346495 1.43228 0.04631233 0.1805862 1.233407 0.02486371 0.2499225 1.437666 0.04245573 0.4344177 1.446725 0.05981522 -0.4592773 1.461889 -0.1218347 0.1907595 1.611553 -0.05140042 -0.2407734 1.42727 -0.08691883 -0.153412 1.63577 -0.1517813 -0.2270832 1.486596 -0.1262975 0.228118 1.45626 -0.1070742 0.1523575 1.628337 -0.1784458 -0.199136 1.519768 0.03956705 0.5381749 1.449454 -0.009669303 0.2002869 1.260952 -0.1158443 0.2741197 1.597293 -0.05784618 -0.2418289 1.420898 0.01071453 -0.2578404 1.434955 0.02506184 -0.2531223 1.440187 -0.1164764 -0.2377879 1.602076 0.04341286 -0.2888327 1.434086 0.05902391 -0.3247927 1.429428 -0.1148533 -0.3531514 1.594235 0.03010791 0.2455086 1.419993 0.05857247 0.1294612 1.620185 0.04883551 -0.1120453 1.624856 0.08606868 0.3675835 1.443988 -0.1613811 -0.1587607 1.5707 -0.1397945 -0.152558 1.602581 -0.1208775 -0.3387711 1.598838 -0.1476123 0.3044371 1.556475 0.07068705 -0.1730712 1.609925 0.09157013 -0.3303341 1.449886 0.09176421 0.1989175 1.531028 -0.1070485 -0.1523855 1.628577 0.06126838 -0.1375564 1.618834 0.06417912 -0.2734649 1.465498 -0.1690054 0.2203751 1.512942 0.04542845 0.4248537 1.450055 0.03962886 -0.538024 1.449611 -0.01929217 0.2201162 1.303642 0.05251008 -0.4405778 1.453006 -0.1653242 0.2137167 1.540317 0.1103014 -0.3595664 1.515627 -0.1231148 -0.1445536 1.619509 0.07675886 -0.2385326 1.50303 0.1039234 0.3273011 1.472973 0.03348225 -0.5320764 1.438059 0.007395267 -0.5752558 1.437619 0.06223529 -0.2684263 1.486786 0.0927518 0.2852647 1.499774 0.03581058 0.2206363 0.926873 0.02357745 0.2253291 0.9019277 -0.005370497 0.02366757 0.8937014 0.005567848 -0.1690135 1.129953 -0.03721755 -0.2177886 0.8581694 0.03492236 0.1809301 1.045977 0.03009468 -0.02000176 0.8800992 -0.03373211 -0.161696 1.102942 0.04854971 -0.185859 1.020934 -0.03043985 -0.02477359 0.9044682 -0.07352679 0.02339714 0.9137416 -1.4508e-4 0.2254075 0.8771432 -0.0263341 0.001185238 0.8812022 0.04737985 0.1933413 1.002676 -1.45082e-4 -0.2254075 0.8771432 -0.07673186 0.02538567 0.8955338 0.02360659 -0.22514 0.9019163 0.007395565 0.1694156 1.130985 0.01799678 -0.2024275 0.9850707 0.03581053 -0.2206363 0.926873 -0.07418042 -0.2013131 0.8480885 0.004958093 0.1708855 1.147301 -0.1190057 0.2479043 1.467599 -0.1430204 -0.1859834 1.290189 -0.1206403 -0.03771567 1.597736 0.06651598 0.3652458 1.602392 0.009825706 -0.1545098 1.641916 0.1127719 -0.1233584 1.514882 0.08693534 -0.177887 1.527154 0.09082436 -0.1231254 1.538405 0.05858427 -0.1294269 1.62021 0.09043109 -0.2305539 1.439048 0.1131571 0.123349 1.515178 0.09784585 -0.1566413 1.267584 0.09556996 -0.1623296 1.283535 0.101487 -0.1330738 1.191508 0.101487 0.1330738 1.191508 0.09784579 0.1566416 1.267585 0.0955699 0.1623305 1.283538 -0.09764158 -0.5838437 1.440671 -0.1231831 -0.5528822 1.447118 0.009867012 -0.4271497 1.422287 -0.1355018 -0.3544671 1.458782 0.04450345 -0.4357295 1.448067 0.05039775 -0.434053 1.452222 0.06019353 -0.4223811 1.452271 -0.1207205 -0.08342212 1.623529 0.04450815 0.4356904 1.448048 -0.127137 0.3843884 1.445759 0.06019371 0.4223806 1.452271 -0.1355018 0.3544674 1.458782 0.048828 0.4323086 1.449939 0.04203295 0.4302182 1.44668 0.0869345 0.1778872 1.527153 0.1023277 0.1975772 1.500985 0.1108251 -0.3524792 1.504931 -0.06832301 -0.0205155 0.9136711 0.107909 -0.1245583 1.002612 0.04636472 -0.2151568 0.9405194 0.01283967 -0.2261886 0.8882699 0.01283967 0.2261886 0.8882699 0.04636478 0.2151568 0.9405194 0.107909 0.1245583 1.002612 -0.1514432 0.02063858 0.9004746 -0.1255502 0.1466103 0.8487519 -0.05634081 0.2105911 0.8521246 -0.05634087 -0.2105911 0.8521246 -0.09180074 -0.1881191 0.8467214</float_array>
          <technique_common>
            <accessor source="#GanondorfRobe_LOD1-mesh-positions-array" count="1081" stride="3">
              <param name="X" type="float"/>
              <param name="Y" type="float"/>
              <param name="Z" type="float"/>
            </accessor>
          </technique_common>
        </source>
        <source id="GanondorfRobe_LOD1-mesh-normals">
          <float_array id="GanondorfRobe_LOD1-mesh-normals-array" count="3243">0.2946351 -0.7907928 0.5365045 0.1852281 0.1371686 0.9730753 0.7546334 -0.6386499 0.1505151 -0.0238741 0.9656807 0.2586324 0.316824 -0.2494106 -0.915105 0.08217132 0.5430316 0.8356821 -0.7153255 0.683447 0.1456354 -0.5733927 0.7351839 -0.3615599 -0.964863 0.2626209 0.008358538 -0.3403864 0.8392803 0.4239646 0.4040119 0.8134007 0.4185139 0.3004468 0.7812007 0.547227 0.8220502 0.1177631 0.5571044 -0.2622179 0.9402369 -0.2172471 0.04072028 0.9873117 0.153485 -0.074602 0.8964859 -0.4367467 0.0374853 0.9585386 -0.2824863 -0.04414421 0.9553606 -0.2921259 -0.252754 0.8861946 -0.388297 -0.2374312 0.9365568 -0.2578519 0.2153186 0.9446789 -0.2474262 0.06065517 0.9494661 -0.3079532 -0.5871197 0.7847772 -0.1985332 -0.815989 0.3682213 -0.445618 0.03465104 0.9101288 -0.4128738 -0.03188329 0.9584633 -0.283428 -0.1104313 0.8638766 -0.4914493 0.212175 0.9090893 -0.3585226 0.2972421 0.8993058 -0.3207747 -0.1181827 0.9230514 -0.3660724 -0.2408143 0.9288328 -0.2815637 -0.3709707 0.9270711 -0.05403625 -0.5432368 0.8328347 -0.1062088 -0.6836042 0.7254375 -0.08016073 -0.8713063 0.4854791 0.07166194 -0.828224 0.5549525 -0.07792866 -0.9044104 0.4206719 0.07125526 -0.8153933 0.5035231 -0.2856544 -0.9379731 0.2644068 -0.2242673 -0.9217358 0.1528401 -0.3564311 -0.9930201 0.1167739 -0.01658374 -0.9910383 -0.1083416 -0.07813608 -0.9787055 -0.2052455 -0.003118157 -0.9744666 -0.03533351 -0.2217351 -0.5338729 0.7956761 -0.2861455 -0.4172788 0.8195441 -0.3927159 -0.4473919 0.6932556 -0.5650108 -0.2683308 0.7827745 -0.5614827 -0.9836377 -0.1736696 -0.04791432 -0.9706158 -0.01763778 -0.2399874 -0.7561643 0.5371912 -0.3736862 -0.8859985 0.232541 -0.4011626 -0.7053229 0.4761326 -0.5251834 -0.8013492 0.3728551 -0.4677807 -0.9399415 0.1370168 -0.3126283 -0.5714361 0.5792334 -0.5813342 -0.7906323 0.3745062 -0.4844024 -0.5203632 0.6568999 -0.5456232 -0.7153836 0.4733864 -0.5139374 -0.3734761 0.7621782 -0.5287722 -0.6565034 0.6556199 -0.3730494 -0.2996833 0.8795614 -0.3695427 -0.5709331 0.8086436 -0.1418843 -0.4196549 0.9070669 0.03346103 -0.3193825 0.9202502 -0.2261294 -0.2779614 0.9430425 -0.1827796 -0.2629981 0.9589059 -0.1064494 -0.3330904 0.8534443 -0.4008538 0.04471355 0.9896543 -0.1363268 -0.2433432 0.9564484 -0.161216 -0.6359972 0.7160575 0.2876964 -0.8121257 0.5739419 0.1050847 -0.8948964 0.3661552 -0.2551292 -0.9712607 0.2357032 -0.03311699 -0.9607731 0.1244471 -0.2478469 -0.9137529 0.1867389 -0.3608105 -0.9584739 0.05130845 -0.2805269 -0.9952509 0.006856024 -0.0971018 -0.9748629 -0.01745277 -0.2221212 -0.9737895 0.02115982 -0.2264654 -0.9709506 0.01909965 -0.2385172 -0.9345211 -0.1450507 -0.3250089 -0.9976768 0.0323199 0.0599702 -0.9065046 0.3112714 0.285236 -0.9527636 -0.03942465 0.3011435 -0.971746 0.04183083 -0.2322929 -0.9933235 0.0321868 0.1107822 -0.9614463 -0.1519272 -0.2292142 -0.970964 -0.2367397 0.03439658 -0.9646178 0.1228727 0.2332702 -0.9760285 0.03589385 0.2146632 -0.9046815 0.09947592 0.4143139 -0.9651922 0.2507702 0.07428544 -0.9890004 0.1126592 0.09584408 -0.9283837 -0.3695034 0.03963345 -0.9532179 -0.2873939 0.09370416 -0.9830769 0.1739724 -0.05738782 -0.9952026 0.03015875 0.09307152 -0.9059877 -0.2995942 -0.2990481 -0.8132149 -0.3427167 -0.4703475 -0.707069 -0.5099669 -0.489885 -0.9511071 0.2945195 0.0930258 -0.8737787 -0.3035641 -0.3799473 -0.9157764 -0.1292449 -0.3803281 -0.7686843 -0.3974417 -0.5011633 -0.4080018 -0.7046523 -0.5805169 -0.483655 -0.6764646 -0.555404 -0.2813119 -0.7737788 -0.5675649 -0.4731419 -0.7851619 -0.3995721 -0.2521698 -0.906614 -0.3383217 -0.2904569 -0.9177649 -0.2708179 -0.7272722 -0.5918892 -0.3474803 -0.6292309 -0.5298906 -0.5685811 -0.8556893 -0.4398266 -0.272669 -0.5933145 -0.7382844 -0.3208025 -0.9737179 0.07003408 -0.2167227 -0.9730672 0.2297258 -0.01914149 -0.954124 0.2588942 0.1504039 -0.8829595 0.4145781 0.2202444 -0.967399 0.1115653 0.2273598 -0.8808467 0.2999306 0.3662661 -0.2436259 -0.9227359 -0.2986721 -0.05100017 -0.9635379 -0.2626667 -0.135127 -0.9049404 -0.4035141 -0.2555641 -0.8177462 -0.5157307 0.02632242 -0.9044891 -0.4256839 -0.2923957 -0.8941717 -0.3390603 -0.4865768 -0.7762671 -0.4008147 0.1824138 -0.9439187 -0.2752138 0.3095132 -0.8983756 -0.3116455 0.0721237 -0.9409934 -0.3306505 -0.03640347 -0.9586719 -0.2821758 -0.06026822 -0.8940746 -0.4438452 -0.2437047 -0.8856254 -0.3953173 -0.3945091 -0.8837292 -0.2517642 -0.4851758 -0.8602613 -0.1567004 -0.6824984 -0.7308002 -0.01127487 -0.856199 -0.5070245 0.09924447 -0.676926 -0.6887202 -0.2596842 -0.4072157 -0.8897885 -0.206039 -0.7705824 -0.5463416 -0.3281978 -0.8960974 -0.4363738 0.08116281 -0.6685886 -0.742375 -0.04322785 -0.3263677 -0.9450955 0.01669317 -0.5385202 -0.8239652 0.176288 -0.3235805 -0.921361 -0.2153826 -0.269302 -0.9487498 -0.1653791 -0.1468563 -0.9794397 -0.1383155 -0.2524353 -0.9421329 -0.2205951 0.04880821 -0.9949252 -0.08798766 0.02456021 -0.9672904 -0.2524799 -0.9551844 -0.2854698 0.07829296 -0.9573203 0.1445824 0.2502676 -0.9816675 -0.1340982 0.1354502 -0.9392132 -0.1336415 0.3162571 -0.9658029 -0.1108893 0.2343683 -0.8740613 -0.1488396 0.462454 -0.9555513 -0.2841388 -0.07865661 -0.9772663 0.03339797 0.2093687 -0.9963164 -0.05627298 -0.06470704 -0.9101933 -0.410241 0.05701434 -0.9533433 -0.2171986 -0.2096697 -0.6276683 0.5539379 0.5469784 -0.7341287 0.409312 0.5417738 -0.8081008 0.3492053 0.4743721 -0.8624435 0.445211 0.2407876 -0.6010277 0.482492 0.6371555 -0.8103796 0.1398681 0.5689658 -0.942542 0.00887829 0.3339701 -0.8848439 0.1174539 0.4508392 -0.7893619 -0.4647219 -0.4011749 -0.8943184 0.1192253 0.431254 -0.7816207 0.1878479 0.5947961 -0.4840317 -0.558319 0.6737903 -0.5749683 -0.4243573 0.699523 -0.5802923 -0.5084235 0.6362127 -0.8321106 -0.1140761 0.5427511 -0.7677565 -0.381984 0.5144301 -0.9358494 -0.2311724 0.2659798 -0.8944826 -0.03022474 0.4460799 -0.7072271 0.1719389 0.6857601 -0.7217533 0.1734679 0.6700606 -0.7430532 -0.04297411 0.6678512 -0.5902731 -0.1019285 0.8007425 -0.7782762 -0.373497 0.5047635 -0.4990505 -0.3214815 0.804735 -0.567632 0.1793112 0.8035181 -0.7342013 0.1798539 0.6546763 -0.5747087 0.2165012 0.7892004 -0.7318156 0.5537035 0.397314 -0.8307873 0.2861793 0.4773827 -0.6910387 -0.3652708 -0.623733 -0.5765096 0.2755213 0.7692364 -0.6713839 0.4460194 0.5918703 -0.8342965 0.238588 0.4970163 -0.3917616 0.2179945 0.8938687 -0.1948326 0.1281388 0.9724304 -0.3740425 -0.1803393 0.9097087 -0.3113441 -0.1524271 0.937993 -0.5404537 -0.04527431 0.8401549 -0.03677189 -0.2018628 0.9787233 -0.003254354 -0.1136358 0.9935172 0.152396 -0.3923606 0.907099 0.4027575 -0.2489368 0.8808047 0.2383259 -0.2699957 0.9329004 0.4135946 -0.3835122 0.8257469 0.5808679 -0.145576 0.8008746 0.6558992 -0.4454165 0.6094262 -0.7830431 0.1109484 0.6119919 -0.1967563 0.1095732 0.9743105 0.05107498 0.2151674 0.9752408 -0.6406917 -0.1293168 0.7568298 -0.835388 -0.04959148 0.5474191 -0.7553401 -0.1225922 0.6437644 -0.6896343 0.1610227 0.7060285 -0.405144 0.1918708 0.8938926 -0.8465729 -0.06016969 0.5288612 -0.7868693 0.2442368 0.5667319 0.3824932 0.1287669 0.9149416 0.3955572 0.296232 0.8693567 0.735551 0.1986029 0.6477049 0.03473246 0.2274004 0.9731818 -0.1762906 0.2713654 0.9461937 0.2176395 0.2827151 0.9341869 0.9099766 0.1796571 0.3737193 0.6680545 0.267877 0.6942226 0.9723193 0.213932 0.09395885 0.9977222 0.0343557 -0.05805432 0.9255262 0.1249716 -0.3574683 0.8213522 -0.2219597 0.5254661 0.9744518 -0.05111068 0.2187039 0.8775123 0.0305559 -0.4785796 0.6030097 0.7211871 -0.3409818 0.6055639 0.7317378 -0.3128135 0.8779849 0.4773754 0.03542989 0.9635373 0.1246817 0.2367492 0.9611281 0.03069305 0.2743917 0.705854 -0.5966991 -0.3817334 0.9697365 0.2101197 -0.1243421 0.8735256 -0.3896795 -0.2917243 0.8988083 -0.4355085 0.04976111 0.8811447 -0.4068765 0.2409062 0.8749321 -0.2692002 0.4025233 0.9695029 -0.03401225 0.2427083 0.9639168 -0.2063876 0.1681324 0.8081401 -0.1087751 0.5788589 0.5489231 -0.1820101 0.8158161 0.8746924 0.03944629 0.4830706 0.6265639 0.1091964 0.7716826 0.9956452 -0.09294348 0.007223904 0.9872813 0.1573848 0.02248615 0.9358929 -0.323493 -0.1394873 0.9134914 -0.3259431 -0.2435051 0.8163321 -0.5447592 -0.1919363 0.7042692 -0.468056 -0.5337871 0.5725406 -0.6958529 -0.4335736 0.6711623 -0.5265519 -0.5218089 0.3017987 0.2680856 0.9149031 0.3238441 0.06029033 0.9441876 -0.09204405 0.2995035 0.949645 0.09253931 0.1684352 0.9813594 0.8599787 -0.1845121 0.4758067 0.5864493 -0.320882 0.7437151 0.8083217 -0.1615201 0.5661514 0.9513024 -0.1383051 0.2754913 0.9712671 0.1072713 0.2124458 0.9434214 0.3171208 -0.09690546 0.9684495 -0.005523264 -0.2491486 0.9923637 -0.1233031 0.003288209 0.8913322 -0.4531456 -0.01364398 0.90817 -0.1683042 -0.3832766 0.9198401 -0.3382859 0.1986377 0.9650501 -0.1649088 0.2036749 0.02985978 -0.110337 0.9934456 -0.07625639 -0.2061175 0.9755515 0.1948677 -0.1886989 0.9625069 0.07607823 -0.2452613 0.9664673 0.2676281 -0.3041763 0.9142495 0.5996762 -0.2706812 0.7530738 0.5110384 -0.1025348 0.8534204 0.0340166 -0.09140974 0.9952322 -0.04153943 -0.2342634 0.9712854 -0.2761193 -0.2099282 0.937917 -0.417083 -0.198705 0.8868812 -0.3630424 -0.2541176 0.8964511 -0.5743203 -0.2596003 0.7763787 -0.1619328 -0.2391986 0.9573723 0.8145948 -0.04217153 0.5784956 0.6259021 -0.7033805 -0.3369013 0.9432109 -0.2170025 0.251522 0.9460608 -0.04976421 0.3201444 0.9130451 0.08019852 0.399896 0.811196 0.09027707 0.5777639 -0.2723612 -0.1223709 0.9543819 -0.4725363 -0.164389 0.8658439 -0.7434018 -0.1500861 0.6517884 -0.6378046 -0.1825217 0.7482587 -0.5960689 -0.1813283 0.7821906 -0.8199453 -0.1603075 0.5495374 -0.7951807 -0.2733131 0.5412834 -0.7936127 -0.2412229 0.5585612 -0.08351773 -0.1153141 0.9898118 0.3762761 -0.2825499 0.8823729 -0.4372587 0.04504632 0.898207 -0.7059503 -0.01732116 0.7080496 -0.8770257 0.02760696 0.4796498 -0.9138803 0.0330556 0.4046357 -0.3627743 0.1605381 0.9179447 -0.6002422 0.04442036 0.7985839 0.6657029 0.1626243 0.7282809 0.8557136 0.2468828 0.4547563 0.9081634 0.4016988 0.1178018 0.8543102 0.3125685 0.4152773 0.6013385 -0.1306511 0.7882401 0.5740891 0.1552049 0.8039485 0.4576221 -0.1401189 0.8780369 0.1535874 -0.1190712 0.9809348 -0.7135463 0.1044574 0.6927773 -0.8086867 -0.0378434 0.5870211 -0.06905561 0.1782181 0.9815649 0.398305 0.2258528 0.8890128 0.221763 0.1946985 0.9554653 -0.8330429 -0.2639418 0.4861834 -0.6901276 -0.2292179 0.6864277 -0.9130476 -0.1234121 0.3887333 0.3831926 0.3613042 0.8500723 0.5406786 0.1735844 0.8231253 0.09650832 0.2276772 0.9689424 0.3446847 -0.07999676 0.9353037 0.05511325 -0.1316216 0.9897668 0.2981036 -0.259184 0.9186719 0.6285651 -0.1139394 0.7693659 0.9643982 0.1805341 0.1932447 0.797182 0.1159363 0.5925028 0.8730751 -0.04520952 0.4854856 0.972744 0.01156228 0.2315933 -0.6272227 -0.4631626 0.6261568 -0.4301845 -0.2434454 0.8692961 -0.4098926 -0.01803892 0.9119554 -0.2132394 -0.1658677 0.9628171 -0.209223 0.2193722 0.9529438 -0.07454258 -0.3020232 0.9503818 0.9183015 -0.2551267 0.3027095 0.915956 -0.1695038 0.363721 0.894099 -0.3507769 0.2784649 0.9005714 -0.2176029 0.3763246 0.8869197 -0.1572171 0.434346 0.6538314 -0.1649613 0.7384391 0.7565417 0.06266027 0.6509364 0.8004071 -0.0636785 0.5960652 0.7151323 -0.05993658 0.6964147 0.674709 0.1493854 0.7228083 0.6879714 0.08080667 0.7212251 0.7541826 0.2139953 0.6208177 0.7906861 -0.1505209 0.5934298 0.7743338 0.2321904 0.5886381 0.8209128 0.2386056 0.5188155 0.7639445 -0.5097236 0.3956903 0.8331223 -0.5244781 0.1755848 0.7695246 -0.2653928 0.5808603 -0.08032017 -0.1888111 0.9787232 0.8829908 0.1079684 0.4568045 0.8098881 0.2538977 0.5287885 0.7660701 0.3490872 0.539699 0.6001349 -0.7960824 0.07804608 0.3075697 -0.9449094 -0.1120146 0.4869536 -0.8643184 -0.1258174 0.7855391 -0.5549126 0.273862 0.8389797 -0.3832526 0.3863037 -0.5356046 -0.5480337 0.642485 -0.880007 0.06730926 -0.4701672 -0.09898614 0.8052136 0.5846648 0.8099336 0.3769399 0.4493598 0.7075442 0.4104255 0.5752671 0.2400825 0.3372105 -0.9103019 0.9934045 0.07049775 0.09043049 0.8944647 0.4147449 0.1670916 0.3956345 0.6030419 0.692686 0.8468288 0.2030393 0.4915852 0.7064617 -0.672071 0.2218837 0.4876558 -0.8660184 0.110472 0.2746228 -0.9319957 -0.2365724 0.7641924 0.2612432 0.5897136 0.7432941 0.1449986 0.6530616 0.3011339 0.4786888 -0.8247275 0.2250563 0.6093569 -0.7602854 0.4799581 -0.8442398 -0.2385361 0.5213536 -0.7917099 -0.3184117 0.3811039 -0.8767138 -0.2934839 0.3346496 -0.8886914 -0.3134285 0.4333496 -0.8268156 -0.3585864 0.559054 -0.7321164 -0.3891842 0.5263932 -0.7377758 -0.4226076 0.4513222 -0.8453676 -0.285766 0.09803414 -0.9568046 -0.273705 0.286252 -0.9179577 -0.2746154 0.1960299 -0.9371005 -0.2888164 0.7265656 0.03666454 0.6861182 0.7219009 -0.6322052 -0.2813816 0.5964573 -0.7413359 -0.3076685 0.5618511 -0.6352686 -0.5298653 0.5949997 -0.6534376 -0.4679688 0.6180526 -0.7586328 -0.2061247 0.7291577 -0.6842995 0.00795561 0.7062455 -0.7060617 0.05190652 0.9168295 -0.3120346 0.2491149 0.8718559 -0.4711644 0.1336845 0.9153872 -0.3772113 0.1406344 0.8257838 -0.5182539 -0.2224731 0.8715279 -0.4418309 -0.2126611 0.5791516 -0.7023279 -0.4139071 0.7315747 -0.6042218 -0.3157762 0.5901693 -0.1480225 0.7935929 0.05880677 0.7833199 0.618831 0.8340183 0.1292644 0.5363807 0.8099088 0.4295273 0.3994424 0.1782831 0.2955402 0.9385473 0.89146 -0.1354562 0.4323779 0.8241573 -0.1898812 0.5335823 0.7428764 0.03884875 0.6683005 0.6040326 0.1328219 0.7858135 0.7354217 -0.1233962 0.6662796 0.5656905 0.1880787 0.8028827 0.8751483 0.07767713 0.4775791 0.8862779 0.1057366 0.4509227 0.8800064 0.1855595 0.4372146 0.8984732 0.2091274 0.3860203 0.9188368 0.2465587 0.3081361 0.897882 0.3693029 0.239632 0.6255691 0.7744721 -0.09410816 0.7804445 0.6171433 0.1002036 0.8525065 0.5123637 0.1035192 0.8274593 0.4874343 0.2787811 0.6071245 0.6757259 -0.4180843 0.5015953 0.7510673 -0.4293018 0.4739136 0.831606 -0.2895467 -0.6829807 -0.6651779 0.3017877 0.6745215 0.5948644 -0.4372153 0.9203124 0.3321952 0.2065711 0.6509173 0.7391993 -0.1728909 0.8476701 0.5078672 -0.1533832 0.8131786 0.4616584 -0.354418 0.9286353 0.3452293 0.1358425 0.9584313 0.2514911 -0.1347652 0.5246593 0.7335065 -0.4320889 0.4524406 0.804761 -0.3842621 0.5642219 0.6904976 -0.452622 0.7607654 0.6324381 -0.1458012 0.8788974 0.3787115 0.2900295 0.3263599 0.8936505 -0.3080227 0.2721484 0.9460973 -0.1756001 0.1553843 0.9440327 -0.2909607 0.3865591 0.8793395 -0.2780905 0.484259 0.8283048 -0.2817879 0.5580664 0.6472533 -0.5192543 0.1896423 0.9494729 -0.2500746 0.3193345 0.9117643 -0.2582857 0.4094623 0.9122878 0.00846219 0.4692268 0.8804875 0.06758654 0.6194039 0.7056835 0.3440197 0.6572639 0.7023854 0.2732377 0.9318634 0.2617523 0.25123 0.9724352 0.03232407 0.2309224 0.4784567 -0.5600567 -0.6763252 0.8785235 -0.1783717 0.4431481 0.7768224 -0.1530027 0.6108495 0.8688215 0.001436054 0.4951236 0.8249564 -0.2352934 0.5138911 0.7224743 -0.1475126 0.6754783 0.9415872 -0.1880534 0.2793737 0.007442355 -0.9545649 -0.29791 0.7369267 -0.2689038 0.6201854 0.4492736 -0.874398 -0.1832526 0.6042823 -0.7726757 -0.1944616 0.8114746 -0.5659416 -0.1456684 0.759016 -0.6178897 -0.2051999 0.7308717 -0.6685687 -0.1372675 -0.02102297 -0.9906403 0.1348702 0.1831682 -0.96721 -0.1759383 0.1641654 -0.9711355 -0.173048 0.6335508 -0.7552034 -0.1681701 0.4372989 -0.8757594 -0.2044875 0.3940573 -0.9108499 -0.1227658 0.7735386 -0.6072989 -0.1811801 0.7530391 -0.6355534 -0.1703053 0.6164082 -0.7756255 -0.1358159 0.5876773 -0.7979388 -0.1338996 0.2154002 -0.9076127 -0.3603359 0.8370534 -0.5057852 -0.2086219 0.6577948 0.7384974 -0.1480801 0.7705239 0.62599 -0.1201239 0.7382543 0.6547408 -0.1621577 0.755909 0.6306067 -0.175889 0.640625 0.7545277 -0.1424345 0.528383 0.8338668 -0.1596168 0.6085565 0.7785405 -0.1534073 0.7697885 0.6146341 -0.1721937 0.3954761 0.9084056 -0.1356388 0.6070551 0.7768608 -0.1672472 0.7303356 0.6334879 -0.2555445 0.7957147 0.5906352 -0.1341198 0.6552757 0.7391844 -0.1556287 0.1079208 0.9898011 -0.09298914 0.2817441 0.9341773 -0.2189363 -0.1006491 0.9858437 -0.134097 0.128732 0.9831615 -0.1296984 0.3850068 0.9051155 -0.1803767 -0.5269895 -0.2516204 -0.8117694 -0.5073049 -0.2067288 -0.8366032 -0.3622692 -0.2640062 -0.8939025 -0.6843205 -0.05569863 -0.727051 -0.799619 -0.122455 -0.5878897 -0.8846388 -0.02788037 -0.4654427 -0.7342559 -0.07448613 -0.6747741 -0.6931846 0.1135506 -0.7117593 -0.8516085 -0.00155574 -0.524176 -0.8003863 -0.09006762 -0.5926801 -0.6829249 -0.07277184 -0.7268548 -0.6515145 -0.2111589 -0.728657 -0.9952166 3.42621e-4 -0.09769254 -0.9825506 -0.1126774 0.1479806 -0.8864875 -0.235384 0.3984149 -0.9639645 -0.2548053 -0.07646447 -0.9967998 -0.05868911 -0.05427521 -0.9750534 0.06161433 -0.213248 -0.5213668 0.04734319 -0.8520184 -0.6508477 -0.05800098 -0.7569895 -0.4661473 0.2072466 -0.8600905 -0.7271738 0.07596367 -0.6822374 0.2549832 -0.2745893 -0.9271377 0.1723511 -0.1959281 -0.9653536 -0.03922486 -0.2997562 -0.9532091 -0.008883535 -0.3421607 -0.9395995 -0.1966494 -0.2731987 -0.9416429 -0.203022 -0.1716802 -0.9640062 0.01152378 -0.1192003 -0.9928033 -0.3855085 0.0115804 -0.9226318 -0.5268444 0.04710155 -0.8486558 -0.152007 0.06357145 -0.986333 -0.2610523 0.115594 -0.9583788 0.005400478 0.1393175 -0.9902331 -0.2615551 0.1262943 -0.9568902 -0.04967844 0.02882325 -0.9983493 -0.1947252 0.05151253 -0.9795043 -0.4824527 -0.02727353 -0.8754974 -0.5858701 0.1127319 -0.8025259 -0.6786079 -0.001918315 -0.7344983 -0.4215062 -0.2051866 -0.8833069 0.2833791 -0.2649628 -0.9216784 0.2237038 -0.08748531 -0.9707229 0.4331735 -0.1018592 -0.8955364 0.2673724 0.2082973 -0.9408105 0.1855978 0.06951433 -0.9801639 0.3880602 0.4547907 -0.8016077 0.3207358 -0.690023 -0.6488428 0.1345801 0.02069854 -0.9906866 0.01899886 -0.1024218 -0.9945597 -0.2016139 -0.08552581 -0.975724 -0.4937847 0.1372039 -0.8586919 -0.1783902 0.06888604 -0.9815456 -0.661342 -0.002757251 -0.7500795 -0.7249718 0.3947301 -0.5644502 -0.9042535 0.05708712 -0.4231629 0.4193093 0.4861784 -0.7666879 0.5500515 0.6951001 -0.4629032 0.6914344 0.4712924 -0.5475419 -0.02103203 0.9895269 -0.1428091 0.465102 0.1960936 -0.8632657 0.1901898 0.4622761 -0.8660997 0.2420125 0.06717449 -0.9679451 0.0108819 0.1839414 -0.982877 0.1035594 -0.06501996 -0.9924958 0.1991856 -0.2265927 -0.9534049 0.3466205 -0.04790216 -0.9367815 0.4492226 -0.3106057 -0.8376893 0.383482 -0.2682379 -0.8837364 -0.7552695 -0.5731148 -0.317974 0.08779132 0.8308377 -0.5495466 0.508245 0.236666 -0.8280557 0.5912333 0.1780154 -0.7866091 0.6337313 0.08760142 -0.7685772 0.6354361 -0.01182454 -0.772063 0.7329786 0.03188753 -0.679504 0.7941311 -0.01864773 -0.6074604 0.8075615 -0.02686363 -0.5891714 0.7185038 -0.08069396 -0.6908262 0.5316427 0.1696851 -0.829797 0.5384066 0.3734987 -0.755392 0.5066973 0.06058764 -0.8599925 0.4924568 -0.1030236 -0.8642179 0.5399369 -0.3522199 -0.7644667 0.5095683 -0.3653698 -0.7790026 -0.8118382 0.04803019 -0.5819038 -0.378416 0.1243283 -0.917248 -0.2497485 0.3153662 -0.9155162 0.02225571 0.4937552 -0.8693162 0.1561619 0.8173751 -0.5545374 0.2555677 0.964671 -0.06399339 0.6068943 0.6612643 -0.4409183 0.4140328 0.8873733 -0.2028436 0.7819613 -0.08702504 -0.6172221 0.3014521 -0.5475057 -0.780618 0.3866248 0.2698425 -0.8818767 0.1471889 0.03980797 -0.9883071 0.03803712 0.5096828 -0.8595212 0.09187781 -0.281288 -0.9552149 -0.2278952 -0.09193658 -0.9693356 0.3236687 0.826739 0.4601535 -0.3245913 0.5060122 -0.7991197 0.7343135 0.6496585 0.1967934 0.4299653 -0.758619 -0.4895175 0.5735641 -0.7114453 -0.4060419 -0.3575088 0.7190685 -0.5959262 -0.6588906 -0.009707152 -0.7521762 -0.7111398 0.1990723 -0.6742777 -0.8597005 -0.1514796 -0.4878208 0.01449525 -0.9851279 0.1712107 -0.8933663 0.3696722 -0.2554194 -0.9676923 0.1527621 -0.2005878 -0.9395563 -0.1881328 0.2860773 -0.9231226 -0.3845058 9.97335e-5 -0.9500883 -0.2378865 0.201847 -0.94925 -0.1689553 0.2652898 -0.9989768 0.01995843 0.04058253 -0.9710307 -0.146972 -0.1884106 -0.9509634 0.00402987 -0.3092772 -0.8366981 -0.03201687 -0.5467277 -0.6927532 0.09542691 -0.7148334 -0.4850382 0.08521234 -0.8703314 -0.9045963 -0.1067863 -0.4126772 -0.1384158 0.2604754 -0.955507 -0.04745787 -0.07038801 -0.9963901 -0.3331734 -0.1835048 -0.9248359 -0.6965546 -0.2721848 -0.6638728 -0.8369781 -0.1729517 -0.5191872 -0.5278705 0.01183754 -0.8492425 -0.9797954 -0.06381624 -0.1895481 -0.9849917 -0.03614449 0.1687751 -0.2762535 -0.946461 -0.1670195 -0.4464727 -0.8847991 -0.1333898 -0.6702079 -0.732846 0.1172952 -0.6476044 -0.7567355 -0.08921968 -0.7714306 -0.5691433 0.2845538 -0.8843212 -0.1594948 0.4387912 -0.2787856 -0.858155 0.4311019 0.2318269 -0.8527906 0.467979 0.7577322 -0.1954613 0.622605 0.1824523 -0.8299207 0.5272029 0.1537806 -0.108881 0.9820878 0.04212778 -0.9934204 0.1064955 -0.04853254 -0.9506651 0.3063994 -0.7936242 -0.600879 -0.09542161 -0.8425145 -0.08489274 0.5319423 -0.6259978 -0.2421956 0.7412612 -0.613168 -0.2824658 0.737725 -0.7273132 0.1876667 0.660149 -0.8846715 -0.01303744 0.4660325 -0.7885407 -0.1624813 0.5931303 -0.5413534 0.5096851 0.6686984 -0.5217276 0.5640869 0.6400049 -0.7478154 -0.03829503 0.6628014 -0.5655461 0.3171375 0.7613025 0.1618894 0.7279077 -0.6662899 0.4906372 0.2237164 -0.8421556 0.4483922 0.1150836 -0.8863973 -0.5172368 0.05742174 -0.8539138 -0.4048694 -0.07751798 -0.9110827 -0.2181977 -0.08335876 -0.972338 -0.6143571 -0.05928575 -0.7867977 -0.4714937 0.02396059 -0.881544 -0.6435772 -0.03956544 -0.7643579 -0.5104083 -0.3087887 -0.8025791 0.1957253 0.2299947 -0.9533069 0.0742861 0.02781361 -0.996849 0.5137771 0.3231635 -0.7947317 0.5072746 0.3779664 -0.7744765 0.5404389 0.3497124 -0.7652627 0.3297801 0.06061398 -0.9421099 0.4415163 0.29007 -0.8490718 0.4821445 0.105797 -0.8696803 0.4727387 -0.1900928 -0.860455 0.5166937 -0.05600124 -0.8543369 0.542279 -0.3729864 -0.7528709 -0.4751931 0.1783428 -0.861618 0.004013478 0.09616619 -0.9953572 0.09586393 0.05785584 -0.9937117 -0.3523877 -0.4879488 -0.7985793 0.04782462 -0.5912647 -0.8050583 -0.1532667 -0.8982805 -0.4118272 -0.7362396 -0.2155339 -0.6414799 0.2435272 0.4853208 -0.839737 0.1080035 0.1630721 -0.9806848 -0.2554326 0.1311635 -0.9578885 0.2360012 -0.4186553 -0.8769442 0.126437 -0.04799962 -0.9908127 0.457014 0.7167308 -0.5267212 0.02963697 -0.98886 -0.1458688 0.445166 -0.4966911 -0.7450672 0.2015811 -0.5293223 -0.8241256 0.2222942 -0.09324795 -0.9705103 -0.180711 0.08426022 -0.9799203 -0.3860498 -0.02195066 -0.9222168 -0.6971705 0.01156324 -0.7168121 0.395254 0.721058 -0.569078 -0.7702023 -0.01995515 -0.6374875 -0.5502294 -0.2822018 -0.7858816 -0.3861523 -0.1313678 -0.9130329 -0.6696733 -0.004958689 -0.7426394 -0.891936 0.1954288 -0.4077471 -0.8457603 -0.004624009 -0.533543 -0.7142555 0.148173 -0.6840204 -0.9713796 -0.01157623 -0.23725 -0.9846628 0.1731057 -0.02176517 -0.9280672 0.3682554 -0.05549234 -0.5427948 -0.1466276 -0.8269668 -0.3223403 0.126032 -0.9381965 -0.5653908 0.2537019 -0.7848367 -0.04481333 0.1044473 -0.9935204 0.1256376 -0.8235307 -0.5531838 0.03842097 -0.3757878 -0.9259089 -0.2769984 -0.3058437 -0.910896 -0.09870839 -0.0928381 -0.9907764 -0.4899626 -0.07968813 -0.8680936 -0.1410671 -0.2496016 -0.9580183 -0.6957573 -0.06876772 -0.7149775 -0.7674092 -0.3348808 -0.5467523 -0.7793346 -0.09268683 -0.6197151 -0.977582 0.08697068 -0.1917536 -0.8952962 -0.1097462 -0.4317414 -0.8870401 0.1535277 -0.4354183 -0.9737836 0.02834004 -0.2257044 -0.9989265 0.03814172 0.02628952 -0.9382956 0.1534542 0.3099249 -0.9495889 0.01157873 0.3132839 -0.8049314 0.2890786 0.5181882 -0.919901 0.3423368 0.1912793 -0.8931528 0.1737378 -0.4148413 -0.8903881 -0.4374548 -0.1258664 -0.7535463 0.09623801 -0.6503126 -0.9750767 0.1317589 0.1785081 -0.8683801 0.1578902 0.4700921 -0.8084651 0.1515302 0.5687029 -0.9448745 0.09075796 0.3146032 -0.8720495 0.2990357 0.3874372 -0.9817475 0.1399487 0.1287878 -0.955901 0.2841844 -0.07411319 -0.966465 0.1687169 -0.1935974 -0.5337077 -0.04226726 -0.8446121 -0.6348331 0.2853534 -0.7180254 -0.4133201 0.6286423 -0.6587681 -0.8290091 -0.1285219 -0.5442666 -0.8826073 0.01442068 -0.46989 -0.7208741 0.09280782 -0.686824 -0.8565319 -0.01680129 -0.5158206 -0.5481964 0.1619955 -0.8205109 -0.8028715 0.1171658 -0.5845252 -0.6396723 0.1724179 -0.7490605 -0.3617359 0.2474968 -0.8988285 -0.5354202 0.256728 -0.8046216 -0.3572984 0.2995094 -0.8846649 -0.3501208 -0.0731939 -0.9338405 -0.3871957 0.005548655 -0.921981 -0.1319009 0.1406102 -0.9812396 -0.03125584 -0.03631603 -0.9988515 -0.2147232 -0.08513391 -0.9729574 0.02348297 -0.131282 -0.9910669 -0.7342548 0.009499788 -0.6788076 -0.1129169 -0.1467545 -0.982707 0.1924969 -0.07393366 -0.9785085 0.2963793 -0.1945484 -0.9350456 0.446599 -0.2313703 -0.8643016 0.1834225 0.1284692 -0.9746035 0.5396445 -0.1282089 -0.8320735 -0.008401632 0.2985935 -0.9543434 -0.02103841 0.3318508 -0.9430974 0.1785656 0.2750579 -0.9446997 -0.2023686 0.2857645 -0.9366886 0.5001252 0.1192893 -0.8576974 0.7334814 0.0804336 -0.6749337 0.7747783 -0.0177111 -0.6319849 0.6832814 -0.11996 -0.7202335 0.6956192 0.04967439 -0.7166914 0.5444002 -0.3240094 -0.7737225 0.638414 -0.1826542 -0.7477065 0.7277052 0.5649137 -0.3889958 -0.6574294 0.05733799 0.7513315 0.5444589 0.267149 -0.7951076 0.6471757 0.3934481 -0.6529642 0.2713491 0.2493081 -0.9296318 0.7483057 0.237505 -0.6193788 0.7619543 0.2325453 -0.6044405 -0.3334326 0.2190276 0.9169785 -0.09731525 0.2012225 0.9746996 -0.6251011 0.1517433 0.7656518 -0.5852467 0.2820954 0.760203 0.09799897 0.1399688 0.9852944 0.3924944 0.1276975 0.9108466 0.4695227 0.3015528 0.8298279 0.6892117 0.09772568 0.7179394 0.8783253 0.1880064 0.4395435 0.4707022 -0.02773398 0.8818563 0.6826658 -0.01792198 0.730511 0.275732 0.02864509 0.9608078 -0.03829926 -0.01329231 0.9991779 0.09203052 0.2601754 0.9611655 -0.09327065 0.1559022 0.9833592 -0.261488 0.1600754 0.9518404 -0.4653816 0.149511 0.8723912 0.9252489 0.2562355 0.2797459 0.9260553 0.3003768 0.2284634 0.9259654 0.2451469 0.2872127 -0.9378821 -0.07117462 0.3395754 -0.8917213 -0.08642315 0.444257 -0.86171 -0.3651838 0.3522737 -0.942115 -0.2388661 0.2352918 -0.8206071 -0.4727243 0.3211475 -0.9139398 -0.3579763 0.1912252 -0.9878023 -0.1113148 0.1088846 -0.878301 -0.05403834 -0.4750446 0.9272788 0.3465226 0.1416909 -0.6207681 0.5484935 0.5601802 0.7595957 -0.2350008 0.6064561 0.1462665 -0.9891972 0.009746491 0.861141 -0.3298393 0.3868364 0.8007673 -0.2363669 0.5503657 0.8181972 -0.2357431 0.5243842 0.7735623 -0.3474563 0.5299769 0.7184392 -0.3550801 0.5981331 0.7770513 -0.2959046 0.5555464 0.9475075 0.2573945 0.1896777 0.6822563 0.7178952 0.1383945 0.4933946 0.8675932 -0.06199896 0.6420724 -0.2433376 -0.7270006 0.5462437 -0.3074618 -0.7791566 0.4583165 -0.2772149 -0.8444513 0.7941032 -0.1601988 -0.5862905 0.7757533 -0.2884466 -0.5612535 0.8138188 -0.08687782 -0.5745879 0.6410007 -0.6127428 -0.4622386 0.9938539 0.0441699 0.1015064 0.9943925 0.09699517 0.04213637 0.9729936 0.2220902 -0.06292498 0.8593269 0.472887 -0.1947697 0.8971778 0.3568933 -0.2601908 0.1264811 -0.9604024 -0.2482534 0.2779917 0.4929431 0.8244561 0.1534148 0.7678532 0.6219851 0.3354437 -0.3668161 0.8677117 0.4017152 -0.1892783 0.8959904 0.2300915 -0.8638457 0.4481391 0.05532652 -0.9774164 0.2039516 -0.01517581 -0.9998814 -0.002630889 0.6194946 -0.04412543 0.7837598 0.388006 -0.03579562 0.9209614 0.2664926 0.4838484 0.8335902 0.3050771 0.008456826 0.9522902 0.2345634 -0.4870405 0.8412917 0.1140901 -0.7544544 0.6463605 0.3708553 0.3840914 0.8455414 0.4924143 0.2532497 0.8327022 0.09406888 0.9512367 0.2937685 0.06823998 0.9969896 -0.03681129 0.2504637 0.8518032 0.4601079 0.808492 -0.5084182 0.2963982 0.879526 -0.380091 0.2862954 0.880558 -0.4126147 0.2331672 0.3049135 -0.8798813 0.3644679 0.3347714 -0.8725982 0.3556691 0.5999009 -0.7219564 0.3448159 0.5428186 -0.7818269 0.3067486 0.8342751 -0.410715 0.3678293 0.8719022 -0.3101881 0.3789066 0.7509847 -0.6481039 0.1264252 0.4034544 -0.903276 0.1460039 0.03678065 -0.9688023 0.2450904 -0.05725848 -0.9983444 0.005493819 0.03834825 -0.9498794 0.3102558 -0.1651499 -0.9379251 0.3049955 -0.1637462 -0.9752587 0.1485188 -0.02609342 -0.9622792 0.2708098 -0.05418562 -0.9835782 0.1721568 -0.02248728 -0.9927348 -0.1182033 0.6486551 -0.7605832 -0.02756696 -0.1453094 -0.9882439 0.04753088 -0.2889074 -0.9555024 0.0595625 0.6360919 0.7714895 -0.01382523 0.43923 0.8813493 0.1740703 -0.1615684 0.986624 0.02165436 0.7830526 0.6217765 -0.01492327 0.8546659 0.4880099 0.17718 0.7678007 0.6075385 0.203419 0.8810982 0.4084091 0.2384704 0.8183716 0.4945697 0.2926922 0.5636746 0.7707269 0.2970708 0.1699012 0.9535264 0.2488393 -0.4184612 0.9075638 0.03490453 -0.1102666 0.9727373 0.2040179 -0.07279837 0.9486247 0.307915 0.2579938 0.910481 0.3232082 -0.3202611 0.9423837 0.09667414 -0.1594133 0.9838538 0.08135819 -0.2757803 0.9597909 0.05240935 -0.1062116 0.9751473 0.1944404 -0.006054461 0.9513117 0.3081712 0.333418 0.8741015 0.3532408 0.4812352 0.6003284 0.6387633 0.599344 0.7219251 0.3458482 0.8341832 0.4192675 0.3582643 0.8883495 0.3616507 0.2829205 0.8865939 0.2797922 0.3683309 -0.412027 0.892629 -0.1828855 -0.5479384 0.8343731 -0.05987578 -0.1511713 0.9773867 -0.1478605 -0.7620469 0.6135111 -0.2070959 -0.1475902 0.9889959 -0.01021194 -0.7630015 0.5344746 -0.363546 -0.4129323 0.8967071 -0.1593844 -0.6036759 0.7610521 -0.2374349 -0.7417924 0.4810338 -0.4672801 -0.9530948 0.02051556 -0.3019762 -0.9450896 0.1299988 -0.2998431 -0.8993563 0.4232398 -0.109665 -0.9887796 0.1493802 7.96678e-4 -0.9948745 -0.08787226 -0.05003291 -0.285407 0.9489566 -0.1342545 -0.7943646 0.607225 -0.01621192 -0.2326911 0.9473703 0.2198737 -0.9877549 -0.1462079 0.05443948 -0.9138594 -0.3923961 0.104338 -0.9062203 -0.3858867 0.17279 -0.9934945 0.01638764 0.1126953 -0.9083087 0.4159331 -0.04444307 0.46261 0.7911946 0.4000039 0.6669343 -0.03364449 0.7443566 0.3264424 0.7292928 0.6013048 0.006966888 0.9986948 -0.0506004 0.274369 -0.789216 0.5494179 0.1427505 0.9846878 -0.1000622 0.1832038 -0.9818133 0.049793 -0.9436832 -0.3235169 -0.06927353 0.1690126 -0.9295297 0.3277338 -0.9565595 -0.2806617 -0.07888638 0.04301452 -0.9871227 0.1540737 -0.4329702 -0.8863572 -0.1640356 -0.3413612 -0.9260851 -0.1607453 0.4146372 -0.7154353 0.5623418 -0.2577476 -0.9454702 0.1991295 -0.7500598 -0.6516426 -0.1130151 -0.8351618 -0.5497956 0.01515537 -0.9976289 -0.01901984 0.06614267 -0.9989836 -0.04432916 0.008179545 -0.970454 0.0158478 0.2407652 -0.9741244 -0.03231716 0.2236902 -0.9648364 -0.1868619 0.1848604 -0.9559082 0.05378049 0.2886993 0.1396912 -0.9845507 0.1055762 0.2772823 0.9506223 0.1393987 -0.8699033 -0.2943112 0.3957895 -0.9116702 0.1228587 0.3921267 -0.9468656 -0.3014242 -0.1122007 -0.8015518 -0.4284289 -0.4170894 -0.6349153 -0.7099087 -0.304815 -0.9292591 0.01831829 0.3689743 -0.4254289 -0.8799243 -0.2115266 -0.4825442 -0.874834 -0.04262351 -0.7564308 -0.6228085 -0.1998048 -0.1539524 -0.984497 -0.08404934 -0.7838985 -0.5180501 -0.3422387 -0.9469614 -0.03557074 -0.3193726 -0.9352696 -0.1577613 -0.3168315 -0.9986719 -0.01804542 -0.04825925 -0.973726 0.221125 0.05442094 -0.9237736 0.3365839 0.1826304 -0.9097635 0.2411187 0.3379235 -0.7430275 0.5860464 0.3232024 -0.7143038 0.6587423 0.2362809 -0.5096331 0.8209916 0.2573847 -0.4758942 0.8373575 0.2689931 -0.9392226 0.1505897 -0.3085185 -0.9436897 0.3178969 -0.09160387 -0.7961284 0.5921191 0.124798 -0.5218251 0.8290009 0.201137 -0.7107863 0.6907938 0.1326154 -0.2837522 0.9330651 0.2210753 -0.4236755 0.8730527 -0.2414089 -0.2702383 0.9565512 0.1094583 -0.3672111 0.8916401 0.2648281 -0.8504586 0.5220431 0.06474089 -0.9043114 0.3654126 -0.2206689 -0.8088765 0.544119 -0.2228309 -0.7316833 0.6725763 -0.1108185 -0.9654901 0.2370527 -0.1078659 -0.8631646 0.5009092 -0.06353676 -0.9795894 -0.01950091 -0.2000613 -0.2813144 0.9267675 0.2489264 -0.613554 0.7896302 0.005984485 -0.5220038 0.8528898 0.00954777 -0.5337309 0.8399623 0.0979529 -0.3456141 0.9165913 0.2010257 -0.9291493 -0.3127865 -0.1970945 0.8062418 -0.5915522 -0.006343305 0.8624618 -0.475303 0.1739164 -0.9251422 -0.1289446 0.3570508 -0.9655633 0.1690838 0.197733 -0.9970907 0.07533502 0.01160824 -0.847343 0.3787457 0.3722386 -0.9593745 -0.162477 0.2306555 -0.7168214 -0.6722537 0.1850458 -0.645533 -0.7262067 0.2364552 -0.9067637 -0.01628744 0.4213246 -0.9102516 -0.2285589 0.3452576 -0.8273844 -0.4015454 0.3926789 -0.7621828 -0.5126141 0.3953531 -0.4870648 -0.8141829 0.3160287 -0.3480112 -0.9018638 0.2559882 -0.2606781 -0.946009 0.1926504 -0.2070089 -0.935685 0.2857288 -0.2163302 -0.9725956 -0.08520036 -0.3509355 -0.9284806 0.1215232 -0.4503332 -0.8637755 0.2260355 -0.5107337 -0.8482754 0.1399284 -0.5100593 -0.8598732 0.02139037 -0.7249074 -0.6743741 -0.1404602 -0.6057236 -0.7938058 -0.05450981 -0.3452877 -0.9172973 0.1983482 -0.5491178 -0.8326384 0.07199424 -0.6491793 -0.7590279 0.04942589 -0.8237634 -0.5195354 -0.2269295 -0.7585223 -0.6459246 0.08617126 -0.9258273 -0.3709328 -0.07247525 -0.9479721 -0.186857 -0.2577468 -0.9128848 -0.343326 -0.220836 -0.9646145 -0.2393239 -0.110648 -0.9261421 0.3165767 -0.2050365 -0.9794352 0.02184092 -0.2005738 -0.9718013 -0.051759 0.2300508 -0.9670633 0.1506006 0.2052029 0.03140127 -0.1088776 0.9935591 0.2142698 -0.04784566 0.9756021 0.4387217 0.05361354 0.8970222 0.7013368 0.04411584 0.7114637 0.7987784 0.245532 0.5492424 0.75868 0.1925963 0.6223434 0.9201223 -0.2959043 0.2565455 0.9126589 -0.3114475 0.2646774 0.6221981 -0.09902596 0.7765716 0.8038976 0.06618052 0.5910742 0.6024016 -0.779724 -0.170713 0.6275972 -0.7536302 -0.1953544 0.7635933 -0.584631 -0.2741022 0.7382546 -0.6579893 -0.1484261 0.7548758 -0.6430485 -0.129039 0.7192851 0.640463 -0.2691399 0.7807346 0.6211904 -0.06764757 0.758901 0.588649 -0.2784994 0.5907192 0.7375705 -0.3271707 0.5949247 0.7827521 -0.182658 -0.3593673 0.06323862 -0.9310511 -0.5899142 -0.2288752 -0.7743498 -0.7089693 -0.1734533 -0.6835763 -0.7755421 0.0976231 -0.6237021 -0.2134774 0.1105906 -0.9706684 0.5037189 -0.388638 -0.7715101 0.3051733 0.4040698 -0.8623207 -0.5692916 -0.1470853 -0.8088716 -0.9773929 -0.01144444 -0.2111214 -0.739095 -0.2929873 -0.6065453 -0.8262903 -0.02163475 -0.5628288 0.6298334 -0.6015304 0.4913971 0.7808251 -0.2801195 0.5584309 0.2567597 -0.4231839 0.8689016 0.5785653 -0.5759783 0.5775044 0.1676426 -0.9145653 0.3680576 -0.08699697 -0.9914622 0.09713113 -0.1294145 0.9824019 0.1346796 -0.01980447 0.9678265 0.2508379 0.1753724 0.9021739 0.3941152 -0.6172055 0.7743297 0.1395389 -0.4191634 0.9012264 0.1099682 -0.4194124 -0.9011381 0.1097429 -0.8498392 -0.5244583 -0.05212604</float_array>
          <technique_common>
            <accessor source="#GanondorfRobe_LOD1-mesh-normals-array" count="1081" stride="3">
              <param name="X" type="float"/>
              <param name="Y" type="float"/>
              <param name="Z" type="float"/>
            </accessor>
          </technique_common>
        </source>
        <source id="GanondorfRobe_LOD1-mesh-map-0">
          <float_array id="GanondorfRobe_LOD1-mesh-map-0-array" count="10872">0.5340001 0.7950001 0.5432115 0.7862384 0.532 0.801 0.5541389 0.7690934 0.5340001 0.7950001 0.5360001 0.7890001 0.551 0.816 0.5841506 0.8173415 0.5617027 0.8305833 0.5617027 0.8305833 0.5841506 0.8173415 0.5981543 0.8260738 0.5609742 0.8141672 0.5516694 0.8094954 0.5523453 0.8005775 0.551 0.816 0.5516694 0.8094954 0.5609742 0.8141672 0.5523453 0.8005775 0.5415 0.8085001 0.532 0.801 0.5523453 0.8005775 0.5718984 0.787724 0.5609742 0.8141672 0.5432115 0.7862384 0.5523453 0.8005775 0.532 0.801 0.5525841 0.7840579 0.5432115 0.7862384 0.5541389 0.7690934 0.5687788 0.7713959 0.5525841 0.7840579 0.5541389 0.7690934 0.5683792 0.7493771 0.5687788 0.7713959 0.5541389 0.7690934 0.6009158 0.6989327 0.5687788 0.7713959 0.5683792 0.7493771 0.587843 0.7706823 0.5687788 0.7713959 0.6201559 0.7119789 0.6009158 0.6989327 0.5832106 0.6620944 0.606831 0.6360056 0.5942013 0.7970871 0.5718984 0.787724 0.587843 0.7706823 0.5981543 0.8260738 0.5670496 0.8350179 0.5617027 0.8305833 0.6114683 0.5938946 0.6067618 0.541254 0.6305583 0.5844373 0.6067618 0.541254 0.6114683 0.5938946 0.6030284 0.5802873 0.6030284 0.5802873 0.6114683 0.5938946 0.5920131 0.6266514 0.6114683 0.5938946 0.606831 0.6360056 0.5920131 0.6266514 0.606831 0.6360056 0.6313317 0.6305204 0.6308506 0.6701175 0.6009158 0.6989327 0.606831 0.6360056 0.6308506 0.6701175 0.6308506 0.6701175 0.6201559 0.7119789 0.6009158 0.6989327 0.587843 0.7706823 0.6201559 0.7119789 0.6184858 0.7550854 0.6132956 0.7726789 0.6453629 0.7392641 0.6400001 0.7731413 0.6184858 0.7550854 0.6132956 0.7726789 0.587843 0.7706823 0.6132956 0.7726789 0.5942013 0.7970871 0.587843 0.7706823 0.620449 0.7931219 0.6132956 0.7726789 0.6400001 0.7731413 0.5942013 0.7970871 0.6132956 0.7726789 0.620449 0.7931219 0.5841506 0.8173415 0.620449 0.7931219 0.5981543 0.8260738 0.5942013 0.7970871 0.620449 0.7931219 0.5841506 0.8173415 0.5942013 0.7970871 0.5841506 0.8173415 0.5609742 0.8141672 0.6568202 0.7517578 0.6645392 0.7018679 0.6732748 0.7136461 0.6732748 0.7136461 0.6645392 0.7018679 0.6816123 0.6723876 0.68164 0.7361519 0.6957699 0.7214505 0.7012662 0.7507437 0.6905423 0.6945323 0.6957699 0.7214505 0.68164 0.7361519 0.6732748 0.7136461 0.68164 0.7361519 0.6568202 0.7517578 0.6905423 0.6945323 0.68164 0.7361519 0.6732748 0.7136461 0.6400001 0.7731413 0.6453629 0.7392641 0.6568202 0.7517578 0.6453629 0.7392641 0.6645392 0.7018679 0.6568202 0.7517578 0.6184858 0.7550854 0.6496799 0.6906951 0.6453629 0.7392641 0.6201559 0.7119789 0.6308506 0.6701175 0.6496799 0.6906951 0.6496799 0.6906951 0.6308506 0.6701175 0.6438351 0.6468295 0.6438351 0.6468295 0.6313317 0.6305204 0.6543369 0.6201336 0.6313317 0.6305204 0.6305583 0.5844373 0.6478049 0.5917096 0.6305583 0.5844373 0.6313317 0.6305204 0.6114683 0.5938946 0.7216798 0.678807 0.6905423 0.6945323 0.6986361 0.6487999 0.6986361 0.6487999 0.6905423 0.6945323 0.6816123 0.6723876 0.6605448 0.6621343 0.6645392 0.7018679 0.6496799 0.6906951 0.6747863 0.6482867 0.6605448 0.6621343 0.6641486 0.6363497 0.6816123 0.6723876 0.6747863 0.6482867 0.6986361 0.6487999 0.6605448 0.6621343 0.6747863 0.6482867 0.6816123 0.6723876 0.6751667 0.6070001 0.6747863 0.6482867 0.6641486 0.6363497 0.6747863 0.6482867 0.6977849 0.6130359 0.6986361 0.6487999 0.6605448 0.6621343 0.6438351 0.6468295 0.6641486 0.6363497 0.6496799 0.6906951 0.6438351 0.6468295 0.6605448 0.6621343 0.6641486 0.6363497 0.6543369 0.6201336 0.6751667 0.6070001 0.6543369 0.6201336 0.6643548 0.5914313 0.6751667 0.6070001 0.6826969 0.5791317 0.6607738 0.5715798 0.677778 0.5574648 0.6751667 0.6070001 0.6643548 0.5914313 0.6826969 0.5791317 0.6607738 0.5715798 0.6643548 0.5914313 0.6478049 0.5917096 0.6428052 0.5446197 0.6607738 0.5715798 0.6478049 0.5917096 0.677778 0.5574648 0.6607738 0.5715798 0.6632034 0.5088066 0.6221881 0.5078353 0.6353887 0.4573835 0.6632034 0.5088066 0.6172609 0.4252819 0.6353887 0.4573835 0.6045047 0.4663667 0.6172609 0.4252819 0.6045047 0.4663667 0.5999399 0.4270207 0.5999399 0.4270207 0.6045047 0.4663667 0.568 0.438 0.568 0.438 0.6045047 0.4663667 0.5740001 0.4490001 0.6067618 0.541254 0.6045047 0.4663667 0.6221881 0.5078353 0.6045047 0.4663667 0.5885001 0.4840001 0.58 0.46 0.6305583 0.5844373 0.6067618 0.541254 0.6221881 0.5078353 0.648293 0.4313386 0.6687844 0.4511948 0.6353887 0.4573835 0.6922776 0.5044923 0.6953968 0.4646557 0.7255513 0.4951503 0.6687844 0.4511948 0.6922776 0.5044923 0.6632034 0.5088066 0.6953968 0.4646557 0.6922776 0.5044923 0.6687844 0.4511948 0.7255513 0.4951503 0.7069286 0.5488179 0.6922776 0.5044923 0.6922776 0.5044923 0.7069286 0.5488179 0.677778 0.5574648 0.6826969 0.5791317 0.6977849 0.6130359 0.6751667 0.6070001 0.7069286 0.5488179 0.6977849 0.6130359 0.6826969 0.5791317 0.7281636 0.5751943 0.6986361 0.6487999 0.6977849 0.6130359 0.7572916 0.6406871 0.8048256 0.6244688 0.8112924 0.6579003 0.7572916 0.6406871 0.7661947 0.5324261 0.8048256 0.6244688 0.8048256 0.6244688 0.7661947 0.5324261 0.8138136 0.597149 0.7255513 0.4951503 0.6953968 0.4646557 0.7423481 0.4409189 0.687 0.433 0.7016524 0.4385268 0.6953968 0.4646557 0.7016524 0.4385268 0.7423481 0.4409189 0.6953968 0.4646557 0.7653803 0.4635987 0.7423481 0.4409189 0.7767351 0.441774 0.7423481 0.4409189 0.7653803 0.4635987 0.7255513 0.4951503 0.7661947 0.5324261 0.7255513 0.4951503 0.7653803 0.4635987 0.7281636 0.5751943 0.7255513 0.4951503 0.7661947 0.5324261 0.7069286 0.5488179 0.7281636 0.5751943 0.6977849 0.6130359 0.7661947 0.5324261 0.783135 0.4990612 0.8138136 0.597149 0.7767351 0.441774 0.783135 0.4990612 0.7653803 0.4635987 0.783135 0.4990612 0.7767351 0.441774 0.811293 0.452589 0.6029368 0.8396559 0.6510257 0.8213445 0.6204317 0.8510285 0.6344691 0.804418 0.6029368 0.8396559 0.5981543 0.8260738 0.6344691 0.804418 0.620449 0.7931219 0.6400001 0.7731413 0.6344691 0.804418 0.6672585 0.7832045 0.6510257 0.8213445 0.6672585 0.7832045 0.6344691 0.804418 0.6400001 0.7731413 0.6568202 0.7517578 0.6672585 0.7832045 0.6400001 0.7731413 0.68164 0.7361519 0.6672585 0.7832045 0.6568202 0.7517578 0.7012662 0.7507437 0.6672585 0.7832045 0.68164 0.7361519 0.7172838 0.7569305 0.7012662 0.7507437 0.6957699 0.7214505 0.7216798 0.678807 0.7172838 0.7569305 0.6957699 0.7214505 0.7216798 0.678807 0.7572916 0.6406871 0.731861 0.7475645 0.7931287 0.6969055 0.7605482 0.7169276 0.7572916 0.6406871 0.7572916 0.6406871 0.8112924 0.6579003 0.7931287 0.6969055 0.8213189 0.5119798 0.8347222 0.596374 0.8138136 0.597149 0.8403206 0.5719027 0.8347222 0.596374 0.8213189 0.5119798 0.7605482 0.7169276 0.7931287 0.6969055 0.7926409 0.7525869 0.8449695 0.6556524 0.8336434 0.6719995 0.8112924 0.6579003 0.8138136 0.597149 0.8449695 0.6556524 0.8112924 0.6579003 0.8347222 0.596374 0.8460509 0.6321998 0.8138136 0.597149 0.8604118 0.6132377 0.8540188 0.572564 0.8661988 0.595116 0.8347222 0.596374 0.8403206 0.5719027 0.8604118 0.6132377 0.8604118 0.6132377 0.8460509 0.6321998 0.8347222 0.596374 0.8672496 0.6472006 0.8604118 0.6132377 0.8767393 0.6449387 0.8798192 0.6646399 0.8672496 0.6472006 0.8767393 0.6449387 0.8672496 0.6472006 0.8564304 0.6644076 0.8563359 0.6366163 0.8563359 0.6366163 0.8564304 0.6644076 0.8449695 0.6556524 0.8472627 0.6992529 0.8564304 0.6644076 0.8609244 0.6887296 0.8449695 0.6556524 0.8472627 0.6992529 0.8336434 0.6719995 0.7931287 0.6969055 0.8112924 0.6579003 0.821617 0.69234 0.8108554 0.7449049 0.7926409 0.7525869 0.7931287 0.6969055 0.8108554 0.7449049 0.8202896 0.793022 0.7926409 0.7525869 0.7926409 0.7525869 0.8202896 0.793022 0.8016383 0.8093896 0.767212 0.8166769 0.8016383 0.8093896 0.7903366 0.8595013 0.8798192 0.6646399 0.8891417 0.6963345 0.8609244 0.6887296 0.8798192 0.6646399 0.8767393 0.6449387 0.8983286 0.6566999 0.8661988 0.595116 0.8817601 0.6282374 0.8604118 0.6132377 0.8741787 0.5696128 0.8817601 0.6282374 0.8661988 0.595116 0.9000338 0.5894101 0.8817601 0.6282374 0.8741787 0.5696128 0.9000338 0.5894101 0.8741787 0.5696128 0.8904378 0.5093169 0.8540188 0.572564 0.866823 0.5071361 0.8741787 0.5696128 0.8741787 0.5696128 0.866823 0.5071361 0.8904378 0.5093169 0.9222595 0.6416004 0.9000338 0.5894101 0.9130001 0.6030001 0.9041551 0.6280504 0.9000338 0.5894101 0.9222595 0.6416004 0.9041551 0.6280504 0.8983286 0.6566999 0.8817601 0.6282374 0.8983286 0.6566999 0.9127085 0.7006418 0.8798192 0.6646399 0.9451992 0.7714762 0.8891417 0.6963345 0.9127085 0.7006418 0.9261382 0.7707685 0.8891417 0.6963345 0.9451992 0.7714762 0.8891417 0.6963345 0.9261382 0.7707685 0.8769333 0.7112767 0.9261382 0.7707685 0.898822 0.7649369 0.8769333 0.7112767 0.8769333 0.7112767 0.898822 0.7649369 0.8705548 0.7447188 0.8705548 0.7447188 0.898822 0.7649369 0.8746861 0.7725003 0.8705548 0.7447188 0.8632053 0.7188323 0.8769333 0.7112767 0.866823 0.5071361 0.9028256 0.4524804 0.8904378 0.5093169 0.8403206 0.5719027 0.8213189 0.5119798 0.8434814 0.5093862 0.811293 0.452589 0.8213189 0.5119798 0.783135 0.4990612 0.8213189 0.5119798 0.8465966 0.4479894 0.8434814 0.5093862 0.8434814 0.5093862 0.8465966 0.4479894 0.8665206 0.453848 0.9144536 0.4269287 0.9028256 0.4524804 0.8802599 0.4286435 0.944 0.438 0.910466 0.4860972 0.9028256 0.4524804 0.932 0.46 0.910466 0.4860972 0.9380001 0.4490001 0.923 0.4840001 0.910466 0.4860972 0.932 0.46 0.9091114 0.5276041 0.910466 0.4860972 0.923 0.4840001 0.910466 0.4860972 0.9091114 0.5276041 0.8904378 0.5093169 0.8814417 0.8011837 0.8465206 0.8303582 0.8525926 0.7880335 0.8698387 0.8337541 0.9131764 0.8424021 0.8936426 0.8497233 0.8814417 0.8011837 0.9131764 0.8424021 0.8698387 0.8337541 0.9131764 0.8424021 0.8814417 0.8011837 0.9205232 0.8285967 0.8814417 0.8011837 0.8525926 0.7880335 0.8746861 0.7725003 0.8243307 0.7748983 0.8525926 0.7880335 0.8202896 0.793022 0.8293496 0.7334519 0.8525926 0.7880335 0.8243307 0.7748983 0.8525926 0.7880335 0.8572807 0.7508751 0.8746861 0.7725003 0.8293496 0.7334519 0.8371112 0.7138817 0.8572807 0.7508751 0.7903366 0.8595013 0.8301629 0.8950026 0.8116477 0.9123835 0.8410001 0.8731461 0.8301629 0.8950026 0.7903366 0.8595013 0.8211002 0.8207193 0.8465206 0.8303582 0.8410001 0.8731461 0.8016383 0.8093896 0.8202896 0.793022 0.8211002 0.8207193 0.8108554 0.7449049 0.8243307 0.7748983 0.8202896 0.793022 0.821617 0.69234 0.8293496 0.7334519 0.7931287 0.6969055 0.8371112 0.7138817 0.8293496 0.7334519 0.821617 0.69234 0.8371112 0.7138817 0.821617 0.69234 0.8336434 0.6719995 0.8371112 0.7138817 0.8472627 0.6992529 0.8572807 0.7508751 0.8572807 0.7508751 0.8472627 0.6992529 0.8632053 0.7188323 0.8267546 0.925736 0.8162313 0.9458718 0.8116477 0.9123835 0.7527305 0.9233815 0.7866373 0.9427336 0.7775202 0.938736 0.5968238 0.8599575 0.6204317 0.8510285 0.6363381 0.8869524 0.6693549 0.930068 0.6722914 0.9053756 0.6872912 0.9256184 0.6984851 0.9460602 0.6872912 0.9256184 0.7061267 0.9091433 0.6510257 0.8213445 0.6711221 0.8298663 0.6576912 0.8564087 0.6062325 0.9101517 0.6363381 0.8869524 0.6302043 0.9092506 0.6302043 0.9092506 0.6604804 0.8972964 0.6559333 0.9084731 0.6604804 0.8972964 0.6363381 0.8869524 0.6576912 0.8564087 0.6722914 0.9053756 0.6604804 0.8972964 0.6736621 0.87725 0.6604804 0.8972964 0.6722914 0.9053756 0.6559333 0.9084731 0.6722914 0.9053756 0.6659575 0.9151633 0.6559333 0.9084731 0.585 0.913 0.5823803 0.9008902 0.5948391 0.9116143 0.5823803 0.9008902 0.6363381 0.8869524 0.6062325 0.9101517 0.5804257 0.8463784 0.5820711 0.8646299 0.562 0.853 0.5968238 0.8599575 0.5820711 0.8646299 0.5804257 0.8463784 0.5670496 0.8350179 0.5804257 0.8463784 0.562 0.853 0.5981543 0.8260738 0.5804257 0.8463784 0.5670496 0.8350179 0.5804257 0.8463784 0.6029368 0.8396559 0.5968238 0.8599575 0.2502003 0.2493572 0.2641952 0.2465326 0.265 0.234 0.2668275 0.263463 0.2502003 0.2493572 0.2440114 0.2794064 0.1832879 0.2525013 0.2143113 0.2647449 0.2125759 0.244895 0.2129252 0.2847074 0.1539901 0.283572 0.159931 0.290121 0.1569856 0.3100088 0.1992601 0.2947713 0.159931 0.290121 0.1933929 0.3098515 0.1418564 0.3293823 0.161104 0.3307439 0.1569856 0.3100088 0.1418564 0.3293823 0.1933929 0.3098515 0.265 0.234 0.2304807 0.2324713 0.2502003 0.2493572 0.2502003 0.2493572 0.2304807 0.2324713 0.2125759 0.244895 0.1310437 0.2604783 0.1141827 0.2947162 0.1832879 0.2525013 0.1791008 0.234685 0.1832879 0.2525013 0.2125759 0.244895 0.1832879 0.2525013 0.1791008 0.234685 0.1310437 0.2604783 0.1791008 0.234685 0.2304807 0.2324713 0.1925384 0.2222678 0.1591841 0.2350982 0.128259 0.2323296 0.1241422 0.2443247 0.1640714 0.222 0.128259 0.2323296 0.1591841 0.2350982 0.1258313 0.2230067 0.128259 0.2323296 0.1640714 0.222 0.1241422 0.2443247 0.1791008 0.234685 0.1591841 0.2350982 0.1141827 0.2947162 0.1362507 0.3129957 0.1539901 0.283572 0.1112106 0.320393 0.1362507 0.3129957 0.1141827 0.2947162 0.1183477 0.3430063 0.1362507 0.3129957 0.1112106 0.320393 0.1183477 0.3430063 0.1418564 0.3293823 0.1362507 0.3129957 0.1569856 0.3100088 0.1362507 0.3129957 0.1418564 0.3293823 0.1362507 0.3129957 0.1569856 0.3100088 0.159931 0.290121 0.07804363 0.302978 0.1310437 0.2604783 0.09297937 0.2579185 0.1141827 0.2947162 0.1310437 0.2604783 0.07804363 0.302978 0.07804363 0.302978 0.08718895 0.3174653 0.1141827 0.2947162 0.1112106 0.320393 0.1141827 0.2947162 0.08718895 0.3174653 0.100578 0.348002 0.1183477 0.3430063 0.08297288 0.3393697 0.100578 0.348002 0.09178483 0.3613313 0.1107949 0.357688 0.1107949 0.357688 0.09178483 0.3613313 0.1016705 0.3690099 0.1183477 0.3430063 0.14019 0.3414242 0.1418564 0.3293823 0.100578 0.348002 0.1107949 0.357688 0.1281192 0.3501149 0.1180232 0.3624452 0.1107949 0.357688 0.1016705 0.3690099 0.1075783 0.3737867 0.1016705 0.3690099 0.08337926 0.3834603 0.1016705 0.3690099 0.09178483 0.3613313 0.08337503 0.3752753 0.09178483 0.3613313 0.06861484 0.3617832 0.06799995 0.367 0.1075783 0.3737867 0.1180232 0.3624452 0.1016705 0.3690099 0.1180232 0.3624452 0.1075783 0.3737867 0.122 0.367 0.1107949 0.357688 0.1274394 0.3559023 0.1281192 0.3501149 0.1180232 0.3624452 0.1274394 0.3559023 0.1107949 0.357688 0.1274394 0.3559023 0.1180232 0.3624452 0.1403226 0.3548918 0.1281192 0.3501149 0.1274394 0.3559023 0.1403226 0.3548918 0.1515341 0.3459348 0.1681566 0.3405277 0.14019 0.3414242 0.14019 0.3414242 0.2026302 0.3296483 0.161104 0.3307439 0.2865365 0.3290122 0.2026302 0.3296483 0.2272982 0.3345102 0.2336375 0.3206424 0.2026302 0.3296483 0.2865365 0.3290122 0.161104 0.3307439 0.2336375 0.3206424 0.2214565 0.311818 0.2336375 0.3206424 0.2707989 0.3205782 0.2813375 0.3118634 0.2865365 0.3290122 0.2707989 0.3205782 0.2336375 0.3206424 0.2865365 0.3290122 0.2727932 0.3364036 0.2798568 0.3324412 0.2727932 0.3364036 0.2161436 0.344439 0.233657 0.3475493 0.2865365 0.3290122 0.2272982 0.3345102 0.2727932 0.3364036 0.1803473 0.3476009 0.2161436 0.344439 0.1681566 0.3405277 0.198 0.351 0.2161436 0.344439 0.1803473 0.3476009 0.1515341 0.3459348 0.1803473 0.3476009 0.1681566 0.3405277 0.1403226 0.3548918 0.1803473 0.3476009 0.1515341 0.3459348 0.1803473 0.3476009 0.173349 0.3535957 0.198 0.351 0.1497641 0.3572385 0.1803473 0.3476009 0.1403226 0.3548918 0.1180232 0.3624452 0.1497641 0.3572385 0.1403226 0.3548918 0.122 0.367 0.1497641 0.3572385 0.1180232 0.3624452 0.2813375 0.3118634 0.2739908 0.3011345 0.2460664 0.3019599 0.2460664 0.3019599 0.2214565 0.311818 0.2813375 0.3118634 0.1933929 0.3098515 0.2214565 0.311818 0.1992601 0.2947713 0.161104 0.3307439 0.2214565 0.311818 0.1933929 0.3098515 0.1539901 0.283572 0.2129252 0.2847074 0.2143113 0.2647449 0.2764158 0.2844743 0.2496914 0.2923469 0.2739908 0.3011345 0.2460664 0.3019599 0.2496914 0.2923469 0.1992601 0.2947713 0.2739908 0.3011345 0.2496914 0.2923469 0.2460664 0.3019599 0.2496914 0.2923469 0.2129252 0.2847074 0.1992601 0.2947713 0.2764158 0.2844743 0.2668275 0.263463 0.2440114 0.2794064 0.08137142 0.348192 0.09346973 0.3360071 0.1163944 0.346481 0.1163944 0.346481 0.108512 0.350458 0.08137142 0.348192 0.1163944 0.346481 0.1269623 0.3498064 0.108512 0.350458 0.1378177 0.3526272 0.1189669 0.3593783 0.1269623 0.3498064 0.1189669 0.3593783 0.1092389 0.3581024 0.1269623 0.3498064 0.08233577 0.3758584 0.1092389 0.3581024 0.1016925 0.3688278 0.1092389 0.3581024 0.08233577 0.3758584 0.08095824 0.3654493 0.1092389 0.3581024 0.08214932 0.3573226 0.108512 0.350458 0.0558027 0.2891181 0.05431497 0.2739139 0.06876772 0.319441 0.06876772 0.319441 0.101036 0.3016273 0.08604431 0.3189327 0.108512 0.350458 0.08214932 0.3573226 0.08137142 0.348192 0.0800836 0.3373537 0.08604431 0.3189327 0.09346973 0.3360071 0.06184738 0.3364328 0.06876772 0.319441 0.0800836 0.3373537 0.06876772 0.319441 0.05030077 0.3035355 0.0558027 0.2891181 0.08566862 0.2821454 0.05431497 0.2739139 0.07683837 0.2563698 0.1236305 0.2439932 0.09381592 0.2501145 0.1138243 0.2362806 0.1196622 0.2620358 0.07683837 0.2563698 0.09381592 0.2501145 0.0800836 0.3373537 0.06083005 0.3491348 0.06184738 0.3364328 0.08233577 0.3758584 0.1016925 0.3688278 0.08372211 0.3833261 0.08214932 0.3573226 0.08095824 0.3654493 0.06799995 0.367 0.08214932 0.3573226 0.06177681 0.3608989 0.08137142 0.348192 0.04999995 0.364 0.06083005 0.3491348 0.06177681 0.3608989 0.06177681 0.3608989 0.06083005 0.3491348 0.08137142 0.348192 0.04149997 0.3555001 0.06083005 0.3491348 0.04999995 0.364 0.07683837 0.2563698 0.05431497 0.2739139 0.0560128 0.2564705 0.07683837 0.2563698 0.0560128 0.2564705 0.05298012 0.2500033 0.0665 0.2345 0.08588892 0.2400726 0.06199997 0.2409999 0.08588892 0.2400726 0.0665 0.2345 0.08205223 0.2268366 0.1055449 0.227434 0.08588892 0.2400726 0.08205223 0.2268366 0.1138243 0.2362806 0.1055449 0.227434 0.126 0.223 0.09381592 0.2501145 0.1236305 0.2439932 0.1196622 0.2620358 0.101036 0.3016273 0.08566862 0.2821454 0.1319214 0.2757531 0.08604431 0.3189327 0.101036 0.3016273 0.1108787 0.3194081 0.1319214 0.2757531 0.1196622 0.2620358 0.1565918 0.2444202 0.08566862 0.2821454 0.1196622 0.2620358 0.1319214 0.2757531 0.1236305 0.2439932 0.1478703 0.2303633 0.1565918 0.2444202 0.189933 0.2210307 0.1478703 0.2303633 0.1521744 0.2220037 0.126 0.223 0.1478703 0.2303633 0.1138243 0.2362806 0.1138243 0.2362806 0.1478703 0.2303633 0.1236305 0.2439932 0.1565918 0.2444202 0.1843524 0.2510003 0.1319214 0.2757531 0.1843524 0.2510003 0.1565918 0.2444202 0.2141223 0.240996 0.1163944 0.346481 0.1370619 0.3362089 0.1479988 0.3415035 0.1479988 0.3415035 0.1269623 0.3498064 0.1163944 0.346481 0.1633942 0.3432604 0.1269623 0.3498064 0.1479988 0.3415035 0.1633942 0.3432604 0.1378177 0.3526272 0.1269623 0.3498064 0.1479988 0.3415035 0.2030538 0.3295737 0.1633942 0.3432604 0.1229465 0.336741 0.1489233 0.3230837 0.1370619 0.3362089 0.1229465 0.336741 0.1360333 0.3164262 0.1489233 0.3230837 0.1108787 0.3194081 0.1360333 0.3164262 0.1229465 0.336741 0.1108787 0.3194081 0.1346926 0.2985407 0.1360333 0.3164262 0.1319214 0.2757531 0.1346926 0.2985407 0.101036 0.3016273 0.1478703 0.2303633 0.1841275 0.2298126 0.1565918 0.2444202 0.189933 0.2210307 0.1841275 0.2298126 0.1478703 0.2303633 0.2195403 0.2280447 0.1841275 0.2298126 0.189933 0.2210307 0.2141223 0.240996 0.1841275 0.2298126 0.2195403 0.2280447 0.1319214 0.2757531 0.1635375 0.2798547 0.1346926 0.2985407 0.1583994 0.3086179 0.1346926 0.2985407 0.1648727 0.293891 0.1360333 0.3164262 0.1346926 0.2985407 0.1583994 0.3086179 0.1360333 0.3164262 0.1583994 0.3086179 0.1489233 0.3230837 0.265 0.234 0.2483602 0.2423505 0.247 0.2315 0.2195403 0.2280447 0.2483602 0.2423505 0.2141223 0.240996 0.1929788 0.3076123 0.1489233 0.3230837 0.1583994 0.3086179 0.1489233 0.3230837 0.1929788 0.3076123 0.1370619 0.3362089 0.2224075 0.3114098 0.1929788 0.3076123 0.2090003 0.290488 0.2090003 0.290488 0.2468931 0.3028328 0.2224075 0.3114098 0.2468931 0.3028328 0.2468523 0.2911787 0.2738697 0.301309 0.2224075 0.3114098 0.2468931 0.3028328 0.2838525 0.3129046 0.2090003 0.290488 0.1648727 0.293891 0.1635375 0.2798547 0.1583994 0.3086179 0.2090003 0.290488 0.1929788 0.3076123 0.1633942 0.3432604 0.2030538 0.3295737 0.2318718 0.3333933 0.2030538 0.3295737 0.2336414 0.3206424 0.2318718 0.3333933 0.1370619 0.3362089 0.2336414 0.3206424 0.2030538 0.3295737 0.2838525 0.3129046 0.2336414 0.3206424 0.2224075 0.3114098 0.2318718 0.3333933 0.271129 0.3204246 0.2869158 0.329035 0.271129 0.3204246 0.2336414 0.3206424 0.2838525 0.3129046 0.2641953 0.2465326 0.2483602 0.2423505 0.265 0.234 0.2668913 0.2634388 0.2483602 0.2423505 0.2641953 0.2465326 0.2141223 0.240996 0.2483602 0.2423505 0.2298508 0.259005 0.2298508 0.259005 0.2476882 0.2767682 0.2087615 0.2739515 0.2298508 0.259005 0.2087615 0.2739515 0.1843524 0.2510003 0.2668913 0.2634388 0.2762334 0.2845993 0.2476882 0.2767682 0.2468523 0.2911787 0.2762334 0.2845993 0.2738697 0.301309 0.2476882 0.2767682 0.2762334 0.2845993 0.2468523 0.2911787 0.2087615 0.2739515 0.2468523 0.2911787 0.2090003 0.290488 0.1229224 0.7899301 0.1248927 0.8330334 0.1116331 0.8022901 0.1248927 0.8330334 0.1278105 0.8136326 0.1344748 0.8295153 0.1485776 0.8532447 0.1703705 0.8734036 0.1428542 0.8463261 0.1695587 0.849395 0.1703705 0.8734036 0.1485776 0.8532447 0.1876862 0.8727244 0.1703705 0.8734036 0.192614 0.8673918 0.1920357 0.8847826 0.1703705 0.8734036 0.1876862 0.8727244 0.1428542 0.8463261 0.1248927 0.8330334 0.1349241 0.8418388 0.1897391 0.892254 0.1687428 0.8940215 0.1703705 0.8734036 0.105723 0.830052 0.09814167 0.8051803 0.1116331 0.8022901 0.1204988 0.8500105 0.1248927 0.8330334 0.1428542 0.8463261 0.1248927 0.8330334 0.105723 0.830052 0.1116331 0.8022901 0.1428542 0.8463261 0.1276142 0.8646274 0.1204988 0.8500105 0.1276142 0.8646274 0.1703705 0.8734036 0.1384437 0.8804965 0.1384437 0.8804965 0.1703705 0.8734036 0.1687428 0.8940215 0.1987985 0.924302 0.1940815 0.9467074 0.1687428 0.8940215 0.08241528 0.8189089 0.07017379 0.7972034 0.08227795 0.7720752 0.08811789 0.8432343 0.09814167 0.8051803 0.09974944 0.8464938 0.09814167 0.8051803 0.105723 0.830052 0.09974944 0.8464938 0.09974944 0.8464938 0.105723 0.830052 0.1204988 0.8500105 0.1204988 0.8500105 0.1135936 0.8573976 0.09974944 0.8464938 0.1107971 0.8588752 0.1276142 0.8646274 0.129869 0.8759995 0.129869 0.8759995 0.1276142 0.8646274 0.1384437 0.8804965 0.1521792 0.9075688 0.1384437 0.8804965 0.1687428 0.8940215 0.1687428 0.8940215 0.1692517 0.9310283 0.1521792 0.9075688 0.1057908 0.8581753 0.1107971 0.8588752 0.129869 0.8759995 0.1057908 0.8581753 0.1021768 0.8759565 0.09974944 0.8464938 0.1318258 0.8991359 0.1384437 0.8804965 0.1521792 0.9075688 0.129869 0.8759995 0.1384437 0.8804965 0.1318258 0.8991359 0.179632 0.9373418 0.1692517 0.9310283 0.1940815 0.9467074 0.1028887 0.9074181 0.1318258 0.8991359 0.1230233 0.9123625 0.1318258 0.8991359 0.1021768 0.8759565 0.129869 0.8759995 0.1230233 0.9123625 0.1318258 0.8991359 0.1521792 0.9075688 0.1021768 0.8759565 0.09174907 0.8955693 0.09043562 0.8710975 0.09974944 0.8464938 0.1021768 0.8759565 0.09043562 0.8710975 0.08811789 0.8432343 0.08097887 0.8645778 0.07636362 0.8481618 0.09974944 0.8464938 0.09043562 0.8710975 0.08811789 0.8432343 0.08811789 0.8432343 0.07198655 0.8325499 0.08241528 0.8189089 0.07198655 0.8325499 0.07017379 0.7972034 0.08241528 0.8189089 0.05632984 0.8136602 0.07017379 0.7972034 0.07198655 0.8325499 0.1230233 0.9123625 0.1474342 0.9307394 0.1272655 0.9287179 0.03686141 0.8087248 0.0172609 0.7967551 0.05632984 0.8136602 0.05632984 0.8136602 0.05893594 0.8355932 0.03686141 0.8087248 0.05893594 0.8355932 0.07198655 0.8325499 0.06220501 0.8475401 0.07198655 0.8325499 0.05893594 0.8355932 0.05632984 0.8136602 0.06220501 0.8475401 0.07198655 0.8325499 0.07636362 0.8481618 0.08097887 0.8645778 0.06220501 0.8475401 0.07636362 0.8481618 0.1230233 0.9123625 0.1025 0.9215001 0.1028887 0.9074181 0.08775854 0.5982524 0.101901 0.5815075 0.1050394 0.6112741 0.07131028 0.6337242 0.08775854 0.5982524 0.08290392 0.6404548 0.08290392 0.6404548 0.08775854 0.5982524 0.1050394 0.6112741 0.07965564 0.6802641 0.08290392 0.6404548 0.09133273 0.689362 0.09133273 0.689362 0.103923 0.655743 0.09704047 0.6833237 0.09038716 0.7223708 0.07965564 0.6802641 0.09133273 0.689362 0.05618882 0.7401654 0.06743419 0.7564772 0.07017379 0.7972034 0.05632984 0.8136602 0.05618882 0.7401654 0.07017379 0.7972034 0.06552451 0.6910137 0.06743419 0.7564772 0.05618882 0.7401654 0.06552451 0.6910137 0.08290392 0.6404548 0.07965564 0.6802641 0.07965564 0.6802641 0.06743419 0.7564772 0.06552451 0.6910137 0.1086497 0.68448 0.09704047 0.6833237 0.1110351 0.6689271 0.08227795 0.7720752 0.07017379 0.7972034 0.06743419 0.7564772 0.103923 0.655743 0.1110351 0.6689271 0.09704047 0.6833237 0.1050394 0.6112741 0.1247712 0.6062981 0.1224945 0.6292218 0.1050394 0.6112741 0.1224945 0.6292218 0.1158525 0.6410819 0.1049798 0.7185975 0.08227795 0.7720752 0.09038716 0.7223708 0.08227795 0.7720752 0.09652227 0.7504464 0.08676004 0.7888806 0.08676004 0.7888806 0.09652227 0.7504464 0.09814167 0.8051803 0.1250359 0.7451799 0.1056981 0.7489666 0.1200628 0.7300079 0.1200628 0.7300079 0.1149212 0.715526 0.1225063 0.7107666 0.1056981 0.7489666 0.1149212 0.715526 0.1200628 0.7300079 0.1049798 0.7185975 0.1149212 0.715526 0.1056981 0.7489666 0.1069992 0.702337 0.1190081 0.7020959 0.1225063 0.7107666 0.1695587 0.849395 0.1760885 0.8545632 0.192614 0.8673918 0.401973 0.8471497 0.3797212 0.8485464 0.4011401 0.8299887 0.3834248 0.8655958 0.3797212 0.8485464 0.401973 0.8471497 0.3797212 0.8485464 0.3834248 0.8655958 0.3691667 0.8828428 0.3691667 0.8828428 0.3522483 0.8857786 0.3797212 0.8485464 0.3414787 0.8494058 0.3797212 0.8485464 0.3522483 0.8857786 0.3349843 0.8545631 0.3414787 0.8494058 0.3190389 0.8673793 0.3190389 0.8673793 0.3225015 0.8592439 0.3349843 0.8545631 0.3797212 0.8485464 0.3681318 0.8463116 0.3759683 0.8418388 0.3763839 0.8295153 0.3797212 0.8485464 0.3759683 0.8418388 0.3826966 0.8136327 0.4011401 0.8299887 0.3763839 0.8295153 0.3873425 0.7899631 0.4011401 0.8299887 0.3826966 0.8136327 0.4009755 0.7703575 0.4011401 0.8299887 0.3873425 0.7899631 0.4167408 0.7445361 0.417574 0.7801237 0.4052348 0.7463184 0.4100199 0.8049384 0.4009755 0.7703575 0.417574 0.7801237 0.4031507 0.702627 0.4135238 0.6851657 0.4160469 0.7192375 0.4135238 0.6851657 0.4031507 0.702627 0.4018731 0.6842343 0.4031507 0.702627 0.3941863 0.694055 0.4018731 0.6842343 0.4009755 0.7703575 0.3829385 0.7395054 0.4052348 0.7463184 0.4028389 0.7208982 0.4160469 0.7192375 0.4167408 0.7445361 0.3961281 0.7170336 0.4028389 0.7208982 0.4052348 0.7463184 0.4031507 0.702627 0.4028389 0.7208982 0.3961281 0.7170336 0.4031507 0.702627 0.3961281 0.7170336 0.3919687 0.7049869 0.3961281 0.7170336 0.3899847 0.7285681 0.3849104 0.712122 0.4043489 0.6340561 0.417154 0.6680939 0.3947442 0.6408389 0.417154 0.6680939 0.4006142 0.6659808 0.3947442 0.6408389 0.4018731 0.6842343 0.3967189 0.670183 0.4135238 0.6851657 0.417154 0.6680939 0.4160469 0.7192375 0.4135238 0.6851657 0.417154 0.6680939 0.4312856 0.6831782 0.4160469 0.7192375 0.4395797 0.7769035 0.4312856 0.6831782 0.4477766 0.7113062 0.4312856 0.6831782 0.442579 0.6560412 0.4477766 0.7113062 0.4277383 0.6373794 0.442579 0.6560412 0.4312856 0.6831782 0.4277383 0.6373794 0.417154 0.6680939 0.4043489 0.6340561 0.4277383 0.6373794 0.4043489 0.6340561 0.4076092 0.594216 0.4043489 0.6340561 0.3883063 0.6292621 0.4076092 0.594216 0.4247747 0.6037186 0.4277383 0.6373794 0.4076092 0.594216 0.4188652 0.5662385 0.4247747 0.6037186 0.4076092 0.594216 0.4477766 0.7113062 0.442579 0.6560412 0.4521281 0.6986612 0.455 0.709 0.4477766 0.7113062 0.4521281 0.6986612 0.4395797 0.7769035 0.4167408 0.7445361 0.4160469 0.7192375 0.4500027 0.7696526 0.4477766 0.7113062 0.461 0.75 0.4395797 0.7769035 0.4477766 0.7113062 0.4500027 0.7696526 0.461 0.75 0.469609 0.77582 0.4500027 0.7696526 0.4533877 0.8134276 0.43528 0.817399 0.4500027 0.7696526 0.43528 0.817399 0.4436014 0.8308101 0.4262744 0.8448753 0.4436014 0.8308101 0.43528 0.817399 0.4533877 0.8134276 0.4262744 0.8448753 0.4436014 0.8308101 0.4330607 0.8481618 0.4227744 0.8643476 0.4262744 0.8448753 0.4330607 0.8481618 0.4147951 0.8812856 0.4105384 0.8679122 0.4227744 0.8643476 0.4105384 0.8679122 0.4147951 0.8812856 0.3986552 0.8742489 0.43528 0.817399 0.4395797 0.7769035 0.4500027 0.7696526 0.408 0.9215001 0.3988302 0.9238915 0.417 0.911 0.3832873 0.9130073 0.3988302 0.9238915 0.3832806 0.9287415 0.417 0.911 0.3832873 0.9130073 0.3924028 0.8990227 0.417 0.911 0.3924028 0.8990227 0.4260001 0.8960002 0.442 0.8665001 0.4227744 0.8643476 0.4476652 0.8478981 0.4147951 0.8812856 0.4227744 0.8643476 0.442 0.8665001 0.4476652 0.8478981 0.4227744 0.8643476 0.4330607 0.8481618 0.4476652 0.8478981 0.4436014 0.8308101 0.4510371 0.8358021 0.4510371 0.8358021 0.4533877 0.8134276 0.4706224 0.8096073 0.491 0.797 0.4706224 0.8096073 0.469609 0.77582 0.3832806 0.9287415 0.3632128 0.9306821 0.3832873 0.9130073 0.1088638 0.5491381 0.1221091 0.5870348 0.101901 0.5815075 0.1221091 0.5870348 0.1050394 0.6112741 0.101901 0.5815075 0.1009283 0.3966429 0.09602999 0.4167848 0.06699997 0.402 0.05449998 0.4285 0.06433415 0.4270586 0.06099998 0.442 0.05667209 0.4072915 0.06433415 0.4270586 0.05449998 0.4285 0.0841155 0.428058 0.06359869 0.4082792 0.06699997 0.402 0.09007322 0.4629147 0.06359869 0.4082792 0.0841155 0.428058 0.05667209 0.4072915 0.06359869 0.4082792 0.06433415 0.4270586 0.09602999 0.4167848 0.0841155 0.428058 0.06699997 0.402 0.0841155 0.428058 0.1210654 0.4671945 0.1124308 0.4679086 0.1088638 0.5491381 0.1185145 0.5155369 0.1311969 0.5705821 0.1088638 0.5491381 0.09108096 0.5674134 0.09007287 0.5269793 0.1088638 0.5491381 0.101901 0.5815075 0.09108096 0.5674134 0.08040851 0.4723563 0.06433415 0.4270586 0.09007322 0.4629147 0.1185145 0.5155369 0.09007322 0.4629147 0.0841155 0.428058 0.1185145 0.5155369 0.0841155 0.428058 0.1160128 0.4880882 0.4060751 0.471451 0.3906815 0.4577412 0.4123111 0.4258466 0.4060751 0.471451 0.3895955 0.4671945 0.3906815 0.4577412 0.3918722 0.5158321 0.3976783 0.5451607 0.3797866 0.5705943 0.3943662 0.4880632 0.4060751 0.471451 0.3918722 0.5158321 0.3976783 0.5451607 0.4060751 0.471451 0.4196598 0.4645708 0.388885 0.5870348 0.3797866 0.5705943 0.4076092 0.594216 0.4139584 0.4167848 0.4049997 0.396 0.4335317 0.4158669 0.4060751 0.471451 0.4123111 0.4258466 0.4335317 0.4158669 0.4060751 0.471451 0.4335317 0.4158669 0.4196598 0.4645708 0.4196598 0.4645708 0.4230995 0.4884172 0.4093156 0.5408135 0.4230995 0.4884172 0.4197463 0.5352378 0.4093156 0.5408135 0.4188652 0.5662385 0.4093156 0.5408135 0.4197463 0.5352378 0.4093156 0.5408135 0.4076092 0.594216 0.3976783 0.5451607 0.4449767 0.4371081 0.4555001 0.4285001 0.449 0.442 0.4543485 0.4081987 0.4449767 0.4371081 0.4449272 0.4131729 0.6471959 0.1509451 0.5895033 0.1438481 0.660419 0.1427247 0.5895033 0.1438481 0.6058366 0.152231 0.577469 0.1540391 0.5742223 0.1652778 0.5590122 0.1491345 0.577469 0.1540391 0.5310052 0.1469738 0.5590122 0.1491345 0.5467207 0.1588997 0.5310052 0.1469738 0.5467207 0.1588997 0.5309522 0.1652255 0.4833375 0.1589378 0.508792 0.1617921 0.5002047 0.1595616 0.3739624 0.1732966 0.3858681 0.1749444 0.385 0.182 0.3858376 0.1696938 0.3588291 0.1705771 0.3852728 0.1612122 0.4839627 0.1431697 0.508792 0.1617921 0.4833375 0.1589378 0.4833375 0.1589378 0.4711953 0.1605332 0.4839627 0.1431697 0.4839627 0.1431697 0.4711953 0.1605332 0.4647495 0.1530414 0.4839627 0.1431697 0.4647495 0.1530414 0.4538494 0.157097 0.6549466 0.1109772 0.6637941 0.1153389 0.6172643 0.1301236 0.6172643 0.1301236 0.6758771 0.1290766 0.672359 0.1359175 0.660419 0.1427247 0.6172643 0.1301236 0.672359 0.1359175 0.660419 0.1427247 0.5681801 0.134747 0.6172643 0.1301236 0.6172643 0.1301236 0.5681801 0.134747 0.553603 0.1242176 0.5895033 0.1438481 0.5364043 0.1403578 0.5681801 0.134747 0.5310052 0.1469738 0.5364043 0.1403578 0.5590122 0.1491345 0.5681801 0.134747 0.5364043 0.1403578 0.553603 0.1242176 0.5122373 0.1444038 0.5364043 0.1403578 0.5310052 0.1469738 0.5364043 0.1403578 0.5196658 0.1322305 0.553603 0.1242176 0.5056865 0.1346491 0.5196658 0.1322305 0.5122373 0.1444038 0.5196658 0.1322305 0.5056865 0.1346491 0.4977521 0.1258828 0.5056865 0.1346491 0.4791906 0.133236 0.4977521 0.1258828 0.4977521 0.1258828 0.4791906 0.133236 0.4673695 0.122606 0.4791906 0.133236 0.4534935 0.1272678 0.4673695 0.122606 0.4839627 0.1431697 0.4515196 0.1380664 0.4791906 0.133236 0.4839627 0.1431697 0.4495782 0.149981 0.4515196 0.1380664 0.4515196 0.1380664 0.4495782 0.149981 0.4321212 0.1526141 0.4515196 0.1380664 0.4321212 0.1526141 0.4339179 0.1339834 0.6040217 0.1109486 0.5479848 0.112138 0.5519783 0.1035197 0.6172643 0.1301236 0.553603 0.1242176 0.6040217 0.1109486 0.4878998 0.113294 0.5252921 0.1154938 0.4977521 0.1258828 0.503848 0.1063739 0.4878998 0.113294 0.4704638 0.101031 0.4878998 0.113294 0.47043 0.1149545 0.4704638 0.101031 0.4977521 0.1258828 0.47043 0.1149545 0.4878998 0.113294 0.430113 0.1147199 0.4534935 0.1272678 0.4339179 0.1339834 0.4534935 0.1272678 0.430113 0.1147199 0.4673695 0.122606 0.4339179 0.1339834 0.4534935 0.1272678 0.4515196 0.1380664 0.4042868 0.1243172 0.3740596 0.1351386 0.3586947 0.1187247 0.4339179 0.1339834 0.3740596 0.1351386 0.4042868 0.1243172 0.4321212 0.1526141 0.3980805 0.1423942 0.4339179 0.1339834 0.3980805 0.1423942 0.3972442 0.1528199 0.3840414 0.1523058 0.3094223 0.08023554 0.2974257 0.06424522 0.32 0.06299996 0.2974257 0.06424522 0.3094223 0.08023554 0.2759343 0.07384133 0.347068 0.08000558 0.3094223 0.08023554 0.32 0.06299996 0.3094223 0.08023554 0.347068 0.08000558 0.3078128 0.09609401 0.3078128 0.09609401 0.347068 0.08000558 0.3630681 0.09709209 0.3391125 0.1091706 0.3914549 0.107955 0.3586947 0.1187247 0.3078128 0.09609401 0.3630681 0.09709209 0.3391125 0.1091706 0.3586947 0.1187247 0.3914549 0.107955 0.4042868 0.1243172 0.4504238 0.1046768 0.430113 0.1147199 0.3981996 0.09050041 0.4673695 0.122606 0.430113 0.1147199 0.4504238 0.1046768 0.4504238 0.1046768 0.4340404 0.09239929 0.4704638 0.101031 0.4504238 0.1046768 0.47043 0.1149545 0.4673695 0.122606 0.4634398 0.09394395 0.484517 0.0963146 0.4704638 0.101031 0.4704638 0.101031 0.4924231 0.09640508 0.503848 0.1063739 0.5152778 0.1037222 0.4924231 0.09640508 0.491037 0.08602762 0.5152778 0.1037222 0.5059515 0.09172898 0.5132111 0.0931431 0.5200011 0.09175634 0.5225 0.08600002 0.533 0.08599996 0.5132111 0.0931431 0.5200011 0.09175634 0.5152778 0.1037222 0.5533249 0.09371441 0.5200011 0.09175634 0.533 0.08599996 0.5519783 0.1035197 0.5277307 0.1016115 0.5533249 0.09371441 0.347068 0.08000558 0.3981996 0.09050041 0.3630681 0.09709209 0.3515 0.0665 0.347068 0.08000558 0.32 0.06299996 0.383 0.06999999 0.347068 0.08000558 0.3515 0.0665 0.4051607 0.07626819 0.3981996 0.09050041 0.383 0.06999999 0.4704638 0.101031 0.4340404 0.09239929 0.4273439 0.08179289 0.4704638 0.101031 0.4582623 0.0885517 0.4634398 0.09394395 0.3852728 0.1612122 0.3588291 0.1705771 0.3840414 0.1523058 0.3840414 0.1523058 0.3595311 0.1468477 0.3980805 0.1423942 0.3980805 0.1423942 0.3595311 0.1468477 0.3740596 0.1351386 0.3740596 0.1351386 0.3544242 0.1277165 0.3586947 0.1187247 0.3132923 0.1194922 0.3391125 0.1091706 0.3586947 0.1187247 0.293004 0.1056827 0.3391125 0.1091706 0.3132923 0.1194922 0.2809574 0.09119689 0.3078128 0.09609401 0.293004 0.1056827 0.3094223 0.08023554 0.2809574 0.09119689 0.2759343 0.07384133 0.2974257 0.06424522 0.2759343 0.07384133 0.279349 0.05625772 0.279349 0.05625772 0.2497012 0.06660252 0.257 0.04999995 0.257 0.04999995 0.2497012 0.06660252 0.245213 0.04705321 0.213595 0.08866649 0.224359 0.08515435 0.2435743 0.1063079 0.2497012 0.06660252 0.224359 0.08515435 0.213595 0.08866649 0.213595 0.08866649 0.2075297 0.1278333 0.202 0.11 0.2435743 0.1063079 0.2230741 0.1188091 0.213595 0.08866649 0.2075297 0.1278333 0.2230741 0.1188091 0.2171667 0.1361111 0.2075297 0.1278333 0.2005 0.126 0.202 0.11 0.2005 0.126 0.204566 0.1466224 0.199 0.142 0.2030923 0.09088391 0.228345 0.05022615 0.213595 0.08866649 0.198 0.1515 0.2112533 0.1514901 0.197 0.161 0.199 0.142 0.204566 0.1466224 0.198 0.1515 0.197 0.161 0.2112533 0.1514901 0.220256 0.1618168 0.195 0.1695 0.2066872 0.1736001 0.193 0.178 0.197 0.161 0.2066872 0.1736001 0.195 0.1695 0.2066872 0.1736001 0.2006648 0.187588 0.193 0.178 0.226467 0.1744641 0.2006648 0.187588 0.2066872 0.1736001 0.2006648 0.187588 0.221921 0.1838662 0.2020522 0.1975817 0.221921 0.1838662 0.233545 0.1955997 0.2020522 0.1975817 0.246 0.198 0.233545 0.1955997 0.2554632 0.1850503 0.2554632 0.1850503 0.233545 0.1955997 0.221921 0.1838662 0.2854879 0.1756067 0.2554632 0.1850503 0.2544154 0.1688063 0.2544154 0.1688063 0.2935247 0.1609943 0.2854879 0.1756067 0.2935247 0.1609943 0.2839299 0.1506057 0.333438 0.1400215 0.333438 0.1400215 0.2839299 0.1506057 0.2943718 0.1331346 0.333438 0.1400215 0.3385784 0.1528294 0.2935247 0.1609943 0.2943718 0.1331346 0.3544242 0.1277165 0.333438 0.1400215 0.3544242 0.1277165 0.3132923 0.1194922 0.3586947 0.1187247 0.2837799 0.1176156 0.3132923 0.1194922 0.2943718 0.1331346 0.3132923 0.1194922 0.2837799 0.1176156 0.293004 0.1056827 0.2809574 0.09119689 0.224359 0.08515435 0.2497012 0.06660252 0.2435743 0.1063079 0.2809574 0.09119689 0.293004 0.1056827 0.246 0.198 0.2554632 0.1850503 0.2856697 0.1909692 0.2479606 0.1194756 0.2230741 0.1188091 0.2435743 0.1063079 0.2171667 0.1361111 0.2479606 0.1194756 0.2402781 0.1334517 0.2112533 0.1514901 0.2375383 0.14873 0.220256 0.1618168 0.2066872 0.1736001 0.220256 0.1618168 0.226467 0.1744641 0.226467 0.1744641 0.220256 0.1618168 0.2487428 0.1553583 0.226467 0.1744641 0.2544154 0.1688063 0.221921 0.1838662 0.2544154 0.1688063 0.226467 0.1744641 0.2487428 0.1553583 0.2839299 0.1506057 0.2544154 0.1688063 0.2487428 0.1553583 0.2839299 0.1506057 0.2586255 0.1394951 0.2943718 0.1331346 0.2837799 0.1176156 0.2479606 0.1194756 0.2435743 0.1063079 0.2402781 0.1334517 0.2837799 0.1176156 0.2586255 0.1394951 0.2487428 0.1553583 0.2375383 0.14873 0.2586255 0.1394951 0.2586255 0.1394951 0.2375383 0.14873 0.2402781 0.1334517 0.3379377 0.16282 0.3385784 0.1528294 0.3595311 0.1468477 0.3595311 0.1468477 0.3385784 0.1528294 0.333438 0.1400215 0.3147568 0.1907947 0.3536896 0.181655 0.3464242 0.1873863 0.3739624 0.1732966 0.3536896 0.181655 0.3588291 0.1705771 0.385 0.182 0.3536896 0.181655 0.3739624 0.1732966 0.2854879 0.1756067 0.3379377 0.16282 0.3204103 0.179347 0.2856697 0.1909692 0.3204103 0.179347 0.3147568 0.1907947 0.2854879 0.1756067 0.3204103 0.179347 0.2856697 0.1909692 0.9437541 0.7906576 0.9285257 0.7973461 0.9261382 0.7707685 0.9363411 0.818555 0.9188738 0.8041315 0.9285257 0.7973461 0.9131764 0.8424021 0.935603 0.843615 0.9255437 0.8626127 0.9205232 0.8285967 0.935603 0.843615 0.9131764 0.8424021 0.9205232 0.8285967 0.9500086 0.8530436 0.935603 0.843615 0.9554314 0.8347313 0.9363411 0.818555 0.9588417 0.8104596 0.9363411 0.818555 0.9500086 0.8530436 0.9205232 0.8285967 0.9705001 0.8085001 0.9590169 0.8014617 0.98 0.801 0.9554314 0.8347313 0.9588417 0.8104596 0.9705001 0.8085001 0.9437541 0.7906576 0.9590169 0.8014617 0.9285257 0.7973461 0.9590169 0.8014617 0.9698631 0.7863296 0.98 0.801 0.9437541 0.7906576 0.9588497 0.7830034 0.9590169 0.8014617 0.9698631 0.7863296 0.9588497 0.7830034 0.9614158 0.7721166 0.9261382 0.7707685 0.9451992 0.7714762 0.9437541 0.7906576 0.9588497 0.7830034 0.9451992 0.7714762 0.9614158 0.7721166 0.9437541 0.7906576 0.9451992 0.7714762 0.9588497 0.7830034 0.9451992 0.7714762 0.9357677 0.732555 0.9614158 0.7721166 0.942 0.717 0.9357677 0.732555 0.9127085 0.7006418 0.9222595 0.6416004 0.9127085 0.7006418 0.8983286 0.6566999 0.9127085 0.7006418 0.9222595 0.6416004 0.9345001 0.6780001 0.9041551 0.6280504 0.9222595 0.6416004 0.8983286 0.6566999 0.9698631 0.7863296 0.9785001 0.7950001 0.98 0.801 0.9785001 0.7950001 0.9614158 0.7721166 0.9770001 0.7890001 0.9285257 0.7973461 0.898822 0.7649369 0.9261382 0.7707685 0.9188738 0.8041315 0.898822 0.7649369 0.9285257 0.7973461 0.898822 0.7649369 0.897119 0.7923299 0.8746861 0.7725003 0.8746861 0.7725003 0.897119 0.7923299 0.8814417 0.8011837 0.8814417 0.8011837 0.897119 0.7923299 0.9205232 0.8285967 0.9363411 0.818555 0.897119 0.7923299 0.9188738 0.8041315 0.9205232 0.8285967 0.897119 0.7923299 0.9363411 0.818555 0.8936426 0.8497233 0.9255437 0.8626127 0.9241404 0.8768542 0.9255437 0.8626127 0.935603 0.843615 0.9500086 0.8530436 0.9430001 0.8710001 0.9255437 0.8626127 0.9500086 0.8530436 0.936 0.889 0.9241404 0.8768542 0.9430001 0.8710001 0.9213984 0.8974104 0.9241404 0.8768542 0.936 0.889 0.9058386 0.9101518 0.9213984 0.8974104 0.9170691 0.9116143 0.8301629 0.8950026 0.8410001 0.8731461 0.848534 0.8983047 0.8698387 0.8337541 0.8550618 0.858473 0.8465206 0.8303582 0.8936426 0.8497233 0.8550618 0.858473 0.8698387 0.8337541 0.8550618 0.858473 0.8936426 0.8497233 0.8829143 0.9092546 0.8829143 0.9092546 0.8936426 0.8497233 0.9241404 0.8768542 0.9213984 0.8974104 0.8829143 0.9092546 0.9241404 0.8768542 0.9058386 0.9101518 0.8829143 0.9092546 0.9213984 0.8974104 0.8301629 0.8950026 0.844656 0.9128286 0.8446274 0.9300206 0.848534 0.8983047 0.8622303 0.9085129 0.8519131 0.9132893 0.8550618 0.858473 0.8829143 0.9092546 0.8622303 0.9085129 0.4815012 0.09397572 0.4634241 0.09392678 0.4780126 0.1024385 0.4551149 0.1389366 0.4855501 0.1407446 0.4563034 0.1294609 0.4551149 0.1389366 0.4816101 0.1493037 0.4855501 0.1407446 0.4551149 0.1389366 0.4634914 0.1531636 0.4710282 0.1592432 0.4551149 0.1389366 0.453841 0.1571043 0.4634914 0.1531636 0.4780126 0.1024385 0.4521809 0.1047698 0.4644339 0.1162438 0.4780126 0.1024385 0.4582624 0.0885517 0.4518474 0.08838206 0.4780126 0.1024385 0.4518474 0.08838206 0.4274212 0.08183842 0.3926187 0.09240704 0.4344607 0.09297126 0.4050068 0.07624948 0.3509808 0.07905322 0.4050068 0.07624948 0.383 0.06999999 0.3509808 0.07905322 0.3515 0.0665 0.32 0.06299996 0.4563034 0.1294609 0.4338786 0.1367279 0.4551149 0.1389366 0.4316946 0.1138142 0.4563034 0.1294609 0.4644339 0.1162438 0.3926187 0.09240704 0.4521809 0.1047698 0.4344607 0.09297126 0.4521809 0.1047698 0.4316946 0.1138142 0.4644339 0.1162438 0.4344607 0.09297126 0.4521809 0.1047698 0.4780126 0.1024385 0.3926187 0.09240704 0.3904012 0.1077598 0.4316946 0.1138142 0.199 0.142 0.2044137 0.1471264 0.2070583 0.1285547 0.2044137 0.1471264 0.198 0.1515 0.197 0.161 0.2005 0.126 0.2070583 0.1285547 0.202 0.11 0.2070583 0.1285547 0.2005 0.126 0.199 0.142 0.2070583 0.1285547 0.2123417 0.09642893 0.202 0.11 0.2161483 0.1193154 0.2070583 0.1285547 0.224466 0.1358652 0.2453075 0.08309471 0.2123417 0.09642893 0.2515715 0.1055805 0.2164847 0.0704317 0.2485458 0.05761319 0.2297586 0.0507071 0.2766674 0.07369697 0.2485458 0.05761319 0.2453075 0.08309471 0.2996956 0.06251126 0.3097475 0.07863497 0.32 0.06299996 0.3097475 0.07863497 0.3509808 0.07905322 0.32 0.06299996 0.3509808 0.07905322 0.3038716 0.09398853 0.3546814 0.09878093 0.3926187 0.09240704 0.3509808 0.07905322 0.3546814 0.09878093 0.3904012 0.1077598 0.3546814 0.09878093 0.4011484 0.1227641 0.3926187 0.09240704 0.3546814 0.09878093 0.3904012 0.1077598 0.4316946 0.1138142 0.3904012 0.1077598 0.4011484 0.1227641 0.4011484 0.1227641 0.3920916 0.1324743 0.4338786 0.1367279 0.4011484 0.1227641 0.4338786 0.1367279 0.4316946 0.1138142 0.4551149 0.1389366 0.4338786 0.1367279 0.4313458 0.1527321 0.202 0.11 0.2123417 0.09642893 0.2030922 0.09088742 0.2030922 0.09088742 0.2164847 0.0704317 0.2042469 0.04433006 0.3541911 0.1440723 0.3653133 0.1366341 0.3535924 0.1278342 0.3535924 0.1278342 0.3920916 0.1324743 0.4011484 0.1227641 0.4338786 0.1367279 0.3920916 0.1324743 0.389011 0.1412762 0.389011 0.1412762 0.4313458 0.1527321 0.4338786 0.1367279 0.2430436 0.1594392 0.2894018 0.1502255 0.2445459 0.1495023 0.2844575 0.1631369 0.2430436 0.1594392 0.2633679 0.1747347 0.2430436 0.1594392 0.2308387 0.1737 0.2633679 0.1747347 0.2445459 0.1495023 0.2589782 0.1403131 0.2472525 0.1317903 0.2214829 0.1462888 0.2445459 0.1495023 0.2472525 0.1317903 0.2429767 0.1205248 0.224466 0.1358652 0.2472525 0.1317903 0.2429767 0.1205248 0.2161483 0.1193154 0.224466 0.1358652 0.2515715 0.1055805 0.2815343 0.09109073 0.2453075 0.08309471 0.3149344 0.1059219 0.2815343 0.09109073 0.2515715 0.1055805 0.2453075 0.08309471 0.2815343 0.09109073 0.2766674 0.07369697 0.3546814 0.09878093 0.3038716 0.09398853 0.3149344 0.1059219 0.2815343 0.09109073 0.3038716 0.09398853 0.2766674 0.07369697 0.3149344 0.1059219 0.3133333 0.120215 0.3500955 0.1152464 0.2589782 0.1403131 0.2894018 0.1502255 0.2943718 0.1331346 0.2445459 0.1495023 0.2894018 0.1502255 0.2589782 0.1403131 0.2429767 0.1205248 0.2839831 0.1175311 0.2515715 0.1055805 0.2472525 0.1317903 0.2839831 0.1175311 0.2429767 0.1205248 0.2943718 0.1331346 0.2839831 0.1175311 0.2472525 0.1317903 0.3133333 0.120215 0.2839831 0.1175311 0.2943718 0.1331346 0.2839831 0.1175311 0.3133333 0.120215 0.3149344 0.1059219 0.2943718 0.1331346 0.3535924 0.1278342 0.3133333 0.120215 0.3541911 0.1440723 0.3535924 0.1278342 0.3191254 0.1416372 0.3133333 0.120215 0.3535924 0.1278342 0.3500955 0.1152464 0.389011 0.1412762 0.3972442 0.1528199 0.4037993 0.1487751 0.3569517 0.1634546 0.3840561 0.1522981 0.3541911 0.1440723 0.3541911 0.1440723 0.3840561 0.1522981 0.389011 0.1412762 0.3541911 0.1440723 0.3409788 0.1518747 0.3569517 0.1634546 0.3191254 0.1416372 0.3409788 0.1518747 0.3541911 0.1440723 0.2894018 0.1502255 0.3409788 0.1518747 0.3191254 0.1416372 0.2844575 0.1631369 0.3342564 0.1632856 0.2894018 0.1502255 0.2633679 0.1747347 0.3109381 0.1740965 0.2844575 0.1631369 0.3109381 0.1740965 0.2565941 0.184925 0.3165548 0.1841744 0.2633679 0.1747347 0.2565941 0.184925 0.3109381 0.1740965 0.3165548 0.1841744 0.2565941 0.184925 0.2871837 0.1953775 0.2871837 0.1953775 0.2565941 0.184925 0.2458313 0.1980135 0.2565941 0.184925 0.2304931 0.1945459 0.2458313 0.1980135 0.241282 0.1786164 0.2565941 0.184925 0.2633679 0.1747347 0.2633679 0.1747347 0.2308387 0.1737 0.241282 0.1786164 0.2082713 0.1672287 0.2308387 0.1737 0.2430436 0.1594392 0.2080956 0.1775376 0.2308387 0.1737 0.2082713 0.1672287 0.197 0.161 0.2082713 0.1672287 0.2158052 0.1556579 0.2044137 0.1471264 0.2214829 0.1462888 0.224466 0.1358652 0.197 0.161 0.2158052 0.1556579 0.2044137 0.1471264 0.192 0.1875 0.2055534 0.1858997 0.19299 0.1780426 0.2028161 0.1949076 0.192 0.1875 0.191 0.197 0.2055534 0.1858997 0.2080956 0.1775376 0.19299 0.1780426 0.241282 0.1786164 0.2055534 0.1858997 0.2304931 0.1945459 0.2055534 0.1858997 0.2308387 0.1737 0.2080956 0.1775376 0.2304931 0.1945459 0.2055534 0.1858997 0.2028161 0.1949076 0.3109381 0.1740965 0.3165548 0.1841744 0.3543602 0.1785728 0.3543602 0.1785728 0.3165548 0.1841744 0.3170544 0.1918665 0.385 0.182 0.3543602 0.1785728 0.3546265 0.1862316 0.3858681 0.1749444 0.373735 0.1735481 0.385 0.182 0.3858393 0.1697137 0.373735 0.1735481 0.3858681 0.1749444 0.3569517 0.1634546 0.3858393 0.1697137 0.3852728 0.1612121 0.3543602 0.1785728 0.373735 0.1735481 0.3569517 0.1634546 0.3569517 0.1634546 0.3342564 0.1632856 0.3109381 0.1740965 0.5122373 0.1444038 0.5087988 0.1618013 0.5118639 0.1548365 0.5122373 0.1444038 0.5118639 0.1548365 0.530644 0.1658608 0.5742223 0.1652778 0.558508 0.148697 0.5467699 0.1588789 0.5780506 0.1444243 0.558508 0.148697 0.5774673 0.1540389 0.5780506 0.1444243 0.5774673 0.1540389 0.6113317 0.1501135 0.5998789 0.1405197 0.647179 0.1509444 0.659486 0.1418638 0.6113317 0.1501135 0.5998789 0.1405197 0.5780506 0.1444243 0.659486 0.1418638 0.647179 0.1509444 0.6539537 0.1467207 0.5780506 0.1444243 0.5384931 0.1403943 0.558508 0.148697 0.5384931 0.1403943 0.560598 0.1318101 0.5224671 0.1279736 0.5122373 0.1444038 0.5384931 0.1403943 0.5104663 0.1336774 0.5104663 0.1336774 0.5384931 0.1403943 0.5224671 0.1279736 0.5104663 0.1336774 0.5224671 0.1279736 0.4962183 0.1258432 0.5122373 0.1444038 0.4816101 0.1493037 0.5087988 0.1618013 0.5087988 0.1618013 0.4816101 0.1493037 0.4831308 0.158972 0.4787818 0.1278178 0.5104663 0.1336774 0.4962183 0.1258432 0.5234333 0.116523 0.4890169 0.1124409 0.4962183 0.1258432 0.5152779 0.1037222 0.4890169 0.1124409 0.5234333 0.116523 0.5548176 0.1150411 0.5234333 0.116523 0.5224671 0.1279736 0.5284975 0.1009689 0.5234333 0.116523 0.5548176 0.1150411 0.5152779 0.1037222 0.5234333 0.116523 0.5284975 0.1009689 0.6173096 0.1297876 0.6751248 0.1289731 0.6635767 0.1152229 0.6734446 0.1357778 0.6173096 0.1297876 0.659486 0.1418638 0.5998789 0.1405197 0.6173096 0.1297876 0.560598 0.1318101 0.5998789 0.1405197 0.560598 0.1318101 0.5780506 0.1444243 0.5284975 0.1009689 0.5548176 0.1150411 0.5545675 0.1011329 0.5284975 0.1009689 0.5531216 0.08617871 0.533 0.08599996 0.513249 0.09314924 0.5284975 0.1009689 0.533 0.08599996 0.5152779 0.1037222 0.5284975 0.1009689 0.513249 0.09314924 0.5222865 0.08648252 0.513249 0.09314924 0.533 0.08599996 0.5152779 0.1037222 0.5059515 0.09172898 0.4925059 0.08712464 0.5152779 0.1037222 0.4922194 0.09635847 0.4780126 0.1024385 0.4780126 0.1024385 0.4856491 0.09719264 0.4815012 0.09397572 0.4644339 0.1162438 0.4890169 0.1124409 0.4780126 0.1024385 0.4962183 0.1258432 0.4644339 0.1162438 0.4787818 0.1278178 0.6173096 0.1297876 0.5548176 0.1150411 0.560598 0.1318101 0.6635767 0.1152229 0.5548176 0.1150411 0.6173096 0.1297876 0.5548176 0.1150411 0.600798 0.1001279 0.5545675 0.1011329 0.628 0.09499996 0.600798 0.1001279 0.6531472 0.1098694 0.6005001 0.09049999 0.600798 0.1001279 0.628 0.09499996 0.573 0.08599996 0.600798 0.1001279 0.6005001 0.09049999 0.600798 0.1001279 0.5531216 0.08617871 0.5545675 0.1011329 0.573 0.08599996 0.5531216 0.08617871 0.600798 0.1001279 0.08374631 0.2514959 0.06601607 0.2740014 0.09297937 0.2579185 0.08073723 0.241711 0.08374631 0.2514959 0.1067147 0.2376918 0.08374631 0.2514959 0.09297937 0.2579185 0.1241422 0.2443247 0.05658733 0.3134169 0.07804363 0.302978 0.06601607 0.2740014 0.07804363 0.302978 0.05658733 0.3134169 0.08718895 0.3174653 0.06426268 0.3308882 0.08535885 0.3315805 0.08718895 0.3174653 0.06370007 0.3432996 0.08535885 0.3315805 0.06426268 0.3308882 0.1112106 0.320393 0.08535885 0.3315805 0.1183477 0.3430063 0.100578 0.348002 0.07828301 0.3504671 0.09178483 0.3613313 0.07828301 0.3504671 0.08297288 0.3393697 0.06370007 0.3432996 0.06426268 0.3308882 0.04551213 0.3348592 0.04569506 0.350753 0.05658733 0.3134169 0.05396485 0.3222979 0.06426268 0.3308882 0.06601607 0.2740014 0.05052846 0.3026373 0.05658733 0.3134169 0.0568028 0.2884756 0.06601607 0.2740014 0.05381035 0.2745765 0.05381035 0.2745765 0.06601607 0.2740014 0.08374631 0.2514959 0.06370007 0.3432996 0.05664873 0.3541669 0.07828301 0.3504671 0.05664873 0.3541669 0.06370007 0.3432996 0.04569506 0.350753 0.08374631 0.2514959 0.05582201 0.2570755 0.05381035 0.2745765 0.06199997 0.2409999 0.0529685 0.2500052 0.08073723 0.241711 0.08073723 0.241711 0.0529685 0.2500052 0.08374631 0.2514959 0.08073723 0.241711 0.0804252 0.2340313 0.06199997 0.2409999 0.07099997 0.228 0.0804252 0.2340313 0.08386737 0.2266455 0.0804252 0.2340313 0.1123549 0.2261146 0.08386737 0.2266455 0.1067147 0.2376918 0.1123549 0.2261146 0.08073723 0.241711 0.1258313 0.2230067 0.1123549 0.2261146 0.1067147 0.2376918 0.1067147 0.2376918 0.128259 0.2323296 0.1258313 0.2230067 0.4009755 0.7703575 0.3863542 0.7600653 0.3901082 0.751114 0.4009755 0.7703575 0.3899859 0.7700592 0.3863542 0.7600653 0.3899859 0.7700592 0.4009755 0.7703575 0.3873425 0.7899631 0.7903366 0.8595013 0.7435778 0.8625503 0.767212 0.8166769 0.7435778 0.8625503 0.7527305 0.9233815 0.7325664 0.9394438 0.7061267 0.9091433 0.7435778 0.8625503 0.7325664 0.9394438 0.7435778 0.8625503 0.7227726 0.8556045 0.7349411 0.8116037 0.7903366 0.8595013 0.8116477 0.9123835 0.7866373 0.9427336 0.7227726 0.8556045 0.688176 0.8410314 0.7047948 0.8013826 0.7012662 0.7507437 0.7047948 0.8013826 0.6802223 0.8008334 0.7012662 0.7507437 0.7172838 0.7569305 0.7047948 0.8013826 0.7349411 0.8116037 0.7172838 0.7569305 0.731861 0.7475645 0.7047948 0.8013826 0.7172838 0.7569305 0.7349411 0.8116037 0.767212 0.8166769 0.7349411 0.8116037 0.7605482 0.7169276 0.3990296 0.859639 0.401973 0.8471497 0.4083154 0.8368511 0.401973 0.8471497 0.3970531 0.8573976 0.3834248 0.8655958 0.3221924 0.8924452 0.3240739 0.8727225 0.3190389 0.8673793 0.3635208 0.9050315 0.3277569 0.9169828 0.3522483 0.8857786 0.3128762 0.9246094 0.3277569 0.9169828 0.3208419 0.9426903 0.3277569 0.9169828 0.3128762 0.9246094 0.3522483 0.8857786 0.3522483 0.8857786 0.3128762 0.9246094 0.3221924 0.8924452 0.3424382 0.9309757 0.3315631 0.9373981 0.3208419 0.9426903 0.3208419 0.9426903 0.3277569 0.9169828 0.3635208 0.9050315 0.3208419 0.9426903 0.3632128 0.9306821 0.3424382 0.9309757 0.3832873 0.9130073 0.3208419 0.9426903 0.3635208 0.9050315 0.3924028 0.8990227 0.3691667 0.8828428 0.3986552 0.8742489 0.3832873 0.9130073 0.3635208 0.9050315 0.3924028 0.8990227 0.3990296 0.859639 0.3986552 0.8742489 0.3691667 0.8828428 0.4105384 0.8679122 0.4083154 0.8368511 0.4179116 0.8446308 0.4179116 0.8446308 0.4262744 0.8448753 0.4105384 0.8679122 0.4262744 0.8448753 0.4240697 0.8250985 0.43528 0.817399 0.417574 0.7801237 0.4240697 0.8250985 0.4100199 0.8049384 0.4100199 0.8049384 0.4240697 0.8250985 0.4083154 0.8368511 0.417574 0.7801237 0.4291247 0.7914463 0.4240697 0.8250985 0.5931727 0.09515833 0.6040217 0.1109486 0.5519783 0.1035197 0.628 0.09499996 0.6040217 0.1109486 0.5931727 0.09515833 0.6549466 0.1109772 0.6040217 0.1109486 0.6450847 0.1057454 0.573 0.08599996 0.5931727 0.09515833 0.5533249 0.09371441 0.5931727 0.09515833 0.6005001 0.09049999 0.628 0.09499996 0.553 0.08600002 0.5533249 0.09371441 0.533 0.08599996 0.573 0.08599996 0.5533249 0.09371441 0.553 0.08600002 0.5252921 0.1154938 0.5479848 0.112138 0.553603 0.1242176 0.5519783 0.1035197 0.5479848 0.112138 0.5252921 0.1154938 0.5519783 0.1035197 0.5252921 0.1154938 0.5277307 0.1016115 0.4977521 0.1258828 0.5252921 0.1154938 0.5196658 0.1322305 0.116258 0.6939964 0.1069992 0.702337 0.1086497 0.68448 0.09704047 0.6833237 0.1069992 0.702337 0.09133273 0.689362 0.1069992 0.702337 0.09704047 0.6833237 0.1086497 0.68448 0.1049798 0.7185975 0.09038716 0.7223708 0.09133273 0.689362 0.2318718 0.3333933 0.2869158 0.329035 0.2798568 0.3324411 0.2318718 0.3333933 0.2729471 0.3364024 0.2586535 0.3425204 0.1633942 0.3432604 0.2318718 0.3333933 0.1947644 0.3463752 0.198 0.351 0.1947644 0.3463752 0.229 0.3480001 0.1734123 0.3536068 0.1947644 0.3463752 0.198 0.351 0.1947644 0.3463752 0.1532754 0.3558878 0.1378177 0.3526272 0.1532754 0.3558878 0.1331761 0.3617238 0.1338503 0.3563878 0.1338503 0.3563878 0.1197007 0.3649488 0.1189669 0.3593783 0.1197007 0.3649488 0.1016925 0.3688278 0.1189669 0.3593783 0.5952534 0.7469733 0.5949991 0.751625 0.5866904 0.7443079 0.5866904 0.7443079 0.5949991 0.751625 0.5810472 0.7415915 0.5866904 0.7443079 0.6037832 0.7315093 0.5952534 0.7469733 0.5921845 0.7189298 0.6037832 0.7315093 0.5815001 0.7225001 0.579 0.752 0.5810472 0.7415915 0.5749867 0.755187 0.5749867 0.755187 0.5949991 0.751625 0.5919445 0.755889 0.5789988 0.7612851 0.5749867 0.755187 0.5919445 0.755889 0.5749867 0.755187 0.5789988 0.7612851 0.566389 0.7558889 0.5632502 0.7516295 0.5749867 0.755187 0.566389 0.7558889 0.5632502 0.7516295 0.5679548 0.7410455 0.5775543 0.7428256 0.5679548 0.7410455 0.5770001 0.7405001 0.5775543 0.7428256 0.5668408 0.7189051 0.5679548 0.7410455 0.5552559 0.7315903 0.445889 0.8530001 0.4750009 0.8418369 0.4768524 0.8574213 0.4121624 0.8585265 0.4142921 0.7936463 0.4313325 0.7858391 0.4313325 0.7858391 0.4269192 0.8601363 0.4121624 0.8585265 0.445889 0.8530001 0.4313325 0.7858391 0.4600251 0.8235545 0.445889 0.8530001 0.4600251 0.8235545 0.4690059 0.8333768 0.4269192 0.8601363 0.4429968 0.9216624 0.4197682 0.9372506 0.4429968 0.9216624 0.4269192 0.8601363 0.445889 0.8530001 0.4269192 0.8601363 0.3905319 0.8993757 0.4121624 0.8585265 0.3905319 0.8993757 0.4197682 0.9372506 0.387 0.948 0.3846858 0.8203878 0.372 0.8080001 0.3685628 0.7572024 0.3959224 0.771364 0.3846858 0.8203878 0.3685628 0.7572024 0.3846858 0.8203878 0.4142921 0.7936463 0.4121624 0.8585265 0.3685628 0.7572024 0.3923369 0.7485212 0.3959224 0.771364 0.4197682 0.9372506 0.3901012 0.970742 0.387 0.948 0.4197682 0.9372506 0.4457162 0.9662631 0.434939 0.9910014 0.4457162 0.9662631 0.4425001 0.9920001 0.434939 0.9910014 0.3909295 0.7245505 0.3685628 0.7572024 0.368 0.733 0.7175001 0.9920001 0.7167746 0.9552071 0.725 0.991 0.7085483 0.9878483 0.7167746 0.9552071 0.7175001 0.9920001 0.7167746 0.9552071 0.7376359 0.9327856 0.725 0.991 0.7376359 0.9327856 0.7710259 0.9700292 0.725 0.991 0.725 0.991 0.7710259 0.9700292 0.7679981 0.9920001 0.6830667 0.9379686 0.6772816 0.8890607 0.7167746 0.9552071 0.6772816 0.8890607 0.720358 0.9098354 0.7167746 0.9552071 0.720358 0.9098354 0.6772816 0.8890607 0.6832487 0.857434 0.6832487 0.857434 0.7144852 0.85603 0.720358 0.9098354 0.7335161 0.8630115 0.720358 0.9098354 0.7144852 0.85603 0.7710259 0.9700292 0.7560605 0.8860743 0.774 0.948 0.7560605 0.8860743 0.7788292 0.9121266 0.774 0.948 0.7560605 0.8860743 0.7859452 0.8498451 0.7788292 0.9121266 0.7335161 0.8630115 0.7506033 0.8434309 0.7560605 0.8860743 0.7925001 0.7545002 0.7700579 0.7245505 0.793 0.733 0.7686635 0.7485097 0.7925001 0.7545002 0.7781354 0.8036686 0.7467528 0.7936336 0.7781354 0.8036686 0.7506033 0.8434309 0.7105962 0.8010809 0.7296196 0.7860761 0.700715 0.8235589 0.7144852 0.85603 0.6853324 0.8418369 0.6914919 0.8333768 0.2097403 0.7394545 0.2070528 0.7684193 0.1996465 0.7458285 0.2070528 0.7684193 0.2097403 0.7394545 0.21468 0.7577335 0.2070528 0.7684193 0.1953803 0.7623759 0.1996465 0.7458285 0.2070528 0.7684193 0.2213428 0.779315 0.2034487 0.7855964 0.21468 0.7577335 0.2213428 0.779315 0.2070528 0.7684193 0.2213428 0.779315 0.2062583 0.8084821 0.2034487 0.7855964 0.221673 0.7909303 0.2213428 0.779315 0.2447308 0.7707758 0.221673 0.7909303 0.2302642 0.8011497 0.2118101 0.8231429 0.2302642 0.8011497 0.221673 0.7909303 0.2447308 0.7707758 0.2197928 0.8420045 0.2302642 0.8011497 0.2334039 0.8261658 0.2062583 0.8084821 0.2009223 0.8044459 0.2034487 0.7855964 0.2009842 0.8429474 0.2062583 0.8084821 0.2118101 0.8231429 0.2062583 0.8084821 0.1927689 0.8311625 0.2009223 0.8044459 0.2118101 0.8231429 0.2302642 0.8011497 0.2197928 0.8420045 0.2118101 0.8231429 0.2197928 0.8420045 0.2009842 0.8429474 0.2306497 0.8634453 0.2572265 0.8524076 0.2523801 0.8911715 0.2306497 0.8634453 0.2190512 0.8865863 0.2197928 0.8420045 0.2197928 0.8420045 0.2190512 0.8865863 0.1950692 0.8734256 0.1823533 0.8521317 0.2009842 0.8429474 0.1950692 0.8734256 0.178 0.8296801 0.1927689 0.8311625 0.1823533 0.8521317 0.191759 0.8175232 0.1927689 0.8311625 0.178 0.8296801 0.191759 0.8175232 0.1927503 0.7800471 0.2009223 0.8044459 0.1953803 0.7623759 0.1927503 0.7800471 0.1806682 0.7490513 0.1927503 0.7800471 0.1953803 0.7623759 0.2034487 0.7855964 0.1904743 0.7355438 0.1806682 0.7490513 0.18 0.727 0.1953803 0.7623759 0.1904743 0.7355438 0.1996465 0.7458285 0.178 0.8124764 0.191759 0.8175232 0.178 0.8296801 0.1643273 0.8180221 0.178 0.8124764 0.178 0.8296801 0.1823533 0.8521317 0.1866232 0.8735998 0.1695081 0.8726236 0.1563994 0.8620771 0.1700528 0.8496569 0.1695081 0.8726236 0.1823533 0.8521317 0.1700528 0.8496569 0.178 0.8296801 0.1695081 0.8726236 0.1609422 0.8789315 0.1563994 0.8620771 0.165 0.789 0.1612048 0.7804308 0.1696302 0.7740807 0.1523718 0.7855964 0.1612048 0.7804308 0.1547417 0.8046652 0.163247 0.8035019 0.1612048 0.7804308 0.165 0.789 0.1547417 0.8046652 0.1643273 0.8180221 0.163593 0.8324655 0.163593 0.8324655 0.1643273 0.8180221 0.178 0.8296801 0.1521987 0.8225319 0.163593 0.8324655 0.1547765 0.8424851 0.163593 0.8324655 0.1521987 0.8225319 0.1547417 0.8046652 0.1547765 0.8424851 0.1700528 0.8496569 0.1563994 0.8620771 0.1197835 0.8676079 0.1441045 0.8869246 0.1219472 0.9022416 0.1219472 0.9022416 0.1441045 0.8869246 0.1362223 0.9071703 0.1609422 0.8789315 0.1441045 0.8869246 0.1563994 0.8620771 0.1542177 0.9012385 0.1441045 0.8869246 0.1609422 0.8789315 0.1782105 0.9096967 0.1542177 0.9012385 0.1697211 0.8892617 0.183483 0.8896131 0.1697211 0.8892617 0.1695081 0.8726236 0.1866232 0.8735998 0.183483 0.8896131 0.1695081 0.8726236 0.1866232 0.8735998 0.1950692 0.8734256 0.183483 0.8896131 0.1609978 0.9220839 0.1782105 0.9096967 0.1773793 0.9519507 0.1609978 0.9220839 0.1542177 0.9012385 0.1782105 0.9096967 0.1563994 0.8620771 0.139613 0.8213115 0.1547765 0.8424851 0.1521987 0.8225319 0.139613 0.8213115 0.1329391 0.7916747 0.1547417 0.8046652 0.1493213 0.8046569 0.1523718 0.7855964 0.1329391 0.7916747 0.1493213 0.8046569 0.1521987 0.8225319 0.1609978 0.9220839 0.1253789 0.9346275 0.1542177 0.9012385 0.1773793 0.9519507 0.1253789 0.9346275 0.1609978 0.9220839 0.1456412 0.7398288 0.1508869 0.7690014 0.1405066 0.7578268 0.1508869 0.7690014 0.1456412 0.7398288 0.1561414 0.7458285 0.1339938 0.778023 0.1508869 0.7690014 0.1523718 0.7855964 0.1339938 0.778023 0.1329391 0.7916747 0.1102244 0.7708206 0.1493213 0.8046569 0.1339938 0.778023 0.1523718 0.7855964 0.1329391 0.7916747 0.121022 0.7955533 0.1102244 0.7708206 0.121022 0.7955533 0.139613 0.8213115 0.1209768 0.8290554 0.1100617 0.8521059 0.1197835 0.8676079 0.1059746 0.893062 0.1197835 0.8676079 0.1100617 0.8521059 0.1209768 0.8290554 0.1059746 0.893062 0.1197835 0.8676079 0.1219472 0.9022416 0.1130713 0.9283705 0.1219472 0.9022416 0.1362223 0.9071703 0.1059746 0.893062 0.1130713 0.9283705 0.09813672 0.9351455 0.1253789 0.9346275 0.1130713 0.9283705 0.1362223 0.9071703 0.1130713 0.9283705 0.1185581 0.9867181 0.09813672 0.9351455 0.1253789 0.9346275 0.1322294 0.978154 0.1185581 0.9867181 0.0918402 0.900455 0.09813672 0.9351455 0.0748142 0.9031429 0.08851969 0.9851008 0.07592338 0.9497497 0.09813672 0.9351455 0.05405032 0.9896425 0.07592338 0.9497497 0.08851969 0.9851008 0.09813672 0.9351455 0.1051723 0.9846433 0.08851969 0.9851008 0.1209768 0.8290554 0.1066091 0.7945832 0.121022 0.7955533 0.09869766 0.8212261 0.1209768 0.8290554 0.1100617 0.8521059 0.09335029 0.8600129 0.1100617 0.8521059 0.1059746 0.893062 0.06529998 0.8455644 0.09335029 0.8600129 0.0748142 0.9031429 0.09335029 0.8600129 0.06529998 0.8455644 0.07778888 0.8333459 0.0918402 0.900455 0.09335029 0.8600129 0.1059746 0.893062 0.07592338 0.9497497 0.05405032 0.9896425 0.04390096 0.943961 0.01199996 0.9920001 0.009567975 0.96998 0.03780603 0.9949777 0.03780603 0.9949777 0.009567975 0.96998 0.05405032 0.9896425 0.009567975 0.96998 0.005874514 0.9117899 0.04390096 0.943961 0.006999969 0.948 0.005874514 0.9117899 0.009567975 0.96998 0.0748142 0.9031429 0.05728268 0.8888692 0.06529998 0.8455644 0.08171951 0.8162924 0.09869766 0.8212261 0.07778888 0.8333459 0.08526182 0.7665976 0.07449603 0.7879822 0.06133329 0.7592779 0.09869766 0.8212261 0.07449603 0.7879822 0.08526182 0.7665976 0.09869766 0.8212261 0.08526182 0.7665976 0.1066091 0.7945832 0.08526182 0.7665976 0.09064835 0.7308012 0.1102244 0.7708206 0.06133329 0.7592779 0.07808941 0.7462095 0.08526182 0.7665976 0.1102244 0.7708206 0.09064835 0.7308012 0.1053933 0.7413629 0.04390096 0.943961 0.01101261 0.8519145 0.02786117 0.8100663 0.01101261 0.8519145 0.04390096 0.943961 0.005874514 0.9117899 0.05728268 0.8888692 0.04390096 0.943961 0.02786117 0.8100663 0.02786117 0.8100663 0.06529998 0.8455644 0.05728268 0.8888692 0.06529998 0.8455644 0.02786117 0.8100663 0.01866781 0.7648438 0.01866781 0.7648438 0.06097346 0.7937821 0.06529998 0.8455644 0.08171951 0.8162924 0.06097346 0.7937821 0.07449603 0.7879822 0.01866781 0.7648438 0.0340439 0.7487417 0.06097346 0.7937821 0.0340439 0.7487417 0.01866781 0.7648438 0.004999995 0.734 0.0340439 0.7487417 0.03567969 0.7212486 0.06133329 0.7592779 0.006999969 0.7080001 0.0340439 0.7487417 0.004999995 0.734 0.003999948 0.8041045 0.01866781 0.7648438 0.02786117 0.8100663 0.1339938 0.778023 0.1228829 0.7414335 0.1405066 0.7578268 0.1102244 0.7708206 0.1228829 0.7414335 0.1339938 0.778023 0.1612048 0.7804308 0.1656134 0.7359814 0.1696302 0.7740807 0.1508869 0.7690014 0.1612048 0.7804308 0.1523718 0.7855964 0.1561414 0.7458285 0.1612048 0.7804308 0.1508869 0.7690014 0.474843 0.9797112 0.4510174 0.9898806 0.4767959 0.938916 0.4825526 0.8891184 0.4767959 0.938916 0.4429968 0.9216624 0.7167746 0.9552071 0.7085483 0.9878483 0.6830667 0.9379686 0.223628 0.9209277 0.2044221 0.9050484 0.2081612 0.8891974 0.1773793 0.9519507 0.1669912 0.9817835 0.1322294 0.978154 0.1782105 0.9096967 0.2044221 0.9050484 0.1953417 0.923969 0.2081612 0.8891974 0.2044221 0.9050484 0.1950692 0.8734256 0.2190512 0.8865863 0.2081612 0.8891974 0.1950692 0.8734256 0.2081612 0.8891974 0.2190512 0.8865863 0.223628 0.9209277 0.2306497 0.8634453 0.2358343 0.9030231 0.2190512 0.8865863 0.2523801 0.8911715 0.2358343 0.9030231 0.2306497 0.8634453 0.2713912 0.8655852 0.271908 0.8988839 0.2523801 0.8911715 0.1953417 0.923969 0.1930916 0.9860876 0.1773793 0.9519507 0.1930916 0.9860876 0.1953417 0.923969 0.2112424 0.955937 0.2112424 0.955937 0.223628 0.9209277 0.2351897 0.9887027 0.2358343 0.9030231 0.2509211 0.9453729 0.223628 0.9209277 0.2523801 0.8911715 0.2587295 0.9275752 0.2358343 0.9030231 0.271908 0.8988839 0.2782033 0.9413323 0.2587295 0.9275752 0.291778 0.9015898 0.3206335 0.9433102 0.2782033 0.9413323 0.3206335 0.9433102 0.3246041 0.872386 0.3475201 0.9084778 0.346 0.948 0.3206335 0.9433102 0.3475201 0.9084778 0.3440009 0.9699995 0.3206335 0.9433102 0.346 0.948 0.3440009 0.9699995 0.329 0.9935001 0.3162745 0.9856259 0.2818962 0.9841118 0.3206335 0.9433102 0.3162745 0.9856259 0.2782033 0.9413323 0.3206335 0.9433102 0.2818962 0.9841118 0.2782033 0.9413323 0.2818962 0.9841118 0.2509211 0.9453729 0.2818962 0.9841118 0.2631816 0.9825084 0.2509211 0.9453729 0.2351897 0.9887027 0.2509211 0.9453729 0.2498615 0.9788563 0.2125145 0.9939343 0.2112424 0.955937 0.2351897 0.9887027 0.2112424 0.955937 0.2125145 0.9939343 0.1930916 0.9860876 0.3246041 0.872386 0.3498889 0.8440566 0.3475201 0.9084778 0.3387757 0.8179566 0.3320674 0.7716783 0.349 0.7582024 0.2921289 0.860364 0.3387757 0.8179566 0.3246041 0.872386 0.2939183 0.8165372 0.3320674 0.7716783 0.2921289 0.860364 0.349 0.7582024 0.3320674 0.7716783 0.349 0.734 0.2939183 0.8165372 0.3195748 0.7499987 0.3320674 0.7716783 0.2928333 0.7592778 0.3195748 0.7499987 0.29342 0.7879557 0.3320674 0.7716783 0.3195748 0.7499987 0.349 0.734 0.3195748 0.7499987 0.347 0.7080001 0.349 0.734 0.318334 0.7212486 0.3195748 0.7499987 0.2928333 0.7592778 0.2928333 0.7592778 0.3092159 0.7165314 0.318334 0.7212486 0.2928333 0.7592778 0.29342 0.7879557 0.2800588 0.7879591 0.2787073 0.823557 0.2939183 0.8165372 0.2921289 0.860364 0.271908 0.8988839 0.2921289 0.860364 0.291778 0.9015898 0.2713912 0.8655852 0.2921289 0.860364 0.271908 0.8988839 0.2713912 0.8655852 0.2787073 0.823557 0.2921289 0.860364 0.2572265 0.8524076 0.2787073 0.823557 0.2713912 0.8655852 0.2685208 0.8136661 0.2787073 0.823557 0.2572265 0.8524076 0.2500526 0.799269 0.2800588 0.7879591 0.2685208 0.8136661 0.2500526 0.799269 0.2692222 0.7660301 0.2800588 0.7879591 0.2447308 0.7707758 0.2692222 0.7660301 0.2500526 0.799269 0.2800588 0.7879591 0.2692222 0.7660301 0.2928333 0.7592778 0.2640553 0.7305828 0.2692222 0.7660301 0.2447308 0.7707758 0.2319372 0.7405777 0.2213428 0.779315 0.21468 0.7577335 0.2447308 0.7707758 0.2319372 0.7405777 0.249494 0.7409929 0.2685208 0.8136661 0.2572265 0.8524076 0.2334039 0.8261658 0.2500526 0.799269 0.2685208 0.8136661 0.2334039 0.8261658 0.2447308 0.7707758 0.2500526 0.799269 0.2302642 0.8011497 0.5541389 0.7690934 0.5432115 0.7862384 0.5340001 0.7950001 0.551 0.816 0.5609742 0.8141672 0.5841506 0.8173415 0.551 0.816 0.5415 0.8085001 0.5516694 0.8094954 0.5523453 0.8005775 0.5516694 0.8094954 0.5415 0.8085001 0.5432115 0.7862384 0.5525841 0.7840579 0.5523453 0.8005775 0.5718984 0.787724 0.5523453 0.8005775 0.5525841 0.7840579 0.587843 0.7706823 0.5718984 0.787724 0.5687788 0.7713959 0.5718984 0.787724 0.5525841 0.7840579 0.5687788 0.7713959 0.6009158 0.6989327 0.6201559 0.7119789 0.5687788 0.7713959 0.5920131 0.6266514 0.606831 0.6360056 0.5832106 0.6620944 0.5609742 0.8141672 0.5718984 0.787724 0.5942013 0.7970871 0.562 0.853 0.5617027 0.8305833 0.5670496 0.8350179 0.6313317 0.6305204 0.606831 0.6360056 0.6114683 0.5938946 0.6132956 0.7726789 0.6184858 0.7550854 0.6453629 0.7392641 0.6816123 0.6723876 0.6905423 0.6945323 0.6732748 0.7136461 0.6496799 0.6906951 0.6645392 0.7018679 0.6453629 0.7392641 0.6184858 0.7550854 0.6201559 0.7119789 0.6496799 0.6906951 0.6313317 0.6305204 0.6438351 0.6468295 0.6308506 0.6701175 0.6478049 0.5917096 0.6543369 0.6201336 0.6313317 0.6305204 0.6428052 0.5446197 0.6478049 0.5917096 0.6305583 0.5844373 0.6428052 0.5446197 0.6305583 0.5844373 0.6221881 0.5078353 0.6957699 0.7214505 0.6905423 0.6945323 0.7216798 0.678807 0.6605448 0.6621343 0.6816123 0.6723876 0.6645392 0.7018679 0.6751667 0.6070001 0.6977849 0.6130359 0.6747863 0.6482867 0.6641486 0.6363497 0.6438351 0.6468295 0.6543369 0.6201336 0.6478049 0.5917096 0.6643548 0.5914313 0.6543369 0.6201336 0.6826969 0.5791317 0.6643548 0.5914313 0.6607738 0.5715798 0.6221881 0.5078353 0.6632034 0.5088066 0.6428052 0.5446197 0.6607738 0.5715798 0.6428052 0.5446197 0.6632034 0.5088066 0.6221881 0.5078353 0.6045047 0.4663667 0.6353887 0.4573835 0.6172609 0.4252819 0.648293 0.4313386 0.6353887 0.4573835 0.58 0.46 0.5740001 0.4490001 0.6045047 0.4663667 0.597 0.508 0.5885001 0.4840001 0.6067618 0.541254 0.6045047 0.4663667 0.6067618 0.541254 0.5885001 0.4840001 0.687 0.433 0.6953968 0.4646557 0.6687844 0.4511948 0.6632034 0.5088066 0.6353887 0.4573835 0.6687844 0.4511948 0.677778 0.5574648 0.6632034 0.5088066 0.6922776 0.5044923 0.677778 0.5574648 0.7069286 0.5488179 0.6826969 0.5791317 0.6986361 0.6487999 0.7572916 0.6406871 0.7216798 0.678807 0.7069286 0.5488179 0.7255513 0.4951503 0.7281636 0.5751943 0.7572916 0.6406871 0.6986361 0.6487999 0.7661947 0.5324261 0.7281636 0.5751943 0.7661947 0.5324261 0.6986361 0.6487999 0.7661947 0.5324261 0.7653803 0.4635987 0.783135 0.4990612 0.6344691 0.804418 0.6510257 0.8213445 0.6029368 0.8396559 0.5981543 0.8260738 0.620449 0.7931219 0.6344691 0.804418 0.6802223 0.8008334 0.6510257 0.8213445 0.6672585 0.7832045 0.6802223 0.8008334 0.6672585 0.7832045 0.7012662 0.7507437 0.7216798 0.678807 0.731861 0.7475645 0.7172838 0.7569305 0.7605482 0.7169276 0.731861 0.7475645 0.7572916 0.6406871 0.8112924 0.6579003 0.8048256 0.6244688 0.8138136 0.597149 0.7926409 0.7525869 0.767212 0.8166769 0.7605482 0.7169276 0.8563359 0.6366163 0.8449695 0.6556524 0.8460509 0.6321998 0.8138136 0.597149 0.8460509 0.6321998 0.8449695 0.6556524 0.8741787 0.5696128 0.8661988 0.595116 0.8540188 0.572564 0.8604118 0.6132377 0.8403206 0.5719027 0.8540188 0.572564 0.8604118 0.6132377 0.8563359 0.6366163 0.8460509 0.6321998 0.8672496 0.6472006 0.8563359 0.6366163 0.8604118 0.6132377 0.8609244 0.6887296 0.8564304 0.6644076 0.8672496 0.6472006 0.8449695 0.6556524 0.8564304 0.6644076 0.8472627 0.6992529 0.8112924 0.6579003 0.8336434 0.6719995 0.821617 0.69234 0.767212 0.8166769 0.7926409 0.7525869 0.8016383 0.8093896 0.8609244 0.6887296 0.8672496 0.6472006 0.8798192 0.6646399 0.8983286 0.6566999 0.8767393 0.6449387 0.8817601 0.6282374 0.8767393 0.6449387 0.8604118 0.6132377 0.8817601 0.6282374 0.9000338 0.5894101 0.9041551 0.6280504 0.8817601 0.6282374 0.8403206 0.5719027 0.8434814 0.5093862 0.8540188 0.572564 0.8434814 0.5093862 0.866823 0.5071361 0.8540188 0.572564 0.9000338 0.5894101 0.8904378 0.5093169 0.9091114 0.5276041 0.9091114 0.5276041 0.9089254 0.581552 0.9000338 0.5894101 0.9089254 0.581552 0.9130001 0.6030001 0.9000338 0.5894101 0.8798192 0.6646399 0.9127085 0.7006418 0.8891417 0.6963345 0.8746861 0.7725003 0.8572807 0.7508751 0.8705548 0.7447188 0.8632053 0.7188323 0.8705548 0.7447188 0.8572807 0.7508751 0.8434814 0.5093862 0.8665206 0.453848 0.866823 0.5071361 0.8665206 0.453848 0.9028256 0.4524804 0.866823 0.5071361 0.8138136 0.597149 0.783135 0.4990612 0.8213189 0.5119798 0.811293 0.452589 0.8465966 0.4479894 0.8213189 0.5119798 0.811293 0.452589 0.8280012 0.4335932 0.8465966 0.4479894 0.8665206 0.453848 0.8802599 0.4286435 0.9028256 0.4524804 0.944 0.438 0.9380001 0.4490001 0.910466 0.4860972 0.8904378 0.5093169 0.9028256 0.4524804 0.910466 0.4860972 0.8202896 0.793022 0.8525926 0.7880335 0.8465206 0.8303582 0.8814417 0.8011837 0.8698387 0.8337541 0.8465206 0.8303582 0.8293496 0.7334519 0.8572807 0.7508751 0.8525926 0.7880335 0.7866373 0.9427336 0.8116477 0.9123835 0.8162313 0.9458718 0.8410001 0.8731461 0.7903366 0.8595013 0.8211002 0.8207193 0.7903366 0.8595013 0.8016383 0.8093896 0.8211002 0.8207193 0.8202896 0.793022 0.8465206 0.8303582 0.8211002 0.8207193 0.7931287 0.6969055 0.8293496 0.7334519 0.8108554 0.7449049 0.8243307 0.7748983 0.8108554 0.7449049 0.8293496 0.7334519 0.8336434 0.6719995 0.8472627 0.6992529 0.8371112 0.7138817 0.8609244 0.6887296 0.8632053 0.7188323 0.8472627 0.6992529 0.8609244 0.6887296 0.8769333 0.7112767 0.8632053 0.7188323 0.8609244 0.6887296 0.8891417 0.6963345 0.8769333 0.7112767 0.8301629 0.8950026 0.8446274 0.9300206 0.8267546 0.925736 0.8116477 0.9123835 0.8301629 0.8950026 0.8267546 0.925736 0.7527305 0.9233815 0.7603257 0.9434128 0.7464408 0.9451567 0.7527305 0.9233815 0.7775202 0.938736 0.7603257 0.9434128 0.6576912 0.8564087 0.6363381 0.8869524 0.6204317 0.8510285 0.688176 0.8410314 0.6736621 0.87725 0.6576912 0.8564087 0.7061267 0.9091433 0.6722914 0.9053756 0.6736621 0.87725 0.7061267 0.9091433 0.6872912 0.9256184 0.6722914 0.9053756 0.6576912 0.8564087 0.6204317 0.8510285 0.6510257 0.8213445 0.6802223 0.8008334 0.6711221 0.8298663 0.6510257 0.8213445 0.688176 0.8410314 0.6576912 0.8564087 0.6711221 0.8298663 0.6302043 0.9092506 0.6363381 0.8869524 0.6604804 0.8972964 0.6576912 0.8564087 0.6736621 0.87725 0.6604804 0.8972964 0.6722914 0.9053756 0.6693549 0.930068 0.6659575 0.9151633 0.6062325 0.9101517 0.5948391 0.9116143 0.5823803 0.9008902 0.5823803 0.9008902 0.5848434 0.8862337 0.6363381 0.8869524 0.5968238 0.8599575 0.6363381 0.8869524 0.5848434 0.8862337 0.5968238 0.8599575 0.5848434 0.8862337 0.5820711 0.8646299 0.5981543 0.8260738 0.6029368 0.8396559 0.5804257 0.8463784 0.6204317 0.8510285 0.5968238 0.8599575 0.6029368 0.8396559 0.2668275 0.263463 0.2641952 0.2465326 0.2502003 0.2493572 0.2125759 0.244895 0.2143113 0.2647449 0.2502003 0.2493572 0.2440114 0.2794064 0.2502003 0.2493572 0.2143113 0.2647449 0.1832879 0.2525013 0.1539901 0.283572 0.2143113 0.2647449 0.1141827 0.2947162 0.1539901 0.283572 0.1832879 0.2525013 0.2125759 0.244895 0.2304807 0.2324713 0.1791008 0.234685 0.1640714 0.222 0.1591841 0.2350982 0.1925384 0.2222678 0.1791008 0.234685 0.1925384 0.2222678 0.1591841 0.2350982 0.1310437 0.2604783 0.1791008 0.234685 0.1241422 0.2443247 0.1539901 0.283572 0.1362507 0.3129957 0.159931 0.290121 0.09297937 0.2579185 0.1310437 0.2604783 0.1241422 0.2443247 0.08535885 0.3315805 0.1112106 0.320393 0.08718895 0.3174653 0.14019 0.3414242 0.161104 0.3307439 0.1418564 0.3293823 0.14019 0.3414242 0.1183477 0.3430063 0.1281192 0.3501149 0.1183477 0.3430063 0.100578 0.348002 0.1281192 0.3501149 0.08337926 0.3834603 0.1016705 0.3690099 0.08337503 0.3752753 0.09178483 0.3613313 0.07828301 0.3504671 0.06861484 0.3617832 0.07828301 0.3504671 0.05664873 0.3541669 0.06861484 0.3617832 0.1515341 0.3459348 0.14019 0.3414242 0.1281192 0.3501149 0.1281192 0.3501149 0.1403226 0.3548918 0.1515341 0.3459348 0.14019 0.3414242 0.1681566 0.3405277 0.2026302 0.3296483 0.1681566 0.3405277 0.2272982 0.3345102 0.2026302 0.3296483 0.2813375 0.3118634 0.2214565 0.311818 0.2336375 0.3206424 0.161104 0.3307439 0.2026302 0.3296483 0.2336375 0.3206424 0.2727932 0.3364036 0.2272982 0.3345102 0.2161436 0.344439 0.1681566 0.3405277 0.2161436 0.344439 0.2272982 0.3345102 0.198 0.351 0.233657 0.3475493 0.2161436 0.344439 0.1497641 0.3572385 0.173349 0.3535957 0.1803473 0.3476009 0.1992601 0.2947713 0.2214565 0.311818 0.2460664 0.3019599 0.1992601 0.2947713 0.1569856 0.3100088 0.1933929 0.3098515 0.159931 0.290121 0.1992601 0.2947713 0.2129252 0.2847074 0.2440114 0.2794064 0.2496914 0.2923469 0.2764158 0.2844743 0.2496914 0.2923469 0.2440114 0.2794064 0.2129252 0.2847074 0.2143113 0.2647449 0.2129252 0.2847074 0.2440114 0.2794064 0.1092389 0.3581024 0.108512 0.350458 0.1269623 0.3498064 0.1229465 0.336741 0.1163944 0.346481 0.09346973 0.3360071 0.1338503 0.3563878 0.1189669 0.3593783 0.1378177 0.3526272 0.1189669 0.3593783 0.1016925 0.3688278 0.1092389 0.3581024 0.08095824 0.3654493 0.08214932 0.3573226 0.1092389 0.3581024 0.08566862 0.2821454 0.06876772 0.319441 0.05431497 0.2739139 0.08566862 0.2821454 0.101036 0.3016273 0.06876772 0.319441 0.08137142 0.348192 0.0800836 0.3373537 0.09346973 0.3360071 0.08604431 0.3189327 0.0800836 0.3373537 0.06876772 0.319441 0.06876772 0.319441 0.056427 0.3133665 0.05030077 0.3035355 0.05396503 0.3222957 0.056427 0.3133665 0.06876772 0.319441 0.09381592 0.2501145 0.07683837 0.2563698 0.08588892 0.2400726 0.08588892 0.2400726 0.1138243 0.2362806 0.09381592 0.2501145 0.1196622 0.2620358 0.08566862 0.2821454 0.07683837 0.2563698 0.0800836 0.3373537 0.08137142 0.348192 0.06083005 0.3491348 0.04561477 0.334762 0.05396503 0.3222957 0.06184738 0.3364328 0.06876772 0.319441 0.06184738 0.3364328 0.05396503 0.3222957 0.06799995 0.367 0.06177681 0.3608989 0.08214932 0.3573226 0.04149997 0.3555001 0.04570364 0.3507894 0.06083005 0.3491348 0.06184738 0.3364328 0.06083005 0.3491348 0.04570364 0.3507894 0.06184738 0.3364328 0.04570364 0.3507894 0.04561477 0.334762 0.06199997 0.2409999 0.08588892 0.2400726 0.05298012 0.2500033 0.08588892 0.2400726 0.07683837 0.2563698 0.05298012 0.2500033 0.08588892 0.2400726 0.1055449 0.227434 0.1138243 0.2362806 0.09346973 0.3360071 0.08604431 0.3189327 0.1108787 0.3194081 0.1108787 0.3194081 0.1229465 0.336741 0.09346973 0.3360071 0.1565918 0.2444202 0.1196622 0.2620358 0.1236305 0.2439932 0.126 0.223 0.1521744 0.2220037 0.1478703 0.2303633 0.1319214 0.2757531 0.1843524 0.2510003 0.1635375 0.2798547 0.1163944 0.346481 0.1229465 0.336741 0.1370619 0.3362089 0.1479988 0.3415035 0.1370619 0.3362089 0.2030538 0.3295737 0.1108787 0.3194081 0.101036 0.3016273 0.1346926 0.2985407 0.2141223 0.240996 0.1565918 0.2444202 0.1841275 0.2298126 0.1648727 0.293891 0.1346926 0.2985407 0.1635375 0.2798547 0.2195403 0.2280447 0.247 0.2315 0.2483602 0.2423505 0.1635375 0.2798547 0.1843524 0.2510003 0.2087615 0.2739515 0.1370619 0.3362089 0.1929788 0.3076123 0.2224075 0.3114098 0.2090003 0.290488 0.2468523 0.2911787 0.2468931 0.3028328 0.2838525 0.3129046 0.2468931 0.3028328 0.2738697 0.301309 0.1583994 0.3086179 0.1648727 0.293891 0.2090003 0.290488 0.1370619 0.3362089 0.2224075 0.3114098 0.2336414 0.3206424 0.2318718 0.3333933 0.2336414 0.3206424 0.271129 0.3204246 0.2668913 0.2634388 0.2298508 0.259005 0.2483602 0.2423505 0.2668913 0.2634388 0.2476882 0.2767682 0.2298508 0.259005 0.1843524 0.2510003 0.2141223 0.240996 0.2298508 0.259005 0.2087615 0.2739515 0.2476882 0.2767682 0.2468523 0.2911787 0.1635375 0.2798547 0.2087615 0.2739515 0.2090003 0.290488 0.1229224 0.7899301 0.1278105 0.8136326 0.1248927 0.8330334 0.192614 0.8673918 0.1703705 0.8734036 0.1695587 0.849395 0.1703705 0.8734036 0.1920357 0.8847826 0.1897391 0.892254 0.1344748 0.8295153 0.1349241 0.8418388 0.1248927 0.8330334 0.1687428 0.8940215 0.1897391 0.892254 0.1989456 0.9090577 0.1248927 0.8330334 0.1204988 0.8500105 0.105723 0.830052 0.1428542 0.8463261 0.1703705 0.8734036 0.1276142 0.8646274 0.1687428 0.8940215 0.1989456 0.9090577 0.1987985 0.924302 0.08676004 0.7888806 0.09814167 0.8051803 0.08241528 0.8189089 0.08811789 0.8432343 0.08241528 0.8189089 0.09814167 0.8051803 0.09974944 0.8464938 0.1135936 0.8573976 0.1107971 0.8588752 0.1204988 0.8500105 0.1276142 0.8646274 0.1135936 0.8573976 0.1107971 0.8588752 0.1135936 0.8573976 0.1276142 0.8646274 0.1940815 0.9467074 0.1692517 0.9310283 0.1687428 0.8940215 0.09974944 0.8464938 0.1107971 0.8588752 0.1057908 0.8581753 0.1057908 0.8581753 0.129869 0.8759995 0.1021768 0.8759565 0.1474342 0.9307394 0.1521792 0.9075688 0.1692517 0.9310283 0.1028887 0.9074181 0.1021768 0.8759565 0.1318258 0.8991359 0.1028887 0.9074181 0.09174907 0.8955693 0.1021768 0.8759565 0.08811789 0.8432343 0.09043562 0.8710975 0.08097887 0.8645778 0.07636362 0.8481618 0.07198655 0.8325499 0.08811789 0.8432343 0.1521792 0.9075688 0.1474342 0.9307394 0.1230233 0.9123625 0.1272655 0.9287179 0.1115391 0.9238969 0.1230233 0.9123625 0.1230233 0.9123625 0.1115391 0.9238969 0.1025 0.9215001 0.09108096 0.5674134 0.101901 0.5815075 0.08775854 0.5982524 0.08290392 0.6404548 0.103923 0.655743 0.09133273 0.689362 0.09038716 0.7223708 0.06743419 0.7564772 0.07965564 0.6802641 0.05632984 0.8136602 0.03579294 0.7788878 0.05618882 0.7401654 0.05632984 0.8136602 0.0172609 0.7967551 0.03579294 0.7788878 0.07131028 0.6337242 0.08290392 0.6404548 0.06552451 0.6910137 0.08241528 0.8189089 0.08227795 0.7720752 0.08676004 0.7888806 0.06743419 0.7564772 0.09038716 0.7223708 0.08227795 0.7720752 0.1158525 0.6410819 0.1110351 0.6689271 0.103923 0.655743 0.1050394 0.6112741 0.1158525 0.6410819 0.103923 0.655743 0.103923 0.655743 0.08290392 0.6404548 0.1050394 0.6112741 0.1049798 0.7185975 0.09652227 0.7504464 0.08227795 0.7720752 0.1116331 0.8022901 0.09814167 0.8051803 0.09652227 0.7504464 0.1116331 0.8022901 0.09652227 0.7504464 0.1056981 0.7489666 0.1056981 0.7489666 0.1203879 0.7700608 0.1116331 0.8022901 0.1203879 0.7700608 0.1229224 0.7899301 0.1116331 0.8022901 0.1056981 0.7489666 0.1239255 0.7600592 0.1203879 0.7700608 0.1056981 0.7489666 0.1250359 0.7451799 0.1239255 0.7600592 0.1069992 0.702337 0.1225063 0.7107666 0.1149212 0.715526 0.1069992 0.702337 0.1149212 0.715526 0.1049798 0.7185975 0.1056981 0.7489666 0.09652227 0.7504464 0.1049798 0.7185975 0.192614 0.8673918 0.1760885 0.8545632 0.1889135 0.8592323 0.3414787 0.8494058 0.3625211 0.8532447 0.3797212 0.8485464 0.3522483 0.8857786 0.3190389 0.8673793 0.3414787 0.8494058 0.3797212 0.8485464 0.3625211 0.8532447 0.3681318 0.8463116 0.3763839 0.8295153 0.4011401 0.8299887 0.3797212 0.8485464 0.4009755 0.7703575 0.4100199 0.8049384 0.4011401 0.8299887 0.417574 0.7801237 0.4167408 0.7445361 0.4291247 0.7914463 0.4052348 0.7463184 0.417574 0.7801237 0.4009755 0.7703575 0.3919687 0.7049869 0.3941863 0.694055 0.4031507 0.702627 0.4052348 0.7463184 0.3829385 0.7395054 0.3899847 0.7285681 0.4009755 0.7703575 0.3901082 0.751114 0.3829385 0.7395054 0.4028389 0.7208982 0.4167408 0.7445361 0.4052348 0.7463184 0.4031507 0.702627 0.4160469 0.7192375 0.4028389 0.7208982 0.3849104 0.712122 0.3919687 0.7049869 0.3961281 0.7170336 0.4052348 0.7463184 0.3899847 0.7285681 0.3961281 0.7170336 0.4135238 0.6851657 0.4006142 0.6659808 0.417154 0.6680939 0.4135238 0.6851657 0.3967189 0.670183 0.4006142 0.6659808 0.4312856 0.6831782 0.417154 0.6680939 0.4277383 0.6373794 0.4043489 0.6340561 0.3947442 0.6408389 0.3883063 0.6292621 0.442579 0.6560412 0.4277383 0.6373794 0.4247747 0.6037186 0.4291247 0.7914463 0.4167408 0.7445361 0.4395797 0.7769035 0.4500027 0.7696526 0.469609 0.77582 0.4533877 0.8134276 0.4105384 0.8679122 0.4262744 0.8448753 0.4227744 0.8643476 0.4291247 0.7914463 0.4395797 0.7769035 0.43528 0.817399 0.4160469 0.7192375 0.4312856 0.6831782 0.4395797 0.7769035 0.417 0.911 0.3988302 0.9238915 0.3832873 0.9130073 0.4260001 0.8960002 0.3924028 0.8990227 0.4147951 0.8812856 0.4330607 0.8481618 0.4436014 0.8308101 0.4476652 0.8478981 0.4510371 0.8358021 0.4436014 0.8308101 0.4533877 0.8134276 0.469609 0.77582 0.4706224 0.8096073 0.4533877 0.8134276 0.3986552 0.8742489 0.4147951 0.8812856 0.3924028 0.8990227 0.1311969 0.5705821 0.1242662 0.5754739 0.1088638 0.5491381 0.1088638 0.5491381 0.1242662 0.5754739 0.1221091 0.5870348 0.1050394 0.6112741 0.1173968 0.5947075 0.1247712 0.6062981 0.1221091 0.5870348 0.1173968 0.5947075 0.1050394 0.6112741 0.1123914 0.4104665 0.09602999 0.4167848 0.1009283 0.3966429 0.09007322 0.4629147 0.06433415 0.4270586 0.06359869 0.4082792 0.09602999 0.4167848 0.09775477 0.4258459 0.0841155 0.428058 0.0841155 0.428058 0.09775477 0.4258459 0.1199314 0.4577407 0.0841155 0.428058 0.1199314 0.4577407 0.1210654 0.4671945 0.09007322 0.4629147 0.1185145 0.5155369 0.1088638 0.5491381 0.09007322 0.4629147 0.1088638 0.5491381 0.08040851 0.4723563 0.1088638 0.5491381 0.09007287 0.5269793 0.08040851 0.4723563 0.06099998 0.442 0.06433415 0.4270586 0.08040851 0.4723563 0.0841155 0.428058 0.1124308 0.4679086 0.1160128 0.4880882 0.4060751 0.471451 0.3979572 0.4679055 0.3895955 0.4671945 0.3943662 0.4880632 0.3979572 0.4679055 0.4060751 0.471451 0.3918722 0.5158321 0.4060751 0.471451 0.3976783 0.5451607 0.4196598 0.4645708 0.4093156 0.5408135 0.3976783 0.5451607 0.4076092 0.594216 0.3797866 0.5705943 0.3976783 0.5451607 0.388885 0.5870348 0.3867296 0.575474 0.3797866 0.5705943 0.4049997 0.396 0.4139584 0.4167848 0.3979932 0.4104665 0.4335317 0.4158669 0.4123111 0.4258466 0.4139584 0.4167848 0.4196598 0.4645708 0.4449767 0.4371081 0.4230995 0.4884172 0.4093156 0.5408135 0.4188652 0.5662385 0.4076092 0.594216 0.3861907 0.6063539 0.3935826 0.5947076 0.4076092 0.594216 0.4076092 0.594216 0.3935826 0.5947076 0.388885 0.5870348 0.4076092 0.594216 0.3883063 0.6292621 0.3861907 0.6063539 0.4196598 0.4645708 0.4335317 0.4158669 0.4449272 0.4131729 0.4543485 0.4081987 0.4555001 0.4285001 0.4449767 0.4371081 0.4196598 0.4645708 0.4449272 0.4131729 0.4449767 0.4371081 0.660419 0.1427247 0.6539538 0.1467207 0.6471959 0.1509451 0.5895033 0.1438481 0.6152058 0.1486208 0.6058366 0.152231 0.6471959 0.1509451 0.6152058 0.1486208 0.5895033 0.1438481 0.5742223 0.1652778 0.5467207 0.1588997 0.5590122 0.1491345 0.5895033 0.1438481 0.577469 0.1540391 0.5590122 0.1491345 0.5122373 0.1444038 0.5310052 0.1469738 0.5121366 0.1548635 0.5310052 0.1469738 0.5309522 0.1652255 0.5121366 0.1548635 0.5122373 0.1444038 0.5121366 0.1548635 0.508792 0.1617921 0.3858376 0.1696938 0.3858681 0.1749444 0.3739624 0.1732966 0.3858376 0.1696938 0.3739624 0.1732966 0.3588291 0.1705771 0.5122373 0.1444038 0.508792 0.1617921 0.4839627 0.1431697 0.6172643 0.1301236 0.6637941 0.1153389 0.6758771 0.1290766 0.660419 0.1427247 0.5895033 0.1438481 0.5681801 0.134747 0.5895033 0.1438481 0.5590122 0.1491345 0.5364043 0.1403578 0.5122373 0.1444038 0.5196658 0.1322305 0.5364043 0.1403578 0.5122373 0.1444038 0.4839627 0.1431697 0.5056865 0.1346491 0.4839627 0.1431697 0.4791906 0.133236 0.5056865 0.1346491 0.4791906 0.133236 0.4515196 0.1380664 0.4534935 0.1272678 0.4839627 0.1431697 0.4538494 0.157097 0.4495782 0.149981 0.6040217 0.1109486 0.553603 0.1242176 0.5479848 0.112138 0.6549466 0.1109772 0.6172643 0.1301236 0.6040217 0.1109486 0.5152778 0.1037222 0.5252921 0.1154938 0.503848 0.1063739 0.4878998 0.113294 0.503848 0.1063739 0.5252921 0.1154938 0.4977521 0.1258828 0.4673695 0.122606 0.47043 0.1149545 0.430113 0.1147199 0.4339179 0.1339834 0.4042868 0.1243172 0.4339179 0.1339834 0.3980805 0.1423942 0.3740596 0.1351386 0.4321212 0.1526141 0.4037993 0.1487751 0.3980805 0.1423942 0.3980805 0.1423942 0.4037993 0.1487751 0.3972442 0.1528199 0.3391125 0.1091706 0.3630681 0.09709209 0.3914549 0.107955 0.430113 0.1147199 0.4042868 0.1243172 0.3914549 0.107955 0.3630681 0.09709209 0.3981996 0.09050041 0.3914549 0.107955 0.3981996 0.09050041 0.430113 0.1147199 0.3914549 0.107955 0.3981996 0.09050041 0.4340404 0.09239929 0.4504238 0.1046768 0.4704638 0.101031 0.47043 0.1149545 0.4504238 0.1046768 0.4634398 0.09394395 0.4773546 0.09132593 0.484517 0.0963146 0.4704638 0.101031 0.484517 0.0963146 0.4924231 0.09640508 0.5152778 0.1037222 0.503848 0.1063739 0.4924231 0.09640508 0.5152778 0.1037222 0.491037 0.08602762 0.5059515 0.09172898 0.5533249 0.09371441 0.5277307 0.1016115 0.5200011 0.09175634 0.5152778 0.1037222 0.5200011 0.09175634 0.5277307 0.1016115 0.383 0.06999999 0.3981996 0.09050041 0.347068 0.08000558 0.3981996 0.09050041 0.4051607 0.07626819 0.4340404 0.09239929 0.4273439 0.08179289 0.4340404 0.09239929 0.4051607 0.07626819 0.4704638 0.101031 0.4273439 0.08179289 0.4518362 0.0883795 0.4704638 0.101031 0.4518362 0.0883795 0.4582623 0.0885517 0.3379377 0.16282 0.3840414 0.1523058 0.3588291 0.1705771 0.3379377 0.16282 0.3595311 0.1468477 0.3840414 0.1523058 0.333438 0.1400215 0.3740596 0.1351386 0.3595311 0.1468477 0.333438 0.1400215 0.3544242 0.1277165 0.3740596 0.1351386 0.293004 0.1056827 0.3078128 0.09609401 0.3391125 0.1091706 0.3094223 0.08023554 0.3078128 0.09609401 0.2809574 0.09119689 0.2497012 0.06660252 0.2759343 0.07384133 0.2809574 0.09119689 0.279349 0.05625772 0.2759343 0.07384133 0.2497012 0.06660252 0.213595 0.08866649 0.2230741 0.1188091 0.2075297 0.1278333 0.2171667 0.1361111 0.204566 0.1466224 0.2075297 0.1278333 0.2005 0.126 0.2075297 0.1278333 0.204566 0.1466224 0.202 0.11 0.2030923 0.09088391 0.213595 0.08866649 0.2030923 0.09088391 0.2044913 0.04499715 0.228345 0.05022615 0.2497012 0.06660252 0.213595 0.08866649 0.228345 0.05022615 0.245213 0.04705321 0.2497012 0.06660252 0.228345 0.05022615 0.2171667 0.1361111 0.2112533 0.1514901 0.204566 0.1466224 0.198 0.1515 0.204566 0.1466224 0.2112533 0.1514901 0.197 0.161 0.220256 0.1618168 0.2066872 0.1736001 0.226467 0.1744641 0.221921 0.1838662 0.2006648 0.187588 0.221921 0.1838662 0.2544154 0.1688063 0.2554632 0.1850503 0.2943718 0.1331346 0.3132923 0.1194922 0.3544242 0.1277165 0.2435743 0.1063079 0.293004 0.1056827 0.2837799 0.1176156 0.2435743 0.1063079 0.224359 0.08515435 0.2809574 0.09119689 0.2171667 0.1361111 0.2230741 0.1188091 0.2479606 0.1194756 0.2402781 0.1334517 0.2375383 0.14873 0.2112533 0.1514901 0.2171667 0.1361111 0.2402781 0.1334517 0.2112533 0.1514901 0.2487428 0.1553583 0.220256 0.1618168 0.2375383 0.14873 0.2839299 0.1506057 0.2935247 0.1609943 0.2544154 0.1688063 0.2487428 0.1553583 0.2586255 0.1394951 0.2839299 0.1506057 0.2943718 0.1331346 0.2586255 0.1394951 0.2837799 0.1176156 0.2402781 0.1334517 0.2479606 0.1194756 0.2837799 0.1176156 0.2854879 0.1756067 0.2856697 0.1909692 0.2554632 0.1850503 0.3379377 0.16282 0.2854879 0.1756067 0.2935247 0.1609943 0.2935247 0.1609943 0.3385784 0.1528294 0.3379377 0.16282 0.3204103 0.179347 0.3379377 0.16282 0.3588291 0.1705771 0.3204103 0.179347 0.3588291 0.1705771 0.3536896 0.181655 0.3536896 0.181655 0.3147568 0.1907947 0.3204103 0.179347 0.9554314 0.8347313 0.9500086 0.8530436 0.9363411 0.818555 0.9285257 0.7973461 0.9588417 0.8104596 0.9363411 0.818555 0.9285257 0.7973461 0.9590169 0.8014617 0.9588417 0.8104596 0.9705001 0.8085001 0.9588417 0.8104596 0.9590169 0.8014617 0.9590169 0.8014617 0.9588497 0.7830034 0.9698631 0.7863296 0.9127085 0.7006418 0.9357677 0.732555 0.9451992 0.7714762 0.9785001 0.7950001 0.9698631 0.7863296 0.9614158 0.7721166 0.9188738 0.8041315 0.897119 0.7923299 0.898822 0.7649369 0.9255437 0.8626127 0.8936426 0.8497233 0.9131764 0.8424021 0.9430001 0.8710001 0.9241404 0.8768542 0.9255437 0.8626127 0.927 0.913 0.9170691 0.9116143 0.9213984 0.8974104 0.8550618 0.858473 0.848534 0.8983047 0.8410001 0.8731461 0.8410001 0.8731461 0.8465206 0.8303582 0.8550618 0.858473 0.8301629 0.8950026 0.848534 0.8983047 0.844656 0.9128286 0.8519131 0.9132893 0.844656 0.9128286 0.848534 0.8983047 0.8550618 0.858473 0.8622303 0.9085129 0.848534 0.8983047 0.4815012 0.09397572 0.4773546 0.09132593 0.4634241 0.09392678 0.4563034 0.1294609 0.4855501 0.1407446 0.4787818 0.1278178 0.4551149 0.1389366 0.4710282 0.1592432 0.4816101 0.1493037 0.4551149 0.1389366 0.4473357 0.1508204 0.453841 0.1571043 0.4787818 0.1278178 0.4644339 0.1162438 0.4563034 0.1294609 0.4780126 0.1024385 0.4634241 0.09392678 0.4582624 0.0885517 0.4780126 0.1024385 0.4274212 0.08183842 0.4344607 0.09297126 0.4050068 0.07624948 0.4344607 0.09297126 0.4274212 0.08183842 0.3509808 0.07905322 0.3926187 0.09240704 0.4050068 0.07624948 0.383 0.06999999 0.3515 0.0665 0.3509808 0.07905322 0.4316946 0.1138142 0.4338786 0.1367279 0.4563034 0.1294609 0.3926187 0.09240704 0.4316946 0.1138142 0.4521809 0.1047698 0.224466 0.1358652 0.2070583 0.1285547 0.2044137 0.1471264 0.199 0.142 0.198 0.1515 0.2044137 0.1471264 0.2070583 0.1285547 0.2161483 0.1193154 0.2123417 0.09642893 0.2515715 0.1055805 0.2123417 0.09642893 0.2161483 0.1193154 0.2164847 0.0704317 0.2123417 0.09642893 0.2453075 0.08309471 0.2164847 0.0704317 0.2453075 0.08309471 0.2485458 0.05761319 0.2485458 0.05761319 0.2766674 0.07369697 0.2687991 0.05331248 0.2687991 0.05331248 0.2766674 0.07369697 0.2996956 0.06251126 0.3097475 0.07863497 0.2996956 0.06251126 0.2766674 0.07369697 0.2766674 0.07369697 0.3038716 0.09398853 0.3097475 0.07863497 0.3509808 0.07905322 0.3097475 0.07863497 0.3038716 0.09398853 0.2030922 0.09088742 0.2123417 0.09642893 0.2164847 0.0704317 0.2042469 0.04433006 0.2164847 0.0704317 0.2297586 0.0507071 0.4011484 0.1227641 0.3500955 0.1152464 0.3535924 0.1278342 0.389011 0.1412762 0.3920916 0.1324743 0.3653133 0.1366341 0.3535924 0.1278342 0.3653133 0.1366341 0.3920916 0.1324743 0.389011 0.1412762 0.4037993 0.1487751 0.4313458 0.1527321 0.2844575 0.1631369 0.2894018 0.1502255 0.2430436 0.1594392 0.2214829 0.1462888 0.2158052 0.1556579 0.2445459 0.1495023 0.2430436 0.1594392 0.2445459 0.1495023 0.2158052 0.1556579 0.2472525 0.1317903 0.224466 0.1358652 0.2214829 0.1462888 0.2429767 0.1205248 0.2515715 0.1055805 0.2161483 0.1193154 0.3149344 0.1059219 0.3038716 0.09398853 0.2815343 0.09109073 0.4011484 0.1227641 0.3546814 0.09878093 0.3500955 0.1152464 0.3149344 0.1059219 0.3500955 0.1152464 0.3546814 0.09878093 0.2943718 0.1331346 0.2472525 0.1317903 0.2589782 0.1403131 0.3149344 0.1059219 0.2515715 0.1055805 0.2839831 0.1175311 0.2943718 0.1331346 0.3191254 0.1416372 0.3535924 0.1278342 0.2943718 0.1331346 0.2894018 0.1502255 0.3191254 0.1416372 0.389011 0.1412762 0.3840561 0.1522981 0.3972442 0.1528199 0.389011 0.1412762 0.3653133 0.1366341 0.3541911 0.1440723 0.3342564 0.1632856 0.3569517 0.1634546 0.3409788 0.1518747 0.2894018 0.1502255 0.3342564 0.1632856 0.3409788 0.1518747 0.2844575 0.1631369 0.3109381 0.1740965 0.3342564 0.1632856 0.241282 0.1786164 0.2304931 0.1945459 0.2565941 0.184925 0.2430436 0.1594392 0.2158052 0.1556579 0.2082713 0.1672287 0.19299 0.1780426 0.2080956 0.1775376 0.2082713 0.1672287 0.197 0.161 0.19299 0.1780426 0.2082713 0.1672287 0.2044137 0.1471264 0.2158052 0.1556579 0.2214829 0.1462888 0.192 0.1875 0.2028161 0.1949076 0.2055534 0.1858997 0.241282 0.1786164 0.2308387 0.1737 0.2055534 0.1858997 0.2871837 0.1953775 0.3170544 0.1918665 0.3165548 0.1841744 0.3170544 0.1918665 0.3546265 0.1862316 0.3543602 0.1785728 0.385 0.182 0.373735 0.1735481 0.3543602 0.1785728 0.3569517 0.1634546 0.373735 0.1735481 0.3858393 0.1697137 0.3852728 0.1612121 0.3840561 0.1522981 0.3569517 0.1634546 0.3109381 0.1740965 0.3543602 0.1785728 0.3569517 0.1634546 0.4551149 0.1389366 0.4313458 0.1527321 0.4473357 0.1508204 0.4831308 0.158972 0.5002047 0.1595616 0.5087988 0.1618013 0.5122373 0.1444038 0.530644 0.1658608 0.5256948 0.1485354 0.5348838 0.1560887 0.5256948 0.1485354 0.530644 0.1658608 0.5256948 0.1485354 0.5348838 0.1560887 0.5467699 0.1588789 0.5742223 0.1652778 0.5774673 0.1540389 0.558508 0.148697 0.5256948 0.1485354 0.5467699 0.1588789 0.558508 0.148697 0.5998789 0.1405197 0.6113317 0.1501135 0.647179 0.1509444 0.5780506 0.1444243 0.560598 0.1318101 0.5384931 0.1403943 0.5256948 0.1485354 0.558508 0.148697 0.5384931 0.1403943 0.5122373 0.1444038 0.5256948 0.1485354 0.5384931 0.1403943 0.4831308 0.158972 0.4816101 0.1493037 0.4710282 0.1592432 0.5122373 0.1444038 0.4855501 0.1407446 0.4816101 0.1493037 0.4787818 0.1278178 0.4855501 0.1407446 0.5104663 0.1336774 0.5122373 0.1444038 0.5104663 0.1336774 0.4855501 0.1407446 0.5152779 0.1037222 0.4780126 0.1024385 0.4890169 0.1124409 0.4962183 0.1258432 0.5224671 0.1279736 0.5234333 0.116523 0.6734446 0.1357778 0.6751248 0.1289731 0.6173096 0.1297876 0.659486 0.1418638 0.6173096 0.1297876 0.5998789 0.1405197 0.5224671 0.1279736 0.560598 0.1318101 0.5548176 0.1150411 0.5284975 0.1009689 0.5545675 0.1011329 0.5531216 0.08617871 0.5152779 0.1037222 0.513249 0.09314924 0.5059515 0.09172898 0.5152779 0.1037222 0.4925059 0.08712464 0.4922194 0.09635847 0.4922194 0.09635847 0.4856491 0.09719264 0.4780126 0.1024385 0.4962183 0.1258432 0.4890169 0.1124409 0.4644339 0.1162438 0.6635767 0.1152229 0.600798 0.1001279 0.5548176 0.1150411 0.6635767 0.1152229 0.6531472 0.1098694 0.600798 0.1001279 0.1241422 0.2443247 0.1067147 0.2376918 0.08374631 0.2514959 0.07804363 0.302978 0.09297937 0.2579185 0.06601607 0.2740014 0.08718895 0.3174653 0.05658733 0.3134169 0.06426268 0.3308882 0.06370007 0.3432996 0.08297288 0.3393697 0.08535885 0.3315805 0.1183477 0.3430063 0.08535885 0.3315805 0.08297288 0.3393697 0.100578 0.348002 0.08297288 0.3393697 0.07828301 0.3504671 0.04569506 0.350753 0.06370007 0.3432996 0.06426268 0.3308882 0.06426268 0.3308882 0.05396485 0.3222979 0.04551213 0.3348592 0.06601607 0.2740014 0.0568028 0.2884756 0.05052846 0.3026373 0.05664873 0.3541669 0.04569506 0.350753 0.04149997 0.3555001 0.08374631 0.2514959 0.0529685 0.2500052 0.05582201 0.2570755 0.08073723 0.241711 0.1123549 0.2261146 0.0804252 0.2340313 0.1241422 0.2443247 0.128259 0.2323296 0.1067147 0.2376918 0.7349411 0.8116037 0.767212 0.8166769 0.7435778 0.8625503 0.7061267 0.9091433 0.7227726 0.8556045 0.7435778 0.8625503 0.7047948 0.8013826 0.7349411 0.8116037 0.7227726 0.8556045 0.7435778 0.8625503 0.7903366 0.8595013 0.7866373 0.9427336 0.7527305 0.9233815 0.7435778 0.8625503 0.7866373 0.9427336 0.7464408 0.9451567 0.7325664 0.9394438 0.7527305 0.9233815 0.7325664 0.9394438 0.6984851 0.9460602 0.7061267 0.9091433 0.688176 0.8410314 0.7227726 0.8556045 0.6736621 0.87725 0.7227726 0.8556045 0.7061267 0.9091433 0.6736621 0.87725 0.6802223 0.8008334 0.7047948 0.8013826 0.6711221 0.8298663 0.7047948 0.8013826 0.688176 0.8410314 0.6711221 0.8298663 0.731861 0.7475645 0.7605482 0.7169276 0.7349411 0.8116037 0.4100199 0.8049384 0.4083154 0.8368511 0.4011401 0.8299887 0.4011401 0.8299887 0.4083154 0.8368511 0.401973 0.8471497 0.3990296 0.859639 0.3970531 0.8573976 0.401973 0.8471497 0.3834248 0.8655958 0.3970531 0.8573976 0.3990296 0.859639 0.3990296 0.859639 0.3691667 0.8828428 0.3834248 0.8655958 0.3221924 0.8924452 0.3190389 0.8673793 0.3522483 0.8857786 0.3221924 0.8924452 0.3198449 0.885203 0.3240739 0.8727225 0.3635208 0.9050315 0.3522483 0.8857786 0.3691667 0.8828428 0.3130543 0.9090581 0.3221924 0.8924452 0.3128762 0.9246094 0.3832873 0.9130073 0.3632128 0.9306821 0.3208419 0.9426903 0.3924028 0.8990227 0.3635208 0.9050315 0.3691667 0.8828428 0.4105384 0.8679122 0.3986552 0.8742489 0.4083154 0.8368511 0.3990296 0.859639 0.4083154 0.8368511 0.3986552 0.8742489 0.4083154 0.8368511 0.4240697 0.8250985 0.4179116 0.8446308 0.4262744 0.8448753 0.4179116 0.8446308 0.4240697 0.8250985 0.43528 0.817399 0.4240697 0.8250985 0.4291247 0.7914463 0.628 0.09499996 0.6450847 0.1057454 0.6040217 0.1109486 0.5519783 0.1035197 0.5533249 0.09371441 0.5931727 0.09515833 0.573 0.08599996 0.6005001 0.09049999 0.5931727 0.09515833 0.5152778 0.1037222 0.5277307 0.1016115 0.5252921 0.1154938 0.553603 0.1242176 0.5196658 0.1322305 0.5252921 0.1154938 0.1069992 0.702337 0.116258 0.6939964 0.1190081 0.7020959 0.09133273 0.689362 0.1069992 0.702337 0.1049798 0.7185975 0.2318718 0.3333933 0.2798568 0.3324411 0.2729471 0.3364024 0.1947644 0.3463752 0.2318718 0.3333933 0.2586535 0.3425204 0.2586535 0.3425204 0.229 0.3480001 0.1947644 0.3463752 0.1378177 0.3526272 0.1633942 0.3432604 0.1947644 0.3463752 0.1947644 0.3463752 0.1734123 0.3536068 0.1532754 0.3558878 0.1338503 0.3563878 0.1378177 0.3526272 0.1532754 0.3558878 0.1338503 0.3563878 0.1331761 0.3617238 0.1197007 0.3649488 0.1087071 0.3732555 0.1016925 0.3688278 0.1197007 0.3649488 0.1087071 0.3732555 0.08372211 0.3833261 0.1016925 0.3688278 0.5866904 0.7443079 0.5815001 0.7225001 0.6037832 0.7315093 0.579 0.752 0.5805001 0.7480002 0.5810472 0.7415915 0.5749867 0.755187 0.5810472 0.7415915 0.5949991 0.751625 0.579 0.752 0.5749867 0.755187 0.5775543 0.7428256 0.5632502 0.7516295 0.5775543 0.7428256 0.5749867 0.755187 0.56312 0.7469735 0.5679548 0.7410455 0.5632502 0.7516295 0.56312 0.7469735 0.5552559 0.7315903 0.5679548 0.7410455 0.445889 0.8530001 0.4690059 0.8333768 0.4750009 0.8418369 0.4502627 0.801081 0.4600251 0.8235545 0.4313325 0.7858391 0.445889 0.8530001 0.4269192 0.8601363 0.4313325 0.7858391 0.4269192 0.8601363 0.4197682 0.9372506 0.3905319 0.8993757 0.3846858 0.8203878 0.4121624 0.8585265 0.3905319 0.8993757 0.3959224 0.771364 0.4002442 0.7884751 0.3846858 0.8203878 0.3846858 0.8203878 0.4002442 0.7884751 0.4142921 0.7936463 0.434939 0.9910014 0.3901012 0.970742 0.4197682 0.9372506 0.4197682 0.9372506 0.4429968 0.9216624 0.4457162 0.9662631 0.4510174 0.9898806 0.4425001 0.9920001 0.4457162 0.9662631 0.3685628 0.7572024 0.3833538 0.7420572 0.3923369 0.7485212 0.3909295 0.7245505 0.3833538 0.7420572 0.3685628 0.7572024 0.7376359 0.9327856 0.7167746 0.9552071 0.720358 0.9098354 0.720358 0.9098354 0.7335161 0.8630115 0.7376359 0.9327856 0.7560605 0.8860743 0.7376359 0.9327856 0.7335161 0.8630115 0.7710259 0.9700292 0.7376359 0.9327856 0.7560605 0.8860743 0.7560605 0.8860743 0.7506033 0.8434309 0.7859452 0.8498451 0.7859452 0.8498451 0.7506033 0.8434309 0.7781354 0.8036686 0.7506033 0.8434309 0.7335161 0.8630115 0.7296196 0.7860761 0.7144852 0.85603 0.7296196 0.7860761 0.7335161 0.8630115 0.7925001 0.7545002 0.7776423 0.7420572 0.7700579 0.7245505 0.7686635 0.7485097 0.7776423 0.7420572 0.7925001 0.7545002 0.7781354 0.8036686 0.7650726 0.771364 0.7686635 0.7485097 0.7781354 0.8036686 0.7607697 0.7884752 0.7650726 0.771364 0.7467528 0.7936336 0.7607697 0.7884752 0.7781354 0.8036686 0.7506033 0.8434309 0.7296196 0.7860761 0.7467528 0.7936336 0.7144852 0.85603 0.700715 0.8235589 0.7296196 0.7860761 0.7144852 0.85603 0.6914919 0.8333768 0.700715 0.8235589 0.7144852 0.85603 0.6832487 0.857434 0.6853324 0.8418369 0.2034487 0.7855964 0.1953803 0.7623759 0.2070528 0.7684193 0.2118101 0.8231429 0.2062583 0.8084821 0.221673 0.7909303 0.2213428 0.779315 0.221673 0.7909303 0.2062583 0.8084821 0.2306497 0.8634453 0.2197928 0.8420045 0.2334039 0.8261658 0.2009842 0.8429474 0.1927689 0.8311625 0.2062583 0.8084821 0.2334039 0.8261658 0.2572265 0.8524076 0.2306497 0.8634453 0.1950692 0.8734256 0.2009842 0.8429474 0.2197928 0.8420045 0.1823533 0.8521317 0.1927689 0.8311625 0.2009842 0.8429474 0.2009223 0.8044459 0.1927689 0.8311625 0.191759 0.8175232 0.2034487 0.7855964 0.2009223 0.8044459 0.1927503 0.7800471 0.191759 0.8175232 0.1922942 0.7908383 0.1927503 0.7800471 0.1904743 0.7355438 0.1953803 0.7623759 0.1806682 0.7490513 0.1922942 0.7908383 0.191759 0.8175232 0.178 0.8124764 0.1643273 0.8180221 0.163247 0.8035019 0.178 0.8124764 0.1950692 0.8734256 0.1866232 0.8735998 0.1823533 0.8521317 0.1695081 0.8726236 0.1700528 0.8496569 0.1823533 0.8521317 0.1609422 0.8789315 0.1695081 0.8726236 0.1697211 0.8892617 0.1697211 0.8892617 0.1542177 0.9012385 0.1609422 0.8789315 0.163247 0.8035019 0.1547417 0.8046652 0.1612048 0.7804308 0.163247 0.8035019 0.1643273 0.8180221 0.1547417 0.8046652 0.178 0.8296801 0.1700528 0.8496569 0.163593 0.8324655 0.1547765 0.8424851 0.163593 0.8324655 0.1700528 0.8496569 0.1197835 0.8676079 0.1563994 0.8620771 0.1441045 0.8869246 0.1542177 0.9012385 0.1362223 0.9071703 0.1441045 0.8869246 0.1697211 0.8892617 0.183483 0.8896131 0.1782105 0.9096967 0.1209768 0.8290554 0.139613 0.8213115 0.1563994 0.8620771 0.1197835 0.8676079 0.1209768 0.8290554 0.1563994 0.8620771 0.1547765 0.8424851 0.139613 0.8213115 0.1521987 0.8225319 0.1547417 0.8046652 0.1521987 0.8225319 0.1493213 0.8046569 0.1773793 0.9519507 0.1322294 0.978154 0.1253789 0.9346275 0.1362223 0.9071703 0.1542177 0.9012385 0.1253789 0.9346275 0.1405066 0.7578268 0.1508869 0.7690014 0.1339938 0.778023 0.1493213 0.8046569 0.1329391 0.7916747 0.1339938 0.778023 0.139613 0.8213115 0.121022 0.7955533 0.1329391 0.7916747 0.1059746 0.893062 0.1219472 0.9022416 0.1130713 0.9283705 0.1130713 0.9283705 0.1253789 0.9346275 0.1185581 0.9867181 0.1059746 0.893062 0.09813672 0.9351455 0.0918402 0.900455 0.0748142 0.9031429 0.09813672 0.9351455 0.07592338 0.9497497 0.09813672 0.9351455 0.1185581 0.9867181 0.1051723 0.9846433 0.1102244 0.7708206 0.121022 0.7955533 0.1066091 0.7945832 0.1209768 0.8290554 0.09869766 0.8212261 0.1066091 0.7945832 0.07778888 0.8333459 0.09869766 0.8212261 0.09335029 0.8600129 0.1100617 0.8521059 0.09335029 0.8600129 0.09869766 0.8212261 0.0748142 0.9031429 0.09335029 0.8600129 0.0918402 0.900455 0.05728268 0.8888692 0.0748142 0.9031429 0.07592338 0.9497497 0.05728268 0.8888692 0.07592338 0.9497497 0.04390096 0.943961 0.04390096 0.943961 0.05405032 0.9896425 0.009567975 0.96998 0.09869766 0.8212261 0.08171951 0.8162924 0.07449603 0.7879822 0.1102244 0.7708206 0.1066091 0.7945832 0.08526182 0.7665976 0.08526182 0.7665976 0.07808941 0.7462095 0.09064835 0.7308012 0.06133329 0.7592779 0.04591733 0.7175701 0.07808941 0.7462095 0.01101261 0.8519145 0.003999948 0.8041045 0.02786117 0.8100663 0.08171951 0.8162924 0.07778888 0.8333459 0.06097346 0.7937821 0.06529998 0.8455644 0.06097346 0.7937821 0.07778888 0.8333459 0.06133329 0.7592779 0.07449603 0.7879822 0.06097346 0.7937821 0.06133329 0.7592779 0.06097346 0.7937821 0.0340439 0.7487417 0.0340439 0.7487417 0.02568197 0.7253727 0.03567969 0.7212486 0.006999969 0.7080001 0.02568197 0.7253727 0.0340439 0.7487417 0.06133329 0.7592779 0.03567969 0.7212486 0.04591733 0.7175701 0.1102244 0.7708206 0.1053933 0.7413629 0.1228829 0.7414335 0.1561414 0.7458285 0.1656134 0.7359814 0.1612048 0.7804308 0.4429968 0.9216624 0.4767959 0.938916 0.4457162 0.9662631 0.4510174 0.9898806 0.4457162 0.9662631 0.4767959 0.938916 0.4429968 0.9216624 0.4768524 0.8574213 0.4825526 0.8891184 0.445889 0.8530001 0.4768524 0.8574213 0.4429968 0.9216624 0.6842436 0.9869895 0.6830667 0.9379686 0.7085483 0.9878483 0.1773793 0.9519507 0.1782105 0.9096967 0.1953417 0.923969 0.1782105 0.9096967 0.183483 0.8896131 0.2044221 0.9050484 0.183483 0.8896131 0.1950692 0.8734256 0.2044221 0.9050484 0.223628 0.9209277 0.2190512 0.8865863 0.2358343 0.9030231 0.2587295 0.9275752 0.2523801 0.8911715 0.271908 0.8988839 0.1773793 0.9519507 0.1930916 0.9860876 0.1669912 0.9817835 0.2044221 0.9050484 0.2112424 0.955937 0.1953417 0.923969 0.2044221 0.9050484 0.223628 0.9209277 0.2112424 0.955937 0.2351897 0.9887027 0.223628 0.9209277 0.2509211 0.9453729 0.2358343 0.9030231 0.2587295 0.9275752 0.2509211 0.9453729 0.2509211 0.9453729 0.2587295 0.9275752 0.2782033 0.9413323 0.291778 0.9015898 0.3246041 0.872386 0.3206335 0.9433102 0.3440009 0.9699995 0.3162745 0.9856259 0.3206335 0.9433102 0.342 0.9920001 0.329 0.9935001 0.3440009 0.9699995 0.2509211 0.9453729 0.2631816 0.9825084 0.2498615 0.9788563 0.291778 0.9015898 0.2782033 0.9413323 0.271908 0.8988839 0.3498889 0.8440566 0.3246041 0.872386 0.3387757 0.8179566 0.2921289 0.860364 0.3320674 0.7716783 0.3387757 0.8179566 0.2939183 0.8165372 0.29342 0.7879557 0.3195748 0.7499987 0.3195748 0.7499987 0.3283223 0.7253727 0.347 0.7080001 0.318334 0.7212486 0.3283223 0.7253727 0.3195748 0.7499987 0.2928333 0.7592778 0.2788212 0.7439957 0.3092159 0.7165314 0.2787073 0.823557 0.2800588 0.7879591 0.29342 0.7879557 0.2787073 0.823557 0.29342 0.7879557 0.2939183 0.8165372 0.3246041 0.872386 0.291778 0.9015898 0.2921289 0.860364 0.2787073 0.823557 0.2685208 0.8136661 0.2800588 0.7879591 0.2928333 0.7592778 0.2692222 0.7660301 0.2788212 0.7439957 0.2640553 0.7305828 0.2788212 0.7439957 0.2692222 0.7660301 0.2447308 0.7707758 0.249494 0.7409929 0.2640553 0.7305828 0.2447308 0.7707758 0.2213428 0.779315 0.2319372 0.7405777 0.2523801 0.8911715 0.2572265 0.8524076 0.2713912 0.8655852 0.2334039 0.8261658 0.2302642 0.8011497 0.2500526 0.799269</float_array>
          <technique_common>
            <accessor source="#GanondorfRobe_LOD1-mesh-map-0-array" count="5436" stride="2">
              <param name="S" type="float"/>
              <param name="T" type="float"/>
            </accessor>
          </technique_common>
        </source>
        <vertices id="GanondorfRobe_LOD1-mesh-vertices">
          <input semantic="POSITION" source="#GanondorfRobe_LOD1-mesh-positions"/>
        </vertices>
        <triangles material="RobeUpper-material" count="1461">
          <input semantic="VERTEX" source="#GanondorfRobe_LOD1-mesh-vertices" offset="0"/>
          <input semantic="NORMAL" source="#GanondorfRobe_LOD1-mesh-normals" offset="1"/>
          <input semantic="TEXCOORD" source="#GanondorfRobe_LOD1-mesh-map-0" offset="2" set="0"/>
          <p>765 0 0 280 1 1 29 2 2 405 3 3 765 0 4 33 4 5 30 5 6 694 6 7 602 7 8 602 7 9 694 6 10 104 8 11 333 9 12 1035 10 13 795 11 14 30 5 15 1035 10 16 333 9 17 795 11 18 764 12 19 29 2 20 795 11 21 359 13 22 333 9 23 280 1 24 795 11 25 29 2 26 291 14 27 280 1 28 405 3 29 407 15 30 291 14 31 405 3 32 22 16 33 407 15 34 405 3 35 14 17 36 407 15 37 22 16 38 105 18 39 407 15 40 520 19 41 14 17 42 18 20 43 1002 21 44 373 22 45 359 13 46 105 18 47 104 8 48 587 23 49 602 7 50 976 24 51 744 25 52 141 26 53 744 25 54 976 24 55 8 27 56 8 27 57 976 24 58 435 28 59 976 24 60 1002 21 61 435 28 62 1002 21 63 91 29 64 570 30 65 14 17 66 1002 21 67 570 30 68 570 30 69 520 19 70 14 17 71 105 18 72 520 19 73 371 31 74 656 32 75 730 33 76 23 34 77 371 31 78 656 32 79 105 18 80 656 32 81 373 22 82 105 18 83 734 35 84 656 32 85 23 34 86 373 22 87 656 32 88 734 35 89 694 6 90 734 35 91 104 8 92 373 22 93 734 35 94 694 6 95 373 22 96 694 6 97 333 9 98 732 36 99 381 37 100 286 38 101 286 38 102 381 37 103 513 39 104 735 40 105 93 41 106 766 42 107 289 43 108 93 41 109 735 40 110 286 38 111 735 40 112 732 36 113 289 43 114 735 40 115 286 38 116 23 34 117 730 33 118 732 36 119 730 33 120 381 37 121 732 36 122 371 31 123 20 44 124 730 33 125 520 19 126 570 30 127 20 44 128 20 44 129 570 30 130 691 45 131 691 45 132 91 29 133 574 46 134 91 29 135 141 26 136 458 47 137 141 26 138 91 29 139 976 24 140 460 48 141 289 43 142 9 49 143 9 49 144 289 43 145 513 39 146 516 50 147 381 37 148 20 44 149 441 51 150 516 50 151 573 52 152 513 39 153 441 51 154 9 49 155 516 50 156 441 51 157 513 39 158 82 53 159 441 51 160 573 52 161 441 51 162 569 54 163 9 49 164 516 50 165 691 45 166 573 52 167 20 44 168 691 45 169 516 50 170 573 52 171 574 46 172 82 53 173 574 46 174 614 55 175 82 53 176 555 56 177 457 57 178 193 58 179 82 53 180 614 55 181 555 56 182 457 57 183 614 55 184 458 47 185 538 59 186 457 57 187 458 47 188 193 58 189 457 57 190 537 60 191 79 61 192 77 62 193 537 60 194 222 63 195 77 62 196 932 64 197 222 63 198 932 64 199 223 65 200 223 65 201 932 64 202 850 66 203 850 66 204 932 64 205 1034 67 206 744 25 207 932 64 208 79 61 209 932 64 210 955 68 211 1 69 212 141 26 213 744 25 214 79 61 215 928 70 216 515 71 217 77 62 218 279 72 219 930 73 220 781 74 221 515 71 222 279 72 223 537 60 224 930 73 225 279 72 226 515 71 227 781 74 228 6 75 229 279 72 230 279 72 231 6 75 232 193 58 233 555 56 234 569 54 235 82 53 236 6 75 237 569 54 238 555 56 239 285 76 240 9 49 241 569 54 242 783 77 243 568 78 244 19 79 245 783 77 246 5 80 247 568 78 248 568 78 249 5 80 250 723 81 251 781 74 252 930 73 253 814 82 254 225 83 255 799 84 256 930 73 257 799 84 258 814 82 259 930 73 260 929 85 261 814 82 262 254 86 263 814 82 264 929 85 265 781 74 266 5 80 267 781 74 268 929 85 269 285 76 270 781 74 271 5 80 272 6 75 273 285 76 274 569 54 275 5 80 276 669 87 277 723 81 278 254 86 279 669 87 280 929 85 281 669 87 282 254 86 283 76 88 284 655 89 285 646 90 286 282 91 287 657 92 288 655 89 289 104 8 290 657 92 291 734 35 292 23 34 293 657 92 294 673 93 295 646 90 296 673 93 297 657 92 298 23 34 299 732 36 300 673 93 301 23 34 302 735 40 303 673 93 304 732 36 305 766 42 306 673 93 307 735 40 308 290 94 309 766 42 310 93 41 311 460 48 312 290 94 313 93 41 314 460 48 315 783 77 316 94 95 317 86 96 318 64 97 319 783 77 320 783 77 321 19 79 322 86 96 323 418 98 324 582 99 325 723 81 326 708 100 327 582 99 328 418 98 329 64 97 330 86 96 331 83 101 332 572 102 333 559 103 334 19 79 335 723 81 336 572 102 337 19 79 338 582 99 339 725 104 340 723 81 341 724 105 342 315 106 343 556 107 344 582 99 345 708 100 346 724 105 347 724 105 348 725 104 349 582 99 350 306 108 351 724 105 352 304 109 353 502 110 354 306 108 355 304 109 356 306 108 357 500 111 358 1036 112 359 1036 112 360 500 111 361 572 102 362 357 113 363 500 111 364 65 114 365 572 102 366 357 113 367 559 103 368 86 96 369 19 79 370 696 115 371 727 116 372 83 101 373 86 96 374 727 116 375 72 117 376 83 101 377 83 101 378 72 117 379 307 118 380 21 119 381 307 118 382 17 120 383 502 110 384 318 121 385 65 114 386 502 110 387 304 109 388 92 122 389 556 107 390 354 123 391 724 105 392 140 124 393 354 123 394 556 107 395 956 125 396 354 123 397 140 124 398 956 125 399 140 124 400 80 126 401 315 106 402 601 127 403 140 124 404 140 124 405 601 127 406 80 126 407 13 128 408 956 125 409 488 129 410 960 130 411 956 125 412 13 128 413 960 130 414 92 122 415 354 123 416 92 122 417 541 131 418 502 110 419 529 132 420 318 121 421 541 131 422 120 133 423 318 121 424 529 132 425 318 121 426 120 133 427 787 134 428 120 133 429 714 135 430 787 134 431 787 134 432 714 135 433 678 136 434 678 136 435 714 135 436 42 137 437 678 136 438 553 138 439 787 134 440 601 127 441 905 139 442 80 126 443 708 100 444 418 98 445 139 140 446 76 88 447 418 98 448 669 87 449 418 98 450 923 141 451 139 140 452 139 140 453 923 141 454 833 142 455 796 143 456 905 139 457 219 144 458 220 145 459 959 146 460 905 139 461 0 147 462 959 146 463 925 148 464 635 149 465 959 146 466 0 147 467 3 150 468 959 146 469 635 149 470 959 146 471 3 150 472 80 126 473 702 151 474 681 152 475 707 153 476 378 154 477 400 155 478 294 156 479 702 151 480 400 155 481 378 154 482 400 155 483 702 151 484 122 157 485 702 151 486 707 153 487 42 137 488 448 158 489 707 153 490 72 117 491 631 159 492 707 153 493 448 158 494 707 153 495 679 160 496 42 137 497 631 159 498 358 161 499 679 160 500 17 120 501 466 162 502 89 163 503 171 164 504 466 162 505 17 120 506 578 165 507 681 152 508 171 164 509 307 118 510 72 117 511 578 165 512 727 116 513 448 158 514 72 117 515 696 115 516 631 159 517 86 96 518 358 161 519 631 159 520 696 115 521 358 161 522 696 115 523 559 103 524 358 161 525 357 113 526 679 160 527 679 160 528 357 113 529 553 138 530 474 166 531 409 167 532 89 163 533 61 168 534 1037 169 535 767 170 536 102 171 537 282 91 538 67 172 539 671 173 540 66 174 541 332 175 542 571 176 543 332 175 544 644 177 545 646 90 546 745 178 547 148 179 548 106 180 549 67 172 550 100 181 551 100 181 552 482 182 553 320 183 554 482 182 555 67 172 556 148 179 557 66 174 558 482 182 559 372 184 560 482 182 561 66 174 562 320 183 563 66 174 564 360 185 565 320 183 566 27 186 567 672 187 568 388 188 569 672 187 570 67 172 571 106 180 572 586 189 573 951 190 574 26 191 575 102 171 576 951 190 577 586 189 578 587 23 579 586 189 580 26 191 581 104 8 582 586 189 583 587 23 584 586 189 585 655 89 586 102 171 587 518 192 588 550 193 589 113 194 590 162 195 591 518 192 592 524 196 593 390 197 594 205 198 595 163 199 596 431 200 597 161 201 598 712 202 599 292 203 600 156 204 601 712 202 602 425 205 603 549 206 604 157 207 605 292 203 606 549 206 607 425 205 608 113 194 609 485 208 610 518 192 611 518 192 612 485 208 613 163 199 614 112 209 615 699 210 616 390 197 617 464 211 618 390 197 619 163 199 620 390 197 621 464 211 622 112 209 623 464 211 624 485 208 625 69 212 626 977 213 627 773 214 628 321 215 629 109 216 630 773 214 631 977 213 632 35 217 633 773 214 634 109 216 635 321 215 636 464 211 637 977 213 638 699 210 639 115 218 640 161 201 641 774 219 642 115 218 643 699 210 644 116 220 645 115 218 646 774 219 647 116 220 648 549 206 649 115 218 650 292 203 651 115 218 652 549 206 653 115 218 654 292 203 655 712 202 656 469 221 657 112 209 658 201 222 659 699 210 660 112 209 661 469 221 662 469 221 663 476 223 664 699 210 665 774 219 666 699 210 667 476 223 668 202 224 669 116 220 670 622 225 671 202 224 672 621 226 673 204 227 674 204 227 675 621 226 676 953 228 677 116 220 678 158 229 679 549 206 680 202 224 681 204 227 682 624 230 683 947 231 684 204 227 685 953 228 686 68 232 687 953 228 688 34 233 689 953 228 690 621 226 691 28 234 692 621 226 693 399 235 694 544 236 695 68 232 696 947 231 697 953 228 698 947 231 699 68 232 700 151 237 701 204 227 702 339 238 703 624 230 704 947 231 705 339 238 706 204 227 707 339 238 708 947 231 709 527 239 710 624 230 711 339 238 712 527 239 713 525 240 714 154 241 715 158 229 716 158 229 717 785 242 718 157 207 719 493 243 720 785 242 721 784 244 722 546 245 723 785 242 724 493 243 725 157 207 726 546 245 727 548 246 728 546 245 729 545 247 730 1038 248 731 493 243 732 545 247 733 546 245 734 493 243 735 310 249 736 675 250 737 310 249 738 311 251 739 1008 252 740 493 243 741 784 244 742 310 249 743 1012 253 744 311 251 745 154 241 746 38 254 747 311 251 748 1012 253 749 525 240 750 1012 253 751 154 241 752 527 239 753 1012 253 754 525 240 755 1012 253 756 637 255 757 38 254 758 36 256 759 1012 253 760 527 239 761 947 231 762 36 256 763 527 239 764 151 237 765 36 256 766 947 231 767 1038 248 768 625 257 769 528 258 770 528 258 771 548 246 772 1038 248 773 425 205 774 548 246 775 156 204 776 157 207 777 548 246 778 425 205 779 161 201 780 431 200 781 205 198 782 738 259 783 737 260 784 625 257 785 528 258 786 737 260 787 156 204 788 625 257 789 737 260 790 528 258 791 737 260 792 431 200 793 156 204 794 738 259 795 162 195 796 524 196 797 426 261 798 56 262 799 132 263 800 132 263 801 295 264 802 426 261 803 132 263 804 567 265 805 295 264 806 633 266 807 597 267 808 567 265 809 597 267 810 685 268 811 567 265 812 49 269 813 685 268 814 1007 270 815 685 268 816 49 269 817 793 271 818 685 268 819 326 272 820 295 264 821 755 273 822 629 274 823 468 275 824 468 275 825 532 276 826 432 277 827 295 264 828 326 272 829 426 261 830 125 278 831 432 277 832 56 262 833 579 279 834 468 275 835 125 278 836 468 275 837 610 280 838 755 273 839 632 281 840 629 274 841 124 282 842 404 283 843 743 284 844 981 285 845 133 286 846 124 282 847 743 284 848 125 278 849 993 287 850 579 279 851 49 269 852 1007 270 853 337 288 854 326 272 855 793 271 856 50 289 857 326 272 858 751 290 859 426 261 860 46 291 861 993 287 862 751 290 863 751 290 864 993 287 865 426 261 866 997 292 867 993 287 868 46 291 869 124 282 870 629 274 871 970 293 872 124 282 873 970 293 874 996 294 875 990 295 876 557 296 877 45 297 878 557 296 879 990 295 880 44 298 881 467 299 882 557 296 883 44 298 884 981 285 885 467 299 886 51 300 887 743 284 888 404 283 889 133 286 890 532 276 891 632 281 892 211 301 893 432 277 894 532 276 895 535 302 896 211 301 897 133 286 898 178 303 899 632 281 900 133 286 901 211 301 902 404 283 903 761 304 904 178 303 905 53 305 906 761 304 907 716 306 908 51 300 909 761 304 910 981 285 911 981 285 912 761 304 913 404 283 914 178 303 915 534 307 916 211 301 917 534 307 918 178 303 919 180 308 920 132 263 921 379 309 922 187 310 923 187 310 924 567 265 925 132 263 926 186 311 927 567 265 928 187 310 929 186 311 930 633 266 931 567 265 932 187 310 933 283 312 934 186 311 935 365 313 936 402 314 937 379 309 938 365 313 939 188 315 940 402 314 941 535 302 942 188 315 943 365 313 944 535 302 945 598 316 946 188 315 947 211 301 948 598 316 949 532 276 950 761 304 951 958 317 952 178 303 953 53 305 954 958 317 955 761 304 956 937 318 957 958 317 958 53 305 959 180 308 960 958 317 961 937 318 962 211 301 963 276 319 964 598 316 965 298 320 966 598 316 967 314 321 968 188 315 969 598 316 970 298 320 971 188 315 972 298 320 973 402 314 974 130 322 975 991 323 976 531 324 977 937 318 978 991 323 979 180 308 980 539 325 981 402 314 982 298 320 983 402 314 984 539 325 985 379 309 986 427 326 987 539 325 988 542 327 989 542 327 990 470 328 991 427 326 992 470 328 993 345 329 994 433 330 995 427 326 996 470 328 997 131 331 998 542 327 999 314 321 1000 276 319 1001 298 320 1002 542 327 1003 539 325 1004 186 311 1005 283 312 1006 554 332 1007 283 312 1008 428 333 1009 554 332 1010 379 309 1011 428 333 1012 283 312 1013 131 331 1014 428 333 1015 427 326 1016 554 332 1017 429 334 1018 347 335 1019 429 334 1020 428 333 1021 131 331 1022 984 336 1023 991 323 1024 130 322 1025 343 337 1026 991 323 1027 984 336 1028 180 308 1029 991 323 1030 599 338 1031 599 338 1032 722 339 1033 705 340 1034 599 338 1035 705 340 1036 534 307 1037 343 337 1038 297 341 1039 722 339 1040 345 329 1041 297 341 1042 433 330 1043 722 339 1044 297 341 1045 345 329 1046 705 340 1047 345 329 1048 542 327 1049 459 342 1050 558 343 1051 169 344 1052 558 343 1053 288 345 1054 197 346 1055 782 347 1056 638 348 1057 1040 349 1058 615 350 1059 638 348 1060 782 347 1061 619 351 1062 638 348 1063 620 352 1064 589 353 1065 638 348 1066 619 351 1067 1040 349 1068 558 343 1069 721 354 1070 585 355 1071 481 356 1072 638 348 1073 170 357 1074 422 358 1075 169 344 1076 172 359 1077 558 343 1078 1040 349 1079 558 343 1080 170 357 1081 169 344 1082 1040 349 1083 752 360 1084 172 359 1085 752 360 1086 638 348 1087 753 361 1088 753 361 1089 638 348 1090 481 356 1091 88 362 1092 384 363 1093 481 356 1094 447 364 1095 363 365 1096 1044 366 1097 449 367 1098 422 358 1099 776 368 1100 422 358 1101 170 357 1102 776 368 1103 776 368 1104 170 357 1105 172 359 1106 172 359 1107 1041 369 1108 776 368 1109 790 370 1110 752 360 1111 1042 371 1112 1042 371 1113 752 360 1114 753 361 1115 173 372 1116 753 361 1117 481 356 1118 481 356 1119 12 373 1120 173 372 1121 742 374 1122 790 370 1123 1042 371 1124 742 374 1125 324 375 1126 776 368 1127 323 376 1128 753 361 1129 173 372 1130 1042 371 1131 753 361 1132 323 376 1133 356 377 1134 12 373 1135 384 363 1136 46 291 1137 323 376 1138 385 378 1139 323 376 1140 324 375 1141 1042 371 1142 385 378 1143 323 376 1144 173 372 1145 324 375 1146 751 290 1147 50 289 1148 776 368 1149 324 375 1150 50 289 1151 449 367 1152 793 271 1153 123 379 1154 776 368 1155 50 289 1156 449 367 1157 449 367 1158 412 380 1159 447 364 1160 412 380 1161 363 365 1162 447 364 1163 43 381 1164 363 365 1165 412 380 1166 385 378 1167 340 382 1168 987 383 1169 456 384 1170 336 385 1171 43 381 1172 43 381 1173 337 288 1174 456 384 1175 337 288 1176 412 380 1177 49 269 1178 412 380 1179 337 288 1180 43 381 1181 49 269 1182 412 380 1183 123 379 1184 793 271 1185 49 269 1186 123 379 1187 385 378 1188 997 292 1189 46 291 1190 488 129 1191 709 386 1192 59 387 1193 13 128 1194 488 129 1195 421 388 1196 421 388 1197 488 129 1198 59 387 1199 729 389 1200 421 388 1201 583 390 1202 583 390 1203 439 391 1204 639 392 1205 305 393 1206 729 389 1207 583 390 1208 950 394 1209 84 395 1210 363 365 1211 43 381 1212 950 394 1213 363 365 1214 640 396 1215 84 395 1216 950 394 1217 640 396 1218 421 388 1219 729 389 1220 729 389 1221 84 395 1222 640 396 1223 96 397 1224 639 392 1225 628 398 1226 1044 366 1227 363 365 1228 84 395 1229 439 391 1230 628 398 1231 639 392 1232 59 387 1233 383 399 1234 334 400 1235 59 387 1236 334 400 1237 85 401 1238 478 402 1239 1044 366 1240 305 393 1241 1044 366 1242 62 403 1243 398 404 1244 398 404 1245 62 403 1246 422 358 1247 11 405 1248 540 406 1249 501 407 1250 501 407 1251 514 408 1252 454 409 1253 540 406 1254 514 408 1255 501 407 1256 478 402 1257 514 408 1258 540 406 1259 95 410 1260 503 411 1261 454 409 1262 615 350 1263 641 412 1264 620 352 1265 147 413 1266 505 414 1267 97 415 1268 506 416 1269 505 414 1270 147 413 1271 505 414 1272 506 416 1273 560 417 1274 560 417 1275 710 418 1276 505 414 1277 523 419 1278 505 414 1279 710 418 1280 368 420 1281 523 419 1282 387 421 1283 387 421 1284 386 422 1285 368 420 1286 505 414 1287 1045 423 1288 695 424 1289 198 425 1290 505 414 1291 695 424 1292 317 426 1293 97 415 1294 198 425 1295 194 427 1296 97 415 1297 317 426 1298 613 428 1299 97 415 1300 194 427 1301 308 429 1302 309 430 1303 90 431 1304 443 432 1305 613 428 1306 309 430 1307 63 433 1308 281 434 1309 146 435 1310 281 434 1311 63 433 1312 87 436 1313 63 433 1314 692 437 1315 87 436 1316 613 428 1317 16 438 1318 90 431 1319 693 439 1320 146 435 1321 308 429 1322 668 440 1323 693 439 1324 90 431 1325 63 433 1326 693 439 1327 668 440 1328 63 433 1329 668 440 1330 654 441 1331 668 440 1332 706 442 1333 199 443 1334 60 444 1335 791 445 1336 10 446 1337 791 445 1338 355 447 1339 10 446 1340 87 436 1341 316 448 1342 281 434 1343 791 445 1344 146 435 1345 281 434 1346 791 445 1347 689 449 1348 146 435 1349 517 450 1350 689 449 1351 794 451 1352 689 449 1353 18 20 1354 794 451 1355 487 452 1356 18 20 1357 689 449 1358 487 452 1359 791 445 1360 60 444 1361 487 452 1362 60 444 1363 463 453 1364 60 444 1365 547 454 1366 463 453 1367 435 28 1368 487 452 1369 463 453 1370 8 27 1371 435 28 1372 463 453 1373 794 451 1374 18 20 1375 14 17 1376 22 16 1377 794 451 1378 14 17 1379 517 450 1380 308 429 1381 146 435 1382 985 455 1383 794 451 1384 22 16 1385 517 450 1386 794 451 1387 985 455 1388 22 16 1389 405 3 1390 985 455 1391 24 456 1392 442 457 1393 985 455 1394 442 457 1395 440 458 1396 477 459 1397 440 458 1398 442 457 1399 24 456 1400 477 459 1401 440 458 1402 103 460 1403 995 461 1404 477 459 1405 103 460 1406 544 236 1407 543 462 1408 995 461 1409 543 462 1410 544 236 1411 575 463 1412 442 457 1413 517 450 1414 985 455 1415 938 464 1416 986 465 1417 32 466 1418 98 467 1419 986 465 1420 768 468 1421 32 466 1422 98 467 1423 616 469 1424 32 466 1425 616 469 1426 399 235 1427 621 226 1428 995 461 1429 28 234 1430 544 236 1431 995 461 1432 621 226 1433 28 234 1434 995 461 1435 103 460 1436 28 234 1437 440 458 1438 34 233 1439 34 233 1440 24 456 1441 965 470 1442 33 4 1443 965 470 1444 405 3 1445 768 468 1446 731 471 1447 98 467 1448 690 472 1449 419 473 1450 709 386 1451 419 473 1452 59 387 1453 709 386 1454 243 474 1455 924 475 1456 244 476 1457 936 477 1458 935 478 1459 0 147 1460 216 479 1461 935 478 1462 936 477 1463 927 480 1464 797 481 1465 244 476 1466 436 482 1467 797 481 1468 927 480 1469 216 479 1470 797 481 1471 935 478 1472 924 475 1473 927 480 1474 244 476 1475 927 480 1476 1048 483 1477 438 484 1478 690 472 1479 350 485 1480 81 486 1481 690 472 1482 7 487 1483 3 150 1484 690 472 1485 709 386 1486 7 487 1487 635 149 1488 935 478 1489 436 482 1490 350 485 1491 436 482 1492 927 480 1493 350 485 1494 927 480 1495 612 488 1496 78 489 1497 352 490 1498 780 491 1499 78 489 1500 1049 492 1501 352 490 1502 600 493 1503 609 494 1504 142 495 1505 351 496 1506 78 489 1507 600 493 1508 609 494 1509 78 489 1510 275 497 1511 331 498 1512 142 495 1513 463 453 1514 934 499 1515 914 500 1516 926 501 1517 78 489 1518 780 491 1519 926 501 1520 78 489 1521 926 501 1522 275 497 1523 275 497 1524 4 502 1525 964 503 1526 4 502 1527 744 25 1528 964 503 1529 8 27 1530 964 503 1531 744 25 1532 964 503 1533 463 453 1534 609 494 1535 955 68 1536 364 504 1537 1 69 1538 2 505 1539 955 68 1540 853 506 1541 512 507 1542 191 508 1543 1052 509 1544 191 508 1545 284 510 1546 377 511 1547 213 512 1548 451 513 1549 377 511 1550 190 514 1551 451 513 1552 471 515 1553 190 514 1554 471 515 1555 136 516 1556 718 517 1557 302 518 1558 344 519 1559 760 520 1560 327 521 1561 130 322 1562 300 522 1563 296 523 1564 129 524 1565 183 525 1566 302 518 1567 718 517 1568 718 517 1569 52 526 1570 183 525 1571 183 525 1572 52 526 1573 717 527 1574 183 525 1575 717 527 1576 181 528 1577 348 529 1578 499 530 1579 416 531 1580 416 531 1581 763 532 1582 584 533 1583 1052 509 1584 416 531 1585 584 533 1586 1052 509 1587 417 534 1588 416 531 1589 416 531 1590 417 534 1591 473 535 1592 191 508 1593 511 536 1594 417 534 1595 190 514 1596 511 536 1597 451 513 1598 417 534 1599 511 536 1600 473 535 1601 212 537 1602 511 536 1603 190 514 1604 511 536 1605 329 538 1606 473 535 1607 521 539 1608 329 538 1609 212 537 1610 329 538 1611 521 539 1612 137 540 1613 521 539 1614 611 541 1615 137 540 1616 137 540 1617 611 541 1618 134 542 1619 611 541 1620 342 543 1621 134 542 1622 183 525 1623 55 544 1624 611 541 1625 183 525 1626 369 545 1627 55 544 1628 55 544 1629 369 545 1630 301 546 1631 55 544 1632 301 546 1633 346 547 1634 453 548 1635 762 549 1636 192 550 1637 416 531 1638 473 535 1639 453 548 1640 452 551 1641 330 552 1642 137 540 1643 1054 553 1644 452 551 1645 127 554 1646 452 551 1647 486 555 1648 127 554 1649 137 540 1650 486 555 1651 452 551 1652 403 556 1653 342 543 1654 346 547 1655 342 543 1656 403 556 1657 134 542 1658 346 547 1659 342 543 1660 55 544 1661 687 557 1662 719 558 1663 184 559 1664 346 547 1665 719 558 1666 687 557 1667 301 546 1668 789 560 1669 346 547 1670 789 560 1671 1055 561 1672 299 562 1673 982 563 1674 998 564 1675 54 565 1676 998 564 1677 982 563 1678 720 566 1679 983 567 1680 982 563 1681 54 565 1682 982 563 1683 983 567 1684 688 568 1685 688 568 1686 983 567 1687 189 569 1688 634 570 1689 756 571 1690 184 559 1691 688 568 1692 189 569 1693 634 570 1694 184 559 1695 756 571 1696 687 557 1697 596 572 1698 403 556 1699 684 573 1700 134 542 1701 403 556 1702 596 572 1703 596 572 1704 653 574 1705 127 554 1706 596 572 1707 486 555 1708 134 542 1709 665 575 1710 328 576 1711 127 554 1712 127 554 1713 472 577 1714 1054 553 1715 215 578 1716 472 577 1717 214 579 1718 215 578 1719 1057 580 1720 1003 581 1721 576 582 1722 967 583 1723 138 584 1724 1003 581 1725 576 582 1726 215 578 1727 577 585 1728 576 582 1729 138 584 1730 192 550 1731 536 586 1732 577 585 1733 983 567 1734 684 573 1735 189 569 1736 994 587 1737 983 567 1738 54 565 1739 126 588 1740 983 567 1741 994 587 1742 703 589 1743 684 573 1744 126 588 1745 127 554 1746 653 574 1747 595 590 1748 127 554 1749 1058 591 1750 665 575 1751 129 524 1752 296 523 1753 299 562 1754 299 562 1755 686 592 1756 789 560 1757 789 560 1758 686 592 1759 719 558 1760 719 558 1761 683 593 1762 184 559 1763 277 594 1764 634 570 1765 184 559 1766 135 595 1767 634 570 1768 277 594 1769 769 596 1770 688 568 1771 135 595 1772 982 563 1773 769 596 1774 720 566 1775 998 564 1776 720 566 1777 57 597 1778 57 597 1779 415 598 1780 1011 599 1781 1011 599 1782 415 598 1783 401 600 1784 979 601 1785 581 602 1786 175 603 1787 415 598 1788 581 602 1789 979 601 1790 979 601 1791 978 604 1792 336 385 1793 175 603 1794 396 605 1795 979 601 1796 978 604 1797 396 605 1798 174 606 1799 978 604 1800 969 607 1801 336 385 1802 969 607 1803 963 608 1804 47 609 1805 980 610 1806 73 611 1807 979 601 1808 940 612 1809 313 613 1810 48 614 1811 47 609 1812 963 608 1813 940 612 1814 48 614 1815 313 613 1816 325 615 1817 749 616 1818 778 617 1819 393 618 1820 48 614 1821 778 617 1822 749 616 1823 778 617 1824 413 619 1825 393 618 1826 450 620 1827 413 619 1828 778 617 1829 413 619 1830 566 621 1831 44 298 1832 566 621 1833 467 299 1834 44 298 1835 51 300 1836 467 299 1837 430 622 1838 430 622 1839 467 299 1840 566 621 1841 179 623 1842 430 622 1843 757 624 1844 757 624 1845 185 625 1846 179 623 1847 185 625 1848 759 626 1849 74 627 1850 74 627 1851 759 626 1852 177 628 1853 74 627 1854 498 629 1855 185 625 1856 177 628 1857 683 593 1858 74 627 1859 683 593 1860 277 594 1861 184 559 1862 788 630 1863 277 594 1864 177 628 1865 277 594 1866 788 630 1867 135 595 1868 769 596 1869 581 602 1870 415 598 1871 175 603 1872 769 596 1873 135 595 1874 51 300 1875 430 622 1876 716 306 1877 395 631 1878 396 605 1879 175 603 1880 174 606 1881 395 631 1882 394 632 1883 313 613 1884 666 633 1885 325 615 1886 778 617 1887 325 615 1888 450 620 1889 450 620 1890 325 615 1891 176 634 1892 450 620 1893 757 624 1894 566 621 1895 757 624 1896 450 620 1897 176 634 1898 759 626 1899 757 624 1900 176 634 1901 759 626 1902 758 635 1903 177 628 1904 788 630 1905 395 631 1906 175 603 1907 394 632 1908 788 630 1909 758 635 1910 176 634 1911 666 633 1912 758 635 1913 758 635 1914 666 633 1915 394 632 1916 533 636 1917 498 629 1918 686 592 1919 686 592 1920 498 629 1921 74 627 1922 53 305 1923 531 324 1924 937 318 1925 760 520 1926 531 324 1927 296 523 1928 130 322 1929 531 324 1930 760 520 1931 179 623 1932 533 636 1933 652 637 1934 716 306 1935 652 637 1936 53 305 1937 179 623 1938 652 637 1939 716 306 1940 664 638 1941 715 639 1942 120 133 1943 446 640 1944 651 641 1945 715 639 1946 400 155 1947 974 642 1948 962 643 1949 122 157 1950 974 642 1951 400 155 1952 122 157 1953 393 618 1954 974 642 1955 971 644 1956 446 640 1957 338 645 1958 446 640 1959 393 618 1960 122 157 1961 376 646 1962 510 647 1963 47 609 1964 971 644 1965 338 645 1966 376 646 1967 664 638 1968 510 647 1969 715 639 1970 510 647 1971 603 648 1972 47 609 1973 664 638 1974 530 649 1975 510 647 1976 603 648 1977 530 649 1978 41 650 1979 120 133 1980 529 132 1981 664 638 1982 530 649 1983 529 132 1984 41 650 1985 664 638 1986 529 132 1987 530 649 1988 529 132 1989 950 394 1990 41 650 1991 640 396 1992 950 394 1993 541 131 1994 13 128 1995 541 131 1996 92 122 1997 541 131 1998 13 128 1999 640 396 2000 960 130 2001 13 128 2002 92 122 2003 603 648 2004 969 607 2005 47 609 2006 969 607 2007 41 650 2008 336 385 2009 715 639 2010 714 135 2011 120 133 2012 651 641 2013 714 135 2014 715 639 2015 714 135 2016 682 651 2017 42 137 2018 42 137 2019 682 651 2020 702 151 2021 702 151 2022 682 651 2023 122 157 2024 446 640 2025 682 651 2026 651 641 2027 122 157 2028 682 651 2029 446 640 2030 294 156 2031 962 643 2032 989 652 2033 962 643 2034 974 642 2035 393 618 2036 413 619 2037 962 643 2038 393 618 2039 44 298 2040 989 652 2041 413 619 2042 990 295 2043 989 652 2044 44 298 2045 121 653 2046 990 295 2047 1006 654 2048 466 162 2049 171 164 2050 630 655 2051 378 154 2052 680 656 2053 681 152 2054 294 156 2055 680 656 2056 378 154 2057 680 656 2058 294 156 2059 293 657 2060 293 657 2061 294 156 2062 989 652 2063 990 295 2064 293 657 2065 989 652 2066 121 653 2067 293 657 2068 990 295 2069 466 162 2070 1059 658 2071 143 659 2072 630 655 2073 741 660 2074 414 661 2075 680 656 2076 293 657 2077 741 660 2078 966 662 2079 519 663 2080 110 664 2081 111 665 2082 626 666 2083 648 667 2084 111 665 2085 700 668 2086 626 666 2087 111 665 2088 623 669 2089 647 670 2090 111 665 2091 1061 671 2092 623 669 2093 110 664 2094 507 672 2095 39 673 2096 110 664 2097 1062 674 2098 697 675 2099 110 664 2100 697 675 2101 941 676 2102 155 677 2103 375 678 2104 988 679 2105 374 680 2106 988 679 2107 70 681 2108 374 680 2109 349 682 2110 38 254 2111 648 667 2112 411 683 2113 111 665 2114 484 684 2115 648 667 2116 39 673 2117 155 677 2118 507 672 2119 375 678 2120 507 672 2121 484 684 2122 39 673 2123 375 678 2124 507 672 2125 110 664 2126 155 677 2127 592 685 2128 484 684 2129 29 2 2130 461 686 2131 939 687 2132 461 686 2133 972 688 2134 31 689 2135 765 0 2136 939 687 2137 33 4 2138 939 687 2139 765 0 2140 29 2 2141 939 687 2142 957 690 2143 33 4 2144 746 691 2145 939 687 2146 149 692 2147 444 693 2148 957 690 2149 108 694 2150 660 695 2151 151 237 2152 68 232 2153 303 696 2154 151 237 2155 444 693 2156 637 255 2157 391 697 2158 38 254 2159 391 697 2160 374 680 2161 38 254 2162 374 680 2163 663 698 2164 590 699 2165 155 677 2166 374 680 2167 590 699 2168 592 685 2169 590 699 2170 160 700 2171 155 677 2172 590 699 2173 592 685 2174 484 684 2175 592 685 2176 160 700 2177 160 700 2178 747 701 2179 411 683 2180 160 700 2181 411 683 2182 484 684 2183 111 665 2184 411 683 2185 748 702 2186 33 4 2187 957 690 2188 944 703 2189 944 703 2190 660 695 2191 34 233 2192 508 704 2193 661 705 2194 662 706 2195 662 706 2196 747 701 2197 160 700 2198 411 683 2199 747 701 2200 677 707 2201 677 707 2202 748 702 2203 411 683 2204 563 708 2205 551 709 2206 659 710 2207 410 711 2208 563 708 2209 203 712 2210 563 708 2211 771 713 2212 203 712 2213 659 710 2214 561 714 2215 200 715 2216 607 716 2217 659 710 2218 200 715 2219 772 717 2220 149 692 2221 200 715 2222 772 717 2223 746 691 2224 149 692 2225 108 694 2226 406 718 2227 444 693 2228 779 719 2229 406 718 2230 108 694 2231 444 693 2232 406 718 2233 303 696 2234 590 699 2235 663 698 2236 779 719 2237 406 718 2238 663 698 2239 303 696 2240 779 719 2241 526 720 2242 713 721 2243 561 714 2244 551 709 2245 153 722 2246 659 710 2247 551 709 2248 561 714 2249 772 717 2250 522 723 2251 108 694 2252 200 715 2253 522 723 2254 772 717 2255 153 722 2256 522 723 2257 200 715 2258 526 720 2259 522 723 2260 153 722 2261 522 723 2262 526 720 2263 779 719 2264 153 722 2265 662 706 2266 526 720 2267 508 704 2268 662 706 2269 674 724 2270 526 720 2271 662 706 2272 713 721 2273 677 707 2274 1063 725 2275 564 726 2276 114 727 2277 495 728 2278 508 704 2279 508 704 2280 495 728 2281 677 707 2282 508 704 2283 698 729 2284 114 727 2285 674 724 2286 698 729 2287 508 704 2288 551 709 2289 698 729 2290 674 724 2291 410 711 2292 483 730 2293 551 709 2294 203 712 2295 152 731 2296 410 711 2297 152 731 2298 954 732 2299 992 733 2300 203 712 2301 954 732 2302 152 731 2303 992 733 2304 954 732 2305 109 216 2306 109 216 2307 954 732 2308 35 217 2309 954 732 2310 952 734 2311 35 217 2312 150 735 2313 954 732 2314 203 712 2315 203 712 2316 771 713 2317 150 735 2318 562 736 2319 771 713 2320 563 708 2321 999 737 2322 771 713 2323 562 736 2324 31 689 2325 562 736 2326 489 738 2327 461 686 2328 607 716 2329 149 692 2330 31 689 2331 489 738 2332 461 686 2333 951 190 2334 1004 739 2335 26 191 2336 704 740 2337 951 190 2338 25 741 2339 1004 739 2340 999 737 2341 26 191 2342 150 735 2343 1004 739 2344 952 734 2345 1004 739 2346 771 713 2347 999 737 2348 952 734 2349 1004 739 2350 704 740 2351 152 731 2352 992 733 2353 948 742 2354 948 742 2355 992 733 2356 69 212 2357 113 194 2358 948 742 2359 485 208 2360 961 743 2361 509 744 2362 113 194 2363 775 745 2364 509 744 2365 961 743 2366 114 727 2367 775 745 2368 159 746 2369 948 742 2370 509 744 2371 114 727 2372 114 727 2373 483 730 2374 152 731 2375 206 747 2376 701 748 2377 627 749 2378 206 747 2379 627 749 2380 117 750 2381 207 751 2382 335 752 2383 361 753 2384 165 754 2385 335 752 2386 593 755 2387 165 754 2388 593 755 2389 606 756 2390 608 757 2391 650 758 2392 168 759 2393 606 756 2394 608 757 2395 165 754 2396 168 759 2397 650 758 2398 565 760 2399 165 754 2400 392 761 2401 335 752 2402 392 761 2403 594 762 2404 210 763 2405 206 747 2406 392 761 2407 322 764 2408 322 764 2409 392 761 2410 210 763 2411 322 764 2412 210 763 2413 118 765 2414 206 747 2415 700 668 2416 701 748 2417 701 748 2418 700 668 2419 37 766 2420 312 767 2421 322 764 2422 118 765 2423 319 768 2424 739 769 2425 118 765 2426 208 770 2427 739 769 2428 319 768 2429 496 771 2430 319 768 2431 210 763 2432 362 772 2433 319 768 2434 496 771 2435 208 770 2436 319 768 2437 362 772 2438 552 773 2439 490 774 2440 167 775 2441 209 776 2442 552 773 2443 168 759 2444 608 757 2445 552 773 2446 594 762 2447 608 757 2448 594 762 2449 165 754 2450 362 772 2451 496 771 2452 166 777 2453 362 772 2454 445 778 2455 119 779 2456 949 780 2457 362 772 2458 119 779 2459 208 770 2460 362 772 2461 949 780 2462 591 781 2463 949 780 2464 119 779 2465 208 770 2466 1064 782 2467 945 783 2468 208 770 2469 1000 784 2470 110 664 2471 110 664 2472 1065 785 2473 966 662 2474 39 673 2475 739 769 2476 110 664 2477 118 765 2478 39 673 2479 312 767 2480 552 773 2481 496 771 2482 594 762 2483 167 775 2484 496 771 2485 552 773 2486 496 771 2487 786 786 2488 166 777 2489 40 787 2490 786 786 2491 750 788 2492 975 789 2493 786 786 2494 40 787 2495 71 790 2496 786 786 2497 975 789 2498 786 786 2499 445 778 2500 166 777 2501 71 790 2502 445 778 2503 786 786 2504 107 791 2505 605 792 2506 201 222 2507 968 793 2508 107 791 2509 491 794 2510 107 791 2511 201 222 2512 321 215 2513 480 795 2514 469 221 2515 605 792 2516 469 221 2517 480 795 2518 476 223 2519 649 796 2520 389 797 2521 476 223 2522 462 798 2523 389 797 2524 649 796 2525 774 219 2526 389 797 2527 116 220 2528 202 224 2529 588 799 2530 621 226 2531 588 799 2532 622 225 2533 462 798 2534 649 796 2535 397 800 2536 943 801 2537 480 795 2538 424 802 2539 649 796 2540 605 792 2541 492 803 2542 480 795 2543 479 804 2544 605 792 2545 617 805 2546 617 805 2547 605 792 2548 107 791 2549 462 798 2550 32 466 2551 588 799 2552 32 466 2553 462 798 2554 943 801 2555 107 791 2556 946 806 2557 617 805 2558 27 186 2559 973 807 2560 968 793 2561 968 793 2562 973 807 2563 107 791 2564 968 793 2565 672 187 2566 27 186 2567 25 741 2568 672 187 2569 704 740 2570 672 187 2571 952 734 2572 704 740 2573 491 794 2574 952 734 2575 968 793 2576 35 217 2577 952 734 2578 491 794 2579 491 794 2580 773 214 2581 35 217 2582 613 428 2583 367 808 2584 380 809 2585 613 428 2586 195 810 2587 367 808 2588 195 810 2589 613 428 2590 194 427 2591 17 120 2592 475 811 2593 21 119 2594 475 811 2595 61 168 2596 642 812 2597 644 177 2598 475 811 2599 642 812 2600 475 811 2601 667 813 2602 408 814 2603 17 120 2604 89 163 2605 1037 169 2606 667 813 2607 645 815 2608 676 816 2609 766 42 2610 676 816 2611 99 817 2612 766 42 2613 290 94 2614 676 816 2615 408 814 2616 290 94 2617 94 95 2618 676 816 2619 290 94 2620 408 814 2621 21 119 2622 408 814 2623 64 97 2624 101 818 2625 147 413 2626 1067 819 2627 147 413 2628 1066 820 2629 506 416 2630 370 821 2631 382 822 2632 387 421 2633 604 823 2634 423 824 2635 710 418 2636 504 825 2637 423 824 2638 733 826 2639 423 824 2640 504 825 2641 710 418 2642 710 418 2643 504 825 2644 370 821 2645 15 827 2646 353 828 2647 733 826 2648 733 826 2649 423 824 2650 604 823 2651 733 826 2652 731 471 2653 15 827 2654 98 467 2655 733 826 2656 604 823 2657 616 469 2658 560 417 2659 575 463 2660 98 467 2661 604 823 2662 616 469 2663 101 818 2664 575 463 2665 560 417 2666 543 462 2667 1067 819 2668 736 829 2669 736 829 2670 477 459 2671 543 462 2672 477 459 2673 494 830 2674 442 457 2675 309 430 2676 494 830 2677 443 432 2678 443 432 2679 494 830 2680 1067 819 2681 309 430 2682 658 831 2683 494 830 2684 1009 832 2685 453 548 2686 192 550 2687 58 833 2688 453 548 2689 1009 832 2690 348 529 2691 453 548 2692 1010 834 2693 75 835 2694 1009 832 2695 577 585 2696 1009 832 2697 1001 836 2698 58 833 2699 777 837 2700 577 585 2701 138 584 2702 75 835 2703 577 585 2704 777 837 2705 330 552 2706 762 549 2707 473 535 2708 192 550 2709 762 549 2710 330 552 2711 192 550 2712 330 552 2713 536 586 2714 137 540 2715 330 552 2716 329 538 2717 643 838 2718 95 410 2719 96 397 2720 639 392 2721 95 410 2722 583 390 2723 95 410 2724 639 392 2725 96 397 2726 478 402 2727 305 393 2728 583 390 2729 554 332 2730 347 335 2731 1005 839 2732 554 332 2733 1068 840 2734 128 841 2735 186 311 2736 554 332 2737 792 842 2738 54 565 2739 792 842 2740 740 843 2741 998 564 2742 792 842 2743 54 565 2744 792 842 2745 57 597 2746 633 266 2747 57 597 2748 1011 599 2749 182 844 2750 182 844 2751 401 600 2752 597 267 2753 401 600 2754 1007 270 2755 597 267 2756 405 3 3408 280 1 3409 765 0 3410 30 5 3411 333 9 3412 694 6 3413 30 5 3414 764 12 3415 1035 10 3416 795 11 3417 1035 10 3418 764 12 3419 280 1 3420 291 14 3421 795 11 3422 359 13 3423 795 11 3424 291 14 3425 105 18 3426 359 13 3427 407 15 3428 359 13 3429 291 14 3430 407 15 3431 14 17 3432 520 19 3433 407 15 3434 435 28 3435 1002 21 3436 18 20 3437 333 9 3438 359 13 3439 373 22 3440 26 191 3441 602 7 3442 587 23 3443 91 29 3444 1002 21 3445 976 24 3446 656 32 3447 371 31 3448 730 33 3449 513 39 3450 289 43 3451 286 38 3452 20 44 3453 381 37 3454 730 33 3455 371 31 3456 520 19 3457 20 44 3458 91 29 3459 691 45 3460 570 30 3461 458 47 3462 574 46 3463 91 29 3464 538 59 3465 458 47 3466 141 26 3467 538 59 3468 141 26 3469 79 61 3470 93 41 3471 289 43 3472 460 48 3473 516 50 3474 513 39 3475 381 37 3476 82 53 3477 569 54 3478 441 51 3479 573 52 3480 691 45 3481 574 46 3482 458 47 3483 614 55 3484 574 46 3485 555 56 3486 614 55 3487 457 57 3488 79 61 3489 537 60 3490 538 59 3491 457 57 3492 538 59 3493 537 60 3494 79 61 3495 932 64 3496 77 62 3497 222 63 3498 928 70 3499 77 62 3500 1 69 3501 1034 67 3502 932 64 3503 4 502 3504 955 68 3505 744 25 3506 932 64 3507 744 25 3508 955 68 3509 225 83 3510 930 73 3511 515 71 3512 537 60 3513 77 62 3514 515 71 3515 193 58 3516 537 60 3517 279 72 3518 193 58 3519 6 75 3520 555 56 3521 9 49 3522 783 77 3523 460 48 3524 6 75 3525 781 74 3526 285 76 3527 783 77 3528 9 49 3529 5 80 3530 285 76 3531 5 80 3532 9 49 3533 5 80 3534 929 85 3535 669 87 3536 657 92 3537 646 90 3538 655 89 3539 104 8 3540 734 35 3541 657 92 3542 99 817 3543 646 90 3544 673 93 3545 99 817 3546 673 93 3547 766 42 3548 460 48 3549 94 95 3550 290 94 3551 64 97 3552 94 95 3553 783 77 3554 19 79 3555 568 78 3556 723 81 3557 83 101 3558 21 119 3559 64 97 3560 1036 112 3561 572 102 3562 725 104 3563 723 81 3564 725 104 3565 572 102 3566 140 124 3567 556 107 3568 315 106 3569 724 105 3570 708 100 3571 315 106 3572 724 105 3573 1036 112 3574 725 104 3575 306 108 3576 1036 112 3577 724 105 3578 65 114 3579 500 111 3580 306 108 3581 572 102 3582 500 111 3583 357 113 3584 19 79 3585 559 103 3586 696 115 3587 21 119 3588 83 101 3589 307 118 3590 65 114 3591 306 108 3592 502 110 3593 92 122 3594 304 109 3595 354 123 3596 304 109 3597 724 105 3598 354 123 3599 956 125 3600 960 130 3601 354 123 3602 708 100 3603 139 140 3604 315 106 3605 139 140 3606 601 127 3607 315 106 3608 956 125 3609 80 126 3610 3 150 3611 3 150 3612 7 487 3613 956 125 3614 7 487 3615 488 129 3616 956 125 3617 502 110 3618 541 131 3619 318 121 3620 42 137 3621 679 160 3622 678 136 3623 553 138 3624 678 136 3625 679 160 3626 139 140 3627 833 142 3628 601 127 3629 833 142 3630 905 139 3631 601 127 3632 723 81 3633 669 87 3634 418 98 3635 76 88 3636 923 141 3637 418 98 3638 76 88 3639 221 1010 3640 923 141 3641 833 142 3642 219 144 3643 905 139 3644 220 145 3645 925 148 3646 959 146 3647 80 126 3648 905 139 3649 959 146 3650 72 117 3651 707 153 3652 681 152 3653 702 151 3654 378 154 3655 681 152 3656 631 159 3657 679 160 3658 707 153 3659 1037 169 3660 89 163 3661 409 167 3662 171 164 3663 17 120 3664 578 165 3665 17 120 3666 307 118 3667 578 165 3668 72 117 3669 681 152 3670 578 165 3671 86 96 3672 631 159 3673 727 116 3674 448 158 3675 727 116 3676 631 159 3677 559 103 3678 357 113 3679 358 161 3680 65 114 3681 553 138 3682 357 113 3683 65 114 3684 787 134 3685 553 138 3686 65 114 3687 318 121 3688 787 134 3689 466 162 3690 143 659 3691 474 166 3692 89 163 3693 466 162 3694 474 166 3695 61 168 3696 726 1035 3697 728 1036 3698 61 168 3699 767 170 3700 726 1035 3701 148 179 3702 67 172 3703 282 91 3704 645 815 3705 372 184 3706 148 179 3707 644 177 3708 66 174 3709 372 184 3710 644 177 3711 332 175 3712 66 174 3713 148 179 3714 282 91 3715 646 90 3716 99 817 3717 745 178 3718 646 90 3719 645 815 3720 148 179 3721 745 178 3722 100 181 3723 67 172 3724 482 182 3725 148 179 3726 372 184 3727 482 182 3728 66 174 3729 671 173 3730 360 185 3731 106 180 3732 388 188 3733 672 187 3734 672 187 3735 25 741 3736 67 172 3737 102 171 3738 67 172 3739 25 741 3740 102 171 3741 25 741 3742 951 190 3743 104 8 3744 655 89 3745 586 189 3746 282 91 3747 102 171 3748 655 89 3749 162 195 3750 550 193 3751 518 192 3752 163 199 3753 205 198 3754 518 192 3755 524 196 3756 518 192 3757 205 198 3758 390 197 3759 161 201 3760 205 198 3761 699 210 3762 161 201 3763 390 197 3764 163 199 3765 485 208 3766 464 211 3767 109 216 3768 977 213 3769 69 212 3770 464 211 3771 69 212 3772 977 213 3773 112 209 3774 464 211 3775 321 215 3776 161 201 3777 115 218 3778 712 202 3779 201 222 3780 112 209 3781 321 215 3782 389 797 3783 774 219 3784 476 223 3785 158 229 3786 157 207 3787 549 206 3788 158 229 3789 116 220 3790 624 230 3791 116 220 3792 202 224 3793 624 230 3794 34 233 3795 953 228 3796 28 234 3797 621 226 3798 588 799 3799 399 235 3800 588 799 3801 32 466 3802 399 235 3803 525 240 3804 158 229 3805 624 230 3806 624 230 3807 527 239 3808 525 240 3809 158 229 3810 154 241 3811 785 242 3812 154 241 3813 784 244 3814 785 242 3815 1038 248 3816 548 246 3817 546 245 3818 157 207 3819 785 242 3820 546 245 3821 310 249 3822 784 244 3823 311 251 3824 154 241 3825 311 251 3826 784 244 3827 38 254 3828 1008 252 3829 311 251 3830 36 256 3831 637 255 3832 1012 253 3833 156 204 3834 548 246 3835 528 258 3836 156 204 3837 292 203 3838 425 205 3839 712 202 3840 156 204 3841 431 200 3842 524 196 3843 737 260 3844 738 259 3845 737 260 3846 524 196 3847 431 200 3848 205 198 3849 431 200 3850 524 196 3851 685 268 3852 295 264 3853 567 265 3854 365 313 3855 132 263 3856 56 262 3857 182 844 3858 597 267 3859 633 266 3860 597 267 3861 1007 270 3862 685 268 3863 793 271 3864 326 272 3865 685 268 3866 632 281 3867 468 275 3868 629 274 3869 632 281 3870 532 276 3871 468 275 3872 426 261 3873 125 278 3874 56 262 3875 432 277 3876 125 278 3877 468 275 3878 468 275 3879 1039 1037 3880 610 280 3881 580 1038 3882 1039 1037 3883 468 275 3884 743 284 3885 124 282 3886 557 296 3887 557 296 3888 981 285 3889 743 284 3890 133 286 3891 632 281 3892 124 282 3893 125 278 3894 426 261 3895 993 287 3896 497 1039 3897 580 1038 3898 579 279 3899 468 275 3900 579 279 3901 580 1038 3902 50 289 3903 751 290 3904 326 272 3905 997 292 3906 754 1040 3907 993 287 3908 579 279 3909 993 287 3910 754 1040 3911 579 279 3912 754 1040 3913 497 1039 3914 45 297 3915 557 296 3916 996 294 3917 557 296 3918 124 282 3919 996 294 3920 557 296 3921 467 299 3922 981 285 3923 56 262 3924 432 277 3925 535 302 3926 535 302 3927 365 313 3928 56 262 3929 178 303 3930 133 286 3931 404 283 3932 51 300 3933 716 306 3934 761 304 3935 211 301 3936 534 307 3937 276 319 3938 132 263 3939 365 313 3940 379 309 3941 187 310 3942 379 309 3943 283 312 3944 535 302 3945 532 276 3946 598 316 3947 180 308 3948 178 303 3949 958 317 3950 314 321 3951 598 316 3952 276 319 3953 937 318 3954 531 324 3955 991 323 3956 276 319 3957 534 307 3958 705 340 3959 379 309 3960 539 325 3961 427 326 3962 542 327 3963 345 329 3964 470 328 3965 131 331 3966 470 328 3967 433 330 3968 298 320 3969 314 321 3970 542 327 3971 379 309 3972 427 326 3973 428 333 3974 554 332 3975 428 333 3976 429 334 3977 343 337 3978 599 338 3979 991 323 3980 343 337 3981 722 339 3982 599 338 3983 534 307 3984 180 308 3985 599 338 3986 705 340 3987 722 339 3988 345 329 3989 276 319 3990 705 340 3991 542 327 3992 459 342 3993 288 345 3994 558 343 3995 620 352 3996 638 348 3997 615 350 3998 638 348 3999 589 353 4000 585 355 4001 197 346 4002 721 354 4003 558 343 4004 481 356 4005 585 355 4006 144 1041 4007 558 343 4008 172 359 4009 170 357 4010 1040 349 4011 638 348 4012 752 360 4013 481 356 4014 144 1041 4015 88 362 4016 398 404 4017 422 358 4018 447 364 4019 449 367 4020 447 364 4021 422 358 4022 776 368 4023 1041 369 4024 790 370 4025 172 359 4026 752 360 4027 1041 369 4028 790 370 4029 1041 369 4030 752 360 4031 384 363 4032 12 373 4033 481 356 4034 776 368 4035 790 370 4036 742 374 4037 742 374 4038 1042 371 4039 324 375 4040 340 382 4041 173 372 4042 12 373 4043 46 291 4044 324 375 4045 323 376 4046 46 291 4047 751 290 4048 324 375 4049 449 367 4050 50 289 4051 793 271 4052 123 379 4053 412 380 4054 449 367 4055 173 372 4056 340 382 4057 385 378 4058 987 383 4059 1043 1042 4060 385 378 4061 385 378 4062 1043 1042 4063 997 292 4064 7 487 4065 709 386 4066 488 129 4067 421 388 4068 439 391 4069 583 390 4070 305 393 4071 84 395 4072 729 389 4073 43 381 4074 41 650 4075 950 394 4076 43 381 4077 336 385 4078 41 650 4079 13 128 4080 421 388 4081 640 396 4082 447 364 4083 1044 366 4084 398 404 4085 84 395 4086 305 393 4087 1044 366 4088 85 401 4089 628 398 4090 439 391 4091 59 387 4092 85 401 4093 439 391 4094 439 391 4095 421 388 4096 59 387 4097 478 402 4098 62 403 4099 1044 366 4100 169 344 4101 422 358 4102 62 403 4103 169 344 4104 62 403 4105 540 406 4106 540 406 4107 196 1043 4108 169 344 4109 196 1043 4110 459 342 4111 169 344 4112 540 406 4113 670 1044 4114 196 1043 4115 540 406 4116 11 405 4117 670 1044 4118 95 410 4119 454 409 4120 514 408 4121 95 410 4122 514 408 4123 478 402 4124 540 406 4125 62 403 4126 478 402 4127 620 352 4128 641 412 4129 618 1045 4130 523 419 4131 770 1046 4132 505 414 4133 710 418 4134 387 421 4135 523 419 4136 505 414 4137 770 1046 4138 1045 423 4139 198 425 4140 97 415 4141 505 414 4142 613 428 4143 443 432 4144 97 415 4145 309 430 4146 308 429 4147 658 831 4148 90 431 4149 309 430 4150 613 428 4151 654 441 4152 692 437 4153 63 433 4154 90 431 4155 16 438 4156 706 442 4157 613 428 4158 380 809 4159 16 438 4160 693 439 4161 308 429 4162 90 431 4163 63 433 4164 146 435 4165 693 439 4166 199 443 4167 654 441 4168 668 440 4169 90 431 4170 706 442 4171 668 440 4172 281 434 4173 355 447 4174 791 445 4175 281 434 4176 316 448 4177 355 447 4178 689 449 4179 791 445 4180 487 452 4181 60 444 4182 10 446 4183 547 454 4184 18 20 4185 487 452 4186 435 28 4187 658 831 4188 308 429 4189 517 450 4190 985 455 4191 405 3 4192 24 456 4193 543 462 4194 477 459 4195 995 461 4196 658 831 4197 517 450 4198 442 457 4199 146 435 4200 689 449 4201 517 450 4202 32 466 4203 986 465 4204 98 467 4205 399 235 4206 616 469 4207 544 236 4208 103 460 4209 440 458 4210 28 234 4211 34 233 4212 440 458 4213 24 456 4214 405 3 4215 965 470 4216 24 456 4217 575 463 4218 544 236 4219 616 469 4220 81 486 4221 1046 1047 4222 690 472 4223 690 472 4224 1046 1047 4225 419 473 4226 59 387 4227 1047 1048 4228 383 399 4229 419 473 4230 1047 1048 4231 59 387 4232 931 1049 4233 924 475 4234 243 474 4235 436 482 4236 935 478 4237 797 481 4238 924 475 4239 420 1050 4240 927 480 4241 927 480 4242 420 1050 4243 437 1051 4244 927 480 4245 437 1051 4246 1048 483 4247 436 482 4248 350 485 4249 690 472 4250 436 482 4251 690 472 4252 635 149 4253 690 472 4254 3 150 4255 635 149 4256 0 147 4257 935 478 4258 635 149 4259 927 480 4260 438 484 4261 612 488 4262 78 489 4263 366 1052 4264 1049 492 4265 351 496 4266 366 1052 4267 78 489 4268 600 493 4269 78 489 4270 609 494 4271 275 497 4272 964 503 4273 609 494 4274 463 453 4275 142 495 4276 609 494 4277 331 498 4278 1050 1053 4279 142 495 4280 914 500 4281 934 499 4282 933 1054 4283 926 501 4284 780 491 4285 934 499 4286 275 497 4287 955 68 4288 4 502 4289 964 503 4290 8 27 4291 463 453 4292 341 1055 4293 1051 1056 4294 463 453 4295 463 453 4296 1051 1056 4297 331 498 4298 463 453 4299 547 454 4300 341 1055 4301 275 497 4302 926 501 4303 853 506 4304 2 505 4305 364 504 4306 955 68 4307 275 497 4308 853 506 4309 955 68 4310 1052 509 4311 636 1057 4312 512 507 4313 191 508 4314 1053 1058 4315 284 510 4316 512 507 4317 1053 1058 4318 191 508 4319 213 512 4320 471 515 4321 451 513 4322 191 508 4323 377 511 4324 451 513 4325 212 537 4326 190 514 4327 434 1059 4328 190 514 4329 136 516 4330 434 1059 4331 212 537 4332 434 1059 4333 302 518 4334 300 522 4335 327 521 4336 760 520 4337 300 522 4338 760 520 4339 296 523 4340 212 537 4341 302 518 4342 183 525 4343 416 531 4344 499 530 4345 763 532 4346 1052 509 4347 191 508 4348 417 534 4349 191 508 4350 451 513 4351 511 536 4352 212 537 4353 329 538 4354 511 536 4355 212 537 4356 183 525 4357 521 539 4358 183 525 4359 611 541 4360 521 539 4361 611 541 4362 55 544 4363 342 543 4364 183 525 4365 181 528 4366 369 545 4367 453 548 4368 473 535 4369 762 549 4370 348 529 4371 416 531 4372 453 548 4373 215 578 4374 330 552 4375 1054 553 4376 452 551 4377 1054 553 4378 330 552 4379 137 540 4380 134 542 4381 486 555 4382 403 556 4383 346 547 4384 687 557 4385 346 547 4386 789 560 4387 719 558 4388 301 546 4389 278 1060 4390 789 560 4391 789 560 4392 278 1060 4393 1055 561 4394 634 570 4395 189 569 4396 756 571 4397 403 556 4398 687 557 4399 756 571 4400 189 569 4401 684 573 4402 756 571 4403 684 573 4404 403 556 4405 756 571 4406 684 573 4407 653 574 4408 596 572 4409 127 554 4410 486 555 4411 596 572 4412 665 575 4413 1056 1061 4414 328 576 4415 127 554 4416 328 576 4417 472 577 4418 215 578 4419 1054 553 4420 472 577 4421 215 578 4422 214 579 4423 1057 580 4424 577 585 4425 536 586 4426 576 582 4427 215 578 4428 576 582 4429 536 586 4430 126 588 4431 684 573 4432 983 567 4433 684 573 4434 703 589 4435 653 574 4436 595 590 4437 653 574 4438 703 589 4439 127 554 4440 595 590 4441 942 1062 4442 127 554 4443 942 1062 4444 1058 591 4445 533 636 4446 299 562 4447 296 523 4448 533 636 4449 686 592 4450 299 562 4451 74 627 4452 719 558 4453 686 592 4454 74 627 4455 683 593 4456 719 558 4457 135 595 4458 688 568 4459 634 570 4460 982 563 4461 688 568 4462 769 596 4463 415 598 4464 720 566 4465 769 596 4466 57 597 4467 720 566 4468 415 598 4469 979 601 4470 396 605 4471 978 604 4472 174 606 4473 963 608 4474 978 604 4475 969 607 4476 978 604 4477 963 608 4478 336 385 4479 980 610 4480 979 601 4481 980 610 4482 337 288 4483 73 611 4484 415 598 4485 979 601 4486 73 611 4487 401 600 4488 415 598 4489 73 611 4490 174 606 4491 313 613 4492 963 608 4493 940 612 4494 963 608 4495 313 613 4496 48 614 4497 325 615 4498 778 617 4499 450 620 4500 566 621 4501 413 619 4502 566 621 4503 757 624 4504 430 622 4505 177 628 4506 277 594 4507 683 593 4508 175 603 4509 135 595 4510 788 630 4511 175 603 4512 581 602 4513 769 596 4514 174 606 4515 396 605 4516 395 631 4517 394 632 4518 666 633 4519 313 613 4520 174 606 4521 394 632 4522 313 613 4523 176 634 4524 325 615 4525 666 633 4526 759 626 4527 185 625 4528 757 624 4529 176 634 4530 758 635 4531 759 626 4532 177 628 4533 758 635 4534 788 630 4535 394 632 4536 395 631 4537 788 630 4538 179 623 4539 716 306 4540 430 622 4541 533 636 4542 179 623 4543 185 625 4544 185 625 4545 498 629 4546 533 636 4547 652 637 4548 533 636 4549 296 523 4550 652 637 4551 296 523 4552 531 324 4553 531 324 4554 53 305 4555 652 637 4556 971 644 4557 393 618 4558 446 640 4559 715 639 4560 338 645 4561 446 640 4562 715 639 4563 510 647 4564 338 645 4565 376 646 4566 338 645 4567 510 647 4568 510 647 4569 530 649 4570 603 648 4571 541 131 4572 950 394 4573 529 132 4574 969 607 4575 603 648 4576 41 650 4577 651 641 4578 682 651 4579 714 135 4580 962 643 4581 294 156 4582 400 155 4583 413 619 4584 989 652 4585 962 643 4586 45 297 4587 1006 654 4588 990 295 4589 680 656 4590 630 655 4591 171 164 4592 171 164 4593 681 152 4594 680 656 4595 466 162 4596 630 655 4597 1059 658 4598 414 661 4599 1059 658 4600 630 655 4601 680 656 4602 741 660 4603 630 655 4604 966 662 4605 1060 1063 4606 519 663 4607 648 667 4608 626 666 4609 312 767 4610 111 665 4611 647 670 4612 700 668 4613 111 665 4614 455 1064 4615 1061 671 4616 312 767 4617 39 673 4618 648 667 4619 110 664 4620 519 663 4621 1062 674 4622 110 664 4623 941 676 4624 375 678 4625 988 679 4626 375 678 4627 941 676 4628 374 680 4629 155 677 4630 988 679 4631 70 681 4632 349 682 4633 374 680 4634 484 684 4635 411 683 4636 648 667 4637 155 677 4638 484 684 4639 507 672 4640 149 692 4641 939 687 4642 461 686 4643 29 2 4644 972 688 4645 461 686 4646 939 687 4647 746 691 4648 957 690 4649 108 694 4650 957 690 4651 746 691 4652 660 695 4653 957 690 4654 444 693 4655 660 695 4656 444 693 4657 151 237 4658 151 237 4659 303 696 4660 36 256 4661 36 256 4662 303 696 4663 637 255 4664 391 697 4665 637 255 4666 303 696 4667 303 696 4668 663 698 4669 391 697 4670 374 680 4671 391 697 4672 663 698 4673 944 703 4674 957 690 4675 660 695 4676 34 233 4677 660 695 4678 68 232 4679 160 700 4680 713 721 4681 662 706 4682 677 707 4683 747 701 4684 661 705 4685 662 706 4686 661 705 4687 747 701 4688 677 707 4689 564 726 4690 748 702 4691 410 711 4692 551 709 4693 563 708 4694 607 716 4695 489 738 4696 659 710 4697 563 708 4698 659 710 4699 489 738 4700 200 715 4701 149 692 4702 607 716 4703 772 717 4704 108 694 4705 746 691 4706 779 719 4707 663 698 4708 406 718 4709 160 700 4710 590 699 4711 713 721 4712 779 719 4713 713 721 4714 590 699 4715 153 722 4716 200 715 4717 561 714 4718 779 719 4719 108 694 4720 522 723 4721 153 722 4722 674 724 4723 662 706 4724 153 722 4725 551 709 4726 674 724 4727 677 707 4728 495 728 4729 1063 725 4730 677 707 4731 661 705 4732 508 704 4733 483 730 4734 114 727 4735 698 729 4736 551 709 4737 483 730 4738 698 729 4739 410 711 4740 152 731 4741 483 730 4742 150 735 4743 952 734 4744 954 732 4745 563 708 4746 489 738 4747 562 736 4748 26 191 4749 999 737 4750 562 736 4751 31 689 4752 26 191 4753 562 736 4754 461 686 4755 489 738 4756 607 716 4757 951 190 4758 704 740 4759 1004 739 4760 150 735 4761 771 713 4762 1004 739 4763 109 216 4764 69 212 4765 992 733 4766 69 212 4767 485 208 4768 948 742 4769 113 194 4770 509 744 4771 948 742 4772 114 727 4773 509 744 4774 775 745 4775 159 746 4776 495 728 4777 114 727 4778 152 731 4779 948 742 4780 114 727 4781 111 665 4782 748 702 4783 455 1064 4784 37 766 4785 711 1065 4786 701 748 4787 206 747 4788 117 750 4789 164 1066 4790 465 1067 4791 164 1066 4792 117 750 4793 164 1066 4794 465 1067 4795 361 753 4796 207 751 4797 593 755 4798 335 752 4799 164 1066 4800 361 753 4801 335 752 4802 608 757 4803 606 756 4804 650 758 4805 165 754 4806 594 762 4807 392 761 4808 164 1066 4809 335 752 4810 392 761 4811 206 747 4812 164 1066 4813 392 761 4814 37 766 4815 700 668 4816 647 670 4817 206 747 4818 626 666 4819 700 668 4820 312 767 4821 626 666 4822 322 764 4823 206 747 4824 322 764 4825 626 666 4826 208 770 4827 110 664 4828 739 769 4829 118 765 4830 210 763 4831 319 768 4832 209 776 4833 490 774 4834 552 773 4835 168 759 4836 552 773 4837 608 757 4838 210 763 4839 594 762 4840 496 771 4841 362 772 4842 166 777 4843 445 778 4844 208 770 4845 949 780 4846 1064 782 4847 208 770 4848 945 783 4849 1000 784 4850 1000 784 4851 1065 785 4852 110 664 4853 118 765 4854 739 769 4855 39 673 4856 167 775 4857 786 786 4858 496 771 4859 167 775 4860 750 788 4861 786 786 4862 321 215 4863 491 794 4864 107 791 4865 469 221 4866 201 222 4867 605 792 4868 476 223 4869 480 795 4870 649 796 4871 462 798 4872 622 225 4873 389 797 4874 116 220 4875 389 797 4876 622 225 4877 202 224 4878 622 225 4879 588 799 4880 943 801 4881 462 798 4882 649 796 4883 649 796 4884 424 802 4885 397 800 4886 605 792 4887 479 804 4888 492 803 4889 32 466 4890 943 801 4891 938 464 4892 107 791 4893 973 807 4894 946 806 4895 968 793 4896 952 734 4897 672 187 4898 321 215 4899 773 214 4900 491 794 4901 408 814 4902 21 119 4903 475 811 4904 644 177 4905 667 813 4906 475 811 4907 676 816 4908 408 814 4909 667 813 4910 475 811 4911 17 120 4912 1037 169 4913 61 168 4914 475 811 4915 1037 169 4916 728 1036 4917 642 812 4918 61 168 4919 642 812 4920 571 176 4921 644 177 4922 645 815 4923 667 813 4924 372 184 4925 667 813 4926 644 177 4927 372 184 4928 99 817 4929 676 816 4930 745 178 4931 676 816 4932 645 815 4933 745 178 4934 94 95 4935 64 97 4936 408 814 4937 443 432 4938 1067 819 4939 97 415 4940 97 415 4941 1067 819 4942 147 413 4943 101 818 4944 1066 820 4945 147 413 4946 506 416 4947 1066 820 4948 101 818 4949 101 818 4950 560 417 4951 506 416 4952 370 821 4953 387 421 4954 710 418 4955 370 821 4956 287 1068 4957 382 822 4958 604 823 4959 710 418 4960 560 417 4961 145 1069 4962 370 821 4963 504 825 4964 98 467 4965 731 471 4966 733 826 4967 616 469 4968 604 823 4969 560 417 4970 543 462 4971 575 463 4972 1067 819 4973 101 818 4974 1067 819 4975 575 463 4976 1067 819 4977 494 830 4978 736 829 4979 477 459 4980 736 829 4981 494 830 4982 442 457 4983 494 830 4984 658 831 4985 58 833 4986 1010 834 4987 453 548 4988 192 550 4989 577 585 4990 1009 832 4991 75 835 4992 1001 836 4993 1009 832 4994 215 578 4995 536 586 4996 330 552 4997 473 535 4998 329 538 4999 330 552 5000 95 410 5001 643 838 5002 503 411 5003 583 390 5004 95 410 5005 478 402 5006 554 332 5007 1005 839 5008 1068 840 5009 792 842 5010 554 332 5011 128 841 5012 128 841 5013 740 843 5014 792 842 5015 633 266 5016 186 311 5017 792 842 5018 792 842 5019 998 564 5020 57 597 5021 182 844 5022 633 266 5023 57 597 5024 182 844 5025 1011 599 5026 401 600 5027 73 611 5028 1007 270 5029 401 600 5030 73 611 5031 337 288 5032 1007 270 5033</p>
        </triangles>
        <triangles material="RobeLower-material" count="351">
          <input semantic="VERTEX" source="#GanondorfRobe_LOD1-mesh-vertices" offset="0"/>
          <input semantic="NORMAL" source="#GanondorfRobe_LOD1-mesh-normals" offset="1"/>
          <input semantic="TEXCOORD" source="#GanondorfRobe_LOD1-mesh-map-0" offset="2" set="0"/>
          <p>274 845 2757 859 846 2758 1022 847 2759 1022 847 2760 859 846 2761 1069 848 2762 1022 847 2763 1019 849 2764 274 845 2765 241 850 2766 1019 849 2767 881 851 2768 910 852 2769 1069 848 2770 1025 853 2771 1025 853 2772 859 846 2773 260 854 2774 894 855 2775 1025 853 2776 260 854 2777 1025 853 2778 894 855 2779 252 856 2780 891 857 2781 1025 853 2782 252 856 2783 891 857 2784 1015 858 2785 235 859 2786 1015 858 2787 1023 860 2788 235 859 2789 236 861 2790 1015 858 2791 266 862 2792 249 863 2793 1070 864 2794 234 865 2795 1021 866 2796 897 867 2797 886 868 2798 886 868 2799 810 869 2800 1021 866 2801 249 863 2802 886 868 2803 811 870 2804 249 863 2805 811 870 2806 804 871 2807 810 869 2808 817 872 2809 830 873 2810 817 872 2811 810 869 2812 249 863 2813 810 869 2814 872 874 2815 1021 866 2816 872 874 2817 830 873 2818 217 875 2819 1031 876 2820 867 877 2821 232 878 2822 1032 879 2823 1031 876 2824 232 878 2825 1031 876 2826 897 867 2827 1021 866 2828 232 878 2829 1029 880 2830 1032 879 2831 830 873 2832 839 881 2833 217 875 2834 830 873 2835 808 882 2836 216 479 2837 808 882 2838 797 481 2839 216 479 2840 1027 883 2841 232 878 2842 233 884 2843 853 506 2844 854 885 2845 2 505 2846 926 501 2847 854 885 2848 853 506 2849 854 885 2850 849 886 2851 2 505 2852 849 886 2853 1030 887 2854 2 505 2855 2 505 2856 1030 887 2857 850 66 2858 264 888 2859 837 889 2860 854 885 2861 837 889 2862 903 890 2863 854 885 2864 903 890 2865 837 889 2866 240 891 2867 240 891 2868 882 892 2869 903 890 2870 906 893 2871 903 890 2872 882 892 2873 1030 887 2874 1018 894 2875 229 895 2876 1018 894 2877 228 896 2878 229 895 2879 1018 894 2880 846 897 2881 228 896 2882 906 893 2883 1026 898 2884 1018 894 2885 238 899 2886 1024 900 2887 269 901 2888 1014 902 2889 238 899 2890 239 903 2891 819 904 2892 239 903 2893 1026 898 2894 272 905 2895 813 906 2896 889 907 2897 882 892 2898 1075 908 2899 901 909 2900 803 910 2901 809 911 2902 265 912 2903 809 911 2904 803 910 2905 270 913 2906 809 911 2907 1028 914 2908 265 912 2909 809 911 2910 876 915 2911 230 916 2912 270 913 2913 876 915 2914 809 911 2915 876 915 2916 840 917 2917 230 916 2918 842 918 2919 876 915 2920 247 919 2921 842 918 2922 836 920 2923 879 921 2924 836 920 2925 842 918 2926 247 919 2927 821 922 2928 836 920 2929 261 923 2930 840 917 2931 884 924 2932 230 916 2933 818 925 2934 840 917 2935 879 921 2936 840 917 2937 912 926 2938 884 924 2939 879 921 2940 836 920 2941 821 922 2942 879 921 2943 821 922 2944 818 925 2945 921 927 2946 919 928 2947 218 929 2948 921 927 2949 798 930 2950 821 922 2951 821 922 2952 798 930 2953 242 931 2954 913 932 2955 818 925 2956 242 931 2957 259 933 2958 912 926 2959 913 932 2960 915 934 2961 912 926 2962 259 933 2963 915 934 2964 1023 860 2965 884 924 2966 1028 914 2967 1023 860 2968 1015 858 2969 1023 860 2970 1028 914 2971 230 916 2972 824 935 2973 1015 858 2974 236 861 2975 1028 914 2976 824 935 2977 265 912 2978 910 852 2979 915 934 2980 259 933 2981 893 936 2982 910 852 2983 259 933 2984 913 932 2985 827 937 2986 870 938 2987 246 939 2988 865 940 2989 870 938 2990 913 932 2991 865 940 2992 259 933 2993 870 938 2994 863 941 2995 246 939 2996 1069 848 2997 892 942 2998 1022 847 2999 237 943 3000 892 942 3001 902 944 3002 812 945 3003 892 942 3004 1069 848 3005 902 944 3006 893 936 3007 878 946 3008 878 946 3009 893 936 3010 259 933 3011 883 947 3012 878 946 3013 864 948 3014 878 946 3015 883 947 3016 902 944 3017 864 948 3018 865 940 3019 246 939 3020 800 949 3021 866 950 3022 844 951 3023 844 951 3024 866 950 3025 816 952 3026 863 941 3027 866 950 3028 246 939 3029 838 953 3030 866 950 3031 863 941 3032 858 954 3033 838 953 3034 851 955 3035 890 956 3036 851 955 3037 870 938 3038 827 937 3039 890 956 3040 870 938 3041 827 937 3042 242 931 3043 890 956 3044 807 957 3045 858 954 3046 253 958 3047 807 957 3048 838 953 3049 858 954 3050 246 939 3051 877 959 3052 864 948 3053 883 947 3054 877 959 3055 1076 960 3056 902 944 3057 874 961 3058 237 943 3059 1076 960 3060 874 961 3061 883 947 3062 807 957 3063 255 962 3064 838 953 3065 253 958 3066 255 962 3067 807 957 3068 911 963 3069 899 964 3070 267 965 3071 899 964 3072 911 963 3073 268 966 3074 907 967 3075 899 964 3076 237 943 3077 907 967 3078 1076 960 3079 251 968 3080 874 961 3081 907 967 3082 237 943 3083 1076 960 3084 829 969 3085 251 968 3086 829 969 3087 877 959 3088 895 970 3089 801 971 3090 800 949 3091 226 972 3092 800 949 3093 801 971 3094 895 970 3095 226 972 3096 800 949 3097 844 951 3098 843 973 3099 844 951 3100 816 952 3101 226 972 3102 843 973 3103 245 974 3104 255 962 3105 843 973 3106 816 952 3107 843 973 3108 225 83 3109 245 974 3110 255 962 3111 799 84 3112 225 83 3113 815 975 3114 245 974 3115 263 976 3116 928 70 3117 852 977 3118 245 974 3119 222 63 3120 852 977 3121 928 70 3122 245 974 3123 515 71 3124 928 70 3125 895 970 3126 871 978 3127 829 969 3128 227 979 3129 895 970 3130 801 971 3131 802 980 3132 801 971 3133 226 972 3134 832 981 3135 802 980 3136 263 976 3137 802 980 3138 832 981 3139 869 982 3140 815 975 3141 802 980 3142 226 972 3143 852 977 3144 222 63 3145 262 983 3146 224 984 3147 917 985 3148 223 65 3149 223 65 3150 917 985 3151 222 63 3152 917 985 3153 228 896 3154 262 983 3155 229 895 3156 228 896 3157 917 985 3158 263 976 3159 823 986 3160 832 981 3161 861 987 3162 227 979 3163 869 982 3164 862 988 3165 898 989 3166 250 990 3167 227 979 3168 898 989 3169 862 988 3170 227 979 3171 862 988 3172 871 978 3173 862 988 3174 831 991 3175 251 968 3176 250 990 3177 1077 992 3178 862 988 3179 251 968 3180 831 991 3181 805 993 3182 262 983 3183 846 897 3184 822 994 3185 846 897 3186 262 983 3187 228 896 3188 823 986 3189 262 983 3190 822 994 3191 822 994 3192 832 981 3193 823 986 3194 832 981 3195 822 994 3196 238 899 3197 238 899 3198 825 995 3199 832 981 3200 861 987 3201 825 995 3202 898 989 3203 238 899 3204 900 996 3205 825 995 3206 900 996 3207 238 899 3208 269 901 3209 900 996 3210 908 997 3211 250 990 3212 848 998 3213 900 996 3214 269 901 3215 239 903 3216 238 899 3217 822 994 3218 907 967 3219 847 999 3220 267 965 3221 251 968 3222 847 999 3223 907 967 3224 892 942 3225 881 851 3226 1022 847 3227 899 964 3228 892 942 3229 237 943 3230 268 966 3231 892 942 3232 899 964 3233 243 474 3234 244 476 3235 256 1000 3236 841 1001 3237 256 1000 3238 817 872 3239 854 885 3240 926 501 3241 264 888 3242 855 1002 3243 257 1003 3244 826 1004 3245 253 958 3246 814 82 3247 799 84 3248 858 954 3249 257 1003 3250 806 1005 3251 826 1004 3252 257 1003 3253 242 931 3254 798 930 3255 826 1004 3256 242 931 3257 826 1004 3258 798 930 3259 855 1002 3260 921 927 3261 868 1006 3262 798 930 3263 218 929 3264 868 1006 3265 921 927 3266 835 1007 3267 909 1008 3268 218 929 3269 806 1005 3270 254 86 3271 253 958 3272 254 86 3273 806 1005 3274 845 1009 3275 845 1009 3276 855 1002 3277 221 1010 3278 868 1006 3279 258 1011 3280 855 1002 3281 218 929 3282 857 1012 3283 868 1006 3284 909 1008 3285 856 1013 3286 857 1012 3287 860 1014 3288 1020 1015 3289 856 1013 3290 1020 1015 3291 873 1016 3292 872 874 3293 217 875 3294 1020 1015 3295 872 874 3296 1016 1017 3297 1020 1015 3298 217 875 3299 1016 1017 3300 905 139 3301 796 143 3302 219 144 3303 1020 1015 3304 796 143 3305 856 1013 3306 1020 1015 3307 219 144 3308 856 1013 3309 219 144 3310 258 1011 3311 219 144 3312 833 142 3313 258 1011 3314 221 1010 3315 258 1011 3316 923 141 3317 76 88 3318 845 1009 3319 221 1010 3320 845 1009 3321 76 88 3322 254 86 3323 873 1016 3324 1031 876 3325 872 874 3326 867 877 3327 918 1018 3328 232 878 3329 834 1019 3330 867 877 3331 873 1016 3332 231 1020 3333 918 1018 3334 834 1019 3335 232 878 3336 918 1018 3337 233 884 3338 231 1020 3339 820 1021 3340 918 1018 3341 248 1022 3342 820 1021 3343 922 1023 3344 918 1018 3345 820 1021 3346 233 884 3347 820 1021 3348 1017 1024 3349 233 884 3350 1033 1025 3351 820 1021 3352 248 1022 3353 248 1022 3354 1080 1026 3355 1033 1025 3356 248 1022 3357 922 1023 3358 887 1027 3359 896 1028 3360 231 1020 3361 834 1019 3362 909 1008 3363 834 1019 3364 860 1014 3365 835 1007 3366 834 1019 3367 909 1008 3368 835 1007 3369 896 1028 3370 834 1019 3371 919 928 3372 896 1028 3373 835 1007 3374 920 1029 3375 896 1028 3376 919 928 3377 828 1030 3378 887 1027 3379 920 1029 3380 828 1030 3381 875 1031 3382 887 1027 3383 247 919 3384 875 1031 3385 828 1030 3386 887 1027 3387 875 1031 3388 248 1022 3389 885 1032 3390 875 1031 3391 247 919 3392 904 1033 3393 876 915 3394 270 913 3395 247 919 3396 904 1033 3397 880 1034 3398 920 1029 3399 919 928 3400 261 923 3401 828 1030 3402 920 1029 3403 261 923 3404 247 919 3405 828 1030 3406 836 920 3407 1022 847 5034 881 851 5035 1019 849 5036 910 852 5037 812 945 5038 1069 848 5039 1025 853 5040 1069 848 5041 859 846 5042 910 852 5043 1025 853 5044 235 859 5045 891 857 5046 235 859 5047 1025 853 5048 273 1070 5049 1015 858 5050 891 857 5051 273 1070 5052 266 862 5053 1015 858 5054 249 863 5055 804 871 5056 1070 864 5057 271 1071 5058 811 870 5059 886 868 5060 249 863 5061 810 869 5062 886 868 5063 810 869 5064 830 873 5065 872 874 5066 1031 876 5067 1021 866 5068 872 874 5069 1032 879 5070 1071 1072 5071 1031 876 5072 1031 876 5073 1071 1072 5074 897 867 5075 216 479 5076 839 881 5077 830 873 5078 830 873 5079 817 872 5080 808 882 5081 244 476 5082 797 481 5083 808 882 5084 232 878 5085 1072 1073 5086 1029 880 5087 1027 883 5088 1072 1073 5089 232 878 5090 849 886 5091 854 885 5092 903 890 5093 903 890 5094 906 893 5095 849 886 5096 1018 894 5097 849 886 5098 906 893 5099 1030 887 5100 849 886 5101 1018 894 5102 1018 894 5103 1026 898 5104 846 897 5105 846 897 5106 1026 898 5107 239 903 5108 1026 898 5109 906 893 5110 813 906 5111 882 892 5112 813 906 5113 906 893 5114 238 899 5115 1073 1074 5116 1024 900 5117 1014 902 5118 1073 1074 5119 238 899 5120 239 903 5121 1013 1075 5122 1014 902 5123 239 903 5124 1074 1076 5125 1013 1075 5126 819 904 5127 1074 1076 5128 239 903 5129 1026 898 5130 813 906 5131 819 904 5132 882 892 5133 889 907 5134 813 906 5135 882 892 5136 901 909 5137 889 907 5138 882 892 5139 240 891 5140 1075 908 5141 230 916 5142 1028 914 5143 809 911 5144 879 921 5145 840 917 5146 842 918 5147 876 915 5148 842 918 5149 840 917 5150 921 927 5151 821 922 5152 261 923 5153 818 925 5154 912 926 5155 840 917 5156 261 923 5157 919 928 5158 921 927 5159 242 931 5160 818 925 5161 821 922 5162 913 932 5163 912 926 5164 818 925 5165 884 924 5166 912 926 5167 915 934 5168 230 916 5169 884 924 5170 1023 860 5171 915 934 5172 235 859 5173 1023 860 5174 824 935 5175 1028 914 5176 1015 858 5177 235 859 5178 915 934 5179 910 852 5180 893 936 5181 812 945 5182 910 852 5183 242 931 5184 827 937 5185 913 932 5186 870 938 5187 865 940 5188 913 932 5189 863 941 5190 870 938 5191 851 955 5192 851 955 5193 838 953 5194 863 941 5195 812 945 5196 902 944 5197 892 942 5198 812 945 5199 893 936 5200 902 944 5201 259 933 5202 865 940 5203 878 946 5204 864 948 5205 878 946 5206 865 940 5207 800 949 5208 246 939 5209 866 950 5210 838 953 5211 816 952 5212 866 950 5213 851 955 5214 890 956 5215 858 954 5216 895 970 5217 877 959 5218 246 939 5219 800 949 5220 895 970 5221 246 939 5222 864 948 5223 877 959 5224 883 947 5225 902 944 5226 883 947 5227 874 961 5228 253 958 5229 799 84 5230 255 962 5231 816 952 5232 838 953 5233 255 962 5234 267 965 5235 899 964 5236 907 967 5237 874 961 5238 1076 960 5239 907 967 5240 877 959 5241 829 969 5242 1076 960 5243 226 972 5244 844 951 5245 843 973 5246 843 973 5247 255 962 5248 225 83 5249 226 972 5250 245 974 5251 815 975 5252 263 976 5253 245 974 5254 852 977 5255 245 974 5256 225 83 5257 515 71 5258 251 968 5259 829 969 5260 871 978 5261 895 970 5262 227 979 5263 871 978 5264 869 982 5265 227 979 5266 802 980 5267 801 971 5268 802 980 5269 227 979 5270 263 976 5271 802 980 5272 815 975 5273 823 986 5274 263 976 5275 852 977 5276 823 986 5277 852 977 5278 262 983 5279 262 983 5280 222 63 5281 917 985 5282 227 979 5283 861 987 5284 898 989 5285 251 968 5286 871 978 5287 862 988 5288 862 988 5289 1077 992 5290 831 991 5291 250 990 5292 888 1077 5293 1077 992 5294 846 897 5295 239 903 5296 822 994 5297 861 987 5298 869 982 5299 825 995 5300 832 981 5301 825 995 5302 869 982 5303 250 990 5304 898 989 5305 825 995 5306 250 990 5307 825 995 5308 900 996 5309 900 996 5310 1078 1078 5311 908 997 5312 848 998 5313 1078 1078 5314 900 996 5315 250 990 5316 908 997 5317 888 1077 5318 251 968 5319 805 993 5320 847 999 5321 268 966 5322 881 851 5323 892 942 5324 817 872 5325 256 1000 5326 808 882 5327 244 476 5328 808 882 5329 256 1000 5330 817 872 5331 234 865 5332 841 1001 5333 249 863 5334 234 865 5335 817 872 5336 914 500 5337 264 888 5338 926 501 5339 253 958 5340 858 954 5341 806 1005 5342 858 954 5343 890 956 5344 257 1003 5345 890 956 5346 242 931 5347 257 1003 5348 855 1002 5349 798 930 5350 868 1006 5351 857 1012 5352 218 929 5353 909 1008 5354 253 958 5355 254 86 5356 814 82 5357 257 1003 5358 845 1009 5359 806 1005 5360 257 1003 5361 855 1002 5362 845 1009 5363 221 1010 5364 855 1002 5365 258 1011 5366 868 1006 5367 857 1012 5368 258 1011 5369 258 1011 5370 857 1012 5371 856 1013 5372 860 1014 5373 873 1016 5374 1020 1015 5375 1016 1017 5376 796 143 5377 1020 1015 5378 220 145 5379 905 139 5380 1016 1017 5381 258 1011 5382 833 142 5383 923 141 5384 860 1014 5385 856 1013 5386 909 1008 5387 1031 876 5388 873 1016 5389 867 877 5390 834 1019 5391 918 1018 5392 867 877 5393 231 1020 5394 922 1023 5395 820 1021 5396 820 1021 5397 1079 1079 5398 1017 1024 5399 1033 1025 5400 1079 1079 5401 820 1021 5402 248 1022 5403 916 1080 5404 1080 1026 5405 896 1028 5406 887 1027 5407 922 1023 5408 896 1028 5409 922 1023 5410 231 1020 5411 873 1016 5412 860 1014 5413 834 1019 5414 896 1028 5415 920 1029 5416 887 1027 5417 248 1022 5418 875 1031 5419 916 1080 5420 885 1032 5421 916 1080 5422 875 1031 5423 247 919 5424 880 1034 5425 885 1032 5426 247 919 5427 876 915 5428 904 1033 5429 218 929 5430 919 928 5431 835 1007 5432 261 923 5433 836 920 5434 828 1030 5435</p>
        </triangles>
      </mesh>
    </geometry>
  </library_geometries>
  <library_controllers>
    <controller id="GanondorfRig_GanondorfRobe_LOD1-skin" name="GanondorfRig">
      <skin source="#GanondorfRobe_LOD1-mesh">
        <bind_shape_matrix>1 0 0 0 0 1 0 0 0 0 1 0 0 0 0 1</bind_shape_matrix>
        <source id="GanondorfRig_GanondorfRobe_LOD1-skin-joints">
          <Name_array id="GanondorfRig_GanondorfRobe_LOD1-skin-joints-array" count="27">BELLY mTorso RIGHT_HANDLE LEFT_HANDLE mPelvis PELVIS CHEST mChest RIGHT_PEC LEFT_PEC R_CLAVICLE mCollarRight L_CLAVICLE mCollarLeft mShoulderLeft L_UPPER_ARM L_LOWER_ARM mElbowLeft mShoulderRight R_UPPER_ARM mElbowRight R_LOWER_ARM BUTT mHipRight R_UPPER_LEG mHipLeft L_UPPER_LEG</Name_array>
          <technique_common>
            <accessor source="#GanondorfRig_GanondorfRobe_LOD1-skin-joints-array" count="27" stride="1">
              <param name="JOINT" type="name"/>
            </accessor>
          </technique_common>
        </source>
        <source id="GanondorfRig_GanondorfRobe_LOD1-skin-bind_poses">
          <float_array id="GanondorfRig_GanondorfRobe_LOD1-skin-bind_poses-array" count="432">1 0 0 -0.02799999 0 1 0 0 0 0 1 -1.191 0 0 0 1 1 0 0 0 0 1 0 0 0 0 1 -1.151 0 0 0 1 1 0 0 0 0 1 0 0.09999996 0 0 1 -1.209 0 0 0 1 1 0 0 0 0 1 0 -0.1 0 0 1 -1.209 0 0 0 1 1 0 0 0 0 1 0 0 0 0 1 -1.067 0 0 0 1 1 0 0 0.00999999 0 1 0 0 0 0 1 -1.047 0 0 0 1 1 0 0 -0.01299995 0 1 0 0 0 0 1 -1.426 0 0 0 1 1 0 0 0.01499998 0 1 0 0 0 0 1 -1.356 0 0 0 1 1 0 0 -0.104 0 1 0 0.08199995 0 0 1 -1.398 0 0 0 1 1 0 0 -0.104 0 1 0 -0.08199995 0 0 1 -1.398 0 0 0 1 1 0 0 0.01599997 0 1 0 0.08499997 0 0 1 -1.541 0 0 0 1 1 0 0 0.03599995 0 1 0 0.08499997 0 0 1 -1.521 0 0 0 1 1 0 0 0.01599997 0 1 0 -0.08499997 0 0 1 -1.541 0 0 0 1 1 0 0 0.03599995 0 1 0 -0.08499997 0 0 1 -1.521 0 0 0 1 1 0 0 0.03599995 0 1 0 -0.164 0 0 1 -1.521 0 0 0 1 1 0 0 0.03599995 0 1 0 -0.284 0 0 1 -1.531 0 0 0 1 1 0 0 0.03599995 0 1 0 -0.512 0 0 1 -1.521 0 0 0 1 1 0 0 0.03599995 0 1 0 -0.412 0 0 1 -1.521 0 0 0 1 1 0 0 0.03599995 0 1 0 0.164 0 0 1 -1.521 0 0 0 1 1 0 0 0.03599995 0 1 0 0.284 0 0 1 -1.531 0 0 0 1 1 0 0 0.03599995 0 1 0 0.412 0 0 1 -1.521 0 0 0 1 1 0 0 0.03599995 0 0.9999999 0 0.512 0 0 1 -1.521 0 0 0 1 1 0 0 0.06 0 1 0 0 0 0 1 -0.967 0 0 0 1 1 0 0 -0.03399997 0 1 0 0.129 0 0 1 -1.026 0 0 0 1 1 0 0 -0.01399999 0 1 0 0.07899999 0 0 1 -0.806 0 0 0 1 1 0 0 -0.03399997 0 1 0 -0.127 0 0 1 -1.026 0 0 0 1 1 0 0 -0.01399999 0 1 0 -0.07699996 0 0 1 -0.806 0 0 0 1</float_array>
          <technique_common>
            <accessor source="#GanondorfRig_GanondorfRobe_LOD1-skin-bind_poses-array" count="27" stride="16">
              <param name="TRANSFORM" type="float4x4"/>
            </accessor>
          </technique_common>
        </source>
        <source id="GanondorfRig_GanondorfRobe_LOD1-skin-weights">
          <float_array id="GanondorfRig_GanondorfRobe_LOD1-skin-weights-array" count="3447">0.5 0.4638352 0.03616476 0.5 0.4638352 0.03616476 0.07991015 0.05827975 0.4309051 0.4309051 0.5 0.5 0.5000001 0.4975966 0.002403438 0.4898352 0.4898352 0.01016473 0.01016473 0.5 0.5 0.3101506 0.3101506 0.1898494 0.1898494 0.3200532 0.3200532 0.1799468 0.1799468 0.009741306 0.009741306 0.4902587 0.4902587 0.5 0.5 0.5 0.4965082 0.003491759 0.5 0.5 0.5 0.5 0.5 0.5 0.5 0.5 0.5 0.495754 0.004245936 0.4998611 0.4998611 1.38892e-4 1.38892e-4 0.5 0.5 0.5 0.5 0.4944162 0.4944162 0.005583763 0.005583763 0.5 0.5 0.3739882 0.3739882 0.1260117 0.1260117 0.25 0.25 0.25 0.25 0.1792076 0.1792076 0.3207924 0.3207924 0.5 0.5 0.5 0.5 0.4749999 0.4749999 0.02500009 0.02500009 0.3713514 0.3713514 0.1286486 0.1286486 0.4000001 0.4000001 0.0999999 0.0999999 0.4000001 0.4000001 0.0999999 0.0999999 0.4000001 0.4000001 0.0999999 0.0999999 0.3550019 0.3550019 0.1449981 0.1449981 0.3499999 0.3499999 0.15 0.15 0.2949624 0.2949624 0.2050377 0.2050377 0.2 0.2 0.3 0.3 0.01324671 0.01324671 0.4867532 0.4867532 0.5 0.5 0.5 0.5 0.4312366 0.4312366 0.06876337 0.06876337 0.5 0.5 0.4338005 0.4338005 0.06619954 0.06619954 0.25 0.25 0.25 0.25 0.1799193 0.1799193 0.3200807 0.3200807 0.5 0.5 0.4749999 0.4749999 0.02500009 0.02500009 0.442359 0.442359 0.05764102 0.05764102 0.4000001 0.4000001 0.0999999 0.0999999 0.4000001 0.4000001 0.0999999 0.0999999 0.380373 0.380373 0.119627 0.119627 0.4639872 0.4639872 0.0360127 0.0360127 0.1999998 0.1999998 0.3000002 0.3000002 0.5 0.5 0.02334457 0.02334457 0.4766554 0.4766554 0.5 0.5 0.5 0.5 0.0306515 0.0306515 0.4693485 0.4693485 0.003266155 0.003266155 0.4967338 0.4967338 0.5 0.5 0.004070758 0.004070758 0.4959292 0.4959292 0.5 0.5 0.5 0.5 0.5 0.5 0.5 0.5 0.5 0.5 0.5 0.5 0.279976 0.279976 0.220024 0.220024 0.09551447 0.09551447 0.4044855 0.4044855 0.1943112 0.1943112 0.3056888 0.3056888 0.02078759 0.02078759 0.4792124 0.4792124 0.5 0.5 0.5 0.5 0.3654927 0.3654927 0.1345074 0.1345074 0.1978161 0.1978161 0.3021839 0.3021839 0.008055627 0.008055627 0.4919443 0.4919443 0.5 0.5 0.2953867 0.2953867 0.2046132 0.2046132 0.4981733 0.4849114 0.01293826 0.003976941 0.5 0.4902433 0.009756684 0.5 0.5 0.4996467 0.4996467 3.53354e-4 3.53354e-4 0.27149 0.27149 0.2285099 0.2285099 0.25 0.25 0.25 0.25 0.5 0.5 0.436401 0.436401 0.06359893 0.06359893 0.5 0.4999972 2.80036e-6 0.5 0.5 0.5 0.5 0.5 0.5 0.5 0.5 0.5 0.5 0.02620863 0.02620863 0.4737914 0.4737914 0.5 0.5 0.4467552 0.4467552 0.05324482 0.05324482 0.5 0.5 0.5 0.5 0.5 0.5 0.3652277 0.3652277 0.1347723 0.1347723 0.1767646 0.1767646 0.3232353 0.3232353 0.25 0.25 0.25 0.25 0.1986256 0.1986256 0.3013744 0.3013744 0.25 0.25 0.25 0.25 0.5 0.5 0.5 0.5 0.5 0.5 0.008754193 0.008754193 0.4912458 0.4912458 0.5 0.5 0.2359308 0.2359308 0.2640692 0.2640692 0.1474401 0.1474401 0.3525599 0.3525599 0.06887751 0.06887751 0.4311224 0.4311224 0.1978529 0.1978529 0.302147 0.302147 0.5 0.5 0.001359045 0.001359045 0.4986409 0.4986409 0.5 0.5 0.5 0.5 0.5 0.5 0.001060783 0.001060783 0.4989392 0.4989392 0.4000001 0.4000001 0.0999999 0.0999999 0.1839446 0.1839446 0.3160554 0.3160554 0.5 0.5 0.007169723 0.007169723 0.4928302 0.4928302 0.5 0.5 0.5 0.5 0.5 0.5 0.2586949 0.2586949 0.2413051 0.2413051 0.1365553 0.1365553 0.3634448 0.3634448 0.5 0.5 0.277262 0.277262 0.2227379 0.2227379 0.5 0.5 0.5 0.5 0.5 0.5 0.5 0.5 0.00436896 0.00436896 0.495631 0.495631 0.02334666 0.02334666 0.4766533 0.4766533 0.475028 0.475028 0.0249719 0.0249719 0.007077515 0.007077515 0.4929224 0.4929224 0.394923 0.394923 0.105077 0.105077 0.1654849 0.1654849 0.3345151 0.3345151 0.5 0.5 0.5 0.4999788 2.11586e-5 0.4243131 0.4243131 0.07568687 0.07568687 0.3253056 0.3253056 0.1746944 0.1746944 0.2713791 0.2713791 0.2286209 0.2286209 0.4925079 0.4925079 0.007492065 0.007492065 0.5 0.5 0.5 0.5 0.4995844 0.4995844 4.1558e-4 4.1558e-4 0.25 0.25 0.25 0.25 0.06267768 0.06267768 0.4373223 0.4373223 0.3142422 0.3142422 0.1857578 0.1857578 0.1857512 0.1857512 0.3142488 0.3142488 0.0867446 0.0867446 0.4132554 0.4132554 0.04162973 0.04162973 0.4583702 0.4583702 0.04999995 0.04999995 0.4500001 0.4500001 0.5 0.5 0.5 0.5 0.5 0.5 0.5 0.5 0.5 0.5 0.5 0.5 0.5 0.5 0.5 0.5 0.5 0.5 0.5 0.5 0.3346174 0.3346174 0.1653825 0.1653825 0.0999999 0.0999999 0.4000001 0.4000001 0.5 0.5 0.5 0.5 0.5 0.5 0.4720966 0.4720966 0.02790331 0.02790331 0.3485935 0.3485935 0.1514065 0.1514065 0.1913098 0.1913098 0.3086901 0.3086901 0.3026102 0.3026101 0.1973897 0.1973897 0.2590614 0.2590614 0.2409386 0.2409386 0.3499999 0.3499999 0.15 0.15 0.184579 0.184579 0.3154209 0.3154209 0.194499 0.194499 0.305501 0.305501 0.05000019 0.05000019 0.4499998 0.4499998 0.03188025 0.03188025 0.4681198 0.4681198 0.08785349 0.08785349 0.4121465 0.4121465 0.5 0.5 0.5 0.5 0.0070706 0.0070706 0.4929294 0.4929294 0.4903126 0.4903126 0.009687304 0.009687304 0.5 0.5 0.03902894 0.03902894 0.4609711 0.4609711 0.5 0.5 0.5 0.5 0.5 0.5 0.5 0.5 0.2949579 0.2949579 0.205042 0.205042 0.07893115 0.07893115 0.4210689 0.4210689 0.5 0.5 0.5 0.5 0.5 0.5 0.5 0.5 0.5 0.5 0.5 0.5 0.5 0.5 0.5 0.5 0.1921703 0.1921703 0.3078297 0.3078297 0.1374052 0.1374052 0.3625948 0.3625948 0.09201079 0.09201079 0.4079893 0.4079893 0.1331245 0.1331245 0.3668755 0.3668755 0.1137068 0.1137068 0.3862932 0.3862932 0.5 0.5 0.4000001 0.4000001 0.0999999 0.0999999 0.0999999 0.0999999 0.4000001 0.4000001 0.5 0.5 0.5 0.5 0.5 0.5 0.5 0.5 0.4000001 0.4000001 0.0999999 0.0999999 0.0999999 0.0999999 0.4000001 0.4000001 0.5 0.5 0.5 0.5 0.01935476 0.01411575 0.4832647 0.4832647 0.5 0.5 0.3594571 0.5 0.1405429 0.02129852 0.02098572 0.4788579 0.4788579 0.5 0.5 0.008633553 0.008633553 0.4913664 0.4913664 0.009528577 0.008893191 0.4907891 0.4907891 0.5 0.5 0.5 0.5 0.5 0.5 0.3695039 0.5000001 0.1304961 0.1491353 0.5 0.3508647 0.5 0.5 0.5 0.5 0.2651115 0.4736842 0.2085726 0.05263155 0.1752275 0.4617105 0.2864829 0.07657903 0.1281422 0.1281422 0.3718578 0.3718578 0.1 0.1 0.4 0.4 0.07695668 0.07695668 0.4230433 0.4230433 0.0386151 0.01284235 0.4742712 0.4742712 0.5 0.5 0.2651116 0.4736843 0.2085726 0.05263149 0.1493343 0.2313399 0.3406942 0.2786316 0.159442 0.159442 0.3405581 0.3405581 0.07719588 0.07719588 0.4228041 0.4228041 0.5 0.5 0.2715992 0.5 0.2284007 0.5 0.5 0.5 0.5 0.487941 0.5 0.01205897 0.1998337 0.5 0.3001663 0.2990095 0.3774564 0.161767 0.161767 0.2917259 0.3813784 0.1634478 0.1634478 0.5 0.5 0.2917258 0.3813782 0.1634479 0.1634479 0.2990094 0.3774564 0.1617671 0.1617671 0.5 0.5 0.4990186 0.5 9.81384e-4 0.04289126 0.04289126 0.4571083 0.4571092 0.4905603 0.5 0.009439706 0.5 0.5 0.4416276 0.5 0.05837237 0.4970948 0.5 0.002905189 0.1116546 0.5 0.3883454 0.5 0.5 0.1342332 0.5 0.3657668 0.4975138 0.5 0.002486169 0.4039556 0.5000001 0.09604436 0.5 0.5 0.2230242 0.2589919 0.2589919 0.2589919 0.5 0.5 0.280814 0.3872538 0.165966 0.165966 0.2230242 0.2589919 0.2589919 0.2589919 0.0999999 0.0999999 0.4000001 0.4000001 0.2808141 0.387254 0.1659659 0.1659659 0.5 0.5 0.5 0.5 0.5 0.5 0.5 0.5 0.5 0.4824343 0.01756572 0.5 0.5 0.01543754 0.01543754 0.4845624 0.4845624 0.5 0.5 0.5000001 0.4999896 1.04406e-5 0.4176824 0.4176824 0.08231765 0.08231765 0.5 0.5 0.5 0.5 0.5 0.5 0.04999995 0.04999995 0.4500001 0.4500001 0.3757589 0.3757589 0.1242411 0.1242411 0.3955616 0.3955616 0.1044384 0.1044384 0.5 0.5 0.5 0.5 0.5 0.5 0.5 0.5 0.4492709 0.4492709 0.05072903 0.05072903 0.5 0.5 0.1965405 0.1965405 0.3034594 0.3034594 0.5 0.5 0.06462728 0.06462728 0.4353727 0.4353727 0.01059675 0.01059675 0.4894032 0.4894032 0.5 0.5 0.5 0.5 0.5 0.5 0.5 0.5 0.5 0.5 0.5 0.5 0.01918542 0.01918542 0.4808146 0.4808146 0.5 0.5 0.497412 0.497412 0.002587974 0.002587974 0.5 0.5 0.5 0.5 0.4988427 0.4988427 0.001157343 0.001157343 0.4740437 0.4740437 0.02595627 0.02595627 0.5 0.5 0.5 0.5 0.4315472 0.4315472 0.06845283 0.06845283 0.3651847 0.3651847 0.1348152 0.1348152 0.5 0.5 0.4063279 0.4063276 0.09367227 0.09367227 0.5 0.4999662 3.38391e-5 0.5 0.5 0.4920674 0.4920674 0.007932543 0.007932543 0.5 0.5 0.25 0.25 0.25 0.25 0.02565199 0.02565199 0.474348 0.474348 0.1977831 0.1977831 0.3022168 0.3022168 0.1448795 0.1448795 0.3551205 0.3551205 0.4862924 0.4862924 0.01370751 0.01370751 0.3029946 0.3029946 0.1970055 0.1970055 0.2596269 0.2596269 0.2403731 0.2403731 0.5 0.5 0.09470564 0.09470564 0.4052944 0.4052944 0.09660261 0.09660261 0.4033973 0.4033973 0.5 0.5 0.125 0.125 0.375 0.375 0.5 0.5 0.4506857 0.4506857 0.04931432 0.04931432 0.5 0.4999758 2.42275e-5 0.1631895 0.1631895 0.3368104 0.3368104 0.3499999 0.3499999 0.15 0.15 0.2947619 0.2947619 0.2052381 0.2052381 0.4367089 0.4367089 0.06329107 0.06329107 0.008961081 0.008961081 0.4910389 0.4910389 0.375 0.375 0.125 0.125 0.5 0.499991 8.97442e-6 0.5 0.5 0.5 0.5 0.5 0.5 0.5 0.5 0.5 0.5 0.5 0.5 0.5 0.5 0.5 0.5 0.5 0.4999623 3.77469e-5 0.5 0.4996244 3.75541e-4 0.5071375 0.481164 0.01169848 0.5 0.5 0.03012394 0.03012394 0.469876 0.469876 0.5000001 0.4999659 3.41816e-5 0.5 0.5 0.445906 0.445906 0.05409395 0.05409395 0.4329293 0.4329293 0.06707066 0.06707066 0.4904944 0.4904944 0.009505569 0.009505569 0.35614 0.35614 0.1438599 0.1438599 0.2471277 0.2471277 0.2528722 0.2528722 0.5 0.5 0.3639679 0.3639679 0.1360321 0.1360321 0.5 0.4142466 0.08575338 0.5 0.5 0.5 0.4906103 0.009389758 0.5 0.4750588 0.02494114 0.5 0.4955877 0.004412353 0.5 0.5 0.5 0.5 0.1976376 0.1976376 0.3023623 0.3023623 0.1975371 0.1975371 0.3024628 0.3024628 0.5 0.5 0.006803154 0.006803154 0.4931968 0.4931968 0.5 0.5 0.4000001 0.4000001 0.0999999 0.0999999 0.0999999 0.0999999 0.4000001 0.4000001 0.5 0.5 0.5 0.5 0.5 0.4977177 0.002282321 0.4327523 0.4327523 0.06724762 0.06724762 0.5 0.5 0.5 0.4999913 8.71608e-6 0.5 0.5 0.1419749 0.1419749 0.358025 0.358025 0.5 0.4983457 0.001654267 0.5 0.5 0.4875 0.4875 0.01250004 0.01250004 0.06083732 0.06083732 0.4391626 0.4391626 0.5 0.5 0.01250463 0.01250463 0.4874954 0.4874954 0.1535292 0.1535292 0.3464707 0.3464707 0.5 0.5 0.2296742 0.2296742 0.2703258 0.2703258 0.1740354 0.1740354 0.3259646 0.3259646 0.2956343 0.2956343 0.2043657 0.2043657 0.323745 0.323745 0.176255 0.176255 0.4463862 0.4463862 0.05361378 0.05361378 0.3227292 0.3227292 0.1772708 0.1772708 0.5 0.5 0.07996064 0.07996064 0.4200394 0.4200394 0.5 0.5 0.5 0.5 0.02880704 0.02880704 0.471193 0.471193 0.1048178 0.1048178 0.3951823 0.3951823 0.01736873 0.01736873 0.4826313 0.4826313 0.03411281 0.03411281 0.4658872 0.4658872 0.5 0.5 0.5 0.5 0.0588755 0.0588755 0.4411244 0.4411244 0.5 0.5 0.1395983 0.1395983 0.3604016 0.3604016 0.4700631 0.4700631 0.0299369 0.0299369 0.3240494 0.3240494 0.1759506 0.1759506 0.09442514 0.09442514 0.4055749 0.4055749 0.5 0.5 0.03525024 0.03525024 0.4647498 0.4647498 0.5000001 0.499992 8.06611e-6 0.125 0.125 0.375 0.375 0.361111 0.3476205 0.1456342 0.1456342 0.5 0.5 0.4326921 0.4326921 0.06730788 0.06730788 0.4848576 0.4848576 0.01514244 0.01514244 0.2549185 0.2549185 0.2450815 0.2450815 0.5 0.5 0.2249567 0.2249567 0.2750433 0.2750433 0.5 0.5 0.5 0.5 0.5 0.5 0.1654744 0.1654744 0.3345255 0.3345255 0.5 0.5 0.02831244 0.02831244 0.4716875 0.4716875 0.5 0.5 0.4471204 0.4471204 0.05287957 0.05287957 0.05482071 0.05482071 0.4451792 0.4451792 0.5 0.4815154 0.01848459 0.5071374 0.4811641 0.01169854 0.5 0.4906129 0.009387135 0.5 0.5 0.09510004 0.09510004 0.4048999 0.4048999 0.01332598 0.01332598 0.486674 0.486674 0.2827893 0.2827893 0.2172107 0.2172107 0.434758 0.434758 0.06524205 0.06524205 0.1427911 0.1427911 0.3572089 0.3572089 0.5 0.5 0.4826504 0.4826504 0.0173496 0.0173496 0.3120506 0.3120506 0.1879494 0.1879494 0.301393 0.301393 0.1986069 0.1986069 0.1450936 0.1450936 0.3549064 0.3549064 0.208077 0.208077 0.2919229 0.2919229 0.1613062 0.1613062 0.3386939 0.3386939 0.1609604 0.1609604 0.3390395 0.3390395 0.5 0.5 0.5 0.5 0.5 0.5 0.3245117 0.3245117 0.1754883 0.1754883 0.4073699 0.4073693 0.09263038 0.09263038 0.2722796 0.2722796 0.2277203 0.2277203 0.5 0.5 0.5 0.5 0.3833334 0.3833334 0.1166666 0.1166666 0.2723953 0.2723953 0.2276048 0.2276048 0.1138638 0.1138638 0.3861362 0.3861362 0.02156621 0.02156621 0.4784337 0.4784337 0.3250001 0.3250001 0.1749999 0.1749999 0.3180525 0.3180525 0.1819474 0.1819474 0.2825595 0.2825595 0.2174405 0.2174405 0.1462855 0.1462855 0.3537144 0.3537144 0.08813756 0.08813756 0.4118625 0.4118625 0.5 0.5 0.2475816 0.2475816 0.2524184 0.2524184 0.5 0.5 0.5 0.5 0.4998718 0.4998718 1.28202e-4 1.28202e-4 0.5 0.5 0.0223084 0.0223084 0.4776915 0.4776915 0.09217858 0.09217858 0.4078214 0.4078214 0.5 0.5 0.25 0.25 0.25 0.25 0.2320916 0.2320916 0.2679083 0.2679083 0.4970052 0.4970052 0.002994716 0.002994716 0.1648113 0.1648113 0.3351886 0.3351886 0.002962112 0.002962112 0.4970378 0.4970378 0.5 0.5 0.5 0.5 0.3807716 0.3807716 0.1192283 0.1192283 0.5 0.5 0.07511597 0.07511597 0.4248841 0.4248841 0.3475445 0.3475445 0.1524555 0.1524555 0.5 0.5 0.1636952 0.1636952 0.3363048 0.3363048 0.2550793 0.2550793 0.2449206 0.2449206 0.5 0.5 0.2961886 0.2961886 0.2038114 0.2038114 0.5 0.5 0.5 0.5 0.3230653 0.3230653 0.1769347 0.1769347 0.5 0.5 0.5 0.5 0.5 0.5 0.5 0.4983994 0.001600682 0.5 0.5 0.5 0.4991949 8.05122e-4 0.5 0.5 0.4497112 0.4497109 0.05028897 0.05028897 0.321389 0.321389 0.178611 0.178611 0.4690252 0.4690252 0.0309748 0.0309748 0.5 0.5 0.5 0.5 0.4523187 0.4523187 0.04768127 0.04768127 0.1614026 0.1614026 0.3385974 0.3385974 0.5 0.5 0.5 0.5 0.5 0.5 0.3168786 0.313773 0.1846742 0.1846742 0.5 0.5 0.4201263 0.4201263 0.07987368 0.07987368 0.5 0.5 0.3406705 0.3406705 0.1593295 0.1593295 0.4539043 0.4539043 0.04609566 0.04609566 0.2534401 0.2534401 0.2465599 0.2465599 0.05454069 0.05454069 0.4454593 0.4454593 0.5 0.4943836 0.005616307 0.5 0.5 0.5 0.5 0.01698207 0.01698207 0.4830179 0.4830179 0.007787525 0.007787525 0.4922125 0.4922125 0.5 0.5 0.0336945 0.0336945 0.4663055 0.4663055 0.4529479 0.4529479 0.04705208 0.04705208 0.004636645 0.004636645 0.4953633 0.4953633 0.01146161 0.01146161 0.4885383 0.4885383 0.0045138 0.0045138 0.4954862 0.4954862 0.5 0.5 0.5 0.5 0.5 0.5 0.5 0.4999499 5.01337e-5 0.5 0.4999988 1.25705e-6 0.5 0.5 0.5 0.4999868 1.31564e-5 0.5 0.5 0.5 0.5 0.4934139 0.4934139 0.006586134 0.006586134 0.4484871 0.4484871 0.05151289 0.05151289 0.5 0.5 0.5 0.5 0.5 0.4999754 2.46146e-5 0.5 0.5 0.5 0.5 0.5 0.5 0.048541 0.048541 0.4514589 0.4514589 0.5 0.5 0.3605774 0.3605774 0.1394226 0.1394226 0.5 0.5 0.3865723 0.3865723 0.1134276 0.1134276 0.25 0.25 0.25 0.25 0.3055865 0.3055865 0.1944136 0.1944136 0.4773484 0.4773482 0.02265173 0.02265173 0.5 0.5 0.292084 0.292084 0.207916 0.207916 0.14616 0.14616 0.3538399 0.3538399 0.3782756 0.3782756 0.1217244 0.1217244 0.2218078 0.2218078 0.2781922 0.2781922 0.5 0.5 0.5 0.5 0.2909761 0.2909761 0.2090238 0.2090238 4.54472e-4 4.54472e-4 0.4995455 0.4995455 0.1274688 0.1274688 0.3725312 0.3725312 0.2010199 0.2010199 0.2989801 0.2989801 0.5 0.5 0.5 0.5 0.5 0.5 0.08498138 0.08498138 0.4150186 0.4150186 0.1186357 0.1186357 0.3813642 0.3813642 0.07645803 0.07645803 0.4235419 0.4235419 0.5 0.5 0.5 0.5 0.359732 0.359732 0.140268 0.140268 0.2425827 0.2425827 0.2574173 0.2574173 0.2549133 0.2549133 0.2450866 0.2450866 0.221024 0.221024 0.2789759 0.2789759 0.3018021 0.3018021 0.1981979 0.1981979 0.5 0.5 0.5 0.5 0.5 0.5 0.5 0.5 0.4715514 0.4715514 0.02844852 0.02844852 0.2607122 0.2607122 0.2392878 0.2392878 0.5 0.5 0.02288025 0.02288025 0.4771198 0.4771198 0.5 0.5 0.5 0.5 0.0999999 0.0999999 0.4000001 0.4000001 0.0242443 0.0242443 0.4757556 0.4757556 0.5 0.5 0.4733903 0.4733903 0.02660971 0.02660971 0.03442186 0.03442186 0.4655781 0.4655781 0.5 0.5 0.5 0.5 0.5 0.5 0.5 0.4999892 1.0848e-5 0.4500001 0.4500001 0.04999995 0.04999995 0.4144437 0.4144437 0.0855562 0.0855562 0.2305479 0.2305479 0.2694522 0.2694522 0.2400457 0.2400457 0.2599542 0.2599542 0.04011583 0.04011583 0.4598842 0.4598842 0.3298673 0.3298673 0.1701328 0.1701328 0.04313898 0.04313898 0.456861 0.456861 0.483653 0.483653 0.01634699 0.01634699 0.2575857 0.2575857 0.2424143 0.2424143 0.4600076 0.4600076 0.03999233 0.03999233 0.5 0.4996273 3.72681e-4 0.5 0.5 0.3038971 0.3038971 0.1961029 0.1961029 0.5 0.4943756 0.005624353 0.06924659 0.06924659 0.4307534 0.4307534 0.3 0.3 0.2 0.2 0.5 0.4983378 0.001662254 0.5 0.5 0.5 0.5 0.2377777 0.2377777 0.2622222 0.2622222 0.129224 0.129224 0.3707759 0.3707759 0.5 0.5 4.18623e-4 4.18623e-4 0.4995813 0.4995813 0.5 0.5 0.4775271 0.4775271 0.02247291 0.02247291 0.4483388 0.4483388 0.05166113 0.05166113 0.5 0.4999677 3.22814e-5 0.2997947 0.2997947 0.2002053 0.2002053 0.1880717 0.1880717 0.3119283 0.3119283 0.3678016 0.3678016 0.1321984 0.1321984 0.1058161 0.1058161 0.3941839 0.3941839 0.002110719 0.002110719 0.4978892 0.4978892 0.5 0.5 0.5 0.4856289 0.01437115 0.5 0.5 0.5 0.5 0.5 0.5 0.5 0.5 0.5 0.5 0.5 0.4955874 0.004412531 0.5 0.5 0.5000001 0.4991703 8.29778e-4 0.5 0.5 0.3138377 0.3138377 0.1861622 0.1861622 0.05577862 0.05577862 0.4442214 0.4442214 0.5 0.5 0.5 0.5 0.2065402 0.2065402 0.2934597 0.2934597 0.5 0.5 0.5 0.5 0.02279675 0.02279675 0.4772032 0.4772032 0.5 0.5 0.5 0.4995325 4.67468e-4 0.5 0.5 0.1163402 0.1163402 0.3836598 0.3836598 0.06493628 0.06493628 0.4350637 0.4350637 0.4029032 0.4029032 0.09709674 0.09709674 0.2140919 0.2140919 0.2859081 0.2859081 0.2640359 0.2640359 0.2359641 0.2359641 0.5 0.5 0.001797974 0.001797974 0.498202 0.498202 0.01768195 0.01768195 0.482318 0.482318 0.4879736 0.4879736 0.01202636 0.01202636 0.3404516 0.3404516 0.1595484 0.1595484 0.2487532 0.2487532 0.2512468 0.2512468 0.5 0.5 0.5 0.5 0.5 0.5 0.5 0.4750655 0.02493441 0.4928705 0.4928705 0.00712949 0.00712949 0.4290624 0.4290624 0.07093757 0.07093757 0.2433934 0.2433934 0.2566066 0.2566066 0.01727932 0.01727932 0.4827207 0.4827207 0.5 0.5 0.45694 0.45694 0.04305994 0.04305994 0.5 0.5 0.2847412 0.2847412 0.2152588 0.2152588 0.25 0.25 0.25 0.25 0.07502424 0.07502424 0.4249758 0.4249758 0.1497802 0.1497802 0.3502197 0.3502197 0.1031431 0.1031431 0.3968569 0.3968569 0.001407504 0.001407504 0.4985924 0.4985924 0.5 0.5 0.1270247 0.1270247 0.3729753 0.3729753 0.5 0.5 0.5 0.5 0.5 0.5 0.4986219 0.4986219 0.001378118 0.001378118 0.4724896 0.4724896 0.0275104 0.0275104 0.5 0.5 0.5 0.4991134 8.86593e-4 0.5 0.5 0.4923099 0.4923099 0.007690072 0.007690072 0.5000001 0.4999999 0.5 0.5 0.5 0.5 0.5 0.5 0.5 0.5 0.4925519 0.4925519 0.007448136 0.007448136 0.5 0.5 0.0879637 0.0879637 0.4120363 0.4120363 0.5 0.5 0.5 0.5 0.5 0.5 0.5 0.4985565 0.001443505 0.2259851 0.2259851 0.2740149 0.2740149 0.4216772 0.4216772 0.0783227 0.0783227 0.2168467 0.2168467 0.2831532 0.2831532 0.498665 0.498665 0.001335024 0.001335024 0.5 0.5 0.5 0.5 0.006612956 0.006612956 0.493387 0.493387 0.1506038 0.1506038 0.3493962 0.3493962 0.5 0.5 0.0770896 0.0770896 0.4229104 0.4229104 0.5 0.5 0.5 0.5 0.5 0.5 0.02113437 0.02113437 0.4788656 0.4788656 0.5000001 0.4999999 0.5 0.5 0.2815927 0.2815927 0.2184073 0.2184073 0.1522949 0.1522949 0.347705 0.347705 0.1129799 0.1129799 0.3870201 0.3870201 0.5 0.5 0.4591944 0.4591944 0.04080551 0.04080551 0.5 0.5 0.5 0.5 0.3018311 0.3018311 0.1981689 0.1981689 0.374876 0.374876 0.1251239 0.1251239 0.25 0.25 0.25 0.25 0.4916353 0.4916353 0.008364677 0.008364677 0.111549 0.111549 0.388451 0.388451 0.3463881 0.3463881 0.1536118 0.1536118 0.1576262 0.1576262 0.3423737 0.3423737 0.5 0.5 0.5 0.5 0.147648 0.147648 0.352352 0.352352 0.5 0.5 0.2434104 0.2434104 0.2565896 0.2565896 0.1666666 0.1666666 0.3333333 0.3333333 0.1650465 0.1650465 0.3349534 0.3349534 0.5 0.4999666 3.34495e-5 0.1738584 0.1738584 0.3261416 0.3261416 0.3293873 0.3293873 0.1706126 0.1706126 0.5 0.5 0.5 0.5 0.4500001 0.4500001 0.04999995 0.04999995 0.5 0.5 0.362653 0.362653 0.137347 0.137347 0.3274385 0.3274385 0.1725614 0.1725614 0.3537621 0.3537621 0.1462379 0.1462379 0.3658623 0.3658623 0.1341377 0.1341377 0.2526876 0.2526876 0.2473124 0.2473124 0.5 0.5 0.1541854 0.1541854 0.3458145 0.3458145 0.1467638 0.1467638 0.3532363 0.3532363 0.05764359 0.05764359 0.4423564 0.4423564 0.005472183 0.005472183 0.4945278 0.4945278 0.05032044 0.05032044 0.4496796 0.4496796 0.5 0.5 0.5 0.5 0.4000001 0.4000001 0.0999999 0.0999999 0.375 0.375 0.125 0.125 0.4226391 0.4226391 0.07736092 0.07736092 0.5 0.5 0.2148125 0.2148125 0.2851874 0.2851874 0.01836806 0.01836806 0.4816319 0.4816319 0.5000001 0.4991614 8.38452e-4 0.2101403 0.2101403 0.2898597 0.2898597 0.1977488 0.1977488 0.3022512 0.3022512 0.1012058 0.1012058 0.3987942 0.3987942 0.5 0.5 0.5 0.5 0.1903779 0.1903779 0.3096221 0.3096221 0.5 0.5 0.3634269 0.3634269 0.136573 0.136573 0.01434344 0.01434344 0.4856565 0.4856565 0.3611212 0.3476304 0.1456242 0.1456242 0.5 0.5 0.5000001 0.4991614 8.38452e-4 0.08897048 0.08897048 0.4110296 0.4110296 0.5 0.5 0.5 0.5 0.5 0.5 0.4363639 0.4363639 0.063636 0.063636 0.05533379 0.05533379 0.4446662 0.4446662 0.5 0.5 0.25 0.25 0.25 0.25 0.5 0.5 0.5 0.5 0.4464092 0.4464092 0.05359077 0.05359077 0.4758253 0.4758253 0.02417474 0.02417474 0.4477061 0.4477061 0.05229389 0.05229389 0.5 0.5 0.05670684 0.0522176 0.4455378 0.4455378 0.351263 0.5 0.148737 0.01854676 0.01854676 0.4814532 0.4814532 0.2351213 0.5 0.2648787 0.1748073 0.5 0.3251927 0.2113273 0.5 0.2886726 0.1956308 0.2389118 0.2827287 0.2827287 0.5 0.5 0.1995046 0.2387281 0.2808836 0.2808836 0.487295 0.5 0.0127049 0.4856711 0.5 0.01432883 0.5 0.5 0.3052706 0.4597779 0.1576913 0.07726019 0.1228059 0.1228059 0.3771941 0.3771941 0.5 0.5 0.1640533 0.06787753 0.3840345 0.3840345 0.5 0.5 0.01205909 0.01205909 0.4879409 0.4879409 0.3960567 0.5 0.1039433 0.4574136 0.5 0.04258632 0.4116023 0.4116023 0.08839774 0.08839774 0.1399177 0.5 0.3600823 0.5 0.5 0.1985135 0.261897 0.2780311 0.2615584 0.1348059 0.5 0.3651941 0.2826095 0.405068 0.1096342 0.2026883 0.3859313 0.5 0.1140687 0.1115121 0.1294959 0.379496 0.379496 0.2072158 0.4506828 0.2214709 0.1206304 0.3593785 0.5 0.1406214 0.2894392 0.5 0.2105607 0.2201825 0.4897425 0.2502447 0.03983026 0.2438617 0.4821866 0.2047818 0.06916975 0.5 0.5 0.1673523 0.1939018 0.3193729 0.3193729 0.2100599 0.4878234 0.2777636 0.02435314 0.412362 0.4063947 0.09062165 0.09062165 0.2648082 0.4943922 0.229584 0.0112155 0.2424177 0.5 0.2575823 0.212504 0.4881392 0.2533011 0.04605561 0.3 0.3 0.2 0.2 0.4255282 0.5 0.07447177 0.5 0.5 0.1667504 0.4926719 0.3259215 0.01465612 0.3 0.3 0.1999999 0.1999999 0.2500443 0.4763973 0.1946555 0.07890284 0.4835744 0.5 0.01642554 0.4287901 0.5 0.07120984 0.4991627 0.5 8.37345e-4 0.3912219 0.4187536 0.09501224 0.09501224 0.1965609 0.2512103 0.2761144 0.2761144 0.07499992 0.07499992 0.4250001 0.4250001 0.4856216 0.4856216 0.01437836 0.01437836 0.5 0.5 0.3761093 0.5 0.1238908 0.4995583 0.5 4.41726e-4 0.1256462 0.1156994 0.3793272 0.3793272 0.5 0.5 0.4814011 0.5 0.01859885 0.4907265 0.5000001 0.009273469 0.4826995 0.5 0.01730048 0.4588494 0.5 0.04115056 0.2497236 0.2497236 0.2502765 0.2502765 0.4108052 0.5 0.08919483 0.1520695 0.4894091 0.3373396 0.0211817 0.2949069 0.3963182 0.1553326 0.1534422 0.3018028 0.5 0.1981971 0.1379989 0.5 0.3620011 0.1756245 0.5 0.3243755 0.3368403 0.5 0.1631597 0.286408 0.3250646 0.1942637 0.1942637 0.4313938 0.5 0.06860619 0.1453667 0.4943516 0.3489849 0.0112968 0.2838811 0.5 0.2161189 0.2402505 0.4854683 0.2178543 0.05642676 0.4250255 0.4250255 0.07497453 0.07497453 0.439149 0.4981351 0.04170632 0.02100956 0.1794399 0.4905399 0.3110999 0.01892018 0.2946165 0.3918448 0.1567693 0.1567693 0.3107476 0.4643836 0.101997 0.1228718 0.1296591 0.5 0.370341 0.1155011 0.5 0.384499 0.1251767 0.5 0.3748233 0.1995047 0.2387282 0.2808835 0.2808835 0.1091074 0.1267035 0.3820945 0.3820945 0.0159434 0.0159434 0.4840565 0.4840565 0.1171294 0.5 0.3828706 0.1400856 0.4633912 0.2895969 0.1069262 0.1676884 0.1943703 0.3189706 0.3189706 0.5 0.5 0.231428 0.475353 0.2072604 0.0859586 0.1503964 0.18125 0.3341767 0.3341767 0.5 0.5 0.3782368 0.5 0.1217631 0.2498947 0.2498947 0.2501053 0.2501053 0.1478704 0.257678 0.3108679 0.2835836 0.4023534 0.3109508 0.1433479 0.1433479 0.5 0.5 0.1292921 0.5 0.3707079 0.150137 0.488443 0.3383061 0.02311384 0.5 0.5 0.2312637 0.4753121 0.207439 0.08598506 0.2961177 0.4490138 0.1588634 0.0960049 0.1977695 0.2559455 0.2790675 0.2672175 0.5 0.5 0.1550685 0.4639186 0.2917481 0.08926475 0.3413639 0.3413639 0.158636 0.158636 0.1948737 0.2491313 0.2779975 0.2779975 0.4407945 0.4165479 0.07132875 0.07132875 0.1270503 0.1270503 0.3729496 0.3729496 0.3153009 0.4674544 0.0881381 0.1291065 0.1708629 0.2156891 0.306724 0.306724 0.3883898 0.5 0.1116102 0.2931946 0.5 0.2068054 0.1967691 0.2408477 0.2811915 0.2811915 0.1116393 0.5 0.3883607 0.1928871 0.5 0.3071129 0.5 0.5 0.3894473 0.3005561 0.1549983 0.1549983 0.2247264 0.2789608 0.2481563 0.2481563 0.5 0.5 0.1668736 0.2655276 0.3253032 0.2422955 0.1770496 0.5 0.3229504 0.1583427 0.4926727 0.33433 0.01465457 0.211748 0.5 0.288252 0.2133255 0.4462651 0.2065078 0.1339016 0.2814891 0.2783533 0.2200788 0.2200788 0.248638 0.2415787 0.2548916 0.2548916 0.2546038 0.2361884 0.2546038 0.2546038 0.1894675 0.1781622 0.3161851 0.3161851 0.3362385 0.3173465 0.1732075 0.1732075 0.0247125 0.02434951 0.4754689 0.4754689 0.3832248 0.3832248 0.1167752 0.1167752 0.4861484 0.4861484 0.01385164 0.01385164 0.2517871 0.2446385 0.2517871 0.2517871 0.4915161 0.4663021 0.02409714 0.01808458 0.2517871 0.2446385 0.2517871 0.2517871 0.2486375 0.2415783 0.2548921 0.2548921 0.3200714 0.2928794 0.1935245 0.1935245 0.5 0.4142466 0.08575338 0.5 0.5 0.4000001 0.4000001 0.0999999 0.0999999 0.3620784 0.3620784 0.1379215 0.1379215 0.4000001 0.4000001 0.0999999 0.0999999 0.5 0.5 0.5 0.5 0.365774 0.365774 0.1342259 0.1342259 0.3226962 0.3226962 0.1773037 0.1773037 0.5 0.5 0.3841516 0.3841516 0.1158484 0.1158484 0.05824959 0.05824959 0.4417504 0.4417504 0.5 0.5 0.5 0.5 0.414495 0.414495 0.08550494 0.08550494 0.5 0.5 0.2702389 0.2702389 0.229761 0.229761 0.2070779 0.2070779 0.2929221 0.2929221 0.1625869 0.1625869 0.337413 0.337413 0.3863809 0.356386 0.1286166 0.1286166 0.2656383 0.2656383 0.2343617 0.2343617 0.3087469 0.3087469 0.191253 0.191253 0.02308851 0.02308851 0.4769114 0.4769114 0.4984698 0.4834227 0.01455295 0.003554522 0.02224665 0.02224665 0.4777533 0.4777533 0.5 0.5 0.5 0.5 0.3827891 0.3827891 0.1172109 0.1172109 0.5 0.5 0.3234294 0.3234294 0.1765705 0.1765705 0.125 0.125 0.375 0.375 0.5 0.5 0.3314793 0.3314793 0.1685207 0.1685207 0.375 0.375 0.125 0.125 0.3872814 0.3872814 0.1127186 0.1127186 0.4500001 0.4500001 0.04999995 0.04999995 0.4000001 0.4000001 0.0999999 0.0999999 0.4625 0.4625 0.03750002 0.03750002 0.5 0.5 0.5 0.5 0.2308474 0.2308474 0.2691527 0.2691527 0.04318308 0.04318308 0.4568169 0.4568169 0.3599693 0.3599693 0.1400306 0.1400306 0.2950837 0.2950837 0.2049162 0.2049162 0.3226914 0.3226914 0.1773086 0.1773086 0.1390417 0.1390417 0.3609582 0.3609582 0.5 0.5 0.5 0.5 0.5 0.5 0.3878412 0.3878412 0.1121588 0.1121588 0.09621071 0.09621071 0.4037892 0.4037892 0.216412 0.216412 0.2835879 0.2835879 0.5 0.5 0.5 0.5 0.4947912 0.4947912 0.00520873 0.00520873 0.5 0.5 0.02779626 0.02779626 0.4722037 0.4722037 0.316388 0.316388 0.183612 0.183612 0.5 0.5 0.4767533 0.4767533 0.0232467 0.0232467 0.4624999 0.4624999 0.03750014 0.03750014 0.4000001 0.4000001 0.0999999 0.0999999 0.5 0.5 0.3188934 0.3188934 0.1811066 0.1811066 0.5 0.5 0.5 0.5 0.5 0.5 0.5 0.5 0.4332084 0.4332084 0.06679159 0.06679159 0.5 0.5 0.4875 0.4875 0.01250004 0.01250004 0.2042566 0.2042566 0.2957434 0.2957434 0.5 0.5 0.5 0.5 0.5 0.5 0.04193556 0.04193556 0.4580644 0.4580644 0.5 0.5 0.07500004 0.07500004 0.425 0.425 0.07030695 0.07030695 0.429693 0.429693 0.5 0.5 0.5 0.5 0.07499998 0.07499998 0.425 0.425 0.308891 0.308891 0.191109 0.191109 0.5 0.5 0.5 0.5 0.1834982 0.1834982 0.3165017 0.3165017 0.5 0.5 0.1161888 0.2075988 0.3496395 0.3265729 0.04999995 0.04999995 0.4500001 0.4500001 0.4529443 0.5 0.04705566 0.1393442 0.1393442 0.3606558 0.3606558 0.05000001 0.05000001 0.45 0.45 0.1946672 0.2872967 0.2687363 0.2492998 0.07026165 0.07026165 0.4297384 0.4297384 0.5 0.5 0.2114437 0.2114437 0.2885563 0.2885563 0.07499998 0.07499998 0.425 0.425 0.1708629 0.2156892 0.3067239 0.3067239 0.2546038 0.2361884 0.2546038 0.2546038 0.4333334 0.4333334 0.0666666 0.0666666 0.0510019 0.0510019 0.448998 0.448998 0.5 0.5 0.5 0.5 0.2333332 0.2333332 0.2666667 0.2666667 0.5000001 0.4994421 5.57787e-4 0.25 0.25 0.25 0.25 0.25 0.25 0.25 0.25 0.09615379 0.09615379 0.4038462 0.4038462 0.4505452 0.4505452 0.0494548 0.0494548 0.5000001 0.4994409 5.58968e-4 0.25 0.25 0.25 0.25 0.08333331 0.08333331 0.4166666 0.4166666 0.5049818 0.4868196 0.008198618 0.5049818 0.4868196 0.008198618 0.25 0.25 0.25 0.25 0.08333331 0.08333331 0.4166666 0.4166666 0.5 0.5 0.0333333 0.0333333 0.4666667 0.4666667 0.5 0.5 0.5 0.5 0.1666666 0.1666666 0.3333333 0.3333333 0.5 0.5 0.4166667 0.4166667 0.08333331 0.08333331 0.3333333 0.3333333 0.1666666 0.1666666 0.1666666 0.1666666 0.3333333 0.3333333 0.5 0.5 0.4166667 0.4166667 0.08333331 0.08333331 0.5 0.5 0.5 0.5 0.08333331 0.08333331 0.4166666 0.4166666 0.25 0.25 0.25 0.25 0.2877019 0.2877019 0.212298 0.212298 0.5 0.5 0.5 0.5 0.0333333 0.0333333 0.4666666 0.4666666 0.04999995 0.04999995 0.45 0.45 0.08333331 0.08333331 0.4166666 0.4166666 0.08333331 0.08333331 0.4166666 0.4166666 0.05000001 0.05000001 0.4499999 0.4499999 0.0333333 0.0333333 0.4666667 0.4666667 0.2469208 0.4770942 0.1974933 0.07849168 0.2302449 0.2862781 0.2417383 0.2417383 0.1472418 0.177126 0.337816 0.337816 0.147242 0.1771261 0.3378159 0.3378159 0.147242 0.1771261 0.3378159 0.3378159</float_array>
          <technique_common>
            <accessor source="#GanondorfRig_GanondorfRobe_LOD1-skin-weights-array" count="3447" stride="1">
              <param name="WEIGHT" type="float"/>
            </accessor>
          </technique_common>
        </source>
        <joints>
          <input semantic="JOINT" source="#GanondorfRig_GanondorfRobe_LOD1-skin-joints"/>
          <input semantic="INV_BIND_MATRIX" source="#GanondorfRig_GanondorfRobe_LOD1-skin-bind_poses"/>
        </joints>
        <vertex_weights count="1081">
          <input semantic="JOINT" source="#GanondorfRig_GanondorfRobe_LOD1-skin-joints" offset="0"/>
          <input semantic="WEIGHT" source="#GanondorfRig_GanondorfRobe_LOD1-skin-weights" offset="1"/>
          <vcount>3 3 4 2 3 4 2 4 4 4 2 3 2 2 2 2 3 4 2 2 4 2 4 4 4 2 2 4 4 4 4 4 4 4 4 4 4 2 2 4 2 4 4 4 2 4 4 4 4 4 4 4 2 4 2 2 4 4 2 4 2 2 2 2 2 2 4 4 4 4 2 2 4 4 4 2 4 4 3 2 4 4 4 2 4 3 2 2 2 2 2 4 2 4 2 2 2 4 4 4 4 4 2 2 2 4 2 4 4 4 4 2 4 2 2 2 4 4 4 2 4 2 2 2 4 4 2 4 2 2 2 2 4 4 4 4 4 4 2 3 4 4 4 4 2 2 4 4 4 4 4 4 4 4 2 2 2 2 2 2 2 2 2 2 4 4 2 2 2 4 4 4 4 4 4 4 4 4 4 4 2 2 4 4 2 4 2 2 2 2 4 4 2 2 2 2 2 2 2 2 4 4 4 4 4 2 4 4 2 2 2 2 4 4 2 2 4 2 3 4 2 4 4 2 2 2 3 3 2 2 4 4 4 4 4 4 2 4 4 4 4 2 3 2 2 3 3 4 4 2 4 4 2 3 4 3 2 3 3 3 2 3 3 3 2 4 2 4 4 4 4 2 2 2 2 3 2 4 2 3 4 2 2 2 4 4 4 2 2 2 2 4 2 4 2 4 4 2 2 2 2 2 2 4 2 4 2 2 4 4 2 2 4 4 2 4 3 2 4 2 4 4 4 4 4 4 4 2 4 4 2 4 2 4 3 4 4 4 4 4 4 3 2 2 2 2 2 2 2 2 3 3 3 2 4 3 2 4 4 4 4 4 2 4 3 2 3 3 3 2 2 4 4 2 4 2 4 4 2 2 3 4 2 3 2 4 3 2 4 4 2 4 4 2 4 4 4 4 4 4 2 4 2 2 4 4 4 4 2 2 4 2 4 4 4 4 2 4 3 4 4 2 4 4 4 2 4 2 2 2 4 2 4 2 4 4 3 3 3 2 4 4 4 4 4 2 4 4 4 4 4 4 4 2 2 2 4 4 4 2 2 4 4 4 4 4 4 4 4 4 2 4 2 2 4 2 4 4 2 4 4 4 4 4 2 2 4 2 4 4 2 4 4 2 4 2 2 4 2 2 2 3 2 3 2 4 4 4 2 2 4 4 2 2 2 4 2 4 2 4 4 4 4 3 2 2 4 4 2 4 4 4 4 4 2 2 2 3 3 2 3 2 2 4 4 2 2 3 2 2 2 4 2 4 2 4 4 4 4 2 4 4 4 4 2 2 4 4 4 4 2 2 2 4 4 4 2 2 4 4 4 4 4 2 2 2 2 4 4 2 4 2 2 4 4 2 4 4 2 2 2 3 4 4 4 4 4 4 4 4 4 4 3 2 4 3 4 4 3 2 2 4 4 2 4 2 4 4 3 4 4 4 4 4 2 3 2 2 2 2 2 3 2 3 2 4 4 2 2 4 2 2 4 2 3 2 4 4 4 4 4 2 4 4 4 4 4 2 2 2 3 4 4 4 4 2 4 2 4 4 4 4 4 4 2 4 2 2 2 4 4 2 3 2 4 2 2 2 2 2 4 2 4 2 2 2 3 4 4 4 4 2 2 4 4 2 4 2 2 2 4 2 2 4 4 4 2 4 2 2 4 4 4 4 4 4 4 2 2 4 2 4 4 4 3 4 4 2 2 4 2 4 4 4 4 4 2 4 4 4 4 4 2 2 4 4 4 2 4 4 3 4 4 4 2 2 4 2 4 4 4 2 3 4 2 2 2 4 4 2 4 2 2 4 4 4 2 4 3 4 3 3 3 4 2 4 3 3 2 4 4 2 4 2 4 3 3 4 3 2 4 3 4 3 4 4 3 3 4 4 2 4 4 4 4 3 4 4 3 2 4 4 4 3 3 3 4 4 4 4 2 3 3 4 2 3 3 3 3 4 3 4 4 3 3 3 3 4 3 4 3 4 4 4 4 4 4 3 3 3 4 4 4 3 4 4 2 4 4 2 3 4 4 4 2 3 4 2 4 4 4 2 4 4 4 4 4 4 4 3 3 4 3 3 2 4 4 2 4 3 4 3 4 4 4 4 4 4 4 4 4 4 4 4 4 4 3 2 4 4 4 2 2 4 4 2 4 4 2 2 4 2 4 4 4 4 4 4 4 4 4 2 2 4 2 4 4 2 4 4 4 4 4 4 2 2 4 4 4 4 4 4 2 2 2 4 4 4 2 2 4 2 4 4 2 4 4 4 2 4 2 2 2 2 4 2 4 4 2 2 2 4 2 4 4 2 2 4 4 2 2 4 2 4 4 3 4 4 4 4 2 4 4 4 4 4 4 2 2 4 3 4 4 4 4 3 4 4 3 3 4 4 2 4 2 2 4 2 4 4 4 2 4 2 2 4 4 4 2 2 4 4 4 4 4 4 4 4 4 4 4 </vcount>
          <v>0 0 1 1 2 2 0 3 1 4 3 5 0 6 1 7 4 8 5 9 0 10 1 11 0 12 1 13 3 14 0 15 1 16 6 17 7 18 0 19 1 20 0 21 1 22 6 23 7 24 0 25 1 26 6 27 7 28 0 29 1 30 6 31 7 32 6 33 7 34 6 35 7 36 8 37 6 38 7 39 6 40 7 41 6 42 7 43 6 44 7 45 6 46 7 47 9 48 6 49 7 50 10 51 11 52 6 53 7 54 6 55 7 56 6 57 7 58 12 59 13 60 6 61 7 62 6 63 7 64 12 65 13 66 6 67 7 68 12 69 13 70 6 71 7 72 12 73 13 74 12 75 13 76 12 77 13 78 12 79 13 80 14 81 15 82 12 83 13 84 14 85 15 86 12 87 13 88 14 89 15 90 12 91 13 92 14 93 15 94 12 95 13 96 14 97 15 98 12 99 13 100 14 101 15 102 12 103 13 104 14 105 15 106 12 107 13 108 14 109 15 110 12 111 13 112 14 113 15 114 12 115 13 116 14 117 15 118 14 119 15 120 14 121 15 122 14 123 15 124 16 125 17 126 16 127 17 128 10 129 11 130 18 131 19 132 6 133 7 134 10 135 11 136 6 137 7 138 10 139 11 140 10 141 11 142 10 143 11 144 18 145 19 146 10 147 11 148 18 149 19 150 10 151 11 152 18 153 19 154 10 155 11 156 18 157 19 158 10 159 11 160 18 161 19 162 10 163 11 164 18 165 19 166 10 167 11 168 18 169 19 170 18 171 19 172 10 173 11 174 18 175 19 176 18 177 19 178 18 179 19 180 10 181 11 182 18 183 19 184 10 185 11 186 18 187 19 188 20 189 21 190 0 191 1 192 6 193 7 194 6 195 7 196 6 197 7 198 6 199 7 200 6 201 7 202 6 203 7 204 6 205 7 206 6 207 7 208 12 209 13 210 6 211 7 212 12 213 13 214 12 215 13 216 14 217 15 218 12 219 13 220 14 221 15 222 14 223 15 224 16 225 17 226 6 227 7 228 10 229 11 230 10 231 11 232 18 233 19 234 10 235 11 236 18 237 19 238 20 239 21 240 0 241 1 242 4 243 5 244 0 245 1 246 3 247 5 248 0 249 1 250 3 251 0 252 1 253 0 254 1 255 6 256 7 257 0 258 1 259 6 260 7 261 0 262 1 263 6 264 7 265 6 266 7 267 6 268 7 269 10 270 11 271 6 272 7 273 8 274 6 275 7 276 6 277 7 278 6 279 7 280 6 281 7 282 6 283 7 284 0 285 1 286 6 287 7 288 6 289 7 290 6 291 7 292 12 293 13 294 6 295 7 296 6 297 7 298 6 299 7 300 6 301 7 302 12 303 13 304 6 305 7 306 12 307 13 308 6 309 7 310 12 311 13 312 6 313 7 314 12 315 13 316 6 317 7 318 12 319 13 320 12 321 13 322 12 323 13 324 12 325 13 326 6 327 7 328 12 329 13 330 12 331 13 332 12 333 13 334 14 335 15 336 12 337 13 338 14 339 15 340 12 341 13 342 14 343 15 344 14 345 15 346 16 347 17 348 14 349 15 350 12 351 13 352 14 353 15 354 14 355 15 356 14 357 15 358 14 359 15 360 12 361 13 362 14 363 15 364 14 365 15 366 16 367 17 368 14 369 15 370 16 371 17 372 16 373 17 374 6 375 7 376 10 377 11 378 10 379 11 380 10 381 11 382 10 383 11 384 10 385 11 386 18 387 19 388 10 389 11 390 18 391 19 392 18 393 19 394 18 395 19 396 20 397 21 398 18 399 19 400 18 401 19 402 18 403 19 404 18 405 19 406 10 407 11 408 18 409 19 410 10 411 11 412 18 413 19 414 18 415 19 416 20 417 21 418 10 419 11 420 18 421 19 422 18 423 19 424 20 425 21 426 18 427 19 428 20 429 21 430 20 431 21 432 0 433 1 434 2 435 0 436 1 437 6 438 7 439 0 440 1 441 6 442 7 443 0 444 1 445 6 446 7 447 6 448 7 449 10 450 11 451 6 452 7 453 6 454 7 455 6 456 7 457 12 458 13 459 6 460 7 461 12 462 13 463 6 464 7 465 12 466 13 467 12 468 13 469 14 470 15 471 12 472 13 473 14 474 15 475 12 476 13 477 14 478 15 479 12 480 13 481 14 482 15 483 12 484 13 485 14 486 15 487 14 488 15 489 14 490 15 491 14 492 15 493 14 494 15 495 14 496 15 497 14 498 15 499 14 500 15 501 14 502 15 503 14 504 15 505 14 506 15 507 14 508 15 509 16 510 17 511 14 512 15 513 16 514 17 515 16 516 17 517 16 518 17 519 16 520 17 521 6 522 7 523 10 524 11 525 6 526 7 527 10 528 11 529 6 530 7 531 10 532 11 533 6 534 7 535 10 536 11 537 6 538 7 539 10 540 11 541 10 542 11 543 18 544 19 545 10 546 11 547 18 548 19 549 10 550 11 551 18 552 19 553 10 554 11 555 18 556 19 557 10 558 11 559 18 560 19 561 10 562 11 563 18 564 19 565 18 566 19 567 18 568 19 569 10 570 11 571 18 572 19 573 18 574 19 575 20 576 21 577 18 578 19 579 10 580 11 581 18 582 19 583 18 584 19 585 18 586 19 587 18 588 19 589 18 590 19 591 18 592 19 593 20 594 21 595 18 596 19 597 20 598 21 599 20 600 21 601 0 602 1 603 6 604 7 605 6 606 7 607 6 608 7 609 6 610 7 611 6 612 7 613 6 614 7 615 12 616 13 617 14 618 15 619 12 620 13 621 14 622 15 623 12 624 13 625 14 626 15 627 12 628 13 629 14 630 15 631 12 632 13 633 14 634 15 635 14 636 15 637 14 638 15 639 16 640 17 641 14 642 15 643 16 644 17 645 16 646 17 647 16 648 17 649 16 650 17 651 18 652 19 653 18 654 19 655 20 656 21 657 18 658 19 659 20 660 21 661 20 662 21 663 20 664 21 665 0 666 1 667 4 668 5 669 4 670 5 671 4 672 5 673 22 674 0 675 1 676 4 677 5 678 4 679 5 680 0 681 1 682 4 683 5 684 0 685 1 686 4 687 5 688 4 689 5 690 4 691 5 692 4 693 5 694 4 695 5 696 22 697 4 698 5 699 22 700 4 701 5 702 4 703 5 704 4 705 5 706 22 707 23 708 4 709 5 710 22 711 23 712 4 713 5 714 23 715 24 716 4 717 5 718 23 719 24 720 4 721 5 722 23 723 24 724 5 725 22 726 23 727 24 728 23 729 24 730 4 731 5 732 22 733 25 734 4 735 5 736 25 737 26 738 4 739 5 740 25 741 26 742 4 743 5 744 25 745 26 746 25 747 26 748 4 749 5 750 22 751 4 752 5 753 4 754 5 755 4 756 5 757 22 758 4 759 5 760 22 761 4 762 5 763 23 764 24 765 4 766 5 767 23 768 24 769 23 770 24 771 4 772 5 773 25 774 26 775 4 776 5 777 25 778 26 779 4 780 5 781 4 782 5 783 22 784 0 785 1 786 4 787 5 788 4 789 5 790 22 791 4 792 5 793 4 794 5 795 22 796 4 797 5 798 22 799 4 800 5 801 22 802 4 803 5 804 4 805 5 806 22 807 4 808 5 809 22 810 4 811 5 812 22 813 4 814 5 815 4 816 5 817 23 818 24 819 23 820 24 821 4 822 5 823 25 824 26 825 4 826 5 827 25 828 26 829 4 830 5 831 25 832 26 833 4 834 5 835 23 836 24 837 23 838 24 839 25 840 26 841 23 842 24 843 25 844 26 845 0 846 1 847 3 848 18 849 19 850 10 851 11 852 18 853 19 854 18 855 19 856 0 857 1 858 3 859 12 860 13 861 14 862 15 863 6 864 7 865 12 866 13 867 18 868 19 869 18 870 19 871 20 872 21 873 0 874 1 875 6 876 7 877 6 878 7 879 12 880 13 881 6 882 7 883 6 884 7 885 6 886 7 887 6 888 7 889 12 890 13 891 14 892 15 893 14 894 15 895 6 896 7 897 10 898 11 899 10 900 11 901 10 902 11 903 18 904 19 905 10 906 11 907 18 908 19 909 18 910 19 911 18 912 19 913 18 914 19 915 18 916 19 917 18 918 19 919 18 920 19 921 12 922 13 923 14 924 15 925 6 926 7 927 6 928 7 929 10 930 11 931 6 932 7 933 6 934 7 935 6 936 7 937 12 938 13 939 6 940 7 941 12 942 13 943 14 944 15 945 14 946 15 947 14 948 15 949 16 950 17 951 10 952 11 953 18 954 19 955 18 956 19 957 0 958 1 959 6 960 7 961 6 962 7 963 9 964 6 965 7 966 6 967 7 968 10 969 11 970 16 971 17 972 6 973 7 974 12 975 13 976 12 977 13 978 14 979 15 980 14 981 15 982 16 983 17 984 6 985 7 986 10 987 11 988 10 989 11 990 18 991 19 992 10 993 11 994 18 995 19 996 10 997 11 998 18 999 19 1000 18 1001 19 1002 18 1003 19 1004 20 1005 21 1006 18 1007 19 1008 20 1009 21 1010 20 1011 21 1012 0 1013 1 1014 6 1015 7 1016 6 1017 7 1018 12 1019 13 1020 14 1021 15 1022 6 1023 7 1024 8 1025 14 1026 15 1027 16 1028 17 1029 10 1030 11 1031 18 1032 19 1033 10 1034 11 1035 18 1036 19 1037 10 1038 11 1039 18 1040 19 1041 12 1042 13 1043 14 1044 15 1045 6 1046 7 1047 10 1048 11 1049 6 1050 7 1051 9 1052 18 1053 19 1054 18 1055 19 1056 18 1057 19 1058 18 1059 19 1060 18 1061 19 1062 18 1063 19 1064 20 1065 21 1066 14 1067 15 1068 0 1069 1 1070 2 1071 0 1072 1 1073 3 1074 0 1075 1 1076 3 1077 6 1078 7 1079 0 1080 1 1081 6 1082 7 1083 6 1084 7 1085 9 1086 6 1087 7 1088 6 1089 7 1090 10 1091 11 1092 6 1093 7 1094 10 1095 11 1096 12 1097 13 1098 14 1099 15 1100 6 1101 7 1102 12 1103 13 1104 14 1105 15 1106 16 1107 17 1108 16 1109 17 1110 6 1111 7 1112 10 1113 11 1114 0 1115 1 1116 3 1117 18 1118 19 1119 0 1120 1 1121 3 1122 6 1123 7 1124 9 1125 6 1126 7 1127 9 1128 18 1129 19 1130 6 1131 7 1132 6 1133 7 1134 12 1135 13 1136 6 1137 7 1138 12 1139 13 1140 12 1141 13 1142 12 1143 13 1144 14 1145 15 1146 14 1147 15 1148 10 1149 11 1150 18 1151 19 1152 18 1153 19 1154 20 1155 21 1156 10 1157 11 1158 18 1159 19 1160 6 1161 7 1162 9 1163 6 1164 7 1165 12 1166 13 1167 6 1168 7 1169 6 1170 7 1171 8 1172 6 1173 7 1174 6 1175 7 1176 10 1177 11 1178 6 1179 7 1180 9 1181 6 1182 7 1183 12 1184 13 1185 14 1186 15 1187 12 1188 13 1189 14 1190 15 1191 14 1192 15 1193 12 1194 13 1195 14 1196 15 1197 14 1198 15 1199 16 1200 17 1201 10 1202 11 1203 10 1204 11 1205 18 1206 19 1207 10 1208 11 1209 18 1210 19 1211 10 1212 11 1213 18 1214 19 1215 12 1216 13 1217 14 1218 15 1219 6 1220 7 1221 10 1222 11 1223 12 1224 13 1225 14 1226 15 1227 10 1228 11 1229 10 1230 11 1231 18 1232 19 1233 18 1234 19 1235 18 1236 19 1237 10 1238 11 1239 18 1240 19 1241 6 1242 7 1243 12 1244 13 1245 12 1246 13 1247 14 1248 15 1249 6 1250 7 1251 12 1252 13 1253 6 1254 7 1255 6 1256 7 1257 12 1258 13 1259 14 1260 15 1261 14 1262 15 1263 6 1264 7 1265 10 1266 11 1267 10 1268 11 1269 18 1270 19 1271 6 1272 7 1273 10 1274 11 1275 10 1276 11 1277 18 1278 19 1279 20 1280 21 1281 18 1282 19 1283 20 1284 21 1285 0 1286 1 1287 2 1288 0 1289 1 1290 6 1291 7 1292 0 1293 1 1294 4 1295 5 1296 6 1297 7 1298 6 1299 7 1300 10 1301 11 1302 6 1303 7 1304 12 1305 13 1306 12 1307 13 1308 14 1309 15 1310 14 1311 15 1312 10 1313 11 1314 18 1315 19 1316 18 1317 19 1318 18 1319 19 1320 18 1321 19 1322 10 1323 11 1324 18 1325 19 1326 14 1327 15 1328 10 1329 11 1330 18 1331 19 1332 18 1333 19 1334 18 1335 19 1336 20 1337 21 1338 0 1339 1 1340 6 1341 7 1342 0 1343 1 1344 2 1345 0 1346 1 1347 2 1348 0 1349 1 1350 2 1351 6 1352 7 1353 6 1354 7 1355 12 1356 13 1357 0 1358 1 1359 6 1360 7 1361 6 1362 7 1363 12 1364 13 1365 6 1366 7 1367 12 1368 13 1369 12 1370 13 1371 14 1372 15 1373 16 1374 17 1375 10 1376 11 1377 18 1378 19 1379 6 1380 7 1381 10 1382 11 1383 6 1384 7 1385 10 1386 11 1387 6 1388 7 1389 10 1390 11 1391 10 1392 11 1393 18 1394 19 1395 18 1396 19 1397 20 1398 21 1399 18 1400 19 1401 20 1402 21 1403 20 1404 21 1405 6 1406 7 1407 14 1408 15 1409 10 1410 11 1411 18 1412 19 1413 0 1414 1 1415 6 1416 7 1417 0 1418 1 1419 6 1420 7 1421 6 1422 7 1423 6 1424 7 1425 12 1426 13 1427 14 1428 15 1429 12 1430 13 1431 14 1432 15 1433 0 1434 1 1435 6 1436 7 1437 12 1438 13 1439 14 1440 15 1441 14 1442 15 1443 16 1444 17 1445 6 1446 7 1447 10 1448 11 1449 10 1450 11 1451 18 1452 19 1453 10 1454 11 1455 18 1456 19 1457 12 1458 13 1459 14 1460 15 1461 18 1462 19 1463 18 1464 19 1465 20 1466 21 1467 20 1468 21 1469 20 1470 21 1471 6 1472 7 1473 10 1474 11 1475 6 1476 7 1477 12 1478 13 1479 14 1480 15 1481 6 1482 7 1483 12 1484 13 1485 6 1486 7 1487 12 1488 13 1489 14 1490 15 1491 12 1492 13 1493 14 1494 15 1495 6 1496 7 1497 10 1498 11 1499 6 1500 7 1501 12 1502 13 1503 12 1504 13 1505 14 1506 15 1507 14 1508 15 1509 14 1510 15 1511 18 1512 19 1513 20 1514 21 1515 6 1516 7 1517 0 1518 1 1519 6 1520 7 1521 12 1522 13 1523 14 1524 15 1525 16 1526 17 1527 12 1528 13 1529 14 1530 15 1531 12 1532 13 1533 14 1534 15 1535 14 1536 15 1537 6 1538 7 1539 12 1540 13 1541 14 1542 15 1543 16 1544 17 1545 10 1546 11 1547 18 1548 19 1549 18 1550 19 1551 20 1552 21 1553 6 1554 7 1555 6 1556 7 1557 8 1558 6 1559 7 1560 6 1561 7 1562 8 1563 6 1564 7 1565 6 1566 7 1567 12 1568 13 1569 6 1570 7 1571 12 1572 13 1573 14 1574 15 1575 16 1576 17 1577 14 1578 15 1579 14 1580 15 1581 10 1582 11 1583 18 1584 19 1585 18 1586 19 1587 20 1588 21 1589 20 1590 21 1591 6 1592 7 1593 6 1594 7 1595 0 1596 1 1597 4 1598 5 1599 6 1600 7 1601 6 1602 7 1603 12 1604 13 1605 14 1606 15 1607 14 1608 15 1609 16 1610 17 1611 6 1612 7 1613 12 1614 13 1615 18 1616 19 1617 20 1618 21 1619 12 1620 13 1621 14 1622 15 1623 6 1624 7 1625 9 1626 14 1627 15 1628 14 1629 15 1630 12 1631 13 1632 14 1633 15 1634 12 1635 13 1636 14 1637 15 1638 14 1639 15 1640 6 1641 7 1642 10 1643 11 1644 10 1645 11 1646 18 1647 19 1648 10 1649 11 1650 18 1651 19 1652 10 1653 11 1654 18 1655 19 1656 10 1657 11 1658 18 1659 19 1660 18 1661 19 1662 18 1663 19 1664 20 1665 21 1666 0 1667 1 1668 3 1669 0 1670 1 1671 3 1672 18 1673 19 1674 6 1675 7 1676 8 1677 6 1678 7 1679 18 1680 19 1681 12 1682 13 1683 14 1684 15 1685 12 1686 13 1687 14 1688 15 1689 14 1690 15 1691 14 1692 15 1693 6 1694 7 1695 9 1696 14 1697 15 1698 14 1699 15 1700 14 1701 15 1702 12 1703 13 1704 14 1705 15 1706 16 1707 17 1708 6 1709 7 1710 10 1711 11 1712 18 1713 19 1714 0 1715 1 1716 6 1717 7 1718 0 1719 1 1720 6 1721 7 1722 10 1723 11 1724 18 1725 19 1726 6 1727 7 1728 10 1729 11 1730 6 1731 7 1732 6 1733 7 1734 12 1735 13 1736 12 1737 13 1738 14 1739 15 1740 12 1741 13 1742 14 1743 15 1744 12 1745 13 1746 14 1747 15 1748 14 1749 15 1750 16 1751 17 1752 10 1753 11 1754 18 1755 19 1756 10 1757 11 1758 18 1759 19 1760 0 1761 1 1762 6 1763 7 1764 0 1765 1 1766 6 1767 7 1768 6 1769 7 1770 6 1771 7 1772 6 1773 7 1774 0 1775 1 1776 6 1777 7 1778 0 1779 1 1780 6 1781 7 1782 6 1783 7 1784 12 1785 13 1786 20 1787 21 1788 20 1789 21 1790 6 1791 7 1792 10 1793 11 1794 10 1795 11 1796 18 1797 19 1798 10 1799 11 1800 18 1801 19 1802 10 1803 11 1804 18 1805 19 1806 0 1807 1 1808 6 1809 7 1810 6 1811 7 1812 20 1813 21 1814 6 1815 7 1816 12 1817 13 1818 12 1819 13 1820 14 1821 15 1822 12 1823 13 1824 14 1825 15 1826 6 1827 7 1828 12 1829 13 1830 14 1831 15 1832 16 1833 17 1834 14 1835 15 1836 14 1837 15 1838 16 1839 17 1840 14 1841 15 1842 16 1843 17 1844 18 1845 19 1846 18 1847 19 1848 20 1849 21 1850 10 1851 11 1852 18 1853 19 1854 18 1855 19 1856 18 1857 19 1858 0 1859 1 1860 0 1861 1 1862 2 1863 12 1864 13 1865 14 1866 15 1867 10 1868 11 1869 18 1870 19 1871 6 1872 7 1873 12 1874 13 1875 12 1876 13 1877 14 1878 15 1879 14 1880 15 1881 16 1882 17 1883 12 1884 13 1885 14 1886 15 1887 14 1888 15 1889 16 1890 17 1891 0 1892 1 1893 6 1894 7 1895 10 1896 11 1897 18 1898 19 1899 18 1900 19 1901 20 1902 21 1903 0 1904 1 1905 2 1906 6 1907 7 1908 0 1909 1 1910 6 1911 7 1912 6 1913 7 1914 8 1915 6 1916 7 1917 12 1918 13 1919 12 1920 13 1921 14 1922 15 1923 6 1924 7 1925 8 1926 6 1927 7 1928 6 1929 7 1930 12 1931 13 1932 14 1933 15 1934 12 1935 13 1936 14 1937 15 1938 14 1939 15 1940 12 1941 13 1942 14 1943 15 1944 14 1945 15 1946 14 1947 15 1948 16 1949 17 1950 14 1951 15 1952 16 1953 17 1954 6 1955 7 1956 8 1957 10 1958 11 1959 18 1960 19 1961 6 1962 7 1963 10 1964 11 1965 6 1966 7 1967 10 1968 11 1969 10 1970 11 1971 18 1972 19 1973 10 1974 11 1975 18 1976 19 1977 18 1978 19 1979 0 1980 1 1981 2 1982 20 1983 21 1984 14 1985 15 1986 6 1987 7 1988 6 1989 7 1990 6 1991 7 1992 6 1993 7 1994 8 1995 6 1996 7 1997 6 1998 7 1999 8 2000 6 2001 7 2002 6 2003 7 2004 12 2005 13 2006 6 2007 7 2008 12 2009 13 2010 14 2011 15 2012 14 2013 15 2014 12 2015 13 2016 14 2017 15 2018 16 2019 17 2020 10 2021 11 2022 10 2023 11 2024 18 2025 19 2026 18 2027 19 2028 6 2029 7 2030 9 2031 12 2032 13 2033 6 2034 7 2035 12 2036 13 2037 6 2038 7 2039 12 2040 13 2041 6 2042 7 2043 12 2044 13 2045 12 2046 13 2047 14 2048 15 2049 12 2050 13 2051 14 2052 15 2053 14 2054 15 2055 12 2056 13 2057 14 2058 15 2059 12 2060 13 2061 14 2062 15 2063 10 2064 11 2065 18 2066 19 2067 18 2068 19 2069 20 2070 21 2071 10 2072 11 2073 18 2074 19 2075 6 2076 7 2077 6 2078 7 2079 0 2080 1 2081 6 2082 7 2083 8 2084 6 2085 7 2086 12 2087 13 2088 12 2089 13 2090 14 2091 15 2092 6 2093 7 2094 12 2095 13 2096 12 2097 13 2098 14 2099 15 2100 14 2101 15 2102 6 2103 7 2104 12 2105 13 2106 14 2107 15 2108 6 2109 7 2110 10 2111 11 2112 6 2113 7 2114 10 2115 11 2116 6 2117 7 2118 10 2119 11 2120 6 2121 7 2122 10 2123 11 2124 6 2125 7 2126 10 2127 11 2128 10 2129 11 2130 18 2131 19 2132 18 2133 19 2134 10 2135 11 2136 18 2137 19 2138 18 2139 19 2140 18 2141 19 2142 18 2143 19 2144 6 2145 7 2146 12 2147 13 2148 0 2149 1 2150 6 2151 7 2152 6 2153 7 2154 6 2155 7 2156 9 2157 6 2158 7 2159 12 2160 13 2161 14 2162 15 2163 6 2164 7 2165 6 2166 7 2167 14 2168 15 2169 14 2170 15 2171 14 2172 15 2173 14 2174 15 2175 16 2176 17 2177 14 2178 15 2179 6 2180 7 2181 10 2182 11 2183 18 2184 19 2185 12 2186 13 2187 18 2188 19 2189 6 2190 7 2191 9 2192 6 2193 7 2194 10 2195 11 2196 0 2197 1 2198 6 2199 7 2200 0 2201 1 2202 6 2203 7 2204 6 2205 7 2206 12 2207 13 2208 14 2209 15 2210 14 2211 15 2212 12 2213 13 2214 14 2215 15 2216 6 2217 7 2218 10 2219 11 2220 10 2221 11 2222 10 2223 11 2224 18 2225 19 2226 18 2227 19 2228 18 2229 19 2230 18 2231 19 2232 10 2233 11 2234 18 2235 19 2236 6 2237 7 2238 18 2239 19 2240 0 2241 1 2242 6 2243 7 2244 0 2245 1 2246 6 2247 7 2248 0 2249 1 2250 6 2251 7 2252 6 2253 7 2254 6 2255 7 2256 10 2257 11 2258 6 2259 7 2260 6 2261 7 2262 6 2263 7 2264 12 2265 13 2266 6 2267 7 2268 12 2269 13 2270 6 2271 7 2272 12 2273 13 2274 6 2275 7 2276 12 2277 13 2278 6 2279 7 2280 12 2281 13 2282 6 2283 7 2284 12 2285 13 2286 6 2287 7 2288 12 2289 13 2290 14 2291 15 2292 14 2293 15 2294 14 2295 15 2296 16 2297 17 2298 18 2299 19 2300 6 2301 7 2302 10 2303 11 2304 6 2305 7 2306 10 2307 11 2308 10 2309 11 2310 18 2311 19 2312 0 2313 1 2314 3 2315 6 2316 7 2317 12 2318 13 2319 12 2320 13 2321 14 2322 15 2323 14 2324 15 2325 14 2326 15 2327 10 2328 11 2329 18 2330 19 2331 16 2332 17 2333 10 2334 11 2335 18 2336 19 2337 6 2338 7 2339 10 2340 11 2341 6 2342 7 2343 10 2344 11 2345 10 2346 11 2347 18 2348 19 2349 10 2350 11 2351 18 2352 19 2353 18 2354 19 2355 10 2356 11 2357 18 2358 19 2359 10 2360 11 2361 18 2362 19 2363 10 2364 11 2365 18 2366 19 2367 10 2368 11 2369 18 2370 19 2371 10 2372 11 2373 18 2374 19 2375 20 2376 21 2377 20 2378 21 2379 12 2380 13 2381 14 2382 15 2383 12 2384 13 2385 14 2386 15 2387 6 2388 7 2389 12 2390 13 2391 6 2392 7 2393 6 2394 7 2395 12 2396 13 2397 10 2398 11 2399 18 2400 19 2401 6 2402 7 2403 9 2404 12 2405 13 2406 14 2407 15 2408 12 2409 13 2410 14 2411 15 2412 12 2413 13 2414 14 2415 15 2416 14 2417 15 2418 14 2419 15 2420 6 2421 7 2422 10 2423 11 2424 20 2425 21 2426 10 2427 11 2428 18 2429 19 2430 12 2431 13 2432 14 2433 15 2434 0 2435 1 2436 4 2437 5 2438 0 2439 1 2440 6 2441 7 2442 8 2443 0 2444 1 2445 6 2446 7 2447 14 2448 15 2449 14 2450 15 2451 16 2452 17 2453 6 2454 7 2455 10 2456 11 2457 10 2458 11 2459 18 2460 19 2461 18 2462 19 2463 6 2464 7 2465 10 2466 11 2467 6 2468 7 2469 18 2470 19 2471 10 2472 11 2473 18 2474 19 2475 6 2476 7 2477 12 2478 13 2479 12 2480 13 2481 14 2482 15 2483 4 2484 5 2485 0 2486 1 2487 4 2488 5 2489 4 2490 5 2491 22 2492 0 2493 1 2494 4 2495 5 2496 4 2497 5 2498 22 2499 4 2500 5 2501 22 2502 4 2503 5 2504 22 2505 4 2506 5 2507 23 2508 24 2509 23 2510 24 2511 4 2512 5 2513 25 2514 26 2515 4 2516 5 2517 22 2518 4 2519 5 2520 22 2521 4 2522 5 2523 4 2524 5 2525 23 2526 24 2527 4 2528 5 2529 23 2530 24 2531 23 2532 24 2533 5 2534 22 2535 25 2536 26 2537 25 2538 26 2539 0 2540 1 2541 4 2542 5 2543 4 2544 5 2545 22 2546 4 2547 5 2548 22 2549 4 2550 5 2551 23 2552 24 2553 4 2554 5 2555 22 2556 25 2557 26 2558 4 2559 5 2560 23 2561 24 2562 4 2563 5 2564 22 2565 4 2566 5 2567 22 2568 25 2569 4 2570 5 2571 22 2572 4 2573 5 2574 23 2575 24 2576 4 2577 5 2578 22 2579 25 2580 4 2581 5 2582 22 2583 4 2584 5 2585 22 2586 4 2587 5 2588 22 2589 23 2590 4 2591 5 2592 22 2593 25 2594 4 2595 5 2596 4 2597 5 2598 25 2599 26 2600 4 2601 5 2602 22 2603 25 2604 0 2605 1 2606 4 2607 5 2608 4 2609 5 2610 22 2611 23 2612 4 2613 5 2614 22 2615 4 2616 5 2617 22 2618 23 2619 4 2620 5 2621 25 2622 26 2623 4 2624 5 2625 22 2626 4 2627 5 2628 4 2629 5 2630 22 2631 23 2632 4 2633 5 2634 23 2635 24 2636 4 2637 5 2638 22 2639 23 2640 4 2641 5 2642 22 2643 4 2644 5 2645 22 2646 4 2647 5 2648 22 2649 4 2650 5 2651 25 2652 26 2653 4 2654 5 2655 25 2656 26 2657 4 2658 5 2659 25 2660 26 2661 4 2662 5 2663 25 2664 26 2665 4 2666 5 2667 4 2668 5 2669 22 2670 4 2671 5 2672 22 2673 0 2674 1 2675 4 2676 5 2677 4 2678 5 2679 4 2680 5 2681 22 2682 4 2683 5 2684 22 2685 4 2686 5 2687 22 2688 4 2689 5 2690 22 2691 4 2692 5 2693 25 2694 26 2695 4 2696 5 2697 22 2698 4 2699 5 2700 22 2701 25 2702 4 2703 5 2704 25 2705 26 2706 4 2707 5 2708 22 2709 4 2710 5 2711 22 2712 4 2713 5 2714 22 2715 4 2716 5 2717 22 2718 4 2719 5 2720 23 2721 24 2722 4 2723 5 2724 22 2725 4 2726 5 2727 22 2728 25 2729 4 2730 5 2731 22 2732 4 2733 5 2734 22 2735 25 2736 4 2737 5 2738 23 2739 24 2740 4 2741 5 2742 22 2743 23 2744 4 2745 5 2746 22 2747 25 2748 4 2749 5 2750 23 2751 24 2752 4 2753 5 2754 22 2755 23 2756 4 2757 5 2758 22 2759 4 2760 5 2761 22 2762 4 2763 5 2764 22 2765 4 2766 5 2767 23 2768 24 2769 4 2770 5 2771 25 2772 26 2773 4 2774 5 2775 25 2776 26 2777 4 2778 5 2779 22 2780 4 2781 5 2782 22 2783 23 2784 4 2785 5 2786 23 2787 24 2788 23 2789 24 2790 4 2791 5 2792 22 2793 23 2794 4 2795 5 2796 25 2797 26 2798 25 2799 26 2800 4 2801 5 2802 22 2803 4 2804 5 2805 23 2806 24 2807 4 2808 5 2809 25 2810 26 2811 5 2812 22 2813 25 2814 26 2815 4 2816 5 2817 4 2818 5 2819 22 2820 4 2821 5 2822 22 2823 23 2824 23 2825 24 2826 4 2827 5 2828 22 2829 25 2830 4 2831 5 2832 25 2833 26 2834 4 2835 5 2836 25 2837 26 2838 25 2839 26 2840 4 2841 5 2842 22 2843 25 2844 4 2845 5 2846 25 2847 26 2848 4 2849 5 2850 23 2851 24 2852 0 2853 1 2854 4 2855 5 2856 4 2857 5 2858 25 2859 26 2860 4 2861 5 2862 22 2863 25 2864 4 2865 5 2866 25 2867 26 2868 4 2869 5 2870 22 2871 4 2872 5 2873 22 2874 4 2875 5 2876 25 2877 26 2878 4 2879 5 2880 22 2881 4 2882 5 2883 22 2884 4 2885 5 2886 5 2887 22 2888 23 2889 24 2890 4 2891 5 2892 23 2893 24 2894 4 2895 5 2896 4 2897 5 2898 23 2899 24 2900 4 2901 5 2902 22 2903 4 2904 5 2905 22 2906 23 2907 4 2908 5 2909 22 2910 4 2911 5 2912 22 2913 23 2914 0 2915 1 2916 4 2917 5 2918 0 2919 1 2920 4 2921 5 2922 0 2923 1 2924 4 2925 5 2926 0 2927 1 2928 4 2929 5 2930 0 2931 1 2932 4 2933 5 2934 0 2935 1 2936 4 2937 5 2938 0 2939 1 2940 4 2941 5 2942 0 2943 1 2944 4 2945 5 2946 0 2947 1 2948 4 2949 5 2950 0 2951 1 2952 3 2953 4 2954 0 2955 1 2956 4 2957 5 2958 0 2959 1 2960 4 2961 5 2962 0 2963 1 2964 4 2965 5 2966 0 2967 1 2968 2 2969 18 2970 19 2971 12 2972 13 2973 14 2974 15 2975 12 2976 13 2977 14 2978 15 2979 10 2980 11 2981 18 2982 19 2983 14 2984 15 2985 18 2986 19 2987 12 2988 13 2989 14 2990 15 2991 12 2992 13 2993 14 2994 15 2995 16 2996 17 2997 12 2998 13 2999 14 3000 15 3001 12 3002 13 3003 14 3004 15 3005 14 3006 15 3007 16 3008 17 3009 6 3010 7 3011 10 3012 11 3013 12 3014 13 3015 12 3016 13 3017 14 3018 15 3019 12 3020 13 3021 14 3022 15 3023 12 3024 13 3025 14 3026 15 3027 0 3028 1 3029 4 3030 5 3031 0 3032 1 3033 6 3034 7 3035 12 3036 13 3037 14 3038 15 3039 10 3040 11 3041 18 3042 19 3043 0 3044 1 3045 2 3046 5 3047 0 3048 1 3049 6 3050 7 3051 14 3052 15 3053 10 3054 11 3055 10 3056 11 3057 18 3058 19 3059 0 3060 1 3061 12 3062 13 3063 14 3064 15 3065 14 3066 15 3067 16 3068 17 3069 20 3070 21 3071 12 3072 13 3073 14 3074 15 3075 10 3076 11 3077 18 3078 19 3079 10 3080 11 3081 18 3082 19 3083 10 3084 11 3085 18 3086 19 3087 12 3088 13 3089 14 3090 15 3091 12 3092 13 3093 14 3094 15 3095 10 3096 11 3097 16 3098 17 3099 0 3100 1 3101 6 3102 7 3103 12 3104 13 3105 14 3106 15 3107 10 3108 11 3109 18 3110 19 3111 10 3112 11 3113 18 3114 19 3115 10 3116 11 3117 18 3118 19 3119 10 3120 11 3121 18 3122 19 3123 18 3124 19 3125 18 3126 19 3127 18 3128 19 3129 6 3130 7 3131 12 3132 13 3133 6 3134 7 3135 12 3136 13 3137 6 3138 7 3139 10 3140 11 3141 14 3142 15 3143 10 3144 11 3145 10 3146 11 3147 18 3148 19 3149 18 3150 19 3151 12 3152 13 3153 14 3154 15 3155 10 3156 11 3157 18 3158 19 3159 18 3160 19 3161 12 3162 13 3163 14 3164 15 3165 10 3166 11 3167 18 3168 19 3169 10 3170 11 3171 18 3172 19 3173 18 3174 19 3175 12 3176 13 3177 14 3178 15 3179 16 3180 17 3181 20 3182 21 3183 6 3184 7 3185 20 3186 21 3187 12 3188 13 3189 14 3190 15 3191 18 3192 19 3193 10 3194 11 3195 18 3196 19 3197 10 3198 11 3199 18 3200 19 3201 14 3202 15 3203 20 3204 21 3205 20 3206 21 3207 10 3208 11 3209 18 3210 19 3211 14 3212 15 3213 4 3214 5 3215 25 3216 26 3217 4 3218 5 3219 25 3220 26 3221 23 3222 24 3223 4 3224 5 3225 4 3226 5 3227 23 3228 24 3229 4 3230 5 3231 25 3232 26 3233 25 3234 26 3235 4 3236 5 3237 4 3238 5 3239 23 3240 24 3241 25 3242 26 3243 4 3244 5 3245 23 3246 24 3247 4 3248 5 3249 25 3250 26 3251 4 3252 5 3253 22 3254 4 3255 5 3256 25 3257 26 3258 4 3259 5 3260 23 3261 24 3262 4 3263 5 3264 23 3265 24 3266 4 3267 5 3268 23 3269 24 3270 4 3271 5 3272 4 3273 5 3274 23 3275 24 3276 4 3277 5 3278 23 3279 24 3280 4 3281 5 3282 23 3283 24 3284 0 3285 1 3286 4 3287 5 3288 12 3289 13 3290 14 3291 15 3292 0 3293 1 3294 6 3295 7 3296 6 3297 7 3298 14 3299 15 3300 10 3301 11 3302 18 3303 19 3304 6 3305 7 3306 8 3307 6 3308 7 3309 10 3310 11 3311 6 3312 7 3313 10 3314 11 3315 6 3316 7 3317 10 3318 11 3319 6 3320 7 3321 10 3322 11 3323 6 3324 7 3325 9 3326 0 3327 1 3328 6 3329 7 3330 0 3331 1 3332 6 3333 7 3334 0 3335 1 3336 2 3337 0 3338 1 3339 3 3340 0 3341 1 3342 6 3343 7 3344 0 3345 1 3346 6 3347 7 3348 20 3349 21 3350 18 3351 19 3352 20 3353 21 3354 20 3355 21 3356 18 3357 19 3358 18 3359 19 3360 20 3361 21 3362 20 3363 21 3364 18 3365 19 3366 20 3367 21 3368 6 3369 7 3370 10 3371 11 3372 14 3373 15 3374 16 3375 17 3376 14 3377 15 3378 14 3379 15 3380 16 3381 17 3382 14 3383 15 3384 16 3385 17 3386 14 3387 15 3388 16 3389 17 3390 6 3391 7 3392 12 3393 13 3394 6 3395 7 3396 12 3397 13 3398 18 3399 19 3400 25 3401 26 3402 4 3403 5 3404 23 3405 24 3406 4 3407 5 3408 23 3409 24 3410 4 3411 5 3412 23 3413 24 3414 4 3415 5 3416 25 3417 26 3418 4 3419 5 3420 25 3421 26 3422 4 3423 5 3424 25 3425 26 3426 4 3427 5 3428 22 3429 25 3430 4 3431 5 3432 25 3433 26 3434 4 3435 5 3436 25 3437 26 3438 4 3439 5 3440 23 3441 24 3442 4 3443 5 3444 23 3445 24 3446</v>
        </vertex_weights>
      </skin>
    </controller>
  </library_controllers>
  <library_visual_scenes>
    <visual_scene id="Scene" name="Scene">
      <node id="GanondorfRig" name="GanondorfRig" type="NODE">
        <matrix sid="transform">1 0 0 0 0 1 0 0 0 0 1 0 0 0 0 1</matrix>
        <node id="GanondorfRig_mPelvis" name="mPelvis" sid="mPelvis" type="JOINT">
          <matrix sid="transform">1 0 0 0 0 1 0 0 0 0 1 1.067 0 0 0 1</matrix>
          <node id="GanondorfRig_PELVIS" name="PELVIS" sid="PELVIS" type="JOINT">
            <matrix sid="transform">1 0 0 -0.01 0 1 0 0 0 0 1 -0.01999998 0 0 0 1</matrix>
            <extra>
              <technique profile="blender">
                <layer sid="layer" type="string">0</layer>
                <roll sid="roll" type="float">0.1396263</roll>
                <tip_x sid="tip_x" type="float">0</tip_x>
                <tip_y sid="tip_y" type="float">0.02999997</tip_y>
                <tip_z sid="tip_z" type="float">0</tip_z>
              </technique>
            </extra>
          </node>
          <node id="GanondorfRig_BUTT" name="BUTT" sid="BUTT" type="JOINT">
            <matrix sid="transform">1 0 0 -0.06 0 1 0 0 0 0 1 -0.1 0 0 0 1</matrix>
            <extra>
              <technique profile="blender">
                <layer sid="layer" type="string">0</layer>
                <tip_x sid="tip_x" type="float">0</tip_x>
                <tip_y sid="tip_y" type="float">0.02999997</tip_y>
                <tip_z sid="tip_z" type="float">0</tip_z>
              </technique>
            </extra>
          </node>
          <node id="GanondorfRig_mSpine1" name="mSpine1" sid="mSpine1" type="JOINT">
            <matrix sid="transform">1 0 0 0 0 1 0 0 0 0 1 0.08399999 0 0 0 1</matrix>
            <node id="GanondorfRig_mSpine2" name="mSpine2" sid="mSpine2" type="JOINT">
              <matrix sid="transform">1 0 0 0 0 1 0 0 0 0 1 -0.08399999 0 0 0 1</matrix>
              <node id="GanondorfRig_mTorso" name="mTorso" sid="mTorso" type="JOINT">
                <matrix sid="transform">1 0 0 0 0 1 0 0 0 0 1 0.08399999 0 0 0 1</matrix>
                <node id="GanondorfRig_BELLY" name="BELLY" sid="BELLY" type="JOINT">
                  <matrix sid="transform">1 0 0 0.028 0 1 0 0 0 0 1 0.03999996 0 0 0 1</matrix>
                  <extra>
                    <technique profile="blender">
                      <layer sid="layer" type="string">0</layer>
                      <roll sid="roll" type="float">0.1396263</roll>
                      <tip_x sid="tip_x" type="float">0</tip_x>
                      <tip_y sid="tip_y" type="float">0.02999997</tip_y>
                      <tip_z sid="tip_z" type="float">0</tip_z>
                    </technique>
                  </extra>
                </node>
                <node id="GanondorfRig_LEFT_HANDLE" name="LEFT_HANDLE" sid="LEFT_HANDLE" type="JOINT">
                  <matrix sid="transform">1 0 0 0 0 1 0 0.1 0 0 1 0.05799997 0 0 0 1</matrix>
                  <extra>
                    <technique profile="blender">
                      <layer sid="layer" type="string">0</layer>
                      <tip_x sid="tip_x" type="float">0</tip_x>
                      <tip_y sid="tip_y" type="float">0.02999997</tip_y>
                      <tip_z sid="tip_z" type="float">0</tip_z>
                    </technique>
                  </extra>
                </node>
                <node id="GanondorfRig_RIGHT_HANDLE" name="RIGHT_HANDLE" sid="RIGHT_HANDLE" type="JOINT">
                  <matrix sid="transform">1 0 0 0 0 1 0 -0.09999999 0 0 1 0.05799997 0 0 0 1</matrix>
                  <extra>
                    <technique profile="blender">
                      <layer sid="layer" type="string">0</layer>
                      <tip_x sid="tip_x" type="float">0</tip_x>
                      <tip_y sid="tip_y" type="float">0.02999997</tip_y>
                      <tip_z sid="tip_z" type="float">0</tip_z>
                    </technique>
                  </extra>
                </node>
                <node id="GanondorfRig_LOWER_BACK" name="LOWER_BACK" sid="LOWER_BACK" type="JOINT">
                  <matrix sid="transform">1 0 0 0 0 1 0 0 0 0 1 0.023 0 0 0 1</matrix>
                  <extra>
                    <technique profile="blender">
                      <layer sid="layer" type="string">0</layer>
                      <tip_x sid="tip_x" type="float">0</tip_x>
                      <tip_y sid="tip_y" type="float">0.02999997</tip_y>
                      <tip_z sid="tip_z" type="float">0</tip_z>
                    </technique>
                  </extra>
                </node>
                <node id="GanondorfRig_mSpine3" name="mSpine3" sid="mSpine3" type="JOINT">
                  <matrix sid="transform">1 0 0 -0.015 0 1 0 0 0 0 1 0.2049999 0 0 0 1</matrix>
                  <node id="GanondorfRig_mSpine4" name="mSpine4" sid="mSpine4" type="JOINT">
                    <matrix sid="transform">1 0 0 0.015 0 1 0 0 0 0 1 -0.2049999 0 0 0 1</matrix>
                    <node id="GanondorfRig_mChest" name="mChest" sid="mChest" type="JOINT">
                      <matrix sid="transform">1 0 0 -0.015 0 1 0 0 0 0 1 0.2049999 0 0 0 1</matrix>
                      <node id="GanondorfRig_CHEST" name="CHEST" sid="CHEST" type="JOINT">
                        <matrix sid="transform">1 0 -1.49012e-8 0.028 0 1 0 0 1.49012e-8 0 1 0.07000005 0 0 0 1</matrix>
                        <extra>
                          <technique profile="blender">
                            <layer sid="layer" type="string">0</layer>
                            <roll sid="roll" type="float">-0.1745329</roll>
                            <tip_x sid="tip_x" type="float">0</tip_x>
                            <tip_y sid="tip_y" type="float">0.02999997</tip_y>
                            <tip_z sid="tip_z" type="float">0</tip_z>
                          </technique>
                        </extra>
                      </node>
                      <node id="GanondorfRig_LEFT_PEC" name="LEFT_PEC" sid="LEFT_PEC" type="JOINT">
                        <matrix sid="transform">1 0 0 0.119 0 1 0 0.082 0 0 1 0.04200006 0 0 0 1</matrix>
                        <extra>
                          <technique profile="blender">
                            <layer sid="layer" type="string">0</layer>
                            <roll sid="roll" type="float">0.07487457</roll>
                            <tip_x sid="tip_x" type="float">0</tip_x>
                            <tip_y sid="tip_y" type="float">0.02999997</tip_y>
                            <tip_z sid="tip_z" type="float">0</tip_z>
                          </technique>
                        </extra>
                      </node>
                      <node id="GanondorfRig_RIGHT_PEC" name="RIGHT_PEC" sid="RIGHT_PEC" type="JOINT">
                        <matrix sid="transform">1 0 0 0.119 0 1 0 -0.082 0 0 1 0.04200006 0 0 0 1</matrix>
                        <extra>
                          <technique profile="blender">
                            <layer sid="layer" type="string">0</layer>
                            <roll sid="roll" type="float">0.07487457</roll>
                            <tip_x sid="tip_x" type="float">0</tip_x>
                            <tip_y sid="tip_y" type="float">0.02999997</tip_y>
                            <tip_z sid="tip_z" type="float">0</tip_z>
                          </technique>
                        </extra>
                      </node>
                      <node id="GanondorfRig_UPPER_BACK" name="UPPER_BACK" sid="UPPER_BACK" type="JOINT">
                        <matrix sid="transform">1 0 0 0 0 1 0 0 0 0 1 0.01700008 0 0 0 1</matrix>
                        <extra>
                          <technique profile="blender">
                            <layer sid="layer" type="string">0</layer>
                            <tip_x sid="tip_x" type="float">0</tip_x>
                            <tip_y sid="tip_y" type="float">0.02999997</tip_y>
                            <tip_z sid="tip_z" type="float">0</tip_z>
                          </technique>
                        </extra>
                      </node>
                      <node id="GanondorfRig_mNeck" name="mNeck" sid="mNeck" type="JOINT">
                        <matrix sid="transform">1 0 0 -0.01 0 1 0 0 0 0 1 0.251 0 0 0 1</matrix>
                        <node id="GanondorfRig_NECK" name="NECK" sid="NECK" type="JOINT">
                          <matrix sid="transform">1 0 0 0 0 1 0 0 0 0 1 0.01999998 0 0 0 1</matrix>
                          <extra>
                            <technique profile="blender">
                              <layer sid="layer" type="string">0</layer>
                              <tip_x sid="tip_x" type="float">0</tip_x>
                              <tip_y sid="tip_y" type="float">0.02999997</tip_y>
                              <tip_z sid="tip_z" type="float">0</tip_z>
                            </technique>
                          </extra>
                        </node>
                        <node id="GanondorfRig_mHead" name="mHead" sid="mHead" type="JOINT">
                          <matrix sid="transform">1 0 0 0 0 1 0 0 0 0 1 0.07599998 0 0 0 1</matrix>
                          <node id="GanondorfRig_HEAD" name="HEAD" sid="HEAD" type="JOINT">
                            <matrix sid="transform">1 0 0 0.02 0 1 0 0 0 0 1 0.07000005 0 0 0 1</matrix>
                            <extra>
                              <technique profile="blender">
                                <layer sid="layer" type="string">0</layer>
                                <tip_x sid="tip_x" type="float">0</tip_x>
                                <tip_y sid="tip_y" type="float">0.02999997</tip_y>
                                <tip_z sid="tip_z" type="float">0</tip_z>
                              </technique>
                            </extra>
                          </node>
                          <node id="GanondorfRig_mSkull" name="mSkull" sid="mSkull" type="JOINT">
                            <matrix sid="transform">1 0 0 0 0 1 0 0 0 0 1 0.079 0 0 0 1</matrix>
                            <extra>
                              <technique profile="blender">
                                <layer sid="layer" type="string">0</layer>
                                <tip_x sid="tip_x" type="float">0</tip_x>
                                <tip_y sid="tip_y" type="float">0.02999997</tip_y>
                                <tip_z sid="tip_z" type="float">0</tip_z>
                              </technique>
                            </extra>
                          </node>
                          <node id="GanondorfRig_mEyeRight" name="mEyeRight" sid="mEyeRight" type="JOINT">
                            <matrix sid="transform">1 0 0 0.098 0 1 0 -0.036 0 0 1 0.079 0 0 0 1</matrix>
                            <extra>
                              <technique profile="blender">
                                <layer sid="layer" type="string">0</layer>
                                <tip_x sid="tip_x" type="float">0</tip_x>
                                <tip_y sid="tip_y" type="float">0.02999997</tip_y>
                                <tip_z sid="tip_z" type="float">0</tip_z>
                              </technique>
                            </extra>
                          </node>
                          <node id="GanondorfRig_mEyeLeft" name="mEyeLeft" sid="mEyeLeft" type="JOINT">
                            <matrix sid="transform">1 0 0 0.098 0 1 0 0.036 0 0 1 0.079 0 0 0 1</matrix>
                            <extra>
                              <technique profile="blender">
                                <layer sid="layer" type="string">0</layer>
                                <tip_x sid="tip_x" type="float">0</tip_x>
                                <tip_y sid="tip_y" type="float">0.02999997</tip_y>
                                <tip_z sid="tip_z" type="float">0</tip_z>
                              </technique>
                            </extra>
                          </node>
                          <node id="GanondorfRig_mFaceRoot" name="mFaceRoot" sid="mFaceRoot" type="JOINT">
                            <matrix sid="transform">1 0 0 0.025 0 1 0 0 0 0 1 0.04500008 0 0 0 1</matrix>
                            <node id="GanondorfRig_mFaceEyeAltRight" name="mFaceEyeAltRight" sid="mFaceEyeAltRight" type="JOINT">
                              <matrix sid="transform">1 0 0 0.073 0 1 0 -0.036 0 0 1 0.03399992 0 0 0 1</matrix>
                              <extra>
                                <technique profile="blender">
                                  <layer sid="layer" type="string">0</layer>
                                  <tip_x sid="tip_x" type="float">0</tip_x>
                                  <tip_y sid="tip_y" type="float">0.02999997</tip_y>
                                  <tip_z sid="tip_z" type="float">0</tip_z>
                                </technique>
                              </extra>
                            </node>
                            <node id="GanondorfRig_mFaceEyeAltLeft" name="mFaceEyeAltLeft" sid="mFaceEyeAltLeft" type="JOINT">
                              <matrix sid="transform">1 0 0 0.073 0 1 0 0.036 0 0 1 0.03399992 0 0 0 1</matrix>
                              <extra>
                                <technique profile="blender">
                                  <layer sid="layer" type="string">0</layer>
                                  <tip_x sid="tip_x" type="float">0</tip_x>
                                  <tip_y sid="tip_y" type="float">0.02999997</tip_y>
                                  <tip_z sid="tip_z" type="float">0</tip_z>
                                </technique>
                              </extra>
                            </node>
                            <node id="GanondorfRig_mFaceForeheadLeft" name="mFaceForeheadLeft" sid="mFaceForeheadLeft" type="JOINT">
                              <matrix sid="transform">1 0 0 0.061 0 1 0 0.035 0 0 1 0.08299994 0 0 0 1</matrix>
                              <extra>
                                <technique profile="blender">
                                  <layer sid="layer" type="string">0</layer>
                                  <tip_x sid="tip_x" type="float">0</tip_x>
                                  <tip_y sid="tip_y" type="float">0.02999997</tip_y>
                                  <tip_z sid="tip_z" type="float">0</tip_z>
                                </technique>
                              </extra>
                            </node>
                            <node id="GanondorfRig_mFaceForeheadRight" name="mFaceForeheadRight" sid="mFaceForeheadRight" type="JOINT">
                              <matrix sid="transform">1 0 0 0.061 0 1 0 -0.035 0 0 1 0.08299994 0 0 0 1</matrix>
                              <extra>
                                <technique profile="blender">
                                  <layer sid="layer" type="string">0</layer>
                                  <tip_x sid="tip_x" type="float">0</tip_x>
                                  <tip_y sid="tip_y" type="float">0.02999997</tip_y>
                                  <tip_z sid="tip_z" type="float">0</tip_z>
                                </technique>
                              </extra>
                            </node>
                            <node id="GanondorfRig_mFaceEyebrowOuterLeft" name="mFaceEyebrowOuterLeft" sid="mFaceEyebrowOuterLeft" type="JOINT">
                              <matrix sid="transform">1 0 0 0.064 0 1 0 0.051 0 0 1 0.04799998 0 0 0 1</matrix>
                              <extra>
                                <technique profile="blender">
                                  <layer sid="layer" type="string">0</layer>
                                  <tip_x sid="tip_x" type="float">0</tip_x>
                                  <tip_y sid="tip_y" type="float">0.02999997</tip_y>
                                  <tip_z sid="tip_z" type="float">0</tip_z>
                                </technique>
                              </extra>
                            </node>
                            <node id="GanondorfRig_mFaceEyebrowCenterLeft" name="mFaceEyebrowCenterLeft" sid="mFaceEyebrowCenterLeft" type="JOINT">
                              <matrix sid="transform">1 0 0 0.07 0 1 0 0.043 0 0 1 0.05599999 0 0 0 1</matrix>
                              <extra>
                                <technique profile="blender">
                                  <layer sid="layer" type="string">0</layer>
                                  <tip_x sid="tip_x" type="float">0</tip_x>
                                  <tip_y sid="tip_y" type="float">0.02999997</tip_y>
                                  <tip_z sid="tip_z" type="float">0</tip_z>
                                </technique>
                              </extra>
                            </node>
                            <node id="GanondorfRig_mFaceEyebrowInnerLeft" name="mFaceEyebrowInnerLeft" sid="mFaceEyebrowInnerLeft" type="JOINT">
                              <matrix sid="transform">1 0 0 0.075 0 1 0 0.022 0 0 1 0.051 0 0 0 1</matrix>
                              <extra>
                                <technique profile="blender">
                                  <layer sid="layer" type="string">0</layer>
                                  <tip_x sid="tip_x" type="float">0</tip_x>
                                  <tip_y sid="tip_y" type="float">0.02999997</tip_y>
                                  <tip_z sid="tip_z" type="float">0</tip_z>
                                </technique>
                              </extra>
                            </node>
                            <node id="GanondorfRig_mFaceEyebrowOuterRight" name="mFaceEyebrowOuterRight" sid="mFaceEyebrowOuterRight" type="JOINT">
                              <matrix sid="transform">1 0 0 0.064 0 1 0 -0.051 0 0 1 0.04799998 0 0 0 1</matrix>
                              <extra>
                                <technique profile="blender">
                                  <layer sid="layer" type="string">0</layer>
                                  <tip_x sid="tip_x" type="float">0</tip_x>
                                  <tip_y sid="tip_y" type="float">0.02999997</tip_y>
                                  <tip_z sid="tip_z" type="float">0</tip_z>
                                </technique>
                              </extra>
                            </node>
                            <node id="GanondorfRig_mFaceEyebrowCenterRight" name="mFaceEyebrowCenterRight" sid="mFaceEyebrowCenterRight" type="JOINT">
                              <matrix sid="transform">1 0 0 0.07 0 1 0 -0.043 0 0 1 0.05599999 0 0 0 1</matrix>
                              <extra>
                                <technique profile="blender">
                                  <layer sid="layer" type="string">0</layer>
                                  <tip_x sid="tip_x" type="float">0</tip_x>
                                  <tip_y sid="tip_y" type="float">0.02999997</tip_y>
                                  <tip_z sid="tip_z" type="float">0</tip_z>
                                </technique>
                              </extra>
                            </node>
                            <node id="GanondorfRig_mFaceEyebrowInnerRight" name="mFaceEyebrowInnerRight" sid="mFaceEyebrowInnerRight" type="JOINT">
                              <matrix sid="transform">1 0 0 0.075 0 1 0 -0.022 0 0 1 0.051 0 0 0 1</matrix>
                              <extra>
                                <technique profile="blender">
                                  <layer sid="layer" type="string">0</layer>
                                  <tip_x sid="tip_x" type="float">0</tip_x>
                                  <tip_y sid="tip_y" type="float">0.02999997</tip_y>
                                  <tip_z sid="tip_z" type="float">0</tip_z>
                                </technique>
                              </extra>
                            </node>
                            <node id="GanondorfRig_mFaceEyeLidUpperLeft" name="mFaceEyeLidUpperLeft" sid="mFaceEyeLidUpperLeft" type="JOINT">
                              <matrix sid="transform">1 0 0 0.073 0 1 0 0.036 0 0 1 0.03399992 0 0 0 1</matrix>
                              <extra>
                                <technique profile="blender">
                                  <layer sid="layer" type="string">0</layer>
                                  <tip_x sid="tip_x" type="float">0</tip_x>
                                  <tip_y sid="tip_y" type="float">0.02999997</tip_y>
                                  <tip_z sid="tip_z" type="float">0</tip_z>
                                </technique>
                              </extra>
                            </node>
                            <node id="GanondorfRig_mFaceEyeLidLowerLeft" name="mFaceEyeLidLowerLeft" sid="mFaceEyeLidLowerLeft" type="JOINT">
                              <matrix sid="transform">1 0 0 0.073 0 1 0 0.036 0 0 1 0.03399992 0 0 0 1</matrix>
                              <extra>
                                <technique profile="blender">
                                  <layer sid="layer" type="string">0</layer>
                                  <tip_x sid="tip_x" type="float">0</tip_x>
                                  <tip_y sid="tip_y" type="float">0.02999997</tip_y>
                                  <tip_z sid="tip_z" type="float">0</tip_z>
                                </technique>
                              </extra>
                            </node>
                            <node id="GanondorfRig_mFaceEyeLidUpperRight" name="mFaceEyeLidUpperRight" sid="mFaceEyeLidUpperRight" type="JOINT">
                              <matrix sid="transform">1 0 0 0.073 0 1 0 -0.036 0 0 1 0.03399992 0 0 0 1</matrix>
                              <extra>
                                <technique profile="blender">
                                  <layer sid="layer" type="string">0</layer>
                                  <tip_x sid="tip_x" type="float">0</tip_x>
                                  <tip_y sid="tip_y" type="float">0.02999997</tip_y>
                                  <tip_z sid="tip_z" type="float">0</tip_z>
                                </technique>
                              </extra>
                            </node>
                            <node id="GanondorfRig_mFaceEyeLidLowerRight" name="mFaceEyeLidLowerRight" sid="mFaceEyeLidLowerRight" type="JOINT">
                              <matrix sid="transform">1 0 0 0.073 0 1 0 -0.036 0 0 1 0.03399992 0 0 0 1</matrix>
                              <extra>
                                <technique profile="blender">
                                  <layer sid="layer" type="string">0</layer>
                                  <tip_x sid="tip_x" type="float">0</tip_x>
                                  <tip_y sid="tip_y" type="float">0.02999997</tip_y>
                                  <tip_z sid="tip_z" type="float">0</tip_z>
                                </technique>
                              </extra>
                            </node>
                            <node id="GanondorfRig_mFaceEar1Left" name="mFaceEar1Left" sid="mFaceEar1Left" type="JOINT">
                              <matrix sid="transform">1 0 0 0 0 1 0 0.08 0 0 1 0.001999974 0 0 0 1</matrix>
                              <node id="GanondorfRig_mFaceEar2Left" name="mFaceEar2Left" sid="mFaceEar2Left" type="JOINT">
                                <matrix sid="transform">1 0 0 -0.019 0 1 0 0.018 0 0 1 0.02499998 0 0 0 1</matrix>
                                <extra>
                                  <technique profile="blender">
                                    <layer sid="layer" type="string">0</layer>
                                    <tip_x sid="tip_x" type="float">0</tip_x>
                                    <tip_y sid="tip_y" type="float">0.02999997</tip_y>
                                    <tip_z sid="tip_z" type="float">0</tip_z>
                                  </technique>
                                </extra>
                              </node>
                              <extra>
                                <technique profile="blender">
                                  <layer sid="layer" type="string">0</layer>
                                  <tip_x sid="tip_x" type="float">0</tip_x>
                                  <tip_y sid="tip_y" type="float">0.02999997</tip_y>
                                  <tip_z sid="tip_z" type="float">0</tip_z>
                                </technique>
                              </extra>
                            </node>
                            <node id="GanondorfRig_mFaceEar1Right" name="mFaceEar1Right" sid="mFaceEar1Right" type="JOINT">
                              <matrix sid="transform">1 0 0 0 0 1 0 -0.08 0 0 1 0.001999974 0 0 0 1</matrix>
                              <node id="GanondorfRig_mFaceEar2Right" name="mFaceEar2Right" sid="mFaceEar2Right" type="JOINT">
                                <matrix sid="transform">1 0 0 -0.019 0 1 0 -0.018 0 0 1 0.02499998 0 0 0 1</matrix>
                                <extra>
                                  <technique profile="blender">
                                    <layer sid="layer" type="string">0</layer>
                                    <tip_x sid="tip_x" type="float">0</tip_x>
                                    <tip_y sid="tip_y" type="float">0.02999997</tip_y>
                                    <tip_z sid="tip_z" type="float">0</tip_z>
                                  </technique>
                                </extra>
                              </node>
                              <extra>
                                <technique profile="blender">
                                  <layer sid="layer" type="string">0</layer>
                                  <tip_x sid="tip_x" type="float">0</tip_x>
                                  <tip_y sid="tip_y" type="float">0.02999997</tip_y>
                                  <tip_z sid="tip_z" type="float">0</tip_z>
                                </technique>
                              </extra>
                            </node>
                            <node id="GanondorfRig_mFaceNoseLeft" name="mFaceNoseLeft" sid="mFaceNoseLeft" type="JOINT">
                              <matrix sid="transform">1 0 0 0.086 0 1 0 0.015 0 0 1 -0.004000068 0 0 0 1</matrix>
                              <extra>
                                <technique profile="blender">
                                  <layer sid="layer" type="string">0</layer>
                                  <tip_x sid="tip_x" type="float">0</tip_x>
                                  <tip_y sid="tip_y" type="float">0.02999997</tip_y>
                                  <tip_z sid="tip_z" type="float">0</tip_z>
                                </technique>
                              </extra>
                            </node>
                            <node id="GanondorfRig_mFaceNoseCenter" name="mFaceNoseCenter" sid="mFaceNoseCenter" type="JOINT">
                              <matrix sid="transform">1 0 0 0.102 0 1 0 0 0 0 1 0 0 0 0 1</matrix>
                              <extra>
                                <technique profile="blender">
                                  <layer sid="layer" type="string">0</layer>
                                  <tip_x sid="tip_x" type="float">0</tip_x>
                                  <tip_y sid="tip_y" type="float">0.02999997</tip_y>
                                  <tip_z sid="tip_z" type="float">0</tip_z>
                                </technique>
                              </extra>
                            </node>
                            <node id="GanondorfRig_mFaceNoseRight" name="mFaceNoseRight" sid="mFaceNoseRight" type="JOINT">
                              <matrix sid="transform">1 0 0 0.086 0 1 0 -0.015 0 0 1 -0.004000068 0 0 0 1</matrix>
                              <extra>
                                <technique profile="blender">
                                  <layer sid="layer" type="string">0</layer>
                                  <tip_x sid="tip_x" type="float">0</tip_x>
                                  <tip_y sid="tip_y" type="float">0.02999997</tip_y>
                                  <tip_z sid="tip_z" type="float">0</tip_z>
                                </technique>
                              </extra>
                            </node>
                            <node id="GanondorfRig_mFaceCheekLowerLeft" name="mFaceCheekLowerLeft" sid="mFaceCheekLowerLeft" type="JOINT">
                              <matrix sid="transform">1 0 0 0.05 0 1 0 0.034 0 0 1 -0.03100002 0 0 0 1</matrix>
                              <extra>
                                <technique profile="blender">
                                  <layer sid="layer" type="string">0</layer>
                                  <tip_x sid="tip_x" type="float">0</tip_x>
                                  <tip_y sid="tip_y" type="float">0.02999997</tip_y>
                                  <tip_z sid="tip_z" type="float">0</tip_z>
                                </technique>
                              </extra>
                            </node>
                            <node id="GanondorfRig_mFaceCheekUpperLeft" name="mFaceCheekUpperLeft" sid="mFaceCheekUpperLeft" type="JOINT">
                              <matrix sid="transform">1 0 0 0.07 0 1 0 0.034 0 0 1 -0.004999995 0 0 0 1</matrix>
                              <extra>
                                <technique profile="blender">
                                  <layer sid="layer" type="string">0</layer>
                                  <tip_x sid="tip_x" type="float">0</tip_x>
                                  <tip_y sid="tip_y" type="float">0.02999997</tip_y>
                                  <tip_z sid="tip_z" type="float">0</tip_z>
                                </technique>
                              </extra>
                            </node>
                            <node id="GanondorfRig_mFaceCheekLowerRight" name="mFaceCheekLowerRight" sid="mFaceCheekLowerRight" type="JOINT">
                              <matrix sid="transform">1 0 0 0.05 0 1 0 -0.034 0 0 1 -0.03100002 0 0 0 1</matrix>
                              <extra>
                                <technique profile="blender">
                                  <layer sid="layer" type="string">0</layer>
                                  <tip_x sid="tip_x" type="float">0</tip_x>
                                  <tip_y sid="tip_y" type="float">0.02999997</tip_y>
                                  <tip_z sid="tip_z" type="float">0</tip_z>
                                </technique>
                              </extra>
                            </node>
                            <node id="GanondorfRig_mFaceCheekUpperRight" name="mFaceCheekUpperRight" sid="mFaceCheekUpperRight" type="JOINT">
                              <matrix sid="transform">1 0 0 0.07 0 1 0 -0.034 0 0 1 -0.004999995 0 0 0 1</matrix>
                              <extra>
                                <technique profile="blender">
                                  <layer sid="layer" type="string">0</layer>
                                  <tip_x sid="tip_x" type="float">0</tip_x>
                                  <tip_y sid="tip_y" type="float">0.02999997</tip_y>
                                  <tip_z sid="tip_z" type="float">0</tip_z>
                                </technique>
                              </extra>
                            </node>
                            <node id="GanondorfRig_mFaceJaw" name="mFaceJaw" sid="mFaceJaw" type="JOINT">
                              <matrix sid="transform">1 0 0 -0.001 0 1 0 0 0 0 1 -0.01499999 0 0 0 1</matrix>
                              <node id="GanondorfRig_mFaceChin" name="mFaceChin" sid="mFaceChin" type="JOINT">
                                <matrix sid="transform">1 0 0 0.074 0 1 0 0 0 0 1 -0.05400002 0 0 0 1</matrix>
                                <extra>
                                  <technique profile="blender">
                                    <layer sid="layer" type="string">0</layer>
                                    <tip_x sid="tip_x" type="float">0</tip_x>
                                    <tip_y sid="tip_y" type="float">0.02999997</tip_y>
                                    <tip_z sid="tip_z" type="float">0</tip_z>
                                  </technique>
                                </extra>
                              </node>
                              <node id="GanondorfRig_mFaceTeethLower" name="mFaceTeethLower" sid="mFaceTeethLower" type="JOINT">
                                <matrix sid="transform">1 0 0 0.021 0 1 0 0 0 0 1 -0.03900003 0 0 0 1</matrix>
                                <node id="GanondorfRig_mFaceLipLowerLeft" name="mFaceLipLowerLeft" sid="mFaceLipLowerLeft" type="JOINT">
                                  <matrix sid="transform">1 0 0 0.045 0 1 0 0 0 0 1 0 0 0 0 1</matrix>
                                  <extra>
                                    <technique profile="blender">
                                      <layer sid="layer" type="string">0</layer>
                                      <tip_x sid="tip_x" type="float">0</tip_x>
                                      <tip_y sid="tip_y" type="float">0.02999997</tip_y>
                                      <tip_z sid="tip_z" type="float">0</tip_z>
                                    </technique>
                                  </extra>
                                </node>
                                <node id="GanondorfRig_mFaceLipLowerRight" name="mFaceLipLowerRight" sid="mFaceLipLowerRight" type="JOINT">
                                  <matrix sid="transform">1 0 0 0.045 0 1 0 0 0 0 1 0 0 0 0 1</matrix>
                                  <extra>
                                    <technique profile="blender">
                                      <layer sid="layer" type="string">0</layer>
                                      <tip_x sid="tip_x" type="float">0</tip_x>
                                      <tip_y sid="tip_y" type="float">0.02999997</tip_y>
                                      <tip_z sid="tip_z" type="float">0</tip_z>
                                    </technique>
                                  </extra>
                                </node>
                                <node id="GanondorfRig_mFaceLipLowerCenter" name="mFaceLipLowerCenter" sid="mFaceLipLowerCenter" type="JOINT">
                                  <matrix sid="transform">1 0 0 0.045 0 1 0 0 0 0 1 0 0 0 0 1</matrix>
                                  <extra>
                                    <technique profile="blender">
                                      <layer sid="layer" type="string">0</layer>
                                      <tip_x sid="tip_x" type="float">0</tip_x>
                                      <tip_y sid="tip_y" type="float">0.02999997</tip_y>
                                      <tip_z sid="tip_z" type="float">0</tip_z>
                                    </technique>
                                  </extra>
                                </node>
                                <node id="GanondorfRig_mFaceTongueBase" name="mFaceTongueBase" sid="mFaceTongueBase" type="JOINT">
                                  <matrix sid="transform">1 0 0 0.039 0 1 0 0 0 0 1 0.004999995 0 0 0 1</matrix>
                                  <node id="GanondorfRig_mFaceTongueTip" name="mFaceTongueTip" sid="mFaceTongueTip" type="JOINT">
                                    <matrix sid="transform">1 0 0 0.022 0 1 0 0 0 0 1 0.006999969 0 0 0 1</matrix>
                                    <extra>
                                      <technique profile="blender">
                                        <layer sid="layer" type="string">0</layer>
                                        <tip_x sid="tip_x" type="float">0</tip_x>
                                        <tip_y sid="tip_y" type="float">0.02999997</tip_y>
                                        <tip_z sid="tip_z" type="float">0</tip_z>
                                      </technique>
                                    </extra>
                                  </node>
                                  <extra>
                                    <technique profile="blender">
                                      <layer sid="layer" type="string">0</layer>
                                      <tip_x sid="tip_x" type="float">0</tip_x>
                                      <tip_y sid="tip_y" type="float">0.02999997</tip_y>
                                      <tip_z sid="tip_z" type="float">0</tip_z>
                                    </technique>
                                  </extra>
                                </node>
                                <extra>
                                  <technique profile="blender">
                                    <layer sid="layer" type="string">0</layer>
                                    <tip_x sid="tip_x" type="float">0</tip_x>
                                    <tip_y sid="tip_y" type="float">0.02999997</tip_y>
                                    <tip_z sid="tip_z" type="float">0</tip_z>
                                  </technique>
                                </extra>
                              </node>
                              <extra>
                                <technique profile="blender">
                                  <layer sid="layer" type="string">0</layer>
                                  <tip_x sid="tip_x" type="float">0</tip_x>
                                  <tip_y sid="tip_y" type="float">0.02999997</tip_y>
                                  <tip_z sid="tip_z" type="float">0</tip_z>
                                </technique>
                              </extra>
                            </node>
                            <node id="GanondorfRig_mFaceJawShaper" name="mFaceJawShaper" sid="mFaceJawShaper" type="JOINT">
                              <matrix sid="transform">1 0 0 0 0 1 0 0 0 0 1 0 0 0 0 1</matrix>
                              <extra>
                                <technique profile="blender">
                                  <layer sid="layer" type="string">0</layer>
                                  <tip_x sid="tip_x" type="float">0</tip_x>
                                  <tip_y sid="tip_y" type="float">0.02999997</tip_y>
                                  <tip_z sid="tip_z" type="float">0</tip_z>
                                </technique>
                              </extra>
                            </node>
                            <node id="GanondorfRig_mFaceForeheadCenter" name="mFaceForeheadCenter" sid="mFaceForeheadCenter" type="JOINT">
                              <matrix sid="transform">1 0 0 0.069 0 1 0 0 0 0 1 0.06499994 0 0 0 1</matrix>
                              <extra>
                                <technique profile="blender">
                                  <layer sid="layer" type="string">0</layer>
                                  <tip_x sid="tip_x" type="float">0</tip_x>
                                  <tip_y sid="tip_y" type="float">0.02999997</tip_y>
                                  <tip_z sid="tip_z" type="float">0</tip_z>
                                </technique>
                              </extra>
                            </node>
                            <node id="GanondorfRig_mFaceNoseBase" name="mFaceNoseBase" sid="mFaceNoseBase" type="JOINT">
                              <matrix sid="transform">1 0 0 0.094 0 1 0 0 0 0 1 -0.01600003 0 0 0 1</matrix>
                              <extra>
                                <technique profile="blender">
                                  <layer sid="layer" type="string">0</layer>
                                  <tip_x sid="tip_x" type="float">0</tip_x>
                                  <tip_y sid="tip_y" type="float">0.02999997</tip_y>
                                  <tip_z sid="tip_z" type="float">0</tip_z>
                                </technique>
                              </extra>
                            </node>
                            <node id="GanondorfRig_mFaceTeethUpper" name="mFaceTeethUpper" sid="mFaceTeethUpper" type="JOINT">
                              <matrix sid="transform">1 0 0 0.02 0 1 0 0 0 0 1 -0.03000009 0 0 0 1</matrix>
                              <node id="GanondorfRig_mFaceLipUpperLeft" name="mFaceLipUpperLeft" sid="mFaceLipUpperLeft" type="JOINT">
                                <matrix sid="transform">1 0 0 0.045 0 1 0 0 0 0 1 -0.002999902 0 0 0 1</matrix>
                                <extra>
                                  <technique profile="blender">
                                    <layer sid="layer" type="string">0</layer>
                                    <tip_x sid="tip_x" type="float">0</tip_x>
                                    <tip_y sid="tip_y" type="float">0.02999997</tip_y>
                                    <tip_z sid="tip_z" type="float">0</tip_z>
                                  </technique>
                                </extra>
                              </node>
                              <node id="GanondorfRig_mFaceLipUpperRight" name="mFaceLipUpperRight" sid="mFaceLipUpperRight" type="JOINT">
                                <matrix sid="transform">1 0 0 0.045 0 1 0 0 0 0 1 -0.002999902 0 0 0 1</matrix>
                                <extra>
                                  <technique profile="blender">
                                    <layer sid="layer" type="string">0</layer>
                                    <tip_x sid="tip_x" type="float">0</tip_x>
                                    <tip_y sid="tip_y" type="float">0.02999997</tip_y>
                                    <tip_z sid="tip_z" type="float">0</tip_z>
                                  </technique>
                                </extra>
                              </node>
                              <node id="GanondorfRig_mFaceLipCornerLeft" name="mFaceLipCornerLeft" sid="mFaceLipCornerLeft" type="JOINT">
                                <matrix sid="transform">1 0 0 0.028 0 1 0 -0.019 0 0 1 -0.00999999 0 0 0 1</matrix>
                                <extra>
                                  <technique profile="blender">
                                    <layer sid="layer" type="string">0</layer>
                                    <tip_x sid="tip_x" type="float">0</tip_x>
                                    <tip_y sid="tip_y" type="float">0.02999997</tip_y>
                                    <tip_z sid="tip_z" type="float">0</tip_z>
                                  </technique>
                                </extra>
                              </node>
                              <node id="GanondorfRig_mFaceLipCornerRight" name="mFaceLipCornerRight" sid="mFaceLipCornerRight" type="JOINT">
                                <matrix sid="transform">1 0 0 0.028 0 1 0 0.019 0 0 1 -0.00999999 0 0 0 1</matrix>
                                <extra>
                                  <technique profile="blender">
                                    <layer sid="layer" type="string">0</layer>
                                    <tip_x sid="tip_x" type="float">0</tip_x>
                                    <tip_y sid="tip_y" type="float">0.02999997</tip_y>
                                    <tip_z sid="tip_z" type="float">0</tip_z>
                                  </technique>
                                </extra>
                              </node>
                              <node id="GanondorfRig_mFaceLipUpperCenter" name="mFaceLipUpperCenter" sid="mFaceLipUpperCenter" type="JOINT">
                                <matrix sid="transform">1 0 0 0.045 0 1 0 0 0 0 1 -0.002999902 0 0 0 1</matrix>
                                <extra>
                                  <technique profile="blender">
                                    <layer sid="layer" type="string">0</layer>
                                    <tip_x sid="tip_x" type="float">0</tip_x>
                                    <tip_y sid="tip_y" type="float">0.02999997</tip_y>
                                    <tip_z sid="tip_z" type="float">0</tip_z>
                                  </technique>
                                </extra>
                              </node>
                              <extra>
                                <technique profile="blender">
                                  <layer sid="layer" type="string">0</layer>
                                  <tip_x sid="tip_x" type="float">0</tip_x>
                                  <tip_y sid="tip_y" type="float">0.02999997</tip_y>
                                  <tip_z sid="tip_z" type="float">0</tip_z>
                                </technique>
                              </extra>
                            </node>
                            <node id="GanondorfRig_mFaceEyecornerInnerLeft" name="mFaceEyecornerInnerLeft" sid="mFaceEyecornerInnerLeft" type="JOINT">
                              <matrix sid="transform">1 0 0 0.075 0 1 0 0.017 0 0 1 0.03199995 0 0 0 1</matrix>
                              <extra>
                                <technique profile="blender">
                                  <layer sid="layer" type="string">0</layer>
                                  <tip_x sid="tip_x" type="float">0</tip_x>
                                  <tip_y sid="tip_y" type="float">0.02999997</tip_y>
                                  <tip_z sid="tip_z" type="float">0</tip_z>
                                </technique>
                              </extra>
                            </node>
                            <node id="GanondorfRig_mFaceEyecornerInnerRight" name="mFaceEyecornerInnerRight" sid="mFaceEyecornerInnerRight" type="JOINT">
                              <matrix sid="transform">1 0 0 0.075 0 1 0 -0.017 0 0 1 0.03199995 0 0 0 1</matrix>
                              <extra>
                                <technique profile="blender">
                                  <layer sid="layer" type="string">0</layer>
                                  <tip_x sid="tip_x" type="float">0</tip_x>
                                  <tip_y sid="tip_y" type="float">0.02999997</tip_y>
                                  <tip_z sid="tip_z" type="float">0</tip_z>
                                </technique>
                              </extra>
                            </node>
                            <node id="GanondorfRig_mFaceNoseBridge" name="mFaceNoseBridge" sid="mFaceNoseBridge" type="JOINT">
                              <matrix sid="transform">1 0 0 0.091 0 1 0 0 0 0 1 0.01999998 0 0 0 1</matrix>
                              <extra>
                                <technique profile="blender">
                                  <layer sid="layer" type="string">0</layer>
                                  <tip_x sid="tip_x" type="float">0</tip_x>
                                  <tip_y sid="tip_y" type="float">0.02999997</tip_y>
                                  <tip_z sid="tip_z" type="float">0</tip_z>
                                </technique>
                              </extra>
                            </node>
                            <extra>
                              <technique profile="blender">
                                <layer sid="layer" type="string">0</layer>
                                <tip_x sid="tip_x" type="float">0</tip_x>
                                <tip_y sid="tip_y" type="float">0.02999997</tip_y>
                                <tip_z sid="tip_z" type="float">0</tip_z>
                              </technique>
                            </extra>
                          </node>
                          <extra>
                            <technique profile="blender">
                              <layer sid="layer" type="string">0</layer>
                              <tip_x sid="tip_x" type="float">0</tip_x>
                              <tip_y sid="tip_y" type="float">0.02999997</tip_y>
                              <tip_z sid="tip_z" type="float">0</tip_z>
                            </technique>
                          </extra>
                        </node>
                        <extra>
                          <technique profile="blender">
                            <layer sid="layer" type="string">0</layer>
                            <tip_x sid="tip_x" type="float">0</tip_x>
                            <tip_y sid="tip_y" type="float">0.02999997</tip_y>
                            <tip_z sid="tip_z" type="float">0</tip_z>
                          </technique>
                        </extra>
                      </node>
                      <node id="GanondorfRig_mCollarLeft" name="mCollarLeft" sid="mCollarLeft" type="JOINT">
                        <matrix sid="transform">1 0 0 -0.021 0 1 0 0.085 0 0 1 0.1650001 0 0 0 1</matrix>
                        <node id="GanondorfRig_L_CLAVICLE" name="L_CLAVICLE" sid="L_CLAVICLE" type="JOINT">
                          <matrix sid="transform">1 0 0 0.02 0 1 0 0 0 0 1 0.01999998 0 0 0 1</matrix>
                          <extra>
                            <technique profile="blender">
                              <layer sid="layer" type="string">0</layer>
                              <tip_x sid="tip_x" type="float">0</tip_x>
                              <tip_y sid="tip_y" type="float">0.02999997</tip_y>
                              <tip_z sid="tip_z" type="float">0</tip_z>
                            </technique>
                          </extra>
                        </node>
                        <node id="GanondorfRig_mShoulderLeft" name="mShoulderLeft" sid="mShoulderLeft" type="JOINT">
                          <matrix sid="transform">1 0 0 0 0 1 0 0.079 0 0 1 0 0 0 0 1</matrix>
                          <node id="GanondorfRig_L_UPPER_ARM" name="L_UPPER_ARM" sid="L_UPPER_ARM" type="JOINT">
                            <matrix sid="transform">1 0 0 0 0 1 0 0.12 0 0 1 0.00999999 0 0 0 1</matrix>
                            <extra>
                              <technique profile="blender">
                                <layer sid="layer" type="string">0</layer>
                                <tip_x sid="tip_x" type="float">0</tip_x>
                                <tip_y sid="tip_y" type="float">0.02988582</tip_y>
                                <tip_z sid="tip_z" type="float">-0.002614617</tip_z>
                              </technique>
                            </extra>
                          </node>
                          <node id="GanondorfRig_mElbowLeft" name="mElbowLeft" sid="mElbowLeft" type="JOINT">
                            <matrix sid="transform">1 0 0 0 0 1 0 0.248 0 0 1 0 0 0 0 1</matrix>
                            <node id="GanondorfRig_L_LOWER_ARM" name="L_LOWER_ARM" sid="L_LOWER_ARM" type="JOINT">
                              <matrix sid="transform">1 0 0 0 0 0.9999999 0 0.1 0 0 0.9999999 0 0 0 0 1</matrix>
                              <extra>
                                <technique profile="blender">
                                  <layer sid="layer" type="string">0</layer>
                                  <tip_x sid="tip_x" type="float">0</tip_x>
                                  <tip_y sid="tip_y" type="float">0.0299589</tip_y>
                                  <tip_z sid="tip_z" type="float">-0.001570105</tip_z>
                                </technique>
                              </extra>
                            </node>
                            <node id="GanondorfRig_mWristLeft" name="mWristLeft" sid="mWristLeft" type="JOINT">
                              <matrix sid="transform">1 0 0 0 0 1 0 0.205 0 0 1 0 0 0 0 1</matrix>
                              <node id="GanondorfRig_L_HAND" name="L_HAND" sid="L_HAND" type="JOINT">
                                <matrix sid="transform">0.9999999 -7.567e-10 9.31323e-10 0.009999998 1.41154e-8 0.9999999 3.72529e-9 0.05000001 -9.31323e-10 3.72529e-9 1 0 0 0 0 1</matrix>
                                <extra>
                                  <technique profile="blender">
                                    <layer sid="layer" type="string">0</layer>
                                    <roll sid="roll" type="float">0.004581928</roll>
                                    <tip_x sid="tip_x" type="float">0.005202293</tip_x>
                                    <tip_y sid="tip_y" type="float">0.02950376</tip_y>
                                    <tip_z sid="tip_z" type="float">-0.001570105</tip_z>
                                  </technique>
                                </extra>
                              </node>
                              <node id="GanondorfRig_mHandMiddle1Left" name="mHandMiddle1Left" sid="mHandMiddle1Left" type="JOINT">
                                <matrix sid="transform">1 0 0 0.013 0 1 0 0.101 0 0 1 0.01499999 0 0 0 1</matrix>
                                <node id="GanondorfRig_mHandMiddle2Left" name="mHandMiddle2Left" sid="mHandMiddle2Left" type="JOINT">
                                  <matrix sid="transform">1 0 0 -0.001 0 1 0 0.04000002 0 0 1 -0.006000042 0 0 0 1</matrix>
                                  <node id="GanondorfRig_mHandMiddle3Left" name="mHandMiddle3Left" sid="mHandMiddle3Left" type="JOINT">
                                    <matrix sid="transform">1 0 0 -0.001 0 1 0 0.04899997 0 0 1 -0.008000016 0 0 0 1</matrix>
                                    <extra>
                                      <technique profile="blender">
                                        <layer sid="layer" type="string">0</layer>
                                        <tip_x sid="tip_x" type="float">0</tip_x>
                                        <tip_y sid="tip_y" type="float">0.02999997</tip_y>
                                        <tip_z sid="tip_z" type="float">0</tip_z>
                                      </technique>
                                    </extra>
                                  </node>
                                  <extra>
                                    <technique profile="blender">
                                      <layer sid="layer" type="string">0</layer>
                                      <tip_x sid="tip_x" type="float">0</tip_x>
                                      <tip_y sid="tip_y" type="float">0.02999997</tip_y>
                                      <tip_z sid="tip_z" type="float">0</tip_z>
                                    </technique>
                                  </extra>
                                </node>
                                <extra>
                                  <technique profile="blender">
                                    <layer sid="layer" type="string">0</layer>
                                    <tip_x sid="tip_x" type="float">0</tip_x>
                                    <tip_y sid="tip_y" type="float">0.02999997</tip_y>
                                    <tip_z sid="tip_z" type="float">0</tip_z>
                                  </technique>
                                </extra>
                              </node>
                              <node id="GanondorfRig_mHandIndex1Left" name="mHandIndex1Left" sid="mHandIndex1Left" type="JOINT">
                                <matrix sid="transform">1 0 0 0.038 0 1 0 0.097 0 0 1 0.01499999 0 0 0 1</matrix>
                                <node id="GanondorfRig_mHandIndex2Left" name="mHandIndex2Left" sid="mHandIndex2Left" type="JOINT">
                                  <matrix sid="transform">1 0 0 0.017 0 1 0 0.03600001 0 0 1 -0.006000042 0 0 0 1</matrix>
                                  <node id="GanondorfRig_mHandIndex3Left" name="mHandIndex3Left" sid="mHandIndex3Left" type="JOINT">
                                    <matrix sid="transform">1 0 0 0.014 0 1 0 0.03200001 0 0 1 -0.005999923 0 0 0 1</matrix>
                                    <extra>
                                      <technique profile="blender">
                                        <layer sid="layer" type="string">0</layer>
                                        <tip_x sid="tip_x" type="float">0</tip_x>
                                        <tip_y sid="tip_y" type="float">0.02999997</tip_y>
                                        <tip_z sid="tip_z" type="float">0</tip_z>
                                      </technique>
                                    </extra>
                                  </node>
                                  <extra>
                                    <technique profile="blender">
                                      <layer sid="layer" type="string">0</layer>
                                      <tip_x sid="tip_x" type="float">0</tip_x>
                                      <tip_y sid="tip_y" type="float">0.02999997</tip_y>
                                      <tip_z sid="tip_z" type="float">0</tip_z>
                                    </technique>
                                  </extra>
                                </node>
                                <extra>
                                  <technique profile="blender">
                                    <layer sid="layer" type="string">0</layer>
                                    <tip_x sid="tip_x" type="float">0</tip_x>
                                    <tip_y sid="tip_y" type="float">0.02999997</tip_y>
                                    <tip_z sid="tip_z" type="float">0</tip_z>
                                  </technique>
                                </extra>
                              </node>
                              <node id="GanondorfRig_mHandRing1Left" name="mHandRing1Left" sid="mHandRing1Left" type="JOINT">
                                <matrix sid="transform">1 0 0 -0.01 0 1 0 0.09900004 0 0 1 0.008999944 0 0 0 1</matrix>
                                <node id="GanondorfRig_mHandRing2Left" name="mHandRing2Left" sid="mHandRing2Left" type="JOINT">
                                  <matrix sid="transform">1 0 0 -0.013 0 1 0 0.03799999 0 0 1 -0.008000016 0 0 0 1</matrix>
                                  <node id="GanondorfRig_mHandRing3Left" name="mHandRing3Left" sid="mHandRing3Left" type="JOINT">
                                    <matrix sid="transform">1 0 0 -0.013 0 1 0 0.04000002 0 0 1 -0.008999944 0 0 0 1</matrix>
                                    <extra>
                                      <technique profile="blender">
                                        <layer sid="layer" type="string">0</layer>
                                        <tip_x sid="tip_x" type="float">0</tip_x>
                                        <tip_y sid="tip_y" type="float">0.02999997</tip_y>
                                        <tip_z sid="tip_z" type="float">0</tip_z>
                                      </technique>
                                    </extra>
                                  </node>
                                  <extra>
                                    <technique profile="blender">
                                      <layer sid="layer" type="string">0</layer>
                                      <tip_x sid="tip_x" type="float">0</tip_x>
                                      <tip_y sid="tip_y" type="float">0.02999997</tip_y>
                                      <tip_z sid="tip_z" type="float">0</tip_z>
                                    </technique>
                                  </extra>
                                </node>
                                <extra>
                                  <technique profile="blender">
                                    <layer sid="layer" type="string">0</layer>
                                    <tip_x sid="tip_x" type="float">0</tip_x>
                                    <tip_y sid="tip_y" type="float">0.02999997</tip_y>
                                    <tip_z sid="tip_z" type="float">0</tip_z>
                                  </technique>
                                </extra>
                              </node>
                              <node id="GanondorfRig_mHandPinky1Left" name="mHandPinky1Left" sid="mHandPinky1Left" type="JOINT">
                                <matrix sid="transform">1 0 0 -0.031 0 1 0 0.09500003 0 0 1 0.003000021 0 0 0 1</matrix>
                                <node id="GanondorfRig_mHandPinky2Left" name="mHandPinky2Left" sid="mHandPinky2Left" type="JOINT">
                                  <matrix sid="transform">1 0 0 -0.024 0 1 0 0.02499998 0 0 1 -0.006000042 0 0 0 1</matrix>
                                  <node id="GanondorfRig_mHandPinky3Left" name="mHandPinky3Left" sid="mHandPinky3Left" type="JOINT">
                                    <matrix sid="transform">1 0 0 -0.015 0 1 0 0.01800001 0 0 1 -0.003999949 0 0 0 1</matrix>
                                    <extra>
                                      <technique profile="blender">
                                        <layer sid="layer" type="string">0</layer>
                                        <tip_x sid="tip_x" type="float">0</tip_x>
                                        <tip_y sid="tip_y" type="float">0.02999997</tip_y>
                                        <tip_z sid="tip_z" type="float">0</tip_z>
                                      </technique>
                                    </extra>
                                  </node>
                                  <extra>
                                    <technique profile="blender">
                                      <layer sid="layer" type="string">0</layer>
                                      <tip_x sid="tip_x" type="float">0</tip_x>
                                      <tip_y sid="tip_y" type="float">0.02999997</tip_y>
                                      <tip_z sid="tip_z" type="float">0</tip_z>
                                    </technique>
                                  </extra>
                                </node>
                                <extra>
                                  <technique profile="blender">
                                    <layer sid="layer" type="string">0</layer>
                                    <tip_x sid="tip_x" type="float">0</tip_x>
                                    <tip_y sid="tip_y" type="float">0.02999997</tip_y>
                                    <tip_z sid="tip_z" type="float">0</tip_z>
                                  </technique>
                                </extra>
                              </node>
                              <node id="GanondorfRig_mHandThumb1Left" name="mHandThumb1Left" sid="mHandThumb1Left" type="JOINT">
                                <matrix sid="transform">1 0 0 0.031 0 1 0 0.02600002 0 0 1 0.003999949 0 0 0 1</matrix>
                                <node id="GanondorfRig_mHandThumb2Left" name="mHandThumb2Left" sid="mHandThumb2Left" type="JOINT">
                                  <matrix sid="transform">1 0 0 0.028 0 1 0 0.03200001 0 0 1 -9.99928e-4 0 0 0 1</matrix>
                                  <node id="GanondorfRig_mHandThumb3Left" name="mHandThumb3Left" sid="mHandThumb3Left" type="JOINT">
                                    <matrix sid="transform">1 0 0 0.023 0 1 0 0.03099996 0 0 1 -0.001000047 0 0 0 1</matrix>
                                    <extra>
                                      <technique profile="blender">
                                        <layer sid="layer" type="string">0</layer>
                                        <tip_x sid="tip_x" type="float">0</tip_x>
                                        <tip_y sid="tip_y" type="float">0.02999997</tip_y>
                                        <tip_z sid="tip_z" type="float">0</tip_z>
                                      </technique>
                                    </extra>
                                  </node>
                                  <extra>
                                    <technique profile="blender">
                                      <layer sid="layer" type="string">0</layer>
                                      <tip_x sid="tip_x" type="float">0</tip_x>
                                      <tip_y sid="tip_y" type="float">0.02999997</tip_y>
                                      <tip_z sid="tip_z" type="float">0</tip_z>
                                    </technique>
                                  </extra>
                                </node>
                                <extra>
                                  <technique profile="blender">
                                    <layer sid="layer" type="string">0</layer>
                                    <tip_x sid="tip_x" type="float">0</tip_x>
                                    <tip_y sid="tip_y" type="float">0.02999997</tip_y>
                                    <tip_z sid="tip_z" type="float">0</tip_z>
                                  </technique>
                                </extra>
                              </node>
                              <extra>
                                <technique profile="blender">
                                  <layer sid="layer" type="string">0</layer>
                                  <tip_x sid="tip_x" type="float">0</tip_x>
                                  <tip_y sid="tip_y" type="float">0.02999997</tip_y>
                                  <tip_z sid="tip_z" type="float">0</tip_z>
                                </technique>
                              </extra>
                            </node>
                            <extra>
                              <technique profile="blender">
                                <layer sid="layer" type="string">0</layer>
                                <tip_x sid="tip_x" type="float">0</tip_x>
                                <tip_y sid="tip_y" type="float">0.02999997</tip_y>
                                <tip_z sid="tip_z" type="float">0</tip_z>
                              </technique>
                            </extra>
                          </node>
                          <extra>
                            <technique profile="blender">
                              <layer sid="layer" type="string">0</layer>
                              <tip_x sid="tip_x" type="float">0</tip_x>
                              <tip_y sid="tip_y" type="float">0.02999997</tip_y>
                              <tip_z sid="tip_z" type="float">0</tip_z>
                            </technique>
                          </extra>
                        </node>
                        <extra>
                          <technique profile="blender">
                            <layer sid="layer" type="string">0</layer>
                            <tip_x sid="tip_x" type="float">0</tip_x>
                            <tip_y sid="tip_y" type="float">0.02999997</tip_y>
                            <tip_z sid="tip_z" type="float">0</tip_z>
                          </technique>
                        </extra>
                      </node>
                      <node id="GanondorfRig_mCollarRight" name="mCollarRight" sid="mCollarRight" type="JOINT">
                        <matrix sid="transform">1 0 0 -0.021 0 1 0 -0.085 0 0 1 0.1650001 0 0 0 1</matrix>
                        <node id="GanondorfRig_R_CLAVICLE" name="R_CLAVICLE" sid="R_CLAVICLE" type="JOINT">
                          <matrix sid="transform">1 0 0 0.02 0 1 0 0 0 0 1 0.01999998 0 0 0 1</matrix>
                          <extra>
                            <technique profile="blender">
                              <layer sid="layer" type="string">0</layer>
                              <tip_x sid="tip_x" type="float">0</tip_x>
                              <tip_y sid="tip_y" type="float">0.02999997</tip_y>
                              <tip_z sid="tip_z" type="float">0</tip_z>
                            </technique>
                          </extra>
                        </node>
                        <node id="GanondorfRig_mShoulderRight" name="mShoulderRight" sid="mShoulderRight" type="JOINT">
                          <matrix sid="transform">1 0 0 0 0 1 0 -0.079 0 0 1 0 0 0 0 1</matrix>
                          <node id="GanondorfRig_R_UPPER_ARM" name="R_UPPER_ARM" sid="R_UPPER_ARM" type="JOINT">
                            <matrix sid="transform">1 0 0 0 0 1 0 -0.12 0 0 1 0.00999999 0 0 0 1</matrix>
                            <extra>
                              <technique profile="blender">
                                <layer sid="layer" type="string">0</layer>
                                <tip_x sid="tip_x" type="float">0</tip_x>
                                <tip_y sid="tip_y" type="float">0.02988582</tip_y>
                                <tip_z sid="tip_z" type="float">0.002614617</tip_z>
                              </technique>
                            </extra>
                          </node>
                          <node id="GanondorfRig_mElbowRight" name="mElbowRight" sid="mElbowRight" type="JOINT">
                            <matrix sid="transform">1 0 0 0 0 1 0 -0.248 0 0 1 0 0 0 0 1</matrix>
                            <node id="GanondorfRig_R_LOWER_ARM" name="R_LOWER_ARM" sid="R_LOWER_ARM" type="JOINT">
                              <matrix sid="transform">1 0 0 0 0 1 0 -0.1 0 0 1 0 0 0 0 1</matrix>
                              <extra>
                                <technique profile="blender">
                                  <layer sid="layer" type="string">0</layer>
                                  <tip_x sid="tip_x" type="float">0</tip_x>
                                  <tip_y sid="tip_y" type="float">0.02995884</tip_y>
                                  <tip_z sid="tip_z" type="float">0.001570105</tip_z>
                                </technique>
                              </extra>
                            </node>
                            <node id="GanondorfRig_mWristRight" name="mWristRight" sid="mWristRight" type="JOINT">
                              <matrix sid="transform">1 0 0 0 0 1 0 -0.205 0 0 1 0 0 0 0 1</matrix>
                              <node id="GanondorfRig_R_HAND" name="R_HAND" sid="R_HAND" type="JOINT">
                                <matrix sid="transform">0.9999999 7.567e-10 9.31323e-10 0.009999998 -1.41154e-8 0.9999999 -3.72529e-9 -0.05000001 -9.31323e-10 -3.72529e-9 1 0 0 0 0 1</matrix>
                                <extra>
                                  <technique profile="blender">
                                    <layer sid="layer" type="string">0</layer>
                                    <roll sid="roll" type="float">0.004581928</roll>
                                    <tip_x sid="tip_x" type="float">-0.005202293</tip_x>
                                    <tip_y sid="tip_y" type="float">0.02950376</tip_y>
                                    <tip_z sid="tip_z" type="float">0.001570105</tip_z>
                                  </technique>
                                </extra>
                              </node>
                              <node id="GanondorfRig_mHandMiddle1Right" name="mHandMiddle1Right" sid="mHandMiddle1Right" type="JOINT">
                                <matrix sid="transform">1 0 0 0.013 0 1 0 -0.101 0 0 1 0.01499999 0 0 0 1</matrix>
                                <node id="GanondorfRig_mHandMiddle2Right" name="mHandMiddle2Right" sid="mHandMiddle2Right" type="JOINT">
                                  <matrix sid="transform">1 0 0 -0.001 0 1 0 -0.04000002 0 0 1 -0.006000042 0 0 0 1</matrix>
                                  <node id="GanondorfRig_mHandMiddle3Right" name="mHandMiddle3Right" sid="mHandMiddle3Right" type="JOINT">
                                    <matrix sid="transform">1 0 0 -0.001 0 1 0 -0.04899997 0 0 1 -0.008000016 0 0 0 1</matrix>
                                    <extra>
                                      <technique profile="blender">
                                        <layer sid="layer" type="string">0</layer>
                                        <tip_x sid="tip_x" type="float">0</tip_x>
                                        <tip_y sid="tip_y" type="float">0.02999997</tip_y>
                                        <tip_z sid="tip_z" type="float">0</tip_z>
                                      </technique>
                                    </extra>
                                  </node>
                                  <extra>
                                    <technique profile="blender">
                                      <layer sid="layer" type="string">0</layer>
                                      <tip_x sid="tip_x" type="float">0</tip_x>
                                      <tip_y sid="tip_y" type="float">0.02999997</tip_y>
                                      <tip_z sid="tip_z" type="float">0</tip_z>
                                    </technique>
                                  </extra>
                                </node>
                                <extra>
                                  <technique profile="blender">
                                    <layer sid="layer" type="string">0</layer>
                                    <tip_x sid="tip_x" type="float">0</tip_x>
                                    <tip_y sid="tip_y" type="float">0.02999997</tip_y>
                                    <tip_z sid="tip_z" type="float">0</tip_z>
                                  </technique>
                                </extra>
                              </node>
                              <node id="GanondorfRig_mHandIndex1Right" name="mHandIndex1Right" sid="mHandIndex1Right" type="JOINT">
                                <matrix sid="transform">1 0 0 0.038 0 1 0 -0.097 0 0 1 0.01499999 0 0 0 1</matrix>
                                <node id="GanondorfRig_mHandIndex2Right" name="mHandIndex2Right" sid="mHandIndex2Right" type="JOINT">
                                  <matrix sid="transform">1 0 0 0.017 0 1 0 -0.03600001 0 0 1 -0.006000042 0 0 0 1</matrix>
                                  <node id="GanondorfRig_mHandIndex3Right" name="mHandIndex3Right" sid="mHandIndex3Right" type="JOINT">
                                    <matrix sid="transform">1 0 0 0.014 0 1 0 -0.03200001 0 0 1 -0.005999923 0 0 0 1</matrix>
                                    <extra>
                                      <technique profile="blender">
                                        <layer sid="layer" type="string">0</layer>
                                        <tip_x sid="tip_x" type="float">0</tip_x>
                                        <tip_y sid="tip_y" type="float">0.02999997</tip_y>
                                        <tip_z sid="tip_z" type="float">0</tip_z>
                                      </technique>
                                    </extra>
                                  </node>
                                  <extra>
                                    <technique profile="blender">
                                      <layer sid="layer" type="string">0</layer>
                                      <tip_x sid="tip_x" type="float">0</tip_x>
                                      <tip_y sid="tip_y" type="float">0.02999997</tip_y>
                                      <tip_z sid="tip_z" type="float">0</tip_z>
                                    </technique>
                                  </extra>
                                </node>
                                <extra>
                                  <technique profile="blender">
                                    <layer sid="layer" type="string">0</layer>
                                    <tip_x sid="tip_x" type="float">0</tip_x>
                                    <tip_y sid="tip_y" type="float">0.02999997</tip_y>
                                    <tip_z sid="tip_z" type="float">0</tip_z>
                                  </technique>
                                </extra>
                              </node>
                              <node id="GanondorfRig_mHandRing1Right" name="mHandRing1Right" sid="mHandRing1Right" type="JOINT">
                                <matrix sid="transform">1 0 0 -0.01 0 1 0 -0.09900004 0 0 1 0.008999944 0 0 0 1</matrix>
                                <node id="GanondorfRig_mHandRing2Right" name="mHandRing2Right" sid="mHandRing2Right" type="JOINT">
                                  <matrix sid="transform">1 0 0 -0.013 0 1 0 -0.03799999 0 0 1 -0.008000016 0 0 0 1</matrix>
                                  <node id="GanondorfRig_mHandRing3Right" name="mHandRing3Right" sid="mHandRing3Right" type="JOINT">
                                    <matrix sid="transform">1 0 0 -0.013 0 1 0 -0.04000002 0 0 1 -0.008999944 0 0 0 1</matrix>
                                    <extra>
                                      <technique profile="blender">
                                        <layer sid="layer" type="string">0</layer>
                                        <tip_x sid="tip_x" type="float">0</tip_x>
                                        <tip_y sid="tip_y" type="float">0.02999997</tip_y>
                                        <tip_z sid="tip_z" type="float">0</tip_z>
                                      </technique>
                                    </extra>
                                  </node>
                                  <extra>
                                    <technique profile="blender">
                                      <layer sid="layer" type="string">0</layer>
                                      <tip_x sid="tip_x" type="float">0</tip_x>
                                      <tip_y sid="tip_y" type="float">0.02999997</tip_y>
                                      <tip_z sid="tip_z" type="float">0</tip_z>
                                    </technique>
                                  </extra>
                                </node>
                                <extra>
                                  <technique profile="blender">
                                    <layer sid="layer" type="string">0</layer>
                                    <tip_x sid="tip_x" type="float">0</tip_x>
                                    <tip_y sid="tip_y" type="float">0.02999997</tip_y>
                                    <tip_z sid="tip_z" type="float">0</tip_z>
                                  </technique>
                                </extra>
                              </node>
                              <node id="GanondorfRig_mHandPinky1Right" name="mHandPinky1Right" sid="mHandPinky1Right" type="JOINT">
                                <matrix sid="transform">1 0 0 -0.031 0 1 0 -0.09500003 0 0 1 0.003000021 0 0 0 1</matrix>
                                <node id="GanondorfRig_mHandPinky2Right" name="mHandPinky2Right" sid="mHandPinky2Right" type="JOINT">
                                  <matrix sid="transform">1 0 0 -0.024 0 1 0 -0.02499998 0 0 1 -0.006000042 0 0 0 1</matrix>
                                  <node id="GanondorfRig_mHandPinky3Right" name="mHandPinky3Right" sid="mHandPinky3Right" type="JOINT">
                                    <matrix sid="transform">1 0 0 -0.015 0 1 0 -0.01800001 0 0 1 -0.003999949 0 0 0 1</matrix>
                                    <extra>
                                      <technique profile="blender">
                                        <layer sid="layer" type="string">0</layer>
                                        <tip_x sid="tip_x" type="float">0</tip_x>
                                        <tip_y sid="tip_y" type="float">0.02999997</tip_y>
                                        <tip_z sid="tip_z" type="float">0</tip_z>
                                      </technique>
                                    </extra>
                                  </node>
                                  <extra>
                                    <technique profile="blender">
                                      <layer sid="layer" type="string">0</layer>
                                      <tip_x sid="tip_x" type="float">0</tip_x>
                                      <tip_y sid="tip_y" type="float">0.02999997</tip_y>
                                      <tip_z sid="tip_z" type="float">0</tip_z>
                                    </technique>
                                  </extra>
                                </node>
                                <extra>
                                  <technique profile="blender">
                                    <layer sid="layer" type="string">0</layer>
                                    <tip_x sid="tip_x" type="float">0</tip_x>
                                    <tip_y sid="tip_y" type="float">0.02999997</tip_y>
                                    <tip_z sid="tip_z" type="float">0</tip_z>
                                  </technique>
                                </extra>
                              </node>
                              <node id="GanondorfRig_mHandThumb1Right" name="mHandThumb1Right" sid="mHandThumb1Right" type="JOINT">
                                <matrix sid="transform">1 0 0 0.031 0 1 0 -0.02600002 0 0 1 0.003999949 0 0 0 1</matrix>
                                <node id="GanondorfRig_mHandThumb2Right" name="mHandThumb2Right" sid="mHandThumb2Right" type="JOINT">
                                  <matrix sid="transform">1 0 0 0.028 0 1 0 -0.03200001 0 0 1 -9.99928e-4 0 0 0 1</matrix>
                                  <node id="GanondorfRig_mHandThumb3Right" name="mHandThumb3Right" sid="mHandThumb3Right" type="JOINT">
                                    <matrix sid="transform">1 0 0 0.023 0 1 0 -0.03099996 0 0 1 -0.001000047 0 0 0 1</matrix>
                                    <extra>
                                      <technique profile="blender">
                                        <layer sid="layer" type="string">0</layer>
                                        <tip_x sid="tip_x" type="float">0</tip_x>
                                        <tip_y sid="tip_y" type="float">0.02999997</tip_y>
                                        <tip_z sid="tip_z" type="float">0</tip_z>
                                      </technique>
                                    </extra>
                                  </node>
                                  <extra>
                                    <technique profile="blender">
                                      <layer sid="layer" type="string">0</layer>
                                      <tip_x sid="tip_x" type="float">0</tip_x>
                                      <tip_y sid="tip_y" type="float">0.02999997</tip_y>
                                      <tip_z sid="tip_z" type="float">0</tip_z>
                                    </technique>
                                  </extra>
                                </node>
                                <extra>
                                  <technique profile="blender">
                                    <layer sid="layer" type="string">0</layer>
                                    <tip_x sid="tip_x" type="float">0</tip_x>
                                    <tip_y sid="tip_y" type="float">0.02999997</tip_y>
                                    <tip_z sid="tip_z" type="float">0</tip_z>
                                  </technique>
                                </extra>
                              </node>
                              <extra>
                                <technique profile="blender">
                                  <layer sid="layer" type="string">0</layer>
                                  <tip_x sid="tip_x" type="float">0</tip_x>
                                  <tip_y sid="tip_y" type="float">0.02999997</tip_y>
                                  <tip_z sid="tip_z" type="float">0</tip_z>
                                </technique>
                              </extra>
                            </node>
                            <extra>
                              <technique profile="blender">
                                <layer sid="layer" type="string">0</layer>
                                <tip_x sid="tip_x" type="float">0</tip_x>
                                <tip_y sid="tip_y" type="float">0.02999997</tip_y>
                                <tip_z sid="tip_z" type="float">0</tip_z>
                              </technique>
                            </extra>
                          </node>
                          <extra>
                            <technique profile="blender">
                              <layer sid="layer" type="string">0</layer>
                              <tip_x sid="tip_x" type="float">0</tip_x>
                              <tip_y sid="tip_y" type="float">0.02999997</tip_y>
                              <tip_z sid="tip_z" type="float">0</tip_z>
                            </technique>
                          </extra>
                        </node>
                        <extra>
                          <technique profile="blender">
                            <layer sid="layer" type="string">0</layer>
                            <tip_x sid="tip_x" type="float">0</tip_x>
                            <tip_y sid="tip_y" type="float">0.02999997</tip_y>
                            <tip_z sid="tip_z" type="float">0</tip_z>
                          </technique>
                        </extra>
                      </node>
                      <node id="GanondorfRig_mWingsRoot" name="mWingsRoot" sid="mWingsRoot" type="JOINT">
                        <matrix sid="transform">1 0 0 -0.014 0 1 0 0 0 0 1 0 0 0 0 1</matrix>
                        <node id="GanondorfRig_mWing1Left" name="mWing1Left" sid="mWing1Left" type="JOINT">
                          <matrix sid="transform">1 0 0 -0.09900001 0 1 0 0.105 0 0 1 0.181 0 0 0 1</matrix>
                          <node id="GanondorfRig_mWing2Left" name="mWing2Left" sid="mWing2Left" type="JOINT">
                            <matrix sid="transform">1 0 0 -0.168 0 1 0 0.169 0 0 1 0.06700003 0 0 0 1</matrix>
                            <node id="GanondorfRig_mWing3Left" name="mWing3Left" sid="mWing3Left" type="JOINT">
                              <matrix sid="transform">1 0 0 -0.181 0 1 0 0.183 0 0 1 0 0 0 0 1</matrix>
                              <node id="GanondorfRig_mWing4Left" name="mWing4Left" sid="mWing4Left" type="JOINT">
                                <matrix sid="transform">1 0 0 -0.171 0 1 0 0.173 0 0 1 0 0 0 0 1</matrix>
                                <extra>
                                  <technique profile="blender">
                                    <layer sid="layer" type="string">0</layer>
                                    <tip_x sid="tip_x" type="float">0</tip_x>
                                    <tip_y sid="tip_y" type="float">0.02999997</tip_y>
                                    <tip_z sid="tip_z" type="float">0</tip_z>
                                  </technique>
                                </extra>
                              </node>
                              <node id="GanondorfRig_mWing4FanLeft" name="mWing4FanLeft" sid="mWing4FanLeft" type="JOINT">
                                <matrix sid="transform">1 0 0 -0.171 0 1 0 0.173 0 0 1 0 0 0 0 1</matrix>
                                <extra>
                                  <technique profile="blender">
                                    <layer sid="layer" type="string">0</layer>
                                    <tip_x sid="tip_x" type="float">0</tip_x>
                                    <tip_y sid="tip_y" type="float">0.02999997</tip_y>
                                    <tip_z sid="tip_z" type="float">0</tip_z>
                                  </technique>
                                </extra>
                              </node>
                              <extra>
                                <technique profile="blender">
                                  <layer sid="layer" type="string">0</layer>
                                  <tip_x sid="tip_x" type="float">0</tip_x>
                                  <tip_y sid="tip_y" type="float">0.02999997</tip_y>
                                  <tip_z sid="tip_z" type="float">0</tip_z>
                                </technique>
                              </extra>
                            </node>
                            <extra>
                              <technique profile="blender">
                                <layer sid="layer" type="string">0</layer>
                                <tip_x sid="tip_x" type="float">0</tip_x>
                                <tip_y sid="tip_y" type="float">0.02999997</tip_y>
                                <tip_z sid="tip_z" type="float">0</tip_z>
                              </technique>
                            </extra>
                          </node>
                          <extra>
                            <technique profile="blender">
                              <layer sid="layer" type="string">0</layer>
                              <tip_x sid="tip_x" type="float">0</tip_x>
                              <tip_y sid="tip_y" type="float">0.02999997</tip_y>
                              <tip_z sid="tip_z" type="float">0</tip_z>
                            </technique>
                          </extra>
                        </node>
                        <node id="GanondorfRig_mWing1Right" name="mWing1Right" sid="mWing1Right" type="JOINT">
                          <matrix sid="transform">1 0 0 -0.09900001 0 1 0 -0.105 0 0 1 0.181 0 0 0 1</matrix>
                          <node id="GanondorfRig_mWing2Right" name="mWing2Right" sid="mWing2Right" type="JOINT">
                            <matrix sid="transform">1 0 0 -0.168 0 1 0 -0.169 0 0 1 0.06700003 0 0 0 1</matrix>
                            <node id="GanondorfRig_mWing3Right" name="mWing3Right" sid="mWing3Right" type="JOINT">
                              <matrix sid="transform">1 0 0 -0.181 0 1 0 -0.183 0 0 1 0 0 0 0 1</matrix>
                              <node id="GanondorfRig_mWing4Right" name="mWing4Right" sid="mWing4Right" type="JOINT">
                                <matrix sid="transform">1 0 0 -0.171 0 1 0 -0.173 0 0 1 0 0 0 0 1</matrix>
                                <extra>
                                  <technique profile="blender">
                                    <layer sid="layer" type="string">0</layer>
                                    <tip_x sid="tip_x" type="float">0</tip_x>
                                    <tip_y sid="tip_y" type="float">0.02999997</tip_y>
                                    <tip_z sid="tip_z" type="float">0</tip_z>
                                  </technique>
                                </extra>
                              </node>
                              <node id="GanondorfRig_mWing4FanRight" name="mWing4FanRight" sid="mWing4FanRight" type="JOINT">
                                <matrix sid="transform">1 0 0 -0.171 0 1 0 -0.173 0 0 1 0 0 0 0 1</matrix>
                                <extra>
                                  <technique profile="blender">
                                    <layer sid="layer" type="string">0</layer>
                                    <tip_x sid="tip_x" type="float">0</tip_x>
                                    <tip_y sid="tip_y" type="float">0.02999997</tip_y>
                                    <tip_z sid="tip_z" type="float">0</tip_z>
                                  </technique>
                                </extra>
                              </node>
                              <extra>
                                <technique profile="blender">
                                  <layer sid="layer" type="string">0</layer>
                                  <tip_x sid="tip_x" type="float">0</tip_x>
                                  <tip_y sid="tip_y" type="float">0.02999997</tip_y>
                                  <tip_z sid="tip_z" type="float">0</tip_z>
                                </technique>
                              </extra>
                            </node>
                            <extra>
                              <technique profile="blender">
                                <layer sid="layer" type="string">0</layer>
                                <tip_x sid="tip_x" type="float">0</tip_x>
                                <tip_y sid="tip_y" type="float">0.02999997</tip_y>
                                <tip_z sid="tip_z" type="float">0</tip_z>
                              </technique>
                            </extra>
                          </node>
                          <extra>
                            <technique profile="blender">
                              <layer sid="layer" type="string">0</layer>
                              <tip_x sid="tip_x" type="float">0</tip_x>
                              <tip_y sid="tip_y" type="float">0.02999997</tip_y>
                              <tip_z sid="tip_z" type="float">0</tip_z>
                            </technique>
                          </extra>
                        </node>
                        <extra>
                          <technique profile="blender">
                            <layer sid="layer" type="string">0</layer>
                            <tip_x sid="tip_x" type="float">0</tip_x>
                            <tip_y sid="tip_y" type="float">0.02999997</tip_y>
                            <tip_z sid="tip_z" type="float">0</tip_z>
                          </technique>
                        </extra>
                      </node>
                      <extra>
                        <technique profile="blender">
                          <layer sid="layer" type="string">0</layer>
                          <tip_x sid="tip_x" type="float">0</tip_x>
                          <tip_y sid="tip_y" type="float">0.02999997</tip_y>
                          <tip_z sid="tip_z" type="float">0</tip_z>
                        </technique>
                      </extra>
                    </node>
                    <extra>
                      <technique profile="blender">
                        <layer sid="layer" type="string">0</layer>
                        <tip_x sid="tip_x" type="float">0</tip_x>
                        <tip_y sid="tip_y" type="float">0.02999997</tip_y>
                        <tip_z sid="tip_z" type="float">0</tip_z>
                      </technique>
                    </extra>
                  </node>
                  <extra>
                    <technique profile="blender">
                      <layer sid="layer" type="string">0</layer>
                      <tip_x sid="tip_x" type="float">0</tip_x>
                      <tip_y sid="tip_y" type="float">0.02999997</tip_y>
                      <tip_z sid="tip_z" type="float">0</tip_z>
                    </technique>
                  </extra>
                </node>
                <extra>
                  <technique profile="blender">
                    <layer sid="layer" type="string">0</layer>
                    <tip_x sid="tip_x" type="float">0</tip_x>
                    <tip_y sid="tip_y" type="float">0.02999997</tip_y>
                    <tip_z sid="tip_z" type="float">0</tip_z>
                  </technique>
                </extra>
              </node>
              <extra>
                <technique profile="blender">
                  <layer sid="layer" type="string">0</layer>
                  <tip_x sid="tip_x" type="float">0</tip_x>
                  <tip_y sid="tip_y" type="float">0.02999997</tip_y>
                  <tip_z sid="tip_z" type="float">0</tip_z>
                </technique>
              </extra>
            </node>
            <extra>
              <technique profile="blender">
                <layer sid="layer" type="string">0</layer>
                <tip_x sid="tip_x" type="float">0</tip_x>
                <tip_y sid="tip_y" type="float">0.02999997</tip_y>
                <tip_z sid="tip_z" type="float">0</tip_z>
              </technique>
            </extra>
          </node>
          <node id="GanondorfRig_mHipRight" name="mHipRight" sid="mHipRight" type="JOINT">
            <matrix sid="transform">1 0 0 0.034 0 1 0 -0.129 0 0 1 -0.04100001 0 0 0 1</matrix>
            <node id="GanondorfRig_R_UPPER_LEG" name="R_UPPER_LEG" sid="R_UPPER_LEG" type="JOINT">
              <matrix sid="transform">1 0 0 -0.02 0 1 0 0.04999999 0 0 1 -0.22 0 0 0 1</matrix>
              <extra>
                <technique profile="blender">
                  <layer sid="layer" type="string">0</layer>
                  <tip_x sid="tip_x" type="float">0</tip_x>
                  <tip_y sid="tip_y" type="float">0.02999997</tip_y>
                  <tip_z sid="tip_z" type="float">0</tip_z>
                </technique>
              </extra>
            </node>
            <node id="GanondorfRig_mKneeRight" name="mKneeRight" sid="mKneeRight" type="JOINT">
              <matrix sid="transform">1 0 0 -0.001000002 0 1 0 0.04899999 0 0 1 -0.491 0 0 0 1</matrix>
              <node id="GanondorfRig_R_LOWER_LEG" name="R_LOWER_LEG" sid="R_LOWER_LEG" type="JOINT">
                <matrix sid="transform">1 0 0 -0.02 0 1 0 0 0 0 1 -0.2 0 0 0 1</matrix>
                <extra>
                  <technique profile="blender">
                    <layer sid="layer" type="string">0</layer>
                    <tip_x sid="tip_x" type="float">0</tip_x>
                    <tip_y sid="tip_y" type="float">0.02999997</tip_y>
                    <tip_z sid="tip_z" type="float">0</tip_z>
                  </technique>
                </extra>
              </node>
              <node id="GanondorfRig_mAnkleRight" name="mAnkleRight" sid="mAnkleRight" type="JOINT">
                <matrix sid="transform">1 0 0 -0.029 0 1 0 0 0 0 1 -0.468 0 0 0 1</matrix>
                <node id="GanondorfRig_R_FOOT" name="R_FOOT" sid="R_FOOT" type="JOINT">
                  <matrix sid="transform">1 0 1.49012e-8 0.077 0 1 0 0 -1.49012e-8 0 1 -0.041 0 0 0 1</matrix>
                  <extra>
                    <technique profile="blender">
                      <layer sid="layer" type="string">0</layer>
                      <roll sid="roll" type="float">0.1745329</roll>
                      <tip_x sid="tip_x" type="float">0</tip_x>
                      <tip_y sid="tip_y" type="float">0.02999997</tip_y>
                      <tip_z sid="tip_z" type="float">0</tip_z>
                    </technique>
                  </extra>
                </node>
                <node id="GanondorfRig_mFootRight" name="mFootRight" sid="mFootRight" type="JOINT">
                  <matrix sid="transform">1 0 0 0.112 0 1 0 0 0 0 1 -0.061 0 0 0 1</matrix>
                  <node id="GanondorfRig_mToeRight" name="mToeRight" sid="mToeRight" type="JOINT">
                    <matrix sid="transform">1 0 0 0.109 0 1 0 0 0 0 1 0 0 0 0 1</matrix>
                    <extra>
                      <technique profile="blender">
                        <layer sid="layer" type="string">0</layer>
                        <tip_x sid="tip_x" type="float">0</tip_x>
                        <tip_y sid="tip_y" type="float">0.02999997</tip_y>
                        <tip_z sid="tip_z" type="float">0</tip_z>
                      </technique>
                    </extra>
                  </node>
                  <extra>
                    <technique profile="blender">
                      <layer sid="layer" type="string">0</layer>
                      <tip_x sid="tip_x" type="float">0</tip_x>
                      <tip_y sid="tip_y" type="float">0.02999997</tip_y>
                      <tip_z sid="tip_z" type="float">0</tip_z>
                    </technique>
                  </extra>
                </node>
                <extra>
                  <technique profile="blender">
                    <layer sid="layer" type="string">0</layer>
                    <tip_x sid="tip_x" type="float">0</tip_x>
                    <tip_y sid="tip_y" type="float">0.02999997</tip_y>
                    <tip_z sid="tip_z" type="float">0</tip_z>
                  </technique>
                </extra>
              </node>
              <extra>
                <technique profile="blender">
                  <layer sid="layer" type="string">0</layer>
                  <tip_x sid="tip_x" type="float">0</tip_x>
                  <tip_y sid="tip_y" type="float">0.02999997</tip_y>
                  <tip_z sid="tip_z" type="float">0</tip_z>
                </technique>
              </extra>
            </node>
            <extra>
              <technique profile="blender">
                <layer sid="layer" type="string">0</layer>
                <tip_x sid="tip_x" type="float">0</tip_x>
                <tip_y sid="tip_y" type="float">0.02999997</tip_y>
                <tip_z sid="tip_z" type="float">0</tip_z>
              </technique>
            </extra>
          </node>
          <node id="GanondorfRig_mHipLeft" name="mHipLeft" sid="mHipLeft" type="JOINT">
            <matrix sid="transform">1 0 0 0.034 0 1 0 0.127 0 0 1 -0.04100001 0 0 0 1</matrix>
            <node id="GanondorfRig_L_UPPER_LEG" name="L_UPPER_LEG" sid="L_UPPER_LEG" type="JOINT">
              <matrix sid="transform">1 0 0 -0.02 0 1 0 -0.05 0 0 1 -0.22 0 0 0 1</matrix>
              <extra>
                <technique profile="blender">
                  <layer sid="layer" type="string">0</layer>
                  <tip_x sid="tip_x" type="float">0</tip_x>
                  <tip_y sid="tip_y" type="float">0.02999997</tip_y>
                  <tip_z sid="tip_z" type="float">0</tip_z>
                </technique>
              </extra>
            </node>
            <node id="GanondorfRig_mKneeLeft" name="mKneeLeft" sid="mKneeLeft" type="JOINT">
              <matrix sid="transform">1 0 0 -0.001000002 0 1 0 -0.046 0 0 1 -0.491 0 0 0 1</matrix>
              <node id="GanondorfRig_L_LOWER_LEG" name="L_LOWER_LEG" sid="L_LOWER_LEG" type="JOINT">
                <matrix sid="transform">1 0 0 -0.02 0 1 0 0 0 0 1 -0.2 0 0 0 1</matrix>
                <extra>
                  <technique profile="blender">
                    <layer sid="layer" type="string">0</layer>
                    <tip_x sid="tip_x" type="float">0</tip_x>
                    <tip_y sid="tip_y" type="float">0.02999997</tip_y>
                    <tip_z sid="tip_z" type="float">0</tip_z>
                  </technique>
                </extra>
              </node>
              <node id="GanondorfRig_mAnkleLeft" name="mAnkleLeft" sid="mAnkleLeft" type="JOINT">
                <matrix sid="transform">1 0 0 -0.029 0 1 0 0.001000002 0 0 1 -0.468 0 0 0 1</matrix>
                <node id="GanondorfRig_L_FOOT" name="L_FOOT" sid="L_FOOT" type="JOINT">
                  <matrix sid="transform">1 0 1.49012e-8 0.077 0 1 0 0 -1.49012e-8 0 1 -0.041 0 0 0 1</matrix>
                  <extra>
                    <technique profile="blender">
                      <layer sid="layer" type="string">0</layer>
                      <roll sid="roll" type="float">0.1745329</roll>
                      <tip_x sid="tip_x" type="float">0</tip_x>
                      <tip_y sid="tip_y" type="float">0.02999997</tip_y>
                      <tip_z sid="tip_z" type="float">0</tip_z>
                    </technique>
                  </extra>
                </node>
                <node id="GanondorfRig_mFootLeft" name="mFootLeft" sid="mFootLeft" type="JOINT">
                  <matrix sid="transform">1 0 0 0.112 0 1 0 0 0 0 1 -0.061 0 0 0 1</matrix>
                  <node id="GanondorfRig_mToeLeft" name="mToeLeft" sid="mToeLeft" type="JOINT">
                    <matrix sid="transform">1 0 0 0.109 0 1 0 0 0 0 1 0 0 0 0 1</matrix>
                    <extra>
                      <technique profile="blender">
                        <layer sid="layer" type="string">0</layer>
                        <tip_x sid="tip_x" type="float">0</tip_x>
                        <tip_y sid="tip_y" type="float">0.02999997</tip_y>
                        <tip_z sid="tip_z" type="float">0</tip_z>
                      </technique>
                    </extra>
                  </node>
                  <extra>
                    <technique profile="blender">
                      <layer sid="layer" type="string">0</layer>
                      <tip_x sid="tip_x" type="float">0</tip_x>
                      <tip_y sid="tip_y" type="float">0.02999997</tip_y>
                      <tip_z sid="tip_z" type="float">0</tip_z>
                    </technique>
                  </extra>
                </node>
                <extra>
                  <technique profile="blender">
                    <layer sid="layer" type="string">0</layer>
                    <tip_x sid="tip_x" type="float">0</tip_x>
                    <tip_y sid="tip_y" type="float">0.02999997</tip_y>
                    <tip_z sid="tip_z" type="float">0</tip_z>
                  </technique>
                </extra>
              </node>
              <extra>
                <technique profile="blender">
                  <layer sid="layer" type="string">0</layer>
                  <tip_x sid="tip_x" type="float">0</tip_x>
                  <tip_y sid="tip_y" type="float">0.02999997</tip_y>
                  <tip_z sid="tip_z" type="float">0</tip_z>
                </technique>
              </extra>
            </node>
            <extra>
              <technique profile="blender">
                <layer sid="layer" type="string">0</layer>
                <tip_x sid="tip_x" type="float">0</tip_x>
                <tip_y sid="tip_y" type="float">0.02999997</tip_y>
                <tip_z sid="tip_z" type="float">0</tip_z>
              </technique>
            </extra>
          </node>
          <node id="GanondorfRig_mTail1" name="mTail1" sid="mTail1" type="JOINT">
            <matrix sid="transform">1 0 0 -0.116 0 1 0 0 0 0 1 0.04699993 0 0 0 1</matrix>
            <node id="GanondorfRig_mTail2" name="mTail2" sid="mTail2" type="JOINT">
              <matrix sid="transform">1 0 0 -0.197 0 1 0 0 0 0 1 0 0 0 0 1</matrix>
              <node id="GanondorfRig_mTail3" name="mTail3" sid="mTail3" type="JOINT">
                <matrix sid="transform">1 0 0 -0.168 0 1 0 0 0 0 1 0 0 0 0 1</matrix>
                <node id="GanondorfRig_mTail4" name="mTail4" sid="mTail4" type="JOINT">
                  <matrix sid="transform">1 0 0 -0.142 0 1 0 0 0 0 1 0 0 0 0 1</matrix>
                  <node id="GanondorfRig_mTail5" name="mTail5" sid="mTail5" type="JOINT">
                    <matrix sid="transform">1 0 0 -0.112 0 1 0 0 0 0 1 0 0 0 0 1</matrix>
                    <node id="GanondorfRig_mTail6" name="mTail6" sid="mTail6" type="JOINT">
                      <matrix sid="transform">1 0 0 -0.09399998 0 1 0 0 0 0 1 0 0 0 0 1</matrix>
                      <extra>
                        <technique profile="blender">
                          <layer sid="layer" type="string">0</layer>
                          <tip_x sid="tip_x" type="float">0</tip_x>
                          <tip_y sid="tip_y" type="float">0.02999997</tip_y>
                          <tip_z sid="tip_z" type="float">0</tip_z>
                        </technique>
                      </extra>
                    </node>
                    <extra>
                      <technique profile="blender">
                        <layer sid="layer" type="string">0</layer>
                        <tip_x sid="tip_x" type="float">0</tip_x>
                        <tip_y sid="tip_y" type="float">0.02999997</tip_y>
                        <tip_z sid="tip_z" type="float">0</tip_z>
                      </technique>
                    </extra>
                  </node>
                  <extra>
                    <technique profile="blender">
                      <layer sid="layer" type="string">0</layer>
                      <tip_x sid="tip_x" type="float">0</tip_x>
                      <tip_y sid="tip_y" type="float">0.02999997</tip_y>
                      <tip_z sid="tip_z" type="float">0</tip_z>
                    </technique>
                  </extra>
                </node>
                <extra>
                  <technique profile="blender">
                    <layer sid="layer" type="string">0</layer>
                    <tip_x sid="tip_x" type="float">0</tip_x>
                    <tip_y sid="tip_y" type="float">0.02999997</tip_y>
                    <tip_z sid="tip_z" type="float">0</tip_z>
                  </technique>
                </extra>
              </node>
              <extra>
                <technique profile="blender">
                  <layer sid="layer" type="string">0</layer>
                  <tip_x sid="tip_x" type="float">0</tip_x>
                  <tip_y sid="tip_y" type="float">0.02999997</tip_y>
                  <tip_z sid="tip_z" type="float">0</tip_z>
                </technique>
              </extra>
            </node>
            <extra>
              <technique profile="blender">
                <layer sid="layer" type="string">0</layer>
                <tip_x sid="tip_x" type="float">0</tip_x>
                <tip_y sid="tip_y" type="float">0.02999997</tip_y>
                <tip_z sid="tip_z" type="float">0</tip_z>
              </technique>
            </extra>
          </node>
          <node id="GanondorfRig_mGroin" name="mGroin" sid="mGroin" type="JOINT">
            <matrix sid="transform">1 0 0 0.064 0 1 0 0 0 0 1 -0.097 0 0 0 1</matrix>
            <extra>
              <technique profile="blender">
                <layer sid="layer" type="string">0</layer>
                <tip_x sid="tip_x" type="float">0</tip_x>
                <tip_y sid="tip_y" type="float">0.02999997</tip_y>
                <tip_z sid="tip_z" type="float">0</tip_z>
              </technique>
            </extra>
          </node>
          <node id="GanondorfRig_mHindLimbsRoot" name="mHindLimbsRoot" sid="mHindLimbsRoot" type="JOINT">
            <matrix sid="transform">1 0 0 -0.2 0 1 0 0 0 0 1 0.08399999 0 0 0 1</matrix>
            <node id="GanondorfRig_mHindLimb1Left" name="mHindLimb1Left" sid="mHindLimb1Left" type="JOINT">
              <matrix sid="transform">1 0 0 -0.204 0 1 0 0.129 0 0 1 -0.125 0 0 0 1</matrix>
              <node id="GanondorfRig_mHindLimb2Left" name="mHindLimb2Left" sid="mHindLimb2Left" type="JOINT">
                <matrix sid="transform">1 0 0 0.002000004 0 1 0 -0.046 0 0 1 -0.491 0 0 0 1</matrix>
                <node id="GanondorfRig_mHindLimb3Left" name="mHindLimb3Left" sid="mHindLimb3Left" type="JOINT">
                  <matrix sid="transform">1 0 0 -0.03 0 1 0 -0.002999999 0 0 1 -0.468 0 0 0 1</matrix>
                  <node id="GanondorfRig_mHindLimb4Left" name="mHindLimb4Left" sid="mHindLimb4Left" type="JOINT">
                    <matrix sid="transform">1 0 0 0.112 0 1 0 0 0 0 1 -0.061 0 0 0 1</matrix>
                    <extra>
                      <technique profile="blender">
                        <layer sid="layer" type="string">0</layer>
                        <tip_x sid="tip_x" type="float">0</tip_x>
                        <tip_y sid="tip_y" type="float">0.02999997</tip_y>
                        <tip_z sid="tip_z" type="float">0</tip_z>
                      </technique>
                    </extra>
                  </node>
                  <extra>
                    <technique profile="blender">
                      <layer sid="layer" type="string">0</layer>
                      <tip_x sid="tip_x" type="float">0</tip_x>
                      <tip_y sid="tip_y" type="float">0.02999997</tip_y>
                      <tip_z sid="tip_z" type="float">0</tip_z>
                    </technique>
                  </extra>
                </node>
                <extra>
                  <technique profile="blender">
                    <layer sid="layer" type="string">0</layer>
                    <tip_x sid="tip_x" type="float">0</tip_x>
                    <tip_y sid="tip_y" type="float">0.02999997</tip_y>
                    <tip_z sid="tip_z" type="float">0</tip_z>
                  </technique>
                </extra>
              </node>
              <extra>
                <technique profile="blender">
                  <layer sid="layer" type="string">0</layer>
                  <tip_x sid="tip_x" type="float">0</tip_x>
                  <tip_y sid="tip_y" type="float">0.02999997</tip_y>
                  <tip_z sid="tip_z" type="float">0</tip_z>
                </technique>
              </extra>
            </node>
            <node id="GanondorfRig_mHindLimb1Right" name="mHindLimb1Right" sid="mHindLimb1Right" type="JOINT">
              <matrix sid="transform">1 0 0 -0.204 0 1 0 -0.129 0 0 1 -0.125 0 0 0 1</matrix>
              <node id="GanondorfRig_mHindLimb2Right" name="mHindLimb2Right" sid="mHindLimb2Right" type="JOINT">
                <matrix sid="transform">1 0 0 0.002000004 0 1 0 0.046 0 0 1 -0.491 0 0 0 1</matrix>
                <node id="GanondorfRig_mHindLimb3Right" name="mHindLimb3Right" sid="mHindLimb3Right" type="JOINT">
                  <matrix sid="transform">1 0 0 -0.03 0 1 0 0.002999999 0 0 1 -0.468 0 0 0 1</matrix>
                  <node id="GanondorfRig_mHindLimb4Right" name="mHindLimb4Right" sid="mHindLimb4Right" type="JOINT">
                    <matrix sid="transform">1 0 0 0.112 0 1 0 0 0 0 1 -0.061 0 0 0 1</matrix>
                    <extra>
                      <technique profile="blender">
                        <layer sid="layer" type="string">0</layer>
                        <tip_x sid="tip_x" type="float">0</tip_x>
                        <tip_y sid="tip_y" type="float">0.02999997</tip_y>
                        <tip_z sid="tip_z" type="float">0</tip_z>
                      </technique>
                    </extra>
                  </node>
                  <extra>
                    <technique profile="blender">
                      <layer sid="layer" type="string">0</layer>
                      <tip_x sid="tip_x" type="float">0</tip_x>
                      <tip_y sid="tip_y" type="float">0.02999997</tip_y>
                      <tip_z sid="tip_z" type="float">0</tip_z>
                    </technique>
                  </extra>
                </node>
                <extra>
                  <technique profile="blender">
                    <layer sid="layer" type="string">0</layer>
                    <tip_x sid="tip_x" type="float">0</tip_x>
                    <tip_y sid="tip_y" type="float">0.02999997</tip_y>
                    <tip_z sid="tip_z" type="float">0</tip_z>
                  </technique>
                </extra>
              </node>
              <extra>
                <technique profile="blender">
                  <layer sid="layer" type="string">0</layer>
                  <tip_x sid="tip_x" type="float">0</tip_x>
                  <tip_y sid="tip_y" type="float">0.02999997</tip_y>
                  <tip_z sid="tip_z" type="float">0</tip_z>
                </technique>
              </extra>
            </node>
            <extra>
              <technique profile="blender">
                <layer sid="layer" type="string">0</layer>
                <tip_x sid="tip_x" type="float">0</tip_x>
                <tip_y sid="tip_y" type="float">0.02999997</tip_y>
                <tip_z sid="tip_z" type="float">0</tip_z>
              </technique>
            </extra>
          </node>
          <extra>
            <technique profile="blender">
              <layer sid="layer" type="string">0</layer>
              <tip_x sid="tip_x" type="float">0</tip_x>
              <tip_y sid="tip_y" type="float">0.02999997</tip_y>
              <tip_z sid="tip_z" type="float">0</tip_z>
            </technique>
          </extra>
        </node>
        <node id="GanondorfRobe_LOD1" name="GanondorfRobe_LOD1" type="NODE">
          <matrix sid="transform">1 0 0 0 0 1 0 0 0 0 1 0 0 0 0 1</matrix>
          <instance_controller url="#GanondorfRig_GanondorfRobe_LOD1-skin">
            <skeleton>#GanondorfRig_mPelvis</skeleton>
            <bind_material>
              <technique_common>
                <instance_material symbol="RobeUpper-material" target="#RobeUpper-material">
                  <bind_vertex_input semantic="UVMap" input_semantic="TEXCOORD" input_set="0"/>
                </instance_material>
                <instance_material symbol="RobeLower-material" target="#RobeLower-material">
                  <bind_vertex_input semantic="UVMap" input_semantic="TEXCOORD" input_set="0"/>
                </instance_material>
              </technique_common>
            </bind_material>
          </instance_controller>
        </node>
      </node>
    </visual_scene>
  </library_visual_scenes>
  <scene>
    <instance_visual_scene url="#Scene"/>
  </scene>
</COLLADA>