<?xml version="1.0" encoding="utf-8"?>
<COLLADA xmlns="http://www.collada.org/2005/11/COLLADASchema" version="1.4.1" xmlns:xsi="http://www.w3.org/2001/XMLSchema-instance">
  <asset>
    <contributor>
      <author>Blender User</author>
      <authoring_tool>Blender 3.6.19 commit date:2024-12-16, commit time:12:51, hash:56679ff9b2b2</authoring_tool>
    </contributor>
    <created>2026-07-11T12:04:57</created>
    <modified>2026-07-11T12:04:57</modified>
    <unit name="meter" meter="1"/>
    <up_axis>Z_UP</up_axis>
  </asset>
  <library_effects>
    <effect id="LegWrap-effect">
      <profile_COMMON>
        <technique sid="common">
          <lambert>
            <emission>
              <color sid="emission">0 0 0 1</color>
            </emission>
            <diffuse>
              <color sid="diffuse">0.32 0.3 0.24 1</color>
            </diffuse>
            <reflectivity>
              <float sid="specular">0.5</float>
            </reflectivity>
          </lambert>
        </technique>
      </profile_COMMON>
    </effect>
  </library_effects>
  <library_images/>
  <library_materials>
    <material id="LegWrap-material" name="LegWrap">
      <instance_effect url="#LegWrap-effect"/>
    </material>
  </library_materials>
  <library_geometries>
    <geometry id="GanondorfAnkletRight_LOD2-mesh" name="GanondorfAnkletRight_LOD2">
      <mesh>
        <source id="GanondorfAnkletRight_LOD2-mesh-positions">
          <float_array id="GanondorfAnkletRight_LOD2-mesh-positions-array" count="747">-0.0112155 -0.159297 0.2950592 -0.01611077 -0.03724259 0.2049314 0.04568171 -0.1165092 0.1469375 -0.00843811 -0.1218298 0.1426346 -0.04115629 -0.08434671 0.1573249 -0.03165543 -0.1049848 0.120706 -0.01250743 -0.04143261 0.1436898 0.04286193 -0.05385488 0.1516182 0.05937433 -0.1131495 0.09039944 -0.05745112 -0.08333045 0.05327385 0.01273018 -0.03939551 0.1423248 0.004479408 -0.1321411 0.09495812 0.06977242 -0.08325809 0.09491807 -0.004737198 -0.01104718 0.3254846 -0.02817499 -0.1556318 0.3114872 -0.04153031 -0.08370089 0.1248813 0.006587982 -0.1289214 0.1162461 0.05849939 -0.08679962 0.140003 -0.05623018 -0.03346109 0.2900288 0.05138015 -0.1090064 0.1201925 -7.89339e-4 -0.02922129 0.06811857 0.03152877 -0.04170185 0.09495162 0.03380727 -0.1355931 0.2631247 0.06078112 -0.08295184 0.1221247 0.06312376 -0.05658745 0.09079515 0.03859955 -0.1285115 0.07641506 -0.04607224 -0.0832296 0.08660125 0.08075654 -0.08345681 0.08200722 -0.02186667 -0.03302621 0.04749637 -0.04442602 -0.05013388 0.05381119 -0.02170723 -0.1336174 0.04792803 0.09096616 -0.04741919 0.06191813 0.0905947 -0.1199058 0.06177753 0.04958271 -0.1208478 0.3229615 0.05108153 -0.07587599 0.2184875 0.03344291 -0.02397495 0.3267874 -0.03318411 -0.06071639 0.11491 0.006327748 -0.03703153 0.1140047 0.02177649 -0.1444391 0.3251918 -0.05373173 -0.1301818 0.2874984 -0.07537561 -0.08435392 0.2896659 -0.02630764 -0.1116652 0.2034118 -0.0507729 -0.03036808 0.321951 -0.05944985 -0.1299343 0.3221298 -0.07456171 -0.07969772 0.3216281 0.01982223 -0.1273295 0.1451957 0.05346357 -0.108022 0.2192322 -0.02145338 -0.04312247 0.08375591 -0.02145689 -0.1230115 0.08367216 0.008662283 -0.0301215 0.04964661 0.008113503 -0.1364529 0.05012434 0.06311964 -0.08331584 0.1054713 0.01657718 -0.0360217 0.2145137 0.06282681 -0.08613383 0.2992146 0.04923033 -0.1121507 0.1792023 0.03960752 -0.05550557 0.1852881 -0.0394842 -0.08394014 0.1768538 0.05333191 -0.08380091 0.1808025 0.05918574 -0.07379871 0.3232707 0.06034833 -0.09246259 0.3221763 0.03003698 -0.1260523 0.1806713 -0.04020029 -0.05965715 0.205883 0.05196255 -0.0325402 0.05660057 0.006651103 -0.1247547 0.2046775 -0.03870499 -0.09462672 0.1368407 0.01744759 -0.14395 0.2641454 0.07424443 -0.1100849 0.0779637 0.02040517 -0.03920114 0.1087471 -0.004166483 -0.1588616 0.3136085 0.05091559 -0.05790299 0.1385518 0.04158776 -0.03205138 0.2884709 0.01732617 -0.03525948 0.0716682 0.01873201 -0.1310209 0.06880474 -0.05571341 -0.07338565 0.0540142 0.04155528 -0.03908342 0.08060288 -0.05563068 -0.09347653 0.05408239 0.07526499 -0.05784714 0.07774442 -0.001015543 -0.02793884 0.2267535 0.01284366 -0.03964143 0.1678102 0.0322737 -0.02086472 0.2982435 -0.03318679 -0.1004793 0.1832824 -0.02577877 -0.1080213 0.1716793 0.05100578 -0.07632821 0.1868499 -0.03605812 -0.1003512 0.2036781 0.04582715 -0.03927743 0.3259249 0.0388534 -0.05156272 0.22318 0.09337013 -0.08348834 0.07611769 0.04015475 -0.04839187 0.1308619 0.05988746 -0.07341623 0.1188109 0.03453993 -0.04504132 0.1083257 -0.01211863 -0.02706807 0.231184 0.002167642 -0.03435683 0.2083225 -0.071226 -0.1067999 0.3220857 0.04965662 -0.115683 0.09938645 0.04167932 -0.1187435 0.1072713 -0.007848143 -0.03918546 0.1021468 -0.03507006 -0.1268053 0.05240219 -0.00894469 -0.135618 0.04812413 -0.04141026 -0.06063944 0.074548 -0.004500627 -0.03741455 0.1817411 0.05718785 -0.06676745 0.2868833 -0.04267692 -0.07375419 0.2052182 -0.03664648 -0.05991476 0.1778097 0.041628 -0.04446971 0.2523608 -0.03030377 -0.03640466 0.04948908 0.07811188 -0.04456698 0.06945294 0.04436469 -0.1275659 0.2470743 0.05505573 -0.1048269 0.1572284 0.05663019 -0.08753252 0.1662059 -0.04253828 -0.08783924 0.2077565 0.0348488 -0.1275753 0.218709 0.04311269 -0.03327876 0.06728589 0.1102079 -0.08365589 0.06449174 0.07325822 -0.03810709 0.0597884 -0.03976809 -0.06950944 0.1863713 -0.04095357 -0.07391303 0.1685624 0.05023378 -0.1262241 0.2853129 0.0245471 -0.1444908 0.2866863 -0.04546368 -0.1424417 0.2996421 -0.04350978 -0.146542 0.3195634 -0.0353983 -0.04036891 0.05219793 -0.008792102 -0.03091204 0.0476011 0.05682408 -0.03482317 0.0674538 0.04974037 -0.112755 0.1336894 0.06833893 -0.07033747 0.09384387 -0.01713943 -0.1207496 0.1196203 -0.03324973 -0.05329972 0.1654818 -0.02511167 -0.0453307 0.1844737 0.09510952 -0.06882286 0.07290256 0.0528776 -0.05180174 0.09988802 0.0414716 -0.118283 0.1252435 0.05328977 -0.04419922 0.08669394 -0.04156893 -0.1046492 0.07587325 0.0683133 -0.04501438 0.07375305 0.1029402 -0.05896919 0.06317532 -0.01717418 -0.04501587 0.1229645 0.05063676 -0.05752676 0.1201516 -0.06739038 -0.05265194 0.321395 -0.01007008 -0.1313044 0.07871252 0.01178556 -0.1326903 0.07664924 -0.05231571 -0.1035836 0.05532217 0.006280362 -0.1533359 0.3225184 0.05963379 -0.06264114 0.1030257 0.05592882 -0.112604 0.2447162 -0.03973335 -0.1011326 0.08954864 0.05916261 -0.105686 0.2509054 0.05077081 -0.1118587 0.1980861 0.04695957 -0.1195315 0.2160581 -0.04448634 -0.04997104 0.2303882 -0.009923338 -0.1355895 0.06251209 0.02885055 -0.1263983 0.08902645 0.05005991 -0.1325685 0.0671575 0.05729776 -0.1074308 0.3220847 -0.03003954 -0.130402 0.04978156 -0.02082258 -0.1146422 0.1312536 0.01649481 -0.01401615 0.3267124 0.03735017 -0.1332098 0.3244078 -0.06151092 -0.1159178 0.2781146 -0.03283828 -0.1187348 0.2286172 0.03986382 -0.122973 0.09103697 0.01583307 -0.1296826 0.1013084 0.02370667 -0.126184 0.12088 -0.009478569 -0.126401 0.1022086 0.0776481 -0.1226266 0.06877219 0.1026741 -0.1083707 0.06297862 -0.0675944 -0.04573488 0.2989354 0.059547 -0.1124765 0.3028951 0.006544113 -0.01197117 0.2870385 0.06261909 -0.1011152 0.2848508 -0.05047947 -0.0995264 0.2359426 0.0214892 -0.1279051 0.1624003 0.02613341 -0.03046828 0.05232733 0.09519213 -0.0980246 0.07277005 -0.03939896 -0.1221675 0.05374741 0.07274627 -0.1290516 0.05980944 -0.02032768 -0.1150008 0.1520884 -0.005189955 -0.1262411 0.1271049 -0.007088065 -0.0100432 0.2939056 0.01460719 -0.03847748 0.1921644 0.01560956 -0.0243988 0.2477027 0.02555632 -0.04413616 0.1834076 -0.04167968 -0.09138083 0.1017193 0.02211159 -0.127144 0.2077899 0.07043683 -0.1298369 0.06444948 0.02979493 -0.04273408 0.2204957 -0.03903424 -0.06987369 0.1225283 -0.03954041 -0.0447207 0.05348646 0.01885241 -0.1323071 0.2311894 -0.04376685 -0.08121997 0.1076267 0.05834841 -0.1037822 0.1029825 0.05337715 -0.09990805 0.1827495 -0.0523988 -0.08661824 0.2303208 0.03808456 -0.123384 0.1839348 -0.05463135 -0.06182283 0.240889 0.03582185 -0.1367492 0.05454409 0.003468871 -0.03257685 0.09716594 -0.07472515 -0.1019553 0.2997786 0.05424392 -0.07007992 0.2510078 0.05445957 -0.09192013 0.2187615 -0.01826995 -0.04480284 0.1049855 -0.03932058 -0.06442326 0.08933585 0.06542271 -0.1230999 0.07299977 -0.01268368 -0.03334575 0.07415431 0.01490658 -0.03383672 0.09226989 0.04923105 -0.1226266 0.08454424 -0.0101757 -0.0292474 0.06086051 0.0681138 -0.09613877 0.09387898 0.05457282 -0.07245206 0.1568522 0.002320349 -0.03838735 0.1576791 0.05918639 -0.09282279 0.1255255 -0.01844686 -0.04150623 0.1589834 -0.02837449 -0.01622372 0.3235481 -0.01616811 -0.03999119 0.1779049 -0.03283566 -0.1038755 0.1532298 -0.02805727 -0.05226701 0.1365904 0.05521398 -0.1042607 0.1400829 -0.03393501 -0.0420975 0.2222009 0.04534763 -0.1191489 0.1681347 -0.02971005 -0.04623335 0.2049336 -0.001975476 -0.03983539 0.134595 0.03441876 -0.1236789 0.1481387 0.00600934 -0.1263428 0.1501156 -0.00681281 -0.1179548 0.1819299 -0.005283236 -0.1221131 0.1602101 0.008767485 -0.124365 0.1785897 0.01183277 -0.128979 0.1349267 0.05819201 -0.07335472 0.1310661 -0.0267561 -0.02897322 0.2413247 0.02614969 -0.04336303 0.1497349 0.04076194 -0.05185586 0.1660796 0.04983222 -0.06597948 0.1679559 -0.03442269 -0.05893129 0.140002 -0.04046005 -0.06787985 0.1564366 -0.04306763 -0.07838559 0.141116 -0.02558469 -0.1481595 0.2811233 -0.008839249 -0.1199715 0.2038489 -0.02444136 -0.01091539 0.300675 -0.03714019 -0.09473383 0.163374 0.04979151 -0.04326182 0.3064578 0.0389983 -0.1358429 0.3037544 -0.04395735 -0.1169883 0.05401873 -0.05218327 -0.06395757 0.05497878 0.07170891 -0.03739708 0.06489324 0.1087165 -0.07118892 0.06405144 0.1085772 -0.09603887 0.06392347 -0.0407992 -0.02270168 0.2787153 -0.07106298 -0.06742495 0.2785168 -0.006287515 -0.03776013 0.1653144 0.02310031 -0.01341891 0.307178</float_array>
          <technique_common>
            <accessor source="#GanondorfAnkletRight_LOD2-mesh-positions-array" count="249" stride="3">
              <param name="X" type="float"/>
              <param name="Y" type="float"/>
              <param name="Z" type="float"/>
            </accessor>
          </technique_common>
        </source>
        <source id="GanondorfAnkletRight_LOD2-mesh-normals">
          <float_array id="GanondorfAnkletRight_LOD2-mesh-normals-array" count="747">0.7794209 0.610392 -0.1411545 0.9466434 0.3128477 -0.07741242 0.9388623 0.3173141 -0.1336019 0.6837256 0.7245776 0.08664143 0.8877923 0.4602445 -4.91473e-5 0.9721754 0.2256768 0.06280899 0.8487527 0.5247246 0.06544536 0.6306498 0.7689536 -0.1048398 0.7962836 0.573208 -0.1933006 0.6256057 0.7593665 -0.1788296 0.7979361 0.5844615 -0.1473191 0.993813 0.07596719 -0.08102339 0.9416542 0.3277521 -0.07658928 0.9820637 -0.1631031 -0.09459644 0.9958614 0.090043 0.01235079 0.9559979 -0.2735937 -0.1058987 0.8771973 -0.4673243 -0.1101511 0.991306 -0.1233789 -0.04571908 0.32741 -0.9348924 -0.137037 0.7273849 -0.6787551 -0.1010085 0.6255618 -0.7712718 -0.1175254 0.9910827 -0.06251752 0.1176721 0.9118282 -0.4010514 0.08790409 0.7749681 -0.6128953 0.15422 0.9253681 -0.3256168 0.1940819 0.7329183 -0.6797555 -0.02762782 0.4662672 -0.8815013 -0.07450079 0.4767215 -0.8673259 -0.1431174 0.6210634 -0.7817416 0.05621576 0.5095024 -0.8584073 0.05953335 0.6482535 -0.7471035 0.146982 -0.03600525 -0.9926317 -0.1156976 0.1413738 -0.9561195 -0.2566105 -0.1889321 -0.9631534 -0.1914162 0.3079943 -0.9174438 -0.2518663 -0.03315275 -0.9682419 -0.2478075 0.4236545 -0.9046724 -0.04565972 0.5044985 -0.8615143 -0.05722254 0.3908411 -0.9196285 -0.03907537 0.5405443 -0.8404236 -0.0387324 0.6689859 -0.742345 -0.03717344 0.7527542 -0.6569948 -0.0414592 0.9120586 -0.410015 -0.0060727 0.9609578 -0.2615283 0.09034919 0.9946128 -0.0224961 0.1011905 0.7887934 -0.6113346 0.06383699 0.8204016 -0.4682369 0.3281701 0.9389464 -0.02068245 0.3434415 0.4853141 -0.8654577 0.1243113 0.5659666 -0.7704917 0.2932989 0.2900024 -0.9117314 0.2909375 0.2563367 -0.9537326 0.157117 0.2901964 -0.9568541 0.01471716 0.2126435 -0.9727557 0.09235364 -0.04505437 -0.9964295 0.07140445 0.01437753 -0.9987322 0.04824471 0.1308338 -0.9914034 0.001402914 -0.3373296 -0.9360663 0.09994339 -0.2045399 -0.9752686 0.08375376 -0.4440771 -0.8902733 0.1010395 -0.6504421 -0.7546943 0.08580034 -0.6001491 -0.7900895 0.1248192 -0.772099 -0.6325191 0.0615037 -0.6034967 -0.7594922 0.2428238 -0.8399264 -0.5005082 0.2097982 -0.7642198 -0.5610333 0.3181352 -0.932157 -0.3414327 0.1204447 -0.9689621 3.66242e-4 0.2472093 -0.9919794 0.074072 0.102422 -0.7982103 0.6023784 -7.59062e-4 -0.9241927 0.3796855 -0.04131376 -0.8358901 0.5107161 0.201139 -0.833492 0.5463155 -0.08264619 -0.6632293 0.7420837 -0.09715282 -0.5279882 0.8492489 -0.002200424 -0.3306078 0.9395205 -0.08944171 -0.1686253 0.9856681 0.004896521 0.001878201 0.9988809 -0.04726088 0.1483221 0.9888349 0.01436406 -0.01740562 0.9919383 0.125521 -0.4095121 0.8955312 0.1741369 -0.3654423 -0.9209989 0.1349553 -0.05724185 -0.9877343 0.1452733 -0.394509 -0.8874219 0.2384218 0.2003869 -0.9763363 0.08131867 -0.9981048 0.05942797 -0.01597279 -0.9570025 0.2899439 -0.00888127 -0.9123609 -0.4091013 0.0152899 -0.9985091 -0.047589 0.02673965 -0.5674178 -0.8211777 0.06086349 -0.5940413 0.7995083 0.08889132 -0.6291291 0.7327821 0.2592818 -0.9059385 0.2387115 0.3497034 -0.9463583 -0.001263141 0.3231166 -0.7685865 0.5568139 0.3150129 -0.9070636 -0.2227548 0.3572338 -0.7193467 -0.5741688 0.3909866 -0.6595216 -0.6502555 0.3770931 -0.5115209 -0.7940423 0.3283949 -0.09406894 -0.6688559 0.7374165 -0.3156057 -0.9347915 0.1629665 -0.1889349 -0.9725586 0.1357699 0.02778774 -0.9880815 0.151403 -0.1018111 -0.9947915 -0.004958331 0.1466966 -0.9695118 0.1962836 0.0827133 -0.9295912 0.3591918 0.3179765 -0.8403402 0.4389981 0.5861003 -0.6282345 0.5116717 0.7639098 -0.2971578 0.5728342 0.8056817 -0.005598843 0.5923222 0.828239 0.4218099 0.3689126 0.7863823 0.2603684 0.5601887 0.6786787 0.5221936 0.516439 0.6026374 -0.00473392 0.7980012 -0.09695446 0.9702693 0.2217597 -0.4126703 0.8802002 0.2344161 -0.5380728 0.7847409 0.3076677 -0.2160227 0.9744014 0.06225991 -0.352867 0.9314407 0.08890116 -0.6613369 0.6490439 0.3759995 -0.06062465 0.6150868 0.7861254 -0.7201419 0.5710731 0.3940447 -0.8418777 0.3594858 0.4025072 0.9444059 0.2886859 0.1573468 0.9907287 0.01849699 0.1345906 0.07682687 0.9941673 0.07568973 0.03146362 0.9949773 0.09502738 -0.09249156 0.9867193 -0.1335311 0.2004464 0.9714123 0.1271987 0.2988985 0.9490241 0.1000655 0.3176147 0.9276063 0.1966405 0.3132817 0.939771 0.1366932 0.4234259 0.8979829 0.1197388 0.5359175 0.8429713 0.04681825 0.382567 0.9232316 0.03586006 0.6771528 0.7272797 0.1119303 0.7908959 0.6012095 0.1141528 0.7474104 0.6522632 0.1262158 0.9530954 0.2811148 0.1121773 0.9293555 0.3378598 0.1488262 -0.001735329 0.9708808 0.2395568 0.5675691 0.7380186 0.3649575 0.1059997 0.9335596 0.3423895 0.3845639 0.7934432 0.4717614 0.2252299 0.9192959 0.3227486 0.4137508 0.6359513 0.6514417 -0.007107913 0.9558588 0.2937405 0.5542214 0.4014031 0.7291873 0.4745063 0.5690211 0.6716092 0.4273609 0.6388548 0.6397087 0.4730702 0.2706554 0.8384214 0.4197621 0.8982043 0.130495 0.1330481 0.9830831 0.1258807 0.3849827 0.8773545 0.2864224 0.4255933 -0.8921226 0.1516171 0.3474666 -0.8786767 0.3274055 -0.001440942 -0.9564591 0.2918631 0.4181588 -0.6418771 0.6427574 0.4445875 -0.5542333 0.7036815 0.3355998 -0.6883388 0.6430883 0.5360022 -0.4463515 0.7165697 0.4728057 -0.2780568 0.8361455 0.4876189 -0.003102958 0.8730511 0.5638425 -0.005971729 0.8258608 0.4545485 0.4161847 0.7875124 0.5581924 0.1812574 0.809671 0.45088 -0.4195388 0.7878417 0.1377072 -0.9221585 0.3614699 -0.7760218 0.6302992 -0.02265298 -0.4008111 0.9144725 -0.05559504 -0.4419105 0.8930788 -0.08441323 -0.6503955 0.75546 -0.07915872 -0.3452714 0.9174029 -0.1978877 -0.8944739 0.4469598 -0.01197385 -0.3126415 0.9493609 -0.03113335 -0.002459645 0.9938373 -0.1108214 -0.1908 0.9340543 -0.3018909 -0.4026067 0.9044976 0.1406834 -0.6564606 0.7495372 0.08516693 -0.003303587 0.9972134 0.07453018 -0.5439215 0.8049169 -0.2371883 -0.7143771 0.6839928 -0.1477137 -0.4458117 0.836701 -0.3180931 -0.6165271 0.7158291 -0.3278464 -0.8806191 0.4027253 -0.2496446 -0.6723046 0.7050191 -0.2257314 -0.780436 0.5357323 -0.3223516 -0.9885941 0.1308061 -0.07464271 -0.9954467 0.07899522 0.05334621 -0.9815267 -0.190667 0.01585978 -0.98345 -0.1694155 0.06422263 -0.8941354 -0.4404795 0.08062094 -0.7777747 -0.6253517 0.06326019 -0.6456994 -0.7629255 0.03189164 -0.4040085 -0.9147543 0.001330375 -0.3823062 -0.9185876 0.1001946 -0.9062806 0.4015669 0.1319076 -0.8781665 0.4759324 -0.04808455 -0.9949779 0.08454352 0.05358511 -0.9819402 -0.02258992 -0.1878384 -0.9008921 0.2731965 -0.3372791 -0.9398315 0.1970967 -0.2790514 -0.9662344 0.0577532 -0.251109 -0.9244573 -0.1240056 -0.3605573 -0.9330981 -0.2172845 -0.2865582 -0.8413589 -0.5358721 -0.07040268 -0.5860338 -0.775503 -0.2348611 -0.8245662 -0.5164538 -0.2310115 -0.837538 -0.4123328 -0.3584855 -0.6067699 -0.7042284 -0.3686363 -0.7114644 -0.6522639 -0.2614771 -0.8093278 -0.4885509 -0.326047 -0.9516901 -0.2878075 -0.1070178 -0.8057844 -0.5868601 -0.0794171 -0.9448256 -0.3178615 0.07917541 -0.228677 -0.9723482 0.0473901 -0.3493304 -0.9034817 -0.2483732 -0.437636 -0.8352383 -0.3329441 -0.6227126 -0.7546638 -0.206668 -0.4886839 -0.8428664 -0.2253094 -0.6464415 -0.7573387 -0.09247446 0.4959509 0.8681231 -0.01988279 0.2564838 0.9598082 -0.1139493 0.3584873 0.911396 -0.2021 0.05632668 0.9570463 -0.2844112 0.05713033 0.9754034 -0.212895 -0.04888284 0.996811 -0.06307452 0.2146104 0.976671 -0.007487297 -0.1198425 0.9878764 -0.09868109 0.7637853 0.6418413 0.06835168 0.6823615 0.7275117 0.0714817 0.8836133 0.4486013 0.134107 0.9521196 0.2996637 0.06058138 0.9691425 0.1292589 0.2098929 0.9896311 0.06431865 0.1284275 0.9281547 -0.3710064 0.02971857 0.9889709 -0.139595 0.04949676 0.8518628 -0.52181 0.04521489 0.6450145 -0.7641352 0.007335603 0.5153709 -0.8554625 -0.05076438 0.1658222 -0.9854271 -0.03790062 0.07647591 -0.9966197 0.03000909 0.3997816 0.9163616 -0.02136087 0.1847621 0.967406 -0.1731719 0.2908866 0.9482438 0.1273527 0.3342659 0.9048337 -0.2637085 0.8691781 -0.4880716 -0.07947093 -0.8358409 -0.3550781 0.4186761 0.560764 -0.1950793 0.8046663</float_array>
          <technique_common>
            <accessor source="#GanondorfAnkletRight_LOD2-mesh-normals-array" count="249" stride="3">
              <param name="X" type="float"/>
              <param name="Y" type="float"/>
              <param name="Z" type="float"/>
            </accessor>
          </technique_common>
        </source>
        <source id="GanondorfAnkletRight_LOD2-mesh-map-0">
          <float_array id="GanondorfAnkletRight_LOD2-mesh-map-0-array" count="2676">0.5317856 0.1651076 0.5110834 0.1638458 0.5051358 0.1309892 0.542788 0.2014243 0.5266547 0.181883 0.5317856 0.1651076 0.5084469 0.1978355 0.5266547 0.181883 0.5317568 0.2010666 0.5396156 0.1739975 0.5317856 0.1651076 0.5232649 0.1298959 0.5317856 0.1651076 0.5396156 0.1739975 0.542788 0.2014243 0.5256331 0.09716933 0.5232649 0.1298959 0.5182435 0.1000094 0.5396156 0.1739975 0.5232649 0.1298959 0.5256331 0.09716933 0.5051358 0.1309892 0.4913011 0.09792584 0.5022139 0.09832149 0.4855087 0.1282094 0.4913011 0.09792584 0.4997099 0.1748579 0.4831921 0.09777778 0.4913011 0.09792584 0.4855087 0.1282094 0.4810087 0.1220844 0.4855087 0.1282094 0.4899287 0.1612296 0.4855087 0.1282094 0.4810087 0.1220844 0.4831921 0.09777778 0.4680678 0.09513902 0.476305 0.09403741 0.471772 0.1239385 0.4997099 0.1748579 0.5110834 0.1638458 0.5084469 0.1978355 0.4961213 0.1959192 0.4997099 0.1748579 0.5084469 0.1978355 0.4810087 0.1220844 0.4899287 0.1612296 0.4846456 0.1768068 0.4846456 0.1768068 0.4997099 0.1748579 0.4961213 0.1959192 0.4792122 0.1957778 0.4846456 0.1768068 0.4873851 0.1951605 0.4810087 0.1220844 0.4744601 0.1601226 0.471772 0.1239385 0.4744601 0.1601226 0.4846456 0.1768068 0.4792122 0.1957778 0.4744601 0.1601226 0.457565 0.1607869 0.4642223 0.1387172 0.4792122 0.1957778 0.4670968 0.1776979 0.4744601 0.1601226 0.4580607 0.1991414 0.4670968 0.1776979 0.4690811 0.197377 0.4602165 0.08263862 0.4568186 0.1072006 0.4498618 0.07368588 0.4680678 0.09513902 0.4568186 0.1072006 0.4602165 0.08263862 0.4568186 0.1072006 0.4680678 0.09513902 0.4642223 0.1387172 0.4498618 0.07368588 0.4546263 0.1358891 0.4449582 0.1332266 0.4449582 0.1332266 0.457565 0.1607869 0.4329932 0.1980118 0.4642223 0.1387172 0.457565 0.1607869 0.4546263 0.1358891 0.4329932 0.1980118 0.457565 0.1607869 0.4580607 0.1991414 0.4460008 0.1993876 0.4329932 0.1980118 0.4580607 0.1991414 0.8763934 0.487022 0.8698174 0.480355 0.878 0.479 0.8698174 0.480355 0.874668 0.4771355 0.878 0.479 0.8784719 0.4768564 0.8801805 0.466767 0.8845748 0.4746585 0.8801805 0.466767 0.874668 0.4771355 0.8718335 0.4711667 0.8801805 0.466767 0.8720492 0.4534648 0.8860002 0.448577 0.8718335 0.4711667 0.8720492 0.4534648 0.8801805 0.466767 0.8611546 0.4732074 0.8619744 0.4597634 0.8718335 0.4711667 0.8520156 0.4649875 0.8611546 0.4732074 0.8475993 0.4784319 0.8619744 0.4597634 0.8611546 0.4732074 0.8520156 0.4649875 0.8698174 0.480355 0.8611546 0.4732074 0.8718335 0.4711667 0.8657636 0.4931837 0.8611546 0.4732074 0.8698174 0.480355 0.8611546 0.4732074 0.8657636 0.4931837 0.8475993 0.4784319 0.8657636 0.4931837 0.8545001 0.4963285 0.8475993 0.4784319 0.8627223 0.506889 0.8545001 0.4963285 0.8657636 0.4931837 0.871922 0.5016503 0.8763934 0.487022 0.878 0.494 0.8657636 0.4931837 0.871922 0.5016503 0.8627223 0.506889 0.8693373 0.514761 0.8785001 0.5010001 0.879 0.508 0.871922 0.5016503 0.8693373 0.514761 0.8627223 0.506889 0.8762363 0.5275318 0.867296 0.5247814 0.879 0.508 0.8758733 0.5408267 0.867296 0.5247814 0.8762363 0.5275318 0.8522223 0.5332779 0.8730872 0.550059 0.8673462 0.5532748 0.8730872 0.550059 0.867296 0.5247814 0.8758733 0.5408267 0.8813351 0.5506849 0.8730872 0.550059 0.8758733 0.5408267 0.8864346 0.5563032 0.8730872 0.550059 0.8813351 0.5506849 0.8813351 0.5506849 0.8876411 0.5514066 0.8864346 0.5563032 0.8978889 0.5446112 0.8876411 0.5514066 0.8916433 0.546296 0.8876411 0.5514066 0.8975626 0.5513947 0.8864346 0.5563032 0.8978889 0.5446112 0.8916433 0.546296 0.8942515 0.5392361 0.8942515 0.5392361 0.8959659 0.5358753 0.8978889 0.5446112 0.904958 0.5296971 0.8959659 0.5358753 0.8962065 0.5264374 0.8959659 0.5358753 0.904958 0.5296971 0.8978889 0.5446112 0.9006183 0.5150193 0.8935 0.5135 0.8944186 0.4994345 0.8962065 0.5264374 0.9006183 0.5150193 0.904958 0.5296971 0.9131416 0.5077981 0.9006183 0.5150193 0.8944186 0.4994345 0.904958 0.5296971 0.9006183 0.5150193 0.9163612 0.5212699 0.867296 0.5247814 0.8577418 0.5203847 0.8693373 0.514761 0.8577418 0.5203847 0.867296 0.5247814 0.8522223 0.5332779 0.8577418 0.5203847 0.8524855 0.5087562 0.8627223 0.506889 0.8460822 0.5226499 0.8577418 0.5203847 0.8522223 0.5332779 0.8475993 0.4784319 0.8545001 0.4963285 0.8397448 0.5011077 0.8524855 0.5087562 0.8545001 0.4963285 0.8627223 0.506889 0.8871063 0.5411208 0.8890001 0.5370001 0.8942515 0.5392361 0.8820984 0.5413194 0.8871063 0.5411208 0.8860002 0.5466668 0.8758733 0.5408267 0.8820984 0.5413194 0.8813351 0.5506849 0.8782351 0.5247725 0.8762363 0.5275318 0.879 0.508 0.8978889 0.5446112 0.904958 0.5296971 0.91223 0.5312478 0.9197779 0.534389 0.8975626 0.5513947 0.91223 0.5312478 0.91223 0.5312478 0.8975626 0.5513947 0.8978889 0.5446112 0.8864346 0.5563032 0.8956264 0.5664274 0.8843615 0.5832408 0.9040057 0.5537067 0.8956264 0.5664274 0.8975626 0.5513947 0.8864346 0.5563032 0.8743373 0.5661452 0.8730872 0.550059 0.8522223 0.5332779 0.8469816 0.5714615 0.8497661 0.5516964 0.8426746 0.5491363 0.835941 0.5563549 0.8294934 0.5408534 0.8497661 0.5516964 0.8426746 0.5491363 0.8522223 0.5332779 0.8524855 0.5087562 0.8460822 0.5226499 0.8350917 0.5238254 0.8350917 0.5238254 0.8426746 0.5491363 0.8294934 0.5408534 0.8350917 0.5238254 0.8397448 0.5011077 0.8524855 0.5087562 0.8194445 0.5062779 0.8350917 0.5238254 0.8217844 0.529133 0.8331263 0.4875064 0.8397448 0.5011077 0.8194445 0.5062779 0.8397448 0.5011077 0.8331263 0.4875064 0.8475993 0.4784319 0.8404143 0.4621011 0.8520156 0.4649875 0.8475993 0.4784319 0.850041 0.453851 0.8520156 0.4649875 0.8404143 0.4621011 0.8619744 0.4597634 0.850041 0.453851 0.8616051 0.448465 0.8754326 0.4400637 0.8720492 0.4534648 0.8616051 0.448465 0.8860002 0.448577 0.8754326 0.4400637 0.8857195 0.4381456 0.8998262 0.4523805 0.8957512 0.4396857 0.9089698 0.4444648 0.8860002 0.448577 0.8957512 0.4396857 0.8998262 0.4523805 0.8850002 0.4191347 0.8957512 0.4396857 0.8857195 0.4381456 0.91223 0.5312478 0.9163612 0.5212699 0.9197779 0.534389 0.904958 0.5296971 0.9163612 0.5212699 0.91223 0.5312478 0.9197919 0.510573 0.9163612 0.5212699 0.9131416 0.5077981 0.9163612 0.5212699 0.9275391 0.5270766 0.9197779 0.534389 0.9273257 0.5497481 0.9357365 0.525419 0.9396934 0.5425067 0.9197779 0.534389 0.9275391 0.5270766 0.9273257 0.5497481 0.9273257 0.5497481 0.9206477 0.5520058 0.9197779 0.534389 0.9331961 0.5572733 0.9273257 0.5497481 0.9396934 0.5425067 0.9215431 0.5709958 0.9040057 0.5537067 0.9206477 0.5520058 0.9040057 0.5537067 0.9025347 0.5689452 0.8956264 0.5664274 0.8998262 0.4523805 0.891856 0.4610022 0.8860002 0.448577 0.8860002 0.448577 0.891856 0.4610022 0.8859078 0.4631458 0.9485557 0.5071111 0.9357365 0.525419 0.9343633 0.5123003 0.9396934 0.5425067 0.9357365 0.525419 0.9466181 0.5310394 0.9343633 0.5123003 0.9346313 0.4921144 0.9485557 0.5071111 0.9346313 0.4921144 0.9230152 0.4994277 0.9197267 0.474653 0.9197267 0.474653 0.9230152 0.4994277 0.9158888 0.4924643 0.9197919 0.510573 0.9230152 0.4994277 0.9343633 0.5123003 0.9158888 0.4924643 0.9197919 0.510573 0.9131416 0.5077981 0.9158888 0.4924643 0.9108149 0.4752212 0.9197267 0.474653 0.9108149 0.4752212 0.9158888 0.4924643 0.8944186 0.4994345 0.900775 0.4794797 0.8929764 0.488994 0.891 0.479 0.9108149 0.4752212 0.8929764 0.488994 0.900775 0.4794797 0.894764 0.4757699 0.900775 0.4794797 0.891 0.479 0.9008883 0.4687733 0.900775 0.4794797 0.894764 0.4757699 0.89069 0.4706016 0.8875002 0.4785 0.8845748 0.4746585 0.894764 0.4757699 0.89069 0.4706016 0.9008883 0.4687733 0.8859078 0.4631458 0.89069 0.4706016 0.8845748 0.4746585 0.89069 0.4706016 0.891856 0.4610022 0.9008883 0.4687733 0.9346313 0.4921144 0.9474078 0.4695349 0.9485557 0.5071111 0.9096034 0.4571865 0.9108149 0.4752212 0.9008883 0.4687733 0.927178 0.4609488 0.9197267 0.474653 0.9186556 0.451158 0.9186556 0.451158 0.9197267 0.474653 0.9096034 0.4571865 0.9089698 0.4444648 0.9186556 0.451158 0.9096034 0.4571865 0.9186556 0.451158 0.9331201 0.4328222 0.927178 0.4609488 0.9238579 0.4251849 0.9186556 0.451158 0.9089698 0.4444648 0.927178 0.4609488 0.9331201 0.4328222 0.9372445 0.450743 0.927178 0.4609488 0.9372445 0.450743 0.9474078 0.4695349 0.9089227 0.4211081 0.8957512 0.4396857 0.8850002 0.4191347 0.9089698 0.4444648 0.9089227 0.4211081 0.9238579 0.4251849 0.9243207 0.3902372 0.9244891 0.4098728 0.8992799 0.3997981 0.8992799 0.3997981 0.9089227 0.4211081 0.8850002 0.4191347 0.9331201 0.4328222 0.9358829 0.4078019 0.9447779 0.4288334 0.9238579 0.4251849 0.9325476 0.4132516 0.9331201 0.4328222 0.9358829 0.4078019 0.9244891 0.4098728 0.9243207 0.3902372 0.8331276 0.4095918 0.8369261 0.4156072 0.8219146 0.457876 0.8447833 0.4112896 0.8331276 0.4095918 0.843545 0.391968 0.8459254 0.4264069 0.8369261 0.4156072 0.8447833 0.4112896 0.843545 0.391968 0.8614047 0.4228889 0.8447833 0.4112896 0.8694645 0.3982342 0.8614047 0.4228889 0.843545 0.391968 0.8850002 0.4191347 0.8694645 0.3982342 0.8843843 0.4022772 0.8833965 0.3773323 0.8992799 0.3997981 0.8843843 0.4022772 0.8992799 0.3997981 0.9052124 0.3734096 0.9243207 0.3902372 0.8833965 0.3773323 0.8974279 0.379743 0.8992799 0.3997981 0.861493 0.3745775 0.8694645 0.3982342 0.843545 0.391968 0.8754326 0.4400637 0.8614047 0.4228889 0.8850002 0.4191347 0.8616051 0.448465 0.8614047 0.4228889 0.8754326 0.4400637 0.8459254 0.4264069 0.850041 0.453851 0.8351178 0.4421533 0.850041 0.453851 0.8459254 0.4264069 0.8616051 0.448465 0.8351178 0.4421533 0.850041 0.453851 0.8404143 0.4621011 0.8351178 0.4421533 0.8369261 0.4156072 0.8459254 0.4264069 0.8404143 0.4621011 0.8331263 0.4875064 0.8351178 0.4421533 0.8219146 0.457876 0.8331263 0.4875064 0.8194445 0.5062779 0.2334534 0.03467887 0.229 0.01849997 0.24 0.01599997 0.2152832 0.05692917 0.2195514 0.03333288 0.2334534 0.03467887 0.2152832 0.05692917 0.2240743 0.05979371 0.2129999 0.07899999 0.2334534 0.03467887 0.2240743 0.05979371 0.2152832 0.05692917 0.2334534 0.03467887 0.2456361 0.02530723 0.2371752 0.05108982 0.24 0.01599997 0.2456361 0.02530723 0.2334534 0.03467887 0.2092412 0.1791854 0.1975 0.1715 0.2067862 0.1086351 0.2120015 0.2002359 0.2092412 0.1791854 0.2286667 0.1995555 0.1949999 0.202 0.2092412 0.1791854 0.2120015 0.2002359 0.2067862 0.1086351 0.2206721 0.1609942 0.2092412 0.1791854 0.2304228 0.1720191 0.2206721 0.1609942 0.214821 0.1219422 0.2092412 0.1791854 0.2304228 0.1720191 0.2286667 0.1995555 0.2258458 0.1019624 0.2067862 0.1086351 0.2129999 0.07899999 0.2304228 0.1720191 0.214821 0.1219422 0.2258458 0.1019624 0.237899 0.08166664 0.2258458 0.1019624 0.2262317 0.08168905 0.2258458 0.1019624 0.2335849 0.1107664 0.2304228 0.1720191 0.237899 0.08166664 0.2240743 0.05979371 0.2371752 0.05108982 0.2240743 0.05979371 0.2262317 0.08168905 0.2129999 0.07899999 0.2458354 0.0589742 0.2495502 0.0375458 0.2570708 0.04643434 0.2371752 0.05108982 0.2458354 0.0589742 0.237899 0.08166664 0.258542 0.02179771 0.2495502 0.0375458 0.2456361 0.02530723 0.2570708 0.04643434 0.2495502 0.0375458 0.258542 0.02179771 0.2456361 0.02530723 0.2495502 0.0375458 0.2371752 0.05108982 0.269 0.01449996 0.2664191 0.03253996 0.258542 0.02179771 0.279 0.01399999 0.274657 0.02407282 0.269 0.01449996 0.2664191 0.03253996 0.274657 0.02407282 0.279644 0.04494541 0.2886756 0.02482235 0.274657 0.02407282 0.279 0.01399999 0.2886756 0.02482235 0.291278 0.05620926 0.279644 0.04494541 0.2991621 0.03422731 0.2886756 0.02482235 0.304 0.01699995 0.243698 0.200651 0.2399047 0.1811236 0.2589192 0.2024243 0.2286667 0.1995555 0.2399047 0.1811236 0.243698 0.200651 0.2399047 0.1811236 0.2585068 0.1729341 0.2589192 0.2024243 0.2407233 0.1216773 0.2399047 0.1811236 0.2304228 0.1720191 0.2585068 0.1729341 0.2486562 0.1625428 0.2407233 0.1216773 0.2407233 0.1216773 0.2335849 0.1107664 0.237899 0.08166664 0.237899 0.08166664 0.2485334 0.08129781 0.2407233 0.1216773 0.2407233 0.1216773 0.2574708 0.11058 0.2585068 0.1729341 0.2590084 0.08357214 0.2458354 0.0589742 0.2570708 0.04643434 0.237899 0.08166664 0.2458354 0.0589742 0.2485334 0.08129781 0.2664191 0.03253996 0.2690337 0.05558907 0.2570708 0.04643434 0.279644 0.04494541 0.2690337 0.05558907 0.2664191 0.03253996 0.2690337 0.05558907 0.279644 0.04494541 0.2789092 0.07887876 0.2690337 0.05558907 0.2590084 0.08357214 0.2570708 0.04643434 0.2681123 0.08045852 0.2690337 0.05558907 0.2789092 0.07887876 0.2590084 0.08357214 0.2690337 0.05558907 0.2681123 0.08045852 0.2590084 0.08357214 0.2681123 0.08045852 0.2667734 0.1186939 0.2667734 0.1186939 0.2825074 0.1093183 0.2896788 0.17284 0.2667734 0.1186939 0.2574708 0.11058 0.2590084 0.08357214 0.2585068 0.1729341 0.2667734 0.1186939 0.2788653 0.1639091 0.2585068 0.1729341 0.2788653 0.1639091 0.270073 0.1835504 0.270073 0.1835504 0.2896788 0.17284 0.2936667 0.2055152 0.2766656 0.204321 0.270073 0.1835504 0.2936667 0.2055152 0.2589192 0.2024243 0.270073 0.1835504 0.2766656 0.204321 0.291278 0.05620926 0.303 0.05426901 0.3031935 0.07668584 0.291332 0.07984584 0.291278 0.05620926 0.3031935 0.07668584 0.291332 0.07984584 0.3031935 0.07668584 0.3099305 0.1356576 0.3065698 0.1613315 0.291332 0.07984584 0.3099305 0.1356576 0.2896788 0.17284 0.2825074 0.1093183 0.3065698 0.1613315 0.291332 0.07984584 0.2825074 0.1093183 0.2789092 0.07887876 0.3006767 0.1835116 0.3099305 0.1356576 0.323 0.2 0.3065698 0.1613315 0.3006767 0.1835116 0.2896788 0.17284 0.2936667 0.2055152 0.3006767 0.1835116 0.308402 0.2037624 0.5246751 0.0599417 0.5321218 0.06807506 0.5331416 0.09033334 0.548 0.07599997 0.5440726 0.1027092 0.5403531 0.08307898 0.548 0.07599997 0.5403531 0.08307898 0.5410007 0.05587917 0.5410007 0.05587917 0.5321218 0.06807506 0.5319477 0.0439217 0.5410007 0.05587917 0.547239 0.05392915 0.548 0.07599997 0.5367364 0.03099709 0.5410007 0.05587917 0.5319477 0.0439217 0.5465001 0.03249996 0.5367364 0.03099709 0.546 0.01799994 0.547239 0.05392915 0.5415896 0.03802347 0.5465001 0.03249996 0.53 0.02399998 0.5367364 0.03099709 0.5319477 0.0439217 0.5246751 0.0599417 0.5260962 0.0306468 0.5319477 0.0439217 0.5160001 0.06114143 0.5188642 0.04623806 0.5246751 0.0599417 0.5093514 0.04807364 0.5028243 0.07226932 0.4968486 0.0610606 0.5188642 0.04623806 0.5093514 0.04807364 0.521 0.03299999 0.5160001 0.06114143 0.5093514 0.04807364 0.5188642 0.04623806 0.4932532 0.04843986 0.5093514 0.04807364 0.4968486 0.0610606 0.491 0.03399997 0.5035902 0.04002833 0.4932532 0.04843986 0.5093514 0.04807364 0.5035902 0.04002833 0.521 0.03299999 0.4932532 0.04843986 0.4837677 0.0414226 0.491 0.03399997 0.4837677 0.0414226 0.4877809 0.06397545 0.4806466 0.06007069 0.4837677 0.0414226 0.4850001 0.032 0.491 0.03399997 0.4764209 0.04636871 0.4837677 0.0414226 0.4806466 0.06007069 0.479 0.02999997 0.4837677 0.0414226 0.4764209 0.04636871 0.4764209 0.04636871 0.4728333 0.0634911 0.4667555 0.05827701 0.465248 0.03789937 0.4764209 0.04636871 0.4667555 0.05827701 0.469 0.02099996 0.4729159 0.02957659 0.465248 0.03789937 0.562 0.199 0.5469958 0.1819286 0.5499894 0.1619684 0.542788 0.2014243 0.5469958 0.1819286 0.5526744 0.200429 0.5499894 0.1619684 0.5570001 0.1685 0.562 0.199 0.5440726 0.1027092 0.5394683 0.1229564 0.5331416 0.09033334 0.549912 0.1056351 0.5394683 0.1229564 0.5440726 0.1027092 0.5396156 0.1739975 0.5394683 0.1229564 0.5499894 0.1619684 0.5256331 0.09716933 0.5394683 0.1229564 0.5396156 0.1739975 0.5246751 0.0599417 0.5182435 0.1000094 0.5160001 0.06114143 0.5331416 0.09033334 0.5256331 0.09716933 0.5246751 0.0599417 0.5182435 0.1000094 0.5028243 0.07226932 0.5160001 0.06114143 0.5028243 0.07226932 0.4877809 0.06397545 0.4968486 0.0610606 0.5022139 0.09832149 0.4913011 0.09792584 0.5028243 0.07226932 0.4812611 0.0777145 0.4877809 0.06397545 0.4831921 0.09777778 0.4806466 0.06007069 0.4877809 0.06397545 0.4812611 0.0777145 0.4812611 0.0777145 0.4728333 0.0634911 0.4806466 0.06007069 0.4831921 0.09777778 0.476305 0.09403741 0.4812611 0.0777145 0.4667555 0.05827701 0.4728333 0.0634911 0.4680678 0.09513902 0.4602165 0.08263862 0.4667555 0.05827701 0.4680678 0.09513902 0.465248 0.03789937 0.4596763 0.0235126 0.469 0.02099996 0.4530001 0.0295 0.4596763 0.0235126 0.4548937 0.05449306 0.4596763 0.0235126 0.4530001 0.0295 0.4540001 0.01399999 0.5317856 0.1651076 0.5266547 0.181883 0.5110834 0.1638458 0.542788 0.2014243 0.5317568 0.2010666 0.5266547 0.181883 0.5084469 0.1978355 0.5110834 0.1638458 0.5266547 0.181883 0.5051358 0.1309892 0.5232649 0.1298959 0.5317856 0.1651076 0.5182435 0.1000094 0.5232649 0.1298959 0.5022139 0.09832149 0.5051358 0.1309892 0.5022139 0.09832149 0.5232649 0.1298959 0.4997099 0.1748579 0.4913011 0.09792584 0.5051358 0.1309892 0.4997099 0.1748579 0.4899287 0.1612296 0.4855087 0.1282094 0.4831921 0.09777778 0.4810087 0.1220844 0.476305 0.09403741 0.471772 0.1239385 0.476305 0.09403741 0.4810087 0.1220844 0.4997099 0.1748579 0.5051358 0.1309892 0.5110834 0.1638458 0.4846456 0.1768068 0.4899287 0.1612296 0.4997099 0.1748579 0.4961213 0.1959192 0.4873851 0.1951605 0.4846456 0.1768068 0.4642223 0.1387172 0.471772 0.1239385 0.4744601 0.1601226 0.4810087 0.1220844 0.4846456 0.1768068 0.4744601 0.1601226 0.4744601 0.1601226 0.4670968 0.1776979 0.457565 0.1607869 0.4792122 0.1957778 0.4690811 0.197377 0.4670968 0.1776979 0.4580607 0.1991414 0.457565 0.1607869 0.4670968 0.1776979 0.4642223 0.1387172 0.4680678 0.09513902 0.471772 0.1239385 0.4642223 0.1387172 0.4546263 0.1358891 0.4568186 0.1072006 0.4498618 0.07368588 0.4568186 0.1072006 0.4546263 0.1358891 0.4449582 0.1332266 0.4546263 0.1358891 0.457565 0.1607869 0.8657636 0.4931837 0.8698174 0.480355 0.8763934 0.487022 0.8718335 0.4711667 0.874668 0.4771355 0.8698174 0.480355 0.878 0.479 0.874668 0.4771355 0.8784719 0.4768564 0.8801805 0.466767 0.8784719 0.4768564 0.874668 0.4771355 0.8718335 0.4711667 0.8619744 0.4597634 0.8720492 0.4534648 0.871922 0.5016503 0.8657636 0.4931837 0.8763934 0.487022 0.878 0.494 0.8785001 0.5010001 0.871922 0.5016503 0.8693373 0.514761 0.871922 0.5016503 0.8785001 0.5010001 0.879 0.508 0.867296 0.5247814 0.8693373 0.514761 0.8522223 0.5332779 0.867296 0.5247814 0.8730872 0.550059 0.8860002 0.5466668 0.8876411 0.5514066 0.8813351 0.5506849 0.8978889 0.5446112 0.8975626 0.5513947 0.8876411 0.5514066 0.8860002 0.5466668 0.8916433 0.546296 0.8876411 0.5514066 0.8942515 0.5392361 0.8916433 0.546296 0.8871063 0.5411208 0.8860002 0.5466668 0.8871063 0.5411208 0.8916433 0.546296 0.9006183 0.5150193 0.8962065 0.5264374 0.8935 0.5135 0.9131416 0.5077981 0.9163612 0.5212699 0.9006183 0.5150193 0.8627223 0.506889 0.8693373 0.514761 0.8577418 0.5203847 0.8460822 0.5226499 0.8524855 0.5087562 0.8577418 0.5203847 0.8397448 0.5011077 0.8545001 0.4963285 0.8524855 0.5087562 0.884 0.537 0.8890001 0.5370001 0.8871063 0.5411208 0.884 0.537 0.8871063 0.5411208 0.8820984 0.5413194 0.8860002 0.5466668 0.8813351 0.5506849 0.8820984 0.5413194 0.8762363 0.5275318 0.8782351 0.5247725 0.8758733 0.5408267 0.9197779 0.534389 0.9040057 0.5537067 0.8975626 0.5513947 0.8864346 0.5563032 0.8975626 0.5513947 0.8956264 0.5664274 0.8673462 0.5532748 0.8730872 0.550059 0.8743373 0.5661452 0.8864346 0.5563032 0.8843615 0.5832408 0.8743373 0.5661452 0.8673462 0.5532748 0.8743373 0.5661452 0.8665072 0.5684338 0.8522223 0.5332779 0.8673462 0.5532748 0.8469816 0.5714615 0.8673462 0.5532748 0.8665072 0.5684338 0.8469816 0.5714615 0.8522223 0.5332779 0.8426746 0.5491363 0.8460822 0.5226499 0.8350917 0.5238254 0.8460822 0.5226499 0.8426746 0.5491363 0.8294934 0.5408534 0.8217844 0.529133 0.8350917 0.5238254 0.8194445 0.5062779 0.8397448 0.5011077 0.8350917 0.5238254 0.8404143 0.4621011 0.8475993 0.4784319 0.8331263 0.4875064 0.8619744 0.4597634 0.8520156 0.4649875 0.850041 0.453851 0.8619744 0.4597634 0.8616051 0.448465 0.8720492 0.4534648 0.8860002 0.448577 0.8720492 0.4534648 0.8754326 0.4400637 0.8860002 0.448577 0.8857195 0.4381456 0.8957512 0.4396857 0.9343633 0.5123003 0.9275391 0.5270766 0.9197919 0.510573 0.9163612 0.5212699 0.9197919 0.510573 0.9275391 0.5270766 0.9343633 0.5123003 0.9357365 0.525419 0.9275391 0.5270766 0.9273257 0.5497481 0.9275391 0.5270766 0.9357365 0.525419 0.9197779 0.534389 0.9206477 0.5520058 0.9040057 0.5537067 0.9040057 0.5537067 0.9215431 0.5709958 0.9025347 0.5689452 0.9089698 0.4444648 0.9096034 0.4571865 0.8998262 0.4523805 0.9096034 0.4571865 0.9008883 0.4687733 0.8998262 0.4523805 0.9008883 0.4687733 0.891856 0.4610022 0.8998262 0.4523805 0.9485557 0.5071111 0.9466181 0.5310394 0.9357365 0.525419 0.9343633 0.5123003 0.9230152 0.4994277 0.9346313 0.4921144 0.9158888 0.4924643 0.9230152 0.4994277 0.9197919 0.510573 0.9131416 0.5077981 0.8944186 0.4994345 0.9158888 0.4924643 0.9108149 0.4752212 0.8944186 0.4994345 0.8929764 0.488994 0.9008883 0.4687733 0.9108149 0.4752212 0.900775 0.4794797 0.89069 0.4706016 0.894764 0.4757699 0.8875002 0.4785 0.891 0.479 0.8875002 0.4785 0.894764 0.4757699 0.8859078 0.4631458 0.891856 0.4610022 0.89069 0.4706016 0.8859078 0.4631458 0.8845748 0.4746585 0.8801805 0.466767 0.8860002 0.448577 0.8859078 0.4631458 0.8801805 0.466767 0.9197267 0.474653 0.927178 0.4609488 0.9346313 0.4921144 0.927178 0.4609488 0.9474078 0.4695349 0.9346313 0.4921144 0.9096034 0.4571865 0.9197267 0.474653 0.9108149 0.4752212 0.9238579 0.4251849 0.9331201 0.4328222 0.9186556 0.451158 0.9447779 0.4288334 0.9372445 0.450743 0.9331201 0.4328222 0.9447779 0.4288334 0.9474078 0.4695349 0.9372445 0.450743 0.9089698 0.4444648 0.8957512 0.4396857 0.9089227 0.4211081 0.9238579 0.4251849 0.9089227 0.4211081 0.9244891 0.4098728 0.8992799 0.3997981 0.9244891 0.4098728 0.9089227 0.4211081 0.9331201 0.4328222 0.9325476 0.4132516 0.9358829 0.4078019 0.9238579 0.4251849 0.9244891 0.4098728 0.9325476 0.4132516 0.9358829 0.4078019 0.9325476 0.4132516 0.9244891 0.4098728 0.8447833 0.4112896 0.8369261 0.4156072 0.8331276 0.4095918 0.8459254 0.4264069 0.8447833 0.4112896 0.8614047 0.4228889 0.8833965 0.3773323 0.8843843 0.4022772 0.8694645 0.3982342 0.8850002 0.4191347 0.8614047 0.4228889 0.8694645 0.3982342 0.8850002 0.4191347 0.8843843 0.4022772 0.8992799 0.3997981 0.8992799 0.3997981 0.8974279 0.379743 0.9052124 0.3734096 0.8833965 0.3773323 0.8694645 0.3982342 0.8694357 0.3804032 0.861493 0.3745775 0.8694357 0.3804032 0.8694645 0.3982342 0.8850002 0.4191347 0.8857195 0.4381456 0.8754326 0.4400637 0.8616051 0.448465 0.8459254 0.4264069 0.8614047 0.4228889 0.8219146 0.457876 0.8369261 0.4156072 0.8351178 0.4421533 0.8351178 0.4421533 0.8331263 0.4875064 0.8219146 0.457876 0.2334534 0.03467887 0.2195514 0.03333288 0.229 0.01849997 0.218 0.02099996 0.229 0.01849997 0.2195514 0.03333288 0.2371752 0.05108982 0.2240743 0.05979371 0.2334534 0.03467887 0.1949999 0.202 0.1975 0.1715 0.2092412 0.1791854 0.2067862 0.1086351 0.214821 0.1219422 0.2206721 0.1609942 0.2092412 0.1791854 0.2206721 0.1609942 0.2304228 0.1720191 0.2258458 0.1019624 0.214821 0.1219422 0.2067862 0.1086351 0.2129999 0.07899999 0.2262317 0.08168905 0.2258458 0.1019624 0.237899 0.08166664 0.2335849 0.1107664 0.2258458 0.1019624 0.237899 0.08166664 0.2262317 0.08168905 0.2240743 0.05979371 0.2458354 0.0589742 0.2371752 0.05108982 0.2495502 0.0375458 0.2570708 0.04643434 0.258542 0.02179771 0.2664191 0.03253996 0.269 0.01449996 0.274657 0.02407282 0.2664191 0.03253996 0.279644 0.04494541 0.274657 0.02407282 0.2886756 0.02482235 0.2886756 0.02482235 0.2991621 0.03422731 0.291278 0.05620926 0.303 0.05426901 0.291278 0.05620926 0.2991621 0.03422731 0.2286667 0.1995555 0.2304228 0.1720191 0.2399047 0.1811236 0.2399047 0.1811236 0.2486562 0.1625428 0.2585068 0.1729341 0.2407233 0.1216773 0.2486562 0.1625428 0.2399047 0.1811236 0.2304228 0.1720191 0.2335849 0.1107664 0.2407233 0.1216773 0.2590084 0.08357214 0.2574708 0.11058 0.2485334 0.08129781 0.2407233 0.1216773 0.2485334 0.08129781 0.2574708 0.11058 0.2485334 0.08129781 0.2458354 0.0589742 0.2590084 0.08357214 0.2789092 0.07887876 0.2825074 0.1093183 0.2681123 0.08045852 0.2667734 0.1186939 0.2681123 0.08045852 0.2825074 0.1093183 0.2896788 0.17284 0.2788653 0.1639091 0.2667734 0.1186939 0.2585068 0.1729341 0.2574708 0.11058 0.2667734 0.1186939 0.270073 0.1835504 0.2788653 0.1639091 0.2896788 0.17284 0.2589192 0.2024243 0.2585068 0.1729341 0.270073 0.1835504 0.2789092 0.07887876 0.279644 0.04494541 0.291332 0.07984584 0.291278 0.05620926 0.291332 0.07984584 0.279644 0.04494541 0.3065698 0.1613315 0.2825074 0.1093183 0.291332 0.07984584 0.3006767 0.1835116 0.3065698 0.1613315 0.3099305 0.1356576 0.323 0.2 0.308402 0.2037624 0.3006767 0.1835116 0.2936667 0.2055152 0.2896788 0.17284 0.3006767 0.1835116 0.5319477 0.0439217 0.5321218 0.06807506 0.5246751 0.0599417 0.5331416 0.09033334 0.5403531 0.08307898 0.5440726 0.1027092 0.548 0.07599997 0.549912 0.1056351 0.5440726 0.1027092 0.5331416 0.09033334 0.5321218 0.06807506 0.5403531 0.08307898 0.5410007 0.05587917 0.5403531 0.08307898 0.5321218 0.06807506 0.5367364 0.03099709 0.5415896 0.03802347 0.5410007 0.05587917 0.5465001 0.03249996 0.5415896 0.03802347 0.5367364 0.03099709 0.547239 0.05392915 0.5410007 0.05587917 0.5415896 0.03802347 0.53 0.02399998 0.5319477 0.0439217 0.5260962 0.0306468 0.521 0.03299999 0.5260962 0.0306468 0.5188642 0.04623806 0.5246751 0.0599417 0.5188642 0.04623806 0.5260962 0.0306468 0.5160001 0.06114143 0.5028243 0.07226932 0.5093514 0.04807364 0.4932532 0.04843986 0.5035902 0.04002833 0.5093514 0.04807364 0.4968486 0.0610606 0.4877809 0.06397545 0.4932532 0.04843986 0.4837677 0.0414226 0.4932532 0.04843986 0.4877809 0.06397545 0.479 0.02999997 0.4850001 0.032 0.4837677 0.0414226 0.4806466 0.06007069 0.4728333 0.0634911 0.4764209 0.04636871 0.479 0.02999997 0.4764209 0.04636871 0.4729159 0.02957659 0.465248 0.03789937 0.4729159 0.02957659 0.4764209 0.04636871 0.562 0.199 0.5526744 0.200429 0.5469958 0.1819286 0.542788 0.2014243 0.5396156 0.1739975 0.5469958 0.1819286 0.5499894 0.1619684 0.5469958 0.1819286 0.5396156 0.1739975 0.549912 0.1056351 0.5570001 0.1685 0.5499894 0.1619684 0.549912 0.1056351 0.5499894 0.1619684 0.5394683 0.1229564 0.5331416 0.09033334 0.5394683 0.1229564 0.5256331 0.09716933 0.5246751 0.0599417 0.5256331 0.09716933 0.5182435 0.1000094 0.5182435 0.1000094 0.5022139 0.09832149 0.5028243 0.07226932 0.5028243 0.07226932 0.4913011 0.09792584 0.4877809 0.06397545 0.4831921 0.09777778 0.4877809 0.06397545 0.4913011 0.09792584 0.4812611 0.0777145 0.476305 0.09403741 0.4728333 0.0634911 0.4680678 0.09513902 0.4728333 0.0634911 0.476305 0.09403741 0.4667555 0.05827701 0.4602165 0.08263862 0.4548937 0.05449306 0.4498618 0.07368588 0.4548937 0.05449306 0.4602165 0.08263862 0.4667555 0.05827701 0.4548937 0.05449306 0.465248 0.03789937 0.4548937 0.05449306 0.4596763 0.0235126 0.465248 0.03789937</float_array>
          <technique_common>
            <accessor source="#GanondorfAnkletRight_LOD2-mesh-map-0-array" count="1338" stride="2">
              <param name="S" type="float"/>
              <param name="T" type="float"/>
            </accessor>
          </technique_common>
        </source>
        <vertices id="GanondorfAnkletRight_LOD2-mesh-vertices">
          <input semantic="POSITION" source="#GanondorfAnkletRight_LOD2-mesh-positions"/>
        </vertices>
        <triangles material="LegWrap-material" count="446">
          <input semantic="VERTEX" source="#GanondorfAnkletRight_LOD2-mesh-vertices" offset="0"/>
          <input semantic="NORMAL" source="#GanondorfAnkletRight_LOD2-mesh-normals" offset="1"/>
          <input semantic="TEXCOORD" source="#GanondorfAnkletRight_LOD2-mesh-map-0" offset="2" set="0"/>
          <p>70 0 0 100 1 1 197 2 2 35 3 3 238 4 4 70 0 5 58 5 6 238 4 7 84 6 8 79 7 9 70 0 10 103 8 11 70 0 12 79 7 13 35 3 14 184 9 15 103 8 16 85 10 17 79 7 18 103 8 19 184 9 20 197 2 21 198 11 22 34 12 23 145 13 24 198 11 25 53 14 26 46 15 27 198 11 28 145 13 29 143 16 30 145 13 31 168 17 32 145 13 33 143 16 34 46 15 35 110 18 36 147 19 37 106 20 38 53 14 39 100 1 40 58 5 41 59 21 42 53 14 43 58 5 44 143 16 45 168 17 46 166 22 47 166 22 48 53 14 49 59 21 50 33 23 51 166 22 52 152 24 53 143 16 54 116 25 55 106 20 56 116 25 57 166 22 58 33 23 59 116 25 60 117 26 61 22 27 62 33 23 63 239 28 64 116 25 65 38 29 66 239 28 67 156 30 68 182 31 69 187 32 70 63 33 71 110 18 72 187 32 73 182 31 74 187 32 75 110 18 76 22 27 77 63 33 78 65 34 79 0 35 80 0 35 81 117 26 82 68 36 83 22 27 84 117 26 85 65 34 86 68 36 87 117 26 88 38 29 89 141 37 90 68 36 91 38 29 92 220 38 93 130 39 94 2 40 95 130 39 96 123 41 97 2 40 98 215 42 99 209 43 100 17 44 101 209 43 102 123 41 103 19 45 104 209 43 105 189 46 106 51 47 107 19 45 108 189 46 109 209 43 110 94 48 111 93 49 112 19 45 113 159 50 114 94 48 115 150 51 116 93 49 117 94 48 118 159 50 119 130 39 120 94 48 121 19 45 122 161 52 123 94 48 124 130 39 125 94 48 126 161 52 127 150 51 128 161 52 129 160 53 130 150 51 131 16 54 132 160 53 133 161 52 134 225 55 135 220 38 136 45 56 137 161 52 138 225 55 139 16 54 140 176 57 141 221 58 142 3 59 143 225 55 144 176 57 145 16 54 146 154 60 147 125 61 148 3 59 149 5 62 150 125 61 151 154 60 152 48 63 153 144 64 154 132 65 155 144 64 156 125 61 157 5 62 158 181 66 159 144 64 160 5 62 161 26 67 162 144 64 163 181 66 164 181 66 165 188 68 166 26 67 167 36 69 168 188 68 169 185 70 170 188 68 171 200 71 172 26 67 173 36 69 174 185 70 175 231 72 176 231 72 177 214 73 178 36 69 179 135 74 180 214 73 181 6 75 182 214 73 183 135 74 184 36 69 185 219 76 186 208 77 187 10 78 188 6 75 189 219 76 190 135 74 191 37 79 192 219 76 193 10 78 194 135 74 195 219 76 196 95 80 197 125 61 198 162 81 199 176 57 200 162 81 201 125 61 202 48 63 203 162 81 204 11 82 205 16 54 206 138 83 207 162 81 208 48 63 209 150 51 210 160 53 211 139 84 212 11 82 213 160 53 214 16 54 215 233 85 216 232 86 217 231 72 218 64 87 219 233 85 220 15 88 221 5 62 222 64 87 223 181 66 224 175 89 225 154 60 226 3 59 227 36 69 228 135 74 229 199 90 230 47 91 231 200 71 232 199 90 233 199 90 234 200 71 235 36 69 236 26 67 237 73 92 238 9 93 239 98 94 240 73 92 241 200 71 242 26 67 243 75 95 244 144 64 245 48 63 246 240 96 247 173 97 248 96 98 249 153 99 250 30 100 251 173 97 252 96 98 253 48 63 254 11 82 255 138 83 256 149 101 257 149 101 258 96 98 259 30 100 260 149 101 261 139 84 262 11 82 263 50 102 264 149 101 265 97 103 266 72 104 267 139 84 268 50 102 269 139 84 270 72 104 271 150 51 272 25 105 273 159 50 274 150 51 275 204 106 276 159 50 277 25 105 278 93 49 279 204 106 280 8 107 281 206 108 282 189 46 283 8 107 284 51 47 285 206 108 286 12 109 287 142 110 288 124 111 289 24 112 290 51 47 291 124 111 292 142 110 293 27 113 294 124 111 295 12 109 296 199 90 297 95 80 298 47 91 299 135 74 300 95 80 301 199 90 302 195 114 303 95 80 304 37 79 305 95 80 306 202 115 307 47 91 308 120 116 309 205 117 310 28 118 311 47 91 312 202 115 313 120 116 314 120 116 315 186 119 316 47 91 317 104 120 318 120 116 319 28 118 320 29 121 321 98 94 322 186 119 323 98 94 324 241 122 325 73 92 326 142 110 327 88 123 328 51 47 329 51 47 330 88 123 331 23 124 332 49 125 333 205 117 334 20 126 335 28 118 336 205 117 337 121 127 338 20 126 339 71 128 340 49 125 341 71 128 342 203 129 343 21 130 344 21 130 345 203 129 346 67 131 347 195 114 348 203 129 349 20 126 350 67 131 351 195 114 352 37 79 353 67 131 354 89 132 355 21 130 356 89 132 357 67 131 358 10 78 359 87 133 360 228 134 361 7 135 362 89 132 363 228 134 364 87 133 365 69 136 366 87 133 367 7 135 368 136 137 369 87 133 370 69 136 371 226 138 372 207 139 373 17 44 374 69 136 375 226 138 376 136 137 377 23 124 378 226 138 379 17 44 380 226 138 381 88 123 382 136 137 383 71 128 384 171 140 385 49 125 386 129 141 387 89 132 388 136 137 389 74 142 390 21 130 391 131 143 392 131 143 393 21 130 394 129 141 395 24 112 396 131 143 397 129 141 398 131 143 399 122 144 400 74 142 401 133 145 402 131 143 403 24 112 404 74 142 405 122 144 406 111 146 407 74 142 408 111 146 409 171 140 410 76 147 411 124 111 412 27 113 413 24 112 414 76 147 415 133 145 416 31 148 417 105 149 418 128 150 419 128 150 420 76 147 421 27 113 422 122 144 423 113 151 424 62 152 425 133 145 426 242 153 427 122 144 428 113 151 429 105 149 430 31 148 431 174 154 432 183 155 433 194 156 434 163 157 435 174 154 436 32 158 437 201 159 438 183 155 439 163 157 440 32 158 441 66 160 442 163 157 443 172 161 444 66 160 445 32 158 446 27 113 447 172 161 448 86 162 449 112 163 450 128 150 451 86 162 452 128 150 453 134 164 454 31 148 455 112 163 456 243 165 457 128 150 458 164 166 459 172 161 460 32 158 461 206 108 462 66 160 463 27 113 464 8 107 465 66 160 466 206 108 467 201 159 468 204 106 469 151 167 470 204 106 471 201 159 472 8 107 473 151 167 474 204 106 475 25 105 476 151 167 477 183 155 478 201 159 479 25 105 480 72 104 481 151 167 482 194 156 483 72 104 484 50 102 485 126 168 486 214 73 487 231 72 488 212 169 489 210 170 490 126 168 491 212 169 492 127 171 493 1 172 494 126 168 495 127 171 496 212 169 497 126 168 498 232 86 499 102 173 500 231 72 501 232 86 502 126 168 503 236 174 504 177 175 505 90 176 506 211 177 507 236 174 508 42 178 509 13 179 510 236 174 511 211 177 512 90 176 513 245 180 514 236 174 515 18 181 516 245 180 517 227 182 518 236 174 519 18 181 520 42 178 521 216 183 522 90 176 523 1 172 524 18 181 525 227 182 526 216 183 527 61 184 528 216 183 529 218 185 530 216 183 531 148 186 532 18 181 533 61 184 534 127 171 535 102 173 536 127 171 537 218 185 538 1 172 539 114 187 540 115 188 541 56 189 542 102 173 543 114 187 544 61 184 545 4 190 546 115 188 547 232 86 548 56 189 549 115 188 550 4 190 551 232 86 552 115 188 553 102 173 554 64 87 555 237 191 556 4 190 557 5 62 558 213 192 559 64 87 560 237 191 561 213 192 562 81 193 563 175 89 564 213 192 565 5 62 566 175 89 567 222 194 568 81 193 569 223 195 570 175 89 571 3 59 572 137 196 573 165 197 574 44 198 575 42 178 576 165 197 577 137 196 578 165 197 579 40 199 580 44 198 581 193 200 582 165 197 583 18 181 584 40 199 585 246 201 586 193 200 587 193 200 588 148 186 589 61 184 590 61 184 591 101 202 592 193 200 593 193 200 594 191 203 595 40 199 596 109 204 597 114 187 598 56 189 599 61 184 600 114 187 601 101 202 602 237 191 603 80 205 604 56 189 605 81 193 606 80 205 607 237 191 608 80 205 609 81 193 610 41 206 611 80 205 612 109 204 613 56 189 614 83 207 615 80 205 616 41 206 617 109 204 618 80 205 619 83 207 620 109 204 621 83 207 622 169 208 623 169 208 624 158 209 625 39 210 626 169 208 627 191 203 628 109 204 629 40 199 630 169 208 631 157 211 632 40 199 633 157 211 634 196 212 635 196 212 636 39 210 637 43 213 638 92 214 639 196 212 640 43 213 641 44 198 642 196 212 643 92 214 644 222 194 645 224 215 646 63 33 647 235 216 648 222 194 649 63 33 650 235 216 651 63 33 652 0 35 653 234 217 654 235 216 655 0 35 656 39 210 657 158 209 658 234 217 659 235 216 660 158 209 661 41 206 662 118 218 663 0 35 664 14 219 665 234 217 666 118 218 667 39 210 668 43 213 669 118 218 670 119 220 671 180 221 672 178 222 673 52 223 674 1 172 675 77 224 676 91 225 677 1 172 678 91 225 679 99 226 680 99 226 681 178 222 682 78 227 683 99 226 684 212 169 685 1 172 686 208 77 687 99 226 688 78 227 689 210 170 690 208 77 691 6 75 692 212 169 693 247 228 694 210 170 695 10 78 696 208 77 697 78 227 698 180 221 699 228 134 700 78 227 701 55 229 702 229 230 703 180 221 704 230 231 705 82 232 706 57 233 707 229 230 708 230 231 709 7 135 710 55 229 711 230 231 712 229 230 713 108 234 714 230 231 715 57 233 716 17 44 717 207 139 718 108 234 719 230 231 720 207 139 721 7 135 722 108 234 723 107 235 724 17 44 725 107 235 726 190 236 727 54 237 728 107 235 729 215 42 730 17 44 731 217 238 732 107 235 733 54 237 734 2 40 735 107 235 736 217 238 737 217 238 738 192 239 739 60 240 740 170 241 741 217 238 742 60 240 743 45 56 744 220 38 745 170 241 746 13 179 747 248 242 748 167 243 749 35 3 750 248 242 751 155 244 752 167 243 753 177 175 754 13 179 755 77 224 756 179 245 757 52 223 758 90 176 759 179 245 760 77 224 761 79 7 762 179 245 763 167 243 764 184 9 765 179 245 766 79 7 767 180 221 768 85 10 769 55 229 770 52 223 771 184 9 772 180 221 773 85 10 774 82 232 775 55 229 776 82 232 777 190 236 778 57 233 779 34 12 780 198 11 781 82 232 782 146 246 783 190 236 784 46 15 785 54 237 786 190 236 787 146 246 788 146 246 789 192 239 790 54 237 791 46 15 792 147 19 793 146 246 794 60 240 795 192 239 796 110 18 797 182 31 798 60 240 799 110 18 800 170 241 801 221 58 802 45 56 803 223 195 804 221 58 805 224 215 806 221 58 807 223 195 808 3 59 809 70 0 810 238 4 811 100 1 812 35 3 813 84 6 814 238 4 815 58 5 816 100 1 817 238 4 818 197 2 819 103 8 820 70 0 821 85 10 822 103 8 823 34 12 824 197 2 825 34 12 826 103 8 827 53 14 828 198 11 829 197 2 830 53 14 831 168 17 832 145 13 833 46 15 834 143 16 835 147 19 836 106 20 837 147 19 838 143 16 839 53 14 840 197 2 841 100 1 842 166 22 843 168 17 844 53 14 845 59 21 846 152 24 847 166 22 848 22 27 849 106 20 850 116 25 851 143 16 852 166 22 853 116 25 854 116 25 855 239 28 856 117 26 857 33 23 858 156 30 859 239 28 860 38 29 861 117 26 862 239 28 863 22 27 864 110 18 865 106 20 866 22 27 867 65 34 868 187 32 869 63 33 870 187 32 871 65 34 872 0 35 873 65 34 874 117 26 875 161 52 876 130 39 877 220 38 878 19 45 879 123 41 880 130 39 881 2 40 882 123 41 883 215 42 884 209 43 885 215 42 886 123 41 887 19 45 888 93 49 889 189 46 890 225 55 891 161 52 892 220 38 893 45 56 894 221 58 895 225 55 896 176 57 897 225 55 898 221 58 899 3 59 900 125 61 901 176 57 902 48 63 903 125 61 904 144 64 905 15 88 906 188 68 907 181 66 908 36 69 909 200 71 910 188 68 911 15 88 912 185 70 913 188 68 914 231 72 915 185 70 916 233 85 917 15 88 918 233 85 919 185 70 920 219 76 921 6 75 922 208 77 923 37 79 924 95 80 925 219 76 926 16 54 927 176 57 928 162 81 929 138 83 930 11 82 931 162 81 932 139 84 933 160 53 934 11 82 935 4 190 936 232 86 937 233 85 938 4 190 939 233 85 940 64 87 941 15 88 942 181 66 943 64 87 944 154 60 945 175 89 946 5 62 947 47 91 948 98 94 949 200 71 950 26 67 951 200 71 952 73 92 953 132 65 954 144 64 955 75 95 956 26 67 957 9 93 958 75 95 959 132 65 960 75 95 961 140 247 962 48 63 963 132 65 964 240 96 965 132 65 966 140 247 967 240 96 968 48 63 969 96 98 970 138 83 971 149 101 972 138 83 973 96 98 974 30 100 975 97 103 976 149 101 977 50 102 978 139 84 979 149 101 980 25 105 981 150 51 982 72 104 983 93 49 984 159 50 985 204 106 986 93 49 987 8 107 988 189 46 989 51 47 990 189 46 991 206 108 992 51 47 993 12 109 994 124 111 995 20 126 996 202 115 997 195 114 998 95 80 999 195 114 1000 202 115 1001 20 126 1002 205 117 1003 202 115 1004 120 116 1005 202 115 1006 205 117 1007 47 91 1008 186 119 1009 98 94 1010 98 94 1011 29 121 1012 241 122 1013 24 112 1014 129 141 1015 142 110 1016 129 141 1017 136 137 1018 142 110 1019 136 137 1020 88 123 1021 142 110 1022 49 125 1023 121 127 1024 205 117 1025 20 126 1026 203 129 1027 71 128 1028 67 131 1029 203 129 1030 195 114 1031 37 79 1032 10 78 1033 67 131 1034 89 132 1035 10 78 1036 228 134 1037 136 137 1038 89 132 1039 87 133 1040 226 138 1041 69 136 1042 207 139 1043 7 135 1044 207 139 1045 69 136 1046 23 124 1047 88 123 1048 226 138 1049 23 124 1050 17 44 1051 209 43 1052 51 47 1053 23 124 1054 209 43 1055 21 130 1056 74 142 1057 71 128 1058 74 142 1059 171 140 1060 71 128 1061 129 141 1062 21 130 1063 89 132 1064 133 145 1065 122 144 1066 131 143 1067 62 152 1068 111 146 1069 122 144 1070 62 152 1071 171 140 1072 111 146 1073 24 112 1074 124 111 1075 76 147 1076 133 145 1077 76 147 1078 105 149 1079 128 150 1080 105 149 1081 76 147 1082 122 144 1083 242 153 1084 113 151 1085 133 145 1086 105 149 1087 242 153 1088 113 151 1089 242 153 1090 105 149 1091 163 157 1092 183 155 1093 174 154 1094 201 159 1095 163 157 1096 66 160 1097 112 163 1098 86 162 1099 172 161 1100 27 113 1101 66 160 1102 172 161 1103 27 113 1104 86 162 1105 128 150 1106 128 150 1107 243 165 1108 134 164 1109 112 163 1110 172 161 1111 244 248 1112 164 166 1113 244 248 1114 172 161 1115 27 113 1116 12 109 1117 206 108 1118 8 107 1119 201 159 1120 66 160 1121 194 156 1122 183 155 1123 151 167 1124 151 167 1125 72 104 1126 194 156 1127 126 168 1128 210 170 1129 214 73 1130 6 75 1131 214 73 1132 210 170 1133 102 173 1134 127 171 1135 126 168 1136 13 179 1137 177 175 1138 236 174 1139 90 176 1140 227 182 1141 245 180 1142 236 174 1143 245 180 1144 18 181 1145 216 183 1146 227 182 1147 90 176 1148 1 172 1149 218 185 1150 216 183 1151 61 184 1152 148 186 1153 216 183 1154 61 184 1155 218 185 1156 127 171 1157 114 187 1158 102 173 1159 115 188 1160 56 189 1161 4 190 1162 237 191 1163 64 87 1164 213 192 1165 237 191 1166 81 193 1167 213 192 1168 175 89 1169 175 89 1170 223 195 1171 222 194 1172 224 215 1173 222 194 1174 223 195 1175 42 178 1176 18 181 1177 165 197 1178 165 197 1179 246 201 1180 40 199 1181 193 200 1182 246 201 1183 165 197 1184 18 181 1185 148 186 1186 193 200 1187 109 204 1188 191 203 1189 101 202 1190 193 200 1191 101 202 1192 191 203 1193 101 202 1194 114 187 1195 109 204 1196 41 206 1197 158 209 1198 83 207 1199 169 208 1200 83 207 1201 158 209 1202 39 210 1203 157 211 1204 169 208 1205 40 199 1206 191 203 1207 169 208 1208 196 212 1209 157 211 1210 39 210 1211 44 198 1212 40 199 1213 196 212 1214 41 206 1215 81 193 1216 235 216 1217 222 194 1218 235 216 1219 81 193 1220 234 217 1221 158 209 1222 235 216 1223 118 218 1224 234 217 1225 0 35 1226 14 219 1227 119 220 1228 118 218 1229 43 213 1230 39 210 1231 118 218 1232 78 227 1233 178 222 1234 180 221 1235 52 223 1236 91 225 1237 77 224 1238 1 172 1239 90 176 1240 77 224 1241 52 223 1242 178 222 1243 91 225 1244 99 226 1245 91 225 1246 178 222 1247 208 77 1248 247 228 1249 99 226 1250 210 170 1251 247 228 1252 208 77 1253 212 169 1254 99 226 1255 247 228 1256 10 78 1257 78 227 1258 228 134 1259 7 135 1260 228 134 1261 229 230 1262 180 221 1263 229 230 1264 228 134 1265 55 229 1266 82 232 1267 230 231 1268 108 234 1269 207 139 1270 230 231 1271 57 233 1272 190 236 1273 108 234 1274 107 235 1275 108 234 1276 190 236 1277 2 40 1278 215 42 1279 107 235 1280 54 237 1281 192 239 1282 217 238 1283 2 40 1284 217 238 1285 220 38 1286 170 241 1287 220 38 1288 217 238 1289 13 179 1290 155 244 1291 248 242 1292 35 3 1293 79 7 1294 248 242 1295 167 243 1296 248 242 1297 79 7 1298 90 176 1299 177 175 1300 167 243 1301 90 176 1302 167 243 1303 179 245 1304 52 223 1305 179 245 1306 184 9 1307 180 221 1308 184 9 1309 85 10 1310 85 10 1311 34 12 1312 82 232 1313 82 232 1314 198 11 1315 190 236 1316 46 15 1317 190 236 1318 198 11 1319 146 246 1320 147 19 1321 192 239 1322 110 18 1323 192 239 1324 147 19 1325 60 240 1326 182 31 1327 224 215 1328 63 33 1329 224 215 1330 182 31 1331 60 240 1332 224 215 1333 170 241 1334 224 215 1335 221 58 1336 170 241 1337</p>
        </triangles>
      </mesh>
    </geometry>
  </library_geometries>
  <library_controllers>
    <controller id="GanondorfRig_GanondorfAnkletRight_LOD2-skin" name="GanondorfRig">
      <skin source="#GanondorfAnkletRight_LOD2-mesh">
        <bind_shape_matrix>1 0 0 0 0 1 0 0 0 0 1 0 0 0 0 1</bind_shape_matrix>
        <source id="GanondorfRig_GanondorfAnkletRight_LOD2-skin-joints">
          <Name_array id="GanondorfRig_GanondorfAnkletRight_LOD2-skin-joints-array" count="4">R_LOWER_LEG mKneeRight R_FOOT mAnkleRight</Name_array>
          <technique_common>
            <accessor source="#GanondorfRig_GanondorfAnkletRight_LOD2-skin-joints-array" count="4" stride="1">
              <param name="JOINT" type="name"/>
            </accessor>
          </technique_common>
        </source>
        <source id="GanondorfRig_GanondorfAnkletRight_LOD2-skin-bind_poses">
          <float_array id="GanondorfRig_GanondorfAnkletRight_LOD2-skin-bind_poses-array" count="64">1 0 0 -0.01299995 0 1 0 0.07999998 0 0 1 -0.335 0 0 0 1 1 0 0 -0.03299999 0 1 0 0.07999998 0 0 1 -0.535 0 0 0 1 1 0 0 -0.08099997 0 1 0 0.07999998 0 0 1 -0.02599996 0 0 0 1 1 0 0 -0.003999948 0 1 0 0.07999998 0 0 1 -0.06699997 0 0 0 1</float_array>
          <technique_common>
            <accessor source="#GanondorfRig_GanondorfAnkletRight_LOD2-skin-bind_poses-array" count="4" stride="16">
              <param name="TRANSFORM" type="float4x4"/>
            </accessor>
          </technique_common>
        </source>
        <source id="GanondorfRig_GanondorfAnkletRight_LOD2-skin-weights">
          <float_array id="GanondorfRig_GanondorfAnkletRight_LOD2-skin-weights-array" count="670">0.5 0.5 0.5 0.5 0.5 0.5 0.5 0.5 0.5 0.5 0.5 0.5 0.5 0.5 0.5 0.5 0.372081 0.372081 0.127919 0.127919 0.05019819 0.05019819 0.4498018 0.4498018 0.5 0.5 0.4976942 0.4976942 0.002305746 0.002305746 0.3418276 0.3418276 0.1581724 0.1581724 0.5 0.5 0.5 0.5 0.5 0.5 0.5 0.5 0.5 0.5 0.5 0.5 0.5 0.5 0.46243 0.46243 0.03757005 0.03757005 0.4948266 0.4948266 0.005173385 0.005173385 0.5 0.5 0.5 0.5 0.35 0.35 0.1499999 0.1499999 0.35 0.35 0.1499999 0.1499999 0.25 0.25 0.25 0.25 0.1 0.1 0.4 0.4 0.04999995 0.04999995 0.4500001 0.4500001 0.05812495 0.05812495 0.441875 0.441875 0.04999995 0.04999995 0.4500001 0.4500001 0.03999996 0.03999996 0.46 0.46 0.03499996 0.03499996 0.465 0.465 0.5 0.5 0.5 0.5 0.5 0.5 0.5 0.5 0.5 0.5 0.5 0.5 0.5 0.5 0.5 0.5 0.5 0.5 0.5 0.5 0.5 0.5 0.5 0.5 0.5 0.5 0.5 0.5 0.4500001 0.4500001 0.04999995 0.04999995 0.4500001 0.4500001 0.04999995 0.04999995 0.4 0.4 0.1 0.1 0.4 0.4 0.1 0.1 0.5 0.5 0.5 0.5 0.5 0.5 0.5 0.5 0.5 0.5 0.5 0.5 0.5 0.5 0.5 0.5 0.5 0.5 0.5 0.5 0.5 0.5 0.1 0.1 0.4 0.4 0.5 0.5 0.5 0.5 0.5 0.5 0.1115533 0.1115533 0.3884467 0.3884467 0.5 0.5 0.5 0.5 0.5 0.5 0.5 0.5 0.44691 0.44691 0.05308997 0.05308997 0.4180685 0.4180685 0.08193141 0.08193141 0.2000104 0.2000104 0.2999896 0.2999896 0.3656456 0.3656456 0.1343544 0.1343544 0.200016 0.200016 0.299984 0.299984 0.1045063 0.1045063 0.3954937 0.3954937 0.5 0.5 0.5 0.5 0.5 0.5 0.5 0.5 0.5 0.5 0.5 0.5 0.5 0.5 0.5 0.5 0.5 0.5 0.08499997 0.08499997 0.415 0.415 0.5 0.5 0.5 0.5 0.5 0.5 0.5 0.5 0.5 0.5 0.5 0.5 0.5 0.5 0.5 0.5 0.4771896 0.4771896 0.02281045 0.02281045 0.1837235 0.1837235 0.3162764 0.3162764 0.2249999 0.2249999 0.275 0.275 0.3564007 0.3564007 0.1435993 0.1435993 0.5 0.5 0.5 0.5 0.5 0.5 0.5 0.5 0.5 0.5 0.04999995 0.04999995 0.4500001 0.4500001 0.07020485 0.07020485 0.4297951 0.4297951 0.5 0.5 0.5 0.5 0.5 0.5 0.5 0.5 0.5 0.5 0.2355364 0.2355364 0.2644636 0.2644636 0.03500205 0.03500205 0.4649979 0.4649979 0.06999999 0.06999999 0.43 0.43 0.5 0.5 0.5 0.5 0.5 0.5 0.5 0.5 0.5 0.5 0.5 0.5 0.1833333 0.1833333 0.3166667 0.3166667 0.2249999 0.2249999 0.275 0.275 0.159614 0.159614 0.3403859 0.3403859 0.5 0.5 0.342286 0.342286 0.157714 0.157714 0.4905152 0.4905152 0.009484708 0.009484708 0.5 0.5 0.5 0.5 0.06898754 0.06898754 0.4310124 0.4310124 0.4893388 0.4893388 0.01066124 0.01066124 0.5 0.5 0.3600109 0.3600109 0.139989 0.139989 0.3550115 0.3550115 0.1449884 0.1449884 0.1023155 0.1023155 0.3976845 0.3976845 0.01999998 0.01999998 0.48 0.48 0.4996883 0.4996883 3.11698e-4 3.11698e-4 0.5 0.5 0.5 0.5 0.4339602 0.4339602 0.0660398 0.0660398 0.4749473 0.4749473 0.0250526 0.0250526 0.1533455 0.1533455 0.3466545 0.3466545 0.5 0.5 0.4962496 0.4962496 0.003750383 0.003750383 0.5 0.5 0.3852488 0.3852488 0.1147512 0.1147512 0.5 0.5 0.5 0.5 0.5 0.5 0.5 0.5 0.2855719 0.2855719 0.2144281 0.2144281 0.4716779 0.4716779 0.02832204 0.02832204 0.1952151 0.1952151 0.3047849 0.3047849 0.5 0.5 0.04999995 0.04999995 0.4500001 0.4500001 0.5 0.5 0.5 0.5 0.5 0.5 0.5 0.5 0.5 0.5 0.4492965 0.4492965 0.0507034 0.0507034 0.5 0.5 0.5 0.5 0.4778821 0.4778821 0.02211791 0.02211791 0.06749999 0.06749999 0.4325 0.4325 0.01749998 0.01749998 0.4825 0.4825 0.5 0.5 0.5 0.5 0.5 0.5 0.5 0.5 0.5 0.5 0.5 0.5 0.2542932 0.2542932 0.2457068 0.2457068 0.06456345 0.06456345 0.4354366 0.4354366 0.25 0.25 0.25 0.25 0.06749999 0.06749999 0.4325 0.4325 0.5 0.5 0.5 0.5 0.5 0.5 0.5 0.5 0.5 0.5 0.5 0.5 0.3907064 0.3907064 0.1092936 0.1092936 0.5 0.5 0.07955628 0.07955628 0.4204437 0.4204437 0.5 0.5 0.5 0.5 0.25 0.25 0.25 0.25 0.5 0.5 0.3887205 0.3887205 0.1112795 0.1112795 0.4938682 0.4938682 0.006131768 0.006131768 0.5 0.5 0.5 0.5 0.5 0.5 0.5 0.5 0.2034888 0.2034888 0.2965111 0.2965111 0.4968591 0.4968591 0.003140926 0.003140926 0.5 0.5 0.5 0.5 0.5 0.5 0.475 0.475 0.02499997 0.02499997 0.3841602 0.3841602 0.1158398 0.1158398 0.1 0.1 0.4 0.4 0.3808247 0.3808247 0.1191753 0.1191753 0.4943014 0.4943014 0.005698561 0.005698561 0.351383 0.351383 0.1486169 0.1486169 0.2914266 0.2914266 0.2085734 0.2085734 0.3366187 0.3366187 0.1633812 0.1633812 0.5 0.5 0.5 0.5 0.5 0.5 0.5 0.5 0.5 0.5 0.5 0.5 0.5 0.5 0.5 0.5 0.5 0.5 0.5 0.5 0.5 0.5 0.5 0.5 0.5 0.5 0.5 0.5 0.5 0.5 0.5 0.5 0.5 0.5 0.5 0.5 0.5 0.5 0.5 0.5 0.5 0.5 0.5 0.5 0.5 0.5 0.5 0.5 0.5 0.5 0.5 0.5 0.5 0.5 0.5 0.5 0.5 0.5 0.5 0.5 0.5 0.5 0.5 0.5 0.5 0.5 0.05003988 0.05003988 0.4499601 0.4499601 0.1499999 0.1499999 0.35 0.35 0.07999998 0.07999998 0.42 0.42 0.03666663 0.03666663 0.4633334 0.4633334 0.03499996 0.03499996 0.465 0.465 0.5 0.5 0.5 0.5 0.5 0.5 0.5 0.5</float_array>
          <technique_common>
            <accessor source="#GanondorfRig_GanondorfAnkletRight_LOD2-skin-weights-array" count="670" stride="1">
              <param name="WEIGHT" type="float"/>
            </accessor>
          </technique_common>
        </source>
        <joints>
          <input semantic="JOINT" source="#GanondorfRig_GanondorfAnkletRight_LOD2-skin-joints"/>
          <input semantic="INV_BIND_MATRIX" source="#GanondorfRig_GanondorfAnkletRight_LOD2-skin-bind_poses"/>
        </joints>
        <vertex_weights count="249">
          <input semantic="JOINT" source="#GanondorfRig_GanondorfAnkletRight_LOD2-skin-joints" offset="0"/>
          <input semantic="WEIGHT" source="#GanondorfRig_GanondorfAnkletRight_LOD2-skin-weights" offset="1"/>
          <vcount>2 2 2 2 2 2 2 2 4 4 2 4 4 2 2 2 2 2 2 2 4 4 2 2 4 4 4 4 4 4 4 4 4 2 2 2 2 2 2 2 2 2 2 2 2 2 2 4 4 4 4 2 2 2 2 2 2 2 2 2 2 2 4 2 2 2 4 2 2 2 2 4 4 4 4 4 4 2 2 2 2 2 2 2 2 2 4 2 2 2 2 2 2 2 2 4 4 4 4 2 2 2 2 2 4 4 2 2 2 2 2 4 4 4 2 2 2 2 2 2 4 4 4 2 4 4 2 2 4 4 2 4 4 4 4 4 2 2 4 4 4 2 4 2 4 2 2 2 2 4 4 4 2 4 2 2 2 2 2 4 2 2 4 4 4 2 2 2 2 2 2 4 4 4 4 2 2 2 2 2 2 4 2 4 2 2 4 2 4 4 2 2 2 2 4 4 2 2 2 4 4 4 4 4 4 4 4 2 2 2 2 2 2 2 2 2 2 2 2 2 2 2 2 2 2 2 2 2 2 2 2 2 2 2 2 2 2 2 2 2 4 4 4 4 4 2 2 2 2 </vcount>
          <v>0 0 1 1 0 2 1 3 0 4 1 5 0 6 1 7 0 8 1 9 0 10 1 11 0 12 1 13 0 14 1 15 0 16 1 17 2 18 3 19 0 20 1 21 2 22 3 23 0 24 1 25 0 26 1 27 2 28 3 29 0 30 1 31 2 32 3 33 0 34 1 35 0 36 1 37 0 38 1 39 0 40 1 41 0 42 1 43 0 44 1 45 0 46 1 47 0 48 1 49 2 50 3 51 0 52 1 53 2 54 3 55 0 56 1 57 0 58 1 59 0 60 1 61 2 62 3 63 0 64 1 65 2 66 3 67 0 68 1 69 2 70 3 71 0 72 1 73 2 74 3 75 0 76 1 77 2 78 3 79 0 80 1 81 2 82 3 83 0 84 1 85 2 86 3 87 0 88 1 89 2 90 3 91 0 92 1 93 2 94 3 95 0 96 1 97 0 98 1 99 0 100 1 101 0 102 1 103 0 104 1 105 0 106 1 107 0 108 1 109 0 110 1 111 0 112 1 113 0 114 1 115 0 116 1 117 0 118 1 119 0 120 1 121 0 122 1 123 0 124 1 125 2 126 3 127 0 128 1 129 2 130 3 131 0 132 1 133 2 134 3 135 0 136 1 137 2 138 3 139 0 140 1 141 0 142 1 143 0 144 1 145 0 146 1 147 0 148 1 149 0 150 1 151 0 152 1 153 0 154 1 155 0 156 1 157 0 158 1 159 0 160 1 161 0 162 1 163 2 164 3 165 0 166 1 167 0 168 1 169 0 170 1 171 0 172 1 173 2 174 3 175 0 176 1 177 0 178 1 179 0 180 1 181 0 182 1 183 0 184 1 185 2 186 3 187 0 188 1 189 2 190 3 191 0 192 1 193 2 194 3 195 0 196 1 197 2 198 3 199 0 200 1 201 2 202 3 203 0 204 1 205 2 206 3 207 0 208 1 209 0 210 1 211 0 212 1 213 0 214 1 215 0 216 1 217 0 218 1 219 0 220 1 221 0 222 1 223 0 224 1 225 0 226 1 227 2 228 3 229 0 230 1 231 0 232 1 233 0 234 1 235 0 236 1 237 0 238 1 239 0 240 1 241 0 242 1 243 0 244 1 245 0 246 1 247 2 248 3 249 0 250 1 251 2 252 3 253 0 254 1 255 2 256 3 257 0 258 1 259 2 260 3 261 0 262 1 263 0 264 1 265 0 266 1 267 0 268 1 269 0 270 1 271 0 272 1 273 2 274 3 275 0 276 1 277 2 278 3 279 0 280 1 281 0 282 1 283 0 284 1 285 0 286 1 287 0 288 1 289 0 290 1 291 2 292 3 293 0 294 1 295 2 296 3 297 0 298 1 299 2 300 3 301 0 302 1 303 0 304 1 305 0 306 1 307 0 308 1 309 0 310 1 311 0 312 1 313 0 314 1 315 2 316 3 317 0 318 1 319 2 320 3 321 0 322 1 323 2 324 3 325 0 326 1 327 0 328 1 329 2 330 3 331 0 332 1 333 2 334 3 335 0 336 1 337 0 338 1 339 0 340 1 341 2 342 3 343 0 344 1 345 2 346 3 347 0 348 1 349 0 350 1 351 2 352 3 353 0 354 1 355 2 356 3 357 0 358 1 359 2 360 3 361 0 362 1 363 2 364 3 365 0 366 1 367 2 368 3 369 0 370 1 371 0 372 1 373 0 374 1 375 2 376 3 377 0 378 1 379 2 380 3 381 0 382 1 383 2 384 3 385 0 386 1 387 0 388 1 389 2 390 3 391 0 392 1 393 0 394 1 395 2 396 3 397 0 398 1 399 0 400 1 401 0 402 1 403 0 404 1 405 0 406 1 407 2 408 3 409 0 410 1 411 2 412 3 413 0 414 1 415 2 416 3 417 0 418 1 419 0 420 1 421 2 422 3 423 0 424 1 425 0 426 1 427 0 428 1 429 0 430 1 431 0 432 1 433 0 434 1 435 2 436 3 437 0 438 1 439 0 440 1 441 0 442 1 443 2 444 3 445 0 446 1 447 2 448 3 449 0 450 1 451 2 452 3 453 0 454 1 455 0 456 1 457 0 458 1 459 0 460 1 461 0 462 1 463 0 464 1 465 0 466 1 467 2 468 3 469 0 470 1 471 2 472 3 473 0 474 1 475 2 476 3 477 0 478 1 479 2 480 3 481 0 482 1 483 0 484 1 485 0 486 1 487 0 488 1 489 0 490 1 491 0 492 1 493 0 494 1 495 2 496 3 497 0 498 1 499 0 500 1 501 2 502 3 503 0 504 1 505 0 506 1 507 0 508 1 509 2 510 3 511 0 512 1 513 0 514 1 515 2 516 3 517 0 518 1 519 2 520 3 521 0 522 1 523 0 524 1 525 0 526 1 527 0 528 1 529 0 530 1 531 2 532 3 533 0 534 1 535 2 536 3 537 0 538 1 539 0 540 1 541 0 542 1 543 0 544 1 545 2 546 3 547 0 548 1 549 2 550 3 551 0 552 1 553 2 554 3 555 0 556 1 557 2 558 3 559 0 560 1 561 2 562 3 563 0 564 1 565 2 566 3 567 0 568 1 569 2 570 3 571 0 572 1 573 2 574 3 575 0 576 1 577 0 578 1 579 0 580 1 581 0 582 1 583 0 584 1 585 0 586 1 587 0 588 1 589 0 590 1 591 0 592 1 593 0 594 1 595 0 596 1 597 0 598 1 599 0 600 1 601 0 602 1 603 0 604 1 605 0 606 1 607 0 608 1 609 0 610 1 611 0 612 1 613 0 614 1 615 0 616 1 617 0 618 1 619 0 620 1 621 0 622 1 623 0 624 1 625 0 626 1 627 0 628 1 629 0 630 1 631 0 632 1 633 0 634 1 635 0 636 1 637 0 638 1 639 0 640 1 641 0 642 1 643 2 644 3 645 0 646 1 647 2 648 3 649 0 650 1 651 2 652 3 653 0 654 1 655 2 656 3 657 0 658 1 659 2 660 3 661 0 662 1 663 0 664 1 665 0 666 1 667 0 668 1 669</v>
        </vertex_weights>
      </skin>
    </controller>
  </library_controllers>
  <library_visual_scenes>
    <visual_scene id="Scene" name="Scene">
      <node id="GanondorfRig" name="GanondorfRig" type="NODE">
        <matrix sid="transform">1 0 0 0 0 1 0 0 0 0 1 0 0 0 0 1</matrix>
        <node id="GanondorfRig_mPelvis" name="mPelvis" sid="mPelvis" type="JOINT">
          <matrix sid="transform">1 0 0 0 0 1 0 0 0 0 1 1.067 0 0 0 1</matrix>
          <node id="GanondorfRig_PELVIS" name="PELVIS" sid="PELVIS" type="JOINT">
            <matrix sid="transform">1 0 0 -0.01 0 1 0 0 0 0 1 -0.01999998 0 0 0 1</matrix>
            <extra>
              <technique profile="blender">
                <layer sid="layer" type="string">0</layer>
                <roll sid="roll" type="float">0.1396263</roll>
                <tip_x sid="tip_x" type="float">0</tip_x>
                <tip_y sid="tip_y" type="float">0.02999997</tip_y>
                <tip_z sid="tip_z" type="float">0</tip_z>
              </technique>
            </extra>
          </node>
          <node id="GanondorfRig_BUTT" name="BUTT" sid="BUTT" type="JOINT">
            <matrix sid="transform">1 0 0 -0.06 0 1 0 0 0 0 1 -0.1 0 0 0 1</matrix>
            <extra>
              <technique profile="blender">
                <layer sid="layer" type="string">0</layer>
                <tip_x sid="tip_x" type="float">0</tip_x>
                <tip_y sid="tip_y" type="float">0.02999997</tip_y>
                <tip_z sid="tip_z" type="float">0</tip_z>
              </technique>
            </extra>
          </node>
          <node id="GanondorfRig_mSpine1" name="mSpine1" sid="mSpine1" type="JOINT">
            <matrix sid="transform">1 0 0 0 0 1 0 0 0 0 1 0.08399999 0 0 0 1</matrix>
            <node id="GanondorfRig_mSpine2" name="mSpine2" sid="mSpine2" type="JOINT">
              <matrix sid="transform">1 0 0 0 0 1 0 0 0 0 1 -0.08399999 0 0 0 1</matrix>
              <node id="GanondorfRig_mTorso" name="mTorso" sid="mTorso" type="JOINT">
                <matrix sid="transform">1 0 0 0 0 1 0 0 0 0 1 0.08399999 0 0 0 1</matrix>
                <node id="GanondorfRig_BELLY" name="BELLY" sid="BELLY" type="JOINT">
                  <matrix sid="transform">1 0 0 0.028 0 1 0 0 0 0 1 0.03999996 0 0 0 1</matrix>
                  <extra>
                    <technique profile="blender">
                      <layer sid="layer" type="string">0</layer>
                      <roll sid="roll" type="float">0.1396263</roll>
                      <tip_x sid="tip_x" type="float">0</tip_x>
                      <tip_y sid="tip_y" type="float">0.02999997</tip_y>
                      <tip_z sid="tip_z" type="float">0</tip_z>
                    </technique>
                  </extra>
                </node>
                <node id="GanondorfRig_LEFT_HANDLE" name="LEFT_HANDLE" sid="LEFT_HANDLE" type="JOINT">
                  <matrix sid="transform">1 0 0 0 0 1 0 0.1 0 0 1 0.05799997 0 0 0 1</matrix>
                  <extra>
                    <technique profile="blender">
                      <layer sid="layer" type="string">0</layer>
                      <tip_x sid="tip_x" type="float">0</tip_x>
                      <tip_y sid="tip_y" type="float">0.02999997</tip_y>
                      <tip_z sid="tip_z" type="float">0</tip_z>
                    </technique>
                  </extra>
                </node>
                <node id="GanondorfRig_RIGHT_HANDLE" name="RIGHT_HANDLE" sid="RIGHT_HANDLE" type="JOINT">
                  <matrix sid="transform">1 0 0 0 0 1 0 -0.09999999 0 0 1 0.05799997 0 0 0 1</matrix>
                  <extra>
                    <technique profile="blender">
                      <layer sid="layer" type="string">0</layer>
                      <tip_x sid="tip_x" type="float">0</tip_x>
                      <tip_y sid="tip_y" type="float">0.02999997</tip_y>
                      <tip_z sid="tip_z" type="float">0</tip_z>
                    </technique>
                  </extra>
                </node>
                <node id="GanondorfRig_LOWER_BACK" name="LOWER_BACK" sid="LOWER_BACK" type="JOINT">
                  <matrix sid="transform">1 0 0 0 0 1 0 0 0 0 1 0.023 0 0 0 1</matrix>
                  <extra>
                    <technique profile="blender">
                      <layer sid="layer" type="string">0</layer>
                      <tip_x sid="tip_x" type="float">0</tip_x>
                      <tip_y sid="tip_y" type="float">0.02999997</tip_y>
                      <tip_z sid="tip_z" type="float">0</tip_z>
                    </technique>
                  </extra>
                </node>
                <node id="GanondorfRig_mSpine3" name="mSpine3" sid="mSpine3" type="JOINT">
                  <matrix sid="transform">1 0 0 -0.015 0 1 0 0 0 0 1 0.2049999 0 0 0 1</matrix>
                  <node id="GanondorfRig_mSpine4" name="mSpine4" sid="mSpine4" type="JOINT">
                    <matrix sid="transform">1 0 0 0.015 0 1 0 0 0 0 1 -0.2049999 0 0 0 1</matrix>
                    <node id="GanondorfRig_mChest" name="mChest" sid="mChest" type="JOINT">
                      <matrix sid="transform">1 0 0 -0.015 0 1 0 0 0 0 1 0.2049999 0 0 0 1</matrix>
                      <node id="GanondorfRig_CHEST" name="CHEST" sid="CHEST" type="JOINT">
                        <matrix sid="transform">1 0 -1.49012e-8 0.028 0 1 0 0 1.49012e-8 0 1 0.07000005 0 0 0 1</matrix>
                        <extra>
                          <technique profile="blender">
                            <layer sid="layer" type="string">0</layer>
                            <roll sid="roll" type="float">-0.1745329</roll>
                            <tip_x sid="tip_x" type="float">0</tip_x>
                            <tip_y sid="tip_y" type="float">0.02999997</tip_y>
                            <tip_z sid="tip_z" type="float">0</tip_z>
                          </technique>
                        </extra>
                      </node>
                      <node id="GanondorfRig_LEFT_PEC" name="LEFT_PEC" sid="LEFT_PEC" type="JOINT">
                        <matrix sid="transform">1 0 0 0.119 0 1 0 0.082 0 0 1 0.04200006 0 0 0 1</matrix>
                        <extra>
                          <technique profile="blender">
                            <layer sid="layer" type="string">0</layer>
                            <roll sid="roll" type="float">0.07487457</roll>
                            <tip_x sid="tip_x" type="float">0</tip_x>
                            <tip_y sid="tip_y" type="float">0.02999997</tip_y>
                            <tip_z sid="tip_z" type="float">0</tip_z>
                          </technique>
                        </extra>
                      </node>
                      <node id="GanondorfRig_RIGHT_PEC" name="RIGHT_PEC" sid="RIGHT_PEC" type="JOINT">
                        <matrix sid="transform">1 0 0 0.119 0 1 0 -0.082 0 0 1 0.04200006 0 0 0 1</matrix>
                        <extra>
                          <technique profile="blender">
                            <layer sid="layer" type="string">0</layer>
                            <roll sid="roll" type="float">0.07487457</roll>
                            <tip_x sid="tip_x" type="float">0</tip_x>
                            <tip_y sid="tip_y" type="float">0.02999997</tip_y>
                            <tip_z sid="tip_z" type="float">0</tip_z>
                          </technique>
                        </extra>
                      </node>
                      <node id="GanondorfRig_UPPER_BACK" name="UPPER_BACK" sid="UPPER_BACK" type="JOINT">
                        <matrix sid="transform">1 0 0 0 0 1 0 0 0 0 1 0.01700008 0 0 0 1</matrix>
                        <extra>
                          <technique profile="blender">
                            <layer sid="layer" type="string">0</layer>
                            <tip_x sid="tip_x" type="float">0</tip_x>
                            <tip_y sid="tip_y" type="float">0.02999997</tip_y>
                            <tip_z sid="tip_z" type="float">0</tip_z>
                          </technique>
                        </extra>
                      </node>
                      <node id="GanondorfRig_mNeck" name="mNeck" sid="mNeck" type="JOINT">
                        <matrix sid="transform">1 0 0 -0.01 0 1 0 0 0 0 1 0.251 0 0 0 1</matrix>
                        <node id="GanondorfRig_NECK" name="NECK" sid="NECK" type="JOINT">
                          <matrix sid="transform">1 0 0 0 0 1 0 0 0 0 1 0.01999998 0 0 0 1</matrix>
                          <extra>
                            <technique profile="blender">
                              <layer sid="layer" type="string">0</layer>
                              <tip_x sid="tip_x" type="float">0</tip_x>
                              <tip_y sid="tip_y" type="float">0.02999997</tip_y>
                              <tip_z sid="tip_z" type="float">0</tip_z>
                            </technique>
                          </extra>
                        </node>
                        <node id="GanondorfRig_mHead" name="mHead" sid="mHead" type="JOINT">
                          <matrix sid="transform">1 0 0 0 0 1 0 0 0 0 1 0.07599998 0 0 0 1</matrix>
                          <node id="GanondorfRig_HEAD" name="HEAD" sid="HEAD" type="JOINT">
                            <matrix sid="transform">1 0 0 0.02 0 1 0 0 0 0 1 0.07000005 0 0 0 1</matrix>
                            <extra>
                              <technique profile="blender">
                                <layer sid="layer" type="string">0</layer>
                                <tip_x sid="tip_x" type="float">0</tip_x>
                                <tip_y sid="tip_y" type="float">0.02999997</tip_y>
                                <tip_z sid="tip_z" type="float">0</tip_z>
                              </technique>
                            </extra>
                          </node>
                          <node id="GanondorfRig_mSkull" name="mSkull" sid="mSkull" type="JOINT">
                            <matrix sid="transform">1 0 0 0 0 1 0 0 0 0 1 0.079 0 0 0 1</matrix>
                            <extra>
                              <technique profile="blender">
                                <layer sid="layer" type="string">0</layer>
                                <tip_x sid="tip_x" type="float">0</tip_x>
                                <tip_y sid="tip_y" type="float">0.02999997</tip_y>
                                <tip_z sid="tip_z" type="float">0</tip_z>
                              </technique>
                            </extra>
                          </node>
                          <node id="GanondorfRig_mEyeRight" name="mEyeRight" sid="mEyeRight" type="JOINT">
                            <matrix sid="transform">1 0 0 0.098 0 1 0 -0.036 0 0 1 0.079 0 0 0 1</matrix>
                            <extra>
                              <technique profile="blender">
                                <layer sid="layer" type="string">0</layer>
                                <tip_x sid="tip_x" type="float">0</tip_x>
                                <tip_y sid="tip_y" type="float">0.02999997</tip_y>
                                <tip_z sid="tip_z" type="float">0</tip_z>
                              </technique>
                            </extra>
                          </node>
                          <node id="GanondorfRig_mEyeLeft" name="mEyeLeft" sid="mEyeLeft" type="JOINT">
                            <matrix sid="transform">1 0 0 0.098 0 1 0 0.036 0 0 1 0.079 0 0 0 1</matrix>
                            <extra>
                              <technique profile="blender">
                                <layer sid="layer" type="string">0</layer>
                                <tip_x sid="tip_x" type="float">0</tip_x>
                                <tip_y sid="tip_y" type="float">0.02999997</tip_y>
                                <tip_z sid="tip_z" type="float">0</tip_z>
                              </technique>
                            </extra>
                          </node>
                          <node id="GanondorfRig_mFaceRoot" name="mFaceRoot" sid="mFaceRoot" type="JOINT">
                            <matrix sid="transform">1 0 0 0.025 0 1 0 0 0 0 1 0.04500008 0 0 0 1</matrix>
                            <node id="GanondorfRig_mFaceEyeAltRight" name="mFaceEyeAltRight" sid="mFaceEyeAltRight" type="JOINT">
                              <matrix sid="transform">1 0 0 0.073 0 1 0 -0.036 0 0 1 0.03399992 0 0 0 1</matrix>
                              <extra>
                                <technique profile="blender">
                                  <layer sid="layer" type="string">0</layer>
                                  <tip_x sid="tip_x" type="float">0</tip_x>
                                  <tip_y sid="tip_y" type="float">0.02999997</tip_y>
                                  <tip_z sid="tip_z" type="float">0</tip_z>
                                </technique>
                              </extra>
                            </node>
                            <node id="GanondorfRig_mFaceEyeAltLeft" name="mFaceEyeAltLeft" sid="mFaceEyeAltLeft" type="JOINT">
                              <matrix sid="transform">1 0 0 0.073 0 1 0 0.036 0 0 1 0.03399992 0 0 0 1</matrix>
                              <extra>
                                <technique profile="blender">
                                  <layer sid="layer" type="string">0</layer>
                                  <tip_x sid="tip_x" type="float">0</tip_x>
                                  <tip_y sid="tip_y" type="float">0.02999997</tip_y>
                                  <tip_z sid="tip_z" type="float">0</tip_z>
                                </technique>
                              </extra>
                            </node>
                            <node id="GanondorfRig_mFaceForeheadLeft" name="mFaceForeheadLeft" sid="mFaceForeheadLeft" type="JOINT">
                              <matrix sid="transform">1 0 0 0.061 0 1 0 0.035 0 0 1 0.08299994 0 0 0 1</matrix>
                              <extra>
                                <technique profile="blender">
                                  <layer sid="layer" type="string">0</layer>
                                  <tip_x sid="tip_x" type="float">0</tip_x>
                                  <tip_y sid="tip_y" type="float">0.02999997</tip_y>
                                  <tip_z sid="tip_z" type="float">0</tip_z>
                                </technique>
                              </extra>
                            </node>
                            <node id="GanondorfRig_mFaceForeheadRight" name="mFaceForeheadRight" sid="mFaceForeheadRight" type="JOINT">
                              <matrix sid="transform">1 0 0 0.061 0 1 0 -0.035 0 0 1 0.08299994 0 0 0 1</matrix>
                              <extra>
                                <technique profile="blender">
                                  <layer sid="layer" type="string">0</layer>
                                  <tip_x sid="tip_x" type="float">0</tip_x>
                                  <tip_y sid="tip_y" type="float">0.02999997</tip_y>
                                  <tip_z sid="tip_z" type="float">0</tip_z>
                                </technique>
                              </extra>
                            </node>
                            <node id="GanondorfRig_mFaceEyebrowOuterLeft" name="mFaceEyebrowOuterLeft" sid="mFaceEyebrowOuterLeft" type="JOINT">
                              <matrix sid="transform">1 0 0 0.064 0 1 0 0.051 0 0 1 0.04799998 0 0 0 1</matrix>
                              <extra>
                                <technique profile="blender">
                                  <layer sid="layer" type="string">0</layer>
                                  <tip_x sid="tip_x" type="float">0</tip_x>
                                  <tip_y sid="tip_y" type="float">0.02999997</tip_y>
                                  <tip_z sid="tip_z" type="float">0</tip_z>
                                </technique>
                              </extra>
                            </node>
                            <node id="GanondorfRig_mFaceEyebrowCenterLeft" name="mFaceEyebrowCenterLeft" sid="mFaceEyebrowCenterLeft" type="JOINT">
                              <matrix sid="transform">1 0 0 0.07 0 1 0 0.043 0 0 1 0.05599999 0 0 0 1</matrix>
                              <extra>
                                <technique profile="blender">
                                  <layer sid="layer" type="string">0</layer>
                                  <tip_x sid="tip_x" type="float">0</tip_x>
                                  <tip_y sid="tip_y" type="float">0.02999997</tip_y>
                                  <tip_z sid="tip_z" type="float">0</tip_z>
                                </technique>
                              </extra>
                            </node>
                            <node id="GanondorfRig_mFaceEyebrowInnerLeft" name="mFaceEyebrowInnerLeft" sid="mFaceEyebrowInnerLeft" type="JOINT">
                              <matrix sid="transform">1 0 0 0.075 0 1 0 0.022 0 0 1 0.051 0 0 0 1</matrix>
                              <extra>
                                <technique profile="blender">
                                  <layer sid="layer" type="string">0</layer>
                                  <tip_x sid="tip_x" type="float">0</tip_x>
                                  <tip_y sid="tip_y" type="float">0.02999997</tip_y>
                                  <tip_z sid="tip_z" type="float">0</tip_z>
                                </technique>
                              </extra>
                            </node>
                            <node id="GanondorfRig_mFaceEyebrowOuterRight" name="mFaceEyebrowOuterRight" sid="mFaceEyebrowOuterRight" type="JOINT">
                              <matrix sid="transform">1 0 0 0.064 0 1 0 -0.051 0 0 1 0.04799998 0 0 0 1</matrix>
                              <extra>
                                <technique profile="blender">
                                  <layer sid="layer" type="string">0</layer>
                                  <tip_x sid="tip_x" type="float">0</tip_x>
                                  <tip_y sid="tip_y" type="float">0.02999997</tip_y>
                                  <tip_z sid="tip_z" type="float">0</tip_z>
                                </technique>
                              </extra>
                            </node>
                            <node id="GanondorfRig_mFaceEyebrowCenterRight" name="mFaceEyebrowCenterRight" sid="mFaceEyebrowCenterRight" type="JOINT">
                              <matrix sid="transform">1 0 0 0.07 0 1 0 -0.043 0 0 1 0.05599999 0 0 0 1</matrix>
                              <extra>
                                <technique profile="blender">
                                  <layer sid="layer" type="string">0</layer>
                                  <tip_x sid="tip_x" type="float">0</tip_x>
                                  <tip_y sid="tip_y" type="float">0.02999997</tip_y>
                                  <tip_z sid="tip_z" type="float">0</tip_z>
                                </technique>
                              </extra>
                            </node>
                            <node id="GanondorfRig_mFaceEyebrowInnerRight" name="mFaceEyebrowInnerRight" sid="mFaceEyebrowInnerRight" type="JOINT">
                              <matrix sid="transform">1 0 0 0.075 0 1 0 -0.022 0 0 1 0.051 0 0 0 1</matrix>
                              <extra>
                                <technique profile="blender">
                                  <layer sid="layer" type="string">0</layer>
                                  <tip_x sid="tip_x" type="float">0</tip_x>
                                  <tip_y sid="tip_y" type="float">0.02999997</tip_y>
                                  <tip_z sid="tip_z" type="float">0</tip_z>
                                </technique>
                              </extra>
                            </node>
                            <node id="GanondorfRig_mFaceEyeLidUpperLeft" name="mFaceEyeLidUpperLeft" sid="mFaceEyeLidUpperLeft" type="JOINT">
                              <matrix sid="transform">1 0 0 0.073 0 1 0 0.036 0 0 1 0.03399992 0 0 0 1</matrix>
                              <extra>
                                <technique profile="blender">
                                  <layer sid="layer" type="string">0</layer>
                                  <tip_x sid="tip_x" type="float">0</tip_x>
                                  <tip_y sid="tip_y" type="float">0.02999997</tip_y>
                                  <tip_z sid="tip_z" type="float">0</tip_z>
                                </technique>
                              </extra>
                            </node>
                            <node id="GanondorfRig_mFaceEyeLidLowerLeft" name="mFaceEyeLidLowerLeft" sid="mFaceEyeLidLowerLeft" type="JOINT">
                              <matrix sid="transform">1 0 0 0.073 0 1 0 0.036 0 0 1 0.03399992 0 0 0 1</matrix>
                              <extra>
                                <technique profile="blender">
                                  <layer sid="layer" type="string">0</layer>
                                  <tip_x sid="tip_x" type="float">0</tip_x>
                                  <tip_y sid="tip_y" type="float">0.02999997</tip_y>
                                  <tip_z sid="tip_z" type="float">0</tip_z>
                                </technique>
                              </extra>
                            </node>
                            <node id="GanondorfRig_mFaceEyeLidUpperRight" name="mFaceEyeLidUpperRight" sid="mFaceEyeLidUpperRight" type="JOINT">
                              <matrix sid="transform">1 0 0 0.073 0 1 0 -0.036 0 0 1 0.03399992 0 0 0 1</matrix>
                              <extra>
                                <technique profile="blender">
                                  <layer sid="layer" type="string">0</layer>
                                  <tip_x sid="tip_x" type="float">0</tip_x>
                                  <tip_y sid="tip_y" type="float">0.02999997</tip_y>
                                  <tip_z sid="tip_z" type="float">0</tip_z>
                                </technique>
                              </extra>
                            </node>
                            <node id="GanondorfRig_mFaceEyeLidLowerRight" name="mFaceEyeLidLowerRight" sid="mFaceEyeLidLowerRight" type="JOINT">
                              <matrix sid="transform">1 0 0 0.073 0 1 0 -0.036 0 0 1 0.03399992 0 0 0 1</matrix>
                              <extra>
                                <technique profile="blender">
                                  <layer sid="layer" type="string">0</layer>
                                  <tip_x sid="tip_x" type="float">0</tip_x>
                                  <tip_y sid="tip_y" type="float">0.02999997</tip_y>
                                  <tip_z sid="tip_z" type="float">0</tip_z>
                                </technique>
                              </extra>
                            </node>
                            <node id="GanondorfRig_mFaceEar1Left" name="mFaceEar1Left" sid="mFaceEar1Left" type="JOINT">
                              <matrix sid="transform">1 0 0 0 0 1 0 0.08 0 0 1 0.001999974 0 0 0 1</matrix>
                              <node id="GanondorfRig_mFaceEar2Left" name="mFaceEar2Left" sid="mFaceEar2Left" type="JOINT">
                                <matrix sid="transform">1 0 0 -0.019 0 1 0 0.018 0 0 1 0.02499998 0 0 0 1</matrix>
                                <extra>
                                  <technique profile="blender">
                                    <layer sid="layer" type="string">0</layer>
                                    <tip_x sid="tip_x" type="float">0</tip_x>
                                    <tip_y sid="tip_y" type="float">0.02999997</tip_y>
                                    <tip_z sid="tip_z" type="float">0</tip_z>
                                  </technique>
                                </extra>
                              </node>
                              <extra>
                                <technique profile="blender">
                                  <layer sid="layer" type="string">0</layer>
                                  <tip_x sid="tip_x" type="float">0</tip_x>
                                  <tip_y sid="tip_y" type="float">0.02999997</tip_y>
                                  <tip_z sid="tip_z" type="float">0</tip_z>
                                </technique>
                              </extra>
                            </node>
                            <node id="GanondorfRig_mFaceEar1Right" name="mFaceEar1Right" sid="mFaceEar1Right" type="JOINT">
                              <matrix sid="transform">1 0 0 0 0 1 0 -0.08 0 0 1 0.001999974 0 0 0 1</matrix>
                              <node id="GanondorfRig_mFaceEar2Right" name="mFaceEar2Right" sid="mFaceEar2Right" type="JOINT">
                                <matrix sid="transform">1 0 0 -0.019 0 1 0 -0.018 0 0 1 0.02499998 0 0 0 1</matrix>
                                <extra>
                                  <technique profile="blender">
                                    <layer sid="layer" type="string">0</layer>
                                    <tip_x sid="tip_x" type="float">0</tip_x>
                                    <tip_y sid="tip_y" type="float">0.02999997</tip_y>
                                    <tip_z sid="tip_z" type="float">0</tip_z>
                                  </technique>
                                </extra>
                              </node>
                              <extra>
                                <technique profile="blender">
                                  <layer sid="layer" type="string">0</layer>
                                  <tip_x sid="tip_x" type="float">0</tip_x>
                                  <tip_y sid="tip_y" type="float">0.02999997</tip_y>
                                  <tip_z sid="tip_z" type="float">0</tip_z>
                                </technique>
                              </extra>
                            </node>
                            <node id="GanondorfRig_mFaceNoseLeft" name="mFaceNoseLeft" sid="mFaceNoseLeft" type="JOINT">
                              <matrix sid="transform">1 0 0 0.086 0 1 0 0.015 0 0 1 -0.004000068 0 0 0 1</matrix>
                              <extra>
                                <technique profile="blender">
                                  <layer sid="layer" type="string">0</layer>
                                  <tip_x sid="tip_x" type="float">0</tip_x>
                                  <tip_y sid="tip_y" type="float">0.02999997</tip_y>
                                  <tip_z sid="tip_z" type="float">0</tip_z>
                                </technique>
                              </extra>
                            </node>
                            <node id="GanondorfRig_mFaceNoseCenter" name="mFaceNoseCenter" sid="mFaceNoseCenter" type="JOINT">
                              <matrix sid="transform">1 0 0 0.102 0 1 0 0 0 0 1 0 0 0 0 1</matrix>
                              <extra>
                                <technique profile="blender">
                                  <layer sid="layer" type="string">0</layer>
                                  <tip_x sid="tip_x" type="float">0</tip_x>
                                  <tip_y sid="tip_y" type="float">0.02999997</tip_y>
                                  <tip_z sid="tip_z" type="float">0</tip_z>
                                </technique>
                              </extra>
                            </node>
                            <node id="GanondorfRig_mFaceNoseRight" name="mFaceNoseRight" sid="mFaceNoseRight" type="JOINT">
                              <matrix sid="transform">1 0 0 0.086 0 1 0 -0.015 0 0 1 -0.004000068 0 0 0 1</matrix>
                              <extra>
                                <technique profile="blender">
                                  <layer sid="layer" type="string">0</layer>
                                  <tip_x sid="tip_x" type="float">0</tip_x>
                                  <tip_y sid="tip_y" type="float">0.02999997</tip_y>
                                  <tip_z sid="tip_z" type="float">0</tip_z>
                                </technique>
                              </extra>
                            </node>
                            <node id="GanondorfRig_mFaceCheekLowerLeft" name="mFaceCheekLowerLeft" sid="mFaceCheekLowerLeft" type="JOINT">
                              <matrix sid="transform">1 0 0 0.05 0 1 0 0.034 0 0 1 -0.03100002 0 0 0 1</matrix>
                              <extra>
                                <technique profile="blender">
                                  <layer sid="layer" type="string">0</layer>
                                  <tip_x sid="tip_x" type="float">0</tip_x>
                                  <tip_y sid="tip_y" type="float">0.02999997</tip_y>
                                  <tip_z sid="tip_z" type="float">0</tip_z>
                                </technique>
                              </extra>
                            </node>
                            <node id="GanondorfRig_mFaceCheekUpperLeft" name="mFaceCheekUpperLeft" sid="mFaceCheekUpperLeft" type="JOINT">
                              <matrix sid="transform">1 0 0 0.07 0 1 0 0.034 0 0 1 -0.004999995 0 0 0 1</matrix>
                              <extra>
                                <technique profile="blender">
                                  <layer sid="layer" type="string">0</layer>
                                  <tip_x sid="tip_x" type="float">0</tip_x>
                                  <tip_y sid="tip_y" type="float">0.02999997</tip_y>
                                  <tip_z sid="tip_z" type="float">0</tip_z>
                                </technique>
                              </extra>
                            </node>
                            <node id="GanondorfRig_mFaceCheekLowerRight" name="mFaceCheekLowerRight" sid="mFaceCheekLowerRight" type="JOINT">
                              <matrix sid="transform">1 0 0 0.05 0 1 0 -0.034 0 0 1 -0.03100002 0 0 0 1</matrix>
                              <extra>
                                <technique profile="blender">
                                  <layer sid="layer" type="string">0</layer>
                                  <tip_x sid="tip_x" type="float">0</tip_x>
                                  <tip_y sid="tip_y" type="float">0.02999997</tip_y>
                                  <tip_z sid="tip_z" type="float">0</tip_z>
                                </technique>
                              </extra>
                            </node>
                            <node id="GanondorfRig_mFaceCheekUpperRight" name="mFaceCheekUpperRight" sid="mFaceCheekUpperRight" type="JOINT">
                              <matrix sid="transform">1 0 0 0.07 0 1 0 -0.034 0 0 1 -0.004999995 0 0 0 1</matrix>
                              <extra>
                                <technique profile="blender">
                                  <layer sid="layer" type="string">0</layer>
                                  <tip_x sid="tip_x" type="float">0</tip_x>
                                  <tip_y sid="tip_y" type="float">0.02999997</tip_y>
                                  <tip_z sid="tip_z" type="float">0</tip_z>
                                </technique>
                              </extra>
                            </node>
                            <node id="GanondorfRig_mFaceJaw" name="mFaceJaw" sid="mFaceJaw" type="JOINT">
                              <matrix sid="transform">1 0 0 -0.001 0 1 0 0 0 0 1 -0.01499999 0 0 0 1</matrix>
                              <node id="GanondorfRig_mFaceChin" name="mFaceChin" sid="mFaceChin" type="JOINT">
                                <matrix sid="transform">1 0 0 0.074 0 1 0 0 0 0 1 -0.05400002 0 0 0 1</matrix>
                                <extra>
                                  <technique profile="blender">
                                    <layer sid="layer" type="string">0</layer>
                                    <tip_x sid="tip_x" type="float">0</tip_x>
                                    <tip_y sid="tip_y" type="float">0.02999997</tip_y>
                                    <tip_z sid="tip_z" type="float">0</tip_z>
                                  </technique>
                                </extra>
                              </node>
                              <node id="GanondorfRig_mFaceTeethLower" name="mFaceTeethLower" sid="mFaceTeethLower" type="JOINT">
                                <matrix sid="transform">1 0 0 0.021 0 1 0 0 0 0 1 -0.03900003 0 0 0 1</matrix>
                                <node id="GanondorfRig_mFaceLipLowerLeft" name="mFaceLipLowerLeft" sid="mFaceLipLowerLeft" type="JOINT">
                                  <matrix sid="transform">1 0 0 0.045 0 1 0 0 0 0 1 0 0 0 0 1</matrix>
                                  <extra>
                                    <technique profile="blender">
                                      <layer sid="layer" type="string">0</layer>
                                      <tip_x sid="tip_x" type="float">0</tip_x>
                                      <tip_y sid="tip_y" type="float">0.02999997</tip_y>
                                      <tip_z sid="tip_z" type="float">0</tip_z>
                                    </technique>
                                  </extra>
                                </node>
                                <node id="GanondorfRig_mFaceLipLowerRight" name="mFaceLipLowerRight" sid="mFaceLipLowerRight" type="JOINT">
                                  <matrix sid="transform">1 0 0 0.045 0 1 0 0 0 0 1 0 0 0 0 1</matrix>
                                  <extra>
                                    <technique profile="blender">
                                      <layer sid="layer" type="string">0</layer>
                                      <tip_x sid="tip_x" type="float">0</tip_x>
                                      <tip_y sid="tip_y" type="float">0.02999997</tip_y>
                                      <tip_z sid="tip_z" type="float">0</tip_z>
                                    </technique>
                                  </extra>
                                </node>
                                <node id="GanondorfRig_mFaceLipLowerCenter" name="mFaceLipLowerCenter" sid="mFaceLipLowerCenter" type="JOINT">
                                  <matrix sid="transform">1 0 0 0.045 0 1 0 0 0 0 1 0 0 0 0 1</matrix>
                                  <extra>
                                    <technique profile="blender">
                                      <layer sid="layer" type="string">0</layer>
                                      <tip_x sid="tip_x" type="float">0</tip_x>
                                      <tip_y sid="tip_y" type="float">0.02999997</tip_y>
                                      <tip_z sid="tip_z" type="float">0</tip_z>
                                    </technique>
                                  </extra>
                                </node>
                                <node id="GanondorfRig_mFaceTongueBase" name="mFaceTongueBase" sid="mFaceTongueBase" type="JOINT">
                                  <matrix sid="transform">1 0 0 0.039 0 1 0 0 0 0 1 0.004999995 0 0 0 1</matrix>
                                  <node id="GanondorfRig_mFaceTongueTip" name="mFaceTongueTip" sid="mFaceTongueTip" type="JOINT">
                                    <matrix sid="transform">1 0 0 0.022 0 1 0 0 0 0 1 0.006999969 0 0 0 1</matrix>
                                    <extra>
                                      <technique profile="blender">
                                        <layer sid="layer" type="string">0</layer>
                                        <tip_x sid="tip_x" type="float">0</tip_x>
                                        <tip_y sid="tip_y" type="float">0.02999997</tip_y>
                                        <tip_z sid="tip_z" type="float">0</tip_z>
                                      </technique>
                                    </extra>
                                  </node>
                                  <extra>
                                    <technique profile="blender">
                                      <layer sid="layer" type="string">0</layer>
                                      <tip_x sid="tip_x" type="float">0</tip_x>
                                      <tip_y sid="tip_y" type="float">0.02999997</tip_y>
                                      <tip_z sid="tip_z" type="float">0</tip_z>
                                    </technique>
                                  </extra>
                                </node>
                                <extra>
                                  <technique profile="blender">
                                    <layer sid="layer" type="string">0</layer>
                                    <tip_x sid="tip_x" type="float">0</tip_x>
                                    <tip_y sid="tip_y" type="float">0.02999997</tip_y>
                                    <tip_z sid="tip_z" type="float">0</tip_z>
                                  </technique>
                                </extra>
                              </node>
                              <extra>
                                <technique profile="blender">
                                  <layer sid="layer" type="string">0</layer>
                                  <tip_x sid="tip_x" type="float">0</tip_x>
                                  <tip_y sid="tip_y" type="float">0.02999997</tip_y>
                                  <tip_z sid="tip_z" type="float">0</tip_z>
                                </technique>
                              </extra>
                            </node>
                            <node id="GanondorfRig_mFaceJawShaper" name="mFaceJawShaper" sid="mFaceJawShaper" type="JOINT">
                              <matrix sid="transform">1 0 0 0 0 1 0 0 0 0 1 0 0 0 0 1</matrix>
                              <extra>
                                <technique profile="blender">
                                  <layer sid="layer" type="string">0</layer>
                                  <tip_x sid="tip_x" type="float">0</tip_x>
                                  <tip_y sid="tip_y" type="float">0.02999997</tip_y>
                                  <tip_z sid="tip_z" type="float">0</tip_z>
                                </technique>
                              </extra>
                            </node>
                            <node id="GanondorfRig_mFaceForeheadCenter" name="mFaceForeheadCenter" sid="mFaceForeheadCenter" type="JOINT">
                              <matrix sid="transform">1 0 0 0.069 0 1 0 0 0 0 1 0.06499994 0 0 0 1</matrix>
                              <extra>
                                <technique profile="blender">
                                  <layer sid="layer" type="string">0</layer>
                                  <tip_x sid="tip_x" type="float">0</tip_x>
                                  <tip_y sid="tip_y" type="float">0.02999997</tip_y>
                                  <tip_z sid="tip_z" type="float">0</tip_z>
                                </technique>
                              </extra>
                            </node>
                            <node id="GanondorfRig_mFaceNoseBase" name="mFaceNoseBase" sid="mFaceNoseBase" type="JOINT">
                              <matrix sid="transform">1 0 0 0.094 0 1 0 0 0 0 1 -0.01600003 0 0 0 1</matrix>
                              <extra>
                                <technique profile="blender">
                                  <layer sid="layer" type="string">0</layer>
                                  <tip_x sid="tip_x" type="float">0</tip_x>
                                  <tip_y sid="tip_y" type="float">0.02999997</tip_y>
                                  <tip_z sid="tip_z" type="float">0</tip_z>
                                </technique>
                              </extra>
                            </node>
                            <node id="GanondorfRig_mFaceTeethUpper" name="mFaceTeethUpper" sid="mFaceTeethUpper" type="JOINT">
                              <matrix sid="transform">1 0 0 0.02 0 1 0 0 0 0 1 -0.03000009 0 0 0 1</matrix>
                              <node id="GanondorfRig_mFaceLipUpperLeft" name="mFaceLipUpperLeft" sid="mFaceLipUpperLeft" type="JOINT">
                                <matrix sid="transform">1 0 0 0.045 0 1 0 0 0 0 1 -0.002999902 0 0 0 1</matrix>
                                <extra>
                                  <technique profile="blender">
                                    <layer sid="layer" type="string">0</layer>
                                    <tip_x sid="tip_x" type="float">0</tip_x>
                                    <tip_y sid="tip_y" type="float">0.02999997</tip_y>
                                    <tip_z sid="tip_z" type="float">0</tip_z>
                                  </technique>
                                </extra>
                              </node>
                              <node id="GanondorfRig_mFaceLipUpperRight" name="mFaceLipUpperRight" sid="mFaceLipUpperRight" type="JOINT">
                                <matrix sid="transform">1 0 0 0.045 0 1 0 0 0 0 1 -0.002999902 0 0 0 1</matrix>
                                <extra>
                                  <technique profile="blender">
                                    <layer sid="layer" type="string">0</layer>
                                    <tip_x sid="tip_x" type="float">0</tip_x>
                                    <tip_y sid="tip_y" type="float">0.02999997</tip_y>
                                    <tip_z sid="tip_z" type="float">0</tip_z>
                                  </technique>
                                </extra>
                              </node>
                              <node id="GanondorfRig_mFaceLipCornerLeft" name="mFaceLipCornerLeft" sid="mFaceLipCornerLeft" type="JOINT">
                                <matrix sid="transform">1 0 0 0.028 0 1 0 -0.019 0 0 1 -0.00999999 0 0 0 1</matrix>
                                <extra>
                                  <technique profile="blender">
                                    <layer sid="layer" type="string">0</layer>
                                    <tip_x sid="tip_x" type="float">0</tip_x>
                                    <tip_y sid="tip_y" type="float">0.02999997</tip_y>
                                    <tip_z sid="tip_z" type="float">0</tip_z>
                                  </technique>
                                </extra>
                              </node>
                              <node id="GanondorfRig_mFaceLipCornerRight" name="mFaceLipCornerRight" sid="mFaceLipCornerRight" type="JOINT">
                                <matrix sid="transform">1 0 0 0.028 0 1 0 0.019 0 0 1 -0.00999999 0 0 0 1</matrix>
                                <extra>
                                  <technique profile="blender">
                                    <layer sid="layer" type="string">0</layer>
                                    <tip_x sid="tip_x" type="float">0</tip_x>
                                    <tip_y sid="tip_y" type="float">0.02999997</tip_y>
                                    <tip_z sid="tip_z" type="float">0</tip_z>
                                  </technique>
                                </extra>
                              </node>
                              <node id="GanondorfRig_mFaceLipUpperCenter" name="mFaceLipUpperCenter" sid="mFaceLipUpperCenter" type="JOINT">
                                <matrix sid="transform">1 0 0 0.045 0 1 0 0 0 0 1 -0.002999902 0 0 0 1</matrix>
                                <extra>
                                  <technique profile="blender">
                                    <layer sid="layer" type="string">0</layer>
                                    <tip_x sid="tip_x" type="float">0</tip_x>
                                    <tip_y sid="tip_y" type="float">0.02999997</tip_y>
                                    <tip_z sid="tip_z" type="float">0</tip_z>
                                  </technique>
                                </extra>
                              </node>
                              <extra>
                                <technique profile="blender">
                                  <layer sid="layer" type="string">0</layer>
                                  <tip_x sid="tip_x" type="float">0</tip_x>
                                  <tip_y sid="tip_y" type="float">0.02999997</tip_y>
                                  <tip_z sid="tip_z" type="float">0</tip_z>
                                </technique>
                              </extra>
                            </node>
                            <node id="GanondorfRig_mFaceEyecornerInnerLeft" name="mFaceEyecornerInnerLeft" sid="mFaceEyecornerInnerLeft" type="JOINT">
                              <matrix sid="transform">1 0 0 0.075 0 1 0 0.017 0 0 1 0.03199995 0 0 0 1</matrix>
                              <extra>
                                <technique profile="blender">
                                  <layer sid="layer" type="string">0</layer>
                                  <tip_x sid="tip_x" type="float">0</tip_x>
                                  <tip_y sid="tip_y" type="float">0.02999997</tip_y>
                                  <tip_z sid="tip_z" type="float">0</tip_z>
                                </technique>
                              </extra>
                            </node>
                            <node id="GanondorfRig_mFaceEyecornerInnerRight" name="mFaceEyecornerInnerRight" sid="mFaceEyecornerInnerRight" type="JOINT">
                              <matrix sid="transform">1 0 0 0.075 0 1 0 -0.017 0 0 1 0.03199995 0 0 0 1</matrix>
                              <extra>
                                <technique profile="blender">
                                  <layer sid="layer" type="string">0</layer>
                                  <tip_x sid="tip_x" type="float">0</tip_x>
                                  <tip_y sid="tip_y" type="float">0.02999997</tip_y>
                                  <tip_z sid="tip_z" type="float">0</tip_z>
                                </technique>
                              </extra>
                            </node>
                            <node id="GanondorfRig_mFaceNoseBridge" name="mFaceNoseBridge" sid="mFaceNoseBridge" type="JOINT">
                              <matrix sid="transform">1 0 0 0.091 0 1 0 0 0 0 1 0.01999998 0 0 0 1</matrix>
                              <extra>
                                <technique profile="blender">
                                  <layer sid="layer" type="string">0</layer>
                                  <tip_x sid="tip_x" type="float">0</tip_x>
                                  <tip_y sid="tip_y" type="float">0.02999997</tip_y>
                                  <tip_z sid="tip_z" type="float">0</tip_z>
                                </technique>
                              </extra>
                            </node>
                            <extra>
                              <technique profile="blender">
                                <layer sid="layer" type="string">0</layer>
                                <tip_x sid="tip_x" type="float">0</tip_x>
                                <tip_y sid="tip_y" type="float">0.02999997</tip_y>
                                <tip_z sid="tip_z" type="float">0</tip_z>
                              </technique>
                            </extra>
                          </node>
                          <extra>
                            <technique profile="blender">
                              <layer sid="layer" type="string">0</layer>
                              <tip_x sid="tip_x" type="float">0</tip_x>
                              <tip_y sid="tip_y" type="float">0.02999997</tip_y>
                              <tip_z sid="tip_z" type="float">0</tip_z>
                            </technique>
                          </extra>
                        </node>
                        <extra>
                          <technique profile="blender">
                            <layer sid="layer" type="string">0</layer>
                            <tip_x sid="tip_x" type="float">0</tip_x>
                            <tip_y sid="tip_y" type="float">0.02999997</tip_y>
                            <tip_z sid="tip_z" type="float">0</tip_z>
                          </technique>
                        </extra>
                      </node>
                      <node id="GanondorfRig_mCollarLeft" name="mCollarLeft" sid="mCollarLeft" type="JOINT">
                        <matrix sid="transform">1 0 0 -0.021 0 1 0 0.085 0 0 1 0.1650001 0 0 0 1</matrix>
                        <node id="GanondorfRig_L_CLAVICLE" name="L_CLAVICLE" sid="L_CLAVICLE" type="JOINT">
                          <matrix sid="transform">1 0 0 0.02 0 1 0 0 0 0 1 0.01999998 0 0 0 1</matrix>
                          <extra>
                            <technique profile="blender">
                              <layer sid="layer" type="string">0</layer>
                              <tip_x sid="tip_x" type="float">0</tip_x>
                              <tip_y sid="tip_y" type="float">0.02999997</tip_y>
                              <tip_z sid="tip_z" type="float">0</tip_z>
                            </technique>
                          </extra>
                        </node>
                        <node id="GanondorfRig_mShoulderLeft" name="mShoulderLeft" sid="mShoulderLeft" type="JOINT">
                          <matrix sid="transform">1 0 0 0 0 1 0 0.079 0 0 1 0 0 0 0 1</matrix>
                          <node id="GanondorfRig_L_UPPER_ARM" name="L_UPPER_ARM" sid="L_UPPER_ARM" type="JOINT">
                            <matrix sid="transform">1 0 0 0 0 1 0 0.12 0 0 1 0.00999999 0 0 0 1</matrix>
                            <extra>
                              <technique profile="blender">
                                <layer sid="layer" type="string">0</layer>
                                <tip_x sid="tip_x" type="float">0</tip_x>
                                <tip_y sid="tip_y" type="float">0.02988582</tip_y>
                                <tip_z sid="tip_z" type="float">-0.002614617</tip_z>
                              </technique>
                            </extra>
                          </node>
                          <node id="GanondorfRig_mElbowLeft" name="mElbowLeft" sid="mElbowLeft" type="JOINT">
                            <matrix sid="transform">1 0 0 0 0 1 0 0.248 0 0 1 0 0 0 0 1</matrix>
                            <node id="GanondorfRig_L_LOWER_ARM" name="L_LOWER_ARM" sid="L_LOWER_ARM" type="JOINT">
                              <matrix sid="transform">1 0 0 0 0 0.9999999 0 0.1 0 0 0.9999999 0 0 0 0 1</matrix>
                              <extra>
                                <technique profile="blender">
                                  <layer sid="layer" type="string">0</layer>
                                  <tip_x sid="tip_x" type="float">0</tip_x>
                                  <tip_y sid="tip_y" type="float">0.0299589</tip_y>
                                  <tip_z sid="tip_z" type="float">-0.001570105</tip_z>
                                </technique>
                              </extra>
                            </node>
                            <node id="GanondorfRig_mWristLeft" name="mWristLeft" sid="mWristLeft" type="JOINT">
                              <matrix sid="transform">1 0 0 0 0 1 0 0.205 0 0 1 0 0 0 0 1</matrix>
                              <node id="GanondorfRig_L_HAND" name="L_HAND" sid="L_HAND" type="JOINT">
                                <matrix sid="transform">0.9999999 -7.567e-10 9.31323e-10 0.009999998 1.41154e-8 0.9999999 3.72529e-9 0.05000001 -9.31323e-10 3.72529e-9 1 0 0 0 0 1</matrix>
                                <extra>
                                  <technique profile="blender">
                                    <layer sid="layer" type="string">0</layer>
                                    <roll sid="roll" type="float">0.004581928</roll>
                                    <tip_x sid="tip_x" type="float">0.005202293</tip_x>
                                    <tip_y sid="tip_y" type="float">0.02950376</tip_y>
                                    <tip_z sid="tip_z" type="float">-0.001570105</tip_z>
                                  </technique>
                                </extra>
                              </node>
                              <node id="GanondorfRig_mHandMiddle1Left" name="mHandMiddle1Left" sid="mHandMiddle1Left" type="JOINT">
                                <matrix sid="transform">1 0 0 0.013 0 1 0 0.101 0 0 1 0.01499999 0 0 0 1</matrix>
                                <node id="GanondorfRig_mHandMiddle2Left" name="mHandMiddle2Left" sid="mHandMiddle2Left" type="JOINT">
                                  <matrix sid="transform">1 0 0 -0.001 0 1 0 0.04000002 0 0 1 -0.006000042 0 0 0 1</matrix>
                                  <node id="GanondorfRig_mHandMiddle3Left" name="mHandMiddle3Left" sid="mHandMiddle3Left" type="JOINT">
                                    <matrix sid="transform">1 0 0 -0.001 0 1 0 0.04899997 0 0 1 -0.008000016 0 0 0 1</matrix>
                                    <extra>
                                      <technique profile="blender">
                                        <layer sid="layer" type="string">0</layer>
                                        <tip_x sid="tip_x" type="float">0</tip_x>
                                        <tip_y sid="tip_y" type="float">0.02999997</tip_y>
                                        <tip_z sid="tip_z" type="float">0</tip_z>
                                      </technique>
                                    </extra>
                                  </node>
                                  <extra>
                                    <technique profile="blender">
                                      <layer sid="layer" type="string">0</layer>
                                      <tip_x sid="tip_x" type="float">0</tip_x>
                                      <tip_y sid="tip_y" type="float">0.02999997</tip_y>
                                      <tip_z sid="tip_z" type="float">0</tip_z>
                                    </technique>
                                  </extra>
                                </node>
                                <extra>
                                  <technique profile="blender">
                                    <layer sid="layer" type="string">0</layer>
                                    <tip_x sid="tip_x" type="float">0</tip_x>
                                    <tip_y sid="tip_y" type="float">0.02999997</tip_y>
                                    <tip_z sid="tip_z" type="float">0</tip_z>
                                  </technique>
                                </extra>
                              </node>
                              <node id="GanondorfRig_mHandIndex1Left" name="mHandIndex1Left" sid="mHandIndex1Left" type="JOINT">
                                <matrix sid="transform">1 0 0 0.038 0 1 0 0.097 0 0 1 0.01499999 0 0 0 1</matrix>
                                <node id="GanondorfRig_mHandIndex2Left" name="mHandIndex2Left" sid="mHandIndex2Left" type="JOINT">
                                  <matrix sid="transform">1 0 0 0.017 0 1 0 0.03600001 0 0 1 -0.006000042 0 0 0 1</matrix>
                                  <node id="GanondorfRig_mHandIndex3Left" name="mHandIndex3Left" sid="mHandIndex3Left" type="JOINT">
                                    <matrix sid="transform">1 0 0 0.014 0 1 0 0.03200001 0 0 1 -0.005999923 0 0 0 1</matrix>
                                    <extra>
                                      <technique profile="blender">
                                        <layer sid="layer" type="string">0</layer>
                                        <tip_x sid="tip_x" type="float">0</tip_x>
                                        <tip_y sid="tip_y" type="float">0.02999997</tip_y>
                                        <tip_z sid="tip_z" type="float">0</tip_z>
                                      </technique>
                                    </extra>
                                  </node>
                                  <extra>
                                    <technique profile="blender">
                                      <layer sid="layer" type="string">0</layer>
                                      <tip_x sid="tip_x" type="float">0</tip_x>
                                      <tip_y sid="tip_y" type="float">0.02999997</tip_y>
                                      <tip_z sid="tip_z" type="float">0</tip_z>
                                    </technique>
                                  </extra>
                                </node>
                                <extra>
                                  <technique profile="blender">
                                    <layer sid="layer" type="string">0</layer>
                                    <tip_x sid="tip_x" type="float">0</tip_x>
                                    <tip_y sid="tip_y" type="float">0.02999997</tip_y>
                                    <tip_z sid="tip_z" type="float">0</tip_z>
                                  </technique>
                                </extra>
                              </node>
                              <node id="GanondorfRig_mHandRing1Left" name="mHandRing1Left" sid="mHandRing1Left" type="JOINT">
                                <matrix sid="transform">1 0 0 -0.01 0 1 0 0.09900004 0 0 1 0.008999944 0 0 0 1</matrix>
                                <node id="GanondorfRig_mHandRing2Left" name="mHandRing2Left" sid="mHandRing2Left" type="JOINT">
                                  <matrix sid="transform">1 0 0 -0.013 0 1 0 0.03799999 0 0 1 -0.008000016 0 0 0 1</matrix>
                                  <node id="GanondorfRig_mHandRing3Left" name="mHandRing3Left" sid="mHandRing3Left" type="JOINT">
                                    <matrix sid="transform">1 0 0 -0.013 0 1 0 0.04000002 0 0 1 -0.008999944 0 0 0 1</matrix>
                                    <extra>
                                      <technique profile="blender">
                                        <layer sid="layer" type="string">0</layer>
                                        <tip_x sid="tip_x" type="float">0</tip_x>
                                        <tip_y sid="tip_y" type="float">0.02999997</tip_y>
                                        <tip_z sid="tip_z" type="float">0</tip_z>
                                      </technique>
                                    </extra>
                                  </node>
                                  <extra>
                                    <technique profile="blender">
                                      <layer sid="layer" type="string">0</layer>
                                      <tip_x sid="tip_x" type="float">0</tip_x>
                                      <tip_y sid="tip_y" type="float">0.02999997</tip_y>
                                      <tip_z sid="tip_z" type="float">0</tip_z>
                                    </technique>
                                  </extra>
                                </node>
                                <extra>
                                  <technique profile="blender">
                                    <layer sid="layer" type="string">0</layer>
                                    <tip_x sid="tip_x" type="float">0</tip_x>
                                    <tip_y sid="tip_y" type="float">0.02999997</tip_y>
                                    <tip_z sid="tip_z" type="float">0</tip_z>
                                  </technique>
                                </extra>
                              </node>
                              <node id="GanondorfRig_mHandPinky1Left" name="mHandPinky1Left" sid="mHandPinky1Left" type="JOINT">
                                <matrix sid="transform">1 0 0 -0.031 0 1 0 0.09500003 0 0 1 0.003000021 0 0 0 1</matrix>
                                <node id="GanondorfRig_mHandPinky2Left" name="mHandPinky2Left" sid="mHandPinky2Left" type="JOINT">
                                  <matrix sid="transform">1 0 0 -0.024 0 1 0 0.02499998 0 0 1 -0.006000042 0 0 0 1</matrix>
                                  <node id="GanondorfRig_mHandPinky3Left" name="mHandPinky3Left" sid="mHandPinky3Left" type="JOINT">
                                    <matrix sid="transform">1 0 0 -0.015 0 1 0 0.01800001 0 0 1 -0.003999949 0 0 0 1</matrix>
                                    <extra>
                                      <technique profile="blender">
                                        <layer sid="layer" type="string">0</layer>
                                        <tip_x sid="tip_x" type="float">0</tip_x>
                                        <tip_y sid="tip_y" type="float">0.02999997</tip_y>
                                        <tip_z sid="tip_z" type="float">0</tip_z>
                                      </technique>
                                    </extra>
                                  </node>
                                  <extra>
                                    <technique profile="blender">
                                      <layer sid="layer" type="string">0</layer>
                                      <tip_x sid="tip_x" type="float">0</tip_x>
                                      <tip_y sid="tip_y" type="float">0.02999997</tip_y>
                                      <tip_z sid="tip_z" type="float">0</tip_z>
                                    </technique>
                                  </extra>
                                </node>
                                <extra>
                                  <technique profile="blender">
                                    <layer sid="layer" type="string">0</layer>
                                    <tip_x sid="tip_x" type="float">0</tip_x>
                                    <tip_y sid="tip_y" type="float">0.02999997</tip_y>
                                    <tip_z sid="tip_z" type="float">0</tip_z>
                                  </technique>
                                </extra>
                              </node>
                              <node id="GanondorfRig_mHandThumb1Left" name="mHandThumb1Left" sid="mHandThumb1Left" type="JOINT">
                                <matrix sid="transform">1 0 0 0.031 0 1 0 0.02600002 0 0 1 0.003999949 0 0 0 1</matrix>
                                <node id="GanondorfRig_mHandThumb2Left" name="mHandThumb2Left" sid="mHandThumb2Left" type="JOINT">
                                  <matrix sid="transform">1 0 0 0.028 0 1 0 0.03200001 0 0 1 -9.99928e-4 0 0 0 1</matrix>
                                  <node id="GanondorfRig_mHandThumb3Left" name="mHandThumb3Left" sid="mHandThumb3Left" type="JOINT">
                                    <matrix sid="transform">1 0 0 0.023 0 1 0 0.03099996 0 0 1 -0.001000047 0 0 0 1</matrix>
                                    <extra>
                                      <technique profile="blender">
                                        <layer sid="layer" type="string">0</layer>
                                        <tip_x sid="tip_x" type="float">0</tip_x>
                                        <tip_y sid="tip_y" type="float">0.02999997</tip_y>
                                        <tip_z sid="tip_z" type="float">0</tip_z>
                                      </technique>
                                    </extra>
                                  </node>
                                  <extra>
                                    <technique profile="blender">
                                      <layer sid="layer" type="string">0</layer>
                                      <tip_x sid="tip_x" type="float">0</tip_x>
                                      <tip_y sid="tip_y" type="float">0.02999997</tip_y>
                                      <tip_z sid="tip_z" type="float">0</tip_z>
                                    </technique>
                                  </extra>
                                </node>
                                <extra>
                                  <technique profile="blender">
                                    <layer sid="layer" type="string">0</layer>
                                    <tip_x sid="tip_x" type="float">0</tip_x>
                                    <tip_y sid="tip_y" type="float">0.02999997</tip_y>
                                    <tip_z sid="tip_z" type="float">0</tip_z>
                                  </technique>
                                </extra>
                              </node>
                              <extra>
                                <technique profile="blender">
                                  <layer sid="layer" type="string">0</layer>
                                  <tip_x sid="tip_x" type="float">0</tip_x>
                                  <tip_y sid="tip_y" type="float">0.02999997</tip_y>
                                  <tip_z sid="tip_z" type="float">0</tip_z>
                                </technique>
                              </extra>
                            </node>
                            <extra>
                              <technique profile="blender">
                                <layer sid="layer" type="string">0</layer>
                                <tip_x sid="tip_x" type="float">0</tip_x>
                                <tip_y sid="tip_y" type="float">0.02999997</tip_y>
                                <tip_z sid="tip_z" type="float">0</tip_z>
                              </technique>
                            </extra>
                          </node>
                          <extra>
                            <technique profile="blender">
                              <layer sid="layer" type="string">0</layer>
                              <tip_x sid="tip_x" type="float">0</tip_x>
                              <tip_y sid="tip_y" type="float">0.02999997</tip_y>
                              <tip_z sid="tip_z" type="float">0</tip_z>
                            </technique>
                          </extra>
                        </node>
                        <extra>
                          <technique profile="blender">
                            <layer sid="layer" type="string">0</layer>
                            <tip_x sid="tip_x" type="float">0</tip_x>
                            <tip_y sid="tip_y" type="float">0.02999997</tip_y>
                            <tip_z sid="tip_z" type="float">0</tip_z>
                          </technique>
                        </extra>
                      </node>
                      <node id="GanondorfRig_mCollarRight" name="mCollarRight" sid="mCollarRight" type="JOINT">
                        <matrix sid="transform">1 0 0 -0.021 0 1 0 -0.085 0 0 1 0.1650001 0 0 0 1</matrix>
                        <node id="GanondorfRig_R_CLAVICLE" name="R_CLAVICLE" sid="R_CLAVICLE" type="JOINT">
                          <matrix sid="transform">1 0 0 0.02 0 1 0 0 0 0 1 0.01999998 0 0 0 1</matrix>
                          <extra>
                            <technique profile="blender">
                              <layer sid="layer" type="string">0</layer>
                              <tip_x sid="tip_x" type="float">0</tip_x>
                              <tip_y sid="tip_y" type="float">0.02999997</tip_y>
                              <tip_z sid="tip_z" type="float">0</tip_z>
                            </technique>
                          </extra>
                        </node>
                        <node id="GanondorfRig_mShoulderRight" name="mShoulderRight" sid="mShoulderRight" type="JOINT">
                          <matrix sid="transform">1 0 0 0 0 1 0 -0.079 0 0 1 0 0 0 0 1</matrix>
                          <node id="GanondorfRig_R_UPPER_ARM" name="R_UPPER_ARM" sid="R_UPPER_ARM" type="JOINT">
                            <matrix sid="transform">1 0 0 0 0 1 0 -0.12 0 0 1 0.00999999 0 0 0 1</matrix>
                            <extra>
                              <technique profile="blender">
                                <layer sid="layer" type="string">0</layer>
                                <tip_x sid="tip_x" type="float">0</tip_x>
                                <tip_y sid="tip_y" type="float">0.02988582</tip_y>
                                <tip_z sid="tip_z" type="float">0.002614617</tip_z>
                              </technique>
                            </extra>
                          </node>
                          <node id="GanondorfRig_mElbowRight" name="mElbowRight" sid="mElbowRight" type="JOINT">
                            <matrix sid="transform">1 0 0 0 0 1 0 -0.248 0 0 1 0 0 0 0 1</matrix>
                            <node id="GanondorfRig_R_LOWER_ARM" name="R_LOWER_ARM" sid="R_LOWER_ARM" type="JOINT">
                              <matrix sid="transform">1 0 0 0 0 1 0 -0.1 0 0 1 0 0 0 0 1</matrix>
                              <extra>
                                <technique profile="blender">
                                  <layer sid="layer" type="string">0</layer>
                                  <tip_x sid="tip_x" type="float">0</tip_x>
                                  <tip_y sid="tip_y" type="float">0.02995884</tip_y>
                                  <tip_z sid="tip_z" type="float">0.001570105</tip_z>
                                </technique>
                              </extra>
                            </node>
                            <node id="GanondorfRig_mWristRight" name="mWristRight" sid="mWristRight" type="JOINT">
                              <matrix sid="transform">1 0 0 0 0 1 0 -0.205 0 0 1 0 0 0 0 1</matrix>
                              <node id="GanondorfRig_R_HAND" name="R_HAND" sid="R_HAND" type="JOINT">
                                <matrix sid="transform">0.9999999 7.567e-10 9.31323e-10 0.009999998 -1.41154e-8 0.9999999 -3.72529e-9 -0.05000001 -9.31323e-10 -3.72529e-9 1 0 0 0 0 1</matrix>
                                <extra>
                                  <technique profile="blender">
                                    <layer sid="layer" type="string">0</layer>
                                    <roll sid="roll" type="float">0.004581928</roll>
                                    <tip_x sid="tip_x" type="float">-0.005202293</tip_x>
                                    <tip_y sid="tip_y" type="float">0.02950376</tip_y>
                                    <tip_z sid="tip_z" type="float">0.001570105</tip_z>
                                  </technique>
                                </extra>
                              </node>
                              <node id="GanondorfRig_mHandMiddle1Right" name="mHandMiddle1Right" sid="mHandMiddle1Right" type="JOINT">
                                <matrix sid="transform">1 0 0 0.013 0 1 0 -0.101 0 0 1 0.01499999 0 0 0 1</matrix>
                                <node id="GanondorfRig_mHandMiddle2Right" name="mHandMiddle2Right" sid="mHandMiddle2Right" type="JOINT">
                                  <matrix sid="transform">1 0 0 -0.001 0 1 0 -0.04000002 0 0 1 -0.006000042 0 0 0 1</matrix>
                                  <node id="GanondorfRig_mHandMiddle3Right" name="mHandMiddle3Right" sid="mHandMiddle3Right" type="JOINT">
                                    <matrix sid="transform">1 0 0 -0.001 0 1 0 -0.04899997 0 0 1 -0.008000016 0 0 0 1</matrix>
                                    <extra>
                                      <technique profile="blender">
                                        <layer sid="layer" type="string">0</layer>
                                        <tip_x sid="tip_x" type="float">0</tip_x>
                                        <tip_y sid="tip_y" type="float">0.02999997</tip_y>
                                        <tip_z sid="tip_z" type="float">0</tip_z>
                                      </technique>
                                    </extra>
                                  </node>
                                  <extra>
                                    <technique profile="blender">
                                      <layer sid="layer" type="string">0</layer>
                                      <tip_x sid="tip_x" type="float">0</tip_x>
                                      <tip_y sid="tip_y" type="float">0.02999997</tip_y>
                                      <tip_z sid="tip_z" type="float">0</tip_z>
                                    </technique>
                                  </extra>
                                </node>
                                <extra>
                                  <technique profile="blender">
                                    <layer sid="layer" type="string">0</layer>
                                    <tip_x sid="tip_x" type="float">0</tip_x>
                                    <tip_y sid="tip_y" type="float">0.02999997</tip_y>
                                    <tip_z sid="tip_z" type="float">0</tip_z>
                                  </technique>
                                </extra>
                              </node>
                              <node id="GanondorfRig_mHandIndex1Right" name="mHandIndex1Right" sid="mHandIndex1Right" type="JOINT">
                                <matrix sid="transform">1 0 0 0.038 0 1 0 -0.097 0 0 1 0.01499999 0 0 0 1</matrix>
                                <node id="GanondorfRig_mHandIndex2Right" name="mHandIndex2Right" sid="mHandIndex2Right" type="JOINT">
                                  <matrix sid="transform">1 0 0 0.017 0 1 0 -0.03600001 0 0 1 -0.006000042 0 0 0 1</matrix>
                                  <node id="GanondorfRig_mHandIndex3Right" name="mHandIndex3Right" sid="mHandIndex3Right" type="JOINT">
                                    <matrix sid="transform">1 0 0 0.014 0 1 0 -0.03200001 0 0 1 -0.005999923 0 0 0 1</matrix>
                                    <extra>
                                      <technique profile="blender">
                                        <layer sid="layer" type="string">0</layer>
                                        <tip_x sid="tip_x" type="float">0</tip_x>
                                        <tip_y sid="tip_y" type="float">0.02999997</tip_y>
                                        <tip_z sid="tip_z" type="float">0</tip_z>
                                      </technique>
                                    </extra>
                                  </node>
                                  <extra>
                                    <technique profile="blender">
                                      <layer sid="layer" type="string">0</layer>
                                      <tip_x sid="tip_x" type="float">0</tip_x>
                                      <tip_y sid="tip_y" type="float">0.02999997</tip_y>
                                      <tip_z sid="tip_z" type="float">0</tip_z>
                                    </technique>
                                  </extra>
                                </node>
                                <extra>
                                  <technique profile="blender">
                                    <layer sid="layer" type="string">0</layer>
                                    <tip_x sid="tip_x" type="float">0</tip_x>
                                    <tip_y sid="tip_y" type="float">0.02999997</tip_y>
                                    <tip_z sid="tip_z" type="float">0</tip_z>
                                  </technique>
                                </extra>
                              </node>
                              <node id="GanondorfRig_mHandRing1Right" name="mHandRing1Right" sid="mHandRing1Right" type="JOINT">
                                <matrix sid="transform">1 0 0 -0.01 0 1 0 -0.09900004 0 0 1 0.008999944 0 0 0 1</matrix>
                                <node id="GanondorfRig_mHandRing2Right" name="mHandRing2Right" sid="mHandRing2Right" type="JOINT">
                                  <matrix sid="transform">1 0 0 -0.013 0 1 0 -0.03799999 0 0 1 -0.008000016 0 0 0 1</matrix>
                                  <node id="GanondorfRig_mHandRing3Right" name="mHandRing3Right" sid="mHandRing3Right" type="JOINT">
                                    <matrix sid="transform">1 0 0 -0.013 0 1 0 -0.04000002 0 0 1 -0.008999944 0 0 0 1</matrix>
                                    <extra>
                                      <technique profile="blender">
                                        <layer sid="layer" type="string">0</layer>
                                        <tip_x sid="tip_x" type="float">0</tip_x>
                                        <tip_y sid="tip_y" type="float">0.02999997</tip_y>
                                        <tip_z sid="tip_z" type="float">0</tip_z>
                                      </technique>
                                    </extra>
                                  </node>
                                  <extra>
                                    <technique profile="blender">
                                      <layer sid="layer" type="string">0</layer>
                                      <tip_x sid="tip_x" type="float">0</tip_x>
                                      <tip_y sid="tip_y" type="float">0.02999997</tip_y>
                                      <tip_z sid="tip_z" type="float">0</tip_z>
                                    </technique>
                                  </extra>
                                </node>
                                <extra>
                                  <technique profile="blender">
                                    <layer sid="layer" type="string">0</layer>
                                    <tip_x sid="tip_x" type="float">0</tip_x>
                                    <tip_y sid="tip_y" type="float">0.02999997</tip_y>
                                    <tip_z sid="tip_z" type="float">0</tip_z>
                                  </technique>
                                </extra>
                              </node>
                              <node id="GanondorfRig_mHandPinky1Right" name="mHandPinky1Right" sid="mHandPinky1Right" type="JOINT">
                                <matrix sid="transform">1 0 0 -0.031 0 1 0 -0.09500003 0 0 1 0.003000021 0 0 0 1</matrix>
                                <node id="GanondorfRig_mHandPinky2Right" name="mHandPinky2Right" sid="mHandPinky2Right" type="JOINT">
                                  <matrix sid="transform">1 0 0 -0.024 0 1 0 -0.02499998 0 0 1 -0.006000042 0 0 0 1</matrix>
                                  <node id="GanondorfRig_mHandPinky3Right" name="mHandPinky3Right" sid="mHandPinky3Right" type="JOINT">
                                    <matrix sid="transform">1 0 0 -0.015 0 1 0 -0.01800001 0 0 1 -0.003999949 0 0 0 1</matrix>
                                    <extra>
                                      <technique profile="blender">
                                        <layer sid="layer" type="string">0</layer>
                                        <tip_x sid="tip_x" type="float">0</tip_x>
                                        <tip_y sid="tip_y" type="float">0.02999997</tip_y>
                                        <tip_z sid="tip_z" type="float">0</tip_z>
                                      </technique>
                                    </extra>
                                  </node>
                                  <extra>
                                    <technique profile="blender">
                                      <layer sid="layer" type="string">0</layer>
                                      <tip_x sid="tip_x" type="float">0</tip_x>
                                      <tip_y sid="tip_y" type="float">0.02999997</tip_y>
                                      <tip_z sid="tip_z" type="float">0</tip_z>
                                    </technique>
                                  </extra>
                                </node>
                                <extra>
                                  <technique profile="blender">
                                    <layer sid="layer" type="string">0</layer>
                                    <tip_x sid="tip_x" type="float">0</tip_x>
                                    <tip_y sid="tip_y" type="float">0.02999997</tip_y>
                                    <tip_z sid="tip_z" type="float">0</tip_z>
                                  </technique>
                                </extra>
                              </node>
                              <node id="GanondorfRig_mHandThumb1Right" name="mHandThumb1Right" sid="mHandThumb1Right" type="JOINT">
                                <matrix sid="transform">1 0 0 0.031 0 1 0 -0.02600002 0 0 1 0.003999949 0 0 0 1</matrix>
                                <node id="GanondorfRig_mHandThumb2Right" name="mHandThumb2Right" sid="mHandThumb2Right" type="JOINT">
                                  <matrix sid="transform">1 0 0 0.028 0 1 0 -0.03200001 0 0 1 -9.99928e-4 0 0 0 1</matrix>
                                  <node id="GanondorfRig_mHandThumb3Right" name="mHandThumb3Right" sid="mHandThumb3Right" type="JOINT">
                                    <matrix sid="transform">1 0 0 0.023 0 1 0 -0.03099996 0 0 1 -0.001000047 0 0 0 1</matrix>
                                    <extra>
                                      <technique profile="blender">
                                        <layer sid="layer" type="string">0</layer>
                                        <tip_x sid="tip_x" type="float">0</tip_x>
                                        <tip_y sid="tip_y" type="float">0.02999997</tip_y>
                                        <tip_z sid="tip_z" type="float">0</tip_z>
                                      </technique>
                                    </extra>
                                  </node>
                                  <extra>
                                    <technique profile="blender">
                                      <layer sid="layer" type="string">0</layer>
                                      <tip_x sid="tip_x" type="float">0</tip_x>
                                      <tip_y sid="tip_y" type="float">0.02999997</tip_y>
                                      <tip_z sid="tip_z" type="float">0</tip_z>
                                    </technique>
                                  </extra>
                                </node>
                                <extra>
                                  <technique profile="blender">
                                    <layer sid="layer" type="string">0</layer>
                                    <tip_x sid="tip_x" type="float">0</tip_x>
                                    <tip_y sid="tip_y" type="float">0.02999997</tip_y>
                                    <tip_z sid="tip_z" type="float">0</tip_z>
                                  </technique>
                                </extra>
                              </node>
                              <extra>
                                <technique profile="blender">
                                  <layer sid="layer" type="string">0</layer>
                                  <tip_x sid="tip_x" type="float">0</tip_x>
                                  <tip_y sid="tip_y" type="float">0.02999997</tip_y>
                                  <tip_z sid="tip_z" type="float">0</tip_z>
                                </technique>
                              </extra>
                            </node>
                            <extra>
                              <technique profile="blender">
                                <layer sid="layer" type="string">0</layer>
                                <tip_x sid="tip_x" type="float">0</tip_x>
                                <tip_y sid="tip_y" type="float">0.02999997</tip_y>
                                <tip_z sid="tip_z" type="float">0</tip_z>
                              </technique>
                            </extra>
                          </node>
                          <extra>
                            <technique profile="blender">
                              <layer sid="layer" type="string">0</layer>
                              <tip_x sid="tip_x" type="float">0</tip_x>
                              <tip_y sid="tip_y" type="float">0.02999997</tip_y>
                              <tip_z sid="tip_z" type="float">0</tip_z>
                            </technique>
                          </extra>
                        </node>
                        <extra>
                          <technique profile="blender">
                            <layer sid="layer" type="string">0</layer>
                            <tip_x sid="tip_x" type="float">0</tip_x>
                            <tip_y sid="tip_y" type="float">0.02999997</tip_y>
                            <tip_z sid="tip_z" type="float">0</tip_z>
                          </technique>
                        </extra>
                      </node>
                      <node id="GanondorfRig_mWingsRoot" name="mWingsRoot" sid="mWingsRoot" type="JOINT">
                        <matrix sid="transform">1 0 0 -0.014 0 1 0 0 0 0 1 0 0 0 0 1</matrix>
                        <node id="GanondorfRig_mWing1Left" name="mWing1Left" sid="mWing1Left" type="JOINT">
                          <matrix sid="transform">1 0 0 -0.09900001 0 1 0 0.105 0 0 1 0.181 0 0 0 1</matrix>
                          <node id="GanondorfRig_mWing2Left" name="mWing2Left" sid="mWing2Left" type="JOINT">
                            <matrix sid="transform">1 0 0 -0.168 0 1 0 0.169 0 0 1 0.06700003 0 0 0 1</matrix>
                            <node id="GanondorfRig_mWing3Left" name="mWing3Left" sid="mWing3Left" type="JOINT">
                              <matrix sid="transform">1 0 0 -0.181 0 1 0 0.183 0 0 1 0 0 0 0 1</matrix>
                              <node id="GanondorfRig_mWing4Left" name="mWing4Left" sid="mWing4Left" type="JOINT">
                                <matrix sid="transform">1 0 0 -0.171 0 1 0 0.173 0 0 1 0 0 0 0 1</matrix>
                                <extra>
                                  <technique profile="blender">
                                    <layer sid="layer" type="string">0</layer>
                                    <tip_x sid="tip_x" type="float">0</tip_x>
                                    <tip_y sid="tip_y" type="float">0.02999997</tip_y>
                                    <tip_z sid="tip_z" type="float">0</tip_z>
                                  </technique>
                                </extra>
                              </node>
                              <node id="GanondorfRig_mWing4FanLeft" name="mWing4FanLeft" sid="mWing4FanLeft" type="JOINT">
                                <matrix sid="transform">1 0 0 -0.171 0 1 0 0.173 0 0 1 0 0 0 0 1</matrix>
                                <extra>
                                  <technique profile="blender">
                                    <layer sid="layer" type="string">0</layer>
                                    <tip_x sid="tip_x" type="float">0</tip_x>
                                    <tip_y sid="tip_y" type="float">0.02999997</tip_y>
                                    <tip_z sid="tip_z" type="float">0</tip_z>
                                  </technique>
                                </extra>
                              </node>
                              <extra>
                                <technique profile="blender">
                                  <layer sid="layer" type="string">0</layer>
                                  <tip_x sid="tip_x" type="float">0</tip_x>
                                  <tip_y sid="tip_y" type="float">0.02999997</tip_y>
                                  <tip_z sid="tip_z" type="float">0</tip_z>
                                </technique>
                              </extra>
                            </node>
                            <extra>
                              <technique profile="blender">
                                <layer sid="layer" type="string">0</layer>
                                <tip_x sid="tip_x" type="float">0</tip_x>
                                <tip_y sid="tip_y" type="float">0.02999997</tip_y>
                                <tip_z sid="tip_z" type="float">0</tip_z>
                              </technique>
                            </extra>
                          </node>
                          <extra>
                            <technique profile="blender">
                              <layer sid="layer" type="string">0</layer>
                              <tip_x sid="tip_x" type="float">0</tip_x>
                              <tip_y sid="tip_y" type="float">0.02999997</tip_y>
                              <tip_z sid="tip_z" type="float">0</tip_z>
                            </technique>
                          </extra>
                        </node>
                        <node id="GanondorfRig_mWing1Right" name="mWing1Right" sid="mWing1Right" type="JOINT">
                          <matrix sid="transform">1 0 0 -0.09900001 0 1 0 -0.105 0 0 1 0.181 0 0 0 1</matrix>
                          <node id="GanondorfRig_mWing2Right" name="mWing2Right" sid="mWing2Right" type="JOINT">
                            <matrix sid="transform">1 0 0 -0.168 0 1 0 -0.169 0 0 1 0.06700003 0 0 0 1</matrix>
                            <node id="GanondorfRig_mWing3Right" name="mWing3Right" sid="mWing3Right" type="JOINT">
                              <matrix sid="transform">1 0 0 -0.181 0 1 0 -0.183 0 0 1 0 0 0 0 1</matrix>
                              <node id="GanondorfRig_mWing4Right" name="mWing4Right" sid="mWing4Right" type="JOINT">
                                <matrix sid="transform">1 0 0 -0.171 0 1 0 -0.173 0 0 1 0 0 0 0 1</matrix>
                                <extra>
                                  <technique profile="blender">
                                    <layer sid="layer" type="string">0</layer>
                                    <tip_x sid="tip_x" type="float">0</tip_x>
                                    <tip_y sid="tip_y" type="float">0.02999997</tip_y>
                                    <tip_z sid="tip_z" type="float">0</tip_z>
                                  </technique>
                                </extra>
                              </node>
                              <node id="GanondorfRig_mWing4FanRight" name="mWing4FanRight" sid="mWing4FanRight" type="JOINT">
                                <matrix sid="transform">1 0 0 -0.171 0 1 0 -0.173 0 0 1 0 0 0 0 1</matrix>
                                <extra>
                                  <technique profile="blender">
                                    <layer sid="layer" type="string">0</layer>
                                    <tip_x sid="tip_x" type="float">0</tip_x>
                                    <tip_y sid="tip_y" type="float">0.02999997</tip_y>
                                    <tip_z sid="tip_z" type="float">0</tip_z>
                                  </technique>
                                </extra>
                              </node>
                              <extra>
                                <technique profile="blender">
                                  <layer sid="layer" type="string">0</layer>
                                  <tip_x sid="tip_x" type="float">0</tip_x>
                                  <tip_y sid="tip_y" type="float">0.02999997</tip_y>
                                  <tip_z sid="tip_z" type="float">0</tip_z>
                                </technique>
                              </extra>
                            </node>
                            <extra>
                              <technique profile="blender">
                                <layer sid="layer" type="string">0</layer>
                                <tip_x sid="tip_x" type="float">0</tip_x>
                                <tip_y sid="tip_y" type="float">0.02999997</tip_y>
                                <tip_z sid="tip_z" type="float">0</tip_z>
                              </technique>
                            </extra>
                          </node>
                          <extra>
                            <technique profile="blender">
                              <layer sid="layer" type="string">0</layer>
                              <tip_x sid="tip_x" type="float">0</tip_x>
                              <tip_y sid="tip_y" type="float">0.02999997</tip_y>
                              <tip_z sid="tip_z" type="float">0</tip_z>
                            </technique>
                          </extra>
                        </node>
                        <extra>
                          <technique profile="blender">
                            <layer sid="layer" type="string">0</layer>
                            <tip_x sid="tip_x" type="float">0</tip_x>
                            <tip_y sid="tip_y" type="float">0.02999997</tip_y>
                            <tip_z sid="tip_z" type="float">0</tip_z>
                          </technique>
                        </extra>
                      </node>
                      <extra>
                        <technique profile="blender">
                          <layer sid="layer" type="string">0</layer>
                          <tip_x sid="tip_x" type="float">0</tip_x>
                          <tip_y sid="tip_y" type="float">0.02999997</tip_y>
                          <tip_z sid="tip_z" type="float">0</tip_z>
                        </technique>
                      </extra>
                    </node>
                    <extra>
                      <technique profile="blender">
                        <layer sid="layer" type="string">0</layer>
                        <tip_x sid="tip_x" type="float">0</tip_x>
                        <tip_y sid="tip_y" type="float">0.02999997</tip_y>
                        <tip_z sid="tip_z" type="float">0</tip_z>
                      </technique>
                    </extra>
                  </node>
                  <extra>
                    <technique profile="blender">
                      <layer sid="layer" type="string">0</layer>
                      <tip_x sid="tip_x" type="float">0</tip_x>
                      <tip_y sid="tip_y" type="float">0.02999997</tip_y>
                      <tip_z sid="tip_z" type="float">0</tip_z>
                    </technique>
                  </extra>
                </node>
                <extra>
                  <technique profile="blender">
                    <layer sid="layer" type="string">0</layer>
                    <tip_x sid="tip_x" type="float">0</tip_x>
                    <tip_y sid="tip_y" type="float">0.02999997</tip_y>
                    <tip_z sid="tip_z" type="float">0</tip_z>
                  </technique>
                </extra>
              </node>
              <extra>
                <technique profile="blender">
                  <layer sid="layer" type="string">0</layer>
                  <tip_x sid="tip_x" type="float">0</tip_x>
                  <tip_y sid="tip_y" type="float">0.02999997</tip_y>
                  <tip_z sid="tip_z" type="float">0</tip_z>
                </technique>
              </extra>
            </node>
            <extra>
              <technique profile="blender">
                <layer sid="layer" type="string">0</layer>
                <tip_x sid="tip_x" type="float">0</tip_x>
                <tip_y sid="tip_y" type="float">0.02999997</tip_y>
                <tip_z sid="tip_z" type="float">0</tip_z>
              </technique>
            </extra>
          </node>
          <node id="GanondorfRig_mHipRight" name="mHipRight" sid="mHipRight" type="JOINT">
            <matrix sid="transform">1 0 0 0.034 0 1 0 -0.129 0 0 1 -0.04100001 0 0 0 1</matrix>
            <node id="GanondorfRig_R_UPPER_LEG" name="R_UPPER_LEG" sid="R_UPPER_LEG" type="JOINT">
              <matrix sid="transform">1 0 0 -0.02 0 1 0 0.04999999 0 0 1 -0.22 0 0 0 1</matrix>
              <extra>
                <technique profile="blender">
                  <layer sid="layer" type="string">0</layer>
                  <tip_x sid="tip_x" type="float">0</tip_x>
                  <tip_y sid="tip_y" type="float">0.02999997</tip_y>
                  <tip_z sid="tip_z" type="float">0</tip_z>
                </technique>
              </extra>
            </node>
            <node id="GanondorfRig_mKneeRight" name="mKneeRight" sid="mKneeRight" type="JOINT">
              <matrix sid="transform">1 0 0 -0.001000002 0 1 0 0.04899999 0 0 1 -0.491 0 0 0 1</matrix>
              <node id="GanondorfRig_R_LOWER_LEG" name="R_LOWER_LEG" sid="R_LOWER_LEG" type="JOINT">
                <matrix sid="transform">1 0 0 -0.02 0 1 0 0 0 0 1 -0.2 0 0 0 1</matrix>
                <extra>
                  <technique profile="blender">
                    <layer sid="layer" type="string">0</layer>
                    <tip_x sid="tip_x" type="float">0</tip_x>
                    <tip_y sid="tip_y" type="float">0.02999997</tip_y>
                    <tip_z sid="tip_z" type="float">0</tip_z>
                  </technique>
                </extra>
              </node>
              <node id="GanondorfRig_mAnkleRight" name="mAnkleRight" sid="mAnkleRight" type="JOINT">
                <matrix sid="transform">1 0 0 -0.029 0 1 0 0 0 0 1 -0.468 0 0 0 1</matrix>
                <node id="GanondorfRig_R_FOOT" name="R_FOOT" sid="R_FOOT" type="JOINT">
                  <matrix sid="transform">1 0 1.49012e-8 0.077 0 1 0 0 -1.49012e-8 0 1 -0.041 0 0 0 1</matrix>
                  <extra>
                    <technique profile="blender">
                      <layer sid="layer" type="string">0</layer>
                      <roll sid="roll" type="float">0.1745329</roll>
                      <tip_x sid="tip_x" type="float">0</tip_x>
                      <tip_y sid="tip_y" type="float">0.02999997</tip_y>
                      <tip_z sid="tip_z" type="float">0</tip_z>
                    </technique>
                  </extra>
                </node>
                <node id="GanondorfRig_mFootRight" name="mFootRight" sid="mFootRight" type="JOINT">
                  <matrix sid="transform">1 0 0 0.112 0 1 0 0 0 0 1 -0.061 0 0 0 1</matrix>
                  <node id="GanondorfRig_mToeRight" name="mToeRight" sid="mToeRight" type="JOINT">
                    <matrix sid="transform">1 0 0 0.109 0 1 0 0 0 0 1 0 0 0 0 1</matrix>
                    <extra>
                      <technique profile="blender">
                        <layer sid="layer" type="string">0</layer>
                        <tip_x sid="tip_x" type="float">0</tip_x>
                        <tip_y sid="tip_y" type="float">0.02999997</tip_y>
                        <tip_z sid="tip_z" type="float">0</tip_z>
                      </technique>
                    </extra>
                  </node>
                  <extra>
                    <technique profile="blender">
                      <layer sid="layer" type="string">0</layer>
                      <tip_x sid="tip_x" type="float">0</tip_x>
                      <tip_y sid="tip_y" type="float">0.02999997</tip_y>
                      <tip_z sid="tip_z" type="float">0</tip_z>
                    </technique>
                  </extra>
                </node>
                <extra>
                  <technique profile="blender">
                    <layer sid="layer" type="string">0</layer>
                    <tip_x sid="tip_x" type="float">0</tip_x>
                    <tip_y sid="tip_y" type="float">0.02999997</tip_y>
                    <tip_z sid="tip_z" type="float">0</tip_z>
                  </technique>
                </extra>
              </node>
              <extra>
                <technique profile="blender">
                  <layer sid="layer" type="string">0</layer>
                  <tip_x sid="tip_x" type="float">0</tip_x>
                  <tip_y sid="tip_y" type="float">0.02999997</tip_y>
                  <tip_z sid="tip_z" type="float">0</tip_z>
                </technique>
              </extra>
            </node>
            <extra>
              <technique profile="blender">
                <layer sid="layer" type="string">0</layer>
                <tip_x sid="tip_x" type="float">0</tip_x>
                <tip_y sid="tip_y" type="float">0.02999997</tip_y>
                <tip_z sid="tip_z" type="float">0</tip_z>
              </technique>
            </extra>
          </node>
          <node id="GanondorfRig_mHipLeft" name="mHipLeft" sid="mHipLeft" type="JOINT">
            <matrix sid="transform">1 0 0 0.034 0 1 0 0.127 0 0 1 -0.04100001 0 0 0 1</matrix>
            <node id="GanondorfRig_L_UPPER_LEG" name="L_UPPER_LEG" sid="L_UPPER_LEG" type="JOINT">
              <matrix sid="transform">1 0 0 -0.02 0 1 0 -0.05 0 0 1 -0.22 0 0 0 1</matrix>
              <extra>
                <technique profile="blender">
                  <layer sid="layer" type="string">0</layer>
                  <tip_x sid="tip_x" type="float">0</tip_x>
                  <tip_y sid="tip_y" type="float">0.02999997</tip_y>
                  <tip_z sid="tip_z" type="float">0</tip_z>
                </technique>
              </extra>
            </node>
            <node id="GanondorfRig_mKneeLeft" name="mKneeLeft" sid="mKneeLeft" type="JOINT">
              <matrix sid="transform">1 0 0 -0.001000002 0 1 0 -0.046 0 0 1 -0.491 0 0 0 1</matrix>
              <node id="GanondorfRig_L_LOWER_LEG" name="L_LOWER_LEG" sid="L_LOWER_LEG" type="JOINT">
                <matrix sid="transform">1 0 0 -0.02 0 1 0 0 0 0 1 -0.2 0 0 0 1</matrix>
                <extra>
                  <technique profile="blender">
                    <layer sid="layer" type="string">0</layer>
                    <tip_x sid="tip_x" type="float">0</tip_x>
                    <tip_y sid="tip_y" type="float">0.02999997</tip_y>
                    <tip_z sid="tip_z" type="float">0</tip_z>
                  </technique>
                </extra>
              </node>
              <node id="GanondorfRig_mAnkleLeft" name="mAnkleLeft" sid="mAnkleLeft" type="JOINT">
                <matrix sid="transform">1 0 0 -0.029 0 1 0 0.001000002 0 0 1 -0.468 0 0 0 1</matrix>
                <node id="GanondorfRig_L_FOOT" name="L_FOOT" sid="L_FOOT" type="JOINT">
                  <matrix sid="transform">1 0 1.49012e-8 0.077 0 1 0 0 -1.49012e-8 0 1 -0.041 0 0 0 1</matrix>
                  <extra>
                    <technique profile="blender">
                      <layer sid="layer" type="string">0</layer>
                      <roll sid="roll" type="float">0.1745329</roll>
                      <tip_x sid="tip_x" type="float">0</tip_x>
                      <tip_y sid="tip_y" type="float">0.02999997</tip_y>
                      <tip_z sid="tip_z" type="float">0</tip_z>
                    </technique>
                  </extra>
                </node>
                <node id="GanondorfRig_mFootLeft" name="mFootLeft" sid="mFootLeft" type="JOINT">
                  <matrix sid="transform">1 0 0 0.112 0 1 0 0 0 0 1 -0.061 0 0 0 1</matrix>
                  <node id="GanondorfRig_mToeLeft" name="mToeLeft" sid="mToeLeft" type="JOINT">
                    <matrix sid="transform">1 0 0 0.109 0 1 0 0 0 0 1 0 0 0 0 1</matrix>
                    <extra>
                      <technique profile="blender">
                        <layer sid="layer" type="string">0</layer>
                        <tip_x sid="tip_x" type="float">0</tip_x>
                        <tip_y sid="tip_y" type="float">0.02999997</tip_y>
                        <tip_z sid="tip_z" type="float">0</tip_z>
                      </technique>
                    </extra>
                  </node>
                  <extra>
                    <technique profile="blender">
                      <layer sid="layer" type="string">0</layer>
                      <tip_x sid="tip_x" type="float">0</tip_x>
                      <tip_y sid="tip_y" type="float">0.02999997</tip_y>
                      <tip_z sid="tip_z" type="float">0</tip_z>
                    </technique>
                  </extra>
                </node>
                <extra>
                  <technique profile="blender">
                    <layer sid="layer" type="string">0</layer>
                    <tip_x sid="tip_x" type="float">0</tip_x>
                    <tip_y sid="tip_y" type="float">0.02999997</tip_y>
                    <tip_z sid="tip_z" type="float">0</tip_z>
                  </technique>
                </extra>
              </node>
              <extra>
                <technique profile="blender">
                  <layer sid="layer" type="string">0</layer>
                  <tip_x sid="tip_x" type="float">0</tip_x>
                  <tip_y sid="tip_y" type="float">0.02999997</tip_y>
                  <tip_z sid="tip_z" type="float">0</tip_z>
                </technique>
              </extra>
            </node>
            <extra>
              <technique profile="blender">
                <layer sid="layer" type="string">0</layer>
                <tip_x sid="tip_x" type="float">0</tip_x>
                <tip_y sid="tip_y" type="float">0.02999997</tip_y>
                <tip_z sid="tip_z" type="float">0</tip_z>
              </technique>
            </extra>
          </node>
          <node id="GanondorfRig_mTail1" name="mTail1" sid="mTail1" type="JOINT">
            <matrix sid="transform">1 0 0 -0.116 0 1 0 0 0 0 1 0.04699993 0 0 0 1</matrix>
            <node id="GanondorfRig_mTail2" name="mTail2" sid="mTail2" type="JOINT">
              <matrix sid="transform">1 0 0 -0.197 0 1 0 0 0 0 1 0 0 0 0 1</matrix>
              <node id="GanondorfRig_mTail3" name="mTail3" sid="mTail3" type="JOINT">
                <matrix sid="transform">1 0 0 -0.168 0 1 0 0 0 0 1 0 0 0 0 1</matrix>
                <node id="GanondorfRig_mTail4" name="mTail4" sid="mTail4" type="JOINT">
                  <matrix sid="transform">1 0 0 -0.142 0 1 0 0 0 0 1 0 0 0 0 1</matrix>
                  <node id="GanondorfRig_mTail5" name="mTail5" sid="mTail5" type="JOINT">
                    <matrix sid="transform">1 0 0 -0.112 0 1 0 0 0 0 1 0 0 0 0 1</matrix>
                    <node id="GanondorfRig_mTail6" name="mTail6" sid="mTail6" type="JOINT">
                      <matrix sid="transform">1 0 0 -0.09399998 0 1 0 0 0 0 1 0 0 0 0 1</matrix>
                      <extra>
                        <technique profile="blender">
                          <layer sid="layer" type="string">0</layer>
                          <tip_x sid="tip_x" type="float">0</tip_x>
                          <tip_y sid="tip_y" type="float">0.02999997</tip_y>
                          <tip_z sid="tip_z" type="float">0</tip_z>
                        </technique>
                      </extra>
                    </node>
                    <extra>
                      <technique profile="blender">
                        <layer sid="layer" type="string">0</layer>
                        <tip_x sid="tip_x" type="float">0</tip_x>
                        <tip_y sid="tip_y" type="float">0.02999997</tip_y>
                        <tip_z sid="tip_z" type="float">0</tip_z>
                      </technique>
                    </extra>
                  </node>
                  <extra>
                    <technique profile="blender">
                      <layer sid="layer" type="string">0</layer>
                      <tip_x sid="tip_x" type="float">0</tip_x>
                      <tip_y sid="tip_y" type="float">0.02999997</tip_y>
                      <tip_z sid="tip_z" type="float">0</tip_z>
                    </technique>
                  </extra>
                </node>
                <extra>
                  <technique profile="blender">
                    <layer sid="layer" type="string">0</layer>
                    <tip_x sid="tip_x" type="float">0</tip_x>
                    <tip_y sid="tip_y" type="float">0.02999997</tip_y>
                    <tip_z sid="tip_z" type="float">0</tip_z>
                  </technique>
                </extra>
              </node>
              <extra>
                <technique profile="blender">
                  <layer sid="layer" type="string">0</layer>
                  <tip_x sid="tip_x" type="float">0</tip_x>
                  <tip_y sid="tip_y" type="float">0.02999997</tip_y>
                  <tip_z sid="tip_z" type="float">0</tip_z>
                </technique>
              </extra>
            </node>
            <extra>
              <technique profile="blender">
                <layer sid="layer" type="string">0</layer>
                <tip_x sid="tip_x" type="float">0</tip_x>
                <tip_y sid="tip_y" type="float">0.02999997</tip_y>
                <tip_z sid="tip_z" type="float">0</tip_z>
              </technique>
            </extra>
          </node>
          <node id="GanondorfRig_mGroin" name="mGroin" sid="mGroin" type="JOINT">
            <matrix sid="transform">1 0 0 0.064 0 1 0 0 0 0 1 -0.097 0 0 0 1</matrix>
            <extra>
              <technique profile="blender">
                <layer sid="layer" type="string">0</layer>
                <tip_x sid="tip_x" type="float">0</tip_x>
                <tip_y sid="tip_y" type="float">0.02999997</tip_y>
                <tip_z sid="tip_z" type="float">0</tip_z>
              </technique>
            </extra>
          </node>
          <node id="GanondorfRig_mHindLimbsRoot" name="mHindLimbsRoot" sid="mHindLimbsRoot" type="JOINT">
            <matrix sid="transform">1 0 0 -0.2 0 1 0 0 0 0 1 0.08399999 0 0 0 1</matrix>
            <node id="GanondorfRig_mHindLimb1Left" name="mHindLimb1Left" sid="mHindLimb1Left" type="JOINT">
              <matrix sid="transform">1 0 0 -0.204 0 1 0 0.129 0 0 1 -0.125 0 0 0 1</matrix>
              <node id="GanondorfRig_mHindLimb2Left" name="mHindLimb2Left" sid="mHindLimb2Left" type="JOINT">
                <matrix sid="transform">1 0 0 0.002000004 0 1 0 -0.046 0 0 1 -0.491 0 0 0 1</matrix>
                <node id="GanondorfRig_mHindLimb3Left" name="mHindLimb3Left" sid="mHindLimb3Left" type="JOINT">
                  <matrix sid="transform">1 0 0 -0.03 0 1 0 -0.002999999 0 0 1 -0.468 0 0 0 1</matrix>
                  <node id="GanondorfRig_mHindLimb4Left" name="mHindLimb4Left" sid="mHindLimb4Left" type="JOINT">
                    <matrix sid="transform">1 0 0 0.112 0 1 0 0 0 0 1 -0.061 0 0 0 1</matrix>
                    <extra>
                      <technique profile="blender">
                        <layer sid="layer" type="string">0</layer>
                        <tip_x sid="tip_x" type="float">0</tip_x>
                        <tip_y sid="tip_y" type="float">0.02999997</tip_y>
                        <tip_z sid="tip_z" type="float">0</tip_z>
                      </technique>
                    </extra>
                  </node>
                  <extra>
                    <technique profile="blender">
                      <layer sid="layer" type="string">0</layer>
                      <tip_x sid="tip_x" type="float">0</tip_x>
                      <tip_y sid="tip_y" type="float">0.02999997</tip_y>
                      <tip_z sid="tip_z" type="float">0</tip_z>
                    </technique>
                  </extra>
                </node>
                <extra>
                  <technique profile="blender">
                    <layer sid="layer" type="string">0</layer>
                    <tip_x sid="tip_x" type="float">0</tip_x>
                    <tip_y sid="tip_y" type="float">0.02999997</tip_y>
                    <tip_z sid="tip_z" type="float">0</tip_z>
                  </technique>
                </extra>
              </node>
              <extra>
                <technique profile="blender">
                  <layer sid="layer" type="string">0</layer>
                  <tip_x sid="tip_x" type="float">0</tip_x>
                  <tip_y sid="tip_y" type="float">0.02999997</tip_y>
                  <tip_z sid="tip_z" type="float">0</tip_z>
                </technique>
              </extra>
            </node>
            <node id="GanondorfRig_mHindLimb1Right" name="mHindLimb1Right" sid="mHindLimb1Right" type="JOINT">
              <matrix sid="transform">1 0 0 -0.204 0 1 0 -0.129 0 0 1 -0.125 0 0 0 1</matrix>
              <node id="GanondorfRig_mHindLimb2Right" name="mHindLimb2Right" sid="mHindLimb2Right" type="JOINT">
                <matrix sid="transform">1 0 0 0.002000004 0 1 0 0.046 0 0 1 -0.491 0 0 0 1</matrix>
                <node id="GanondorfRig_mHindLimb3Right" name="mHindLimb3Right" sid="mHindLimb3Right" type="JOINT">
                  <matrix sid="transform">1 0 0 -0.03 0 1 0 0.002999999 0 0 1 -0.468 0 0 0 1</matrix>
                  <node id="GanondorfRig_mHindLimb4Right" name="mHindLimb4Right" sid="mHindLimb4Right" type="JOINT">
                    <matrix sid="transform">1 0 0 0.112 0 1 0 0 0 0 1 -0.061 0 0 0 1</matrix>
                    <extra>
                      <technique profile="blender">
                        <layer sid="layer" type="string">0</layer>
                        <tip_x sid="tip_x" type="float">0</tip_x>
                        <tip_y sid="tip_y" type="float">0.02999997</tip_y>
                        <tip_z sid="tip_z" type="float">0</tip_z>
                      </technique>
                    </extra>
                  </node>
                  <extra>
                    <technique profile="blender">
                      <layer sid="layer" type="string">0</layer>
                      <tip_x sid="tip_x" type="float">0</tip_x>
                      <tip_y sid="tip_y" type="float">0.02999997</tip_y>
                      <tip_z sid="tip_z" type="float">0</tip_z>
                    </technique>
                  </extra>
                </node>
                <extra>
                  <technique profile="blender">
                    <layer sid="layer" type="string">0</layer>
                    <tip_x sid="tip_x" type="float">0</tip_x>
                    <tip_y sid="tip_y" type="float">0.02999997</tip_y>
                    <tip_z sid="tip_z" type="float">0</tip_z>
                  </technique>
                </extra>
              </node>
              <extra>
                <technique profile="blender">
                  <layer sid="layer" type="string">0</layer>
                  <tip_x sid="tip_x" type="float">0</tip_x>
                  <tip_y sid="tip_y" type="float">0.02999997</tip_y>
                  <tip_z sid="tip_z" type="float">0</tip_z>
                </technique>
              </extra>
            </node>
            <extra>
              <technique profile="blender">
                <layer sid="layer" type="string">0</layer>
                <tip_x sid="tip_x" type="float">0</tip_x>
                <tip_y sid="tip_y" type="float">0.02999997</tip_y>
                <tip_z sid="tip_z" type="float">0</tip_z>
              </technique>
            </extra>
          </node>
          <extra>
            <technique profile="blender">
              <layer sid="layer" type="string">0</layer>
              <tip_x sid="tip_x" type="float">0</tip_x>
              <tip_y sid="tip_y" type="float">0.02999997</tip_y>
              <tip_z sid="tip_z" type="float">0</tip_z>
            </technique>
          </extra>
        </node>
        <node id="GanondorfAnkletRight_LOD2" name="GanondorfAnkletRight_LOD2" type="NODE">
          <matrix sid="transform">1 0 0 0 0 1 0 0 0 0 1 0 0 0 0 1</matrix>
          <instance_controller url="#GanondorfRig_GanondorfAnkletRight_LOD2-skin">
            <skeleton>#GanondorfRig_mPelvis</skeleton>
            <bind_material>
              <technique_common>
                <instance_material symbol="LegWrap-material" target="#LegWrap-material">
                  <bind_vertex_input semantic="UVMap" input_semantic="TEXCOORD" input_set="0"/>
                </instance_material>
              </technique_common>
            </bind_material>
          </instance_controller>
        </node>
      </node>
    </visual_scene>
  </library_visual_scenes>
  <scene>
    <instance_visual_scene url="#Scene"/>
  </scene>
</COLLADA>