<?xml version="1.0" encoding="utf-8"?>
<COLLADA xmlns="http://www.collada.org/2005/11/COLLADASchema" version="1.4.1" xmlns:xsi="http://www.w3.org/2001/XMLSchema-instance">
  <asset>
    <contributor>
      <author>Blender User</author>
      <authoring_tool>Blender 3.6.19 commit date:2024-12-16, commit time:12:51, hash:56679ff9b2b2</authoring_tool>
    </contributor>
    <created>2026-07-17T08:40:42</created>
    <modified>2026-07-17T08:40:42</modified>
    <unit name="meter" meter="1"/>
    <up_axis>Z_UP</up_axis>
  </asset>
  <library_effects>
    <effect id="RobeUpper-effect">
      <profile_COMMON>
        <technique sid="common">
          <lambert>
            <emission>
              <color sid="emission">0 0 0 1</color>
            </emission>
            <diffuse>
              <color sid="diffuse">0.12 0.12 0.1 1</color>
            </diffuse>
            <reflectivity>
              <float sid="specular">0.5</float>
            </reflectivity>
          </lambert>
        </technique>
      </profile_COMMON>
    </effect>
    <effect id="RobeLower-effect">
      <profile_COMMON>
        <technique sid="common">
          <lambert>
            <emission>
              <color sid="emission">0 0 0 1</color>
            </emission>
            <diffuse>
              <color sid="diffuse">0.12 0.12 0.1 1</color>
            </diffuse>
            <reflectivity>
              <float sid="specular">0.5</float>
            </reflectivity>
          </lambert>
        </technique>
      </profile_COMMON>
    </effect>
  </library_effects>
  <library_images/>
  <library_materials>
    <material id="RobeUpper-material" name="RobeUpper">
      <instance_effect url="#RobeUpper-effect"/>
    </material>
    <material id="RobeLower-material" name="RobeLower">
      <instance_effect url="#RobeLower-effect"/>
    </material>
  </library_materials>
  <library_geometries>
    <geometry id="GanondorfRobe_LOD0-mesh" name="GanondorfRobe_LOD0">
      <mesh>
        <source id="GanondorfRobe_LOD0-mesh-positions">
          <float_array id="GanondorfRobe_LOD0-mesh-positions-array" count="1371">0.006315648 0.1760704 1.15214 0.02603518 0.1717734 1.140469 0.01573055 -0.1812608 1.217425 -0.1396801 0.0798915 1.198478 0.01825451 0.1836274 1.225935 -0.1807497 0.1004762 1.321223 0.1149647 0.1668017 1.318715 0.1421147 -0.1540024 1.427921 0.04298412 -0.08984607 1.626701 0.003195166 -0.2125766 1.285756 -0.08808207 0.2376368 1.365495 0.04231196 0.08969074 1.626044 0.142841 0.1540774 1.427028 0.02323037 0.2157161 1.311292 -0.1662383 0.2043011 1.363997 -0.1695026 -0.01114094 1.441867 -0.04080277 0.2546284 1.423019 -0.1716646 0.208254 1.455041 0.0488606 0.248305 1.440595 -0.1702303 0.1718122 1.555203 -0.1613633 0.2242712 1.48996 -0.1155907 0.1511307 1.623601 -0.1237893 0.2287557 1.456821 0.0594061 0.2479059 1.469557 -0.1399716 0.2487363 1.574475 0.07561361 0.2669188 1.499065 0.09714722 0.3236646 1.45902 0.0380333 0.5467271 1.444524 -0.1848364 -0.192615 1.433216 0.05006897 -0.246989 1.446651 -0.135776 -0.193178 1.598667 -0.1158222 -0.150723 1.624252 0.06373035 -0.1361285 1.620207 -0.1256141 -0.2301892 1.457501 0.07952624 -0.2342722 1.507566 -0.1394288 -0.4168512 1.45085 0.09714716 -0.3236642 1.45902 -0.08580625 -0.3910346 1.420329 0.03823977 -0.5436607 1.446886 0.06855398 0.1872563 1.296339 -0.1451487 -0.02232253 1.536549 0.1253398 -0.1997281 1.428106 0.1085707 0.1934731 1.353832 -0.1321823 0.1065777 1.623427 -0.1442338 0.2970281 1.566791 0.05656635 0.5048006 1.456542 0.05859071 -0.2547001 1.479649 -0.1307886 -0.3210078 1.45267 0.05725258 -0.505313 1.456526 -0.1395388 -0.02940416 1.142321 0.07525521 0.1559023 1.161584 0.09935349 -0.1532075 1.255424 0.1152028 -0.1668307 1.318997 0.05129951 -0.0509327 1.590058 -0.111733 -0.05941069 1.617532 0.1399721 0.1814115 1.390789 0.1275591 -0.1873301 1.367833 0.1238263 -0.1670003 1.33658 0.109677 0.2059925 1.481586 0.08051675 0.1137387 1.586574 0.09436762 0.1537764 1.522173 -0.08627271 0.3921477 1.419842 -0.06723213 0.2351683 1.62053 -0.1399468 0.3515974 1.564656 0.02473992 0.2511411 1.615628 -0.1387632 0.4685937 1.462585 -0.06383752 0.4391701 1.40862 -0.1298049 -0.2407633 1.427505 -0.1787819 -0.1765353 1.51662 -0.0894168 -0.1975957 1.628351 0.009542882 -0.4241722 1.421537 -0.139564 -0.3516491 1.456915 -0.1403647 -0.351723 1.564532 0.06686979 -0.3652169 1.601572 -0.049842 -0.2159487 1.627788 -0.03853958 -0.4101313 1.412286 -0.1390761 -0.4687787 1.462411 -0.1128953 -0.1285674 1.192067 0.09944105 0.1533102 1.255406 0.0583502 -0.04773074 1.577722 0.05834954 0.04773092 1.577722 -0.1514659 0.3226406 1.508349 0.08360606 0.2657167 1.549193 -0.01161611 0.2929552 1.636515 0.04561692 0.2725974 1.601268 0.06974714 0.2696464 1.577526 -0.01496243 0.2633329 1.623086 -0.08394926 0.5267717 1.41353 0.02696138 0.4703122 1.421209 -0.1083737 0.58024 1.443929 0.1099489 -0.201034 1.487203 0.06726211 -0.07820791 1.579823 -0.08820962 -0.2878494 1.425906 -0.0935871 -0.2805729 1.612076 -0.1053932 -0.3185037 1.613151 0.08142256 -0.2668843 1.520235 -0.144162 -0.2852541 1.473728 0.02692776 -0.2683605 1.610137 -0.1082432 -0.4558838 1.422939 0.1280292 0.1597167 1.469855 0.1337504 -0.1593941 1.450141 -0.0923593 0.3002858 1.618396 0.02182799 -0.1947175 1.634748 0.05026078 -0.4245459 1.45292 0.0275278 -0.1693003 1.139596 -0.1581918 -0.1102963 1.040548 -0.1001244 -0.1319992 1.130032 0.004538714 -0.1688503 1.132121 -0.07439929 0.1434089 1.132315 -0.01103812 0.1638453 1.140055 -0.13387 0.08357059 1.153371 -0.1608966 0.1275117 0.9477604 0.02732872 0.1863808 1.034703 -0.1374316 -0.1608618 0.9550881 0.007140398 -0.228984 0.8828923 -0.02750843 -0.2175742 0.8608327 0.1015614 -0.114578 1.036063 0.03024196 0.02080756 0.8789526 -0.04729551 0.2123126 0.9307305 0.04239571 0.2185923 0.9375899 0.1017593 0.1146981 1.035919 -0.1707711 -0.01753044 1.040023 0.09880846 -0.1197995 1.138821 -0.1506032 0.0926162 1.11248 -0.1538597 -0.08658552 0.8811099 -0.1207881 -0.1539008 0.8490125 0.1096588 -0.1445749 0.9814977 -0.160742 0.06738829 0.8911501 0.007645606 0.01177841 0.8788393 -0.1709351 -0.02618044 1.07931 -0.1440753 0.007131814 0.9753829 0.00755459 -0.007259726 0.8752699 -0.1351565 0.01910406 0.8564076 0.06105947 0.1747838 1.224637 -0.01180666 -0.2652282 1.623783 -0.1724901 0.1303975 1.551853 -0.1507607 -0.02695703 1.19725 0.07013964 0.05080354 1.562866 0.1203389 -0.1513438 1.493165 -0.1824223 0.03842467 1.402152 -0.1729663 -0.1305016 1.551118 -0.1504364 -0.3517269 1.527842 -0.1312634 -0.3738988 1.450533 0.07759016 -0.2374306 1.434711 -0.1240901 -0.2079304 1.302421 -0.1840947 -0.06734621 1.493715 0.1199843 0.1512646 1.493031 -0.1240367 -0.2312411 1.369136 -0.02332079 0.472292 1.405192 0.09381419 -0.1312369 1.539981 -0.1401354 -0.2441325 1.455236 0.08337104 -0.2301359 1.554962 0.008474349 -0.4633849 1.411906 0.09523659 0.1628277 1.282361 -0.1293353 0.2470126 1.470026 0.1092038 -0.1616557 1.30839 -0.1136454 0.4904015 1.422275 0.05707365 -0.2494459 1.466259 -0.1230919 -0.2487084 1.46841 -0.1410776 -0.455603 1.453751 -0.001230895 -0.5824647 1.435984 0.08843964 0.334842 1.450241 0.09509122 -0.1492726 1.213033 0.103528 0.1309471 1.188095 0.03958815 0.07607012 1.619039 0.1240686 0.1670594 1.336553 0.03849303 -0.07716649 1.618871 -0.1686471 -0.1938027 1.350611 -0.2001668 -0.1393437 1.398343 -0.1034979 0.2497684 1.431345 -0.1264244 0.08698791 1.624842 0.09774136 0.1401967 1.196895 -0.1253484 -0.3811973 1.446631 -0.1645708 0.088144 1.583287 -0.1418681 0.2367503 1.441307 0.03885412 0.3292863 1.417351 -0.1121267 -0.2290263 1.458655 -0.1433042 -0.5115805 1.460424 0.06476151 -0.26881 1.582381 0.09485644 0.05533695 1.539929 -0.1232426 0.1424351 1.617515 -0.1606377 -0.2250235 1.48835 -0.04868012 -0.2685072 1.426071 0.0402584 0.1476702 1.638795 0.07852429 0.2124944 1.58559 0.016317 0.2644105 1.447327 -0.1601176 0.02908921 1.508414 0.09165126 -0.2263059 1.49616 -0.1246395 -0.08887958 1.622032 -0.02307003 -0.5557606 1.419193 0.09523642 -0.1628343 1.28237 0.06342411 -0.1960125 1.307626 0.01641762 0.1553484 1.642399 0.100287 -0.3168064 1.562174 0.0929262 -0.3618611 1.572113 -0.1521169 -0.2608214 1.535834 0.02346789 -0.3618788 1.624045 -0.1348106 -0.462162 1.452757 0.07060843 -0.1649939 1.179077 0.1034196 -0.130856 1.188122 0.09777677 -0.1402275 1.196888 -0.1779856 0.1480938 1.32734 0.07141685 0.2403329 1.47255 0.09175205 -0.2306621 1.463458 -0.1560865 -0.2525573 1.509108 -0.127006 -0.5471619 1.445919 0.1500843 -0.1617007 1.375539 0.02136015 -0.252138 1.433946 -0.07546734 0.192151 1.254629 0.1281576 -0.1597464 1.469868 -0.1270384 0.2437748 1.441977 0.06445807 0.1854437 1.618703 -0.1549456 -0.08379817 1.595391 0.04241162 -0.3208726 1.625384 0.03928637 -0.4306764 1.450764 -0.06381809 -0.5126854 1.408182 -0.1101726 -0.07370954 1.626051 -0.1211114 0.3333545 1.60047 -0.059188 0.5922945 1.43397 -0.10637 0.254988 1.60319 -0.00801593 0.1515986 1.642417 0.1094272 0.3628036 1.531353 0.09933811 0.2193107 1.495823 -0.1392902 0.3513918 1.457001 0.04145246 -0.1465337 1.633602 0.1462482 -0.1622585 1.402001 0.1338438 -0.1642283 1.344948 0.05026412 0.05123805 1.590029 0.01776075 0.4261898 1.426075 -0.107473 -0.2510422 1.435001 -0.1541544 0.1841768 1.303438 0.05112403 0.4292455 1.447369 -0.06525349 -0.4348706 1.409657 -0.04901361 0.2681487 1.425982 0.111311 0.07783353 1.522753 -0.04020786 0.3607441 1.631748 -0.04382127 0.3006566 1.409817 -0.04304647 -0.2536365 1.423509 -0.1361197 -0.331829 1.582329 -0.1506379 -0.3298378 1.50708 -0.09411984 0.128593 1.165144 -0.06256258 -0.2175075 1.2962 0.0965994 0.3619797 1.572221 0.1092132 0.1616932 1.308292 0.0466997 0.3047165 1.618233 -0.1014404 0.3550155 1.606808 -0.1439366 0.2845111 1.472959 -0.1692044 -0.2169463 1.406974 -0.1348971 0.1465042 1.243115 0.1080293 -0.1657036 1.515913 -0.1758561 -0.1575177 1.325952 0.08991962 0.1154229 1.545546 -0.1659383 0.2277654 1.500187 -0.16505 -0.2147291 1.543236 0.08252739 -0.2679607 1.556034 -0.1877237 -0.08306813 1.355175 -0.1121147 0.05902856 1.617446 -0.1212917 0.2052382 1.291909 0.0510022 -0.4370812 1.452157 0.0176658 -0.1549647 1.641371 -0.1583713 -0.1232326 1.267769 -0.06394892 -0.5920696 1.434455 0.06995552 -0.05085831 1.562678 0.05951714 0.4637878 1.461356 -0.04071247 0.3677843 1.406669 -0.1430245 0.5125294 1.46039 0.09350007 0.1474818 1.212574 0.07055759 0.08287352 1.573541 -0.03868377 0.1595387 1.644201 -0.1250947 0.5484985 1.447181 -0.1028162 0.2626223 1.43255 -0.007153272 -0.1514558 1.642392 0.13505 0.159645 1.450203 0.09443795 -0.05536299 1.539459 0.08321702 0.2313206 1.541888 -0.1297541 0.39677 1.443506 -0.1337907 0.4622298 1.453524 -0.03632372 -0.159746 1.643045 -0.1141026 -0.576215 1.447459 0.1069078 -0.1920416 1.350834 0.004164159 -0.2390146 1.383867 0.1113057 -0.07782739 1.522749 -0.1212958 0.03421324 1.595229 -0.1385195 0.416399 1.451389 -0.115891 0.5714116 1.448564 -0.1456821 -0.295851 1.565584 0.1442233 0.1606988 1.366261 -0.178996 0.1764027 1.517391 -0.1929082 0.1335233 1.490039 0.09490287 0.2292814 1.444153 -0.1383783 0.2584252 1.464411 0.03307336 0.2851857 1.430453 0.05111551 -0.4292788 1.447348 -0.1336429 -0.2574449 1.458016 -0.1104237 0.07358485 1.626286 -0.1128503 0.1964641 1.619692 0.111503 0.3583529 1.512699 -0.181604 0.079382 1.529059 -0.1812486 -0.09874099 1.551327 -0.1514217 -0.2356874 1.456439 -0.0682674 -0.3268765 1.412122 0.05351704 -0.3336098 1.423415 -0.0515846 -0.3721422 1.408084 0.1319639 0.1649607 1.343271 -0.1578696 0.2277756 1.485588 0.1133098 0.1265787 1.515044 0.06331092 0.420079 1.452834 -0.1270118 0.3175567 1.447713 0.01355856 0.2080456 1.631972 -0.1083217 0.4422174 1.424544 0.08459305 -0.3745054 1.444246 -0.0229243 -0.296642 1.638522 0.1459653 0.1621184 1.400401 -0.1882982 -0.1667072 1.473892 -0.1252281 -0.1534498 1.240426 0.05664795 -0.1849411 1.258944 -0.1405406 0.4551543 1.45419 -0.1324771 -0.3999913 1.44195 0.1126816 -0.1266314 1.514493 -0.02795314 -0.3618215 1.634094 -0.1010288 -0.1888805 1.260306 -0.1500418 -0.1778084 1.289971 -0.1261861 0.00619018 1.589426 -0.199339 -0.09246015 1.440639 -0.1802262 0.2094238 1.415803 -0.2005593 0.1343486 1.390579 0.01729118 0.3623284 1.629022 -0.01902937 0.4196735 1.414915 0.1074857 -0.3254752 1.471895 -0.131507 -0.1119422 1.622612 -0.103268 0.3352896 1.425573 -0.1238162 0.3825901 1.449028 -0.001233696 0.5823026 1.43631 0.08191788 -0.1944656 1.587366 0.08538585 -0.1066811 1.551498 0.0589388 -0.1429636 1.621969 -0.008322477 -0.3273138 1.406225 -0.1067454 -0.266138 1.435609 -0.1410744 -0.2495661 1.57248 -0.198091 0.08581727 1.429221 -0.122289 -0.03208327 1.593972 0.04888159 0.1122109 1.624792 0.01353454 -0.2645662 1.446327 -0.1503301 0.3517729 1.531192 -0.1778389 -0.001574099 1.330004 0.1007333 0.3075382 1.552703 -0.1077417 -0.3414956 1.427184 0.09957498 -0.1908903 1.506683 0.09127068 -0.1977552 1.532993 0.03270429 0.2289194 1.367126 0.07627362 -0.147333 1.119247 -0.1719451 0.08174663 1.010869 -0.152598 0.1307934 1.003007 -0.1029181 0.01287353 0.8581864 0.1094791 -0.1282887 0.9953901 -0.143163 0.09844774 0.8442793 -0.1147891 0.01415687 0.9002269 0.05744308 -0.1807614 1.029159 0.09802037 0.1783978 0.9583122 -0.1357307 6.51606e-4 1.131338 -0.1619946 0.1048205 1.058346 0.07643455 -0.1457917 1.083021 -0.166288 -0.01052838 0.9642184 0.0622726 0.206035 0.9487773 -0.07277834 -0.200277 0.8473573 -0.1104544 0.1556152 1.040815 -0.05702245 0.02369225 0.8699088 -0.1577414 0.00778681 1.041678 -0.119103 -0.1089033 1.156731 -0.1703067 -0.05723917 0.9148702 -0.1657435 0.01538085 1.071228 0.009390473 -0.1687234 1.125844 -0.1668638 0.04230988 1.068408 -0.02736318 0.2178255 0.8609495 -0.1594109 -0.006336271 1.034178 0.06540411 0.1540541 1.119411 -0.1386486 -0.1067309 1.111067 -0.1495717 -7.12393e-4 1.098377 0.01034408 -0.01798421 0.878985 -0.116312 0.1552962 0.8494876 -0.1518132 -0.007663607 0.9747769 -0.1492703 -4.39582e-4 1.006723 -0.007553577 -0.1876075 1.029067 -0.121455 -0.01507133 0.9107259 -0.1441392 -0.01872229 0.8905361 -0.172895 0.0443722 0.9534609 -0.1452846 -0.09632223 0.8440591 -0.05584198 -0.02508848 0.8699802 0.07316845 0.1614786 1.054335 -0.1342124 0.01500314 0.9341334 0.09796446 -0.1784738 0.9582764 -0.1117588 -0.02311778 0.9462758 0.01078301 -5.14796e-5 0.8693222 0.06229251 -0.2059187 0.9487682 -0.1356047 0.1595411 0.9221198 0.1126797 0.1320136 0.9917454 -0.1345924 -0.01885074 0.8565271 -0.1454994 0.01958572 0.8910794 -0.07557874 0.199211 0.8468531 -0.1247864 -0.148441 1.048715 -0.1029517 -0.01248002 0.8582229 -0.1150656 0.02100032 0.9548389 -0.04874753 -0.2114422 0.921176 -0.1535692 -0.1393215 0.9267017 -0.1759763 -0.05116182 0.9725188 0.09551113 -0.1344066 1.158524 0.004657149 -0.1757913 1.152273 -0.05860984 0.1650597 1.196315 0.09878432 0.1197835 1.138827 0.09551435 0.1344094 1.158524 -0.05232632 0.2417526 1.422925 0.06342041 -0.4201904 1.452659 0.0586555 0.1429867 1.621775 0.02506786 0.2531338 1.440174 0.04921406 0.4216685 1.452037 -0.08566313 0.1535122 1.636288 0.07665467 0.2387447 1.501805 -0.1469749 0.3331491 1.553529 0.04980885 0.4350593 1.448601 -0.152437 0.2590203 1.533857 -0.04652011 -0.1704881 1.202097 -0.07873731 -0.2362241 1.423491 0.02109819 0.2520852 1.434026 0.04045772 0.4321144 1.45231 0.06060707 -0.4647417 1.463403 -0.1744782 -0.1834889 1.54326 0.02469921 -0.2540007 1.438538 -0.1083883 -0.2453792 1.60492 0.02349549 -0.2848207 1.425088 -0.1021681 -0.3552803 1.607619 0.06114017 0.1367986 1.618359 0.04883551 -0.1120453 1.624856 0.08453971 0.3745256 1.444335 0.05940449 -0.1818668 1.623897 0.08878052 -0.3345226 1.449909 0.09350508 0.1876474 1.537255 0.05904459 -0.2649686 1.479568 -0.05544531 0.2178171 1.292855 -0.1635958 0.2104036 1.548706 0.1105777 -0.3620913 1.518757 -0.1243172 -0.142571 1.61866 0.1071954 0.3242077 1.469293 0.02357745 0.2253291 0.9019277 0.01782405 0.01992094 0.8819683 0.0303213 -0.01997745 0.8789747 -0.05204939 -0.1497488 1.137388 -0.06329774 -0.02418345 0.9131909 -0.06841516 0.02418494 0.914763 0.007358908 0.2262178 0.8825901 -0.04765009 0.002260208 0.8909394 0.02360659 -0.22514 0.9019163 0.00650388 0.1685197 1.1262 0.04260003 -0.2140367 0.9367104 0.005319356 0.1681887 1.139909 0.06651598 0.3652458 1.602392 0.04450345 -0.4357295 1.448067 0.1023561 0.1897149 1.512292</float_array>
          <technique_common>
            <accessor source="#GanondorfRobe_LOD0-mesh-positions-array" count="457" stride="3">
              <param name="X" type="float"/>
              <param name="Y" type="float"/>
              <param name="Z" type="float"/>
            </accessor>
          </technique_common>
        </source>
        <source id="GanondorfRobe_LOD0-mesh-normals">
          <float_array id="GanondorfRobe_LOD0-mesh-normals-array" count="1371">0.6427173 -0.6539966 -0.3990026 0.009886622 0.8783767 0.477867 0.2803811 -0.9593623 0.03178852 0.3098005 0.1490311 -0.9390493 -0.8060969 0.2500708 -0.5363512 -0.8078966 0.5869506 0.05283939 -0.935515 0.2935781 0.1965292 -0.1158754 0.9797729 0.1631502 -0.1645718 0.949904 -0.2657042 0.2392322 0.9206416 -0.3085244 -0.03721535 0.9259667 -0.3757669 0.09369885 0.9632772 -0.25163 -0.3916611 0.7953059 -0.4626988 -0.5013306 0.8552547 -0.1311765 -0.800185 0.596604 -0.06138211 -0.8408204 0.531108 0.1046205 0.2581233 0.7049248 0.6606462 -0.6899577 0.6673497 -0.2803618 -0.9869904 0.09322303 -0.1309945 -0.8843052 0.2147269 -0.4146043 -0.2365454 0.8123555 -0.5330339 -0.9792397 -0.2021331 0.01522797 -0.9590842 0.04351782 -0.279757 -0.7528303 0.4939061 -0.4350898 -0.7184239 0.4968676 -0.486816 -0.3329464 0.8842297 -0.3275433 -0.4538806 0.8880313 0.07343775 -0.6686093 0.7294288 -0.1445519 -0.2763493 0.9471096 -0.1631392 -0.2859297 0.9366148 -0.2024772 -0.9278903 0.3294248 0.1746394 -0.9191966 0.2713796 -0.2853611 -0.995475 0.004375278 -0.09492295 -0.9659722 -0.08428108 -0.2445291 -0.9831681 0.07559239 -0.1663324 -0.8605575 -0.2664759 -0.4340869 -0.983816 0.08304989 0.1587727 -0.993283 -0.03498274 0.1102957 -0.9803818 0.09737372 0.1713764 -0.9217138 0.06814134 0.3818383 -0.9806376 -0.1951055 0.01685333 -0.9858991 0.09914606 0.134808 -0.7245917 -0.5621464 -0.3986957 -0.9135405 -0.237179 -0.3304392 -0.3592236 -0.7645214 -0.5352248 -0.6780012 -0.4988509 -0.5398725 -0.4009505 -0.8138951 -0.4204921 -0.7677184 -0.5736345 -0.285573 -0.9871308 0.1409495 0.07553905 -0.9348815 0.2851999 0.2113242 -0.9123982 0.1973906 0.3585616 -0.317216 -0.9113211 -0.2624268 0.1392444 -0.9309363 -0.3375923 -0.06404691 -0.9036546 -0.4234458 -0.2757202 -0.8994069 -0.3391838 -0.7228634 -0.5960568 -0.3495494 -0.03751409 -0.8993551 0.4356068 -0.3937749 -0.900213 -0.1858981 -0.7051466 -0.7072244 -0.05100893 -0.885101 -0.4634959 0.04204821 -0.3783282 -0.9256312 0.008647263 -0.8240468 -0.5625593 0.06688797 -0.3397766 -0.8992039 -0.2756522 0.06940621 -0.9649996 -0.2529007 -0.1073405 -0.9742354 -0.1983523 -0.9291586 0.1137657 0.351741 -0.9608621 -0.2473433 0.1247616 -0.8694763 -0.1546092 0.4691556 -0.9569645 -0.2508468 0.1459282 -0.9851727 -0.1292645 -0.1128074 -0.7824618 0.2545504 0.5682937 -0.6635959 0.4116509 0.6246471 -0.9026822 0.1620646 0.3986223 -0.7679679 0.02366399 0.6400511 -0.9298908 -0.2570138 0.2631481 -0.8384707 -0.2051882 0.5048414 -0.6606661 -0.3668982 0.6549091 -0.5821243 0.1047066 0.8063299 -0.5131016 0.2121553 0.8316952 0.8636521 -0.1850179 0.4689067 -0.6783828 0.1544616 0.7182886 -0.4769754 0.181501 0.8599721 -0.87908 0.1536465 0.4512329 -0.1636359 0.05744606 0.9848468 0.6121373 -0.2149358 0.7609801 0.06459313 -0.2240438 0.9724362 0.1046186 -0.04778885 0.9933636 -0.2095027 0.1115133 0.9714285 0.172587 0.2335341 0.9569094 -0.4036695 -0.0317412 0.9143542 -0.5631669 0.0672872 0.8235992 -0.9054362 0.006423473 0.424434 -0.8118031 0.1319923 0.5688179 0.3696191 0.2876292 0.8835448 0.7747173 0.007450401 0.6322638 0.9193917 0.124084 0.3732587 0.6871343 0.1470935 0.7114843 0.9945542 0.10413 -0.004357635 0.9722338 -0.1811466 0.1481464 0.9625005 0.102712 0.2510837 0.8912839 0.4287251 -0.147674 0.4309929 0.9005895 -0.05642569 0.4958478 0.03809505 -0.8675734 0.8316801 -0.3532792 -0.4283716 0.9081171 -0.244967 0.3395801 0.8379973 -0.1076678 0.534947 0.9765984 -0.07588589 0.2012387 0.5643727 -0.2158065 0.7968131 0.9860545 -0.1457743 0.08028972 0.8295283 -0.4847819 -0.2772533 0.5892418 -0.4955416 -0.6381479 0.2749769 0.05329877 0.9599724 0.6246797 -1.49136e-4 0.7808812 0.9160878 -0.1034688 0.3873982 0.6123278 -0.1393104 0.7782336 0.7537647 0.05688858 0.6546776 0.9770559 -0.1463257 0.1547606 0.9383359 0.1990549 0.282671 0.9471265 0.2619227 -0.1853321 0.9024949 -0.4274623 -0.05271703 0.9677549 -0.1735891 0.1825302 0.1880625 -0.2079259 0.9598955 0.04715293 -0.1430706 0.9885886 -0.06008028 -0.1833954 0.9812016 -0.09161502 -0.2353419 0.9675852 -0.3073375 -0.223244 0.9250437 0.831526 0.1320207 0.5395693 -0.5163443 -0.1521544 0.842756 -0.5433629 -0.1610389 0.8239074 -0.4543103 0.07719236 0.8874928 -0.8153623 -0.1454778 0.5603755 -0.9080132 -0.02422904 0.4182404 -0.5364815 0.02083843 0.8436548 -0.8322842 -0.1198532 0.5412378 0.4740348 0.08753299 0.8761445 0.4504498 0.03499621 0.8921157 -0.02147585 0.1995094 0.9796606 -0.06980001 -0.08750945 0.9937153 0.2880063 -0.1638635 0.9435047 0.6642789 -0.0414797 0.7463331 0.9053692 0.1810349 0.3841001 0.8462091 -0.02078783 0.5324454 0.9857304 0.08431798 0.1456922 -0.5170855 -0.205443 0.8309127 -0.9161344 -0.1404198 0.3754733 0.914733 -0.2697252 0.3008519 0.7011314 -0.3021947 0.6458277 0.8373342 -0.4219284 0.3476317 0.6183602 -0.1140985 0.7775682 0.7697939 0.0572862 0.6357166 0.8186097 -0.05639857 0.5715746 0.7250065 0.3131483 0.6134361 0.8231797 0.2257981 0.5209515 0.8815467 -0.002813041 0.4720884 0.8694511 0.07333898 0.488545 0.7933452 0.2572456 0.5517503 0.7203231 0.4608589 0.5184051 0.5692396 -0.8190023 0.07212185 0.2986414 -0.9315104 -0.2076097 0.4036863 -0.9013884 -0.1566411 0.7379856 -0.6415709 0.209199 0.8209922 -0.3212767 0.4719674 0.7510647 0.3852782 0.5361552 0.2960201 -0.001352369 0.9551808 0.5957691 -0.7371343 -0.3188924 -0.02540677 -0.03832209 -0.9989424 0.4211142 -0.8739447 -0.2426593 0.4275454 -0.8496724 -0.3086449 0.4905893 -0.7819243 -0.3845995 0.154489 -0.9500867 -0.2710507 0.5817476 -0.77639 -0.2424632 0.5343834 -0.7015795 -0.471403 0.5546501 -0.6841437 -0.4736145 0.8005493 -0.5963975 0.0585736 0.9079507 -0.3320599 0.2556595 0.9060577 -0.3880949 0.1686472 0.8086418 -0.5697999 -0.1463784 0.6360757 -0.7125413 -0.2961293 0.6554272 -0.6139887 -0.4398103 0.909799 0.1793943 0.3742774 0.7919586 0.1450333 0.5930995 0.8769763 0.4239702 0.2261902 0.8827354 0.02019155 0.4694364 0.8153901 -0.2610027 0.5167365 0.7805837 0.01491665 0.6248733 0.8960165 0.2650437 0.3562394 0.8285456 0.2597742 0.4960136 0.9091987 0.3406651 0.2393848 0.5756422 0.8148352 -0.06840795 0.8238354 0.5582408 -0.09829849 0.5336027 0.7757708 -0.3368202 0.6597165 0.668464 -0.3434096 0.6364988 0.6475447 -0.4189931 0.9005415 0.3783912 0.214115 0.7834571 0.557735 -0.2740927 0.9272863 0.3518052 0.1279577 0.466912 0.821632 -0.326977 0.5795742 0.6654454 -0.4704 0.2265386 0.9309101 -0.2865076 0.264542 0.9476684 -0.1787238 0.7631821 0.5832269 0.278208 0.5241528 0.8510665 -0.03081983 0.1285859 0.3952887 0.9095124 0.8947984 -0.2145317 0.3915507 0.7975749 -0.1146697 0.5922206 0.7589926 -0.1977401 0.620346 0.7707696 -0.3333804 0.5429288 0.8129736 -0.5648811 -0.1413633 0.7586533 -0.6325792 -0.1558493 0.6011725 -0.7940431 -0.0899294 0.4277081 -0.7626211 0.4852576 0.4764848 -0.8616399 -0.1747541 0.7325423 -0.661395 -0.1610546 0.7329866 -0.6416642 -0.225827 0.652135 -0.7439485 -0.1458103 0.5802378 -0.798593 -0.159917 0.6124576 0.7774847 -0.1428748 0.733972 0.6596155 -0.1618416 0.6817472 0.6807622 -0.2679247 0.6294716 0.7646902 -0.1378926 0.4023448 0.8999004 -0.1682204 0.5964933 0.7795823 -0.1909115 0.5951721 0.7739136 -0.216398 0.8121113 0.5782513 -0.07810723 0.3953637 0.738986 0.5455157 -0.1193626 0.9607765 -0.2503222 0.5182365 0.8549348 -0.02275156 -0.5160964 -0.008345007 -0.8564899 -0.5054 -0.1368501 -0.8519643 -0.7427186 -0.07651323 -0.6652178 -0.9914749 0.06671965 0.1119199 -0.9952949 -0.03813928 -0.08907055 -0.8284631 0.07372564 -0.5551699 -0.5244114 0.1505163 -0.8380557 -0.6755232 -0.2192879 -0.7039753 -0.7746165 -0.01437675 -0.6322678 -0.317618 -0.2501475 -0.9146284 0.1432192 -0.2933859 -0.9452053 -0.1966572 -0.1834272 -0.9631617 -0.1668534 -0.1616992 -0.9726322 -0.1380144 0.08438122 -0.9868292 -0.3703454 0.003711581 -0.9288868 0.06829059 -0.03327161 -0.9971106 -0.5239163 0.1402979 -0.8401359 -0.6216362 -0.07656002 -0.7795556 0.3660862 -0.01936119 -0.9303796 0.3853199 0.04368203 -0.9217487 -0.1028466 -0.0755648 -0.9918228 -0.5246652 0.1342198 -0.8406615 -0.2593436 0.1342621 -0.9564072 0.3271116 0.5234323 -0.7867761 0.7171328 0.3600659 -0.5967187 0.6271558 0.5011854 -0.596229 0.4801148 0.00277853 -0.8772013 0.4280028 0.09514141 -0.8987557 0.118138 0.05907058 -0.9912387 0.320067 -0.3493602 -0.8806273 -0.2116892 0.1389723 -0.967406 0.3919191 0.4346299 -0.8108615 0.660139 -0.05590665 -0.74906 0.6825752 0.05554902 -0.7287011 0.8009304 0.03509825 -0.5977279 0.5968115 0.1437865 -0.7893931 0.4816608 -0.151452 -0.8631716 0.4902482 -0.3307508 -0.8063875 -0.7655401 0.1337343 -0.6293358 -0.3593355 0.155548 -0.9201537 0.01513725 0.1590733 -0.9871508 0.8000788 -0.2983975 -0.5204163 0.2929477 -0.7972714 -0.5277689 0.1224077 0.6826819 -0.72039 0.6361172 0.5497522 0.5414126 -0.3922547 0.6767859 -0.6229745 -0.9560434 -0.2788131 -0.09079861 -0.9324189 -0.2568968 0.2541636 -0.9381139 -0.3216724 -0.1283327 -0.7094807 -0.189956 0.6786413 -0.9764999 -0.1632444 0.1407105 -0.894361 -0.01515102 -0.4470895 -0.4891356 -0.07706105 -0.8687968 -0.7424357 0.0360319 -0.6689477 -0.7699025 -0.287851 -0.5695542 -0.0242173 -0.9990987 -0.0348618 -0.6419003 -0.7639159 -0.0663079 -0.9372313 -0.1795601 0.2989245 0.2686954 -0.7534554 0.6000899 -0.7548355 -0.03357613 0.6550542 -0.5397259 -0.2007735 0.8175488 -0.6015994 0.2978687 0.7411832 -0.5805115 0.3663823 0.7271661 -0.678005 0.5761565 0.456457 0.4451425 0.4664432 -0.7643814 0.3872858 0.001912534 -0.9219578 -0.3637031 -0.03217399 -0.9309592 -0.4836797 -0.09668761 -0.8698883 -0.591072 -0.01886349 -0.8063982 -0.5868964 -0.1292532 -0.7992786 0.509625 0.3424027 -0.7893306 0.4728423 0.1307143 -0.8713977 0.3525249 -0.1048495 -0.9299101 0.558136 -0.1478109 -0.816478 -0.05168032 0.06352001 -0.9966416 0.1685496 -0.05875784 -0.9839403 -0.5791195 -0.1770555 -0.7957839 -0.03161716 -0.08923572 -0.9955087 -0.3508282 0.06127381 -0.9344331 0.3619682 -0.5510863 -0.751853 -0.4897138 -0.1206377 -0.863497 0.5255386 0.707505 -0.4724892 -0.9102637 -0.01691073 -0.4136838 -0.8364493 0.1695724 -0.5211505 -0.9793676 0.1705921 0.1083402 -0.9772697 -0.002285063 -0.2119876 -0.1019726 -0.2876881 -0.95228 -0.7184577 -0.1064823 -0.6873719 -0.9937083 0.033261 -0.1069466 -0.8170102 -0.03248947 -0.5757073 -0.9315241 0.1984702 0.3047499 -0.956607 0.05477499 0.2861868 -0.995048 0.06242561 0.07734769 -0.5349696 -0.06978774 -0.8419841 -0.6076107 0.2292807 -0.7604207 -0.2173205 0.7034261 -0.67673 -0.7990064 -0.04844683 -0.5993678 -0.7279352 0.05173885 -0.6836911 -0.5795994 0.05324846 -0.81316 -0.2577723 0.1871829 -0.9479009 -0.5806847 0.1419619 -0.8016558 -0.59243 0.1904379 -0.7827901 -0.4705349 0.2637885 -0.8420288 0.1283432 0.03618586 -0.9910695 -0.1310763 -0.08952575 -0.9873217 0.5181971 0.01063728 -0.8551952 -0.05079048 0.3148584 -0.9477787 0.2052033 0.2316079 -0.9509203 0.7342023 0.06237739 -0.6760593 0.7765593 -0.002000689 -0.6300411 0.669603 -0.1395054 -0.7294999 0.2492635 -0.8569 -0.4512097 0.4524815 0.178566 -0.8737131 -0.07645779 0.2240759 0.9715679 0.1323535 0.1783748 0.9750206 0.4389026 0.1373841 0.8879697 0.02189093 -0.1378819 0.9902067 -0.261094 0.1996534 0.9444408 -0.6792502 -0.4500077 0.5797519 -0.9416301 0.05207961 0.3325965 -0.9307998 -0.04860538 0.3622835 -0.9164444 -0.2875533 0.2782859 0.8051127 -0.2336915 0.5451439 0.7355092 -0.2233771 0.6396319 0.7870432 -0.3670207 0.4958416 0.5027698 -0.1770353 -0.8460976 0.6285325 -0.6545899 -0.4200703 0.8570933 0.4685274 -0.2141799 0.3568775 -0.6192306 0.6994225 0.3107935 -0.5368028 0.784379 0.1887888 0.7890509 0.5846003 0.4290258 -0.0590083 0.9013628 0.3148405 0.4517518 0.834743 0.3450666 -0.04457724 0.9375191 0.2620281 -0.5858128 0.7669191 0.09018301 0.8618324 0.4991111 0.3799511 0.7045962 0.5993174 0.8027596 -0.4968025 0.3297947 0.9452615 -0.2056699 0.2533394 0.900751 -0.3702757 0.2270319 0.4261453 -0.8667227 0.2592144 0.294785 -0.8991203 0.3235499 0.6455501 -0.680292 0.3470848 0.7063188 -0.6988068 0.1130616 -0.09768646 -0.9640221 0.2472223 -0.2411581 -0.9595857 0.1450453 0.05372285 -0.9491815 0.3101103 -0.1831865 -0.9690616 0.1654154 -0.3091036 -0.8441082 0.4381055 0.643993 0.7278438 0.2356195 -0.1407608 0.9897123 0.02561312 0.8527401 0.4639981 0.2398752 -0.3057642 0.9396039 0.1537942 -0.1748455 0.9809342 0.08483624 -0.301705 0.9533395 -0.01086211 -0.1009294 0.9760452 0.1927413 0.0496506 0.9525673 0.3002505 0.4242524 0.829885 0.3623545 0.1410984 0.947162 0.2880546 -0.4527384 0.8781299 -0.1546475 -0.4288698 0.8811902 -0.1989338 -0.07080543 0.9970663 -0.02907818 -0.856324 0.4536056 -0.2468833 -0.825109 0.4663457 -0.318931 -0.5050973 0.8467808 -0.1668508 -0.9518634 0.07464092 -0.2972961 -0.8430874 0.5296064 -0.09338521 -0.9482539 -0.08751374 -0.3052147 -0.9994845 -0.01688146 -0.02730971 0.6530486 0.5469806 0.5237746 -0.9379414 0.3464431 -0.01559144 0.3140904 0.7046314 0.6362718 0.001737773 0.9574381 0.2886334 0.05995154 0.6919589 0.7194434 0.2451179 -0.8221665 0.5137699 0.1775633 0.9609813 -0.2121001 -0.113529 -0.9568202 0.2675935 -0.4778424 -0.8571822 -0.1921079 -0.3046928 -0.9298957 0.2060495 -0.958997 -0.2223966 0.1756832 -0.9863154 -0.01437932 0.1642411 -0.9111593 0.1313042 0.3905739 -0.9797346 -0.1600036 -0.1204953 -0.845824 -0.4699212 -0.2524996 -0.8600762 0.3742674 0.3466885 -0.4449613 -0.8729543 -0.1999004 -0.8283208 -0.4688032 -0.306771 -0.06759965 -0.9975616 -0.01735401 -0.8665494 0.450762 0.2142562 -0.9906207 0.1278889 0.04811555 -0.5122607 0.8235258 0.2437094 -0.9084483 0.4107524 -0.07748585 -0.7772092 0.6142364 0.1366 -0.7156815 0.695806 -0.06044995 -0.8152686 0.5305687 -0.2320215 -0.9566021 -0.003451466 -0.291377 -0.9468244 0.2686247 -0.1770993 -0.5304075 0.845737 -0.05828267 -0.9564735 0.1396508 0.2562347 -0.8953153 -0.4127644 0.1674403 -0.819169 -0.4737174 0.3233484 -0.5520355 -0.7970479 0.244891 -0.4632516 -0.8174836 0.3422261 -0.3136144 -0.9389094 0.1417576 -0.6702677 -0.7389806 0.06818318 -0.3289103 -0.9441531 -0.01982271 -0.5173965 -0.8541254 -0.05263954 -0.7970052 -0.5709307 -0.1970298 -0.8771356 -0.4633204 -0.1263616 -0.968039 -0.1772077 -0.1774768 -0.9485498 0.05147415 0.3124158 -0.4323395 -0.4308133 0.7921379 0.1704852 -0.1362313 0.9758975 0.4262452 -0.03175407 0.9040503 0.3786013 0.05034184 0.9241898 0.08457237 0.09117794 0.9922369 0.9063186 -0.1526879 0.3940473 0.7966701 0.2702209 0.5406454 0.914212 -0.3192791 0.2495544 0.7495251 -0.1307241 0.6489402 0.5617621 0.660727 -0.4978588 0.7198467 0.6759719 -0.1577426 -0.5419179 0.09230363 -0.8353472 -0.5842179 -0.5133652 -0.6286062 0.303434 -0.3168707 -0.8986216 -0.2933961 0.196391 -0.9356011 0.7251545 -0.0494191 0.6868106 0.785879 -0.2183688 0.5785406 0.6080974 0.7192405 0.3360219 0.8369902 0.4445554 0.3190895</float_array>
          <technique_common>
            <accessor source="#GanondorfRobe_LOD0-mesh-normals-array" count="457" stride="3">
              <param name="X" type="float"/>
              <param name="Y" type="float"/>
              <param name="Z" type="float"/>
            </accessor>
          </technique_common>
        </source>
        <source id="GanondorfRobe_LOD0-mesh-map-0">
          <float_array id="GanondorfRobe_LOD0-mesh-map-0-array" count="4344">0.5340001 0.7950001 0.5503757 0.7776498 0.5322431 0.8011919 0.5503757 0.7776498 0.5340001 0.7950001 0.5360001 0.7890001 0.5622305 0.848881 0.5781212 0.8170976 0.6005802 0.8329634 0.5503757 0.7776498 0.5719077 0.7846 0.5322431 0.8011919 0.6109676 0.7057486 0.5719077 0.7846 0.5503757 0.7776498 0.6109676 0.7057486 0.586535 0.6487088 0.6219434 0.6326223 0.6036668 0.5386682 0.6219434 0.6326223 0.586535 0.6487088 0.6109676 0.7057486 0.6219434 0.6326223 0.647049 0.6376329 0.5719077 0.7846 0.6109676 0.7057486 0.6035712 0.7828255 0.6035712 0.7828255 0.6498096 0.744113 0.6292104 0.7841681 0.5781212 0.8170976 0.6292104 0.7841681 0.6005802 0.8329634 0.6035712 0.7828255 0.6292104 0.7841681 0.5781212 0.8170976 0.6035712 0.7828255 0.5781212 0.8170976 0.5561496 0.8117448 0.6498096 0.744113 0.6572032 0.6963519 0.6842554 0.7174077 0.6842554 0.7174077 0.6572032 0.6963519 0.6784053 0.6610645 0.6035712 0.7828255 0.6572032 0.6963519 0.6498096 0.744113 0.6109676 0.7057486 0.647049 0.6376329 0.6572032 0.6963519 0.6403926 0.5885841 0.6219434 0.6326223 0.6036668 0.5386682 0.7254624 0.7154327 0.6842554 0.7174077 0.6983678 0.6375281 0.6983678 0.6375281 0.6842554 0.7174077 0.6784053 0.6610645 0.6572032 0.6963519 0.647049 0.6376329 0.6631238 0.6481792 0.647049 0.6376329 0.6716828 0.5763451 0.6631238 0.6481792 0.622835 0.507367 0.6716828 0.5763451 0.6403926 0.5885841 0.6172609 0.4252819 0.6455383 0.4576734 0.622835 0.507367 0.6172609 0.4252819 0.622835 0.507367 0.5999399 0.4270207 0.5999399 0.4270207 0.622835 0.507367 0.5683701 0.4386784 0.6403926 0.5885841 0.6036668 0.5386682 0.622835 0.507367 0.6851794 0.451635 0.7026928 0.506858 0.6455383 0.4576734 0.6716828 0.5763451 0.6983678 0.6375281 0.6631238 0.6481792 0.7026928 0.506858 0.6983678 0.6375281 0.6716828 0.5763451 0.7572916 0.6406871 0.7832757 0.507434 0.8110173 0.6763781 0.8110173 0.6763781 0.7832757 0.507434 0.827909 0.5966265 0.7026928 0.506858 0.6851794 0.451635 0.7466704 0.4451751 0.7832757 0.507434 0.7026928 0.506858 0.7466704 0.4451751 0.7026928 0.506858 0.7832757 0.507434 0.6983678 0.6375281 0.7794329 0.4426183 0.7832757 0.507434 0.7466704 0.4451751 0.6005802 0.8329634 0.6546539 0.8048003 0.6204317 0.8510285 0.6498096 0.744113 0.6546539 0.8048003 0.6292104 0.7841681 0.6842554 0.7174077 0.6546539 0.8048003 0.6498096 0.744113 0.7012662 0.7507437 0.6546539 0.8048003 0.6842554 0.7174077 0.7254624 0.7154327 0.7012662 0.7507437 0.6842554 0.7174077 0.8110173 0.6763781 0.7695235 0.7606785 0.7572916 0.6406871 0.8449762 0.5721275 0.827909 0.5966265 0.7832757 0.507434 0.827909 0.5966265 0.8400073 0.6628144 0.8110173 0.6763781 0.827909 0.5966265 0.8449762 0.5721275 0.8654493 0.5973355 0.8654493 0.5973355 0.8515742 0.6345716 0.827909 0.5966265 0.8718216 0.6487749 0.8533903 0.6850631 0.8515742 0.6345716 0.8515742 0.6345716 0.8533903 0.6850631 0.8400073 0.6628144 0.8173754 0.7594172 0.7695235 0.7606785 0.8110173 0.6763781 0.8173754 0.7594172 0.8159158 0.8019124 0.7695235 0.7606785 0.7695235 0.7606785 0.8159158 0.8019124 0.7809176 0.8688284 0.8718216 0.6487749 0.8828278 0.7040622 0.8533903 0.6850631 0.9100113 0.6180471 0.8872805 0.6390522 0.8654493 0.5973355 0.9100113 0.6180471 0.8654493 0.5973355 0.89107 0.508584 0.8449762 0.5721275 0.8489394 0.5088601 0.8654493 0.5973355 0.8654493 0.5973355 0.8489394 0.5088601 0.89107 0.508584 0.9602927 0.7777529 0.8828278 0.7040622 0.8872805 0.6390522 0.9069504 0.7666722 0.8828278 0.7040622 0.9602927 0.7777529 0.8828278 0.7040622 0.9069504 0.7666722 0.8687977 0.7385297 0.8687977 0.7385297 0.9069504 0.7666722 0.8637642 0.7589303 0.8489394 0.5088601 0.9082984 0.4404542 0.89107 0.508584 0.8449762 0.5721275 0.7832757 0.507434 0.8489394 0.5088601 0.7832757 0.507434 0.8525313 0.4487377 0.8489394 0.5088601 0.944 0.438 0.89107 0.508584 0.9082984 0.4404542 0.9110658 0.5214682 0.89107 0.508584 0.9339352 0.4564522 0.8545812 0.8442249 0.9165877 0.8359919 0.8936426 0.8497233 0.8694558 0.7957202 0.9165877 0.8359919 0.8545812 0.8442249 0.8173754 0.7594172 0.8694558 0.7957202 0.8159158 0.8019124 0.8306159 0.730259 0.8694558 0.7957202 0.8173754 0.7594172 0.7809176 0.8688284 0.8401911 0.8857079 0.8161497 0.9452758 0.8159158 0.8019124 0.8545812 0.8442249 0.8401911 0.8857079 0.8306159 0.730259 0.8110173 0.6763781 0.8400073 0.6628144 0.8306159 0.730259 0.8533903 0.6850631 0.8637642 0.7589303 0.8637642 0.7589303 0.8533903 0.6850631 0.8687977 0.7385297 0.5883188 0.8603915 0.6204317 0.8510285 0.6450943 0.9088335 0.6546539 0.8048003 0.6803332 0.8278774 0.6676093 0.8693514 0.6658806 0.9137731 0.6450943 0.9088335 0.6676093 0.8693514 0.585 0.913 0.5823803 0.9008902 0.5971321 0.9113199 0.5823803 0.9008902 0.6450943 0.9088335 0.5971321 0.9113199 0.6005802 0.8329634 0.5883188 0.8603915 0.5622305 0.848881 0.2384362 0.2392836 0.2655524 0.2552613 0.265 0.234 0.2655524 0.2552613 0.2384362 0.2392836 0.2718719 0.2837637 0.1506314 0.3245599 0.206072 0.2897546 0.156283 0.2860996 0.1205784 0.2597745 0.09223407 0.3081391 0.2060901 0.2543588 0.2060901 0.2543588 0.1335766 0.2406369 0.1205784 0.2597745 0.1335766 0.2406369 0.2384362 0.2392836 0.1808671 0.222158 0.1808671 0.222158 0.1208859 0.2270339 0.1335766 0.2406369 0.09223407 0.3081391 0.1283025 0.3153437 0.156283 0.2860996 0.1331462 0.3419344 0.1506314 0.3245599 0.1283025 0.3153437 0.1283025 0.3153437 0.1506314 0.3245599 0.156283 0.2860996 0.08605295 0.3513669 0.1331462 0.3419344 0.06987065 0.3429777 0.08605295 0.3513669 0.1012943 0.3595088 0.1349521 0.3486892 0.1012943 0.3595088 0.08605295 0.3513669 0.06799995 0.367 0.1020358 0.3685592 0.08141732 0.3842446 0.122 0.367 0.1012943 0.3595088 0.1439247 0.3557239 0.1349521 0.3486892 0.1020358 0.3685592 0.1439247 0.3557239 0.1012943 0.3595088 0.1331462 0.3419344 0.2117395 0.3314437 0.1506314 0.3245599 0.2711194 0.3205777 0.2117395 0.3314437 0.2865365 0.3290122 0.1506314 0.3245599 0.2711194 0.3205777 0.213163 0.3112369 0.2865365 0.3290122 0.2117395 0.3314437 0.2781184 0.3334163 0.1439247 0.3557239 0.2338531 0.3475558 0.1349521 0.3486892 0.2338531 0.3475558 0.1439247 0.3557239 0.198 0.351 0.122 0.367 0.1439247 0.3557239 0.1020358 0.3685592 0.2703076 0.3005554 0.213163 0.3112369 0.2813375 0.3118634 0.156283 0.2860996 0.206072 0.2897546 0.2060901 0.2543588 0.07368099 0.3531792 0.06725001 0.3396251 0.1289363 0.3392961 0.1289363 0.3392961 0.1020659 0.3553893 0.07368099 0.3531792 0.1289363 0.3392961 0.1362697 0.3474863 0.1020659 0.3553893 0.1362551 0.3541083 0.096013 0.3704928 0.1362697 0.3474863 0.096013 0.3704928 0.1020659 0.3553893 0.1362697 0.3474863 0.1020659 0.3553893 0.096013 0.3704928 0.07216483 0.3665016 0.08075267 0.314673 0.05030077 0.3035355 0.05508744 0.2818085 0.1047735 0.2708435 0.05508744 0.2818085 0.08341604 0.2539463 0.04154938 0.3555495 0.06725001 0.3396251 0.07368099 0.3531792 0.08341604 0.2539463 0.05508744 0.2818085 0.06106227 0.2419507 0.08341604 0.2539463 0.1194664 0.2407181 0.1047735 0.2708435 0.08075267 0.314673 0.1047735 0.2708435 0.1746574 0.2487023 0.1194664 0.2407181 0.1242011 0.226588 0.1746574 0.2487023 0.1242011 0.226588 0.1677973 0.223055 0.1746574 0.2487023 0.2190938 0.2466884 0.1677973 0.223055 0.2406802 0.2342703 0.2320286 0.3080397 0.1522188 0.3145979 0.2089257 0.2853228 0.2320286 0.3080397 0.2610232 0.2847521 0.2738697 0.301309 0.2838525 0.3129046 0.2247272 0.3283775 0.2320286 0.3080397 0.2247272 0.3283775 0.271129 0.3204246 0.2814024 0.3317747 0.271129 0.3204246 0.2247272 0.3283775 0.2838525 0.3129046 0.2655767 0.2551954 0.2406802 0.2342703 0.265 0.234 0.2190938 0.2466884 0.2610232 0.2847521 0.2089257 0.2853228 0.2190938 0.2466884 0.2089257 0.2853228 0.1746574 0.2487023 0.1229224 0.7899301 0.1214709 0.8462546 0.104017 0.8187983 0.1730349 0.8521464 0.1907582 0.8637816 0.1407639 0.8457949 0.190789 0.8888384 0.1610938 0.9002775 0.1907582 0.8637816 0.1407639 0.8457949 0.1259031 0.8735577 0.1214709 0.8462546 0.1259031 0.8735577 0.1907582 0.8637816 0.1377649 0.8824082 0.1377649 0.8824082 0.1907582 0.8637816 0.1610938 0.9002775 0.1987985 0.924302 0.1801483 0.9376764 0.1610938 0.9002775 0.08359247 0.8107731 0.06028646 0.8089569 0.07945919 0.7607975 0.08150643 0.8408503 0.104017 0.8187983 0.102439 0.8488773 0.102439 0.8488773 0.104017 0.8187983 0.1214709 0.8462546 0.1032729 0.921621 0.1377649 0.8824082 0.1610938 0.9002775 0.1259031 0.8735577 0.09174907 0.8955693 0.08739614 0.869002 0.102439 0.8488773 0.1259031 0.8735577 0.08739614 0.869002 0.102439 0.8488773 0.08739614 0.869002 0.08150643 0.8408503 0.08150643 0.8408503 0.06028646 0.8089569 0.08359247 0.8107731 0.1032729 0.921621 0.1593729 0.9308975 0.1272655 0.9287179 0.06028646 0.8089569 0.05893594 0.8355932 0.02847445 0.803603 0.05893594 0.8355932 0.08150643 0.8408503 0.06220501 0.8475401 0.08150643 0.8408503 0.05893594 0.8355932 0.06028646 0.8089569 0.08739614 0.869002 0.06220501 0.8475401 0.08150643 0.8408503 0.07131028 0.6337242 0.1015341 0.5688334 0.09618222 0.6286578 0.07945919 0.7607975 0.09618222 0.6286578 0.09542739 0.6823074 0.06041657 0.7179065 0.07945919 0.7607975 0.06028646 0.8089569 0.09618222 0.6286578 0.07945919 0.7607975 0.06041657 0.7179065 0.09618222 0.6286578 0.1190606 0.5936847 0.1224945 0.6292218 0.09618222 0.6286578 0.1224945 0.6292218 0.1158525 0.6410819 0.07945919 0.7607975 0.1017124 0.7496094 0.08359247 0.8107731 0.08359247 0.8107731 0.1017124 0.7496094 0.104017 0.8187983 0.1244814 0.7526098 0.1017124 0.7496094 0.1200628 0.7300079 0.1017124 0.7496094 0.1224633 0.7107936 0.1200628 0.7300079 0.1060965 0.7096063 0.1224633 0.7107936 0.1017124 0.7496094 0.1060965 0.7096063 0.1168465 0.6957296 0.1224633 0.7107936 0.4075703 0.8479779 0.3701868 0.8457962 0.4083757 0.8087834 0.3730889 0.8780984 0.3701868 0.8457962 0.4075703 0.8479779 0.3730889 0.8780984 0.3577045 0.8950974 0.3701868 0.8457962 0.3380199 0.8521525 0.3701868 0.8457962 0.3577045 0.8950974 0.3873425 0.7899631 0.4083757 0.8087834 0.3794245 0.8218654 0.3899441 0.7700581 0.4083757 0.8087834 0.3873425 0.7899631 0.4257085 0.7785056 0.4083757 0.8087834 0.3989759 0.7243217 0.4128721 0.687661 0.3941863 0.694055 0.3999737 0.6779526 0.3899441 0.7700581 0.3864511 0.7518857 0.3989759 0.7243217 0.3989759 0.7243217 0.4128721 0.687661 0.4257085 0.7785056 0.4128721 0.687661 0.3989759 0.7243217 0.3895871 0.7073945 0.3989759 0.7243217 0.3899847 0.7285681 0.3895871 0.7073945 0.406628 0.606205 0.4128721 0.687661 0.3947442 0.6408389 0.4128721 0.687661 0.3999737 0.6779526 0.3947442 0.6408389 0.4332289 0.6329785 0.4128721 0.687661 0.406628 0.606205 0.420613 0.5263401 0.4332289 0.6329785 0.406628 0.606205 0.4404976 0.6988907 0.4332289 0.6329785 0.4521281 0.6986612 0.455 0.709 0.4404976 0.6988907 0.4521281 0.6986612 0.4504444 0.8045701 0.4257085 0.7785056 0.4128721 0.687661 0.4504444 0.8045701 0.4404976 0.6988907 0.4689627 0.7738814 0.4222462 0.8405038 0.4419783 0.8281943 0.4458667 0.8479307 0.4195703 0.8711491 0.4222462 0.8405038 0.4458667 0.8479307 0.4075703 0.8479779 0.4195703 0.8711491 0.3988063 0.8683542 0.3882957 0.9053236 0.4072825 0.9216873 0.3832806 0.9287415 0.417 0.911 0.3882957 0.9053236 0.4260001 0.8960002 0.442 0.8665001 0.4195703 0.8711491 0.4458667 0.8479307 0.4458667 0.8479307 0.4419783 0.8281943 0.4510371 0.8358021 0.4510371 0.8358021 0.4504444 0.8045701 0.4842835 0.8011555 0.3832806 0.9287415 0.3511637 0.9308524 0.3882957 0.9053236 0.1190606 0.5936847 0.09618222 0.6286578 0.1015341 0.5688334 0.106023 0.4027866 0.09681707 0.4209195 0.06560689 0.4045718 0.05667209 0.4072915 0.06560689 0.4045718 0.05854684 0.4369733 0.09681707 0.4209195 0.08728224 0.4465855 0.06560689 0.4045718 0.08728224 0.4465855 0.1201805 0.4598171 0.1124308 0.4679086 0.1015341 0.5688334 0.11668 0.4954089 0.1311969 0.5705821 0.1015341 0.5688334 0.09108096 0.5674134 0.08871293 0.5192928 0.08871293 0.5192928 0.05854684 0.4369733 0.08728224 0.4465855 0.426082 0.4309484 0.3904435 0.4598131 0.4132066 0.4209205 0.393854 0.493767 0.4079879 0.5254031 0.3797866 0.5705943 0.3919029 0.5936651 0.3797866 0.5705943 0.406628 0.606205 0.4132066 0.4209205 0.4018853 0.4024304 0.426082 0.4309484 0.4543485 0.4081987 0.4494154 0.4411158 0.4449272 0.4131729 0.5244957 0.1442987 0.6098837 0.150412 0.5317338 0.1649119 0.3835613 0.1703844 0.3475226 0.1663789 0.3960554 0.1524348 0.4650201 0.1529024 0.5070059 0.1613281 0.4766808 0.1598124 0.6503503 0.1489752 0.6097595 0.1192567 0.6738862 0.132948 0.6503503 0.1489752 0.5631296 0.1310989 0.6097595 0.1192567 0.6098837 0.150412 0.5244957 0.1442987 0.5631296 0.1310989 0.5244957 0.1442987 0.500211 0.1313754 0.5631296 0.1310989 0.500211 0.1313754 0.4473835 0.1342716 0.4685322 0.1196994 0.4650201 0.1529024 0.4473835 0.1342716 0.500211 0.1313754 0.4650201 0.1529024 0.4499832 0.1506558 0.4473835 0.1342716 0.4473835 0.1342716 0.4499832 0.1506558 0.4321212 0.1526141 0.4813124 0.1065057 0.5336683 0.1081734 0.500211 0.1313754 0.500211 0.1313754 0.4685322 0.1196994 0.4813124 0.1065057 0.4473835 0.1342716 0.4146562 0.1204638 0.4685322 0.1196994 0.4146562 0.1204638 0.3825446 0.1377015 0.3567552 0.1228085 0.4473835 0.1342716 0.3825446 0.1377015 0.4146562 0.1204638 0.4321212 0.1526141 0.3825446 0.1377015 0.4473835 0.1342716 0.3086699 0.0876494 0.2805544 0.05764693 0.32 0.06299996 0.2805544 0.05764693 0.3086699 0.0876494 0.2656758 0.07991045 0.3626226 0.08319818 0.3086699 0.0876494 0.32 0.06299996 0.3086699 0.0876494 0.3626226 0.08319818 0.3569516 0.104707 0.3567552 0.1228085 0.3569516 0.104707 0.4146562 0.1204638 0.4813124 0.1065057 0.4146562 0.1204638 0.3626226 0.08319818 0.4685322 0.1196994 0.4146562 0.1204638 0.4813124 0.1065057 0.4634398 0.09394395 0.4849165 0.09631919 0.4813124 0.1065057 0.5336683 0.1081734 0.4849165 0.09631919 0.491037 0.08602762 0.5614571 0.08588111 0.5090228 0.09221684 0.5264491 0.08600002 0.3605657 0.06750726 0.3626226 0.08319818 0.32 0.06299996 0.4141859 0.07851588 0.3626226 0.08319818 0.3605657 0.06750726 0.4813124 0.1065057 0.4537687 0.08843129 0.4634398 0.09394395 0.3960554 0.1524348 0.3395954 0.1449212 0.3825446 0.1377015 0.3032318 0.1267462 0.3569516 0.104707 0.3567552 0.1228085 0.2471433 0.113496 0.3569516 0.104707 0.3032318 0.1267462 0.2656758 0.07991045 0.3086699 0.0876494 0.2471433 0.113496 0.2805544 0.05764693 0.2656758 0.07991045 0.2374548 0.04851257 0.2038313 0.09072792 0.2656758 0.07991045 0.2471433 0.113496 0.2038313 0.09072792 0.2059799 0.1360852 0.202 0.11 0.199 0.142 0.2059799 0.1360852 0.197999 0.15151 0.2415245 0.1714159 0.2080636 0.1862925 0.195977 0.1751416 0.2080636 0.1862925 0.2413861 0.1971108 0.2020522 0.1975817 0.2660684 0.1817147 0.2413861 0.1971108 0.2080636 0.1862925 0.2415245 0.1714159 0.2885313 0.1555878 0.2660684 0.1817147 0.3395954 0.1449212 0.2885313 0.1555878 0.3032318 0.1267462 0.3032318 0.1267462 0.3567552 0.1228085 0.3395954 0.1449212 0.2413861 0.1971108 0.2660684 0.1817147 0.3099705 0.1870411 0.2059799 0.1360852 0.2471433 0.113496 0.2513925 0.1371126 0.195977 0.1751416 0.2151712 0.1559842 0.2415245 0.1714159 0.2415245 0.1714159 0.2151712 0.1559842 0.2435922 0.1523113 0.2885313 0.1555878 0.2415245 0.1714159 0.2435922 0.1523113 0.2885313 0.1555878 0.2513925 0.1371126 0.3032318 0.1267462 0.3835613 0.1703844 0.3494716 0.1849824 0.3475226 0.1663789 0.3854127 0.1786457 0.3494716 0.1849824 0.3835613 0.1703844 0.2660684 0.1817147 0.3475226 0.1663789 0.3099705 0.1870411 0.9462491 0.7924238 0.9139514 0.7956209 0.9069504 0.7666722 0.9165877 0.8359919 0.9507473 0.8467835 0.9297705 0.855181 0.9507473 0.8467835 0.9588417 0.8104596 0.979949 0.8010403 0.9462491 0.7924238 0.9602927 0.7777529 0.979949 0.8010403 0.9069504 0.7666722 0.9602927 0.7777529 0.9462491 0.7924238 0.8872805 0.6390522 0.9100113 0.6180471 0.9345001 0.6780001 0.9602927 0.7777529 0.9785001 0.7950001 0.979949 0.8010403 0.9785001 0.7950001 0.9602927 0.7777529 0.9770001 0.7890001 0.9069504 0.7666722 0.9139514 0.7956209 0.8637642 0.7589303 0.8637642 0.7589303 0.9139514 0.7956209 0.8694558 0.7957202 0.8694558 0.7957202 0.9139514 0.7956209 0.9165877 0.8359919 0.9165877 0.8359919 0.9139514 0.7956209 0.9507473 0.8467835 0.9430001 0.8710001 0.9297705 0.855181 0.9507473 0.8467835 0.9308201 0.8919835 0.9297705 0.855181 0.9430001 0.8710001 0.8545812 0.8442249 0.8936426 0.8497233 0.8723027 0.908874 0.8723027 0.908874 0.8936426 0.8497233 0.9297705 0.855181 0.9308201 0.8919835 0.8723027 0.908874 0.9297705 0.855181 0.9145529 0.9112866 0.8723027 0.908874 0.9308201 0.8919835 0.8401911 0.8857079 0.8496299 0.9131444 0.8397755 0.9288575 0.8401911 0.8857079 0.8723027 0.908874 0.8496299 0.9131444 0.4830737 0.09532934 0.4634241 0.09392678 0.4773436 0.1023266 0.4571092 0.1343994 0.4634914 0.1531636 0.4771153 0.1591067 0.4571092 0.1343994 0.4487658 0.1508387 0.4634914 0.1531636 0.4773436 0.1023266 0.4537696 0.0884329 0.4141306 0.07852447 0.361445 0.08928358 0.4773436 0.1023266 0.4141306 0.07852447 0.361445 0.08928358 0.4141306 0.07852447 0.3611226 0.06756919 0.361445 0.08928358 0.3611226 0.06756919 0.32 0.06299996 0.4125316 0.1165146 0.4571092 0.1343994 0.4783517 0.1140908 0.4773436 0.1023266 0.4125316 0.1165146 0.4783517 0.1140908 0.1981565 0.1500132 0.2105304 0.1517074 0.2026044 0.1268197 0.2483299 0.1139992 0.2026044 0.1268197 0.2400199 0.1383538 0.2621356 0.07791972 0.2018702 0.1101704 0.2483299 0.1139992 0.2723662 0.05437457 0.3077392 0.08388268 0.32 0.06299996 0.3077392 0.08388268 0.361445 0.08928358 0.32 0.06299996 0.4125316 0.1165146 0.3727992 0.1356352 0.4571092 0.1343994 0.2030922 0.09088742 0.2621356 0.07791972 0.2021785 0.04381304 0.3727992 0.1356352 0.4487658 0.1508387 0.4571092 0.1343994 0.287726 0.1546016 0.2437005 0.1550937 0.2574607 0.1793732 0.2437005 0.1550937 0.210901 0.1725625 0.2574607 0.1793732 0.3255969 0.1126965 0.2621356 0.07791972 0.2483299 0.1139992 0.361445 0.08928358 0.3077392 0.08388268 0.3255969 0.1126965 0.2400199 0.1383538 0.287726 0.1546016 0.3382397 0.1435818 0.2437005 0.1550937 0.287726 0.1546016 0.2400199 0.1383538 0.3382397 0.1435818 0.2483299 0.1139992 0.2400199 0.1383538 0.3255969 0.1126965 0.2483299 0.1139992 0.3382397 0.1435818 0.3382397 0.1435818 0.3727992 0.1356352 0.3255969 0.1126965 0.3361948 0.1671693 0.3960927 0.152377 0.3382397 0.1435818 0.3382397 0.1435818 0.3960927 0.152377 0.3727992 0.1356352 0.2574607 0.1793732 0.3361948 0.1671693 0.287726 0.1546016 0.3361948 0.1671693 0.2574607 0.1793732 0.3108093 0.1886406 0.3108093 0.1886406 0.2574607 0.1793732 0.2393956 0.1965585 0.1981565 0.1500132 0.210901 0.1725625 0.2105304 0.1517074 0.1915345 0.1919223 0.204632 0.188932 0.19299 0.1780426 0.204632 0.188932 0.210901 0.1725625 0.19299 0.1780426 0.2574607 0.1793732 0.204632 0.188932 0.2393956 0.1965585 0.3361948 0.1671693 0.3108093 0.1886406 0.3543602 0.1785728 0.3854025 0.1787286 0.3543602 0.1785728 0.3546265 0.1862316 0.3361948 0.1671693 0.3814169 0.1711146 0.3960927 0.152377 0.3543602 0.1785728 0.3814169 0.1711146 0.3361948 0.1671693 0.5026844 0.1457964 0.5065495 0.1612151 0.5118639 0.1548365 0.5026844 0.1457964 0.5118639 0.1548365 0.5309645 0.1651142 0.5750781 0.1623139 0.5494122 0.1449238 0.5309645 0.1651142 0.5855141 0.1369425 0.5494122 0.1449238 0.5750781 0.1623139 0.5855141 0.1369425 0.5750781 0.1623139 0.6113317 0.1501135 0.5855141 0.1369425 0.647179 0.1509444 0.6548415 0.1459413 0.5494122 0.1449238 0.5855141 0.1369425 0.5350275 0.1190578 0.5026844 0.1457964 0.5494122 0.1449238 0.5063226 0.131399 0.5063226 0.131399 0.5494122 0.1449238 0.5350275 0.1190578 0.5065495 0.1612151 0.5026844 0.1457964 0.4771153 0.1591067 0.5350275 0.1190578 0.4783517 0.1140908 0.5063226 0.131399 0.4773436 0.1023266 0.4783517 0.1140908 0.5350275 0.1190578 0.4773436 0.1023266 0.5350275 0.1190578 0.5376048 0.1010262 0.5855141 0.1369425 0.674556 0.1312767 0.6556099 0.1111335 0.674556 0.1312767 0.5855141 0.1369425 0.6548415 0.1459413 0.5376048 0.1010262 0.5604913 0.08611243 0.5257439 0.08632683 0.5086852 0.09226101 0.5376048 0.1010262 0.5257439 0.08632683 0.4773436 0.1023266 0.5376048 0.1010262 0.5086852 0.09226101 0.4773436 0.1023266 0.5086852 0.09226101 0.4924677 0.08835607 0.5063226 0.131399 0.4783517 0.1140908 0.4571092 0.1343994 0.6556099 0.1111335 0.5350275 0.1190578 0.5855141 0.1369425 0.5350275 0.1190578 0.6083049 0.09227067 0.5376048 0.1010262 0.6083049 0.09227067 0.5604913 0.08611243 0.5376048 0.1010262 0.0821973 0.2453203 0.05683279 0.2811017 0.1205784 0.2597745 0.0821973 0.2453203 0.1205784 0.2597745 0.1335766 0.2406369 0.05527067 0.3178758 0.09223407 0.3081391 0.05683279 0.2811017 0.04652041 0.3346457 0.06987065 0.3429777 0.09223407 0.3081391 0.1283025 0.3153437 0.06987065 0.3429777 0.1331462 0.3419344 0.05683279 0.2811017 0.05052846 0.3026373 0.05527067 0.3178758 0.0821973 0.2453203 0.05582201 0.2570755 0.05683279 0.2811017 0.07099997 0.228 0.0821973 0.2453203 0.08386737 0.2266455 0.0821973 0.2453203 0.1208859 0.2270339 0.08386737 0.2266455 0.1335766 0.2406369 0.1208859 0.2270339 0.0821973 0.2453203 0.6986709 0.9451629 0.7809176 0.8688284 0.7325664 0.9394438 0.7809176 0.8688284 0.8161497 0.9452758 0.7803903 0.9399944 0.7012662 0.7507437 0.6803332 0.8278774 0.6546539 0.8048003 0.7012662 0.7507437 0.7254624 0.7154327 0.6803332 0.8278774 0.6803332 0.8278774 0.7254624 0.7154327 0.7287666 0.8339304 0.3577045 0.8950974 0.3126535 0.9247235 0.3210669 0.8889729 0.330622 0.9378627 0.3126535 0.9247235 0.3577045 0.8950974 0.3882957 0.9053236 0.330622 0.9378627 0.3577045 0.8950974 0.3882957 0.9053236 0.3730889 0.8780984 0.3988063 0.8683542 0.4083757 0.8087834 0.4222462 0.8405038 0.4075703 0.8479779 0.4083757 0.8087834 0.4257085 0.7785056 0.4222462 0.8405038 0.6095907 0.0923478 0.6097595 0.1192567 0.5336683 0.1081734 0.1168465 0.6957296 0.1060965 0.7096063 0.1103467 0.673415 0.1060965 0.7096063 0.09542739 0.6823074 0.1103467 0.673415 0.1060965 0.7096063 0.07945919 0.7607975 0.09542739 0.6823074 0.2247272 0.3283775 0.2814024 0.3317747 0.2359424 0.3466687 0.1362697 0.3474863 0.2247272 0.3283775 0.2359424 0.3466687 0.155754 0.3564499 0.2359424 0.3466687 0.198 0.351 0.2359424 0.3466687 0.155754 0.3564499 0.1362551 0.3541083 0.1362551 0.3541083 0.1146444 0.3687693 0.096013 0.3704928 0.5819627 0.7420322 0.6037663 0.731491 0.5950403 0.7508716 0.5763168 0.7541308 0.5950403 0.7508716 0.5919445 0.755889 0.5789988 0.7612851 0.5763168 0.7541308 0.5919445 0.755889 0.5763168 0.7541308 0.5789988 0.7612851 0.5646237 0.7534934 0.5646237 0.7534934 0.5631527 0.7469334 0.5774931 0.7425687 0.4601073 0.8233833 0.470906 0.8360581 0.4786607 0.8720757 0.4187397 0.859244 0.4142921 0.7936463 0.4381687 0.7913433 0.4187397 0.859244 0.4429968 0.9216624 0.4348998 0.9908627 0.4429968 0.9216624 0.4187397 0.859244 0.4601073 0.8233833 0.3819049 0.8469352 0.4348998 0.9908627 0.3873502 0.9505677 0.3991154 0.7840059 0.3819049 0.8469352 0.3865671 0.7346082 0.3819049 0.8469352 0.4142921 0.7936463 0.4187397 0.859244 0.3865671 0.7346082 0.3923369 0.7485212 0.3991154 0.7840059 0.7169963 0.9664519 0.7268728 0.8952139 0.725 0.991 0.7268728 0.8952139 0.7738984 0.9487525 0.725 0.991 0.725 0.991 0.7738984 0.9487525 0.7679981 0.9920001 0.6813953 0.8718597 0.7268728 0.8952139 0.7169963 0.9664519 0.7925001 0.7545002 0.774165 0.7340309 0.793 0.733 0.7686635 0.7485097 0.7925001 0.7545002 0.7620053 0.7841469 0.7467528 0.7936336 0.7620053 0.7841469 0.763065 0.8732226 0.2097403 0.7394545 0.2050853 0.7777963 0.1955801 0.7412688 0.2050853 0.7777963 0.2097403 0.7394545 0.2235634 0.7489022 0.2050853 0.7777963 0.1923622 0.7894883 0.1955801 0.7412688 0.2235634 0.7489022 0.2213655 0.7801132 0.2050853 0.7777963 0.2213655 0.7801132 0.2041096 0.8068568 0.2050853 0.7777963 0.2213655 0.7801132 0.235845 0.8006193 0.2079994 0.8301141 0.235845 0.8006193 0.2213655 0.7801132 0.2532098 0.7691329 0.2079994 0.8301141 0.235845 0.8006193 0.2279403 0.8376526 0.178712 0.8513992 0.2079994 0.8301141 0.2021413 0.8801845 0.191759 0.8175232 0.1923622 0.7894883 0.2041096 0.8068568 0.1955801 0.7412688 0.1806682 0.7490513 0.18 0.727 0.178 0.8124764 0.191759 0.8175232 0.1906374 0.8309485 0.1639872 0.81345 0.178 0.8124764 0.1906374 0.8309485 0.178712 0.8513992 0.1852375 0.880666 0.1660114 0.8779838 0.1520041 0.7873566 0.1639872 0.81345 0.1614572 0.8319509 0.1614572 0.8319509 0.1639872 0.81345 0.1906374 0.8309485 0.1614572 0.8319509 0.178712 0.8513992 0.1660114 0.8779838 0.1542177 0.9012385 0.1350474 0.8987877 0.1660114 0.8779838 0.1767815 0.9277916 0.1542177 0.9012385 0.1660114 0.8779838 0.1660114 0.8779838 0.1311559 0.8248257 0.1614572 0.8319509 0.1614572 0.8319509 0.1311559 0.8248257 0.1337749 0.7808563 0.1337749 0.7808563 0.1520041 0.7873566 0.1614572 0.8319509 0.1767815 0.9277916 0.1086562 0.9339882 0.1542177 0.9012385 0.1456412 0.7398288 0.1520041 0.7873566 0.1315081 0.7494565 0.1520041 0.7873566 0.1456412 0.7398288 0.1604567 0.7413423 0.1015346 0.8953843 0.1158028 0.8612604 0.1350474 0.8987877 0.1015346 0.8953843 0.1086562 0.9339882 0.06831091 0.8792709 0.08851969 0.9851008 0.05647033 0.9750327 0.1086562 0.9339882 0.1086562 0.9339882 0.1099814 0.9845727 0.08851969 0.9851008 0.08787316 0.8180806 0.1311559 0.8248257 0.1158028 0.8612604 0.08933967 0.8531401 0.1158028 0.8612604 0.1015346 0.8953843 0.0343557 0.9945796 0.007188618 0.9496145 0.05647033 0.9750327 0.007188618 0.9496145 0.008048057 0.8864613 0.05647033 0.9750327 0.08787316 0.8180806 0.06808525 0.7907318 0.07784599 0.7467513 0.08787316 0.8180806 0.07784599 0.7467513 0.111693 0.7838935 0.07784599 0.7467513 0.09244602 0.7320888 0.111693 0.7838935 0.05647033 0.9750327 0.008048057 0.8864613 0.02164345 0.779481 0.06831091 0.8792709 0.05647033 0.9750327 0.02164345 0.779481 0.02164345 0.779481 0.06808525 0.7907318 0.06831091 0.8792709 0.02164345 0.779481 0.03650969 0.7209315 0.06808525 0.7907318 0.03650969 0.7209315 0.02164345 0.779481 0.006100535 0.7196926 0.111693 0.7838935 0.1315081 0.7494565 0.1337749 0.7808563 0.1604567 0.7413423 0.1648805 0.7846139 0.1520041 0.7873566 0.474843 0.9797112 0.4464026 0.9755336 0.4786607 0.8720757 0.7169963 0.9664519 0.7085483 0.9878483 0.6813953 0.8718597 0.1767815 0.9277916 0.1669912 0.9817835 0.1099814 0.9845727 0.2279403 0.8376526 0.206954 0.9109798 0.2021413 0.8801845 0.253822 0.8796389 0.206954 0.9109798 0.2279403 0.8376526 0.206954 0.9109798 0.1959847 0.9844131 0.1767815 0.9277916 0.1959847 0.9844131 0.206954 0.9109798 0.2535791 0.9814239 0.253822 0.8796389 0.2551304 0.9357786 0.206954 0.9109798 0.2788737 0.8846696 0.28094 0.9730352 0.2551304 0.9357786 0.2788737 0.8846696 0.3238871 0.9812857 0.28094 0.9730352 0.346 0.948 0.3238871 0.9812857 0.3419221 0.8690115 0.3434718 0.9758167 0.3238871 0.9812857 0.346 0.948 0.28094 0.9730352 0.2535791 0.9814239 0.2551304 0.9357786 0.3419221 0.8690115 0.3320674 0.7716783 0.349 0.7582024 0.2854913 0.812842 0.3320674 0.7716783 0.2788737 0.8846696 0.349 0.7582024 0.3320674 0.7716783 0.3478783 0.7194183 0.2854913 0.812842 0.318816 0.7210372 0.3320674 0.7716783 0.2796308 0.7448787 0.318816 0.7210372 0.2854913 0.812842 0.3320674 0.7716783 0.318816 0.7210372 0.3478783 0.7194183 0.2796308 0.7448787 0.2854913 0.812842 0.2750211 0.7991834 0.253822 0.8796389 0.2854913 0.812842 0.2788737 0.8846696 0.2750211 0.7991834 0.2854913 0.812842 0.253822 0.8796389 0.235845 0.8006193 0.2532098 0.7691329 0.2750211 0.7991834 0.2750211 0.7991834 0.2532098 0.7691329 0.2796308 0.7448787 0.2532098 0.7691329 0.2235634 0.7489022 0.2609424 0.7328082 0.2750211 0.7991834 0.253822 0.8796389 0.2279403 0.8376526 0.235845 0.8006193 0.2750211 0.7991834 0.2279403 0.8376526 0.5781212 0.8170976 0.5322431 0.8011919 0.5561496 0.8117448 0.5719077 0.7846 0.5561496 0.8117448 0.5322431 0.8011919 0.5561496 0.8117448 0.5719077 0.7846 0.6035712 0.7828255 0.6035712 0.7828255 0.6109676 0.7057486 0.6572032 0.6963519 0.6403926 0.5885841 0.647049 0.6376329 0.6219434 0.6326223 0.6631238 0.6481792 0.6784053 0.6610645 0.6572032 0.6963519 0.6631238 0.6481792 0.6983678 0.6375281 0.6784053 0.6610645 0.6403926 0.5885841 0.6716828 0.5763451 0.647049 0.6376329 0.6716828 0.5763451 0.622835 0.507367 0.6455383 0.4576734 0.5800137 0.4600387 0.5683701 0.4386784 0.622835 0.507367 0.622835 0.507367 0.6036668 0.5386682 0.5800137 0.4600387 0.6716828 0.5763451 0.6455383 0.4576734 0.7026928 0.506858 0.6983678 0.6375281 0.7572916 0.6406871 0.7254624 0.7154327 0.7572916 0.6406871 0.6983678 0.6375281 0.7832757 0.507434 0.6005802 0.8329634 0.6292104 0.7841681 0.6546539 0.8048003 0.7695235 0.7606785 0.7254624 0.7154327 0.7572916 0.6406871 0.827909 0.5966265 0.8515742 0.6345716 0.8400073 0.6628144 0.8718216 0.6487749 0.8515742 0.6345716 0.8654493 0.5973355 0.8718216 0.6487749 0.8654493 0.5973355 0.8872805 0.6390522 0.9100113 0.6180471 0.89107 0.508584 0.9110658 0.5214682 0.8718216 0.6487749 0.8872805 0.6390522 0.8828278 0.7040622 0.8525313 0.4487377 0.9082984 0.4404542 0.8489394 0.5088601 0.7794329 0.4426183 0.8525313 0.4487377 0.7832757 0.507434 0.8525313 0.4487377 0.8802599 0.4286435 0.9082984 0.4404542 0.944 0.438 0.9339352 0.4564522 0.89107 0.508584 0.8159158 0.8019124 0.8694558 0.7957202 0.8545812 0.8442249 0.8306159 0.730259 0.8637642 0.7589303 0.8694558 0.7957202 0.8401911 0.8857079 0.7809176 0.8688284 0.8159158 0.8019124 0.8110173 0.6763781 0.8306159 0.730259 0.8173754 0.7594172 0.8400073 0.6628144 0.8533903 0.6850631 0.8306159 0.730259 0.8533903 0.6850631 0.8828278 0.7040622 0.8687977 0.7385297 0.8161497 0.9452758 0.8401911 0.8857079 0.8397755 0.9288575 0.7809176 0.8688284 0.7803903 0.9399944 0.7528134 0.9443563 0.6676093 0.8693514 0.6450943 0.9088335 0.6204317 0.8510285 0.6986709 0.9451629 0.6658806 0.9137731 0.6676093 0.8693514 0.6986709 0.9451629 0.6733973 0.9290652 0.6658806 0.9137731 0.6676093 0.8693514 0.6204317 0.8510285 0.6546539 0.8048003 0.5823803 0.9008902 0.5883188 0.8603915 0.6450943 0.9088335 0.6204317 0.8510285 0.5883188 0.8603915 0.6005802 0.8329634 0.2718719 0.2837637 0.2384362 0.2392836 0.2060901 0.2543588 0.09223407 0.3081391 0.156283 0.2860996 0.2060901 0.2543588 0.2060901 0.2543588 0.2384362 0.2392836 0.1335766 0.2406369 0.06987065 0.3429777 0.1283025 0.3153437 0.09223407 0.3081391 0.1331462 0.3419344 0.08605295 0.3513669 0.1349521 0.3486892 0.1331462 0.3419344 0.1349521 0.3486892 0.2117395 0.3314437 0.2813375 0.3118634 0.213163 0.3112369 0.2711194 0.3205777 0.1506314 0.3245599 0.2117395 0.3314437 0.2711194 0.3205777 0.2781184 0.3334163 0.2117395 0.3314437 0.2338531 0.3475558 0.1349521 0.3486892 0.2338531 0.3475558 0.2117395 0.3314437 0.206072 0.2897546 0.213163 0.3112369 0.2703076 0.3005554 0.206072 0.2897546 0.1506314 0.3245599 0.213163 0.3112369 0.2703076 0.3005554 0.2718719 0.2837637 0.206072 0.2897546 0.2060901 0.2543588 0.206072 0.2897546 0.2718719 0.2837637 0.1047735 0.2708435 0.08075267 0.314673 0.05508744 0.2818085 0.08075267 0.314673 0.054843 0.3191114 0.05030077 0.3035355 0.08125972 0.2348675 0.1194664 0.2407181 0.08341604 0.2539463 0.04561477 0.334762 0.054843 0.3191114 0.06725001 0.3396251 0.08075267 0.314673 0.06725001 0.3396251 0.054843 0.3191114 0.07216483 0.3665016 0.07368099 0.3531792 0.1020659 0.3553893 0.04154938 0.3555495 0.04570364 0.3507894 0.06725001 0.3396251 0.06725001 0.3396251 0.04570364 0.3507894 0.04561477 0.334762 0.08125972 0.2348675 0.08341604 0.2539463 0.06106227 0.2419507 0.08125972 0.2348675 0.1242011 0.226588 0.1194664 0.2407181 0.06725001 0.3396251 0.08075267 0.314673 0.1522188 0.3145979 0.1522188 0.3145979 0.1289363 0.3392961 0.06725001 0.3396251 0.1746574 0.2487023 0.1047735 0.2708435 0.1194664 0.2407181 0.08075267 0.314673 0.1746574 0.2487023 0.1603534 0.2884094 0.1362697 0.3474863 0.1289363 0.3392961 0.2247272 0.3283775 0.1522188 0.3145979 0.08075267 0.314673 0.1603534 0.2884094 0.2190938 0.2466884 0.1746574 0.2487023 0.1677973 0.223055 0.1603534 0.2884094 0.1746574 0.2487023 0.2089257 0.2853228 0.1289363 0.3392961 0.1522188 0.3145979 0.2320286 0.3080397 0.2089257 0.2853228 0.2610232 0.2847521 0.2320286 0.3080397 0.2838525 0.3129046 0.2320286 0.3080397 0.2738697 0.301309 0.1522188 0.3145979 0.1603534 0.2884094 0.2089257 0.2853228 0.1289363 0.3392961 0.2320286 0.3080397 0.2247272 0.3283775 0.2655767 0.2551954 0.2190938 0.2466884 0.2406802 0.2342703 0.2655767 0.2551954 0.2610232 0.2847521 0.2190938 0.2466884 0.1229224 0.7899301 0.1312543 0.8218401 0.1214709 0.8462546 0.1312543 0.8218401 0.1407639 0.8457949 0.1214709 0.8462546 0.1610938 0.9002775 0.190789 0.8888384 0.1989456 0.9090577 0.1407639 0.8457949 0.1907582 0.8637816 0.1259031 0.8735577 0.1610938 0.9002775 0.1989456 0.9090577 0.1987985 0.924302 0.08150643 0.8408503 0.08359247 0.8107731 0.104017 0.8187983 0.1214709 0.8462546 0.1259031 0.8735577 0.102439 0.8488773 0.1801483 0.9376764 0.1593729 0.9308975 0.1610938 0.9002775 0.1032729 0.921621 0.1259031 0.8735577 0.1377649 0.8824082 0.1032729 0.921621 0.09174907 0.8955693 0.1259031 0.8735577 0.1610938 0.9002775 0.1593729 0.9308975 0.1032729 0.921621 0.06028646 0.8089569 0.03579294 0.7788878 0.06041657 0.7179065 0.06028646 0.8089569 0.02847445 0.803603 0.03579294 0.7788878 0.07131028 0.6337242 0.09618222 0.6286578 0.06041657 0.7179065 0.1158525 0.6410819 0.1103467 0.673415 0.09542739 0.6823074 0.09618222 0.6286578 0.1158525 0.6410819 0.09542739 0.6823074 0.1060965 0.7096063 0.1017124 0.7496094 0.07945919 0.7607975 0.1017124 0.7496094 0.1203879 0.7700608 0.104017 0.8187983 0.1203879 0.7700608 0.1229224 0.7899301 0.104017 0.8187983 0.1017124 0.7496094 0.1244814 0.7526098 0.1203879 0.7700608 0.3577045 0.8950974 0.3208329 0.863819 0.3380199 0.8521525 0.3794245 0.8218654 0.4083757 0.8087834 0.3701868 0.8457962 0.3989759 0.7243217 0.4083757 0.8087834 0.3899441 0.7700581 0.3895871 0.7073945 0.3941863 0.694055 0.4128721 0.687661 0.3989759 0.7243217 0.3864511 0.7518857 0.3899847 0.7285681 0.4404976 0.6988907 0.4128721 0.687661 0.4332289 0.6329785 0.406628 0.606205 0.3947442 0.6408389 0.3883063 0.6292621 0.4075703 0.8479779 0.4222462 0.8405038 0.4195703 0.8711491 0.4257085 0.7785056 0.4504444 0.8045701 0.4419783 0.8281943 0.4128721 0.687661 0.4404976 0.6988907 0.4504444 0.8045701 0.417 0.911 0.4072825 0.9216873 0.3882957 0.9053236 0.4260001 0.8960002 0.3882957 0.9053236 0.4195703 0.8711491 0.4510371 0.8358021 0.4419783 0.8281943 0.4504444 0.8045701 0.4689627 0.7738814 0.4842835 0.8011555 0.4504444 0.8045701 0.3988063 0.8683542 0.4195703 0.8711491 0.3882957 0.9053236 0.1311969 0.5705821 0.1190606 0.5936847 0.1015341 0.5688334 0.08728224 0.4465855 0.05854684 0.4369733 0.06560689 0.4045718 0.08728224 0.4465855 0.09681707 0.4209195 0.1201805 0.4598171 0.08728224 0.4465855 0.11668 0.4954089 0.1015341 0.5688334 0.08728224 0.4465855 0.1015341 0.5688334 0.08871293 0.5192928 0.08728224 0.4465855 0.1124308 0.4679086 0.11668 0.4954089 0.426082 0.4309484 0.3979572 0.4679055 0.3904435 0.4598131 0.393854 0.493767 0.3979572 0.4679055 0.426082 0.4309484 0.393854 0.493767 0.426082 0.4309484 0.4079879 0.5254031 0.406628 0.606205 0.3797866 0.5705943 0.4079879 0.5254031 0.4079879 0.5254031 0.4494154 0.4411158 0.420613 0.5263401 0.4079879 0.5254031 0.420613 0.5263401 0.406628 0.606205 0.406628 0.606205 0.3883063 0.6292621 0.3919029 0.5936651 0.4079879 0.5254031 0.426082 0.4309484 0.4449272 0.4131729 0.4079879 0.5254031 0.4449272 0.4131729 0.4494154 0.4411158 0.5748177 0.1632165 0.5317338 0.1649119 0.6098837 0.150412 0.5244957 0.1442987 0.5317338 0.1649119 0.5121366 0.1548635 0.5244957 0.1442987 0.5121366 0.1548635 0.5070059 0.1613281 0.5244957 0.1442987 0.5070059 0.1613281 0.4650201 0.1529024 0.6097595 0.1192567 0.6554048 0.111141 0.6738862 0.132948 0.6503503 0.1489752 0.6098837 0.150412 0.5631296 0.1310989 0.5244957 0.1442987 0.4650201 0.1529024 0.500211 0.1313754 0.6097595 0.1192567 0.5631296 0.1310989 0.5336683 0.1081734 0.4321212 0.1526141 0.3960554 0.1524348 0.3825446 0.1377015 0.3626226 0.08319818 0.4146562 0.1204638 0.3569516 0.104707 0.4634398 0.09394395 0.4773546 0.09132593 0.4849165 0.09631919 0.5336683 0.1081734 0.4813124 0.1065057 0.4849165 0.09631919 0.5336683 0.1081734 0.491037 0.08602762 0.5090228 0.09221684 0.5614571 0.08588111 0.5336683 0.1081734 0.5090228 0.09221684 0.3626226 0.08319818 0.4141859 0.07851588 0.4813124 0.1065057 0.4813124 0.1065057 0.4141859 0.07851588 0.4537687 0.08843129 0.3475226 0.1663789 0.3395954 0.1449212 0.3960554 0.1524348 0.3395954 0.1449212 0.3567552 0.1228085 0.3825446 0.1377015 0.2471433 0.113496 0.3086699 0.0876494 0.3569516 0.104707 0.2038313 0.09072792 0.2471433 0.113496 0.2059799 0.1360852 0.2038313 0.09072792 0.2044913 0.04499715 0.2374548 0.04851257 0.2656758 0.07991045 0.2038313 0.09072792 0.2374548 0.04851257 0.197999 0.15151 0.2059799 0.1360852 0.2151712 0.1559842 0.197999 0.15151 0.2151712 0.1559842 0.195977 0.1751416 0.2080636 0.1862925 0.2415245 0.1714159 0.2660684 0.1817147 0.2513925 0.1371126 0.2435922 0.1523113 0.2151712 0.1559842 0.2059799 0.1360852 0.2513925 0.1371126 0.2151712 0.1559842 0.2435922 0.1523113 0.2513925 0.1371126 0.2885313 0.1555878 0.3032318 0.1267462 0.2513925 0.1371126 0.2471433 0.113496 0.3475226 0.1663789 0.2660684 0.1817147 0.2885313 0.1555878 0.2885313 0.1555878 0.3395954 0.1449212 0.3475226 0.1663789 0.3099705 0.1870411 0.3475226 0.1663789 0.3494716 0.1849824 0.9139514 0.7956209 0.9588417 0.8104596 0.9507473 0.8467835 0.9139514 0.7956209 0.9462491 0.7924238 0.9588417 0.8104596 0.979949 0.8010403 0.9588417 0.8104596 0.9462491 0.7924238 0.8872805 0.6390522 0.9385901 0.7255107 0.9602927 0.7777529 0.9297705 0.855181 0.8936426 0.8497233 0.9165877 0.8359919 0.927 0.913 0.9145529 0.9112866 0.9308201 0.8919835 0.8545812 0.8442249 0.8723027 0.908874 0.8401911 0.8857079 0.4571092 0.1343994 0.4771153 0.1591067 0.5026844 0.1457964 0.4773436 0.1023266 0.4634241 0.09392678 0.4537696 0.0884329 0.361445 0.08928358 0.4125316 0.1165146 0.4773436 0.1023266 0.2400199 0.1383538 0.2026044 0.1268197 0.2105304 0.1517074 0.2026044 0.1268197 0.2483299 0.1139992 0.2018702 0.1101704 0.3077392 0.08388268 0.2723662 0.05437457 0.2621356 0.07791972 0.2030922 0.09088742 0.2018702 0.1101704 0.2621356 0.07791972 0.4125316 0.1165146 0.3255969 0.1126965 0.3727992 0.1356352 0.3727992 0.1356352 0.3960927 0.152377 0.4487658 0.1508387 0.2400199 0.1383538 0.2105304 0.1517074 0.2437005 0.1550937 0.3255969 0.1126965 0.3077392 0.08388268 0.2621356 0.07791972 0.4125316 0.1165146 0.361445 0.08928358 0.3255969 0.1126965 0.287726 0.1546016 0.3361948 0.1671693 0.3382397 0.1435818 0.2437005 0.1550937 0.2105304 0.1517074 0.210901 0.1725625 0.1981565 0.1500132 0.19299 0.1780426 0.210901 0.1725625 0.2574607 0.1793732 0.210901 0.1725625 0.204632 0.188932 0.3108093 0.1886406 0.3546265 0.1862316 0.3543602 0.1785728 0.3854025 0.1787286 0.3814169 0.1711146 0.3543602 0.1785728 0.5026844 0.1457964 0.5309645 0.1651142 0.5494122 0.1449238 0.5855141 0.1369425 0.6113317 0.1501135 0.647179 0.1509444 0.4571092 0.1343994 0.5026844 0.1457964 0.5063226 0.131399 0.4924677 0.08835607 0.4830737 0.09532934 0.4773436 0.1023266 0.6556099 0.1111335 0.6083049 0.09227067 0.5350275 0.1190578 0.09223407 0.3081391 0.1205784 0.2597745 0.05683279 0.2811017 0.09223407 0.3081391 0.05527067 0.3178758 0.04652041 0.3346457 0.04569506 0.350753 0.06987065 0.3429777 0.04652041 0.3346457 0.06987065 0.3429777 0.04569506 0.350753 0.04149997 0.3555001 0.0821973 0.2453203 0.06104046 0.2419567 0.05582201 0.2570755 0.7287666 0.8339304 0.7695235 0.7606785 0.7809176 0.8688284 0.6986709 0.9451629 0.7287666 0.8339304 0.7809176 0.8688284 0.7528134 0.9443563 0.7325664 0.9394438 0.7809176 0.8688284 0.6803332 0.8278774 0.7287666 0.8339304 0.6676093 0.8693514 0.7287666 0.8339304 0.6986709 0.9451629 0.6676093 0.8693514 0.7254624 0.7154327 0.7695235 0.7606785 0.7287666 0.8339304 0.3730889 0.8780984 0.4075703 0.8479779 0.3988063 0.8683542 0.3210669 0.8889729 0.3208329 0.863819 0.3577045 0.8950974 0.3130543 0.9090581 0.3210669 0.8889729 0.3126535 0.9247235 0.3882957 0.9053236 0.3511637 0.9308524 0.330622 0.9378627 0.3882957 0.9053236 0.3577045 0.8950974 0.3730889 0.8780984 0.4419783 0.8281943 0.4222462 0.8405038 0.4257085 0.7785056 0.6095907 0.0923478 0.6554048 0.111141 0.6097595 0.1192567 0.5336683 0.1081734 0.5614571 0.08588111 0.6095907 0.0923478 0.5631296 0.1310989 0.500211 0.1313754 0.5336683 0.1081734 0.1362551 0.3541083 0.1362697 0.3474863 0.2359424 0.3466687 0.1362551 0.3541083 0.155754 0.3564499 0.1146444 0.3687693 0.1146444 0.3687693 0.08372211 0.3833261 0.096013 0.3704928 0.5819627 0.7420322 0.5815001 0.7225001 0.6037663 0.731491 0.5763168 0.7541308 0.5805001 0.7480002 0.5819627 0.7420322 0.5763168 0.7541308 0.5819627 0.7420322 0.5950403 0.7508716 0.5646237 0.7534934 0.5774931 0.7425687 0.5763168 0.7541308 0.4601073 0.8233833 0.4187397 0.859244 0.4381687 0.7913433 0.4187397 0.859244 0.4348998 0.9908627 0.3819049 0.8469352 0.3819049 0.8469352 0.3991154 0.7840059 0.4142921 0.7936463 0.4348998 0.9908627 0.4429968 0.9216624 0.4464026 0.9755336 0.7738984 0.9487525 0.7268728 0.8952139 0.763065 0.8732226 0.763065 0.8732226 0.7268728 0.8952139 0.7230591 0.7912507 0.7686635 0.7485097 0.774165 0.7340309 0.7925001 0.7545002 0.763065 0.8732226 0.7230591 0.7912507 0.7467528 0.7936336 0.7268728 0.8952139 0.6924652 0.832785 0.7230591 0.7912507 0.7268728 0.8952139 0.6813953 0.8718597 0.6924652 0.832785 0.2079994 0.8301141 0.2041096 0.8068568 0.2213655 0.7801132 0.2079994 0.8301141 0.1906374 0.8309485 0.2041096 0.8068568 0.2021413 0.8801845 0.2079994 0.8301141 0.2279403 0.8376526 0.178712 0.8513992 0.1906374 0.8309485 0.2079994 0.8301141 0.2041096 0.8068568 0.1906374 0.8309485 0.191759 0.8175232 0.2050853 0.7777963 0.2041096 0.8068568 0.1923622 0.7894883 0.1955801 0.7412688 0.1923622 0.7894883 0.1806682 0.7490513 0.1923622 0.7894883 0.191759 0.8175232 0.178 0.8124764 0.2021413 0.8801845 0.1852375 0.880666 0.178712 0.8513992 0.1639872 0.81345 0.1520041 0.7873566 0.1648805 0.7846139 0.1906374 0.8309485 0.178712 0.8513992 0.1614572 0.8319509 0.1158028 0.8612604 0.1660114 0.8779838 0.1350474 0.8987877 0.1660114 0.8779838 0.1852375 0.880666 0.1767815 0.9277916 0.1158028 0.8612604 0.1311559 0.8248257 0.1660114 0.8779838 0.1767815 0.9277916 0.1099814 0.9845727 0.1086562 0.9339882 0.1350474 0.8987877 0.1542177 0.9012385 0.1086562 0.9339882 0.1315081 0.7494565 0.1520041 0.7873566 0.1337749 0.7808563 0.1311559 0.8248257 0.111693 0.7838935 0.1337749 0.7808563 0.1015346 0.8953843 0.1350474 0.8987877 0.1086562 0.9339882 0.06831091 0.8792709 0.1086562 0.9339882 0.05647033 0.9750327 0.1311559 0.8248257 0.08787316 0.8180806 0.111693 0.7838935 0.1158028 0.8612604 0.08933967 0.8531401 0.08787316 0.8180806 0.06831091 0.8792709 0.08933967 0.8531401 0.1015346 0.8953843 0.008048057 0.8864613 0.003999948 0.8041045 0.02164345 0.779481 0.08787316 0.8180806 0.08933967 0.8531401 0.06808525 0.7907318 0.06831091 0.8792709 0.06808525 0.7907318 0.08933967 0.8531401 0.07784599 0.7467513 0.06808525 0.7907318 0.03650969 0.7209315 0.111693 0.7838935 0.09244602 0.7320888 0.1315081 0.7494565 0.4429968 0.9216624 0.4786607 0.8720757 0.4464026 0.9755336 0.4601073 0.8233833 0.4786607 0.8720757 0.4429968 0.9216624 0.6842436 0.9869895 0.6813953 0.8718597 0.7085483 0.9878483 0.1767815 0.9277916 0.1852375 0.880666 0.206954 0.9109798 0.1852375 0.880666 0.2021413 0.8801845 0.206954 0.9109798 0.2551304 0.9357786 0.253822 0.8796389 0.2788737 0.8846696 0.1767815 0.9277916 0.1959847 0.9844131 0.1669912 0.9817835 0.2535791 0.9814239 0.206954 0.9109798 0.2551304 0.9357786 0.2788737 0.8846696 0.3419221 0.8690115 0.3238871 0.9812857 0.2788737 0.8846696 0.3320674 0.7716783 0.3419221 0.8690115 0.2609424 0.7328082 0.2796308 0.7448787 0.2532098 0.7691329 0.2532098 0.7691329 0.2213655 0.7801132 0.2235634 0.7489022</float_array>
          <technique_common>
            <accessor source="#GanondorfRobe_LOD0-mesh-map-0-array" count="2172" stride="2">
              <param name="S" type="float"/>
              <param name="T" type="float"/>
            </accessor>
          </technique_common>
        </source>
        <vertices id="GanondorfRobe_LOD0-mesh-vertices">
          <input semantic="POSITION" source="#GanondorfRobe_LOD0-mesh-positions"/>
        </vertices>
        <triangles material="RobeUpper-material" count="580">
          <input semantic="VERTEX" source="#GanondorfRobe_LOD0-mesh-vertices" offset="0"/>
          <input semantic="NORMAL" source="#GanondorfRobe_LOD0-mesh-normals" offset="1"/>
          <input semantic="TEXCOORD" source="#GanondorfRobe_LOD0-mesh-map-0" offset="2" set="0"/>
          <p>410 0 0 16 1 1 22 2 2 16 1 3 410 0 4 422 3 5 20 4 6 304 5 7 287 6 8 16 1 9 169 7 10 22 2 11 10 8 12 169 7 13 16 1 14 10 8 15 13 9 16 437 10 17 4 11 18 437 10 19 13 9 20 10 8 21 437 10 22 257 12 23 169 7 24 10 8 25 174 13 26 174 13 27 324 14 28 17 15 29 304 5 30 17 15 31 287 6 32 174 13 33 17 15 34 304 5 35 174 13 36 304 5 37 154 16 38 324 14 39 14 17 40 325 18 41 325 18 42 14 17 43 201 19 44 174 13 45 14 17 46 324 14 47 10 8 48 257 12 49 14 17 50 208 20 51 437 10 52 4 11 53 139 21 54 325 18 55 5 22 56 5 22 57 325 18 58 201 19 59 14 17 60 257 12 61 230 23 62 257 12 63 248 24 64 230 23 65 407 25 66 248 24 67 208 20 68 108 26 69 240 27 70 407 25 71 108 26 72 407 25 73 109 28 74 109 28 75 407 25 76 453 29 77 208 20 78 4 11 79 407 25 80 110 30 81 3 31 82 240 27 83 248 24 84 5 22 85 230 23 86 3 31 87 5 22 88 248 24 89 344 32 90 136 33 91 255 34 92 255 34 93 136 33 94 260 35 95 3 31 96 110 30 97 359 36 98 136 33 99 3 31 100 359 36 101 3 31 102 136 33 103 5 22 104 49 37 105 136 33 106 359 36 107 287 6 108 288 38 109 135 39 110 324 14 111 288 38 112 17 15 113 325 18 114 288 38 115 324 14 116 339 40 117 288 38 118 325 18 119 139 21 120 339 40 121 325 18 122 255 34 123 15 41 124 344 32 125 314 42 126 260 35 127 136 33 128 260 35 129 250 43 130 255 34 131 260 35 132 314 42 133 320 44 134 320 44 135 321 45 136 260 35 137 144 46 138 167 47 139 321 45 140 321 45 141 167 47 142 250 43 143 323 48 144 15 41 145 255 34 146 323 48 147 145 49 148 15 41 149 15 41 150 145 49 151 40 50 152 144 46 153 147 51 154 167 47 155 9 52 156 241 53 157 320 44 158 9 52 159 320 44 160 420 54 161 314 42 162 77 55 163 320 44 164 320 44 165 77 55 166 420 54 167 237 56 168 147 51 169 241 53 170 67 57 171 147 51 172 237 56 173 147 51 174 67 57 175 247 58 176 247 58 177 67 57 178 28 59 179 77 55 180 445 60 181 420 54 182 314 42 183 136 33 184 77 55 185 136 33 186 368 61 187 77 55 188 107 62 189 420 54 190 445 60 191 2 63 192 420 54 193 406 64 194 298 65 195 68 66 196 140 67 197 313 68 198 68 66 199 298 65 200 323 48 201 313 68 202 145 49 203 168 69 204 313 68 205 323 48 206 40 50 207 212 70 208 54 71 209 145 49 210 298 65 211 212 70 212 168 69 213 255 34 214 250 43 215 168 69 216 167 47 217 28 59 218 28 59 219 167 47 220 247 58 221 19 72 222 135 39 223 43 73 224 288 38 225 297 74 226 173 75 227 170 76 228 43 73 229 173 75 230 21 77 231 295 78 232 180 79 233 295 78 234 43 73 235 180 79 236 287 6 237 19 72 238 20 4 239 217 80 240 245 81 241 63 82 242 245 81 243 217 80 244 235 83 245 84 84 246 83 85 247 86 86 248 62 87 249 308 88 250 101 89 251 101 89 252 219 90 253 62 87 254 219 90 255 217 80 256 44 91 257 44 91 258 24 92 259 219 90 260 308 88 261 64 93 262 86 86 263 85 94 264 84 84 265 64 93 266 64 93 267 84 84 268 86 86 269 184 95 270 85 94 271 211 96 272 184 95 273 274 97 274 82 98 275 274 97 276 184 95 277 435 99 278 416 100 279 23 101 280 185 102 281 274 97 282 25 103 283 82 98 284 416 100 285 25 103 286 274 97 287 85 94 288 345 104 289 84 84 290 242 105 291 345 104 292 221 106 293 84 84 294 242 105 295 244 107 296 221 106 297 345 104 298 296 108 299 25 103 300 441 109 301 82 98 302 441 109 303 25 103 304 26 110 305 185 102 306 25 103 307 416 100 308 326 111 309 244 107 310 454 112 311 86 86 312 83 85 313 101 89 314 333 113 315 433 114 316 178 115 317 178 115 318 151 116 319 333 113 320 178 115 321 254 117 322 151 116 323 95 118 324 34 119 325 254 117 326 34 119 327 151 116 328 254 117 329 151 116 330 34 119 331 348 120 332 102 121 333 271 122 334 277 123 335 74 124 336 277 123 337 69 125 338 32 126 339 433 114 340 333 113 341 69 125 342 277 123 343 31 127 344 69 125 345 427 128 346 74 124 347 102 121 348 74 124 349 93 129 350 427 128 351 338 130 352 93 129 353 338 130 354 285 131 355 93 129 356 94 132 357 285 131 358 238 133 359 213 134 360 97 135 361 311 136 362 213 134 363 319 137 364 196 138 365 73 139 366 193 140 367 213 134 368 193 140 369 194 141 370 439 142 371 194 141 372 193 140 373 73 139 374 429 143 375 238 133 376 72 144 377 94 132 378 319 137 379 311 136 380 94 132 381 311 136 382 93 129 383 209 145 384 249 146 385 90 147 386 281 148 387 273 149 388 318 150 389 262 151 390 91 152 391 273 149 392 318 150 393 149 153 394 249 146 395 149 153 396 273 149 397 334 154 398 334 154 399 273 149 400 91 152 401 53 155 402 166 156 403 91 152 404 203 157 405 29 158 406 143 159 407 187 160 408 90 147 409 347 161 410 347 161 411 90 147 412 249 146 413 32 126 414 334 154 415 91 152 416 149 153 417 333 113 418 348 120 419 347 161 420 149 153 421 348 120 422 347 161 423 348 120 424 187 160 425 187 160 426 29 158 427 203 157 428 32 126 429 8 162 430 431 163 431 29 158 432 157 164 433 207 165 434 157 164 435 187 160 436 34 119 437 187 160 438 157 164 439 29 158 440 348 120 441 34 119 442 187 160 443 9 52 444 315 166 445 191 167 446 143 159 447 191 167 448 279 168 449 280 169 450 143 159 451 29 158 452 191 167 453 143 159 454 280 169 455 191 167 456 190 170 457 155 171 458 191 167 459 155 171 460 52 172 461 143 159 462 41 173 463 203 157 464 203 157 465 41 173 466 90 147 467 7 174 468 41 173 469 225 175 470 41 173 471 206 176 472 225 175 473 56 177 474 206 176 475 41 173 476 56 177 477 226 178 478 206 176 479 456 179 480 305 180 481 58 181 482 251 182 483 305 180 484 456 179 485 251 182 486 267 183 487 305 180 488 234 184 489 305 180 490 267 183 491 99 185 492 58 181 493 146 186 494 272 187 495 58 181 496 99 185 497 289 188 498 58 181 499 55 189 500 42 190 501 303 191 502 165 192 503 272 187 504 12 193 505 55 189 506 55 189 507 42 190 508 289 188 509 42 190 510 55 189 511 286 194 512 55 189 513 312 195 514 286 194 515 39 196 516 42 190 517 6 197 518 42 190 519 165 192 520 6 197 521 13 9 522 42 190 523 39 196 524 4 11 525 13 9 526 39 196 527 349 198 528 13 9 529 10 8 530 16 1 531 349 198 532 10 8 533 18 199 534 289 188 535 42 190 536 18 199 537 349 198 538 16 1 539 222 200 540 202 201 541 416 100 542 435 99 543 222 200 544 416 100 545 456 179 546 435 99 547 60 202 548 59 203 549 430 204 550 341 205 551 211 96 552 59 203 553 184 95 554 274 97 555 435 99 556 416 100 557 416 100 558 202 201 559 23 101 560 23 101 561 18 199 562 422 3 563 341 205 564 11 206 565 59 203 566 190 170 567 191 167 568 315 166 569 122 207 570 405 208 571 350 209 572 104 210 573 350 209 574 406 64 575 405 208 576 198 211 577 350 209 578 198 211 579 199 212 580 200 213 581 315 166 582 162 214 583 51 215 584 315 166 585 9 52 586 2 63 587 2 63 588 406 64 589 198 211 590 50 216 591 163 217 592 409 218 593 266 219 594 133 220 595 78 221 596 153 222 597 78 221 598 39 196 599 409 218 600 408 223 601 50 216 602 1 224 603 0 225 604 375 226 605 98 227 606 205 228 607 76 229 608 141 230 609 239 231 610 71 232 611 317 233 612 159 234 613 35 235 614 278 236 615 189 237 616 261 238 617 278 236 618 215 239 619 189 237 620 205 228 621 98 227 622 215 239 623 98 227 624 232 240 625 215 239 626 232 240 627 37 241 628 75 242 629 317 233 630 37 241 631 232 240 632 317 233 633 172 243 634 37 241 635 37 241 636 172 243 637 142 244 638 70 245 639 152 246 640 232 240 641 232 240 642 75 242 643 70 245 644 37 241 645 302 247 646 75 242 647 302 247 648 346 248 649 300 249 650 37 241 651 346 248 652 302 247 653 142 244 654 346 248 655 37 241 656 428 250 657 436 251 658 36 252 659 436 251 660 428 250 661 342 253 662 301 254 663 428 250 664 36 252 665 428 250 666 301 254 667 336 255 668 300 249 669 336 255 670 302 247 671 70 245 672 302 247 673 301 254 674 75 242 675 302 247 676 70 245 677 292 256 678 214 257 679 70 245 680 152 246 681 214 257 682 103 258 683 48 259 684 258 260 685 424 261 686 434 262 687 301 254 688 36 252 689 310 263 690 301 254 691 434 262 692 70 245 693 411 264 694 292 256 695 71 232 696 47 265 697 346 248 698 92 266 699 336 255 700 300 249 701 182 267 702 336 255 703 92 266 704 342 253 705 428 250 706 182 267 707 436 251 708 342 253 709 46 268 710 426 269 711 342 253 712 182 267 713 426 269 714 421 270 715 207 165 716 176 271 717 421 270 718 33 272 719 204 273 720 253 274 721 181 275 722 253 274 723 338 130 724 30 276 725 195 277 726 338 130 727 253 274 728 204 273 729 96 278 730 195 277 731 47 265 732 96 278 733 92 266 734 92 266 735 300 249 736 47 265 737 338 130 738 195 277 739 285 131 740 421 270 741 182 267 742 337 279 743 181 275 744 150 280 745 204 273 746 204 273 747 150 280 748 293 281 749 96 278 750 204 273 751 293 281 752 96 278 753 337 279 754 92 266 755 141 230 756 238 133 757 239 231 758 72 144 759 238 133 760 141 230 761 195 277 762 239 231 763 285 131 764 229 282 765 299 283 766 67 57 767 68 66 768 181 275 769 425 284 770 181 275 771 158 285 772 176 271 773 229 282 774 237 56 775 176 271 776 67 57 777 237 56 778 229 282 779 241 53 780 9 52 781 280 169 782 237 56 783 421 270 784 176 271 785 421 270 786 237 56 787 207 165 788 67 57 789 299 283 790 28 59 791 28 59 792 299 283 793 313 68 794 313 68 795 299 283 796 68 66 797 68 66 798 299 283 799 181 275 800 253 274 801 425 284 802 181 275 803 30 276 804 425 284 805 253 274 806 298 65 807 140 67 808 329 286 809 329 286 810 140 67 811 425 284 812 30 276 813 329 286 814 425 284 815 440 287 816 329 286 817 30 276 818 212 70 819 188 288 820 216 289 821 212 70 822 329 286 823 188 288 824 423 290 825 231 291 826 228 292 827 61 293 828 275 294 829 283 295 830 61 293 831 331 296 832 275 294 833 228 292 834 306 297 835 432 298 836 175 299 837 228 292 838 432 298 839 175 299 840 432 298 841 161 300 842 175 299 843 161 300 844 26 110 845 264 301 846 61 293 847 327 302 848 228 292 849 264 301 850 327 302 851 22 2 852 210 303 853 410 0 854 233 304 855 410 0 856 270 305 857 185 102 858 422 3 859 233 304 860 25 103 861 291 306 862 26 110 863 291 306 864 175 299 865 26 110 866 264 301 867 330 307 868 61 293 869 413 308 870 185 102 871 23 101 872 330 307 873 331 296 874 61 293 875 246 309 876 290 310 877 419 311 878 290 310 879 252 312 880 419 311 881 236 313 882 185 102 883 233 304 884 175 299 885 291 306 886 236 313 887 270 305 888 246 309 889 307 314 890 290 310 891 246 309 892 270 305 893 307 314 894 233 304 895 270 305 896 236 313 897 233 304 898 307 314 899 307 314 900 330 307 901 236 313 902 81 315 903 223 316 904 307 314 905 307 314 906 223 316 907 330 307 908 419 311 909 81 315 910 246 309 911 81 315 912 419 311 913 44 91 914 44 91 915 419 311 916 24 92 917 22 2 918 252 312 919 210 303 920 19 72 921 438 317 922 20 4 923 438 317 924 252 312 925 20 4 926 419 311 927 438 317 928 24 92 929 81 315 930 44 91 931 417 318 932 63 82 933 417 318 934 217 80 935 81 315 936 343 319 937 223 316 938 417 318 939 343 319 940 81 315 941 309 320 942 316 321 943 276 322 944 309 320 945 276 322 946 65 323 947 265 324 948 156 325 949 65 323 950 87 326 951 156 325 952 265 324 953 87 326 954 265 324 955 269 327 956 87 326 957 284 328 958 89 329 959 156 325 960 87 326 961 148 330 962 309 320 963 156 325 964 66 331 965 66 331 966 156 325 967 148 330 968 316 321 969 309 320 970 283 295 971 148 330 972 327 302 973 66 331 974 228 292 975 327 302 976 148 330 977 228 292 978 148 330 979 88 332 980 87 326 981 218 333 982 332 334 983 218 333 984 87 326 985 89 329 986 88 332 987 45 335 988 263 336 989 418 337 990 88 332 991 263 336 992 228 292 993 88 332 994 418 337 995 228 292 996 418 337 997 414 338 998 66 331 999 327 302 1000 61 293 1001 332 334 1002 148 330 1003 87 326 1004 148 330 1005 27 339 1006 88 332 1007 27 339 1008 45 335 1009 88 332 1010 295 78 1011 268 340 1012 62 87 1013 295 78 1014 62 87 1015 219 90 1016 192 341 1017 308 88 1018 268 340 1019 183 342 1020 211 96 1021 308 88 1022 64 93 1023 211 96 1024 85 94 1025 268 340 1026 220 343 1027 192 341 1028 295 78 1029 415 344 1030 268 340 1031 19 72 1032 295 78 1033 438 317 1034 295 78 1035 24 92 1036 438 317 1037 219 90 1038 24 92 1039 295 78 1040 256 345 1041 40 50 1042 282 346 1043 40 50 1044 54 71 1045 340 347 1046 339 40 1047 297 74 1048 288 38 1049 339 40 1050 139 21 1051 297 74 1052 297 74 1053 139 21 1054 186 348 1055 267 183 1056 227 349 1057 137 350 1058 164 351 1059 227 349 1060 267 183 1061 59 203 1062 164 351 1063 267 183 1064 59 203 1065 251 182 1066 60 202 1067 58 181 1068 222 200 1069 456 179 1070 58 181 1071 289 188 1072 222 200 1073 38 352 1074 189 237 1075 152 246 1076 226 178 1077 56 177 1078 57 353 1079 56 177 1080 279 168 1081 57 353 1082 56 177 1083 143 159 1084 279 168 1085 193 140 1086 439 142 1087 328 354 1088 254 117 1089 193 140 1090 328 354 1091 436 251 1092 328 354 1093 36 252 1094 328 354 1095 436 251 1096 95 118 1097 95 118 1098 46 268 1099 34 119 1100 304 5 1371 22 2 1372 154 16 1373 169 7 1374 154 16 1375 22 2 1376 154 16 1377 169 7 1378 174 13 1379 174 13 1380 10 8 1381 14 17 1382 208 20 1383 257 12 1384 437 10 1385 230 23 1386 201 19 1387 14 17 1388 230 23 1389 5 22 1390 201 19 1391 208 20 1392 248 24 1393 257 12 1394 248 24 1395 407 25 1396 240 27 1397 0 225 1398 453 29 1399 407 25 1400 407 25 1401 4 11 1402 0 225 1403 248 24 1404 240 27 1405 3 31 1406 5 22 1407 344 32 1408 139 21 1409 344 32 1410 5 22 1411 136 33 1412 287 6 1413 17 15 1414 288 38 1415 15 41 1416 139 21 1417 344 32 1418 260 35 1419 321 45 1420 250 43 1421 144 46 1422 321 45 1423 320 44 1424 144 46 1425 320 44 1426 241 53 1427 9 52 1428 420 54 1429 2 63 1430 144 46 1431 241 53 1432 147 51 1433 368 61 1434 445 60 1435 77 55 1436 49 37 1437 368 61 1438 136 33 1439 368 61 1440 106 429 1441 445 60 1442 107 62 1443 406 64 1444 420 54 1445 145 49 1446 313 68 1447 298 65 1448 168 69 1449 28 59 1450 313 68 1451 212 70 1452 40 50 1453 145 49 1454 255 34 1455 168 69 1456 323 48 1457 250 43 1458 167 47 1459 168 69 1460 167 47 1461 147 51 1462 247 58 1463 54 71 1464 212 70 1465 216 289 1466 40 50 1467 340 347 1468 322 437 1469 173 75 1470 43 73 1471 135 39 1472 256 345 1473 170 76 1474 173 75 1475 256 345 1476 294 438 1477 170 76 1478 173 75 1479 135 39 1480 288 38 1481 295 78 1482 19 72 1483 43 73 1484 135 39 1485 19 72 1486 287 6 1487 235 83 1488 217 80 1489 101 89 1490 308 88 1491 86 86 1492 101 89 1493 101 89 1494 217 80 1495 219 90 1496 211 96 1497 64 93 1498 308 88 1499 85 94 1500 184 95 1501 82 98 1502 85 94 1503 82 98 1504 345 104 1505 454 112 1506 244 107 1507 242 105 1508 84 84 1509 345 104 1510 242 105 1511 296 108 1512 345 104 1513 441 109 1514 82 98 1515 441 109 1516 345 104 1517 83 85 1518 244 107 1519 326 111 1520 83 85 1521 84 84 1522 244 107 1523 326 111 1524 235 83 1525 83 85 1526 101 89 1527 83 85 1528 235 83 1529 74 124 1530 102 121 1531 277 123 1532 102 121 1533 259 439 1534 271 122 1535 30 276 1536 427 128 1537 69 125 1538 224 440 1539 259 439 1540 433 114 1541 102 121 1542 433 114 1543 259 439 1544 348 120 1545 333 113 1546 151 116 1547 32 126 1548 335 441 1549 433 114 1550 433 114 1551 335 441 1552 224 440 1553 30 276 1554 69 125 1555 31 127 1556 30 276 1557 338 130 1558 427 128 1559 433 114 1560 102 121 1561 97 135 1562 97 135 1563 178 115 1564 433 114 1565 93 129 1566 74 124 1567 427 128 1568 102 121 1569 93 129 1570 134 442 1571 254 117 1572 178 115 1573 193 140 1574 97 135 1575 102 121 1576 134 442 1577 94 132 1578 93 129 1579 285 131 1580 134 442 1581 93 129 1582 311 136 1583 178 115 1584 97 135 1585 213 134 1586 311 136 1587 319 137 1588 213 134 1589 73 139 1590 213 134 1591 196 138 1592 97 135 1593 134 442 1594 311 136 1595 178 115 1596 213 134 1597 193 140 1598 429 143 1599 94 132 1600 238 133 1601 429 143 1602 319 137 1603 94 132 1604 209 145 1605 138 443 1606 249 146 1607 138 443 1608 318 150 1609 249 146 1610 91 152 1611 262 151 1612 79 444 1613 318 150 1614 273 149 1615 149 153 1616 91 152 1617 79 444 1618 53 155 1619 187 160 1620 203 157 1621 90 147 1622 249 146 1623 149 153 1624 347 161 1625 166 156 1626 8 162 1627 91 152 1628 32 126 1629 149 153 1630 334 154 1631 32 126 1632 333 113 1633 149 153 1634 91 152 1635 8 162 1636 32 126 1637 29 158 1638 237 56 1639 280 169 1640 29 158 1641 207 165 1642 237 56 1643 9 52 1644 191 167 1645 280 169 1646 52 172 1647 57 353 1648 279 168 1649 191 167 1650 52 172 1651 279 168 1652 56 177 1653 41 173 1654 143 159 1655 41 173 1656 100 445 1657 90 147 1658 100 445 1659 209 145 1660 90 147 1661 41 173 1662 7 174 1663 100 445 1664 267 183 1665 179 446 1666 234 184 1667 146 186 1668 58 181 1669 305 180 1670 55 189 1671 58 181 1672 272 187 1673 286 194 1674 303 191 1675 42 190 1676 55 189 1677 12 193 1678 312 195 1679 349 198 1680 42 190 1681 13 9 1682 39 196 1683 6 197 1684 243 447 1685 456 179 1686 222 200 1687 435 99 1688 289 188 1689 18 199 1690 202 201 1691 42 190 1692 349 198 1693 18 199 1694 211 96 1695 430 204 1696 59 203 1697 184 95 1698 59 203 1699 435 99 1700 23 101 1701 202 201 1702 18 199 1703 16 1 1704 422 3 1705 18 199 1706 60 202 1707 435 99 1708 59 203 1709 51 215 1710 190 170 1711 315 166 1712 198 211 1713 406 64 1714 350 209 1715 198 211 1716 405 208 1717 199 212 1718 198 211 1719 162 214 1720 315 166 1721 198 211 1722 315 166 1723 2 63 1724 198 211 1725 200 213 1726 162 214 1727 50 216 1728 171 448 1729 163 217 1730 266 219 1731 171 448 1732 50 216 1733 266 219 1734 50 216 1735 133 220 1736 39 196 1737 78 221 1738 133 220 1739 133 220 1740 0 225 1741 4 11 1742 133 220 1743 4 11 1744 39 196 1745 39 196 1746 243 447 1747 153 222 1748 133 220 1749 50 216 1750 375 226 1751 133 220 1752 375 226 1753 0 225 1754 177 449 1755 76 229 1756 205 228 1757 98 227 1758 76 229 1759 197 450 1760 98 227 1761 197 450 1762 159 234 1763 98 227 1764 159 234 1765 317 233 1766 189 237 1767 160 451 1768 261 238 1769 278 236 1770 205 228 1771 215 239 1772 98 227 1773 317 233 1774 232 240 1775 189 237 1776 215 239 1777 152 246 1778 142 244 1779 71 232 1780 346 248 1781 301 254 1782 302 247 1783 336 255 1784 292 256 1785 455 452 1786 214 257 1787 152 246 1788 70 245 1789 214 257 1790 152 246 1791 103 258 1792 258 260 1793 48 259 1794 152 246 1795 258 260 1796 301 254 1797 310 263 1798 70 245 1799 70 245 1800 310 263 1801 411 264 1802 239 231 1803 47 265 1804 71 232 1805 47 265 1806 300 249 1807 346 248 1808 182 267 1809 428 250 1810 336 255 1811 426 269 1812 182 267 1813 421 270 1814 426 269 1815 157 164 1816 46 268 1817 342 253 1818 426 269 1819 46 268 1820 33 272 1821 421 270 1822 150 280 1823 33 272 1824 150 280 1825 181 275 1826 253 274 1827 204 273 1828 195 277 1829 337 279 1830 293 281 1831 150 280 1832 421 270 1833 337 279 1834 150 280 1835 293 281 1836 337 279 1837 96 278 1838 92 266 1839 337 279 1840 182 267 1841 239 231 1842 195 277 1843 96 278 1844 96 278 1845 47 265 1846 239 231 1847 285 131 1848 239 231 1849 238 133 1850 299 283 1851 158 285 1852 181 275 1853 299 283 1854 229 282 1855 158 285 1856 176 271 1857 158 285 1858 229 282 1859 241 53 1860 280 169 1861 237 56 1862 425 284 1863 140 67 1864 68 66 1865 31 127 1866 440 287 1867 30 276 1868 298 65 1869 329 286 1870 212 70 1871 61 293 1872 283 295 1873 309 320 1874 228 292 1875 231 291 1876 306 297 1877 175 299 1878 264 301 1879 228 292 1880 270 305 1881 410 0 1882 210 303 1883 410 0 1884 233 304 1885 422 3 1886 291 306 1887 25 103 1888 185 102 1889 413 308 1890 422 3 1891 185 102 1892 264 301 1893 236 313 1894 330 307 1895 330 307 1896 223 316 1897 331 296 1898 270 305 1899 210 303 1900 290 310 1901 236 313 1902 291 306 1903 185 102 1904 264 301 1905 175 299 1906 236 313 1907 246 309 1908 81 315 1909 307 314 1910 290 310 1911 210 303 1912 252 312 1913 22 2 1914 20 4 1915 252 312 1916 419 311 1917 252 312 1918 438 317 1919 44 91 1920 217 80 1921 417 318 1922 63 82 1923 343 319 1924 417 318 1925 309 320 1926 65 323 1927 156 325 1928 87 326 1929 269 327 1930 284 328 1931 61 293 1932 309 320 1933 66 331 1934 414 338 1935 423 290 1936 228 292 1937 332 334 1938 27 339 1939 148 330 1940 308 88 1941 62 87 1942 268 340 1943 308 88 1944 192 341 1945 183 342 1946 412 453 1947 211 96 1948 183 342 1949 211 96 1950 412 453 1951 430 204 1952 295 78 1953 21 77 1954 415 344 1955 186 348 1956 15 41 1957 40 50 1958 256 345 1959 186 348 1960 40 50 1961 322 437 1962 282 346 1963 40 50 1964 297 74 1965 186 348 1966 173 75 1967 186 348 1968 256 345 1969 173 75 1970 139 21 1971 15 41 1972 186 348 1973 251 182 1974 456 179 1975 60 202 1976 137 350 1977 179 446 1978 267 183 1979 80 454 1980 137 350 1981 227 349 1982 59 203 1983 11 206 1984 164 351 1985 59 203 1986 267 183 1987 251 182 1988 202 201 1989 222 200 1990 289 188 1991 38 352 1992 160 451 1993 189 237 1994 152 246 1995 48 259 1996 38 352 1997 215 239 1998 232 240 1999 152 246 2000 95 118 2001 254 117 2002 328 354 2003 95 118 2004 436 251 2005 46 268 2006 46 268 2007 157 164 2008 34 119 2009</p>
        </triangles>
        <triangles material="RobeLower-material" count="144">
          <input semantic="VERTEX" source="#GanondorfRobe_LOD0-mesh-vertices" offset="0"/>
          <input semantic="NORMAL" source="#GanondorfRobe_LOD0-mesh-normals" offset="1"/>
          <input semantic="TEXCOORD" source="#GanondorfRobe_LOD0-mesh-map-0" offset="2" set="0"/>
          <p>446 355 1101 444 356 1102 378 357 1103 449 358 1104 378 357 1105 131 359 1106 392 360 1107 449 358 1108 131 359 1109 449 358 1110 392 360 1111 128 361 1112 128 361 1113 443 362 1114 447 363 1115 126 364 1116 354 365 1117 116 366 1118 357 367 1119 393 368 1120 390 369 1121 357 367 1122 361 370 1123 104 210 1124 361 370 1125 357 367 1126 126 364 1127 382 371 1128 104 210 1129 371 372 1130 452 373 1131 382 371 1132 114 374 1133 382 371 1134 393 368 1135 357 367 1136 114 374 1137 450 375 1138 452 373 1139 375 226 1140 388 376 1141 1 224 1142 388 376 1143 451 377 1144 1 224 1145 1 224 1146 451 377 1147 453 29 1148 120 378 1149 388 376 1150 375 226 1151 118 379 1152 448 380 1153 373 381 1154 442 382 1155 118 379 1156 119 383 1157 363 384 1158 119 383 1159 112 385 1160 353 386 1161 356 387 1162 366 388 1163 356 387 1164 353 386 1165 396 389 1166 356 387 1167 447 363 1168 366 388 1169 396 389 1170 384 390 1171 356 387 1172 384 390 1173 389 391 1174 356 387 1175 384 390 1176 369 392 1177 362 393 1178 369 392 1179 384 390 1180 124 394 1181 362 393 1182 369 392 1183 404 395 1184 381 396 1185 362 393 1186 121 397 1187 401 398 1188 447 363 1189 389 391 1190 366 388 1191 443 362 1192 117 399 1193 449 358 1194 401 398 1195 130 400 1196 391 401 1197 449 358 1198 130 400 1199 381 396 1200 367 402 1201 374 403 1202 383 404 1203 391 401 1204 380 405 1205 380 405 1206 391 401 1207 130 400 1208 380 405 1209 381 396 1210 374 403 1211 370 406 1212 372 407 1213 374 403 1214 377 408 1215 370 406 1216 374 403 1217 374 403 1218 385 409 1219 380 405 1220 380 405 1221 385 409 1222 397 410 1223 397 410 1224 383 404 1225 380 405 1226 377 408 1227 123 411 1228 370 406 1229 400 412 1230 383 404 1231 132 413 1232 383 404 1233 400 412 1234 387 414 1235 360 415 1236 351 416 1237 372 407 1238 360 415 1239 123 411 1240 365 417 1241 240 27 1242 108 26 1243 123 411 1244 123 411 1245 110 30 1246 240 27 1247 111 418 1248 385 409 1249 351 416 1250 352 419 1251 351 416 1252 360 415 1253 109 28 1254 451 377 1255 108 26 1256 451 377 1257 112 385 1258 108 26 1259 111 418 1260 394 420 1261 379 421 1262 111 418 1263 379 421 1264 127 422 1265 379 421 1266 355 423 1267 127 422 1268 108 26 1269 112 385 1270 118 379 1271 365 417 1272 108 26 1273 118 379 1274 118 379 1275 394 420 1276 365 417 1277 118 379 1278 398 424 1279 394 420 1280 398 424 1281 118 379 1282 373 381 1283 127 422 1284 132 413 1285 397 410 1286 387 414 1287 446 355 1288 383 404 1289 122 207 1290 350 209 1291 116 366 1292 375 226 1293 50 216 1294 120 378 1295 377 408 1296 359 36 1297 110 30 1298 404 395 1299 129 425 1300 121 397 1301 105 426 1302 129 425 1303 404 395 1304 129 425 1305 49 37 1306 377 408 1307 49 37 1308 129 425 1309 368 61 1310 105 426 1311 376 427 1312 129 425 1313 399 428 1314 106 429 1315 376 427 1316 399 428 1317 445 60 1318 106 429 1319 371 372 1320 445 60 1321 382 371 1322 107 62 1323 445 60 1324 371 372 1325 106 429 1326 368 61 1327 376 427 1328 382 371 1329 402 430 1330 114 374 1331 113 431 1332 402 430 1333 399 428 1334 114 374 1335 402 430 1336 115 432 1337 113 431 1338 364 433 1339 402 430 1340 125 434 1341 364 433 1342 113 431 1343 402 430 1344 364 433 1345 115 432 1346 125 434 1347 113 431 1348 403 435 1349 105 426 1350 113 431 1351 399 428 1352 403 435 1353 113 431 1354 105 426 1355 369 392 1356 124 394 1357 403 435 1358 403 435 1359 124 394 1360 125 434 1361 124 394 1362 396 389 1363 386 436 1364 403 435 1365 105 426 1366 404 395 1367 369 392 1368 403 435 1369 404 395 1370 446 355 2010 387 414 2011 444 356 2012 449 358 2013 391 401 2014 446 355 2015 449 358 2016 446 355 2017 378 357 2018 128 361 2019 447 363 2020 449 358 2021 126 364 2022 357 367 2023 390 369 2024 357 367 2025 104 210 2026 382 371 2027 382 371 2028 452 373 2029 393 368 2030 104 210 2031 361 370 2032 350 209 2033 451 377 2034 388 376 2035 112 385 2036 112 385 2037 388 376 2038 358 455 2039 442 382 2040 448 380 2041 118 379 2042 112 385 2043 358 455 2044 363 384 2045 388 376 2046 395 456 2047 358 455 2048 388 376 2049 120 378 2050 395 456 2051 362 393 2052 389 391 2053 384 390 2054 362 393 2055 130 400 2056 389 391 2057 121 397 2058 362 393 2059 404 395 2060 381 396 2061 130 400 2062 362 393 2063 389 391 2064 130 400 2065 401 398 2066 356 387 2067 389 391 2068 447 363 2069 366 388 2070 447 363 2071 443 362 2072 447 363 2073 401 398 2074 449 358 2075 121 397 2076 367 402 2077 381 396 2078 391 401 2079 383 404 2080 446 355 2081 130 400 2082 381 396 2083 380 405 2084 351 416 2085 374 403 2086 372 407 2087 374 403 2088 367 402 2089 377 408 2090 351 416 2091 385 409 2092 374 403 2093 377 408 2094 110 30 2095 123 411 2096 372 407 2097 370 406 2098 123 411 2099 132 413 2100 383 404 2101 397 410 2102 385 409 2103 127 422 2104 397 410 2105 360 415 2106 372 407 2107 123 411 2108 365 417 2109 123 411 2110 108 26 2111 385 409 2112 111 418 2113 127 422 2114 351 416 2115 352 419 2116 111 418 2117 365 417 2118 352 419 2119 360 415 2120 112 385 2121 119 383 2122 118 379 2123 111 418 2124 352 419 2125 394 420 2126 365 417 2127 394 420 2128 352 419 2129 379 421 2130 394 420 2131 398 424 2132 127 422 2133 355 423 2134 132 413 2135 361 370 2136 116 366 2137 350 209 2138 126 364 2139 116 366 2140 361 370 2141 408 223 2142 120 378 2143 50 216 2144 377 408 2145 367 402 2146 129 425 2147 367 402 2148 121 397 2149 129 425 2150 376 427 2151 105 426 2152 399 428 2153 377 408 2154 49 37 2155 359 36 2156 368 61 2157 129 425 2158 376 427 2159 399 428 2160 382 371 2161 445 60 2162 399 428 2163 402 430 2164 382 371 2165 386 436 2166 125 434 2167 124 394 2168 124 394 2169 384 390 2170 396 389 2171</p>
        </triangles>
      </mesh>
    </geometry>
  </library_geometries>
  <library_controllers>
    <controller id="GanondorfRig_GanondorfRobe_LOD0-skin" name="GanondorfRig">
      <skin source="#GanondorfRobe_LOD0-mesh">
        <bind_shape_matrix>1 0 0 0 0 1 0 0 0 0 1 0 0 0 0 1</bind_shape_matrix>
        <source id="GanondorfRig_GanondorfRobe_LOD0-skin-joints">
          <Name_array id="GanondorfRig_GanondorfRobe_LOD0-skin-joints-array" count="27">BELLY mTorso LEFT_HANDLE mPelvis PELVIS RIGHT_HANDLE CHEST mChest RIGHT_PEC R_CLAVICLE mCollarRight mCollarLeft L_CLAVICLE LEFT_PEC mShoulderLeft L_UPPER_ARM mElbowLeft L_LOWER_ARM mShoulderRight R_UPPER_ARM mElbowRight R_LOWER_ARM BUTT mHipLeft L_UPPER_LEG mHipRight R_UPPER_LEG</Name_array>
          <technique_common>
            <accessor source="#GanondorfRig_GanondorfRobe_LOD0-skin-joints-array" count="27" stride="1">
              <param name="JOINT" type="name"/>
            </accessor>
          </technique_common>
        </source>
        <source id="GanondorfRig_GanondorfRobe_LOD0-skin-bind_poses">
          <float_array id="GanondorfRig_GanondorfRobe_LOD0-skin-bind_poses-array" count="432">1 0 0 -0.02799999 0 1 0 0 0 0 1 -1.191 0 0 0 1 1 0 0 0 0 1 0 0 0 0 1 -1.151 0 0 0 1 1 0 0 0 0 1 0 -0.1 0 0 1 -1.209 0 0 0 1 1 0 0 0 0 1 0 0 0 0 1 -1.067 0 0 0 1 1 0 0 0.00999999 0 1 0 0 0 0 1 -1.047 0 0 0 1 1 0 0 0 0 1 0 0.09999996 0 0 1 -1.209 0 0 0 1 1 0 0 -0.01299995 0 1 0 0 0 0 1 -1.426 0 0 0 1 1 0 0 0.01499998 0 1 0 0 0 0 1 -1.356 0 0 0 1 1 0 0 -0.104 0 1 0 0.08199995 0 0 1 -1.398 0 0 0 1 1 0 0 0.01599997 0 1 0 0.08499997 0 0 1 -1.541 0 0 0 1 1 0 0 0.03599995 0 1 0 0.08499997 0 0 1 -1.521 0 0 0 1 1 0 0 0.03599995 0 1 0 -0.08499997 0 0 1 -1.521 0 0 0 1 1 0 0 0.01599997 0 1 0 -0.08499997 0 0 1 -1.541 0 0 0 1 1 0 0 -0.104 0 1 0 -0.08199995 0 0 1 -1.398 0 0 0 1 1 0 0 0.03599995 0 1 0 -0.164 0 0 1 -1.521 0 0 0 1 1 0 0 0.03599995 0 1 0 -0.284 0 0 1 -1.531 0 0 0 1 1 0 0 0.03599995 0 1 0 -0.412 0 0 1 -1.521 0 0 0 1 1 0 0 0.03599995 0 1 0 -0.512 0 0 1 -1.521 0 0 0 1 1 0 0 0.03599995 0 1 0 0.164 0 0 1 -1.521 0 0 0 1 1 0 0 0.03599995 0 1 0 0.284 0 0 1 -1.531 0 0 0 1 1 0 0 0.03599995 0 1 0 0.412 0 0 1 -1.521 0 0 0 1 1 0 0 0.03599995 0 0.9999999 0 0.512 0 0 1 -1.521 0 0 0 1 1 0 0 0.06 0 1 0 0 0 0 1 -0.967 0 0 0 1 1 0 0 -0.03399997 0 1 0 -0.127 0 0 1 -1.026 0 0 0 1 1 0 0 -0.01399999 0 1 0 -0.07699996 0 0 1 -0.806 0 0 0 1 1 0 0 -0.03399997 0 1 0 0.129 0 0 1 -1.026 0 0 0 1 1 0 0 -0.01399999 0 1 0 0.07899999 0 0 1 -0.806 0 0 0 1</float_array>
          <technique_common>
            <accessor source="#GanondorfRig_GanondorfRobe_LOD0-skin-bind_poses-array" count="27" stride="16">
              <param name="TRANSFORM" type="float4x4"/>
            </accessor>
          </technique_common>
        </source>
        <source id="GanondorfRig_GanondorfRobe_LOD0-skin-weights">
          <float_array id="GanondorfRig_GanondorfRobe_LOD0-skin-weights-array" count="1531">0.4999141 0.4605327 0.03934735 2.0576e-4 0.07991015 0.05827975 0.4309051 0.4309051 0.5 0.4979777 0.002022266 0.5 0.4999935 6.53439e-6 0.4641489 0.4634014 0.03622484 0.03622484 0.07002711 0.07002711 0.4299728 0.4299728 0.5 0.5 0.5 0.485801 0.01419901 0.4434011 0.4434011 0.0565989 0.0565989 0.1035135 0.1035135 0.3964865 0.3964865 0.4759177 0.4759177 0.0240823 0.0240823 0.4474467 0.4474467 0.05255323 0.05255323 0.5 0.4870834 0.01291656 0.02070385 0.02070385 0.4792961 0.4792961 0.4631957 0.4631957 0.03680425 0.03680425 0.5 0.5 0.4378178 0.4378178 0.06218212 0.06218212 0.1735926 0.1735926 0.3264074 0.3264074 0.2351666 0.2351666 0.2648333 0.2648333 0.5 0.5 0.4914412 0.4914412 0.00855875 0.00855875 0.4736719 0.4736719 0.02632808 0.02632808 0.4000001 0.4000001 0.0999999 0.0999999 0.2949624 0.2949624 0.2050377 0.2050377 0.2006146 0.2006146 0.2993854 0.2993854 0.00940907 0.00940907 0.4905909 0.4905909 0.5 0.5 0.5 0.5 0.25 0.25 0.25 0.25 0.2325204 0.2325204 0.2674796 0.2674796 0.4008868 0.4008868 0.09911322 0.09911322 0.4735773 0.4735773 0.02642267 0.02642267 0.4066346 0.4066346 0.09336537 0.09336537 0.4000001 0.4000001 0.0999999 0.0999999 0.2543447 0.2543447 0.2456553 0.2456553 0.5 0.5 0.5 0.5 0.5 0.5 0.5 0.5 0.0795989 0.0795989 0.420401 0.420401 0.499893 0.499893 1.07058e-4 1.07058e-4 0.5 0.4999926 7.44163e-6 0.4999765 0.4999765 2.35513e-5 2.35513e-5 0.2283753 0.2283753 0.2716246 0.2716246 0.0340116 0.0340116 0.4659883 0.4659883 0.5 0.5 0.1341663 0.1341663 0.3658337 0.3658337 0.004298746 0.004298746 0.4957013 0.4957013 0.5 0.5 0.05935257 0.05935257 0.4406153 0.4406796 0.2744499 0.2635359 0.231007 0.231007 0.27149 0.27149 0.2285099 0.2285099 0.5 0.4999972 2.80036e-6 0.5 0.5 0.5 0.5 0.5 0.5 0.5 0.5 0.5000001 0.4999771 2.29665e-5 0.4173861 0.4173861 0.08261388 0.08261388 0.1181524 0.1181524 0.3818476 0.3818476 0.1464781 0.1464781 0.3535218 0.3535218 0.4879599 0.4879599 0.01204001 0.01204001 0.03876328 0.03876328 0.4612367 0.4612367 0.5 0.5 0.5 0.5 0.3942575 0.3942575 0.1057425 0.1057425 0.1937586 0.1937586 0.3062414 0.3062414 0.1079227 0.1079227 0.3920773 0.3920773 0.5 0.5 0.2224124 0.2224124 0.2775875 0.2775875 0.196886 0.196886 0.3031141 0.3031141 0.5 0.5 0.5 0.5 0.5 0.5 0.05946701 0.05946701 0.4405329 0.4405329 0.4392225 0.4392225 0.06077754 0.06077754 0.3876196 0.3876196 0.1123804 0.1123804 0.5 0.4999812 1.87477e-5 0.2713791 0.2713791 0.2286209 0.2286209 0.5 0.5 0.5 0.5 0.01525759 0.01525759 0.4847424 0.4847424 3.21538e-4 3.21538e-4 0.4996784 0.4996784 0.5 0.5 0.5 0.5 3.42099e-4 3.42099e-4 0.4996579 0.4996579 0.5 0.5 0.04136759 0.04136759 0.4586324 0.4586324 0.5 0.5 0.5 0.5 0.3902008 0.3902008 0.1097992 0.1097992 0.3871243 0.3871243 0.1128756 0.1128756 0.03381526 0.03381526 0.4661847 0.4661847 0.01113367 0.01113367 0.4888663 0.4888663 0.5 0.5 0.004064202 0.004064202 0.4959357 0.4959357 0.04871648 0.04871648 0.4512835 0.4512835 0.5 0.5 0.306331 0.306331 0.1936689 0.1936689 0.5 0.5 0.5 0.5 0.5 0.5 0.0892353 0.0892353 0.4107646 0.4107646 0.5 0.5 0.01930481 0.01407927 0.4833079 0.4833079 0.3051895 0.5 0.1948105 0.01582187 0.01558947 0.4830908 0.4854978 0.5 0.5 0.006261527 0.005844056 0.4937089 0.4941855 0.5 0.5 0.2937389 0.2926924 0.2067843 0.2067843 0.151006 0.4932478 0.3422417 0.01350444 0.3066943 0.3105679 0.1913689 0.1913689 0.1715723 0.4722243 0.2936941 0.06250929 0.06916999 0.06916999 0.43083 0.43083 0.0859791 0.0859791 0.4140208 0.4140208 0.1716202 0.1716202 0.3283798 0.3283798 0.5 0.5 0.1959228 0.2928906 0.3035417 0.2076448 0.05723798 0.05723798 0.442762 0.442762 0.1704613 0.1704613 0.3295387 0.3295387 0.3099353 0.5 0.1900647 0.1119039 0.1087267 0.3896847 0.3896847 0.4880967 0.5 0.01190334 0.2974886 0.3824378 0.1600368 0.1600368 0.2285974 0.2848781 0.2432622 0.2432622 0.5 0.5 0.2896425 0.4699914 0.123842 0.1165241 0.3593397 0.3593397 0.1406603 0.1406603 0.4556649 0.5000001 0.04433506 0.1116415 0.5 0.3883585 0.5 0.5 0.2377952 0.3177914 0.2222067 0.2222067 0.4968597 0.4929844 0.005077898 0.005077898 0.5 0.5 0.5 0.5 0.4945805 0.4945796 0.005419909 0.005419909 0.5 0.5 0.5 0.5 0.5 0.5 0.5 0.5 0.001048922 0.001048922 0.498951 0.498951 0.5 0.5 0.4534491 0.4534491 0.04655081 0.04655081 0.5 0.5 0.3970499 0.3970499 0.1029501 0.1029501 0.5 0.5 0.4632588 0.4632588 0.03674119 0.03674119 0.5 0.5 0.2359623 0.2359623 0.2640377 0.2640377 0.3381202 0.3381202 0.1618798 0.1618798 0.1404504 0.1404504 0.3595496 0.3595496 0.5 0.5 0.08963972 0.08963972 0.4103606 0.4103599 0.4416884 0.4416884 0.05831158 0.05831158 0.5 0.4999758 2.42275e-5 0.1587994 0.1587994 0.3412005 0.3412005 0.2947619 0.2947619 0.2052381 0.2052381 0.4367089 0.4367089 0.06329107 0.06329107 0.5 0.5 0.5 0.5 0.5 0.5 0.5 0.4997166 2.83353e-4 0.5066651 0.4824036 0.01093143 0.4992657 0.4992657 7.34258e-4 7.34258e-4 0.5 0.4999856 1.43998e-5 0.5 0.5 0.4762337 0.4762337 0.02376633 0.02376633 0.3784275 0.3784275 0.1215725 0.1215725 0.4843738 0.4843738 0.01562613 0.01562613 0.3423244 0.3423244 0.1576756 0.1576756 0.5 0.4906103 0.009389758 0.5 0.5 0.146427 0.146427 0.3535729 0.3535729 0.06744307 0.06744307 0.4325569 0.4325569 0.01127845 0.01127845 0.4887215 0.4887215 0.4000001 0.4000001 0.0999999 0.0999999 0.0999999 0.0999999 0.4000001 0.4000001 0.001279771 0.001279771 0.4987202 0.4987202 0.5 0.4992346 7.65392e-4 0.4900158 0.4900158 0.009984254 0.009984254 0.4552468 0.4552468 0.04475325 0.04475325 0.1800137 0.1800137 0.3199862 0.3199862 0.3174426 0.3174426 0.1825574 0.1825574 0.2000065 0.2000065 0.2999935 0.2999935 0.07673442 0.07673442 0.4232655 0.4232655 0.5 0.5 0.1207004 0.1207004 0.3792996 0.3792996 0.3269703 0.3269703 0.1730297 0.1730297 0.5 0.5 0.08948117 0.08948117 0.4105192 0.4105185 0.002537846 0.002537846 0.4974621 0.4974621 0.2435521 0.2435521 0.2564479 0.2564479 0.5 0.5 0.5 0.5 0.1380574 0.1380574 0.3619425 0.3619425 0.5 0.5 0.4471204 0.4471204 0.05287957 0.05287957 0.4275936 0.408733 0.0818367 0.0818367 0.5066639 0.4824062 0.01092982 0.5 0.4906129 0.009387135 0.006260812 0.006260812 0.4937392 0.4937392 0.1343305 0.1343305 0.3656695 0.3656695 0.3484472 0.3484472 0.1515527 0.1515527 0.1790422 0.1790422 0.3209577 0.3209577 0.04304945 0.04304945 0.4569506 0.4569506 0.5 0.5 0.335418 0.335418 0.164582 0.164582 0.2950693 0.2950693 0.2049307 0.2049307 0.5 0.5 0.3641167 0.3641167 0.1358832 0.1358832 0.2252607 0.2252607 0.2747392 0.2747392 0.2237599 0.2237599 0.2762401 0.2762401 0.5 0.5 0.08991962 0.08991962 0.4100803 0.4100803 0.02303707 0.02303707 0.4769629 0.4769629 0.494507 0.494507 0.005492985 0.005492985 0.5 0.5 0.5 0.5 0.05006122 0.05006122 0.4499387 0.4499387 0.2550793 0.2550793 0.2449206 0.2449206 0.5 0.5 0.1640039 0.1640039 0.3359961 0.3359961 0.5 0.5 0.3230653 0.3230653 0.1769347 0.1769347 0.5 0.4983994 0.001600682 0.5 0.4991755 8.24502e-4 0.5 0.5 0.2070319 0.2070319 0.292968 0.292968 0.482145 0.482145 0.01785504 0.01785504 0.05219972 0.05219972 0.4478002 0.4478002 0.3406705 0.3406705 0.1593295 0.1593295 0.2445397 0.2445397 0.2554602 0.2554602 0.174564 0.174564 0.325436 0.325436 0.5 0.4950249 0.00497508 0.5 0.5 0.01261246 0.01261246 0.4873875 0.4873875 0.4400092 0.4400092 0.05999082 0.05999082 0.00194478 0.00194478 0.4980552 0.4980552 0.007304608 0.007304608 0.4926953 0.4926953 0.3242111 0.3182657 0.1787616 0.1787616 0.02189666 0.02189666 0.4781033 0.4781033 0.5 0.5 0.5 0.4999754 2.46146e-5 0.5 0.5 0.5 0.5 0.05204373 0.05204373 0.4479562 0.4479562 0.3028726 0.3028726 0.1971274 0.1971274 0.3918313 0.3918312 0.1081687 0.1081687 0.3412686 0.3412685 0.1587314 0.1587314 0.5 0.5 0.3001453 0.3001453 0.1998547 0.1998547 0.3318526 0.3318526 0.1681473 0.1681473 0.4077268 0.4077268 0.09227311 0.09227311 3.10862e-4 3.10862e-4 0.4996891 0.4996891 0.004408419 0.004408419 0.4955916 0.4955916 0.5 0.5 0.05180448 0.05180448 0.4481955 0.4481955 0.5 0.5 0.2472175 0.2472175 0.2527824 0.2527824 0.2952167 0.2952167 0.2047832 0.2047832 0.5 0.5 0.5 0.5 0.5 0.5 0.5 0.5 0.0999999 0.0999999 0.4000001 0.4000001 0.5 0.4997016 2.98404e-4 0.3688898 0.3688898 0.1311101 0.1311101 0.2683893 0.2683893 0.2316107 0.2316107 0.04011583 0.04011583 0.4598842 0.4598842 0.2360895 0.2360895 0.2639105 0.2639105 0.2575857 0.2575857 0.2424143 0.2424143 0.5 0.5 0.5 0.499233 7.67062e-4 0.1757133 0.1757133 0.3242867 0.3242867 0.5 0.5 0.4483388 0.4483388 0.05166113 0.05166113 0.2753348 0.2753348 0.2246652 0.2246652 0.5 0.5 0.5 0.5 0.453217 0.453217 0.04678303 0.04678303 0.5 0.4950208 0.004979252 0.5 0.5 0.5 0.5 0.5 0.5 0.0354253 0.0354253 0.4645747 0.4645747 0.5 0.4996903 3.09734e-4 0.5 0.5 0.1284276 0.1284276 0.3715723 0.3715723 0.4293691 0.4293691 0.07063084 0.07063084 0.2184336 0.2184336 0.2815664 0.2815664 0.01427417 0.01427417 0.4857258 0.4857258 0.3404516 0.3404516 0.1595484 0.1595484 0.2194395 0.2194395 0.2805604 0.2805604 0.4944773 0.4944773 0.005522727 0.005522727 0.3000946 0.3000946 0.1999054 0.1999054 0.5 0.5 0.250526 0.250526 0.2494741 0.2494741 0.08860695 0.08860695 0.411393 0.411393 0.04557019 0.04557019 0.4544298 0.4544298 6.39271e-4 6.39271e-4 0.4993607 0.4993607 0.5 0.5 0.5 0.5 0.5 0.4991134 8.86593e-4 0.4755207 0.4755207 0.02447926 0.02447926 0.5000001 0.4996091 3.9081e-4 0.4750305 0.4750305 0.02496945 0.02496945 0.008892476 0.008892476 0.4911075 0.4911075 0.03146171 0.03146171 0.4685382 0.4685382 0.4206207 0.4206207 0.07937926 0.07937926 0.5 0.5 0.5 0.5 0.5 0.4985565 0.001443505 0.1453077 0.1453077 0.3546923 0.3546923 0.4164605 0.4164603 0.08353954 0.08353954 0.3141598 0.3141598 0.1858401 0.1858401 0.5 0.5 0.4998636 0.4998636 1.36456e-4 1.36456e-4 0.5000001 0.4996107 3.89173e-4 0.5 0.5 0.2471413 0.2471413 0.2528587 0.2528587 0.07969659 0.07969659 0.4203035 0.4203035 0.5 0.5 0.3828424 0.3828424 0.1171576 0.1171576 0.2817149 0.2817149 0.2182852 0.2182852 0.4146891 0.4146891 0.08531081 0.08531081 0.5 0.5 0.2706809 0.2706809 0.229319 0.229319 0.5 0.5 0.2205863 0.2205863 0.2794137 0.2794137 3.56281e-4 3.56281e-4 0.4996437 0.4996437 0.5 0.5 0.5 0.5 0.2789995 0.2789995 0.2210004 0.2210004 0.3323383 0.3323383 0.1676617 0.1676617 0.3658623 0.3658623 0.1341377 0.1341377 0.5 0.5 0.1794492 0.1794492 0.3205508 0.3205508 0.191035 0.191035 0.308965 0.308965 0.4226391 0.4226391 0.07736092 0.07736092 0.5 0.5 0.2148125 0.2148125 0.2851874 0.2851874 0.06167864 0.06167864 0.4383213 0.4383213 0.5 0.5 0.08897048 0.08897048 0.4110296 0.4110296 0.5 0.5 0.5 0.5 0.2043671 0.2043671 0.2956329 0.2956329 0.4583376 0.4583376 0.04166239 0.04166239 0.4858875 0.4858875 0.01411253 0.01411253 0.008793413 0.00809729 0.4915546 0.4915546 0.2104251 0.5 0.2895749 0.1943276 0.4985442 0.3042166 0.002911448 0.1956308 0.2389118 0.2827287 0.2827287 0.01056468 0.01056468 0.4894353 0.4894353 0.1712723 0.199367 0.3146803 0.3146803 0.2833181 0.4686989 0.1492168 0.0987662 0.1564467 0.1564467 0.3435533 0.3435533 0.5 0.5 0.08171337 0.08171337 0.4182866 0.4182866 0.3778448 0.5 0.1221552 0.4116023 0.4116023 0.08839774 0.08839774 0.1303656 0.5 0.3696344 0.5 0.5 0.1575369 0.1939335 0.3242648 0.3242648 0.3286327 0.4954606 0.1668279 0.009078741 0.1735862 0.2015809 0.3124164 0.3124164 0.3286232 0.5 0.1713767 0.3034029 0.2994831 0.198557 0.198557 0.2146695 0.4885914 0.2524392 0.0442999 0.4255282 0.5 0.07447177 0.5 0.5 0.407691 0.5 0.09230905 0.08624273 0.08624273 0.4137573 0.4137573 0.3065639 0.5 0.193436 0.03840047 0.03536045 0.4631195 0.4631195 0.4893345 0.5 0.01066541 0.4770028 0.5 0.02299714 0.209278 0.209278 0.290722 0.290722 0.2323674 0.2896965 0.2389808 0.2389553 0.1174224 0.5 0.3825776 0.1877768 0.5 0.3122231 0.3553161 0.3744699 0.135107 0.135107 0.243691 0.4739733 0.1987963 0.08353924 0.3065093 0.4652224 0.1084665 0.1198018 0.1294925 0.5 0.3705075 0.17449 0.203853 0.3108285 0.3108285 0.1711251 0.198723 0.3150759 0.3150759 0.2683178 0.2683178 0.2316821 0.2316821 0.1562197 0.4811081 0.3115758 0.05109643 0.5 0.5 0.3291769 0.2363085 0.2172573 0.2172573 0.5 0.5 0.5 0.5 0.2198631 0.4636358 0.2140913 0.1024098 0.007781982 0.007781982 0.492218 0.492218 0.2365746 0.3161527 0.2236363 0.2236363 0.3007093 0.4695115 0.1114734 0.1183058 0.1582016 0.1946801 0.3235591 0.3235591 0.3367829 0.4988718 0.1620888 0.002256393 0.1967691 0.2408477 0.2811915 0.2811915 0.3894473 0.3005561 0.1549983 0.1549983 0.1668736 0.2655276 0.3253032 0.2422955 0.1995172 0.4829152 0.262742 0.0548256 0.1461133 0.5 0.3538866 0.299889 0.2898992 0.2051059 0.2051059 0.4727223 0.4191318 0.05407291 0.05407291 0.4986327 0.4945691 0.0038836 0.002914428 0.1119197 0.1087421 0.3896691 0.3896691 0.2999007 0.2899103 0.2050945 0.2050945 0.3708537 0.3708537 0.1291463 0.1291463 0.4749395 0.4749395 0.02506047 0.02506047 0.365774 0.365774 0.1342259 0.1342259 0.3226962 0.3226962 0.1773037 0.1773037 0.5 0.5 0.3841516 0.3841516 0.1158484 0.1158484 0.2075858 0.2075858 0.2924142 0.2924142 0.5 0.5 0.5 0.5 0.1525294 0.1525294 0.3474706 0.3474706 0.4998366 0.499363 4.57999e-4 3.42394e-4 0.3716188 0.3716188 0.1283813 0.1283813 0.3412524 0.3412524 0.1587476 0.1587476 0.1092063 0.1092063 0.3907936 0.3907936 0.5 0.5 0.5 0.5 0.320749 0.320749 0.179251 0.179251 0.07561635 0.07561635 0.4243836 0.4243836 0.5 0.5 0.5 0.5 0.4064156 0.4064156 0.09358441 0.09358441 0.216412 0.216412 0.2835879 0.2835879 0.5 0.5 0.2260323 0.2260323 0.2739677 0.2739677 0.5 0.5 0.4654029 0.4654029 0.03459715 0.03459715 0.01124882 0.01124882 0.4887511 0.4887511 0.01616579 0.01616579 0.4838342 0.4838342 0.4556919 0.4556919 0.04430806 0.04430806 0.5 0.5 0.4903006 0.4903006 0.009699404 0.009699404 0.5 0.5 0.07030695 0.07030695 0.429693 0.429693 0.5 0.5 0.5 0.5 0.2312067 0.2184889 0.2751522 0.2751522 0.03392052 0.05910962 0.4566143 0.4503555 0.02339947 0.05891573 0.4601801 0.4575046 0.0680508 0.0680508 0.4319491 0.4319491 0.4000007 0.5 0.0999993 0.07026165 0.07026165 0.4297384 0.4297384 0.5 0.5 0.05652964 0.05652964 0.4434703 0.4434703 0.01570183 0.01456612 0.484866 0.484866 0.5 0.5 0.1666666 0.1666666 0.3333333 0.3333333 0.2019879 0.2019879 0.2980121 0.2980121</float_array>
          <technique_common>
            <accessor source="#GanondorfRig_GanondorfRobe_LOD0-skin-weights-array" count="1531" stride="1">
              <param name="WEIGHT" type="float"/>
            </accessor>
          </technique_common>
        </source>
        <joints>
          <input semantic="JOINT" source="#GanondorfRig_GanondorfRobe_LOD0-skin-joints"/>
          <input semantic="INV_BIND_MATRIX" source="#GanondorfRig_GanondorfRobe_LOD0-skin-bind_poses"/>
        </joints>
        <vertex_weights count="457">
          <input semantic="JOINT" source="#GanondorfRig_GanondorfRobe_LOD0-skin-joints" offset="0"/>
          <input semantic="WEIGHT" source="#GanondorfRig_GanondorfRobe_LOD0-skin-weights" offset="1"/>
          <vcount>4 4 3 3 4 4 2 3 4 4 4 4 3 4 4 2 4 4 4 2 4 4 4 4 4 4 2 2 4 4 4 4 4 4 4 2 2 2 2 4 4 3 4 4 4 2 4 4 2 4 4 4 3 2 2 2 2 3 4 4 4 4 4 2 2 4 4 4 2 4 4 2 2 2 4 4 4 3 4 2 2 4 4 2 2 4 2 4 2 2 4 4 4 4 2 4 4 2 4 2 2 2 4 2 4 3 4 2 4 2 4 4 4 4 4 4 4 2 4 4 4 3 4 3 4 4 2 4 4 3 3 2 4 4 2 2 4 2 2 2 2 4 2 4 2 4 2 4 2 4 4 4 2 4 4 3 4 4 4 2 2 2 3 3 4 3 2 4 4 4 4 3 2 4 4 4 4 4 4 3 4 4 4 4 4 4 2 4 4 2 4 4 4 2 2 4 2 4 4 3 3 4 4 4 4 4 2 4 4 2 4 4 4 2 4 4 4 2 2 4 4 2 4 2 4 3 3 2 4 4 4 4 4 4 3 2 4 4 4 4 4 4 2 3 2 2 4 4 4 4 2 4 4 4 4 4 2 4 2 4 4 2 2 2 2 4 3 4 4 4 4 4 2 3 4 2 4 4 2 2 4 3 2 2 2 4 3 2 4 4 4 4 4 4 4 4 2 4 4 4 4 2 2 3 4 3 4 4 4 4 2 2 3 4 4 4 2 4 3 2 4 4 2 4 4 4 2 4 2 4 4 2 2 4 4 4 2 4 4 4 2 4 4 2 4 2 2 4 4 4 4 3 4 4 4 4 4 4 2 4 3 4 3 2 4 4 4 3 4 4 3 2 3 4 3 4 3 3 4 4 3 3 4 4 4 3 4 4 4 4 2 4 2 2 4 4 4 4 4 4 4 4 4 4 3 4 4 4 4 4 4 4 4 4 2 4 4 2 2 4 4 4 4 4 2 2 4 4 2 2 4 4 2 4 2 4 4 4 4 2 4 2 4 2 2 4 4 4 4 3 4 2 4 4 2 4 4 </vcount>
          <v>0 0 1 1 2 2 3 3 0 4 1 5 3 6 4 7 0 8 1 9 5 10 0 11 1 12 2 13 0 14 1 15 6 16 7 17 0 18 1 19 6 20 7 21 6 22 7 23 6 24 7 25 8 26 6 27 7 28 9 29 10 30 0 31 1 32 6 33 7 34 6 35 7 36 11 37 12 38 6 39 7 40 11 41 12 42 6 43 7 44 13 45 0 46 1 47 6 48 7 49 6 50 7 51 11 52 12 53 6 54 7 55 11 56 12 57 14 58 15 59 6 60 7 61 11 62 12 63 6 64 7 65 11 66 12 67 11 68 12 69 11 70 12 71 14 72 15 73 11 74 12 75 14 76 15 77 11 78 12 79 14 80 15 81 11 82 12 83 14 84 15 85 11 86 12 87 14 88 15 89 11 90 12 91 14 92 15 93 14 94 15 95 16 96 17 97 6 98 7 99 9 100 10 101 6 102 7 103 9 104 10 105 9 106 10 107 18 108 19 109 9 110 10 111 18 112 19 113 9 114 10 115 18 116 19 117 9 118 10 119 18 120 19 121 9 122 10 123 18 124 19 125 18 126 19 127 18 128 19 129 18 130 19 131 20 132 21 133 0 134 1 135 6 136 7 137 6 138 7 139 9 140 10 141 6 142 7 143 8 144 6 145 7 146 11 147 12 148 6 149 7 150 11 151 12 152 11 153 12 154 14 155 15 156 16 157 17 158 9 159 10 160 18 161 19 162 9 163 10 164 18 165 19 166 20 167 21 168 0 169 1 170 3 171 4 172 0 173 1 174 3 175 4 176 0 177 1 178 6 179 7 180 6 181 7 182 8 183 6 184 7 185 6 186 7 187 6 188 7 189 6 190 7 191 6 192 7 193 8 194 6 195 7 196 11 197 12 198 6 199 7 200 11 201 12 202 6 203 7 204 11 205 12 206 14 207 15 208 16 209 17 210 11 211 12 212 14 213 15 214 14 215 15 216 14 217 15 218 14 219 15 220 16 221 17 222 14 223 15 224 16 225 17 226 6 227 7 228 9 229 10 230 9 231 10 232 9 233 10 234 18 235 19 236 18 237 19 238 20 239 21 240 18 241 19 242 18 243 19 244 18 245 19 246 9 247 10 248 18 249 19 250 18 251 19 252 20 253 21 254 18 255 19 256 20 257 21 258 0 259 1 260 5 261 0 262 1 263 6 264 7 265 6 266 7 267 6 268 7 269 11 270 12 271 14 272 15 273 11 274 12 275 14 276 15 277 14 278 15 279 14 280 15 281 11 282 12 283 14 284 15 285 14 286 15 287 14 288 15 289 16 290 17 291 16 292 17 293 16 294 17 295 6 296 7 297 9 298 10 299 6 300 7 301 9 302 10 303 9 304 10 305 18 306 19 307 9 308 10 309 18 310 19 311 18 312 19 313 9 314 10 315 18 316 19 317 9 318 10 319 18 320 19 321 18 322 19 323 18 324 19 325 20 326 21 327 6 328 7 329 6 330 7 331 14 332 15 333 9 334 10 335 18 336 19 337 20 338 21 339 0 340 1 341 3 342 4 343 3 344 4 345 22 346 0 347 1 348 3 349 4 350 3 351 4 352 0 353 1 354 3 355 4 356 3 357 4 358 0 359 1 360 3 361 4 362 3 363 4 364 22 365 23 366 3 367 4 368 23 369 24 370 3 371 4 372 22 373 25 374 3 375 4 376 25 377 26 378 3 379 4 380 25 381 26 382 3 383 4 384 25 385 26 386 25 387 26 388 3 389 4 390 23 391 24 392 3 393 4 394 23 395 24 396 3 397 4 398 23 399 24 400 3 401 4 402 22 403 0 404 1 405 3 406 4 407 3 408 4 409 22 410 3 411 4 412 25 413 26 414 3 415 4 416 25 417 26 418 25 419 26 420 3 421 4 422 22 423 23 424 3 425 4 426 25 427 26 428 3 429 4 430 22 431 3 432 4 433 22 434 3 435 4 436 3 437 4 438 23 439 24 440 0 441 1 442 6 443 7 444 18 445 19 446 11 447 12 448 0 449 1 450 6 451 7 452 6 453 7 454 6 455 7 456 6 457 7 458 9 459 10 460 9 461 10 462 18 463 19 464 18 465 19 466 6 467 7 468 9 469 10 470 6 471 7 472 6 473 7 474 9 475 10 476 6 477 7 478 6 479 7 480 9 481 10 482 16 483 17 484 6 485 7 486 9 487 10 488 9 489 10 490 18 491 19 492 9 493 10 494 18 495 19 496 20 497 21 498 0 499 1 500 6 501 7 502 11 503 12 504 14 505 15 506 6 507 7 508 8 509 14 510 15 511 16 512 17 513 9 514 10 515 18 516 19 517 9 518 10 519 18 520 19 521 18 522 19 523 20 524 21 525 14 526 15 527 0 528 1 529 5 530 0 531 1 532 2 533 6 534 7 535 11 536 12 537 6 538 7 539 13 540 6 541 7 542 6 543 7 544 9 545 10 546 6 547 7 548 9 549 10 550 11 551 12 552 14 553 15 554 6 555 7 556 11 557 12 558 0 559 1 560 2 561 18 562 19 563 6 564 7 565 11 566 12 567 6 568 7 569 11 570 12 571 11 572 12 573 14 574 15 575 9 576 10 577 18 578 19 579 18 580 19 581 20 582 21 583 9 584 10 585 18 586 19 587 6 588 7 589 13 590 11 591 12 592 14 593 15 594 9 595 10 596 18 597 19 598 9 599 10 600 18 601 19 602 11 603 12 604 14 605 15 606 11 607 12 608 14 609 15 610 11 611 12 612 14 613 15 614 6 615 7 616 6 617 7 618 9 619 10 620 6 621 7 622 9 623 10 624 20 625 21 626 0 627 1 628 6 629 7 630 0 631 1 632 6 633 7 634 11 635 12 636 14 637 15 638 18 639 19 640 18 641 19 642 9 643 10 644 18 645 19 646 18 647 19 648 18 649 19 650 20 651 21 652 0 653 1 654 3 655 4 656 0 657 1 658 5 659 0 660 1 661 5 662 0 663 1 664 6 665 7 666 6 667 7 668 11 669 12 670 6 671 7 672 9 673 10 674 9 675 10 676 18 677 19 678 18 679 19 680 20 681 21 682 6 683 7 684 9 685 10 686 18 687 19 688 0 689 1 690 6 691 7 692 6 693 7 694 11 695 12 696 14 697 15 698 11 699 12 700 14 701 15 702 6 703 7 704 9 705 10 706 18 707 19 708 18 709 19 710 20 711 21 712 18 713 19 714 20 715 21 716 6 717 7 718 9 719 10 720 14 721 15 722 16 723 17 724 11 725 12 726 14 727 15 728 11 729 12 730 14 731 15 732 14 733 15 734 6 735 7 736 11 737 12 738 14 739 15 740 9 741 10 742 18 743 19 744 6 745 7 746 8 747 6 748 7 749 8 750 6 751 7 752 14 753 15 754 16 755 17 756 9 757 10 758 18 759 19 760 0 761 1 762 6 763 7 764 14 765 15 766 16 767 17 768 18 769 19 770 20 771 21 772 11 773 12 774 14 775 15 776 6 777 7 778 13 779 14 780 15 781 11 782 12 783 14 784 15 785 9 786 10 787 18 788 19 789 9 790 10 791 18 792 19 793 9 794 10 795 18 796 19 797 0 798 1 799 3 800 4 801 0 802 1 803 6 804 7 805 14 806 15 807 6 808 7 809 13 810 14 811 15 812 14 813 15 814 11 815 12 816 14 817 15 818 6 819 7 820 9 821 10 822 0 823 1 824 6 825 7 826 6 827 7 828 9 829 10 830 6 831 7 832 6 833 7 834 11 835 12 836 11 837 12 838 14 839 15 840 9 841 10 842 18 843 19 844 9 845 10 846 18 847 19 848 0 849 1 850 6 851 7 852 6 853 7 854 0 855 1 856 6 857 7 858 20 859 21 860 9 861 10 862 18 863 19 864 0 865 1 866 6 867 7 868 20 869 21 870 6 871 7 872 16 873 17 874 14 875 15 876 14 877 15 878 16 879 17 880 0 881 1 882 2 883 6 884 7 885 11 886 12 887 11 888 12 889 14 890 15 891 14 892 15 893 16 894 17 895 11 896 12 897 14 898 15 899 9 900 10 901 18 902 19 903 6 904 7 905 6 906 7 907 8 908 11 909 12 910 14 911 15 912 14 913 15 914 14 915 15 916 16 917 17 918 9 919 10 920 18 921 19 922 20 923 21 924 6 925 7 926 6 927 7 928 9 929 10 930 6 931 7 932 8 933 6 934 7 935 14 936 15 937 16 938 17 939 9 940 10 941 18 942 19 943 6 944 7 945 13 946 11 947 12 948 6 949 7 950 11 951 12 952 6 953 7 954 11 955 12 956 11 957 12 958 14 959 15 960 11 961 12 962 14 963 15 964 18 965 19 966 20 967 21 968 9 969 10 970 18 971 19 972 6 973 7 974 11 975 12 976 11 977 12 978 14 979 15 980 14 981 15 982 6 983 7 984 11 985 12 986 6 987 7 988 9 989 10 990 6 991 7 992 9 993 10 994 9 995 10 996 18 997 19 998 18 999 19 1000 18 1001 19 1002 6 1003 7 1004 13 1005 11 1006 12 1007 14 1008 15 1009 6 1010 7 1011 13 1012 14 1013 15 1014 16 1015 17 1016 11 1017 12 1018 14 1019 15 1020 11 1021 12 1022 14 1023 15 1024 14 1025 15 1026 16 1027 17 1028 18 1029 19 1030 18 1031 19 1032 6 1033 7 1034 13 1035 6 1036 7 1037 9 1038 10 1039 0 1040 1 1041 6 1042 7 1043 0 1044 1 1045 6 1046 7 1047 14 1048 15 1049 18 1050 19 1051 20 1052 21 1053 6 1054 7 1055 8 1056 18 1057 19 1058 0 1059 1 1060 6 1061 7 1062 0 1063 1 1064 6 1065 7 1066 6 1067 7 1068 6 1069 7 1070 9 1071 10 1072 6 1073 7 1074 11 1075 12 1076 6 1077 7 1078 11 1079 12 1080 14 1081 15 1082 14 1083 15 1084 16 1085 17 1086 18 1087 19 1088 6 1089 7 1090 9 1091 10 1092 11 1093 12 1094 14 1095 15 1096 14 1097 15 1098 16 1099 17 1100 9 1101 10 1102 18 1103 19 1104 6 1105 7 1106 9 1107 10 1108 9 1109 10 1110 18 1111 19 1112 18 1113 19 1114 9 1115 10 1116 18 1117 19 1118 9 1119 10 1120 18 1121 19 1122 6 1123 7 1124 11 1125 12 1126 6 1127 7 1128 6 1129 7 1130 11 1131 12 1132 9 1133 10 1134 18 1135 19 1136 14 1137 15 1138 0 1139 1 1140 6 1141 7 1142 14 1143 15 1144 18 1145 19 1146 6 1147 7 1148 9 1149 10 1150 9 1151 10 1152 18 1153 19 1154 6 1155 7 1156 11 1157 12 1158 0 1159 1 1160 3 1161 4 1162 3 1163 4 1164 22 1165 3 1166 4 1167 22 1168 23 1169 3 1170 4 1171 25 1172 26 1173 3 1174 4 1175 25 1176 26 1177 3 1178 4 1179 23 1180 24 1181 3 1182 4 1183 22 1184 25 1185 3 1186 4 1187 25 1188 26 1189 23 1190 24 1191 0 1192 1 1193 3 1194 4 1195 3 1196 4 1197 22 1198 3 1199 4 1200 25 1201 26 1202 3 1203 4 1204 22 1205 23 1206 24 1207 3 1208 4 1209 25 1210 26 1211 3 1212 4 1213 22 1214 23 1215 3 1216 4 1217 25 1218 26 1219 3 1220 4 1221 22 1222 0 1223 1 1224 3 1225 4 1226 3 1227 4 1228 22 1229 25 1230 3 1231 4 1232 22 1233 3 1234 4 1235 3 1236 4 1237 22 1238 3 1239 4 1240 23 1241 24 1242 3 1243 4 1244 22 1245 0 1246 1 1247 3 1248 4 1249 3 1250 4 1251 22 1252 3 1253 4 1254 22 1255 3 1256 4 1257 23 1258 24 1259 3 1260 4 1261 23 1262 24 1263 3 1264 4 1265 22 1266 3 1267 4 1268 22 1269 3 1270 4 1271 25 1272 26 1273 3 1274 4 1275 22 1276 23 1277 3 1278 4 1279 22 1280 25 1281 3 1282 4 1283 22 1284 3 1285 4 1286 25 1287 26 1288 3 1289 4 1290 23 1291 24 1292 3 1293 4 1294 23 1295 24 1296 3 1297 4 1298 22 1299 25 1300 25 1301 26 1302 4 1303 22 1304 23 1305 24 1306 3 1307 4 1308 25 1309 26 1310 3 1311 4 1312 22 1313 23 1314 3 1315 4 1316 23 1317 24 1318 3 1319 4 1320 25 1321 26 1322 3 1323 4 1324 22 1325 23 1326 3 1327 4 1328 23 1329 24 1330 3 1331 4 1332 22 1333 25 1334 3 1335 4 1336 23 1337 24 1338 4 1339 22 1340 25 1341 26 1342 3 1343 4 1344 25 1345 26 1346 3 1347 4 1348 22 1349 25 1350 3 1351 4 1352 22 1353 0 1354 1 1355 3 1356 4 1357 0 1358 1 1359 3 1360 4 1361 0 1362 1 1363 2 1364 4 1365 0 1366 1 1367 3 1368 4 1369 0 1370 1 1371 3 1372 4 1373 11 1374 12 1375 14 1376 15 1377 18 1378 19 1379 20 1380 21 1381 11 1382 12 1383 14 1384 15 1385 11 1386 12 1387 14 1388 15 1389 16 1390 17 1391 11 1392 12 1393 14 1394 15 1395 11 1396 12 1397 14 1398 15 1399 14 1400 15 1401 16 1402 17 1403 11 1404 12 1405 14 1406 15 1407 0 1408 1 1409 5 1410 6 1411 9 1412 10 1413 18 1414 19 1415 11 1416 12 1417 14 1418 15 1419 14 1420 15 1421 16 1422 17 1423 20 1424 21 1425 9 1426 10 1427 9 1428 10 1429 18 1430 19 1431 9 1432 10 1433 18 1434 19 1435 18 1436 19 1437 18 1438 19 1439 11 1440 12 1441 14 1442 15 1443 6 1444 7 1445 9 1446 10 1447 14 1448 15 1449 9 1450 10 1451 18 1452 19 1453 18 1454 19 1455 11 1456 12 1457 14 1458 15 1459 9 1460 10 1461 18 1462 19 1463 0 1464 1 1465 6 1466 7 1467 11 1468 12 1469 14 1470 15 1471 18 1472 19 1473 9 1474 10 1475 18 1476 19 1477 14 1478 15 1479 3 1480 4 1481 23 1482 24 1483 25 1484 26 1485 23 1486 24 1487 0 1488 1 1489 3 1490 4 1491 3 1492 4 1493 23 1494 24 1495 3 1496 4 1497 25 1498 26 1499 3 1500 4 1501 23 1502 24 1503 3 1504 4 1505 22 1506 3 1507 4 1508 25 1509 26 1510 3 1511 4 1512 3 1513 4 1514 25 1515 26 1516 0 1517 1 1518 3 1519 4 1520 14 1521 15 1522 18 1523 19 1524 20 1525 21 1526 6 1527 7 1528 11 1529 12 1530</v>
        </vertex_weights>
      </skin>
    </controller>
  </library_controllers>
  <library_visual_scenes>
    <visual_scene id="Scene" name="Scene">
      <node id="GanondorfRig" name="GanondorfRig" type="NODE">
        <matrix sid="transform">1 0 0 0 0 1 0 0 0 0 1 0 0 0 0 1</matrix>
        <node id="GanondorfRig_mPelvis" name="mPelvis" sid="mPelvis" type="JOINT">
          <matrix sid="transform">1 0 0 0 0 1 0 0 0 0 1 1.067 0 0 0 1</matrix>
          <node id="GanondorfRig_PELVIS" name="PELVIS" sid="PELVIS" type="JOINT">
            <matrix sid="transform">1 0 0 -0.01 0 1 0 0 0 0 1 -0.01999998 0 0 0 1</matrix>
            <extra>
              <technique profile="blender">
                <layer sid="layer" type="string">0</layer>
                <roll sid="roll" type="float">0.1396263</roll>
                <tip_x sid="tip_x" type="float">0</tip_x>
                <tip_y sid="tip_y" type="float">0.02999997</tip_y>
                <tip_z sid="tip_z" type="float">0</tip_z>
              </technique>
            </extra>
          </node>
          <node id="GanondorfRig_BUTT" name="BUTT" sid="BUTT" type="JOINT">
            <matrix sid="transform">1 0 0 -0.06 0 1 0 0 0 0 1 -0.1 0 0 0 1</matrix>
            <extra>
              <technique profile="blender">
                <layer sid="layer" type="string">0</layer>
                <tip_x sid="tip_x" type="float">0</tip_x>
                <tip_y sid="tip_y" type="float">0.02999997</tip_y>
                <tip_z sid="tip_z" type="float">0</tip_z>
              </technique>
            </extra>
          </node>
          <node id="GanondorfRig_mSpine1" name="mSpine1" sid="mSpine1" type="JOINT">
            <matrix sid="transform">1 0 0 0 0 1 0 0 0 0 1 0.08399999 0 0 0 1</matrix>
            <node id="GanondorfRig_mSpine2" name="mSpine2" sid="mSpine2" type="JOINT">
              <matrix sid="transform">1 0 0 0 0 1 0 0 0 0 1 -0.08399999 0 0 0 1</matrix>
              <node id="GanondorfRig_mTorso" name="mTorso" sid="mTorso" type="JOINT">
                <matrix sid="transform">1 0 0 0 0 1 0 0 0 0 1 0.08399999 0 0 0 1</matrix>
                <node id="GanondorfRig_BELLY" name="BELLY" sid="BELLY" type="JOINT">
                  <matrix sid="transform">1 0 0 0.028 0 1 0 0 0 0 1 0.03999996 0 0 0 1</matrix>
                  <extra>
                    <technique profile="blender">
                      <layer sid="layer" type="string">0</layer>
                      <roll sid="roll" type="float">0.1396263</roll>
                      <tip_x sid="tip_x" type="float">0</tip_x>
                      <tip_y sid="tip_y" type="float">0.02999997</tip_y>
                      <tip_z sid="tip_z" type="float">0</tip_z>
                    </technique>
                  </extra>
                </node>
                <node id="GanondorfRig_LEFT_HANDLE" name="LEFT_HANDLE" sid="LEFT_HANDLE" type="JOINT">
                  <matrix sid="transform">1 0 0 0 0 1 0 0.1 0 0 1 0.05799997 0 0 0 1</matrix>
                  <extra>
                    <technique profile="blender">
                      <layer sid="layer" type="string">0</layer>
                      <tip_x sid="tip_x" type="float">0</tip_x>
                      <tip_y sid="tip_y" type="float">0.02999997</tip_y>
                      <tip_z sid="tip_z" type="float">0</tip_z>
                    </technique>
                  </extra>
                </node>
                <node id="GanondorfRig_RIGHT_HANDLE" name="RIGHT_HANDLE" sid="RIGHT_HANDLE" type="JOINT">
                  <matrix sid="transform">1 0 0 0 0 1 0 -0.09999999 0 0 1 0.05799997 0 0 0 1</matrix>
                  <extra>
                    <technique profile="blender">
                      <layer sid="layer" type="string">0</layer>
                      <tip_x sid="tip_x" type="float">0</tip_x>
                      <tip_y sid="tip_y" type="float">0.02999997</tip_y>
                      <tip_z sid="tip_z" type="float">0</tip_z>
                    </technique>
                  </extra>
                </node>
                <node id="GanondorfRig_LOWER_BACK" name="LOWER_BACK" sid="LOWER_BACK" type="JOINT">
                  <matrix sid="transform">1 0 0 0 0 1 0 0 0 0 1 0.023 0 0 0 1</matrix>
                  <extra>
                    <technique profile="blender">
                      <layer sid="layer" type="string">0</layer>
                      <tip_x sid="tip_x" type="float">0</tip_x>
                      <tip_y sid="tip_y" type="float">0.02999997</tip_y>
                      <tip_z sid="tip_z" type="float">0</tip_z>
                    </technique>
                  </extra>
                </node>
                <node id="GanondorfRig_mSpine3" name="mSpine3" sid="mSpine3" type="JOINT">
                  <matrix sid="transform">1 0 0 -0.015 0 1 0 0 0 0 1 0.2049999 0 0 0 1</matrix>
                  <node id="GanondorfRig_mSpine4" name="mSpine4" sid="mSpine4" type="JOINT">
                    <matrix sid="transform">1 0 0 0.015 0 1 0 0 0 0 1 -0.2049999 0 0 0 1</matrix>
                    <node id="GanondorfRig_mChest" name="mChest" sid="mChest" type="JOINT">
                      <matrix sid="transform">1 0 0 -0.015 0 1 0 0 0 0 1 0.2049999 0 0 0 1</matrix>
                      <node id="GanondorfRig_CHEST" name="CHEST" sid="CHEST" type="JOINT">
                        <matrix sid="transform">1 0 -1.49012e-8 0.028 0 1 0 0 1.49012e-8 0 1 0.07000005 0 0 0 1</matrix>
                        <extra>
                          <technique profile="blender">
                            <layer sid="layer" type="string">0</layer>
                            <roll sid="roll" type="float">-0.1745329</roll>
                            <tip_x sid="tip_x" type="float">0</tip_x>
                            <tip_y sid="tip_y" type="float">0.02999997</tip_y>
                            <tip_z sid="tip_z" type="float">0</tip_z>
                          </technique>
                        </extra>
                      </node>
                      <node id="GanondorfRig_LEFT_PEC" name="LEFT_PEC" sid="LEFT_PEC" type="JOINT">
                        <matrix sid="transform">1 0 0 0.119 0 1 0 0.082 0 0 1 0.04200006 0 0 0 1</matrix>
                        <extra>
                          <technique profile="blender">
                            <layer sid="layer" type="string">0</layer>
                            <roll sid="roll" type="float">0.07487457</roll>
                            <tip_x sid="tip_x" type="float">0</tip_x>
                            <tip_y sid="tip_y" type="float">0.02999997</tip_y>
                            <tip_z sid="tip_z" type="float">0</tip_z>
                          </technique>
                        </extra>
                      </node>
                      <node id="GanondorfRig_RIGHT_PEC" name="RIGHT_PEC" sid="RIGHT_PEC" type="JOINT">
                        <matrix sid="transform">1 0 0 0.119 0 1 0 -0.082 0 0 1 0.04200006 0 0 0 1</matrix>
                        <extra>
                          <technique profile="blender">
                            <layer sid="layer" type="string">0</layer>
                            <roll sid="roll" type="float">0.07487457</roll>
                            <tip_x sid="tip_x" type="float">0</tip_x>
                            <tip_y sid="tip_y" type="float">0.02999997</tip_y>
                            <tip_z sid="tip_z" type="float">0</tip_z>
                          </technique>
                        </extra>
                      </node>
                      <node id="GanondorfRig_UPPER_BACK" name="UPPER_BACK" sid="UPPER_BACK" type="JOINT">
                        <matrix sid="transform">1 0 0 0 0 1 0 0 0 0 1 0.01700008 0 0 0 1</matrix>
                        <extra>
                          <technique profile="blender">
                            <layer sid="layer" type="string">0</layer>
                            <tip_x sid="tip_x" type="float">0</tip_x>
                            <tip_y sid="tip_y" type="float">0.02999997</tip_y>
                            <tip_z sid="tip_z" type="float">0</tip_z>
                          </technique>
                        </extra>
                      </node>
                      <node id="GanondorfRig_mNeck" name="mNeck" sid="mNeck" type="JOINT">
                        <matrix sid="transform">1 0 0 -0.01 0 1 0 0 0 0 1 0.251 0 0 0 1</matrix>
                        <node id="GanondorfRig_NECK" name="NECK" sid="NECK" type="JOINT">
                          <matrix sid="transform">1 0 0 0 0 1 0 0 0 0 1 0.01999998 0 0 0 1</matrix>
                          <extra>
                            <technique profile="blender">
                              <layer sid="layer" type="string">0</layer>
                              <tip_x sid="tip_x" type="float">0</tip_x>
                              <tip_y sid="tip_y" type="float">0.02999997</tip_y>
                              <tip_z sid="tip_z" type="float">0</tip_z>
                            </technique>
                          </extra>
                        </node>
                        <node id="GanondorfRig_mHead" name="mHead" sid="mHead" type="JOINT">
                          <matrix sid="transform">1 0 0 0 0 1 0 0 0 0 1 0.07599998 0 0 0 1</matrix>
                          <node id="GanondorfRig_HEAD" name="HEAD" sid="HEAD" type="JOINT">
                            <matrix sid="transform">1 0 0 0.02 0 1 0 0 0 0 1 0.07000005 0 0 0 1</matrix>
                            <extra>
                              <technique profile="blender">
                                <layer sid="layer" type="string">0</layer>
                                <tip_x sid="tip_x" type="float">0</tip_x>
                                <tip_y sid="tip_y" type="float">0.02999997</tip_y>
                                <tip_z sid="tip_z" type="float">0</tip_z>
                              </technique>
                            </extra>
                          </node>
                          <node id="GanondorfRig_mSkull" name="mSkull" sid="mSkull" type="JOINT">
                            <matrix sid="transform">1 0 0 0 0 1 0 0 0 0 1 0.079 0 0 0 1</matrix>
                            <extra>
                              <technique profile="blender">
                                <layer sid="layer" type="string">0</layer>
                                <tip_x sid="tip_x" type="float">0</tip_x>
                                <tip_y sid="tip_y" type="float">0.02999997</tip_y>
                                <tip_z sid="tip_z" type="float">0</tip_z>
                              </technique>
                            </extra>
                          </node>
                          <node id="GanondorfRig_mEyeRight" name="mEyeRight" sid="mEyeRight" type="JOINT">
                            <matrix sid="transform">1 0 0 0.098 0 1 0 -0.036 0 0 1 0.079 0 0 0 1</matrix>
                            <extra>
                              <technique profile="blender">
                                <layer sid="layer" type="string">0</layer>
                                <tip_x sid="tip_x" type="float">0</tip_x>
                                <tip_y sid="tip_y" type="float">0.02999997</tip_y>
                                <tip_z sid="tip_z" type="float">0</tip_z>
                              </technique>
                            </extra>
                          </node>
                          <node id="GanondorfRig_mEyeLeft" name="mEyeLeft" sid="mEyeLeft" type="JOINT">
                            <matrix sid="transform">1 0 0 0.098 0 1 0 0.036 0 0 1 0.079 0 0 0 1</matrix>
                            <extra>
                              <technique profile="blender">
                                <layer sid="layer" type="string">0</layer>
                                <tip_x sid="tip_x" type="float">0</tip_x>
                                <tip_y sid="tip_y" type="float">0.02999997</tip_y>
                                <tip_z sid="tip_z" type="float">0</tip_z>
                              </technique>
                            </extra>
                          </node>
                          <node id="GanondorfRig_mFaceRoot" name="mFaceRoot" sid="mFaceRoot" type="JOINT">
                            <matrix sid="transform">1 0 0 0.025 0 1 0 0 0 0 1 0.04500008 0 0 0 1</matrix>
                            <node id="GanondorfRig_mFaceEyeAltRight" name="mFaceEyeAltRight" sid="mFaceEyeAltRight" type="JOINT">
                              <matrix sid="transform">1 0 0 0.073 0 1 0 -0.036 0 0 1 0.03399992 0 0 0 1</matrix>
                              <extra>
                                <technique profile="blender">
                                  <layer sid="layer" type="string">0</layer>
                                  <tip_x sid="tip_x" type="float">0</tip_x>
                                  <tip_y sid="tip_y" type="float">0.02999997</tip_y>
                                  <tip_z sid="tip_z" type="float">0</tip_z>
                                </technique>
                              </extra>
                            </node>
                            <node id="GanondorfRig_mFaceEyeAltLeft" name="mFaceEyeAltLeft" sid="mFaceEyeAltLeft" type="JOINT">
                              <matrix sid="transform">1 0 0 0.073 0 1 0 0.036 0 0 1 0.03399992 0 0 0 1</matrix>
                              <extra>
                                <technique profile="blender">
                                  <layer sid="layer" type="string">0</layer>
                                  <tip_x sid="tip_x" type="float">0</tip_x>
                                  <tip_y sid="tip_y" type="float">0.02999997</tip_y>
                                  <tip_z sid="tip_z" type="float">0</tip_z>
                                </technique>
                              </extra>
                            </node>
                            <node id="GanondorfRig_mFaceForeheadLeft" name="mFaceForeheadLeft" sid="mFaceForeheadLeft" type="JOINT">
                              <matrix sid="transform">1 0 0 0.061 0 1 0 0.035 0 0 1 0.08299994 0 0 0 1</matrix>
                              <extra>
                                <technique profile="blender">
                                  <layer sid="layer" type="string">0</layer>
                                  <tip_x sid="tip_x" type="float">0</tip_x>
                                  <tip_y sid="tip_y" type="float">0.02999997</tip_y>
                                  <tip_z sid="tip_z" type="float">0</tip_z>
                                </technique>
                              </extra>
                            </node>
                            <node id="GanondorfRig_mFaceForeheadRight" name="mFaceForeheadRight" sid="mFaceForeheadRight" type="JOINT">
                              <matrix sid="transform">1 0 0 0.061 0 1 0 -0.035 0 0 1 0.08299994 0 0 0 1</matrix>
                              <extra>
                                <technique profile="blender">
                                  <layer sid="layer" type="string">0</layer>
                                  <tip_x sid="tip_x" type="float">0</tip_x>
                                  <tip_y sid="tip_y" type="float">0.02999997</tip_y>
                                  <tip_z sid="tip_z" type="float">0</tip_z>
                                </technique>
                              </extra>
                            </node>
                            <node id="GanondorfRig_mFaceEyebrowOuterLeft" name="mFaceEyebrowOuterLeft" sid="mFaceEyebrowOuterLeft" type="JOINT">
                              <matrix sid="transform">1 0 0 0.064 0 1 0 0.051 0 0 1 0.04799998 0 0 0 1</matrix>
                              <extra>
                                <technique profile="blender">
                                  <layer sid="layer" type="string">0</layer>
                                  <tip_x sid="tip_x" type="float">0</tip_x>
                                  <tip_y sid="tip_y" type="float">0.02999997</tip_y>
                                  <tip_z sid="tip_z" type="float">0</tip_z>
                                </technique>
                              </extra>
                            </node>
                            <node id="GanondorfRig_mFaceEyebrowCenterLeft" name="mFaceEyebrowCenterLeft" sid="mFaceEyebrowCenterLeft" type="JOINT">
                              <matrix sid="transform">1 0 0 0.07 0 1 0 0.043 0 0 1 0.05599999 0 0 0 1</matrix>
                              <extra>
                                <technique profile="blender">
                                  <layer sid="layer" type="string">0</layer>
                                  <tip_x sid="tip_x" type="float">0</tip_x>
                                  <tip_y sid="tip_y" type="float">0.02999997</tip_y>
                                  <tip_z sid="tip_z" type="float">0</tip_z>
                                </technique>
                              </extra>
                            </node>
                            <node id="GanondorfRig_mFaceEyebrowInnerLeft" name="mFaceEyebrowInnerLeft" sid="mFaceEyebrowInnerLeft" type="JOINT">
                              <matrix sid="transform">1 0 0 0.075 0 1 0 0.022 0 0 1 0.051 0 0 0 1</matrix>
                              <extra>
                                <technique profile="blender">
                                  <layer sid="layer" type="string">0</layer>
                                  <tip_x sid="tip_x" type="float">0</tip_x>
                                  <tip_y sid="tip_y" type="float">0.02999997</tip_y>
                                  <tip_z sid="tip_z" type="float">0</tip_z>
                                </technique>
                              </extra>
                            </node>
                            <node id="GanondorfRig_mFaceEyebrowOuterRight" name="mFaceEyebrowOuterRight" sid="mFaceEyebrowOuterRight" type="JOINT">
                              <matrix sid="transform">1 0 0 0.064 0 1 0 -0.051 0 0 1 0.04799998 0 0 0 1</matrix>
                              <extra>
                                <technique profile="blender">
                                  <layer sid="layer" type="string">0</layer>
                                  <tip_x sid="tip_x" type="float">0</tip_x>
                                  <tip_y sid="tip_y" type="float">0.02999997</tip_y>
                                  <tip_z sid="tip_z" type="float">0</tip_z>
                                </technique>
                              </extra>
                            </node>
                            <node id="GanondorfRig_mFaceEyebrowCenterRight" name="mFaceEyebrowCenterRight" sid="mFaceEyebrowCenterRight" type="JOINT">
                              <matrix sid="transform">1 0 0 0.07 0 1 0 -0.043 0 0 1 0.05599999 0 0 0 1</matrix>
                              <extra>
                                <technique profile="blender">
                                  <layer sid="layer" type="string">0</layer>
                                  <tip_x sid="tip_x" type="float">0</tip_x>
                                  <tip_y sid="tip_y" type="float">0.02999997</tip_y>
                                  <tip_z sid="tip_z" type="float">0</tip_z>
                                </technique>
                              </extra>
                            </node>
                            <node id="GanondorfRig_mFaceEyebrowInnerRight" name="mFaceEyebrowInnerRight" sid="mFaceEyebrowInnerRight" type="JOINT">
                              <matrix sid="transform">1 0 0 0.075 0 1 0 -0.022 0 0 1 0.051 0 0 0 1</matrix>
                              <extra>
                                <technique profile="blender">
                                  <layer sid="layer" type="string">0</layer>
                                  <tip_x sid="tip_x" type="float">0</tip_x>
                                  <tip_y sid="tip_y" type="float">0.02999997</tip_y>
                                  <tip_z sid="tip_z" type="float">0</tip_z>
                                </technique>
                              </extra>
                            </node>
                            <node id="GanondorfRig_mFaceEyeLidUpperLeft" name="mFaceEyeLidUpperLeft" sid="mFaceEyeLidUpperLeft" type="JOINT">
                              <matrix sid="transform">1 0 0 0.073 0 1 0 0.036 0 0 1 0.03399992 0 0 0 1</matrix>
                              <extra>
                                <technique profile="blender">
                                  <layer sid="layer" type="string">0</layer>
                                  <tip_x sid="tip_x" type="float">0</tip_x>
                                  <tip_y sid="tip_y" type="float">0.02999997</tip_y>
                                  <tip_z sid="tip_z" type="float">0</tip_z>
                                </technique>
                              </extra>
                            </node>
                            <node id="GanondorfRig_mFaceEyeLidLowerLeft" name="mFaceEyeLidLowerLeft" sid="mFaceEyeLidLowerLeft" type="JOINT">
                              <matrix sid="transform">1 0 0 0.073 0 1 0 0.036 0 0 1 0.03399992 0 0 0 1</matrix>
                              <extra>
                                <technique profile="blender">
                                  <layer sid="layer" type="string">0</layer>
                                  <tip_x sid="tip_x" type="float">0</tip_x>
                                  <tip_y sid="tip_y" type="float">0.02999997</tip_y>
                                  <tip_z sid="tip_z" type="float">0</tip_z>
                                </technique>
                              </extra>
                            </node>
                            <node id="GanondorfRig_mFaceEyeLidUpperRight" name="mFaceEyeLidUpperRight" sid="mFaceEyeLidUpperRight" type="JOINT">
                              <matrix sid="transform">1 0 0 0.073 0 1 0 -0.036 0 0 1 0.03399992 0 0 0 1</matrix>
                              <extra>
                                <technique profile="blender">
                                  <layer sid="layer" type="string">0</layer>
                                  <tip_x sid="tip_x" type="float">0</tip_x>
                                  <tip_y sid="tip_y" type="float">0.02999997</tip_y>
                                  <tip_z sid="tip_z" type="float">0</tip_z>
                                </technique>
                              </extra>
                            </node>
                            <node id="GanondorfRig_mFaceEyeLidLowerRight" name="mFaceEyeLidLowerRight" sid="mFaceEyeLidLowerRight" type="JOINT">
                              <matrix sid="transform">1 0 0 0.073 0 1 0 -0.036 0 0 1 0.03399992 0 0 0 1</matrix>
                              <extra>
                                <technique profile="blender">
                                  <layer sid="layer" type="string">0</layer>
                                  <tip_x sid="tip_x" type="float">0</tip_x>
                                  <tip_y sid="tip_y" type="float">0.02999997</tip_y>
                                  <tip_z sid="tip_z" type="float">0</tip_z>
                                </technique>
                              </extra>
                            </node>
                            <node id="GanondorfRig_mFaceEar1Left" name="mFaceEar1Left" sid="mFaceEar1Left" type="JOINT">
                              <matrix sid="transform">1 0 0 0 0 1 0 0.08 0 0 1 0.001999974 0 0 0 1</matrix>
                              <node id="GanondorfRig_mFaceEar2Left" name="mFaceEar2Left" sid="mFaceEar2Left" type="JOINT">
                                <matrix sid="transform">1 0 0 -0.019 0 1 0 0.018 0 0 1 0.02499998 0 0 0 1</matrix>
                                <extra>
                                  <technique profile="blender">
                                    <layer sid="layer" type="string">0</layer>
                                    <tip_x sid="tip_x" type="float">0</tip_x>
                                    <tip_y sid="tip_y" type="float">0.02999997</tip_y>
                                    <tip_z sid="tip_z" type="float">0</tip_z>
                                  </technique>
                                </extra>
                              </node>
                              <extra>
                                <technique profile="blender">
                                  <layer sid="layer" type="string">0</layer>
                                  <tip_x sid="tip_x" type="float">0</tip_x>
                                  <tip_y sid="tip_y" type="float">0.02999997</tip_y>
                                  <tip_z sid="tip_z" type="float">0</tip_z>
                                </technique>
                              </extra>
                            </node>
                            <node id="GanondorfRig_mFaceEar1Right" name="mFaceEar1Right" sid="mFaceEar1Right" type="JOINT">
                              <matrix sid="transform">1 0 0 0 0 1 0 -0.08 0 0 1 0.001999974 0 0 0 1</matrix>
                              <node id="GanondorfRig_mFaceEar2Right" name="mFaceEar2Right" sid="mFaceEar2Right" type="JOINT">
                                <matrix sid="transform">1 0 0 -0.019 0 1 0 -0.018 0 0 1 0.02499998 0 0 0 1</matrix>
                                <extra>
                                  <technique profile="blender">
                                    <layer sid="layer" type="string">0</layer>
                                    <tip_x sid="tip_x" type="float">0</tip_x>
                                    <tip_y sid="tip_y" type="float">0.02999997</tip_y>
                                    <tip_z sid="tip_z" type="float">0</tip_z>
                                  </technique>
                                </extra>
                              </node>
                              <extra>
                                <technique profile="blender">
                                  <layer sid="layer" type="string">0</layer>
                                  <tip_x sid="tip_x" type="float">0</tip_x>
                                  <tip_y sid="tip_y" type="float">0.02999997</tip_y>
                                  <tip_z sid="tip_z" type="float">0</tip_z>
                                </technique>
                              </extra>
                            </node>
                            <node id="GanondorfRig_mFaceNoseLeft" name="mFaceNoseLeft" sid="mFaceNoseLeft" type="JOINT">
                              <matrix sid="transform">1 0 0 0.086 0 1 0 0.015 0 0 1 -0.004000068 0 0 0 1</matrix>
                              <extra>
                                <technique profile="blender">
                                  <layer sid="layer" type="string">0</layer>
                                  <tip_x sid="tip_x" type="float">0</tip_x>
                                  <tip_y sid="tip_y" type="float">0.02999997</tip_y>
                                  <tip_z sid="tip_z" type="float">0</tip_z>
                                </technique>
                              </extra>
                            </node>
                            <node id="GanondorfRig_mFaceNoseCenter" name="mFaceNoseCenter" sid="mFaceNoseCenter" type="JOINT">
                              <matrix sid="transform">1 0 0 0.102 0 1 0 0 0 0 1 0 0 0 0 1</matrix>
                              <extra>
                                <technique profile="blender">
                                  <layer sid="layer" type="string">0</layer>
                                  <tip_x sid="tip_x" type="float">0</tip_x>
                                  <tip_y sid="tip_y" type="float">0.02999997</tip_y>
                                  <tip_z sid="tip_z" type="float">0</tip_z>
                                </technique>
                              </extra>
                            </node>
                            <node id="GanondorfRig_mFaceNoseRight" name="mFaceNoseRight" sid="mFaceNoseRight" type="JOINT">
                              <matrix sid="transform">1 0 0 0.086 0 1 0 -0.015 0 0 1 -0.004000068 0 0 0 1</matrix>
                              <extra>
                                <technique profile="blender">
                                  <layer sid="layer" type="string">0</layer>
                                  <tip_x sid="tip_x" type="float">0</tip_x>
                                  <tip_y sid="tip_y" type="float">0.02999997</tip_y>
                                  <tip_z sid="tip_z" type="float">0</tip_z>
                                </technique>
                              </extra>
                            </node>
                            <node id="GanondorfRig_mFaceCheekLowerLeft" name="mFaceCheekLowerLeft" sid="mFaceCheekLowerLeft" type="JOINT">
                              <matrix sid="transform">1 0 0 0.05 0 1 0 0.034 0 0 1 -0.03100002 0 0 0 1</matrix>
                              <extra>
                                <technique profile="blender">
                                  <layer sid="layer" type="string">0</layer>
                                  <tip_x sid="tip_x" type="float">0</tip_x>
                                  <tip_y sid="tip_y" type="float">0.02999997</tip_y>
                                  <tip_z sid="tip_z" type="float">0</tip_z>
                                </technique>
                              </extra>
                            </node>
                            <node id="GanondorfRig_mFaceCheekUpperLeft" name="mFaceCheekUpperLeft" sid="mFaceCheekUpperLeft" type="JOINT">
                              <matrix sid="transform">1 0 0 0.07 0 1 0 0.034 0 0 1 -0.004999995 0 0 0 1</matrix>
                              <extra>
                                <technique profile="blender">
                                  <layer sid="layer" type="string">0</layer>
                                  <tip_x sid="tip_x" type="float">0</tip_x>
                                  <tip_y sid="tip_y" type="float">0.02999997</tip_y>
                                  <tip_z sid="tip_z" type="float">0</tip_z>
                                </technique>
                              </extra>
                            </node>
                            <node id="GanondorfRig_mFaceCheekLowerRight" name="mFaceCheekLowerRight" sid="mFaceCheekLowerRight" type="JOINT">
                              <matrix sid="transform">1 0 0 0.05 0 1 0 -0.034 0 0 1 -0.03100002 0 0 0 1</matrix>
                              <extra>
                                <technique profile="blender">
                                  <layer sid="layer" type="string">0</layer>
                                  <tip_x sid="tip_x" type="float">0</tip_x>
                                  <tip_y sid="tip_y" type="float">0.02999997</tip_y>
                                  <tip_z sid="tip_z" type="float">0</tip_z>
                                </technique>
                              </extra>
                            </node>
                            <node id="GanondorfRig_mFaceCheekUpperRight" name="mFaceCheekUpperRight" sid="mFaceCheekUpperRight" type="JOINT">
                              <matrix sid="transform">1 0 0 0.07 0 1 0 -0.034 0 0 1 -0.004999995 0 0 0 1</matrix>
                              <extra>
                                <technique profile="blender">
                                  <layer sid="layer" type="string">0</layer>
                                  <tip_x sid="tip_x" type="float">0</tip_x>
                                  <tip_y sid="tip_y" type="float">0.02999997</tip_y>
                                  <tip_z sid="tip_z" type="float">0</tip_z>
                                </technique>
                              </extra>
                            </node>
                            <node id="GanondorfRig_mFaceJaw" name="mFaceJaw" sid="mFaceJaw" type="JOINT">
                              <matrix sid="transform">1 0 0 -0.001 0 1 0 0 0 0 1 -0.01499999 0 0 0 1</matrix>
                              <node id="GanondorfRig_mFaceChin" name="mFaceChin" sid="mFaceChin" type="JOINT">
                                <matrix sid="transform">1 0 0 0.074 0 1 0 0 0 0 1 -0.05400002 0 0 0 1</matrix>
                                <extra>
                                  <technique profile="blender">
                                    <layer sid="layer" type="string">0</layer>
                                    <tip_x sid="tip_x" type="float">0</tip_x>
                                    <tip_y sid="tip_y" type="float">0.02999997</tip_y>
                                    <tip_z sid="tip_z" type="float">0</tip_z>
                                  </technique>
                                </extra>
                              </node>
                              <node id="GanondorfRig_mFaceTeethLower" name="mFaceTeethLower" sid="mFaceTeethLower" type="JOINT">
                                <matrix sid="transform">1 0 0 0.021 0 1 0 0 0 0 1 -0.03900003 0 0 0 1</matrix>
                                <node id="GanondorfRig_mFaceLipLowerLeft" name="mFaceLipLowerLeft" sid="mFaceLipLowerLeft" type="JOINT">
                                  <matrix sid="transform">1 0 0 0.045 0 1 0 0 0 0 1 0 0 0 0 1</matrix>
                                  <extra>
                                    <technique profile="blender">
                                      <layer sid="layer" type="string">0</layer>
                                      <tip_x sid="tip_x" type="float">0</tip_x>
                                      <tip_y sid="tip_y" type="float">0.02999997</tip_y>
                                      <tip_z sid="tip_z" type="float">0</tip_z>
                                    </technique>
                                  </extra>
                                </node>
                                <node id="GanondorfRig_mFaceLipLowerRight" name="mFaceLipLowerRight" sid="mFaceLipLowerRight" type="JOINT">
                                  <matrix sid="transform">1 0 0 0.045 0 1 0 0 0 0 1 0 0 0 0 1</matrix>
                                  <extra>
                                    <technique profile="blender">
                                      <layer sid="layer" type="string">0</layer>
                                      <tip_x sid="tip_x" type="float">0</tip_x>
                                      <tip_y sid="tip_y" type="float">0.02999997</tip_y>
                                      <tip_z sid="tip_z" type="float">0</tip_z>
                                    </technique>
                                  </extra>
                                </node>
                                <node id="GanondorfRig_mFaceLipLowerCenter" name="mFaceLipLowerCenter" sid="mFaceLipLowerCenter" type="JOINT">
                                  <matrix sid="transform">1 0 0 0.045 0 1 0 0 0 0 1 0 0 0 0 1</matrix>
                                  <extra>
                                    <technique profile="blender">
                                      <layer sid="layer" type="string">0</layer>
                                      <tip_x sid="tip_x" type="float">0</tip_x>
                                      <tip_y sid="tip_y" type="float">0.02999997</tip_y>
                                      <tip_z sid="tip_z" type="float">0</tip_z>
                                    </technique>
                                  </extra>
                                </node>
                                <node id="GanondorfRig_mFaceTongueBase" name="mFaceTongueBase" sid="mFaceTongueBase" type="JOINT">
                                  <matrix sid="transform">1 0 0 0.039 0 1 0 0 0 0 1 0.004999995 0 0 0 1</matrix>
                                  <node id="GanondorfRig_mFaceTongueTip" name="mFaceTongueTip" sid="mFaceTongueTip" type="JOINT">
                                    <matrix sid="transform">1 0 0 0.022 0 1 0 0 0 0 1 0.006999969 0 0 0 1</matrix>
                                    <extra>
                                      <technique profile="blender">
                                        <layer sid="layer" type="string">0</layer>
                                        <tip_x sid="tip_x" type="float">0</tip_x>
                                        <tip_y sid="tip_y" type="float">0.02999997</tip_y>
                                        <tip_z sid="tip_z" type="float">0</tip_z>
                                      </technique>
                                    </extra>
                                  </node>
                                  <extra>
                                    <technique profile="blender">
                                      <layer sid="layer" type="string">0</layer>
                                      <tip_x sid="tip_x" type="float">0</tip_x>
                                      <tip_y sid="tip_y" type="float">0.02999997</tip_y>
                                      <tip_z sid="tip_z" type="float">0</tip_z>
                                    </technique>
                                  </extra>
                                </node>
                                <extra>
                                  <technique profile="blender">
                                    <layer sid="layer" type="string">0</layer>
                                    <tip_x sid="tip_x" type="float">0</tip_x>
                                    <tip_y sid="tip_y" type="float">0.02999997</tip_y>
                                    <tip_z sid="tip_z" type="float">0</tip_z>
                                  </technique>
                                </extra>
                              </node>
                              <extra>
                                <technique profile="blender">
                                  <layer sid="layer" type="string">0</layer>
                                  <tip_x sid="tip_x" type="float">0</tip_x>
                                  <tip_y sid="tip_y" type="float">0.02999997</tip_y>
                                  <tip_z sid="tip_z" type="float">0</tip_z>
                                </technique>
                              </extra>
                            </node>
                            <node id="GanondorfRig_mFaceJawShaper" name="mFaceJawShaper" sid="mFaceJawShaper" type="JOINT">
                              <matrix sid="transform">1 0 0 0 0 1 0 0 0 0 1 0 0 0 0 1</matrix>
                              <extra>
                                <technique profile="blender">
                                  <layer sid="layer" type="string">0</layer>
                                  <tip_x sid="tip_x" type="float">0</tip_x>
                                  <tip_y sid="tip_y" type="float">0.02999997</tip_y>
                                  <tip_z sid="tip_z" type="float">0</tip_z>
                                </technique>
                              </extra>
                            </node>
                            <node id="GanondorfRig_mFaceForeheadCenter" name="mFaceForeheadCenter" sid="mFaceForeheadCenter" type="JOINT">
                              <matrix sid="transform">1 0 0 0.069 0 1 0 0 0 0 1 0.06499994 0 0 0 1</matrix>
                              <extra>
                                <technique profile="blender">
                                  <layer sid="layer" type="string">0</layer>
                                  <tip_x sid="tip_x" type="float">0</tip_x>
                                  <tip_y sid="tip_y" type="float">0.02999997</tip_y>
                                  <tip_z sid="tip_z" type="float">0</tip_z>
                                </technique>
                              </extra>
                            </node>
                            <node id="GanondorfRig_mFaceNoseBase" name="mFaceNoseBase" sid="mFaceNoseBase" type="JOINT">
                              <matrix sid="transform">1 0 0 0.094 0 1 0 0 0 0 1 -0.01600003 0 0 0 1</matrix>
                              <extra>
                                <technique profile="blender">
                                  <layer sid="layer" type="string">0</layer>
                                  <tip_x sid="tip_x" type="float">0</tip_x>
                                  <tip_y sid="tip_y" type="float">0.02999997</tip_y>
                                  <tip_z sid="tip_z" type="float">0</tip_z>
                                </technique>
                              </extra>
                            </node>
                            <node id="GanondorfRig_mFaceTeethUpper" name="mFaceTeethUpper" sid="mFaceTeethUpper" type="JOINT">
                              <matrix sid="transform">1 0 0 0.02 0 1 0 0 0 0 1 -0.03000009 0 0 0 1</matrix>
                              <node id="GanondorfRig_mFaceLipUpperLeft" name="mFaceLipUpperLeft" sid="mFaceLipUpperLeft" type="JOINT">
                                <matrix sid="transform">1 0 0 0.045 0 1 0 0 0 0 1 -0.002999902 0 0 0 1</matrix>
                                <extra>
                                  <technique profile="blender">
                                    <layer sid="layer" type="string">0</layer>
                                    <tip_x sid="tip_x" type="float">0</tip_x>
                                    <tip_y sid="tip_y" type="float">0.02999997</tip_y>
                                    <tip_z sid="tip_z" type="float">0</tip_z>
                                  </technique>
                                </extra>
                              </node>
                              <node id="GanondorfRig_mFaceLipUpperRight" name="mFaceLipUpperRight" sid="mFaceLipUpperRight" type="JOINT">
                                <matrix sid="transform">1 0 0 0.045 0 1 0 0 0 0 1 -0.002999902 0 0 0 1</matrix>
                                <extra>
                                  <technique profile="blender">
                                    <layer sid="layer" type="string">0</layer>
                                    <tip_x sid="tip_x" type="float">0</tip_x>
                                    <tip_y sid="tip_y" type="float">0.02999997</tip_y>
                                    <tip_z sid="tip_z" type="float">0</tip_z>
                                  </technique>
                                </extra>
                              </node>
                              <node id="GanondorfRig_mFaceLipCornerLeft" name="mFaceLipCornerLeft" sid="mFaceLipCornerLeft" type="JOINT">
                                <matrix sid="transform">1 0 0 0.028 0 1 0 -0.019 0 0 1 -0.00999999 0 0 0 1</matrix>
                                <extra>
                                  <technique profile="blender">
                                    <layer sid="layer" type="string">0</layer>
                                    <tip_x sid="tip_x" type="float">0</tip_x>
                                    <tip_y sid="tip_y" type="float">0.02999997</tip_y>
                                    <tip_z sid="tip_z" type="float">0</tip_z>
                                  </technique>
                                </extra>
                              </node>
                              <node id="GanondorfRig_mFaceLipCornerRight" name="mFaceLipCornerRight" sid="mFaceLipCornerRight" type="JOINT">
                                <matrix sid="transform">1 0 0 0.028 0 1 0 0.019 0 0 1 -0.00999999 0 0 0 1</matrix>
                                <extra>
                                  <technique profile="blender">
                                    <layer sid="layer" type="string">0</layer>
                                    <tip_x sid="tip_x" type="float">0</tip_x>
                                    <tip_y sid="tip_y" type="float">0.02999997</tip_y>
                                    <tip_z sid="tip_z" type="float">0</tip_z>
                                  </technique>
                                </extra>
                              </node>
                              <node id="GanondorfRig_mFaceLipUpperCenter" name="mFaceLipUpperCenter" sid="mFaceLipUpperCenter" type="JOINT">
                                <matrix sid="transform">1 0 0 0.045 0 1 0 0 0 0 1 -0.002999902 0 0 0 1</matrix>
                                <extra>
                                  <technique profile="blender">
                                    <layer sid="layer" type="string">0</layer>
                                    <tip_x sid="tip_x" type="float">0</tip_x>
                                    <tip_y sid="tip_y" type="float">0.02999997</tip_y>
                                    <tip_z sid="tip_z" type="float">0</tip_z>
                                  </technique>
                                </extra>
                              </node>
                              <extra>
                                <technique profile="blender">
                                  <layer sid="layer" type="string">0</layer>
                                  <tip_x sid="tip_x" type="float">0</tip_x>
                                  <tip_y sid="tip_y" type="float">0.02999997</tip_y>
                                  <tip_z sid="tip_z" type="float">0</tip_z>
                                </technique>
                              </extra>
                            </node>
                            <node id="GanondorfRig_mFaceEyecornerInnerLeft" name="mFaceEyecornerInnerLeft" sid="mFaceEyecornerInnerLeft" type="JOINT">
                              <matrix sid="transform">1 0 0 0.075 0 1 0 0.017 0 0 1 0.03199995 0 0 0 1</matrix>
                              <extra>
                                <technique profile="blender">
                                  <layer sid="layer" type="string">0</layer>
                                  <tip_x sid="tip_x" type="float">0</tip_x>
                                  <tip_y sid="tip_y" type="float">0.02999997</tip_y>
                                  <tip_z sid="tip_z" type="float">0</tip_z>
                                </technique>
                              </extra>
                            </node>
                            <node id="GanondorfRig_mFaceEyecornerInnerRight" name="mFaceEyecornerInnerRight" sid="mFaceEyecornerInnerRight" type="JOINT">
                              <matrix sid="transform">1 0 0 0.075 0 1 0 -0.017 0 0 1 0.03199995 0 0 0 1</matrix>
                              <extra>
                                <technique profile="blender">
                                  <layer sid="layer" type="string">0</layer>
                                  <tip_x sid="tip_x" type="float">0</tip_x>
                                  <tip_y sid="tip_y" type="float">0.02999997</tip_y>
                                  <tip_z sid="tip_z" type="float">0</tip_z>
                                </technique>
                              </extra>
                            </node>
                            <node id="GanondorfRig_mFaceNoseBridge" name="mFaceNoseBridge" sid="mFaceNoseBridge" type="JOINT">
                              <matrix sid="transform">1 0 0 0.091 0 1 0 0 0 0 1 0.01999998 0 0 0 1</matrix>
                              <extra>
                                <technique profile="blender">
                                  <layer sid="layer" type="string">0</layer>
                                  <tip_x sid="tip_x" type="float">0</tip_x>
                                  <tip_y sid="tip_y" type="float">0.02999997</tip_y>
                                  <tip_z sid="tip_z" type="float">0</tip_z>
                                </technique>
                              </extra>
                            </node>
                            <extra>
                              <technique profile="blender">
                                <layer sid="layer" type="string">0</layer>
                                <tip_x sid="tip_x" type="float">0</tip_x>
                                <tip_y sid="tip_y" type="float">0.02999997</tip_y>
                                <tip_z sid="tip_z" type="float">0</tip_z>
                              </technique>
                            </extra>
                          </node>
                          <extra>
                            <technique profile="blender">
                              <layer sid="layer" type="string">0</layer>
                              <tip_x sid="tip_x" type="float">0</tip_x>
                              <tip_y sid="tip_y" type="float">0.02999997</tip_y>
                              <tip_z sid="tip_z" type="float">0</tip_z>
                            </technique>
                          </extra>
                        </node>
                        <extra>
                          <technique profile="blender">
                            <layer sid="layer" type="string">0</layer>
                            <tip_x sid="tip_x" type="float">0</tip_x>
                            <tip_y sid="tip_y" type="float">0.02999997</tip_y>
                            <tip_z sid="tip_z" type="float">0</tip_z>
                          </technique>
                        </extra>
                      </node>
                      <node id="GanondorfRig_mCollarLeft" name="mCollarLeft" sid="mCollarLeft" type="JOINT">
                        <matrix sid="transform">1 0 0 -0.021 0 1 0 0.085 0 0 1 0.1650001 0 0 0 1</matrix>
                        <node id="GanondorfRig_L_CLAVICLE" name="L_CLAVICLE" sid="L_CLAVICLE" type="JOINT">
                          <matrix sid="transform">1 0 0 0.02 0 1 0 0 0 0 1 0.01999998 0 0 0 1</matrix>
                          <extra>
                            <technique profile="blender">
                              <layer sid="layer" type="string">0</layer>
                              <tip_x sid="tip_x" type="float">0</tip_x>
                              <tip_y sid="tip_y" type="float">0.02999997</tip_y>
                              <tip_z sid="tip_z" type="float">0</tip_z>
                            </technique>
                          </extra>
                        </node>
                        <node id="GanondorfRig_mShoulderLeft" name="mShoulderLeft" sid="mShoulderLeft" type="JOINT">
                          <matrix sid="transform">1 0 0 0 0 1 0 0.079 0 0 1 0 0 0 0 1</matrix>
                          <node id="GanondorfRig_L_UPPER_ARM" name="L_UPPER_ARM" sid="L_UPPER_ARM" type="JOINT">
                            <matrix sid="transform">1 0 0 0 0 1 0 0.12 0 0 1 0.00999999 0 0 0 1</matrix>
                            <extra>
                              <technique profile="blender">
                                <layer sid="layer" type="string">0</layer>
                                <tip_x sid="tip_x" type="float">0</tip_x>
                                <tip_y sid="tip_y" type="float">0.02988582</tip_y>
                                <tip_z sid="tip_z" type="float">-0.002614617</tip_z>
                              </technique>
                            </extra>
                          </node>
                          <node id="GanondorfRig_mElbowLeft" name="mElbowLeft" sid="mElbowLeft" type="JOINT">
                            <matrix sid="transform">1 0 0 0 0 1 0 0.248 0 0 1 0 0 0 0 1</matrix>
                            <node id="GanondorfRig_L_LOWER_ARM" name="L_LOWER_ARM" sid="L_LOWER_ARM" type="JOINT">
                              <matrix sid="transform">1 0 0 0 0 0.9999999 0 0.1 0 0 0.9999999 0 0 0 0 1</matrix>
                              <extra>
                                <technique profile="blender">
                                  <layer sid="layer" type="string">0</layer>
                                  <tip_x sid="tip_x" type="float">0</tip_x>
                                  <tip_y sid="tip_y" type="float">0.0299589</tip_y>
                                  <tip_z sid="tip_z" type="float">-0.001570105</tip_z>
                                </technique>
                              </extra>
                            </node>
                            <node id="GanondorfRig_mWristLeft" name="mWristLeft" sid="mWristLeft" type="JOINT">
                              <matrix sid="transform">1 0 0 0 0 1 0 0.205 0 0 1 0 0 0 0 1</matrix>
                              <node id="GanondorfRig_L_HAND" name="L_HAND" sid="L_HAND" type="JOINT">
                                <matrix sid="transform">0.9999999 -7.567e-10 9.31323e-10 0.009999998 1.41154e-8 0.9999999 3.72529e-9 0.05000001 -9.31323e-10 3.72529e-9 1 0 0 0 0 1</matrix>
                                <extra>
                                  <technique profile="blender">
                                    <layer sid="layer" type="string">0</layer>
                                    <roll sid="roll" type="float">0.004581928</roll>
                                    <tip_x sid="tip_x" type="float">0.005202293</tip_x>
                                    <tip_y sid="tip_y" type="float">0.02950376</tip_y>
                                    <tip_z sid="tip_z" type="float">-0.001570105</tip_z>
                                  </technique>
                                </extra>
                              </node>
                              <node id="GanondorfRig_mHandMiddle1Left" name="mHandMiddle1Left" sid="mHandMiddle1Left" type="JOINT">
                                <matrix sid="transform">1 0 0 0.013 0 1 0 0.101 0 0 1 0.01499999 0 0 0 1</matrix>
                                <node id="GanondorfRig_mHandMiddle2Left" name="mHandMiddle2Left" sid="mHandMiddle2Left" type="JOINT">
                                  <matrix sid="transform">1 0 0 -0.001 0 1 0 0.04000002 0 0 1 -0.006000042 0 0 0 1</matrix>
                                  <node id="GanondorfRig_mHandMiddle3Left" name="mHandMiddle3Left" sid="mHandMiddle3Left" type="JOINT">
                                    <matrix sid="transform">1 0 0 -0.001 0 1 0 0.04899997 0 0 1 -0.008000016 0 0 0 1</matrix>
                                    <extra>
                                      <technique profile="blender">
                                        <layer sid="layer" type="string">0</layer>
                                        <tip_x sid="tip_x" type="float">0</tip_x>
                                        <tip_y sid="tip_y" type="float">0.02999997</tip_y>
                                        <tip_z sid="tip_z" type="float">0</tip_z>
                                      </technique>
                                    </extra>
                                  </node>
                                  <extra>
                                    <technique profile="blender">
                                      <layer sid="layer" type="string">0</layer>
                                      <tip_x sid="tip_x" type="float">0</tip_x>
                                      <tip_y sid="tip_y" type="float">0.02999997</tip_y>
                                      <tip_z sid="tip_z" type="float">0</tip_z>
                                    </technique>
                                  </extra>
                                </node>
                                <extra>
                                  <technique profile="blender">
                                    <layer sid="layer" type="string">0</layer>
                                    <tip_x sid="tip_x" type="float">0</tip_x>
                                    <tip_y sid="tip_y" type="float">0.02999997</tip_y>
                                    <tip_z sid="tip_z" type="float">0</tip_z>
                                  </technique>
                                </extra>
                              </node>
                              <node id="GanondorfRig_mHandIndex1Left" name="mHandIndex1Left" sid="mHandIndex1Left" type="JOINT">
                                <matrix sid="transform">1 0 0 0.038 0 1 0 0.097 0 0 1 0.01499999 0 0 0 1</matrix>
                                <node id="GanondorfRig_mHandIndex2Left" name="mHandIndex2Left" sid="mHandIndex2Left" type="JOINT">
                                  <matrix sid="transform">1 0 0 0.017 0 1 0 0.03600001 0 0 1 -0.006000042 0 0 0 1</matrix>
                                  <node id="GanondorfRig_mHandIndex3Left" name="mHandIndex3Left" sid="mHandIndex3Left" type="JOINT">
                                    <matrix sid="transform">1 0 0 0.014 0 1 0 0.03200001 0 0 1 -0.005999923 0 0 0 1</matrix>
                                    <extra>
                                      <technique profile="blender">
                                        <layer sid="layer" type="string">0</layer>
                                        <tip_x sid="tip_x" type="float">0</tip_x>
                                        <tip_y sid="tip_y" type="float">0.02999997</tip_y>
                                        <tip_z sid="tip_z" type="float">0</tip_z>
                                      </technique>
                                    </extra>
                                  </node>
                                  <extra>
                                    <technique profile="blender">
                                      <layer sid="layer" type="string">0</layer>
                                      <tip_x sid="tip_x" type="float">0</tip_x>
                                      <tip_y sid="tip_y" type="float">0.02999997</tip_y>
                                      <tip_z sid="tip_z" type="float">0</tip_z>
                                    </technique>
                                  </extra>
                                </node>
                                <extra>
                                  <technique profile="blender">
                                    <layer sid="layer" type="string">0</layer>
                                    <tip_x sid="tip_x" type="float">0</tip_x>
                                    <tip_y sid="tip_y" type="float">0.02999997</tip_y>
                                    <tip_z sid="tip_z" type="float">0</tip_z>
                                  </technique>
                                </extra>
                              </node>
                              <node id="GanondorfRig_mHandRing1Left" name="mHandRing1Left" sid="mHandRing1Left" type="JOINT">
                                <matrix sid="transform">1 0 0 -0.01 0 1 0 0.09900004 0 0 1 0.008999944 0 0 0 1</matrix>
                                <node id="GanondorfRig_mHandRing2Left" name="mHandRing2Left" sid="mHandRing2Left" type="JOINT">
                                  <matrix sid="transform">1 0 0 -0.013 0 1 0 0.03799999 0 0 1 -0.008000016 0 0 0 1</matrix>
                                  <node id="GanondorfRig_mHandRing3Left" name="mHandRing3Left" sid="mHandRing3Left" type="JOINT">
                                    <matrix sid="transform">1 0 0 -0.013 0 1 0 0.04000002 0 0 1 -0.008999944 0 0 0 1</matrix>
                                    <extra>
                                      <technique profile="blender">
                                        <layer sid="layer" type="string">0</layer>
                                        <tip_x sid="tip_x" type="float">0</tip_x>
                                        <tip_y sid="tip_y" type="float">0.02999997</tip_y>
                                        <tip_z sid="tip_z" type="float">0</tip_z>
                                      </technique>
                                    </extra>
                                  </node>
                                  <extra>
                                    <technique profile="blender">
                                      <layer sid="layer" type="string">0</layer>
                                      <tip_x sid="tip_x" type="float">0</tip_x>
                                      <tip_y sid="tip_y" type="float">0.02999997</tip_y>
                                      <tip_z sid="tip_z" type="float">0</tip_z>
                                    </technique>
                                  </extra>
                                </node>
                                <extra>
                                  <technique profile="blender">
                                    <layer sid="layer" type="string">0</layer>
                                    <tip_x sid="tip_x" type="float">0</tip_x>
                                    <tip_y sid="tip_y" type="float">0.02999997</tip_y>
                                    <tip_z sid="tip_z" type="float">0</tip_z>
                                  </technique>
                                </extra>
                              </node>
                              <node id="GanondorfRig_mHandPinky1Left" name="mHandPinky1Left" sid="mHandPinky1Left" type="JOINT">
                                <matrix sid="transform">1 0 0 -0.031 0 1 0 0.09500003 0 0 1 0.003000021 0 0 0 1</matrix>
                                <node id="GanondorfRig_mHandPinky2Left" name="mHandPinky2Left" sid="mHandPinky2Left" type="JOINT">
                                  <matrix sid="transform">1 0 0 -0.024 0 1 0 0.02499998 0 0 1 -0.006000042 0 0 0 1</matrix>
                                  <node id="GanondorfRig_mHandPinky3Left" name="mHandPinky3Left" sid="mHandPinky3Left" type="JOINT">
                                    <matrix sid="transform">1 0 0 -0.015 0 1 0 0.01800001 0 0 1 -0.003999949 0 0 0 1</matrix>
                                    <extra>
                                      <technique profile="blender">
                                        <layer sid="layer" type="string">0</layer>
                                        <tip_x sid="tip_x" type="float">0</tip_x>
                                        <tip_y sid="tip_y" type="float">0.02999997</tip_y>
                                        <tip_z sid="tip_z" type="float">0</tip_z>
                                      </technique>
                                    </extra>
                                  </node>
                                  <extra>
                                    <technique profile="blender">
                                      <layer sid="layer" type="string">0</layer>
                                      <tip_x sid="tip_x" type="float">0</tip_x>
                                      <tip_y sid="tip_y" type="float">0.02999997</tip_y>
                                      <tip_z sid="tip_z" type="float">0</tip_z>
                                    </technique>
                                  </extra>
                                </node>
                                <extra>
                                  <technique profile="blender">
                                    <layer sid="layer" type="string">0</layer>
                                    <tip_x sid="tip_x" type="float">0</tip_x>
                                    <tip_y sid="tip_y" type="float">0.02999997</tip_y>
                                    <tip_z sid="tip_z" type="float">0</tip_z>
                                  </technique>
                                </extra>
                              </node>
                              <node id="GanondorfRig_mHandThumb1Left" name="mHandThumb1Left" sid="mHandThumb1Left" type="JOINT">
                                <matrix sid="transform">1 0 0 0.031 0 1 0 0.02600002 0 0 1 0.003999949 0 0 0 1</matrix>
                                <node id="GanondorfRig_mHandThumb2Left" name="mHandThumb2Left" sid="mHandThumb2Left" type="JOINT">
                                  <matrix sid="transform">1 0 0 0.028 0 1 0 0.03200001 0 0 1 -9.99928e-4 0 0 0 1</matrix>
                                  <node id="GanondorfRig_mHandThumb3Left" name="mHandThumb3Left" sid="mHandThumb3Left" type="JOINT">
                                    <matrix sid="transform">1 0 0 0.023 0 1 0 0.03099996 0 0 1 -0.001000047 0 0 0 1</matrix>
                                    <extra>
                                      <technique profile="blender">
                                        <layer sid="layer" type="string">0</layer>
                                        <tip_x sid="tip_x" type="float">0</tip_x>
                                        <tip_y sid="tip_y" type="float">0.02999997</tip_y>
                                        <tip_z sid="tip_z" type="float">0</tip_z>
                                      </technique>
                                    </extra>
                                  </node>
                                  <extra>
                                    <technique profile="blender">
                                      <layer sid="layer" type="string">0</layer>
                                      <tip_x sid="tip_x" type="float">0</tip_x>
                                      <tip_y sid="tip_y" type="float">0.02999997</tip_y>
                                      <tip_z sid="tip_z" type="float">0</tip_z>
                                    </technique>
                                  </extra>
                                </node>
                                <extra>
                                  <technique profile="blender">
                                    <layer sid="layer" type="string">0</layer>
                                    <tip_x sid="tip_x" type="float">0</tip_x>
                                    <tip_y sid="tip_y" type="float">0.02999997</tip_y>
                                    <tip_z sid="tip_z" type="float">0</tip_z>
                                  </technique>
                                </extra>
                              </node>
                              <extra>
                                <technique profile="blender">
                                  <layer sid="layer" type="string">0</layer>
                                  <tip_x sid="tip_x" type="float">0</tip_x>
                                  <tip_y sid="tip_y" type="float">0.02999997</tip_y>
                                  <tip_z sid="tip_z" type="float">0</tip_z>
                                </technique>
                              </extra>
                            </node>
                            <extra>
                              <technique profile="blender">
                                <layer sid="layer" type="string">0</layer>
                                <tip_x sid="tip_x" type="float">0</tip_x>
                                <tip_y sid="tip_y" type="float">0.02999997</tip_y>
                                <tip_z sid="tip_z" type="float">0</tip_z>
                              </technique>
                            </extra>
                          </node>
                          <extra>
                            <technique profile="blender">
                              <layer sid="layer" type="string">0</layer>
                              <tip_x sid="tip_x" type="float">0</tip_x>
                              <tip_y sid="tip_y" type="float">0.02999997</tip_y>
                              <tip_z sid="tip_z" type="float">0</tip_z>
                            </technique>
                          </extra>
                        </node>
                        <extra>
                          <technique profile="blender">
                            <layer sid="layer" type="string">0</layer>
                            <tip_x sid="tip_x" type="float">0</tip_x>
                            <tip_y sid="tip_y" type="float">0.02999997</tip_y>
                            <tip_z sid="tip_z" type="float">0</tip_z>
                          </technique>
                        </extra>
                      </node>
                      <node id="GanondorfRig_mCollarRight" name="mCollarRight" sid="mCollarRight" type="JOINT">
                        <matrix sid="transform">1 0 0 -0.021 0 1 0 -0.085 0 0 1 0.1650001 0 0 0 1</matrix>
                        <node id="GanondorfRig_R_CLAVICLE" name="R_CLAVICLE" sid="R_CLAVICLE" type="JOINT">
                          <matrix sid="transform">1 0 0 0.02 0 1 0 0 0 0 1 0.01999998 0 0 0 1</matrix>
                          <extra>
                            <technique profile="blender">
                              <layer sid="layer" type="string">0</layer>
                              <tip_x sid="tip_x" type="float">0</tip_x>
                              <tip_y sid="tip_y" type="float">0.02999997</tip_y>
                              <tip_z sid="tip_z" type="float">0</tip_z>
                            </technique>
                          </extra>
                        </node>
                        <node id="GanondorfRig_mShoulderRight" name="mShoulderRight" sid="mShoulderRight" type="JOINT">
                          <matrix sid="transform">1 0 0 0 0 1 0 -0.079 0 0 1 0 0 0 0 1</matrix>
                          <node id="GanondorfRig_R_UPPER_ARM" name="R_UPPER_ARM" sid="R_UPPER_ARM" type="JOINT">
                            <matrix sid="transform">1 0 0 0 0 1 0 -0.12 0 0 1 0.00999999 0 0 0 1</matrix>
                            <extra>
                              <technique profile="blender">
                                <layer sid="layer" type="string">0</layer>
                                <tip_x sid="tip_x" type="float">0</tip_x>
                                <tip_y sid="tip_y" type="float">0.02988582</tip_y>
                                <tip_z sid="tip_z" type="float">0.002614617</tip_z>
                              </technique>
                            </extra>
                          </node>
                          <node id="GanondorfRig_mElbowRight" name="mElbowRight" sid="mElbowRight" type="JOINT">
                            <matrix sid="transform">1 0 0 0 0 1 0 -0.248 0 0 1 0 0 0 0 1</matrix>
                            <node id="GanondorfRig_R_LOWER_ARM" name="R_LOWER_ARM" sid="R_LOWER_ARM" type="JOINT">
                              <matrix sid="transform">1 0 0 0 0 1 0 -0.1 0 0 1 0 0 0 0 1</matrix>
                              <extra>
                                <technique profile="blender">
                                  <layer sid="layer" type="string">0</layer>
                                  <tip_x sid="tip_x" type="float">0</tip_x>
                                  <tip_y sid="tip_y" type="float">0.02995884</tip_y>
                                  <tip_z sid="tip_z" type="float">0.001570105</tip_z>
                                </technique>
                              </extra>
                            </node>
                            <node id="GanondorfRig_mWristRight" name="mWristRight" sid="mWristRight" type="JOINT">
                              <matrix sid="transform">1 0 0 0 0 1 0 -0.205 0 0 1 0 0 0 0 1</matrix>
                              <node id="GanondorfRig_R_HAND" name="R_HAND" sid="R_HAND" type="JOINT">
                                <matrix sid="transform">0.9999999 7.567e-10 9.31323e-10 0.009999998 -1.41154e-8 0.9999999 -3.72529e-9 -0.05000001 -9.31323e-10 -3.72529e-9 1 0 0 0 0 1</matrix>
                                <extra>
                                  <technique profile="blender">
                                    <layer sid="layer" type="string">0</layer>
                                    <roll sid="roll" type="float">0.004581928</roll>
                                    <tip_x sid="tip_x" type="float">-0.005202293</tip_x>
                                    <tip_y sid="tip_y" type="float">0.02950376</tip_y>
                                    <tip_z sid="tip_z" type="float">0.001570105</tip_z>
                                  </technique>
                                </extra>
                              </node>
                              <node id="GanondorfRig_mHandMiddle1Right" name="mHandMiddle1Right" sid="mHandMiddle1Right" type="JOINT">
                                <matrix sid="transform">1 0 0 0.013 0 1 0 -0.101 0 0 1 0.01499999 0 0 0 1</matrix>
                                <node id="GanondorfRig_mHandMiddle2Right" name="mHandMiddle2Right" sid="mHandMiddle2Right" type="JOINT">
                                  <matrix sid="transform">1 0 0 -0.001 0 1 0 -0.04000002 0 0 1 -0.006000042 0 0 0 1</matrix>
                                  <node id="GanondorfRig_mHandMiddle3Right" name="mHandMiddle3Right" sid="mHandMiddle3Right" type="JOINT">
                                    <matrix sid="transform">1 0 0 -0.001 0 1 0 -0.04899997 0 0 1 -0.008000016 0 0 0 1</matrix>
                                    <extra>
                                      <technique profile="blender">
                                        <layer sid="layer" type="string">0</layer>
                                        <tip_x sid="tip_x" type="float">0</tip_x>
                                        <tip_y sid="tip_y" type="float">0.02999997</tip_y>
                                        <tip_z sid="tip_z" type="float">0</tip_z>
                                      </technique>
                                    </extra>
                                  </node>
                                  <extra>
                                    <technique profile="blender">
                                      <layer sid="layer" type="string">0</layer>
                                      <tip_x sid="tip_x" type="float">0</tip_x>
                                      <tip_y sid="tip_y" type="float">0.02999997</tip_y>
                                      <tip_z sid="tip_z" type="float">0</tip_z>
                                    </technique>
                                  </extra>
                                </node>
                                <extra>
                                  <technique profile="blender">
                                    <layer sid="layer" type="string">0</layer>
                                    <tip_x sid="tip_x" type="float">0</tip_x>
                                    <tip_y sid="tip_y" type="float">0.02999997</tip_y>
                                    <tip_z sid="tip_z" type="float">0</tip_z>
                                  </technique>
                                </extra>
                              </node>
                              <node id="GanondorfRig_mHandIndex1Right" name="mHandIndex1Right" sid="mHandIndex1Right" type="JOINT">
                                <matrix sid="transform">1 0 0 0.038 0 1 0 -0.097 0 0 1 0.01499999 0 0 0 1</matrix>
                                <node id="GanondorfRig_mHandIndex2Right" name="mHandIndex2Right" sid="mHandIndex2Right" type="JOINT">
                                  <matrix sid="transform">1 0 0 0.017 0 1 0 -0.03600001 0 0 1 -0.006000042 0 0 0 1</matrix>
                                  <node id="GanondorfRig_mHandIndex3Right" name="mHandIndex3Right" sid="mHandIndex3Right" type="JOINT">
                                    <matrix sid="transform">1 0 0 0.014 0 1 0 -0.03200001 0 0 1 -0.005999923 0 0 0 1</matrix>
                                    <extra>
                                      <technique profile="blender">
                                        <layer sid="layer" type="string">0</layer>
                                        <tip_x sid="tip_x" type="float">0</tip_x>
                                        <tip_y sid="tip_y" type="float">0.02999997</tip_y>
                                        <tip_z sid="tip_z" type="float">0</tip_z>
                                      </technique>
                                    </extra>
                                  </node>
                                  <extra>
                                    <technique profile="blender">
                                      <layer sid="layer" type="string">0</layer>
                                      <tip_x sid="tip_x" type="float">0</tip_x>
                                      <tip_y sid="tip_y" type="float">0.02999997</tip_y>
                                      <tip_z sid="tip_z" type="float">0</tip_z>
                                    </technique>
                                  </extra>
                                </node>
                                <extra>
                                  <technique profile="blender">
                                    <layer sid="layer" type="string">0</layer>
                                    <tip_x sid="tip_x" type="float">0</tip_x>
                                    <tip_y sid="tip_y" type="float">0.02999997</tip_y>
                                    <tip_z sid="tip_z" type="float">0</tip_z>
                                  </technique>
                                </extra>
                              </node>
                              <node id="GanondorfRig_mHandRing1Right" name="mHandRing1Right" sid="mHandRing1Right" type="JOINT">
                                <matrix sid="transform">1 0 0 -0.01 0 1 0 -0.09900004 0 0 1 0.008999944 0 0 0 1</matrix>
                                <node id="GanondorfRig_mHandRing2Right" name="mHandRing2Right" sid="mHandRing2Right" type="JOINT">
                                  <matrix sid="transform">1 0 0 -0.013 0 1 0 -0.03799999 0 0 1 -0.008000016 0 0 0 1</matrix>
                                  <node id="GanondorfRig_mHandRing3Right" name="mHandRing3Right" sid="mHandRing3Right" type="JOINT">
                                    <matrix sid="transform">1 0 0 -0.013 0 1 0 -0.04000002 0 0 1 -0.008999944 0 0 0 1</matrix>
                                    <extra>
                                      <technique profile="blender">
                                        <layer sid="layer" type="string">0</layer>
                                        <tip_x sid="tip_x" type="float">0</tip_x>
                                        <tip_y sid="tip_y" type="float">0.02999997</tip_y>
                                        <tip_z sid="tip_z" type="float">0</tip_z>
                                      </technique>
                                    </extra>
                                  </node>
                                  <extra>
                                    <technique profile="blender">
                                      <layer sid="layer" type="string">0</layer>
                                      <tip_x sid="tip_x" type="float">0</tip_x>
                                      <tip_y sid="tip_y" type="float">0.02999997</tip_y>
                                      <tip_z sid="tip_z" type="float">0</tip_z>
                                    </technique>
                                  </extra>
                                </node>
                                <extra>
                                  <technique profile="blender">
                                    <layer sid="layer" type="string">0</layer>
                                    <tip_x sid="tip_x" type="float">0</tip_x>
                                    <tip_y sid="tip_y" type="float">0.02999997</tip_y>
                                    <tip_z sid="tip_z" type="float">0</tip_z>
                                  </technique>
                                </extra>
                              </node>
                              <node id="GanondorfRig_mHandPinky1Right" name="mHandPinky1Right" sid="mHandPinky1Right" type="JOINT">
                                <matrix sid="transform">1 0 0 -0.031 0 1 0 -0.09500003 0 0 1 0.003000021 0 0 0 1</matrix>
                                <node id="GanondorfRig_mHandPinky2Right" name="mHandPinky2Right" sid="mHandPinky2Right" type="JOINT">
                                  <matrix sid="transform">1 0 0 -0.024 0 1 0 -0.02499998 0 0 1 -0.006000042 0 0 0 1</matrix>
                                  <node id="GanondorfRig_mHandPinky3Right" name="mHandPinky3Right" sid="mHandPinky3Right" type="JOINT">
                                    <matrix sid="transform">1 0 0 -0.015 0 1 0 -0.01800001 0 0 1 -0.003999949 0 0 0 1</matrix>
                                    <extra>
                                      <technique profile="blender">
                                        <layer sid="layer" type="string">0</layer>
                                        <tip_x sid="tip_x" type="float">0</tip_x>
                                        <tip_y sid="tip_y" type="float">0.02999997</tip_y>
                                        <tip_z sid="tip_z" type="float">0</tip_z>
                                      </technique>
                                    </extra>
                                  </node>
                                  <extra>
                                    <technique profile="blender">
                                      <layer sid="layer" type="string">0</layer>
                                      <tip_x sid="tip_x" type="float">0</tip_x>
                                      <tip_y sid="tip_y" type="float">0.02999997</tip_y>
                                      <tip_z sid="tip_z" type="float">0</tip_z>
                                    </technique>
                                  </extra>
                                </node>
                                <extra>
                                  <technique profile="blender">
                                    <layer sid="layer" type="string">0</layer>
                                    <tip_x sid="tip_x" type="float">0</tip_x>
                                    <tip_y sid="tip_y" type="float">0.02999997</tip_y>
                                    <tip_z sid="tip_z" type="float">0</tip_z>
                                  </technique>
                                </extra>
                              </node>
                              <node id="GanondorfRig_mHandThumb1Right" name="mHandThumb1Right" sid="mHandThumb1Right" type="JOINT">
                                <matrix sid="transform">1 0 0 0.031 0 1 0 -0.02600002 0 0 1 0.003999949 0 0 0 1</matrix>
                                <node id="GanondorfRig_mHandThumb2Right" name="mHandThumb2Right" sid="mHandThumb2Right" type="JOINT">
                                  <matrix sid="transform">1 0 0 0.028 0 1 0 -0.03200001 0 0 1 -9.99928e-4 0 0 0 1</matrix>
                                  <node id="GanondorfRig_mHandThumb3Right" name="mHandThumb3Right" sid="mHandThumb3Right" type="JOINT">
                                    <matrix sid="transform">1 0 0 0.023 0 1 0 -0.03099996 0 0 1 -0.001000047 0 0 0 1</matrix>
                                    <extra>
                                      <technique profile="blender">
                                        <layer sid="layer" type="string">0</layer>
                                        <tip_x sid="tip_x" type="float">0</tip_x>
                                        <tip_y sid="tip_y" type="float">0.02999997</tip_y>
                                        <tip_z sid="tip_z" type="float">0</tip_z>
                                      </technique>
                                    </extra>
                                  </node>
                                  <extra>
                                    <technique profile="blender">
                                      <layer sid="layer" type="string">0</layer>
                                      <tip_x sid="tip_x" type="float">0</tip_x>
                                      <tip_y sid="tip_y" type="float">0.02999997</tip_y>
                                      <tip_z sid="tip_z" type="float">0</tip_z>
                                    </technique>
                                  </extra>
                                </node>
                                <extra>
                                  <technique profile="blender">
                                    <layer sid="layer" type="string">0</layer>
                                    <tip_x sid="tip_x" type="float">0</tip_x>
                                    <tip_y sid="tip_y" type="float">0.02999997</tip_y>
                                    <tip_z sid="tip_z" type="float">0</tip_z>
                                  </technique>
                                </extra>
                              </node>
                              <extra>
                                <technique profile="blender">
                                  <layer sid="layer" type="string">0</layer>
                                  <tip_x sid="tip_x" type="float">0</tip_x>
                                  <tip_y sid="tip_y" type="float">0.02999997</tip_y>
                                  <tip_z sid="tip_z" type="float">0</tip_z>
                                </technique>
                              </extra>
                            </node>
                            <extra>
                              <technique profile="blender">
                                <layer sid="layer" type="string">0</layer>
                                <tip_x sid="tip_x" type="float">0</tip_x>
                                <tip_y sid="tip_y" type="float">0.02999997</tip_y>
                                <tip_z sid="tip_z" type="float">0</tip_z>
                              </technique>
                            </extra>
                          </node>
                          <extra>
                            <technique profile="blender">
                              <layer sid="layer" type="string">0</layer>
                              <tip_x sid="tip_x" type="float">0</tip_x>
                              <tip_y sid="tip_y" type="float">0.02999997</tip_y>
                              <tip_z sid="tip_z" type="float">0</tip_z>
                            </technique>
                          </extra>
                        </node>
                        <extra>
                          <technique profile="blender">
                            <layer sid="layer" type="string">0</layer>
                            <tip_x sid="tip_x" type="float">0</tip_x>
                            <tip_y sid="tip_y" type="float">0.02999997</tip_y>
                            <tip_z sid="tip_z" type="float">0</tip_z>
                          </technique>
                        </extra>
                      </node>
                      <node id="GanondorfRig_mWingsRoot" name="mWingsRoot" sid="mWingsRoot" type="JOINT">
                        <matrix sid="transform">1 0 0 -0.014 0 1 0 0 0 0 1 0 0 0 0 1</matrix>
                        <node id="GanondorfRig_mWing1Left" name="mWing1Left" sid="mWing1Left" type="JOINT">
                          <matrix sid="transform">1 0 0 -0.09900001 0 1 0 0.105 0 0 1 0.181 0 0 0 1</matrix>
                          <node id="GanondorfRig_mWing2Left" name="mWing2Left" sid="mWing2Left" type="JOINT">
                            <matrix sid="transform">1 0 0 -0.168 0 1 0 0.169 0 0 1 0.06700003 0 0 0 1</matrix>
                            <node id="GanondorfRig_mWing3Left" name="mWing3Left" sid="mWing3Left" type="JOINT">
                              <matrix sid="transform">1 0 0 -0.181 0 1 0 0.183 0 0 1 0 0 0 0 1</matrix>
                              <node id="GanondorfRig_mWing4Left" name="mWing4Left" sid="mWing4Left" type="JOINT">
                                <matrix sid="transform">1 0 0 -0.171 0 1 0 0.173 0 0 1 0 0 0 0 1</matrix>
                                <extra>
                                  <technique profile="blender">
                                    <layer sid="layer" type="string">0</layer>
                                    <tip_x sid="tip_x" type="float">0</tip_x>
                                    <tip_y sid="tip_y" type="float">0.02999997</tip_y>
                                    <tip_z sid="tip_z" type="float">0</tip_z>
                                  </technique>
                                </extra>
                              </node>
                              <node id="GanondorfRig_mWing4FanLeft" name="mWing4FanLeft" sid="mWing4FanLeft" type="JOINT">
                                <matrix sid="transform">1 0 0 -0.171 0 1 0 0.173 0 0 1 0 0 0 0 1</matrix>
                                <extra>
                                  <technique profile="blender">
                                    <layer sid="layer" type="string">0</layer>
                                    <tip_x sid="tip_x" type="float">0</tip_x>
                                    <tip_y sid="tip_y" type="float">0.02999997</tip_y>
                                    <tip_z sid="tip_z" type="float">0</tip_z>
                                  </technique>
                                </extra>
                              </node>
                              <extra>
                                <technique profile="blender">
                                  <layer sid="layer" type="string">0</layer>
                                  <tip_x sid="tip_x" type="float">0</tip_x>
                                  <tip_y sid="tip_y" type="float">0.02999997</tip_y>
                                  <tip_z sid="tip_z" type="float">0</tip_z>
                                </technique>
                              </extra>
                            </node>
                            <extra>
                              <technique profile="blender">
                                <layer sid="layer" type="string">0</layer>
                                <tip_x sid="tip_x" type="float">0</tip_x>
                                <tip_y sid="tip_y" type="float">0.02999997</tip_y>
                                <tip_z sid="tip_z" type="float">0</tip_z>
                              </technique>
                            </extra>
                          </node>
                          <extra>
                            <technique profile="blender">
                              <layer sid="layer" type="string">0</layer>
                              <tip_x sid="tip_x" type="float">0</tip_x>
                              <tip_y sid="tip_y" type="float">0.02999997</tip_y>
                              <tip_z sid="tip_z" type="float">0</tip_z>
                            </technique>
                          </extra>
                        </node>
                        <node id="GanondorfRig_mWing1Right" name="mWing1Right" sid="mWing1Right" type="JOINT">
                          <matrix sid="transform">1 0 0 -0.09900001 0 1 0 -0.105 0 0 1 0.181 0 0 0 1</matrix>
                          <node id="GanondorfRig_mWing2Right" name="mWing2Right" sid="mWing2Right" type="JOINT">
                            <matrix sid="transform">1 0 0 -0.168 0 1 0 -0.169 0 0 1 0.06700003 0 0 0 1</matrix>
                            <node id="GanondorfRig_mWing3Right" name="mWing3Right" sid="mWing3Right" type="JOINT">
                              <matrix sid="transform">1 0 0 -0.181 0 1 0 -0.183 0 0 1 0 0 0 0 1</matrix>
                              <node id="GanondorfRig_mWing4Right" name="mWing4Right" sid="mWing4Right" type="JOINT">
                                <matrix sid="transform">1 0 0 -0.171 0 1 0 -0.173 0 0 1 0 0 0 0 1</matrix>
                                <extra>
                                  <technique profile="blender">
                                    <layer sid="layer" type="string">0</layer>
                                    <tip_x sid="tip_x" type="float">0</tip_x>
                                    <tip_y sid="tip_y" type="float">0.02999997</tip_y>
                                    <tip_z sid="tip_z" type="float">0</tip_z>
                                  </technique>
                                </extra>
                              </node>
                              <node id="GanondorfRig_mWing4FanRight" name="mWing4FanRight" sid="mWing4FanRight" type="JOINT">
                                <matrix sid="transform">1 0 0 -0.171 0 1 0 -0.173 0 0 1 0 0 0 0 1</matrix>
                                <extra>
                                  <technique profile="blender">
                                    <layer sid="layer" type="string">0</layer>
                                    <tip_x sid="tip_x" type="float">0</tip_x>
                                    <tip_y sid="tip_y" type="float">0.02999997</tip_y>
                                    <tip_z sid="tip_z" type="float">0</tip_z>
                                  </technique>
                                </extra>
                              </node>
                              <extra>
                                <technique profile="blender">
                                  <layer sid="layer" type="string">0</layer>
                                  <tip_x sid="tip_x" type="float">0</tip_x>
                                  <tip_y sid="tip_y" type="float">0.02999997</tip_y>
                                  <tip_z sid="tip_z" type="float">0</tip_z>
                                </technique>
                              </extra>
                            </node>
                            <extra>
                              <technique profile="blender">
                                <layer sid="layer" type="string">0</layer>
                                <tip_x sid="tip_x" type="float">0</tip_x>
                                <tip_y sid="tip_y" type="float">0.02999997</tip_y>
                                <tip_z sid="tip_z" type="float">0</tip_z>
                              </technique>
                            </extra>
                          </node>
                          <extra>
                            <technique profile="blender">
                              <layer sid="layer" type="string">0</layer>
                              <tip_x sid="tip_x" type="float">0</tip_x>
                              <tip_y sid="tip_y" type="float">0.02999997</tip_y>
                              <tip_z sid="tip_z" type="float">0</tip_z>
                            </technique>
                          </extra>
                        </node>
                        <extra>
                          <technique profile="blender">
                            <layer sid="layer" type="string">0</layer>
                            <tip_x sid="tip_x" type="float">0</tip_x>
                            <tip_y sid="tip_y" type="float">0.02999997</tip_y>
                            <tip_z sid="tip_z" type="float">0</tip_z>
                          </technique>
                        </extra>
                      </node>
                      <extra>
                        <technique profile="blender">
                          <layer sid="layer" type="string">0</layer>
                          <tip_x sid="tip_x" type="float">0</tip_x>
                          <tip_y sid="tip_y" type="float">0.02999997</tip_y>
                          <tip_z sid="tip_z" type="float">0</tip_z>
                        </technique>
                      </extra>
                    </node>
                    <extra>
                      <technique profile="blender">
                        <layer sid="layer" type="string">0</layer>
                        <tip_x sid="tip_x" type="float">0</tip_x>
                        <tip_y sid="tip_y" type="float">0.02999997</tip_y>
                        <tip_z sid="tip_z" type="float">0</tip_z>
                      </technique>
                    </extra>
                  </node>
                  <extra>
                    <technique profile="blender">
                      <layer sid="layer" type="string">0</layer>
                      <tip_x sid="tip_x" type="float">0</tip_x>
                      <tip_y sid="tip_y" type="float">0.02999997</tip_y>
                      <tip_z sid="tip_z" type="float">0</tip_z>
                    </technique>
                  </extra>
                </node>
                <extra>
                  <technique profile="blender">
                    <layer sid="layer" type="string">0</layer>
                    <tip_x sid="tip_x" type="float">0</tip_x>
                    <tip_y sid="tip_y" type="float">0.02999997</tip_y>
                    <tip_z sid="tip_z" type="float">0</tip_z>
                  </technique>
                </extra>
              </node>
              <extra>
                <technique profile="blender">
                  <layer sid="layer" type="string">0</layer>
                  <tip_x sid="tip_x" type="float">0</tip_x>
                  <tip_y sid="tip_y" type="float">0.02999997</tip_y>
                  <tip_z sid="tip_z" type="float">0</tip_z>
                </technique>
              </extra>
            </node>
            <extra>
              <technique profile="blender">
                <layer sid="layer" type="string">0</layer>
                <tip_x sid="tip_x" type="float">0</tip_x>
                <tip_y sid="tip_y" type="float">0.02999997</tip_y>
                <tip_z sid="tip_z" type="float">0</tip_z>
              </technique>
            </extra>
          </node>
          <node id="GanondorfRig_mHipRight" name="mHipRight" sid="mHipRight" type="JOINT">
            <matrix sid="transform">1 0 0 0.034 0 1 0 -0.129 0 0 1 -0.04100001 0 0 0 1</matrix>
            <node id="GanondorfRig_R_UPPER_LEG" name="R_UPPER_LEG" sid="R_UPPER_LEG" type="JOINT">
              <matrix sid="transform">1 0 0 -0.02 0 1 0 0.04999999 0 0 1 -0.22 0 0 0 1</matrix>
              <extra>
                <technique profile="blender">
                  <layer sid="layer" type="string">0</layer>
                  <tip_x sid="tip_x" type="float">0</tip_x>
                  <tip_y sid="tip_y" type="float">0.02999997</tip_y>
                  <tip_z sid="tip_z" type="float">0</tip_z>
                </technique>
              </extra>
            </node>
            <node id="GanondorfRig_mKneeRight" name="mKneeRight" sid="mKneeRight" type="JOINT">
              <matrix sid="transform">1 0 0 -0.001000002 0 1 0 0.04899999 0 0 1 -0.491 0 0 0 1</matrix>
              <node id="GanondorfRig_R_LOWER_LEG" name="R_LOWER_LEG" sid="R_LOWER_LEG" type="JOINT">
                <matrix sid="transform">1 0 0 -0.02 0 1 0 0 0 0 1 -0.2 0 0 0 1</matrix>
                <extra>
                  <technique profile="blender">
                    <layer sid="layer" type="string">0</layer>
                    <tip_x sid="tip_x" type="float">0</tip_x>
                    <tip_y sid="tip_y" type="float">0.02999997</tip_y>
                    <tip_z sid="tip_z" type="float">0</tip_z>
                  </technique>
                </extra>
              </node>
              <node id="GanondorfRig_mAnkleRight" name="mAnkleRight" sid="mAnkleRight" type="JOINT">
                <matrix sid="transform">1 0 0 -0.029 0 1 0 0 0 0 1 -0.468 0 0 0 1</matrix>
                <node id="GanondorfRig_R_FOOT" name="R_FOOT" sid="R_FOOT" type="JOINT">
                  <matrix sid="transform">1 0 1.49012e-8 0.077 0 1 0 0 -1.49012e-8 0 1 -0.041 0 0 0 1</matrix>
                  <extra>
                    <technique profile="blender">
                      <layer sid="layer" type="string">0</layer>
                      <roll sid="roll" type="float">0.1745329</roll>
                      <tip_x sid="tip_x" type="float">0</tip_x>
                      <tip_y sid="tip_y" type="float">0.02999997</tip_y>
                      <tip_z sid="tip_z" type="float">0</tip_z>
                    </technique>
                  </extra>
                </node>
                <node id="GanondorfRig_mFootRight" name="mFootRight" sid="mFootRight" type="JOINT">
                  <matrix sid="transform">1 0 0 0.112 0 1 0 0 0 0 1 -0.061 0 0 0 1</matrix>
                  <node id="GanondorfRig_mToeRight" name="mToeRight" sid="mToeRight" type="JOINT">
                    <matrix sid="transform">1 0 0 0.109 0 1 0 0 0 0 1 0 0 0 0 1</matrix>
                    <extra>
                      <technique profile="blender">
                        <layer sid="layer" type="string">0</layer>
                        <tip_x sid="tip_x" type="float">0</tip_x>
                        <tip_y sid="tip_y" type="float">0.02999997</tip_y>
                        <tip_z sid="tip_z" type="float">0</tip_z>
                      </technique>
                    </extra>
                  </node>
                  <extra>
                    <technique profile="blender">
                      <layer sid="layer" type="string">0</layer>
                      <tip_x sid="tip_x" type="float">0</tip_x>
                      <tip_y sid="tip_y" type="float">0.02999997</tip_y>
                      <tip_z sid="tip_z" type="float">0</tip_z>
                    </technique>
                  </extra>
                </node>
                <extra>
                  <technique profile="blender">
                    <layer sid="layer" type="string">0</layer>
                    <tip_x sid="tip_x" type="float">0</tip_x>
                    <tip_y sid="tip_y" type="float">0.02999997</tip_y>
                    <tip_z sid="tip_z" type="float">0</tip_z>
                  </technique>
                </extra>
              </node>
              <extra>
                <technique profile="blender">
                  <layer sid="layer" type="string">0</layer>
                  <tip_x sid="tip_x" type="float">0</tip_x>
                  <tip_y sid="tip_y" type="float">0.02999997</tip_y>
                  <tip_z sid="tip_z" type="float">0</tip_z>
                </technique>
              </extra>
            </node>
            <extra>
              <technique profile="blender">
                <layer sid="layer" type="string">0</layer>
                <tip_x sid="tip_x" type="float">0</tip_x>
                <tip_y sid="tip_y" type="float">0.02999997</tip_y>
                <tip_z sid="tip_z" type="float">0</tip_z>
              </technique>
            </extra>
          </node>
          <node id="GanondorfRig_mHipLeft" name="mHipLeft" sid="mHipLeft" type="JOINT">
            <matrix sid="transform">1 0 0 0.034 0 1 0 0.127 0 0 1 -0.04100001 0 0 0 1</matrix>
            <node id="GanondorfRig_L_UPPER_LEG" name="L_UPPER_LEG" sid="L_UPPER_LEG" type="JOINT">
              <matrix sid="transform">1 0 0 -0.02 0 1 0 -0.05 0 0 1 -0.22 0 0 0 1</matrix>
              <extra>
                <technique profile="blender">
                  <layer sid="layer" type="string">0</layer>
                  <tip_x sid="tip_x" type="float">0</tip_x>
                  <tip_y sid="tip_y" type="float">0.02999997</tip_y>
                  <tip_z sid="tip_z" type="float">0</tip_z>
                </technique>
              </extra>
            </node>
            <node id="GanondorfRig_mKneeLeft" name="mKneeLeft" sid="mKneeLeft" type="JOINT">
              <matrix sid="transform">1 0 0 -0.001000002 0 1 0 -0.046 0 0 1 -0.491 0 0 0 1</matrix>
              <node id="GanondorfRig_L_LOWER_LEG" name="L_LOWER_LEG" sid="L_LOWER_LEG" type="JOINT">
                <matrix sid="transform">1 0 0 -0.02 0 1 0 0 0 0 1 -0.2 0 0 0 1</matrix>
                <extra>
                  <technique profile="blender">
                    <layer sid="layer" type="string">0</layer>
                    <tip_x sid="tip_x" type="float">0</tip_x>
                    <tip_y sid="tip_y" type="float">0.02999997</tip_y>
                    <tip_z sid="tip_z" type="float">0</tip_z>
                  </technique>
                </extra>
              </node>
              <node id="GanondorfRig_mAnkleLeft" name="mAnkleLeft" sid="mAnkleLeft" type="JOINT">
                <matrix sid="transform">1 0 0 -0.029 0 1 0 0.001000002 0 0 1 -0.468 0 0 0 1</matrix>
                <node id="GanondorfRig_L_FOOT" name="L_FOOT" sid="L_FOOT" type="JOINT">
                  <matrix sid="transform">1 0 1.49012e-8 0.077 0 1 0 0 -1.49012e-8 0 1 -0.041 0 0 0 1</matrix>
                  <extra>
                    <technique profile="blender">
                      <layer sid="layer" type="string">0</layer>
                      <roll sid="roll" type="float">0.1745329</roll>
                      <tip_x sid="tip_x" type="float">0</tip_x>
                      <tip_y sid="tip_y" type="float">0.02999997</tip_y>
                      <tip_z sid="tip_z" type="float">0</tip_z>
                    </technique>
                  </extra>
                </node>
                <node id="GanondorfRig_mFootLeft" name="mFootLeft" sid="mFootLeft" type="JOINT">
                  <matrix sid="transform">1 0 0 0.112 0 1 0 0 0 0 1 -0.061 0 0 0 1</matrix>
                  <node id="GanondorfRig_mToeLeft" name="mToeLeft" sid="mToeLeft" type="JOINT">
                    <matrix sid="transform">1 0 0 0.109 0 1 0 0 0 0 1 0 0 0 0 1</matrix>
                    <extra>
                      <technique profile="blender">
                        <layer sid="layer" type="string">0</layer>
                        <tip_x sid="tip_x" type="float">0</tip_x>
                        <tip_y sid="tip_y" type="float">0.02999997</tip_y>
                        <tip_z sid="tip_z" type="float">0</tip_z>
                      </technique>
                    </extra>
                  </node>
                  <extra>
                    <technique profile="blender">
                      <layer sid="layer" type="string">0</layer>
                      <tip_x sid="tip_x" type="float">0</tip_x>
                      <tip_y sid="tip_y" type="float">0.02999997</tip_y>
                      <tip_z sid="tip_z" type="float">0</tip_z>
                    </technique>
                  </extra>
                </node>
                <extra>
                  <technique profile="blender">
                    <layer sid="layer" type="string">0</layer>
                    <tip_x sid="tip_x" type="float">0</tip_x>
                    <tip_y sid="tip_y" type="float">0.02999997</tip_y>
                    <tip_z sid="tip_z" type="float">0</tip_z>
                  </technique>
                </extra>
              </node>
              <extra>
                <technique profile="blender">
                  <layer sid="layer" type="string">0</layer>
                  <tip_x sid="tip_x" type="float">0</tip_x>
                  <tip_y sid="tip_y" type="float">0.02999997</tip_y>
                  <tip_z sid="tip_z" type="float">0</tip_z>
                </technique>
              </extra>
            </node>
            <extra>
              <technique profile="blender">
                <layer sid="layer" type="string">0</layer>
                <tip_x sid="tip_x" type="float">0</tip_x>
                <tip_y sid="tip_y" type="float">0.02999997</tip_y>
                <tip_z sid="tip_z" type="float">0</tip_z>
              </technique>
            </extra>
          </node>
          <node id="GanondorfRig_mTail1" name="mTail1" sid="mTail1" type="JOINT">
            <matrix sid="transform">1 0 0 -0.116 0 1 0 0 0 0 1 0.04699993 0 0 0 1</matrix>
            <node id="GanondorfRig_mTail2" name="mTail2" sid="mTail2" type="JOINT">
              <matrix sid="transform">1 0 0 -0.197 0 1 0 0 0 0 1 0 0 0 0 1</matrix>
              <node id="GanondorfRig_mTail3" name="mTail3" sid="mTail3" type="JOINT">
                <matrix sid="transform">1 0 0 -0.168 0 1 0 0 0 0 1 0 0 0 0 1</matrix>
                <node id="GanondorfRig_mTail4" name="mTail4" sid="mTail4" type="JOINT">
                  <matrix sid="transform">1 0 0 -0.142 0 1 0 0 0 0 1 0 0 0 0 1</matrix>
                  <node id="GanondorfRig_mTail5" name="mTail5" sid="mTail5" type="JOINT">
                    <matrix sid="transform">1 0 0 -0.112 0 1 0 0 0 0 1 0 0 0 0 1</matrix>
                    <node id="GanondorfRig_mTail6" name="mTail6" sid="mTail6" type="JOINT">
                      <matrix sid="transform">1 0 0 -0.09399998 0 1 0 0 0 0 1 0 0 0 0 1</matrix>
                      <extra>
                        <technique profile="blender">
                          <layer sid="layer" type="string">0</layer>
                          <tip_x sid="tip_x" type="float">0</tip_x>
                          <tip_y sid="tip_y" type="float">0.02999997</tip_y>
                          <tip_z sid="tip_z" type="float">0</tip_z>
                        </technique>
                      </extra>
                    </node>
                    <extra>
                      <technique profile="blender">
                        <layer sid="layer" type="string">0</layer>
                        <tip_x sid="tip_x" type="float">0</tip_x>
                        <tip_y sid="tip_y" type="float">0.02999997</tip_y>
                        <tip_z sid="tip_z" type="float">0</tip_z>
                      </technique>
                    </extra>
                  </node>
                  <extra>
                    <technique profile="blender">
                      <layer sid="layer" type="string">0</layer>
                      <tip_x sid="tip_x" type="float">0</tip_x>
                      <tip_y sid="tip_y" type="float">0.02999997</tip_y>
                      <tip_z sid="tip_z" type="float">0</tip_z>
                    </technique>
                  </extra>
                </node>
                <extra>
                  <technique profile="blender">
                    <layer sid="layer" type="string">0</layer>
                    <tip_x sid="tip_x" type="float">0</tip_x>
                    <tip_y sid="tip_y" type="float">0.02999997</tip_y>
                    <tip_z sid="tip_z" type="float">0</tip_z>
                  </technique>
                </extra>
              </node>
              <extra>
                <technique profile="blender">
                  <layer sid="layer" type="string">0</layer>
                  <tip_x sid="tip_x" type="float">0</tip_x>
                  <tip_y sid="tip_y" type="float">0.02999997</tip_y>
                  <tip_z sid="tip_z" type="float">0</tip_z>
                </technique>
              </extra>
            </node>
            <extra>
              <technique profile="blender">
                <layer sid="layer" type="string">0</layer>
                <tip_x sid="tip_x" type="float">0</tip_x>
                <tip_y sid="tip_y" type="float">0.02999997</tip_y>
                <tip_z sid="tip_z" type="float">0</tip_z>
              </technique>
            </extra>
          </node>
          <node id="GanondorfRig_mGroin" name="mGroin" sid="mGroin" type="JOINT">
            <matrix sid="transform">1 0 0 0.064 0 1 0 0 0 0 1 -0.097 0 0 0 1</matrix>
            <extra>
              <technique profile="blender">
                <layer sid="layer" type="string">0</layer>
                <tip_x sid="tip_x" type="float">0</tip_x>
                <tip_y sid="tip_y" type="float">0.02999997</tip_y>
                <tip_z sid="tip_z" type="float">0</tip_z>
              </technique>
            </extra>
          </node>
          <node id="GanondorfRig_mHindLimbsRoot" name="mHindLimbsRoot" sid="mHindLimbsRoot" type="JOINT">
            <matrix sid="transform">1 0 0 -0.2 0 1 0 0 0 0 1 0.08399999 0 0 0 1</matrix>
            <node id="GanondorfRig_mHindLimb1Left" name="mHindLimb1Left" sid="mHindLimb1Left" type="JOINT">
              <matrix sid="transform">1 0 0 -0.204 0 1 0 0.129 0 0 1 -0.125 0 0 0 1</matrix>
              <node id="GanondorfRig_mHindLimb2Left" name="mHindLimb2Left" sid="mHindLimb2Left" type="JOINT">
                <matrix sid="transform">1 0 0 0.002000004 0 1 0 -0.046 0 0 1 -0.491 0 0 0 1</matrix>
                <node id="GanondorfRig_mHindLimb3Left" name="mHindLimb3Left" sid="mHindLimb3Left" type="JOINT">
                  <matrix sid="transform">1 0 0 -0.03 0 1 0 -0.002999999 0 0 1 -0.468 0 0 0 1</matrix>
                  <node id="GanondorfRig_mHindLimb4Left" name="mHindLimb4Left" sid="mHindLimb4Left" type="JOINT">
                    <matrix sid="transform">1 0 0 0.112 0 1 0 0 0 0 1 -0.061 0 0 0 1</matrix>
                    <extra>
                      <technique profile="blender">
                        <layer sid="layer" type="string">0</layer>
                        <tip_x sid="tip_x" type="float">0</tip_x>
                        <tip_y sid="tip_y" type="float">0.02999997</tip_y>
                        <tip_z sid="tip_z" type="float">0</tip_z>
                      </technique>
                    </extra>
                  </node>
                  <extra>
                    <technique profile="blender">
                      <layer sid="layer" type="string">0</layer>
                      <tip_x sid="tip_x" type="float">0</tip_x>
                      <tip_y sid="tip_y" type="float">0.02999997</tip_y>
                      <tip_z sid="tip_z" type="float">0</tip_z>
                    </technique>
                  </extra>
                </node>
                <extra>
                  <technique profile="blender">
                    <layer sid="layer" type="string">0</layer>
                    <tip_x sid="tip_x" type="float">0</tip_x>
                    <tip_y sid="tip_y" type="float">0.02999997</tip_y>
                    <tip_z sid="tip_z" type="float">0</tip_z>
                  </technique>
                </extra>
              </node>
              <extra>
                <technique profile="blender">
                  <layer sid="layer" type="string">0</layer>
                  <tip_x sid="tip_x" type="float">0</tip_x>
                  <tip_y sid="tip_y" type="float">0.02999997</tip_y>
                  <tip_z sid="tip_z" type="float">0</tip_z>
                </technique>
              </extra>
            </node>
            <node id="GanondorfRig_mHindLimb1Right" name="mHindLimb1Right" sid="mHindLimb1Right" type="JOINT">
              <matrix sid="transform">1 0 0 -0.204 0 1 0 -0.129 0 0 1 -0.125 0 0 0 1</matrix>
              <node id="GanondorfRig_mHindLimb2Right" name="mHindLimb2Right" sid="mHindLimb2Right" type="JOINT">
                <matrix sid="transform">1 0 0 0.002000004 0 1 0 0.046 0 0 1 -0.491 0 0 0 1</matrix>
                <node id="GanondorfRig_mHindLimb3Right" name="mHindLimb3Right" sid="mHindLimb3Right" type="JOINT">
                  <matrix sid="transform">1 0 0 -0.03 0 1 0 0.002999999 0 0 1 -0.468 0 0 0 1</matrix>
                  <node id="GanondorfRig_mHindLimb4Right" name="mHindLimb4Right" sid="mHindLimb4Right" type="JOINT">
                    <matrix sid="transform">1 0 0 0.112 0 1 0 0 0 0 1 -0.061 0 0 0 1</matrix>
                    <extra>
                      <technique profile="blender">
                        <layer sid="layer" type="string">0</layer>
                        <tip_x sid="tip_x" type="float">0</tip_x>
                        <tip_y sid="tip_y" type="float">0.02999997</tip_y>
                        <tip_z sid="tip_z" type="float">0</tip_z>
                      </technique>
                    </extra>
                  </node>
                  <extra>
                    <technique profile="blender">
                      <layer sid="layer" type="string">0</layer>
                      <tip_x sid="tip_x" type="float">0</tip_x>
                      <tip_y sid="tip_y" type="float">0.02999997</tip_y>
                      <tip_z sid="tip_z" type="float">0</tip_z>
                    </technique>
                  </extra>
                </node>
                <extra>
                  <technique profile="blender">
                    <layer sid="layer" type="string">0</layer>
                    <tip_x sid="tip_x" type="float">0</tip_x>
                    <tip_y sid="tip_y" type="float">0.02999997</tip_y>
                    <tip_z sid="tip_z" type="float">0</tip_z>
                  </technique>
                </extra>
              </node>
              <extra>
                <technique profile="blender">
                  <layer sid="layer" type="string">0</layer>
                  <tip_x sid="tip_x" type="float">0</tip_x>
                  <tip_y sid="tip_y" type="float">0.02999997</tip_y>
                  <tip_z sid="tip_z" type="float">0</tip_z>
                </technique>
              </extra>
            </node>
            <extra>
              <technique profile="blender">
                <layer sid="layer" type="string">0</layer>
                <tip_x sid="tip_x" type="float">0</tip_x>
                <tip_y sid="tip_y" type="float">0.02999997</tip_y>
                <tip_z sid="tip_z" type="float">0</tip_z>
              </technique>
            </extra>
          </node>
          <extra>
            <technique profile="blender">
              <layer sid="layer" type="string">0</layer>
              <tip_x sid="tip_x" type="float">0</tip_x>
              <tip_y sid="tip_y" type="float">0.02999997</tip_y>
              <tip_z sid="tip_z" type="float">0</tip_z>
            </technique>
          </extra>
        </node>
        <node id="GanondorfRobe_LOD0" name="GanondorfRobe_LOD0" type="NODE">
          <matrix sid="transform">1 0 0 0 0 1 0 0 0 0 1 0 0 0 0 1</matrix>
          <instance_controller url="#GanondorfRig_GanondorfRobe_LOD0-skin">
            <skeleton>#GanondorfRig_mPelvis</skeleton>
            <bind_material>
              <technique_common>
                <instance_material symbol="RobeUpper-material" target="#RobeUpper-material">
                  <bind_vertex_input semantic="UVMap" input_semantic="TEXCOORD" input_set="0"/>
                </instance_material>
                <instance_material symbol="RobeLower-material" target="#RobeLower-material">
                  <bind_vertex_input semantic="UVMap" input_semantic="TEXCOORD" input_set="0"/>
                </instance_material>
              </technique_common>
            </bind_material>
          </instance_controller>
        </node>
      </node>
    </visual_scene>
  </library_visual_scenes>
  <scene>
    <instance_visual_scene url="#Scene"/>
  </scene>
</COLLADA>